/*--------------------------------*- C++ -*----------------------------------*\
| =========                 |                                                 |
| \\      /  F ield         | OpenFOAM: The Open Source CFD Toolbox           |
|  \\    /   O peration     | Version:  2412                                  |
|   \\  /    A nd           | Website:  www.openfoam.com                      |
|    \\/     M anipulation  |                                                 |
\*---------------------------------------------------------------------------*/
FoamFile
{
    version     2.0;
    format      ascii;
    arch        "LSB;label=32;scalar=64";
    class       faceList;
    location    "constant/claddingZone/polyMesh";
    object      faces;
}
// * * * * * * * * * * * * * * * * * * * * * * * * * * * * * * * * * * * * * //


12932
(
4(2075 3153 6272 6256)
4(2075 6256 6254 1495)
4(1495 3152 3153 2075)
4(2593 6270 6256 2075)
4(2075 3153 3696 2593)
4(2074 6255 6256 2075)
4(2592 6269 6255 2074)
4(2074 2075 2593 2592)
4(1494 1495 2075 2074)
4(2585 6266 6252 1491)
4(1491 2074 2592 2585)
4(2584 6265 6266 2585)
4(2586 6267 6265 2584)
4(2584 2585 2587 2586)
4(2584 6265 6251 1490)
4(1490 1491 2585 2584)
4(2101 2584 6265 6262)
4(2101 6262 6250 1479)
4(1479 1490 2584 2101)
4(2103 6264 6262 2101)
4(2101 2584 2586 2103)
4(2100 6261 6262 2101)
4(2102 6263 6261 2100)
4(2100 2101 2103 2102)
4(2100 6261 6249 1478)
4(1478 1479 2101 2100)
4(2093 2100 6261 6258)
4(2093 6258 6248 1475)
4(1475 1478 2100 2093)
4(2095 6260 6258 2093)
4(2093 2100 2102 2095)
4(2092 6257 6258 2093)
4(2094 6259 6257 2092)
4(2092 2093 2095 2094)
4(1474 1475 2093 2092)
4(1106 6246 6244 1104)
4(1104 2092 2094 1106)
4(1105 6245 6243 1103)
4(1103 1104 1106 1105)
4(1096 1103 6243 6240)
4(1096 6240 6230 522)
4(522 525 1103 1096)
4(1098 6242 6240 1096)
4(1096 1103 1105 1098)
4(1095 6239 6240 1096)
4(1097 6241 6239 1095)
4(1095 1096 1098 1097)
4(1095 6239 6229 521)
4(521 522 1096 1095)
4(1074 1095 6239 6236)
4(1074 6236 6228 508)
4(508 521 1095 1074)
4(1076 6238 6236 1074)
4(1074 1095 1097 1076)
4(1073 6235 6236 1074)
4(1075 6237 6235 1073)
4(1073 1074 1076 1075)
4(1073 6235 6227 507)
4(507 508 1074 1073)
4(1068 1073 6235 6233)
4(1068 6233 6226 503)
4(503 507 1073 1068)
4(1068 1073 1075 1069)
4(1067 6232 6225 502)
4(502 503 1068 1067)
4(5200 502 6225 6302)
4(5200 6302 6300 5198)
4(5198 501 502 5200)
4(1 6217 6302 5200)
4(5200 502 1067 1)
4(5199 6301 6302 5200)
4(5199 5200 1 0)
4(5199 6301 6299 5197)
4(5197 5198 5200 5199)
4(5190 5197 6299 6296)
4(5190 6296 6293 5183)
4(5183 5187 5197 5190)
4(5192 6298 6296 5190)
4(5190 5197 5199 5192)
4(5189 6295 6296 5190)
4(5189 5190 5192 5191)
4(5189 6295 6292 5182)
4(5182 5183 5190 5189)
4(5158 5182 6292 6289)
4(5158 6289 6287 5156)
4(5156 5181 5182 5158)
4(5158 5182 5189 5163)
4(5157 6288 6286 5155)
4(5155 5156 5158 5157)
4(5150 5155 6286 6284)
4(5150 6284 6222 482)
4(482 487 5155 5150)
4(5150 5155 5157 5151)
4(481 6221 6222 482)
4(481 482 5150 5149)
4(481 6221 6219 479)
4(479 480 482 481)
4(4255 479 6219 6281)
4(4255 6281 6279 4249)
4(4249 477 479 4255)
4(4255 479 481 4256)
4(4248 6278 6279 4249)
4(4248 4249 4255 4254)
4(4248 6278 6276 4246)
4(4246 4247 4249 4248)
4(4242 4246 4248 4243)
4(2065 2067 3307 3306)
4(2065 2581 2583 2067)
4(2061 2063 3305 3304)
4(2061 2065 2067 2063)
4(904 906 1628 1627)
4(904 2061 2063 906)
4(900 1625 1626 902)
4(888 890 1624 1623)
4(888 900 902 890)
4(900 904 906 902)
4(884 886 1622 1621)
4(884 888 890 886)
4(2561 2563 3757 3756)
4(2561 884 886 2563)
4(2557 3754 3755 2559)
4(2545 2547 3303 3302)
4(2545 2557 2559 2547)
4(2557 2561 2563 2559)
4(1419 2213 2214 1421)
4(868 1409 2212 2211)
4(868 1419 1421 1409)
4(1423 2215 2216 1425)
4(1419 1423 1425 1421)
4(2541 3300 3301 2543)
4(1423 2541 2543 1425)
4(2541 2545 2547 2543)
4(864 2209 2210 866)
4(4570 4572 5148 5147)
4(4570 864 866 4572)
4(864 868 1409 866)
4(2057 2577 2580 2064)
4(1455 2057 2064 1457)
4(1455 2029 2577 2057)
4(2064 2066 2582 2580)
4(2057 2059 2066 2064)
4(2057 2577 2579 2059)
4(2064 2066 2067 2065)
4(2060 2062 2063 2061)
4(2060 2064 2066 2062)
4(903 2060 2062 905)
4(903 905 906 904)
4(2053 2060 2062 2055)
4(896 903 2060 2053)
4(896 898 905 903)
4(896 2053 2055 898)
4(2053 2060 2064 2057)
4(2053 2057 2059 2055)
4(1453 2053 2060 1456)
4(1453 1455 2057 2053)
4(397 896 903 399)
4(397 1453 2053 896)
4(899 901 902 900)
4(899 903 905 901)
4(887 899 901 889)
4(887 889 890 888)
4(892 899 901 894)
4(880 887 899 892)
4(880 882 889 887)
4(880 892 894 882)
4(892 899 903 896)
4(892 896 898 894)
4(395 892 899 398)
4(395 397 896 892)
4(391 880 887 393)
4(391 395 892 880)
4(883 885 886 884)
4(883 887 889 885)
4(2560 883 885 2562)
4(2560 2562 2563 2561)
4(876 883 885 878)
4(2553 2560 883 876)
4(2553 876 878 2555)
4(2553 2555 2562 2560)
4(876 883 887 880)
4(876 880 882 878)
4(389 876 883 392)
4(389 391 880 876)
4(2011 389 876 2553)
4(2011 2553 2560 2013)
4(2042 2056 2576 2049)
4(2056 2058 2578 2576)
4(2042 2049 2051 2044)
4(2042 2044 2058 2056)
4(1454 2056 2576 2028)
4(1446 1451 2049 2042)
4(1446 2042 2056 1454)
4(2056 2576 2577 2057)
4(1454 2056 2057 1455)
4(2056 2058 2059 2057)
4(2052 2056 2058 2054)
4(2052 2053 2057 2056)
4(2052 2054 2055 2053)
4(2035 2046 2048 2041)
4(1445 2041 2048 1450)
4(1442 2035 2041 1445)
4(1442 1449 2046 2035)
4(2041 2043 2050 2048)
4(2035 2036 2043 2041)
4(2041 2042 2049 2048)
4(2041 2043 2044 2042)
4(1445 2041 2042 1446)
4(2037 2041 2042 2038)
4(1444 2038 2042 1446)
4(1443 2037 2038 1444)
4(1443 1445 2041 2037)
4(2037 2039 2040 2038)
4(2038 2040 2044 2042)
4(2037 2041 2043 2039)
4(872 874 2040 2038)
4(871 872 2038 2037)
4(871 2037 2039 873)
4(871 873 874 872)
4(2038 2052 2054 2040)
4(895 897 2054 2052)
4(872 874 897 895)
4(872 895 2052 2038)
4(2038 2052 2056 2042)
4(1452 2052 2056 1454)
4(1444 2038 2052 1452)
4(1452 2052 2053 1453)
4(895 2052 2053 896)
4(396 895 896 397)
4(396 1452 2052 895)
4(895 897 898 896)
4(421 891 893 870)
4(411 879 891 421)
4(879 881 893 891)
4(411 413 881 879)
4(411 421 870 413)
4(891 893 897 895)
4(421 891 895 872)
4(421 872 874 870)
4(891 892 896 895)
4(891 893 894 892)
4(394 396 895 891)
4(394 891 892 395)
4(6185 396 895 872)
4(6183 421 891 394)
4(6183 6185 872 421)
4(6185 1444 2038 872)
4(6184 1443 2037 871)
4(6184 871 872 6185)
4(1439 1443 2037 2032)
4(418 2032 2037 871)
4(6181 418 871 6184)
4(6181 1439 2032 418)
4(2032 2035 2041 2037)
4(1439 1442 2035 2032)
4(2032 2033 2039 2037)
4(418 419 873 871)
4(390 879 891 394)
4(6175 411 879 390)
4(6175 6183 421 411)
4(879 891 892 880)
4(390 879 880 391)
4(879 881 882 880)
4(875 877 878 876)
4(875 879 881 877)
4(875 876 880 879)
4(2552 875 877 2554)
4(2552 2553 876 875)
4(2552 2554 2555 2553)
4(407 875 877 409)
4(2529 2552 875 407)
4(2529 2531 2554 2552)
4(2529 407 409 2531)
4(407 875 879 411)
4(407 411 413 409)
4(388 875 879 390)
4(6173 407 875 388)
4(6173 6175 411 407)
4(388 875 876 389)
4(2010 388 875 2552)
4(2010 2552 2553 2011)
4(2001 6173 407 2529)
4(2001 2529 2552 2010)
4(6172 6173 407 406)
4(2528 406 407 2529)
4(2000 6172 406 2528)
4(2000 2528 2529 2001)
4(6174 6175 411 410)
4(406 410 411 407)
4(6172 6174 410 406)
4(6182 6183 421 420)
4(410 420 421 411)
4(6174 6182 420 410)
4(420 871 872 421)
4(6182 6184 871 420)
4(420 869 870 421)
4(420 871 873 869)
4(410 420 869 412)
4(410 412 413 411)
4(415 420 869 416)
4(404 410 420 415)
4(404 405 412 410)
4(415 420 871 418)
4(6178 415 420 6182)
4(6178 6181 418 415)
4(6171 6178 415 404)
4(6171 404 410 6174)
4(6177 6178 415 414)
4(6170 6177 414 403)
4(6170 403 404 6171)
4(6180 6181 418 417)
4(6177 6180 417 414)
4(1438 1439 2032 2031)
4(6180 1438 2031 417)
4(1441 1442 2035 2034)
4(1438 1441 2034 2031)
4(1441 1448 2045 2034)
4(5062 5623 2034 1441)
4(5062 1441 1448 5077)
4(5062 5077 6165 5623)
4(5058 5621 2031 1438)
4(5058 1438 1441 5062)
4(5058 5062 5623 5621)
4(4181 6180 1438 5058)
4(4181 4634 417 6180)
4(4181 5058 5621 4634)
4(5056 1437 1438 5058)
4(4179 4181 6180 6179)
4(4179 5056 5058 4181)
4(5060 1440 1441 5062)
4(5056 5060 5062 5058)
4(5060 5075 5077 5062)
4(4566 5145 5146 4568)
4(4554 4556 5144 5143)
4(4554 4566 4568 4556)
4(4566 4570 4572 4568)
4(2556 2558 2559 2557)
4(2556 2560 2562 2558)
4(2544 2556 2558 2546)
4(2544 2546 2547 2545)
4(2549 2556 2558 2551)
4(2537 2544 2556 2549)
4(2537 2539 2546 2544)
4(2537 2549 2551 2539)
4(2549 2556 2560 2553)
4(2549 2553 2555 2551)
4(2009 2549 2556 2012)
4(2009 2011 2553 2549)
4(2005 2537 2544 2007)
4(2005 2009 2549 2537)
4(2540 2542 2543 2541)
4(2540 2544 2546 2542)
4(1422 2540 2542 1424)
4(1422 1424 1425 1423)
4(2533 2540 2542 2535)
4(1415 1422 2540 2533)
4(1415 2533 2535 1417)
4(1415 1417 1424 1422)
4(2533 2540 2544 2537)
4(2533 2537 2539 2535)
4(2003 2533 2540 2006)
4(2003 2005 2537 2533)
4(824 2003 2533 1415)
4(824 1415 1422 826)
4(4550 4552 5142 5141)
4(4550 4554 4556 4552)
4(3131 3133 4241 4240)
4(3131 4550 4552 3133)
4(2548 2552 2553 2549)
4(2008 2010 2552 2548)
4(2008 2548 2549 2009)
4(2548 2550 2551 2549)
4(2548 2552 2554 2550)
4(2536 2548 2550 2538)
4(2536 2537 2549 2548)
4(2536 2538 2539 2537)
4(2525 2548 2550 2527)
4(2025 2536 2548 2525)
4(2025 2027 2538 2536)
4(2025 2525 2527 2027)
4(2525 2548 2552 2529)
4(2525 2529 2531 2527)
4(1999 2525 2548 2008)
4(1999 2001 2529 2525)
4(2004 2536 2548 2008)
4(1435 2025 2536 2004)
4(1435 1999 2525 2025)
4(2004 2536 2537 2005)
4(2532 2536 2537 2533)
4(2002 2004 2536 2532)
4(2002 2532 2533 2003)
4(2532 2534 2535 2533)
4(2532 2536 2538 2534)
4(1414 2532 2534 1416)
4(1414 1415 2533 2532)
4(1414 1416 1417 1415)
4(2021 2532 2534 2023)
4(852 1414 2532 2021)
4(852 2021 2023 854)
4(852 854 1416 1414)
4(2021 2532 2536 2025)
4(2021 2025 2027 2023)
4(1433 2021 2532 2002)
4(1433 1435 2025 2021)
4(823 1414 2532 2002)
4(381 1433 2021 852)
4(381 852 1414 823)
4(823 1414 1415 824)
4(4177 4181 6180 6177)
4(4175 4177 6177 6176)
4(4175 4179 4181 4177)
4(4177 4632 414 6177)
4(4177 4181 4634 4632)
4(406 407 409 408)
4(2528 406 408 2530)
4(2528 2530 2531 2529)
4(406 410 412 408)
4(401 406 410 404)
4(401 402 408 406)
4(6168 401 406 6172)
4(6168 6171 404 401)
4(2522 401 406 2528)
4(1997 6168 401 2522)
4(1997 2522 2528 2000)
4(2522 2523 2530 2528)
4(4157 6170 403 4630)
4(4153 6167 6170 4157)
4(6167 400 403 6170)
4(4153 4628 400 6167)
4(4153 4157 4630 4628)
4(4157 6170 6177 4177)
4(4157 4177 4632 4630)
4(4155 4157 6170 6169)
4(4155 4175 4177 4157)
4(4151 4153 6167 6166)
4(4151 4155 4157 4153)
4(6167 400 401 6168)
4(1996 6167 400 2521)
4(1996 2521 2522 1997)
4(5595 1996 6167 4153)
4(5595 4153 4628 6127)
4(5595 6127 2521 1996)
4(5593 5595 1996 1995)
4(5593 4151 4153 5595)
4(2524 2528 2529 2525)
4(1998 2000 2528 2524)
4(1998 2524 2525 1999)
4(2524 2526 2527 2525)
4(2524 2528 2530 2526)
4(2024 2524 2526 2026)
4(2024 2025 2525 2524)
4(2024 2026 2027 2025)
4(2519 2524 2526 2520)
4(2018 2024 2524 2519)
4(2018 2019 2026 2024)
4(2519 2524 2528 2522)
4(1994 2519 2524 1998)
4(1994 1997 2522 2519)
4(1434 2024 2524 1998)
4(1431 2018 2024 1434)
4(1431 1994 2519 2018)
4(1434 2024 2025 1435)
4(2020 2024 2025 2021)
4(1432 1434 2024 2020)
4(1432 2020 2021 1433)
4(2020 2022 2023 2021)
4(2020 2024 2026 2022)
4(851 2020 2022 853)
4(851 852 2021 2020)
4(851 853 854 852)
4(2015 2020 2022 2016)
4(845 851 2020 2015)
4(845 846 853 851)
4(2015 2020 2024 2018)
4(1428 2015 2020 1432)
4(1428 1431 2018 2015)
4(380 851 2020 1432)
4(377 1428 2015 845)
4(377 845 851 380)
4(380 851 852 381)
4(1467 1472 2072 2069)
4(1467 2069 2071 1471)
4(5036 5067 2069 1467)
4(5036 5038 5073 5067)
4(1465 2068 2069 1467)
4(5034 5036 5067 5066)
4(5034 1465 1467 5036)
4(1465 1469 1471 1467)
4(5061 5622 5623 5062)
4(5061 5062 5077 5076)
4(5057 5620 5621 5058)
4(5057 5058 5062 5061)
4(4180 4181 5058 5057)
4(4180 4633 4634 4181)
4(5055 5056 5058 5057)
4(4178 5055 5057 4180)
4(4178 4180 4181 4179)
4(5059 5060 5062 5061)
4(5055 5059 5061 5057)
4(5059 5074 5076 5061)
4(5052 5059 5074 5070)
4(5052 5070 5072 5054)
4(5052 5054 5061 5059)
4(5044 5065 5070 5052)
4(5044 5052 5059 5046)
4(5051 5069 5070 5052)
4(5043 5051 5052 5044)
4(5043 5064 5069 5051)
4(5051 5053 5054 5052)
4(1464 1466 1467 1465)
4(1464 1468 1470 1466)
4(5048 5052 5059 5055)
4(5041 5048 5055 5045)
4(5041 5044 5052 5048)
4(5048 5050 5057 5055)
4(5048 5052 5054 5050)
4(4171 4178 5055 5048)
4(4171 5048 5050 4173)
4(4171 4173 4180 4178)
4(4163 5041 5048 4171)
4(4163 4171 4178 4165)
4(5047 5051 5052 5048)
4(5040 5043 5051 5047)
4(5040 5047 5048 5041)
4(5047 5049 5050 5048)
4(5032 5037 5069 5064)
4(5032 5064 5067 5036)
4(4648 5043 5064 5032)
4(4648 5022 5051 5043)
4(5030 5063 5064 5032)
4(4646 4648 5043 5042)
4(4646 5030 5032 4648)
4(5030 5034 5036 5032)
4(4644 4648 5043 5040)
4(4642 4644 5040 5039)
4(4642 4646 4648 4644)
4(4644 4649 5047 5040)
4(4162 4170 5047 5040)
4(3683 4162 5040 4644)
4(3683 3685 4170 4162)
4(4170 4171 5048 5047)
4(4170 4172 4173 4171)
4(4162 4170 4171 4163)
4(3681 3683 4162 4161)
4(3681 4642 4644 3683)
4(5033 5035 5036 5034)
4(5033 1464 1466 5035)
4(5029 5030 5032 5031)
4(4645 5029 5031 4647)
4(4645 4647 4648 4646)
4(5029 5033 5035 5031)
4(5027 5033 5035 5028)
4(5024 5025 5031 5029)
4(5024 5029 5033 5027)
4(1459 1464 1466 1460)
4(5027 5033 1464 1459)
4(1459 1464 1468 1462)
4(2569 1459 1464 2574)
4(2569 2573 1462 1459)
4(5617 2569 1459 5027)
4(5617 5027 5033 5619)
4(2568 2569 1459 1458)
4(5616 5026 5027 5617)
4(5616 5617 2569 2568)
4(2568 2569 2573 2572)
4(4176 4631 4632 4177)
4(4176 4177 4181 4180)
4(4156 4629 4630 4157)
4(4156 4157 4177 4176)
4(4152 4627 4628 4153)
4(4152 4153 4157 4156)
4(5594 5595 4153 4152)
4(5594 6126 6127 5595)
4(1993 2518 2521 1996)
4(5591 6125 2518 1993)
4(5591 1993 1996 5595)
4(5591 5595 6127 6125)
4(1993 2518 2519 1994)
4(1430 1993 2518 2017)
4(1430 2017 2018 1431)
4(5571 6123 2017 1430)
4(5571 1430 1993 5591)
4(5571 5591 6125 6123)
4(1427 1430 2017 2014)
4(1427 2014 2015 1428)
4(5567 6121 2014 1427)
4(5567 1427 1430 5571)
4(5567 5571 6123 6121)
4(376 844 2014 1427)
4(4582 4977 844 376)
4(4582 5567 6121 4977)
4(4582 376 1427 5567)
4(376 844 845 377)
4(5589 5591 1993 1436)
4(5589 5593 5595 5591)
4(4174 4178 4180 4176)
4(4174 4176 4177 4175)
4(4167 4174 4178 4171)
4(4167 4169 4176 4174)
4(4167 4171 4173 4169)
4(4160 4167 4174 4164)
4(4160 4163 4171 4167)
4(4147 4167 4174 4154)
4(3691 4147 4154 3693)
4(3691 4160 4167 4147)
4(4154 4156 4176 4174)
4(4147 4149 4156 4154)
4(4147 4167 4169 4149)
4(4154 4156 4157 4155)
4(4150 4154 4156 4152)
4(4150 4152 4153 4151)
4(3695 4150 4154 4147)
4(3695 4145 4152 4150)
4(3695 4147 4149 4145)
4(3688 3695 4150 3692)
4(3688 3691 4147 3695)
4(5585 3695 4150 5592)
4(5577 5585 5592 5579)
4(5577 3688 3695 5585)
4(5592 5594 4152 4150)
4(5585 5587 5594 5592)
4(5585 3695 4145 5587)
4(5592 5594 5595 5593)
4(5569 5571 1430 1429)
4(5569 5589 5591 5571)
4(5565 5569 5571 5567)
4(5565 5567 1427 1426)
4(847 851 852 848)
4(379 848 852 381)
4(378 847 848 379)
4(378 380 851 847)
4(848 850 854 852)
4(847 849 850 848)
4(847 851 853 849)
4(1418 1422 1424 1420)
4(1418 1420 1421 1419)
4(1411 1418 1422 1415)
4(1411 1413 1420 1418)
4(1411 1415 1417 1413)
4(822 1411 1418 825)
4(822 824 1415 1411)
4(867 1418 1420 1408)
4(867 1408 1409 868)
4(860 867 1418 1411)
4(860 1411 1413 862)
4(860 862 1408 867)
4(385 822 1411 860)
4(385 860 867 387)
4(821 822 1411 1410)
4(384 821 1410 859)
4(859 1410 1411 860)
4(384 859 860 385)
4(1410 1414 1415 1411)
4(821 823 1414 1410)
4(1410 1414 1416 1412)
4(1410 1412 1413 1411)
4(848 1410 1414 852)
4(848 850 1412 1410)
4(379 848 1410 821)
4(838 848 1410 859)
4(371 838 859 384)
4(371 379 848 838)
4(859 861 1412 1410)
4(838 840 861 859)
4(838 848 850 840)
4(859 861 862 860)
4(856 858 862 860)
4(855 856 860 859)
4(855 859 861 857)
4(855 857 858 856)
4(863 867 1408 865)
4(863 865 866 864)
4(856 863 867 860)
4(856 858 865 863)
4(383 856 863 386)
4(383 385 860 856)
4(4569 863 865 4571)
4(4569 4571 4572 4570)
4(4562 4569 863 856)
4(4562 856 858 4564)
4(4562 4564 4571 4569)
4(4043 383 856 4562)
4(4043 4562 4569 4045)
4(382 383 856 855)
4(4561 855 856 4562)
4(4042 382 855 4561)
4(4042 4561 4562 4043)
4(382 384 859 855)
4(834 838 859 855)
4(369 834 855 382)
4(369 371 838 834)
4(834 836 857 855)
4(834 838 840 836)
4(4561 855 857 4563)
4(4561 4563 4564 4562)
4(4071 4561 855 834)
4(4071 834 836 4073)
4(4071 4073 4563 4561)
4(3633 369 834 4071)
4(3633 4071 4561 4042)
4(368 369 834 833)
4(4070 833 834 4071)
4(3632 368 833 4070)
4(3632 4070 4071 3633)
4(370 371 838 837)
4(833 837 838 834)
4(368 370 837 833)
4(837 847 848 838)
4(370 378 847 837)
4(837 847 849 839)
4(837 839 840 838)
4(842 847 851 845)
4(842 843 849 847)
4(374 842 847 378)
4(374 377 845 842)
4(831 842 847 837)
4(367 831 837 370)
4(367 374 842 831)
4(831 832 839 837)
4(833 835 839 837)
4(828 829 835 833)
4(828 833 837 831)
4(833 835 836 834)
4(4070 833 835 4072)
4(4070 4072 4073 4071)
4(4064 4070 833 828)
4(4064 4065 4072 4070)
4(364 368 833 828)
4(3629 364 828 4064)
4(3629 4064 4070 3632)
4(364 367 831 828)
4(366 367 831 830)
4(363 366 830 827)
4(363 827 828 364)
4(373 374 842 841)
4(366 373 841 830)
4(373 376 844 841)
4(4578 4975 841 373)
4(4578 4582 4977 4975)
4(4578 373 376 4582)
4(4121 4586 830 366)
4(4121 4578 4975 4586)
4(4121 366 373 4578)
4(4117 4584 827 363)
4(4117 4121 4586 4584)
4(4117 363 366 4121)
4(3628 4063 827 363)
4(1403 1978 4063 3628)
4(1403 4117 4584 1978)
4(1403 3628 363 4117)
4(3628 4063 4064 3629)
4(5590 5594 5595 5591)
4(5588 5590 5591 5589)
4(5588 5592 5594 5590)
4(5590 6124 6125 5591)
4(5570 6122 6123 5571)
4(5570 5571 5591 5590)
4(5566 6120 6121 5567)
4(5566 5567 5571 5570)
4(4581 4582 5567 5566)
4(4581 4976 4977 4582)
4(5564 5565 5567 5566)
4(4579 4581 4582 4580)
4(4580 4582 5567 5565)
4(4579 5564 5566 4581)
4(5568 5569 5571 5570)
4(5564 5568 5570 5566)
4(5568 5588 5590 5570)
4(5581 5588 5590 5583)
4(5561 5568 5588 5581)
4(5561 5581 5583 5563)
4(5561 5563 5570 5568)
4(5581 5588 5592 5585)
4(5581 5585 5587 5583)
4(5574 5581 5588 5578)
4(5574 5577 5585 5581)
4(5553 5574 5581 5561)
4(5553 5561 5568 5555)
4(4166 4170 4171 4167)
4(4159 4162 4170 4166)
4(4159 4166 4167 4160)
4(4166 4168 4169 4167)
4(3679 3684 4166 4159)
4(3679 4159 4162 3683)
4(3690 4146 4166 4159)
4(3667 3690 4159 3679)
4(3667 3669 4146 3690)
4(4146 4147 4167 4166)
4(4146 4148 4149 4147)
4(3690 4146 4147 3691)
4(3677 4158 4159 3679)
4(3665 3667 3690 3689)
4(3665 3677 3679 3667)
4(3677 3681 3683 3679)
4(3663 3667 3690 3687)
4(3661 3663 3687 3686)
4(3661 3665 3667 3663)
4(3687 3694 4146 3690)
4(3663 3668 3694 3687)
4(3694 3695 4147 4146)
4(3694 4144 4145 3695)
4(3687 3694 3695 3688)
4(5584 3694 3695 5585)
4(5576 3687 3694 5584)
4(5576 5584 5585 5577)
4(5584 5586 5587 5585)
4(5007 5576 3687 3663)
4(5007 5009 5584 5576)
4(5005 3661 3663 5007)
4(5005 5007 5576 5575)
4(5580 5584 5585 5581)
4(5573 5576 5584 5580)
4(5573 5580 5581 5574)
4(5580 5582 5583 5581)
4(4639 4645 5029 5024)
4(4639 4640 4647 4645)
4(5613 5618 5029 5024)
4(5605 5613 5024 4639)
4(5605 4639 4645 5607)
4(5613 5617 5027 5024)
4(5612 5023 5024 5613)
4(5612 5613 5617 5616)
4(5604 4638 4639 5605)
4(5604 5605 5613 5612)
4(5601 4636 4639 5605)
4(5600 4635 4636 5601)
4(5600 5601 5605 5604)
4(4636 4639 4645 4641)
4(5601 4636 4641 5606)
4(4641 4643 4647 4645)
4(4636 4637 4643 4641)
4(4641 4643 4644 4642)
4(3680 4641 4643 3682)
4(3680 3682 3683 3681)
4(3674 3680 4641 4636)
4(3674 3675 3682 3680)
4(4624 5601 4636 3674)
4(4624 3674 3680 4626)
4(4623 4624 5601 5600)
4(4623 3673 3674 4624)
4(3676 3678 3682 3680)
4(3671 3676 3680 3674)
4(3671 3672 3678 3676)
4(3676 3678 3679 3677)
4(4620 3671 3676 4625)
4(4620 4624 3674 3671)
4(3658 3671 3676 3664)
4(4612 3658 3664 4614)
4(4612 4620 3671 3658)
4(3664 3666 3678 3676)
4(3658 3659 3666 3664)
4(3664 3666 3667 3665)
4(3660 3662 3663 3661)
4(3660 3664 3666 3662)
4(5004 3660 3662 5006)
4(5004 5006 5007 5005)
4(3655 3660 3662 3656)
4(4998 5004 3660 3655)
4(4998 4999 5006 5004)
4(3655 3660 3664 3658)
4(4141 3655 3660 4613)
4(4141 4612 3658 3655)
4(6070 4141 3655 4998)
4(6070 4998 5004 6072)
4(2566 2570 2572 2568)
4(2566 2568 2569 2567)
4(3147 2566 2570 3150)
4(3147 3148 2568 2566)
4(3141 3147 2566 2564)
4(3141 3145 3150 3147)
4(6162 3147 2566 5614)
4(6157 6162 5614 5609)
4(6157 3141 3147 6162)
4(5614 5616 2568 2566)
4(6162 6163 5616 5614)
4(5614 5616 5617 5615)
4(3127 4238 4239 3129)
4(3115 3117 3753 3752)
4(3115 3127 3129 3117)
4(3127 3131 3133 3129)
4(3111 3113 3751 3750)
4(3111 3115 3117 3113)
4(4522 4524 5140 5139)
4(4522 3111 3113 4524)
4(4518 4520 5138 5137)
4(4518 4522 4524 4520)
4(4029 4518 4520 4031)
4(4029 4031 4690 4689)
4(4074 4075 4077 4076)
4(3123 3125 4077 4075)
4(3122 4074 4076 3124)
4(3122 3123 4075 4074)
4(3122 3124 3125 3123)
4(4078 4079 4548 4547)
4(4075 4077 4548 4079)
4(4074 4075 4079 4078)
4(4074 4078 4547 4076)
4(4557 4558 4560 4559)
4(4079 4548 4560 4558)
4(4078 4557 4559 4547)
4(4078 4079 4558 4557)
4(4558 4560 4564 4562)
4(4557 4558 4562 4561)
4(4557 4561 4563 4559)
4(4565 4567 4571 4569)
4(4558 4565 4569 4562)
4(4558 4560 4567 4565)
4(4565 4567 4568 4566)
4(4041 4558 4565 4044)
4(4041 4043 4562 4558)
4(4079 4558 4565 4553)
4(3637 4079 4553 3639)
4(3637 4041 4558 4079)
4(4553 4555 4567 4565)
4(4079 4548 4555 4553)
4(4553 4555 4556 4554)
4(4549 4553 4555 4551)
4(4549 4551 4552 4550)
4(4075 4549 4553 4079)
4(4075 4077 4551 4549)
4(3635 4075 4549 3638)
4(3635 3637 4079 4075)
4(3123 4075 4549 3130)
4(2501 3635 4075 3123)
4(2501 3123 3130 2503)
4(3130 3132 4551 4549)
4(3123 3125 3132 3130)
4(3130 3132 3133 3131)
4(4040 4042 4561 4557)
4(4040 4557 4558 4041)
4(4067 4071 4561 4557)
4(3631 4067 4557 4040)
4(3631 3633 4071 4067)
4(4067 4069 4559 4557)
4(4067 4071 4073 4069)
4(4057 4078 4557 4067)
4(4057 4059 4547 4078)
4(4057 4067 4069 4059)
4(3636 4078 4557 4040)
4(3623 4057 4078 3636)
4(3623 3631 4067 4057)
4(3636 4078 4079 3637)
4(3634 3636 4078 4074)
4(3634 4074 4075 3635)
4(4053 4057 4078 4074)
4(3621 4053 4074 3634)
4(3621 3623 4057 4053)
4(4053 4055 4076 4074)
4(4053 4057 4059 4055)
4(3099 3122 4074 4053)
4(3099 3101 3124 3122)
4(3099 4053 4055 3101)
4(2500 3122 4074 3634)
4(2491 3099 3122 2500)
4(2491 3621 4053 3099)
4(2500 3122 3123 2501)
4(3119 3123 3130 3126)
4(2499 3119 3126 2502)
4(2499 2501 3123 3119)
4(3126 3128 3132 3130)
4(3119 3121 3128 3126)
4(3119 3123 3125 3121)
4(3126 3128 3129 3127)
4(3114 3126 3128 3116)
4(3114 3116 3117 3115)
4(3107 3114 3126 3119)
4(3107 3119 3121 3109)
4(3107 3109 3116 3114)
4(2495 2499 3119 3107)
4(2495 3107 3114 2497)
4(2498 2499 3119 3118)
4(3106 3118 3119 3107)
4(2494 2498 3118 3106)
4(2494 3106 3107 2495)
4(3118 3122 3123 3119)
4(2498 2500 3122 3118)
4(3118 3120 3121 3119)
4(3118 3122 3124 3120)
4(3106 3118 3120 3108)
4(3106 3108 3109 3107)
4(3095 3118 3120 3097)
4(2515 3106 3118 3095)
4(2515 2517 3108 3106)
4(2515 3095 3097 2517)
4(3095 3118 3122 3099)
4(3095 3099 3101 3097)
4(2489 3095 3118 2498)
4(2489 2491 3099 3095)
4(1988 2515 3106 2494)
4(1988 2489 3095 2515)
4(2511 2515 3106 3102)
4(2492 3102 3106 2494)
4(1986 2511 3102 2492)
4(1986 1988 2515 2511)
4(3102 3104 3108 3106)
4(2511 2513 3104 3102)
4(2511 2515 2517 2513)
4(4066 4067 4069 4068)
4(4056 4057 4067 4066)
4(4056 4066 4068 4058)
4(4056 4058 4059 4057)
4(4066 4070 4072 4068)
4(4066 4067 4071 4070)
4(4061 4066 4070 4064)
4(4061 4062 4068 4066)
4(3630 4066 4070 3632)
4(3626 4061 4066 3630)
4(3626 3629 4064 4061)
4(3630 4066 4067 3631)
4(3622 3630 4066 4056)
4(3622 4056 4057 3623)
4(4050 4061 4066 4056)
4(3619 3626 4061 4050)
4(3619 4050 4056 3622)
4(4050 4051 4058 4056)
4(3625 4060 4063 3628)
4(1399 1976 4060 3625)
4(1399 3625 3628 1403)
4(1399 1403 1978 1976)
4(3625 4060 4061 3626)
4(3618 3625 4060 4049)
4(3618 4049 4050 3619)
4(813 1407 4049 3618)
4(813 3618 3625 1399)
4(813 1399 1976 1407)
4(3615 4046 4049 3618)
4(809 1405 4046 3615)
4(809 3615 3618 813)
4(809 813 1407 1405)
4(3616 4047 4050 3619)
4(3615 4046 4047 3616)
4(4052 4054 4058 4056)
4(4047 4052 4056 4050)
4(4047 4048 4054 4052)
4(4052 4053 4057 4056)
4(4052 4054 4055 4053)
4(3620 3622 4056 4052)
4(3620 4052 4053 3621)
4(3616 4047 4052 3620)
4(3092 4047 4052 3098)
4(2490 3098 4052 3620)
4(2487 3616 4047 3092)
4(2487 3092 3098 2490)
4(3098 3100 4054 4052)
4(3092 3093 3100 3098)
4(3098 3099 4053 4052)
4(3098 3100 3101 3099)
4(2490 3098 3099 2491)
4(3102 3106 3107 3103)
4(2493 3103 3107 2495)
4(2492 3102 3103 2493)
4(3102 3104 3105 3103)
4(3103 3105 3109 3107)
4(4037 4039 3105 3103)
4(4036 4037 3103 3102)
4(4036 3102 3104 4038)
4(4036 4038 4039 4037)
4(3103 3110 3112 3105)
4(4037 4521 3110 3103)
4(4521 4523 3112 3110)
4(4037 4039 4523 4521)
4(3110 3112 3116 3114)
4(3103 3110 3114 3107)
4(3110 3112 3113 3111)
4(2493 3103 3110 2496)
4(3608 4037 4521 3610)
4(3608 2493 3103 4037)
4(4521 4523 4524 4522)
4(4517 4519 4520 4518)
4(4517 4521 4523 4519)
4(4577 4974 4975 4578)
4(4577 4578 4582 4581)
4(4120 4585 4586 4121)
4(4120 4121 4578 4577)
4(4116 4583 4584 4117)
4(4116 4117 4121 4120)
4(1402 1403 4117 4116)
4(1402 1977 1978 1403)
4(4114 4115 4117 4116)
4(1401 1403 4117 4115)
4(1400 4114 4116 1402)
4(1400 1402 1403 1401)
4(4118 4119 4121 4120)
4(4115 4117 4121 4119)
4(4114 4118 4120 4116)
4(4575 4576 4578 4577)
4(4119 4121 4578 4576)
4(4118 4575 4577 4120)
4(4576 4578 4582 4580)
4(4575 4579 4581 4577)
4(4580 375 376 4582)
4(4576 4578 373 372)
4(4119 4121 366 365)
4(4115 4117 363 362)
4(1401 1403 3628 3627)
4(1397 1399 3625 3624)
4(1397 1401 1403 1399)
4(811 813 3618 3617)
4(811 1397 1399 813)
4(6159 6162 5614 5610)
4(6153 6159 5610 5608)
4(6153 6157 6162 6159)
4(5610 5612 5616 5614)
4(6159 6160 5612 5610)
4(5610 5612 5613 5611)
4(5602 5610 5612 5604)
4(5602 5604 5605 5603)
4(6144 5602 5610 6159)
4(6144 6145 5604 5602)
4(6139 6144 5602 5597)
4(6139 6153 6159 6144)
4(5598 5600 5601 5599)
4(5598 5602 5604 5600)
4(4621 5598 5600 4623)
4(4621 4623 4624 4622)
4(6141 5598 5600 6142)
4(5020 4621 5598 6141)
4(5020 5021 4623 4621)
4(6141 5598 5602 6144)
4(6135 6141 5598 5596)
4(6135 6139 6144 6141)
4(5015 5020 4621 4616)
4(5015 6135 6141 5020)
4(3094 3098 3099 3095)
4(2488 2490 3098 3094)
4(2488 3094 3095 2489)
4(3094 3096 3097 3095)
4(3094 3098 3100 3096)
4(4028 4517 4519 4030)
4(4028 4030 4031 4029)
4(4033 4517 4519 4035)
4(4021 4028 4517 4033)
4(4021 4033 4035 4023)
4(4021 4023 4030 4028)
4(4033 4517 4521 4037)
4(4033 4037 4039 4035)
4(3606 4033 4517 3609)
4(3606 3608 4037 4033)
4(3602 3606 4033 4021)
4(3602 4021 4028 3604)
4(3605 3606 4033 4032)
4(4020 4032 4033 4021)
4(3601 3605 4032 4020)
4(3601 4020 4021 3602)
4(3607 3608 4037 4036)
4(3605 3607 4036 4032)
4(4032 4036 4037 4033)
4(3607 2492 3102 4036)
4(4013 2511 3102 4036)
4(3598 1986 2511 4013)
4(3598 4013 4036 3607)
4(4013 2511 2513 4015)
4(4013 4015 4038 4036)
4(2510 2511 2513 2512)
4(4012 2510 2512 4014)
4(4012 4013 2511 2510)
4(4012 4014 4015 4013)
4(2514 2515 2517 2516)
4(2510 2511 2515 2514)
4(2510 2514 2516 2512)
4(2514 3094 3096 2516)
4(2514 2515 3095 3094)
4(2486 3615 4046 3091)
4(2486 3091 3092 2487)
4(6119 2486 3615 809)
4(6119 809 1405 353)
4(6119 353 3091 2486)
4(807 3614 3615 809)
4(6117 807 809 6119)
4(6117 6119 2486 1992)
4(807 811 813 809)
4(1991 3089 3092 2487)
4(1990 2486 3091 3088)
4(1990 3088 3089 1991)
4(3089 3092 3098 3094)
4(1991 3089 3094 2488)
4(3089 3090 3096 3094)
4(2508 2514 3094 3089)
4(2508 2509 2516 2514)
4(1987 2514 3094 2488)
4(1984 2508 2514 1987)
4(1984 1991 3089 2508)
4(1987 2514 2515 1988)
4(1985 1987 2514 2510)
4(1985 2510 2511 1986)
4(2505 2508 2514 2510)
4(1981 1984 2508 2505)
4(1981 2505 2510 1985)
4(2505 2506 2512 2510)
4(5003 5008 5580 5573)
4(5003 5573 5576 5007)
4(5552 5560 5580 5573)
4(4991 5552 5573 5003)
4(4991 4993 5560 5552)
4(5560 5561 5581 5580)
4(5560 5562 5563 5561)
4(5552 5560 5561 5553)
4(5001 5572 5573 5003)
4(4989 4991 5552 5551)
4(4989 5001 5003 4991)
4(5001 5005 5007 5003)
4(4987 4991 5552 5549)
4(4985 4989 4991 4987)
4(4985 4987 5549 5548)
4(4987 4992 5556 5549)
4(5549 5556 5560 5552)
4(5557 5559 5563 5561)
4(5556 5558 5559 5557)
4(5556 5557 5561 5560)
4(5557 5564 5568 5561)
4(5557 5559 5566 5564)
4(5550 5557 5564 5554)
4(5550 5553 5561 5557)
4(4135 5557 5564 4579)
4(4127 5550 5557 4135)
4(4127 4135 4579 4129)
4(4135 5557 5559 4574)
4(4135 4574 4581 4579)
4(4134 4135 5557 5556)
4(4134 4573 4574 4135)
4(4126 4134 5556 5549)
4(4095 4126 5549 4987)
4(4095 4097 4134 4126)
4(5549 5550 5557 5556)
4(4126 4134 4135 4127)
4(4131 4135 4579 4575)
4(4124 4131 4575 4128)
4(4124 4127 4135 4131)
4(4131 4133 4577 4575)
4(4131 4135 4574 4133)
4(4111 4118 4575 4131)
4(4111 4113 4120 4118)
4(4111 4131 4133 4113)
4(4103 4111 4118 4105)
4(4103 4124 4131 4111)
4(4107 4111 4118 4114)
4(4100 4107 4114 4104)
4(4100 4103 4111 4107)
4(4107 4109 4116 4114)
4(4107 4111 4113 4109)
4(1393 1400 4114 4107)
4(1393 1395 1402 1400)
4(1393 4107 4109 1395)
4(819 1393 1400 1387)
4(819 4100 4107 1393)
4(1398 1402 1403 1399)
4(1396 1398 1399 1397)
4(1396 1400 1402 1398)
4(1398 1975 1976 1399)
4(812 1406 1407 813)
4(812 813 1399 1398)
4(808 1404 1405 809)
4(808 809 813 812)
4(6118 6119 809 808)
4(6118 352 353 6119)
4(806 807 809 808)
4(6116 6118 6119 6117)
4(6116 806 808 6118)
4(810 811 813 812)
4(806 810 812 808)
4(810 1396 1398 812)
4(1389 1396 1398 1391)
4(803 810 1396 1389)
4(803 805 812 810)
4(803 1389 1391 805)
4(1389 1396 1400 1393)
4(1389 1393 1395 1391)
4(816 1389 1396 820)
4(816 819 1393 1389)
4(795 803 810 797)
4(795 816 1389 803)
4(6115 6119 2486 1990)
4(6113 6115 1990 1989)
4(6113 6117 6119 6115)
4(6115 351 3088 1990)
4(6115 6119 353 351)
4(1983 2507 3088 1990)
4(6095 349 2507 1983)
4(6095 1983 1990 6115)
4(6095 6115 351 349)
4(1983 2507 2508 1984)
4(1980 1983 2507 2504)
4(1980 2504 2505 1981)
4(6091 347 2504 1980)
4(6091 1980 1983 6095)
4(6091 6095 349 347)
4(3593 4005 2504 1980)
4(743 1370 4005 3593)
4(743 6091 347 1370)
4(743 3593 1980 6091)
4(4006 4012 2510 2505)
4(4006 4007 4014 4012)
4(3597 4012 2510 1985)
4(3594 1981 2505 4006)
4(3594 4006 4012 3597)
4(3597 4012 4013 3598)
4(4025 4687 4688 4027)
4(3075 4025 4027 3077)
4(3075 3077 3749 3748)
4(4025 4029 4031 4027)
4(4619 4620 3671 3670)
4(4611 4612 4620 4619)
4(4611 3657 3658 4612)
4(4619 4620 4624 4623)
4(4617 4621 4623 4619)
4(4617 4619 4620 4618)
4(5017 4617 4621 5020)
4(5017 5018 4619 4617)
4(5011 5017 4617 4615)
4(5011 5015 5020 5017)
4(4142 4617 4619 4611)
4(4142 4611 4612 4143)
4(4603 4604 4611 4142)
4(4603 4142 4617 5017)
4(4140 3654 3655 4141)
4(4140 4141 4612 4611)
4(6069 6070 4141 4140)
4(6069 4997 4998 6070)
4(3140 3144 3145 3141)
4(3138 3140 3141 3139)
4(3138 3142 3144 3140)
4(3140 3146 3147 3141)
4(6156 6157 3141 3140)
4(6156 6161 6162 6157)
4(6154 3138 3140 6156)
4(6154 6156 6157 6155)
4(3134 3138 3140 3135)
4(6148 6149 6156 6154)
4(4009 4013 4036 4032)
4(3596 3598 4013 4009)
4(3596 4009 4032 3605)
4(4009 4011 4034 4032)
4(4032 4034 4038 4036)
4(4009 4013 4015 4011)
4(4020 4022 4034 4032)
4(3999 4009 4011 4001)
4(3999 4001 4022 4020)
4(3999 4020 4032 4009)
4(4032 4033 4035 4034)
4(4020 4022 4023 4021)
4(4016 4018 4019 4017)
4(4017 4019 4023 4021)
4(4016 4020 4022 4018)
4(4016 4017 4021 4020)
4(3067 3069 4019 4017)
4(3066 4016 4018 3068)
4(3066 3067 4017 4016)
4(3066 3068 3069 3067)
4(4017 4024 4026 4019)
4(3067 3074 4024 4017)
4(3074 3076 4026 4024)
4(3067 3069 3076 3074)
4(4024 4026 4030 4028)
4(4017 4024 4028 4021)
4(4024 4026 4027 4025)
4(3600 4017 4024 3603)
4(3600 3602 4021 4017)
4(2455 3600 4017 3067)
4(2455 3067 3074 2457)
4(3074 3076 3077 3075)
4(3070 3072 3073 3071)
4(3071 3073 3077 3075)
4(3070 3074 3076 3072)
4(3059 3061 3073 3071)
4(3058 3070 3072 3060)
4(3058 3060 3061 3059)
4(3071 3746 3747 3073)
4(3059 3061 3745 3744)
4(3055 3057 3743 3742)
4(3055 3059 3061 3057)
4(6012 6014 476 475)
4(6012 3055 3057 6014)
4(5704 5705 5707 5706)
4(5700 5704 5706 5702)
4(5700 5701 5705 5704)
4(5700 5702 5703 5701)
4(5704 5708 5710 5706)
4(5704 5705 5709 5708)
4(5688 5692 5693 5689)
4(5114 5689 5693 5116)
4(5113 5688 5689 5114)
4(5113 5115 5692 5688)
4(5688 5690 5691 5689)
4(5689 5691 5695 5693)
4(5688 5692 5694 5690)
4(5677 5679 5691 5689)
4(5676 5677 5689 5688)
4(5676 5688 5690 5678)
4(5676 5678 5679 5677)
4(5689 5704 5706 5691)
4(5677 5700 5704 5689)
4(5677 5679 5702 5700)
4(5689 5704 5708 5693)
4(5121 5704 5708 5123)
4(5114 5689 5704 5121)
4(5121 5704 5705 5122)
4(5119 5121 5704 5700)
4(5119 5700 5701 5120)
4(4686 5677 5700 5119)
4(4686 5114 5689 5677)
4(5134 5677 5700 5696)
4(5117 5696 5700 5119)
4(4684 5134 5696 5117)
4(4684 4686 5677 5134)
4(5696 5698 5702 5700)
4(5134 5136 5698 5696)
4(5134 5677 5679 5136)
4(5696 5697 5701 5700)
4(5696 5698 5699 5697)
4(6008 473 474 6010)
4(5996 5998 472 471)
4(5996 6008 6010 5998)
4(6008 6012 6014 6010)
4(5992 5994 470 469)
4(5992 5996 5998 5994)
4(4913 4915 5686 5684)
4(4913 5992 5994 4915)
4(5117 5696 5697 5118)
4(1617 5696 5697 1618)
4(467 5117 5696 1617)
4(467 1617 1618 468)
4(1617 5696 5698 1619)
4(1617 1619 1620 1618)
4(1020 1617 5696 5134)
4(1020 5134 5136 1022)
4(1020 1022 1619 1617)
4(458 4684 5134 1020)
4(458 1020 1617 467)
4(4683 4684 5134 5133)
4(1019 5133 5134 1020)
4(457 4683 5133 1019)
4(457 1019 1020 458)
4(4685 4686 5677 5676)
4(5133 5676 5677 5134)
4(4683 4685 5676 5133)
4(4685 5113 5688 5676)
4(5110 5113 5688 5681)
4(5130 5681 5688 5676)
4(4682 5110 5681 5130)
4(4682 5130 5676 4685)
4(5681 5685 5692 5688)
4(5110 5112 5685 5681)
4(5681 5683 5690 5688)
4(5681 5685 5687 5683)
4(5130 5681 5683 5132)
4(5130 5132 5678 5676)
4(5680 5681 5683 5682)
4(5129 5130 5681 5680)
4(5129 5680 5682 5131)
4(5129 5131 5132 5130)
4(5680 5684 5686 5682)
4(5680 5681 5685 5684)
4(4514 4516 5682 5680)
4(4514 4913 4915 4516)
4(5109 5680 5681 5110)
4(4681 5129 5130 4682)
4(4502 4504 5131 5129)
4(4502 4514 4516 4504)
4(4498 5125 5127 4500)
4(1011 1013 5127 5125)
4(205 207 1013 1011)
4(205 4498 4500 207)
4(5125 5127 5131 5129)
4(4498 4502 4504 4500)
4(5126 5128 5132 5130)
4(5125 5126 5130 5129)
4(5125 5127 5128 5126)
4(5133 5135 5678 5676)
4(5126 5128 5135 5133)
4(5126 5133 5676 5130)
4(5133 5135 5136 5134)
4(1019 5133 5135 1021)
4(1019 1021 1022 1020)
4(1012 1019 5133 5126)
4(1012 5126 5128 1014)
4(1012 1014 1021 1019)
4(4680 4683 5133 5126)
4(454 4680 5126 1012)
4(454 1012 1019 457)
4(4680 4682 5130 5126)
4(4679 5125 5126 4680)
4(1011 5125 5126 1012)
4(453 1011 1012 454)
4(1011 1013 1014 1012)
4(1007 1011 1013 1009)
4(1007 1008 1012 1011)
4(1008 1010 1014 1012)
4(1007 1009 1010 1008)
4(4984 4985 4987 4986)
4(4093 4095 4987 4985)
4(4092 4984 4986 4094)
4(4092 4094 4095 4093)
4(4988 4989 4991 4990)
4(4984 4988 4990 4986)
4(5000 5001 5003 5002)
4(4988 5000 5002 4990)
4(5000 5004 5006 5002)
4(4995 5000 5004 4998)
4(4995 4996 5002 5000)
4(6066 4995 5000 6071)
4(6066 6070 4998 4995)
4(4982 4995 5000 4988)
4(6058 6066 4995 4982)
4(6058 4982 4988 6060)
4(4982 4983 4990 4988)
4(4600 4138 4140 4601)
4(6067 6069 4140 4138)
4(321 6067 4138 4600)
4(321 322 6069 6067)
4(4138 4140 4611 4142)
4(4600 4138 4142 4603)
4(4138 4140 4141 4139)
4(4598 4603 4142 4137)
4(4598 5011 5017 4603)
4(4594 4598 4603 4600)
4(4594 4600 4138 4136)
4(6067 6069 6070 6068)
4(6065 6069 6070 6066)
4(6063 6067 6069 6065)
4(6063 6065 6066 6064)
4(6065 4994 4995 6066)
4(6057 4981 4982 6058)
4(6057 6058 6066 6065)
4(4979 4984 4988 4982)
4(4979 4980 4986 4984)
4(6054 4979 4984 6059)
4(6054 6058 4982 4979)
4(4093 4095 4126 4125)
4(4086 4979 4984 4092)
4(4546 6054 4979 4086)
4(4546 4086 4092 4973)
4(4086 4087 4094 4092)
4(6053 4978 4979 6054)
4(6053 6054 6058 6057)
4(4545 4085 4086 4546)
4(4545 4546 6054 6053)
4(4542 4083 4086 4546)
4(4541 4082 4083 4542)
4(4541 4542 4546 4545)
4(4130 4131 4135 4134)
4(4130 4132 4133 4131)
4(4123 4126 4134 4130)
4(4123 4130 4131 4124)
4(4091 4096 4130 4123)
4(4091 4123 4126 4095)
4(4102 4110 4130 4123)
4(3653 4102 4123 4091)
4(3653 4081 4110 4102)
4(4110 4111 4131 4130)
4(4110 4112 4113 4111)
4(4102 4110 4111 4103)
4(4089 4091 4123 4122)
4(4089 4093 4095 4091)
4(3651 3653 4102 4101)
4(3651 4089 4091 3653)
4(3649 3653 4102 4099)
4(3647 3651 3653 3649)
4(3647 3649 4099 4098)
4(4099 4106 4110 4102)
4(3649 4080 4106 4099)
4(4106 4107 4111 4110)
4(4106 4108 4109 4107)
4(4099 4106 4107 4100)
4(1392 4106 4107 1393)
4(818 4099 4106 1392)
4(818 1392 1393 819)
4(1392 1394 1395 1393)
4(4083 4088 4090 4084)
4(3644 3650 4088 4083)
4(3650 3652 4090 4088)
4(3644 3645 3652 3650)
4(4088 4090 4094 4092)
4(4083 4088 4092 4086)
4(4088 4090 4091 4089)
4(4542 4083 4088 4972)
4(4534 3644 3650 4536)
4(4534 4542 4083 3644)
4(3650 3652 3653 3651)
4(3646 3648 3649 3647)
4(3646 3650 3652 3648)
4(787 818 4099 3649)
4(787 789 1392 818)
4(785 787 818 817)
4(785 3647 3649 787)
4(1388 1392 1393 1389)
4(815 1388 1389 816)
4(815 818 1392 1388)
4(1388 1390 1391 1389)
4(6093 6095 1983 1982)
4(6093 6113 6115 6095)
4(6089 6093 6095 6091)
4(6089 6091 1980 1979)
4(3593 4005 4006 3594)
4(3590 3593 4005 4002)
4(3590 4002 4003 3591)
4(3591 4003 4006 3594)
4(739 1368 4002 3590)
4(739 3590 3593 743)
4(739 743 1370 1368)
4(3082 3991 4002 3590)
4(719 1366 3991 3082)
4(719 3082 3590 739)
4(719 739 1368 1366)
4(3083 3992 4003 3591)
4(3082 3991 3992 3083)
4(4003 4008 4010 4004)
4(3992 3998 4008 4003)
4(3998 4000 4010 4008)
4(3992 3993 4000 3998)
4(4008 4010 4014 4012)
4(4003 4008 4012 4006)
4(4008 4009 4013 4012)
4(4008 4010 4011 4009)
4(3595 3597 4012 4008)
4(3595 4008 4009 3596)
4(3591 4003 4008 3595)
4(3086 3998 4008 3595)
4(3083 3992 3998 3086)
4(3998 4008 4009 3999)
4(3087 3999 4009 3596)
4(3086 3998 3999 3087)
4(3998 4000 4001 3999)
4(3994 3996 3997 3995)
4(3995 3997 4001 3999)
4(3994 3995 3999 3998)
4(3994 3998 4000 3996)
4(2483 2485 3997 3995)
4(2482 2483 3995 3994)
4(2482 3994 3996 2484)
4(2482 2484 2485 2483)
4(3995 4016 4018 3997)
4(2483 3066 4016 3995)
4(2483 2485 3068 3066)
4(3995 4016 4020 3999)
4(3087 3601 4020 3999)
4(3599 4016 4020 3601)
4(3085 3995 4016 3599)
4(3085 3087 3999 3995)
4(3599 4016 4017 3600)
4(2454 3599 4016 3066)
4(2454 3066 3067 2455)
4(1926 3085 3995 2483)
4(1926 2483 3066 2454)
4(3084 3085 3995 3994)
4(1925 3084 3994 2482)
4(1925 2482 2483 1926)
4(3084 3086 3998 3994)
4(3612 3992 3998 3994)
4(3080 3612 3994 3084)
4(3080 3083 3992 3612)
4(3612 3613 3996 3994)
4(2476 2482 3994 3612)
4(2476 2477 2484 2482)
4(1922 3080 3612 2476)
4(1922 2476 2482 1925)
4(3079 3080 3612 3611)
4(1921 3079 3611 2475)
4(1921 2475 2476 1922)
4(3079 3082 3991 3611)
4(6114 350 351 6115)
4(6114 6115 6119 6118)
4(6094 348 349 6095)
4(6094 6095 6115 6114)
4(6090 346 347 6091)
4(6090 6091 6095 6094)
4(742 743 6091 6090)
4(742 1369 1370 743)
4(6088 6089 6091 6090)
4(740 6088 6090 742)
4(741 743 6091 6089)
4(740 742 743 741)
4(6092 6093 6095 6094)
4(6088 6092 6094 6090)
4(6112 6113 6115 6114)
4(6092 6112 6114 6094)
4(6112 6116 6118 6114)
4(6109 6116 6118 6111)
4(6105 6112 6116 6109)
4(6105 6107 6114 6112)
4(6105 6109 6111 6107)
4(799 806 808 801)
4(6109 6116 806 799)
4(6109 799 801 6111)
4(799 806 810 803)
4(799 803 805 801)
4(792 799 806 796)
4(792 795 803 799)
4(6101 792 799 6109)
4(6101 6109 6116 6103)
4(791 792 799 798)
4(6108 798 799 6109)
4(6100 791 798 6108)
4(6100 6108 6109 6101)
4(794 795 803 802)
4(798 802 803 799)
4(791 794 802 798)
4(802 1388 1389 803)
4(794 815 1388 802)
4(802 804 805 803)
4(783 788 1388 815)
4(783 815 818 787)
4(771 794 815 783)
4(771 773 802 794)
4(781 814 815 783)
4(769 781 783 771)
4(769 771 794 793)
4(781 785 787 783)
4(6098 6105 6112 6102)
4(6098 6101 6109 6105)
4(6085 6105 6112 6092)
4(6077 6085 6092 6079)
4(6077 6098 6105 6085)
4(6085 6105 6107 6087)
4(6085 6087 6094 6092)
4(6104 6105 6107 6106)
4(6084 6086 6087 6085)
4(6084 6085 6105 6104)
4(6108 6109 6111 6110)
4(6104 6105 6109 6108)
4(798 799 801 800)
4(767 772 798 791)
4(767 791 794 771)
4(5544 6100 791 767)
4(5544 5546 6108 6100)
4(784 3646 3648 786)
4(784 786 787 785)
4(3641 3646 3648 3642)
4(778 784 3646 3641)
4(778 779 786 784)
4(3641 3646 3650 3644)
4(4530 3641 3646 4535)
4(4530 4534 3644 3641)
4(1972 4530 3641 778)
4(1972 778 784 1974)
4(4529 4530 3641 3640)
4(1971 777 778 1972)
4(1971 1972 4530 4529)
4(4533 4534 3644 3643)
4(4529 4530 4534 4533)
4(4533 4534 4542 4541)
4(780 781 783 782)
4(768 780 782 770)
4(768 770 771 769)
4(780 784 786 782)
4(775 780 784 778)
4(775 776 782 780)
4(1968 775 780 1973)
4(1968 1972 778 775)
4(358 775 780 768)
4(1380 358 768 1382)
4(1380 1968 775 358)
4(358 359 770 768)
4(6152 6158 6159 6153)
4(6152 6153 6157 6156)
4(6138 6139 6153 6152)
4(6138 6143 6144 6139)
4(6150 6151 6153 6152)
4(6136 6150 6152 6138)
4(6136 6138 6139 6137)
4(6150 6154 6156 6152)
4(6146 6147 6152 6150)
4(6130 6131 6138 6136)
4(6134 6140 6141 6135)
4(6134 6135 6139 6138)
4(5014 5015 6135 6134)
4(5014 5019 5020 5015)
4(6132 6133 6135 6134)
4(5012 6132 6134 5014)
4(5012 5014 5015 5013)
4(6132 6136 6138 6134)
4(6128 6129 6134 6132)
4(4607 4608 5014 5012)
4(5010 5016 5017 5011)
4(5010 5011 5015 5014)
4(4597 4598 5011 5010)
4(4597 4602 4603 4598)
4(4609 4610 5011 5010)
4(4595 4609 5010 4597)
4(4595 4597 4598 4596)
4(4609 5012 5014 5010)
4(4605 4606 5010 4609)
4(4589 4590 4597 4595)
4(4593 4599 4600 4594)
4(4593 4594 4598 4597)
4(316 321 4600 4594)
4(315 316 4594 4593)
4(315 320 321 316)
4(316 321 6067 6062)
4(318 321 6067 6063)
4(312 318 6063 6061)
4(312 316 321 318)
4(318 319 6065 6063)
4(6055 6057 6065 6063)
4(303 6055 6063 318)
4(303 304 6057 6055)
4(6055 6057 6058 6056)
4(6047 303 6055 6050)
4(6047 312 318 303)
4(361 767 791 790)
4(361 769 771 767)
4(5542 5544 6100 6099)
4(5542 361 767 5544)
4(360 766 767 361)
4(360 768 770 766)
4(6081 6083 6087 6085)
4(6080 6082 6083 6081)
4(6080 6081 6085 6084)
4(6081 6088 6092 6085)
4(6081 6083 6090 6088)
4(6074 6081 6088 6078)
4(6074 6077 6085 6081)
4(733 6081 6088 740)
4(725 6074 6081 733)
4(725 733 740 727)
4(733 6081 6083 735)
4(733 735 742 740)
4(732 733 6081 6080)
4(732 734 735 733)
4(6097 6104 6108 6100)
4(5540 5545 6104 6097)
4(5540 6097 6100 5544)
4(6097 6104 6105 6098)
4(6076 6097 6104 6084)
4(6076 6084 6085 6077)
4(5528 6076 6097 5540)
4(5528 5530 6084 6076)
4(5538 6096 6097 5540)
4(5526 5528 6076 6075)
4(5526 5538 5540 5528)
4(5538 5542 5544 5540)
4(6073 6076 6084 6080)
4(6073 6080 6081 6074)
4(5524 5529 6080 6073)
4(5524 6073 6076 5528)
4(724 732 6080 6073)
4(693 724 6073 5524)
4(693 695 732 724)
4(724 732 733 725)
4(5522 5547 6073 5524)
4(691 5522 5524 693)
4(691 693 724 723)
4(5522 5526 5528 5524)
4(5541 5542 5544 5543)
4(5537 5541 5543 5539)
4(5537 5539 5540 5538)
4(5541 360 766 5543)
4(355 360 768 358)
4(355 356 766 360)
4(1376 355 360 1381)
4(1376 1380 358 355)
4(5535 355 360 5541)
4(343 1376 355 5535)
4(343 5535 5541 345)
4(5535 5536 5543 5541)
4(1375 1376 355 354)
4(342 5534 5535 343)
4(342 343 1376 1375)
4(1379 1380 358 357)
4(1375 1376 1380 1379)
4(1967 1968 775 774)
4(1379 1380 1968 1967)
4(1967 1968 1972 1971)
4(1969 1970 1972 1971)
4(1385 1969 1971 1967)
4(1385 1967 1968 1386)
4(4527 4528 4530 4529)
4(1969 4527 4529 1971)
4(4531 4532 4534 4533)
4(4527 4531 4533 4529)
4(4539 4540 4542 4541)
4(4531 4539 4541 4533)
4(4543 4544 4546 4545)
4(4539 4543 4545 4541)
4(6051 6052 6054 6053)
4(4543 6051 6053 4545)
4(6051 6055 6057 6053)
4(300 6051 6055 303)
4(300 301 6053 6051)
4(6043 300 6051 6049)
4(6043 6047 303 300)
4(4970 300 6051 4543)
4(4965 4970 4543 4538)
4(4965 6043 300 4970)
4(4970 4971 4545 4543)
4(4967 4539 4543 4970)
4(4967 4968 4541 4539)
4(4961 4967 4539 4537)
4(4961 4965 4970 4967)
4(4952 4967 4539 4531)
4(4947 4952 4531 4526)
4(4947 4961 4967 4952)
4(4952 4953 4533 4531)
4(4949 4527 4531 4952)
4(4949 4950 4529 4527)
4(4943 4949 4527 4525)
4(4943 4947 4952 4949)
4(1965 4949 4527 1969)
4(1960 1965 1969 1384)
4(1960 4943 4949 1965)
4(1965 1966 1971 1969)
4(1962 1385 1969 1965)
4(1962 1963 1967 1385)
4(1956 1962 1385 1383)
4(1956 1960 1965 1962)
4(1377 1385 1967 1379)
4(1377 1379 1380 1378)
4(1947 1377 1385 1962)
4(1947 1948 1379 1377)
4(715 1364 3611 3079)
4(715 719 1366 1364)
4(715 3079 3082 719)
4(6035 715 1364 258)
4(6035 1921 3079 715)
4(6035 258 2475 1921)
4(3062 3063 3065 3064)
4(3051 3053 3065 3063)
4(3050 3052 3053 3051)
4(3050 3062 3064 3052)
4(3050 3051 3063 3062)
4(3063 3065 3069 3067)
4(3062 3066 3068 3064)
4(3062 3063 3067 3066)
4(3063 3070 3074 3067)
4(3063 3065 3072 3070)
4(2453 3063 3070 2456)
4(2453 2455 3067 3063)
4(3051 3063 3070 3058)
4(1930 3051 3058 2451)
4(1930 2453 3063 3051)
4(3051 3053 3060 3058)
4(3054 3056 3060 3058)
4(3047 3054 3058 3051)
4(3047 3049 3056 3054)
4(3047 3051 3053 3049)
4(3054 3056 3057 3055)
4(1928 3047 3054 2450)
4(1928 1930 3051 3047)
4(6004 3047 3054 6011)
4(5425 1928 3047 6004)
4(5425 6004 6011 5427)
4(6011 6013 3056 3054)
4(6004 3047 3049 6006)
4(6004 6006 6013 6011)
4(6011 6013 6014 6012)
4(5532 5537 5541 5535)
4(5532 5533 5539 5537)
4(339 5532 5537 344)
4(339 343 5535 5532)
4(5519 5532 5537 5525)
4(331 5519 5525 333)
4(331 339 5532 5519)
4(5525 5527 5539 5537)
4(5519 5520 5527 5525)
4(5525 5527 5528 5526)
4(5521 5523 5524 5522)
4(5521 5525 5527 5523)
4(690 5521 5523 692)
4(690 692 693 691)
4(5516 5521 5523 5517)
4(279 690 5521 5516)
4(279 280 692 690)
4(5516 5521 5525 5519)
4(327 5516 5521 332)
4(327 331 5519 5516)
4(1310 327 5516 279)
4(1310 279 690 1312)
4(326 327 5516 5515)
4(1309 278 279 1310)
4(1309 1310 327 326)
4(330 331 5519 5518)
4(326 327 331 330)
4(338 339 5532 5531)
4(330 331 339 338)
4(338 339 343 342)
4(340 341 343 342)
4(336 340 342 338)
4(336 338 339 337)
4(1373 1374 1376 1375)
4(340 1373 1375 342)
4(1373 1377 1379 1375)
4(1015 1019 1020 1016)
4(456 1016 1020 458)
4(455 1015 1016 456)
4(455 457 1019 1015)
4(1016 1018 1022 1020)
4(1015 1017 1018 1016)
4(1015 1019 1021 1017)
4(460 1024 1031 463)
4(460 462 1028 1024)
4(5641 460 1024 6209)
4(5641 6209 6213 5643)
4(459 460 1024 1023)
4(6208 1023 1024 6209)
4(5640 459 1023 6208)
4(5640 6208 6209 5641)
4(461 462 1028 1027)
4(1023 1027 1028 1024)
4(459 461 1027 1023)
4(465 466 1614 1613)
4(461 465 1613 1027)
4(1027 1613 1614 1028)
4(1613 1617 1618 1614)
4(465 467 1617 1613)
4(1613 1617 1619 1615)
4(1613 1615 1616 1614)
4(1016 1613 1617 1020)
4(1016 1018 1615 1613)
4(456 1016 1613 465)
4(1004 1016 1613 1027)
4(450 1004 1027 461)
4(450 456 1016 1004)
4(1027 1029 1615 1613)
4(1004 1006 1029 1027)
4(1004 1016 1018 1006)
4(1027 1029 1030 1028)
4(1023 1025 1026 1024)
4(1023 1027 1029 1025)
4(6208 1023 1025 6210)
4(6208 6210 6211 6209)
4(1000 1023 1025 1002)
4(5673 6208 1023 1000)
4(5673 5675 6210 6208)
4(5673 1000 1002 5675)
4(1000 1023 1027 1004)
4(1000 1004 1006 1002)
4(448 1000 1023 459)
4(448 450 1004 1000)
4(5108 448 1000 5673)
4(5108 5673 6208 5640)
4(447 448 1000 999)
4(5672 999 1000 5673)
4(5107 447 999 5672)
4(5107 5672 5673 5108)
4(449 450 1004 1003)
4(999 1003 1004 1000)
4(447 449 1003 999)
4(1003 1015 1016 1004)
4(449 455 1015 1003)
4(1003 1015 1017 1005)
4(1003 1005 1006 1004)
4(201 1007 1009 203)
4(995 997 1009 1007)
4(5966 5968 997 995)
4(5966 201 203 5968)
4(201 205 207 203)
4(452 1008 1012 454)
4(451 1007 1008 452)
4(1008 1012 1019 1015)
4(452 1008 1015 455)
4(1008 1010 1017 1015)
4(996 1003 1015 1008)
4(996 1008 1010 998)
4(996 998 1005 1003)
4(446 452 1008 996)
4(446 996 1003 449)
4(995 1007 1008 996)
4(445 995 996 446)
4(995 997 998 996)
4(991 993 994 992)
4(992 994 998 996)
4(991 992 996 995)
4(991 995 997 993)
4(6204 6208 6209 6205)
4(5639 6205 6209 5641)
4(5638 6204 6205 5639)
4(5638 5640 6208 6204)
4(6204 6206 6207 6205)
4(6204 6208 6210 6206)
4(6198 6199 6205 6204)
4(6198 6204 6206 6200)
4(6198 6200 6201 6199)
4(5639 6205 6212 5642)
4(5635 6199 6203 5637)
4(5635 5639 6205 6199)
4(5633 6195 6202 5636)
4(5633 5635 6199 6195)
4(4591 4595 4597 4593)
4(4591 4593 4594 4592)
4(4587 4588 4593 4591)
4(313 315 4593 4591)
4(307 308 315 313)
4(313 315 316 314)
4(311 317 318 312)
4(311 312 316 315)
4(6046 6047 312 311)
4(6046 302 303 6047)
4(309 310 312 311)
4(6044 309 311 6046)
4(6044 6046 6047 6045)
4(309 313 315 311)
4(305 306 311 309)
4(6038 6039 6046 6044)
4(6042 299 300 6043)
4(6042 6043 6047 6046)
4(4964 4965 6043 6042)
4(4964 4969 4970 4965)
4(6040 6041 6043 6042)
4(4962 6040 6042 4964)
4(4962 4964 4965 4963)
4(6040 6044 6046 6042)
4(6036 6037 6042 6040)
4(4956 4957 4964 4962)
4(4960 4966 4967 4961)
4(4960 4961 4965 4964)
4(4946 4947 4961 4960)
4(4946 4951 4952 4947)
4(4958 4960 4964 4962)
4(4954 4955 4960 4958)
4(4958 4960 4961 4959)
4(4944 4946 4960 4958)
4(4938 4939 4946 4944)
4(4944 4946 4947 4945)
4(4942 4946 4947 4943)
4(4940 4942 4943 4941)
4(4940 4944 4946 4942)
4(4942 4948 4949 4943)
4(1959 1960 4943 4942)
4(1959 1964 1965 1960)
4(1957 4940 4942 1959)
4(1957 1959 1960 1958)
4(4936 4940 4942 4937)
4(1951 1952 1959 1957)
4(741 743 3593 3592)
4(737 739 3590 3589)
4(737 741 743 739)
4(717 737 739 719)
4(717 719 3082 3081)
4(738 742 743 739)
4(736 738 739 737)
4(736 740 742 738)
4(738 1367 1368 739)
4(718 1365 1366 719)
4(718 719 739 738)
4(714 1363 1364 715)
4(714 715 719 718)
4(6034 6035 715 714)
4(6034 257 258 6035)
4(712 713 715 714)
4(6033 6035 715 713)
4(6032 712 714 6034)
4(6032 6034 6035 6033)
4(716 717 719 718)
4(713 715 719 717)
4(712 716 718 714)
4(716 736 738 718)
4(729 736 738 731)
4(709 716 736 729)
4(709 729 731 711)
4(709 711 718 716)
4(729 736 740 733)
4(729 733 735 731)
4(722 729 736 726)
4(722 725 733 729)
4(701 722 729 709)
4(701 709 716 703)
4(713 715 3079 3078)
4(6033 6035 1921 1920)
4(1919 2473 2476 1922)
4(1918 1921 2475 2472)
4(1918 2472 2473 1919)
4(2473 2476 2482 2478)
4(1923 2478 2482 1925)
4(1919 2473 2478 1923)
4(2478 2480 2484 2482)
4(2473 2474 2480 2478)
4(3046 3047 3049 3048)
4(6003 6004 3047 3046)
4(6003 3046 3048 6005)
4(6003 6005 6006 6004)
4(3046 3050 3052 3048)
4(3046 3047 3051 3050)
4(2469 3050 3052 2471)
4(2465 3046 3050 2469)
4(2465 2467 3048 3046)
4(2465 2469 2471 2467)
4(2479 3062 3064 2481)
4(2469 3050 3062 2479)
4(2469 2479 2481 2471)
4(2479 3062 3066 2483)
4(2479 2483 2485 2481)
4(2452 3062 3066 2454)
4(1924 2479 3062 2452)
4(1924 1926 2483 2479)
4(2452 3062 3063 2453)
4(1929 2452 3062 3050)
4(1929 3050 3051 1930)
4(1916 2469 3050 1929)
4(1916 1924 2479 2469)
4(1927 3046 3050 1929)
4(1914 2465 3046 1927)
4(1914 1916 2469 2465)
4(1927 3046 3047 1928)
4(5424 1927 3046 6003)
4(5424 6003 6004 5425)
4(5453 2465 3046 6003)
4(4935 1914 2465 5453)
4(4935 5453 6003 5424)
4(5453 2465 2467 5455)
4(5453 5455 6005 6003)
4(2464 2465 2467 2466)
4(5452 5453 2465 2464)
4(5452 2464 2466 5454)
4(5452 5454 5455 5453)
4(2468 2469 2471 2470)
4(2464 2468 2470 2466)
4(2464 2465 2469 2468)
4(2478 2479 2481 2480)
4(2468 2469 2479 2478)
4(2468 2478 2480 2470)
4(2478 2479 2483 2482)
4(1923 2478 2479 1924)
4(1915 1923 2478 2468)
4(1915 2468 2469 1916)
4(2462 2473 2478 2468)
4(1912 1919 2473 2462)
4(1912 2462 2468 1915)
4(2462 2463 2470 2468)
4(6007 6008 6010 6009)
4(5995 6007 6009 5997)
4(5995 5997 5998 5996)
4(6007 6011 6013 6009)
4(6000 6007 6011 6004)
4(6000 6002 6009 6007)
4(6000 6004 6006 6002)
4(5423 6000 6007 5426)
4(5423 5425 6004 6000)
4(5988 6000 6007 5995)
4(5419 5988 5995 5421)
4(5419 5423 6000 5988)
4(5988 6000 6002 5990)
4(5988 5990 5997 5995)
4(5999 6000 6002 6001)
4(5987 5989 5990 5988)
4(5987 5999 6001 5989)
4(5987 5988 6000 5999)
4(5999 6000 6004 6003)
4(5999 6003 6005 6001)
4(5991 5992 5994 5993)
4(4912 5991 5993 4914)
4(4912 4914 4915 4913)
4(5991 5995 5997 5993)
4(5984 5991 5995 5988)
4(5984 5986 5993 5991)
4(5984 5988 5990 5986)
4(5417 5984 5991 5420)
4(5417 5419 5988 5984)
4(4510 5984 5991 4912)
4(3982 4510 4912 3984)
4(3982 5417 5984 4510)
4(4510 5984 5986 4512)
4(4510 4512 4914 4912)
4(5983 5984 5986 5985)
4(4509 4511 4512 4510)
4(4509 5983 5985 4511)
4(4509 4510 5984 5983)
4(5983 5984 5988 5987)
4(5983 5987 5989 5985)
4(4513 4514 4516 4515)
4(4501 4513 4515 4503)
4(4501 4503 4504 4502)
4(4513 4912 4914 4515)
4(4506 4513 4912 4510)
4(4506 4508 4515 4513)
4(4506 4510 4512 4508)
4(3980 4506 4513 3983)
4(3980 3982 4510 4506)
4(4494 4506 4513 4501)
4(3976 4494 4501 3978)
4(3976 3980 4506 4494)
4(4494 4506 4508 4496)
4(4494 4496 4503 4501)
4(4505 4506 4508 4507)
4(4493 4495 4496 4494)
4(4493 4505 4507 4495)
4(4493 4494 4506 4505)
4(4505 4509 4511 4507)
4(4505 4506 4510 4509)
4(4497 4498 4500 4499)
4(204 4497 4499 206)
4(204 206 207 205)
4(4497 4501 4503 4499)
4(4490 4497 4501 4494)
4(4490 4492 4499 4497)
4(4490 4494 4496 4492)
4(3974 4490 4497 3977)
4(3974 3976 4494 4490)
4(197 4490 4497 204)
4(5922 3974 4490 197)
4(5922 197 204 5924)
4(197 4490 4492 199)
4(197 199 206 204)
4(4489 4490 4492 4491)
4(196 197 4490 4489)
4(196 4489 4491 198)
4(196 198 199 197)
4(4489 4493 4495 4491)
4(4489 4490 4494 4493)
4(704 705 707 706)
4(6025 6027 707 705)
4(6024 6025 705 704)
4(6024 6026 6027 6025)
4(708 709 711 710)
4(704 705 709 708)
4(705 707 711 709)
4(728 729 731 730)
4(708 709 729 728)
4(728 729 733 732)
4(721 728 732 724)
4(284 694 728 721)
4(284 721 724 693)
4(721 728 729 722)
4(700 721 728 708)
4(700 708 709 701)
4(272 274 708 700)
4(272 700 721 284)
4(697 704 708 700)
4(268 697 700 272)
4(268 273 704 697)
4(698 705 709 701)
4(697 704 705 698)
4(705 709 716 712)
4(698 705 712 702)
4(705 707 714 712)
4(6025 6032 712 705)
4(6025 6027 6034 6032)
4(6017 698 705 6025)
4(6017 6025 6032 6019)
4(282 284 721 720)
4(282 691 693 284)
4(270 272 700 699)
4(270 282 284 272)
4(266 268 697 696)
4(266 270 272 268)
4(6031 6035 1921 1918)
4(6029 6031 1918 1917)
4(6029 6033 6035 6031)
4(6031 256 2472 1918)
4(6031 6035 258 256)
4(1911 2461 2472 1918)
4(5511 254 2461 1911)
4(5511 1911 1918 6031)
4(5511 6031 256 254)
4(1911 2461 2462 1912)
4(1909 2459 2462 1912)
4(1908 1911 2461 2458)
4(1908 2458 2459 1909)
4(2459 2464 2468 2462)
4(2459 2460 2466 2464)
4(1913 2464 2468 1915)
4(1909 2459 2464 1913)
4(1913 2464 2465 1914)
4(4934 1913 2464 5452)
4(4934 5452 5453 4935)
4(5446 2459 2464 5452)
4(4931 1909 2459 5446)
4(4931 5446 5452 4934)
4(5446 5447 5454 5452)
4(5507 252 2458 1908)
4(5507 1908 1911 5511)
4(5507 5511 254 252)
4(4930 5445 2458 1908)
4(3045 4930 1908 5507)
4(3045 5507 252 3578)
4(3045 3578 5445 4930)
4(4930 5445 5446 4931)
4(5422 5424 6003 5999)
4(5422 5999 6000 5423)
4(5449 5453 6003 5999)
4(4933 5449 5999 5422)
4(4933 4935 5453 5449)
4(5449 5451 6001 5999)
4(5449 5453 5455 5451)
4(5439 5987 5999 5449)
4(5439 5441 5989 5987)
4(5439 5449 5451 5441)
4(5418 5987 5999 5422)
4(4925 5439 5987 5418)
4(4925 4933 5449 5439)
4(5418 5987 5988 5419)
4(5416 5418 5987 5983)
4(5416 5983 5984 5417)
4(5435 5439 5987 5983)
4(4923 5435 5983 5416)
4(4923 4925 5439 5435)
4(5435 5437 5985 5983)
4(5435 5439 5441 5437)
4(4486 4509 5983 5435)
4(4486 5435 5437 4488)
4(4486 4488 4511 4509)
4(3981 4509 5983 5416)
4(3972 4923 5435 4486)
4(3972 4486 4509 3981)
4(3981 4509 4510 3982)
4(5509 5511 1911 1910)
4(5509 6029 6031 5511)
4(5505 5507 1908 1907)
4(5505 5509 5511 5507)
4(3043 5505 5507 3045)
4(3043 3045 4930 4929)
4(5504 5505 5507 5506)
4(3044 5506 5507 3045)
4(3042 5504 5506 3044)
4(3042 3044 3045 3043)
4(5508 5509 5511 5510)
4(5506 5510 5511 5507)
4(5504 5508 5510 5506)
4(6028 6029 6031 6030)
4(5510 6030 6031 5511)
4(5508 6028 6030 5510)
4(6030 6034 6035 6031)
4(6028 6032 6034 6030)
4(6030 255 256 6031)
4(5510 253 254 5511)
4(5506 251 252 5507)
4(3044 3577 3578 3045)
4(3041 3576 3578 3045)
4(3040 3575 3576 3041)
4(3040 3041 3045 3044)
4(5448 5450 5454 5452)
4(5443 5448 5452 5446)
4(5443 5444 5450 5448)
4(5448 5449 5453 5452)
4(5448 5450 5451 5449)
4(4932 4934 5452 5448)
4(4932 5448 5449 4933)
4(4928 5443 5448 4932)
4(4928 4931 5446 5443)
4(5432 5443 5448 5438)
4(4924 5438 5448 4932)
4(4921 5432 5438 4924)
4(4921 4928 5443 5432)
4(5438 5440 5450 5448)
4(5432 5433 5440 5438)
4(5438 5439 5449 5448)
4(5438 5440 5441 5439)
4(4924 5438 5439 4925)
4(5434 5438 5439 5435)
4(4922 4924 5438 5434)
4(4922 5434 5435 4923)
4(5434 5436 5437 5435)
4(5434 5438 5440 5436)
4(4485 5434 5436 4487)
4(4485 4486 5435 5434)
4(4485 4487 4488 4486)
4(5429 5434 5436 5430)
4(4479 4485 5434 5429)
4(4479 4480 4487 4485)
4(5429 5434 5438 5432)
4(4918 5429 5434 4922)
4(4918 4921 5432 5429)
4(3971 4485 5434 4922)
4(3968 4918 5429 4479)
4(3968 4479 4485 3971)
4(3971 4485 4486 3972)
4(4927 4930 5445 5442)
4(4927 5442 5443 4928)
4(3041 3576 5442 4927)
4(3041 4927 4930 3045)
4(4920 5431 5442 4927)
4(3021 3574 5431 4920)
4(3021 4920 4927 3041)
4(3021 3041 3576 3574)
4(4920 5431 5432 4921)
4(4917 5428 5431 4920)
4(2449 3572 5428 4917)
4(2449 4917 4920 3021)
4(2449 3021 3574 3572)
4(4917 5428 5429 4918)
4(3967 4917 5428 4478)
4(3967 4478 4479 3968)
4(1362 3967 4917 2449)
4(1362 2449 3572 1906)
4(1362 1906 4478 3967)
4(2447 4916 4917 2449)
4(1360 2447 2449 1362)
4(1360 1362 3967 3966)
4(3019 4919 4920 3021)
4(2447 3019 3021 2449)
4(3039 4926 4927 3041)
4(3019 3039 3041 3021)
4(3039 3043 3045 3041)
4(4482 4486 4509 4505)
4(3970 4482 4505 3979)
4(3979 4505 4509 3981)
4(3970 3972 4486 4482)
4(4482 4484 4507 4505)
4(4482 4486 4488 4484)
4(4472 4493 4505 4482)
4(4472 4482 4484 4474)
4(4472 4474 4495 4493)
4(3975 4493 4505 3979)
4(3588 3970 4482 4472)
4(3588 4472 4493 3975)
4(3979 3980 4506 4505)
4(3975 4493 4494 3976)
4(6016 697 704 6024)
4(6016 6024 6025 6017)
4(5485 5487 6024 6016)
4(5485 6016 697 268)
4(5496 5497 5499 5498)
4(3035 3037 5499 5497)
4(3034 3036 3037 3035)
4(3034 3035 5497 5496)
4(5500 5501 5503 5502)
4(5497 5499 5503 5501)
4(5496 5497 5501 5500)
4(6020 6021 6023 6022)
4(5501 5503 6023 6021)
4(5500 5501 6021 6020)
4(6021 6023 6027 6025)
4(6020 6021 6025 6024)
4(6021 6028 6032 6025)
4(6021 6023 6030 6028)
4(5514 6021 6028 6018)
4(5514 6017 6025 6021)
4(5501 6021 6028 5508)
4(5493 5501 5508 5495)
4(5493 5514 6021 5501)
4(5501 5503 5510 5508)
4(5497 5504 5508 5501)
4(5497 5499 5506 5504)
4(5490 5497 5504 5494)
4(5490 5493 5501 5497)
4(3035 5497 5504 3042)
4(3027 5490 5497 3035)
4(3027 3035 3042 3029)
4(3035 3037 3044 3042)
4(3031 3035 3037 3033)
4(3038 3040 3044 3042)
4(3031 3033 3040 3038)
4(3031 3038 3042 3035)
4(3020 3573 3574 3021)
4(3020 3021 3041 3040)
4(2448 3571 3572 2449)
4(2448 2449 3021 3020)
4(1361 1362 2449 2448)
4(1361 1905 1906 1362)
4(2438 2439 2441 2440)
4(1352 1354 2441 2439)
4(1351 1353 1354 1352)
4(1351 1352 2439 2438)
4(2442 2443 2445 2444)
4(2438 2439 2443 2442)
4(2439 2441 2445 2443)
4(3030 3031 3033 3032)
4(2443 2445 3033 3031)
4(2442 2443 3031 3030)
4(3030 3031 3035 3034)
4(5513 6020 6024 6016)
4(5481 5486 6020 5513)
4(5481 5513 6016 5485)
4(5513 6020 6021 5514)
4(5492 5513 6020 5500)
4(5492 5500 5501 5493)
4(5469 5492 5513 5481)
4(5469 5471 5500 5492)
4(5479 5512 5513 5481)
4(5467 5469 5492 5491)
4(5467 5479 5481 5469)
4(5483 6015 6016 5485)
4(5479 5483 5485 5481)
4(5483 266 268 5485)
4(281 283 284 282)
4(281 690 692 283)
4(269 281 283 271)
4(269 271 272 270)
4(276 281 283 277)
4(263 269 281 276)
4(263 264 271 269)
4(276 281 690 279)
4(1306 276 281 1311)
4(1306 1310 279 276)
4(1298 1306 276 263)
4(1298 263 269 1300)
4(1305 1306 276 275)
4(1297 1298 1306 1305)
4(1297 262 263 1298)
4(1305 1306 1310 1309)
4(2726 5633 6195 3295)
4(2726 3295 3299 2728)
4(5632 5633 6195 6194)
4(2725 3294 3295 2726)
4(3294 6194 6195 3295)
4(2725 5632 6194 3294)
4(5634 5635 6199 6198)
4(6194 6198 6199 6195)
4(5632 5634 6198 6194)
4(5634 5638 6204 6198)
4(5106 5638 6204 5669)
4(5657 5669 6204 6198)
4(5100 5657 6198 5634)
4(5100 5106 5669 5657)
4(5669 5673 6208 6204)
4(5106 5108 5673 5669)
4(5669 5671 6206 6204)
4(5669 5673 5675 5671)
4(5657 5659 6200 6198)
4(5657 5669 5671 5659)
4(6194 6196 6200 6198)
4(5653 5655 6196 6194)
4(5653 6194 6198 5657)
4(5653 5657 5659 5655)
4(5665 5667 994 992)
4(5664 991 993 5666)
4(5664 5665 992 991)
4(5664 5666 5667 5665)
4(992 999 1001 994)
4(5672 5674 1001 999)
4(5665 5667 5674 5672)
4(5665 5672 999 992)
4(999 1001 1005 1003)
4(992 999 1003 996)
4(999 1001 1002 1000)
4(5672 5674 5675 5673)
4(5668 5669 5671 5670)
4(5656 5657 5669 5668)
4(5656 5668 5670 5658)
4(5656 5658 5659 5657)
4(5668 5672 5674 5670)
4(5668 5669 5673 5672)
4(5661 5668 5672 5665)
4(5661 5665 5667 5663)
4(5661 5663 5670 5668)
4(5104 5107 5672 5665)
4(5105 5668 5672 5107)
4(5102 5104 5665 5661)
4(5102 5661 5668 5105)
4(6215 447 999 992)
4(5104 6215 992 5665)
4(6215 446 996 992)
4(6214 991 992 6215)
4(2724 3291 3298 2727)
4(2724 2726 3295 3291)
4(2720 3285 3289 2722)
4(2720 2724 3291 3285)
4(2718 3281 3288 2721)
4(2718 2720 3285 3281)
4(989 2718 3281 2188)
4(989 2188 2192 1570)
4(2717 2718 3281 3280)
4(2187 3280 3281 2188)
4(988 2187 2188 989)
4(988 2717 3280 2187)
4(2719 2720 3285 3284)
4(2717 2719 3284 3280)
4(3280 3284 3285 3281)
4(2723 2724 3291 3290)
4(2719 2723 3290 3284)
4(3284 3290 3291 3285)
4(3290 3294 3295 3291)
4(2723 2725 3294 3290)
4(3294 3295 3297 3296)
4(3290 3294 3296 3292)
4(3290 3292 3293 3291)
4(6194 6195 6197 6196)
4(3294 6194 6196 3296)
4(3277 3294 6194 5653)
4(3277 5653 5655 3279)
4(3277 3279 3296 3294)
4(5098 5632 6194 5653)
4(2208 5098 5653 3277)
4(2208 3277 3294 2725)
4(5098 5100 5657 5653)
4(5099 5100 5657 5656)
4(5652 5656 5657 5653)
4(5097 5099 5656 5652)
4(5097 5652 5653 5098)
4(5105 5106 5669 5668)
4(5099 5105 5668 5656)
4(5962 991 993 5964)
4(4909 4911 5666 5664)
4(4909 5962 5964 4911)
4(5962 5966 5968 5964)
4(5965 5966 5968 5967)
4(5961 5963 5964 5962)
4(5961 5965 5967 5963)
4(200 201 203 202)
4(5965 200 202 5967)
4(200 204 206 202)
4(5103 5104 5665 5664)
4(5660 5664 5665 5661)
4(5101 5660 5661 5102)
4(5660 5664 5666 5662)
4(5660 5662 5663 5661)
4(4905 4907 5662 5660)
4(4905 4909 4911 4907)
4(5648 5650 5662 5660)
4(4893 4895 5650 5648)
4(4893 4905 4907 4895)
4(5649 5651 5663 5661)
4(5648 5649 5661 5660)
4(5648 5650 5651 5649)
4(5649 5656 5668 5661)
4(5649 5651 5658 5656)
4(5096 5102 5661 5649)
4(5096 5649 5656 5099)
4(5095 5648 5649 5096)
4(5644 5648 5649 5645)
4(5094 5645 5649 5096)
4(5093 5644 5645 5094)
4(5645 5647 5651 5649)
4(5644 5646 5647 5645)
4(5644 5648 5650 5646)
4(5652 5654 5658 5656)
4(5645 5647 5654 5652)
4(5645 5652 5656 5649)
4(5652 5654 5655 5653)
4(3276 5652 5654 3278)
4(3276 3277 5653 5652)
4(3276 3278 3279 3277)
4(2750 3276 5652 5645)
4(2750 2752 3278 3276)
4(2750 5645 5647 2752)
4(5094 5097 5652 5645)
4(2207 3276 5652 5097)
4(2204 2750 3276 2207)
4(2204 5094 5645 2750)
4(2207 3276 3277 2208)
4(3272 3276 3277 3273)
4(2206 3273 3277 2208)
4(2205 3272 3273 2206)
4(2205 2207 3276 3272)
4(3272 3274 3275 3273)
4(3273 3275 3279 3277)
4(3272 3276 3278 3274)
4(2742 2744 3275 3273)
4(2741 2742 3273 3272)
4(2741 3272 3274 2743)
4(2741 2743 2744 2742)
4(3273 3290 3292 3275)
4(2742 3284 3290 3273)
4(2742 2744 3286 3284)
4(3284 3286 3292 3290)
4(3273 3290 3294 3277)
4(2206 3273 3290 2723)
4(2200 2742 3284 2719)
4(2200 2206 3273 2742)
4(2738 2742 3284 3280)
4(2198 2738 3280 2717)
4(2198 2200 2742 2738)
4(2738 2740 3282 3280)
4(3280 3282 3286 3284)
4(2738 2742 2744 2740)
4(2187 2189 3282 3280)
4(1600 2187 3280 2738)
4(1600 2738 2740 1602)
4(1600 1602 2189 2187)
4(3280 3281 3283 3282)
4(2187 2189 2190 2188)
4(3284 3285 3287 3286)
4(2183 2185 2186 2184)
4(2183 2184 2188 2187)
4(2183 2187 2189 2185)
4(1607 1608 2184 2183)
4(1607 2183 2185 1609)
4(1607 1609 1610 1608)
4(987 2184 2191 990)
4(987 989 2188 2184)
4(983 1608 1612 985)
4(983 987 2184 1608)
4(981 1604 1611 984)
4(981 983 1608 1604)
4(2181 981 1604 3267)
4(2181 3267 3271 2672)
4(980 981 1604 1603)
4(3266 1603 1604 3267)
4(2180 980 1603 3266)
4(2180 3266 3267 2181)
4(982 983 1608 1607)
4(980 982 1607 1603)
4(1603 1607 1608 1604)
4(986 987 2184 2183)
4(982 986 2183 1607)
4(986 988 2187 2183)
4(979 988 2187 1600)
4(977 979 1600 1596)
4(1596 1600 2187 2183)
4(977 1596 2183 986)
4(979 2198 2738 1600)
4(2197 2198 2738 2737)
4(1599 2737 2738 1600)
4(978 2197 2737 1599)
4(978 1599 1600 979)
4(2199 2200 2742 2741)
4(2737 2741 2742 2738)
4(2197 2199 2741 2737)
4(2199 2205 3272 2741)
4(2202 2205 3272 2746)
4(2734 2746 3272 2741)
4(2196 2202 2746 2734)
4(2196 2734 2741 2199)
4(2746 2750 3276 3272)
4(2202 2204 2750 2746)
4(2746 2748 3274 3272)
4(2746 2750 2752 2748)
4(2734 2746 2748 2736)
4(2734 2736 2743 2741)
4(2745 2746 2748 2747)
4(2733 2745 2747 2735)
4(2733 2734 2746 2745)
4(2733 2735 2736 2734)
4(2749 2750 2752 2751)
4(2745 2749 2751 2747)
4(2745 2746 2750 2749)
4(2749 5644 5646 2751)
4(2749 2750 5645 5644)
4(4889 5644 5646 4891)
4(1798 1800 2751 2749)
4(1798 4889 4891 1800)
4(4889 4893 4895 4891)
4(1794 2745 2747 1796)
4(1782 1784 2735 2733)
4(1782 1794 1796 1784)
4(1794 1798 1800 1796)
4(2203 2749 2750 2204)
4(2201 2745 2746 2202)
4(2195 2733 2734 2196)
4(2729 2731 2735 2733)
4(1778 1780 2731 2729)
4(1778 1782 1784 1780)
4(2730 2732 2736 2734)
4(2729 2730 2734 2733)
4(2729 2731 2732 2730)
4(2737 2739 2743 2741)
4(2730 2732 2739 2737)
4(2730 2737 2741 2734)
4(2737 2739 2740 2738)
4(1599 2737 2739 1601)
4(1599 1601 1602 1600)
4(1592 1599 2737 2730)
4(1592 2730 2732 1594)
4(1592 1594 1601 1599)
4(2194 2197 2737 2730)
4(975 2194 2730 1592)
4(975 1592 1599 978)
4(2194 2196 2734 2730)
4(2193 2729 2730 2194)
4(1591 2729 2730 1592)
4(974 1591 1592 975)
4(1591 2729 2731 1593)
4(1591 1593 1594 1592)
4(634 636 1593 1591)
4(634 1778 1780 636)
4(1595 1599 1600 1596)
4(976 1595 1596 977)
4(976 978 1599 1595)
4(1596 1598 1602 1600)
4(1595 1597 1598 1596)
4(1595 1599 1601 1597)
4(1596 1598 2185 2183)
4(1584 1607 2183 1596)
4(1584 1586 1609 1607)
4(1584 1596 1598 1586)
4(971 1584 1607 982)
4(971 977 1596 1584)
4(1580 1584 1607 1603)
4(969 1580 1603 980)
4(969 971 1584 1580)
4(1603 1605 1609 1607)
4(1580 1582 1605 1603)
4(1580 1584 1586 1582)
4(1603 1605 1606 1604)
4(3266 1603 1605 3268)
4(3266 3268 3269 3267)
4(2702 3266 1603 1580)
4(2702 2704 3268 3266)
4(2702 1580 1582 2704)
4(2171 969 1580 2702)
4(2171 2702 3266 2180)
4(968 969 1580 1579)
4(2170 2701 2702 2171)
4(2701 1579 1580 2702)
4(2170 968 1579 2701)
4(970 971 1584 1583)
4(1579 1583 1584 1580)
4(968 970 1583 1579)
4(1583 1595 1596 1584)
4(970 976 1595 1583)
4(1583 1595 1597 1585)
4(1583 1585 1586 1584)
4(1588 1595 1597 1590)
4(1576 1583 1595 1588)
4(1576 1578 1585 1583)
4(1576 1588 1590 1578)
4(1588 1595 1599 1592)
4(1588 1592 1594 1590)
4(973 1588 1595 976)
4(973 975 1592 1588)
4(444 973 1588 1576)
4(444 1576 1583 970)
4(972 973 1588 1587)
4(1575 1587 1588 1576)
4(443 1575 1576 444)
4(1587 1591 1592 1588)
4(1587 1591 1593 1589)
4(1587 1589 1590 1588)
4(630 632 1589 1587)
4(630 634 636 632)
4(5489 5492 5500 5496)
4(5489 5496 5497 5490)
4(5465 5470 5496 5489)
4(5465 5489 5492 5469)
4(3026 3034 5496 5489)
4(2427 3026 5489 5465)
4(2427 2429 3034 3026)
4(3026 3034 3035 3027)
4(5463 5465 5489 5488)
4(5463 5467 5469 5465)
4(2425 5463 5465 2427)
4(2425 2427 3026 3025)
4(5462 5463 5465 5464)
4(2424 5462 5464 2426)
4(2424 2426 2427 2425)
4(5466 5467 5469 5468)
4(5462 5466 5468 5464)
4(5478 5479 5481 5480)
4(5466 5478 5480 5468)
4(5482 5483 5485 5484)
4(5478 5482 5484 5480)
4(265 266 268 267)
4(5482 265 267 5484)
4(265 269 271 267)
4(3038 3040 3041 3039)
4(3018 3038 3040 3020)
4(3018 3020 3021 3019)
4(2443 3018 3038 3031)
4(2443 2445 3020 3018)
4(3024 3028 3038 3031)
4(2435 3024 3031 2443)
4(2435 2443 3018 2437)
4(3024 3027 3035 3031)
4(3023 3026 3034 3030)
4(3023 3030 3031 3024)
4(2423 2428 3030 3023)
4(2423 3023 3026 2427)
4(2411 2413 2442 2434)
4(2434 2442 3030 3023)
4(2411 2434 3023 2423)
4(2431 2438 2442 2434)
4(2407 2431 2434 2411)
4(2407 2412 2438 2431)
4(2434 2435 2443 2442)
4(2432 2439 2443 2435)
4(2431 2438 2439 2432)
4(2446 3018 3020 2448)
4(2446 2448 2449 2447)
4(2439 2446 3018 2443)
4(2439 2441 2448 2446)
4(2432 2439 2446 2436)
4(1352 2439 2446 1359)
4(1344 1352 1359 1346)
4(1344 2432 2439 1352)
4(1359 1361 2448 2446)
4(1352 1354 1361 1359)
4(1359 1361 1362 1360)
4(3965 4476 4479 3968)
4(3964 3967 4478 4475)
4(3964 4475 4476 3965)
4(4481 4482 4484 4483)
4(4471 4472 4482 4481)
4(4471 4481 4483 4473)
4(4471 4473 4474 4472)
4(4481 4485 4487 4483)
4(4481 4482 4486 4485)
4(4476 4481 4485 4479)
4(4476 4477 4483 4481)
4(3969 4481 4485 3971)
4(3965 4476 4481 3969)
4(3969 4481 4482 3970)
4(3587 3969 4481 4471)
4(3587 4471 4472 3588)
4(3989 4476 4481 4471)
4(3584 3965 4476 3989)
4(3584 3989 4471 3587)
4(3989 3990 4473 4471)
4(1358 1904 4475 3964)
4(1358 3964 3967 1362)
4(1358 1362 1906 1904)
4(3583 3988 4475 3964)
4(1338 1902 3988 3583)
4(1338 3583 3964 1358)
4(1338 1358 1904 1902)
4(3583 3988 3989 3584)
4(3581 3986 3989 3584)
4(3580 3985 3986 3581)
4(3580 3583 3988 3985)
4(4467 4468 4470 4469)
4(5950 5952 4470 4468)
4(5949 5950 4468 4467)
4(5949 4467 4469 5951)
4(5949 5951 5952 5950)
4(4468 4470 4474 4472)
4(4467 4468 4472 4471)
4(4467 4471 4473 4469)
4(4468 4489 4493 4472)
4(4468 4470 4491 4489)
4(3973 4489 4493 3975)
4(3586 4468 4489 3973)
4(3586 3588 4472 4468)
4(3973 4489 4490 3974)
4(5921 3973 4489 196)
4(5921 196 197 5922)
4(5950 4468 4489 196)
4(5407 5950 196 5921)
4(5407 3586 4468 5950)
4(5950 5952 198 196)
4(192 194 198 196)
4(5946 5948 194 192)
4(5946 192 196 5950)
4(5946 5950 5952 5948)
4(193 195 199 197)
4(192 194 195 193)
4(192 193 197 196)
4(193 200 204 197)
4(193 195 202 200)
4(5415 193 200 5923)
4(5415 5922 197 193)
4(5958 193 200 5965)
4(5411 5958 5965 5413)
4(5411 5415 193 5958)
4(5958 193 195 5960)
4(5958 5960 5967 5965)
4(5957 192 194 5959)
4(5957 5958 193 192)
4(5957 5959 5960 5958)
4(5936 5957 192 5946)
4(5936 5938 5959 5957)
4(5936 5946 5948 5938)
4(4908 5961 5963 4910)
4(4908 4910 4911 4909)
4(5954 5961 5963 5956)
4(4901 4908 5961 5954)
4(4901 5954 5956 4903)
4(4901 4903 4910 4908)
4(5954 5961 5965 5958)
4(5954 5958 5960 5956)
4(5409 5954 5961 5412)
4(5409 5411 5958 5954)
4(4440 5409 5954 4901)
4(4440 4901 4908 4442)
4(5408 5409 5954 5953)
4(4900 5953 5954 4901)
4(4439 5408 5953 4900)
4(4439 4900 4901 4440)
4(5410 5411 5958 5957)
4(5408 5410 5957 5953)
4(5953 5957 5958 5954)
4(5414 5415 193 192)
4(5410 5414 192 5957)
4(5414 5921 196 192)
4(5405 5946 192 5414)
4(5405 5407 5950 5946)
4(5397 5936 5957 5410)
4(5397 5405 5946 5936)
4(5932 5936 5957 5953)
4(5395 5932 5953 5408)
4(5395 5397 5936 5932)
4(5953 5955 5959 5957)
4(5932 5934 5955 5953)
4(5932 5936 5938 5934)
4(5953 5955 5956 5954)
4(4900 5953 5955 4902)
4(4900 4902 4903 4901)
4(4877 4900 5953 5932)
4(4877 5932 5934 4879)
4(4877 4879 4902 4900)
4(3956 5395 5932 4877)
4(3956 4877 4900 4439)
4(5394 5395 5932 5931)
4(4876 5931 5932 4877)
4(3955 5394 5931 4876)
4(3955 4876 4877 3956)
4(5396 5397 5936 5935)
4(5931 5935 5936 5932)
4(5394 5396 5935 5931)
4(5404 5405 5946 5945)
4(5935 5945 5946 5936)
4(5396 5404 5945 5935)
4(5406 5407 5950 5949)
4(5945 5949 5950 5946)
4(5404 5406 5949 5945)
4(3585 3586 4468 4467)
4(5406 3585 4467 5949)
4(3585 3587 4471 4467)
4(3986 3989 4471 4467)
4(3581 3986 4467 3585)
4(3986 3987 4469 4467)
4(5943 5949 4467 3986)
4(5943 5944 5951 5949)
4(5403 3581 3986 5943)
4(5403 5943 5949 5406)
4(5402 3580 3985 5942)
4(5402 5942 5943 5403)
4(1334 1900 3985 3580)
4(1334 3580 3583 1338)
4(1334 1338 1902 1900)
4(3005 5402 3580 1334)
4(3005 3936 5942 5402)
4(3005 1334 1900 3936)
4(1332 3579 3580 1334)
4(3003 1332 1334 3005)
4(3003 3005 5402 5401)
4(1336 3582 3583 1338)
4(1332 1336 1338 1334)
4(1356 3963 3964 1358)
4(1336 1356 1358 1338)
4(1356 1360 1362 1358)
4(5400 5940 5943 5403)
4(5399 5402 5942 5939)
4(5399 5939 5940 5400)
4(5945 5946 5948 5947)
4(5935 5945 5947 5937)
4(5935 5937 5938 5936)
4(5945 5949 5951 5947)
4(5940 5945 5949 5943)
4(5940 5941 5947 5945)
4(5400 5940 5945 5404)
4(5929 5940 5945 5935)
4(5393 5400 5940 5929)
4(5393 5929 5935 5396)
4(5929 5930 5937 5935)
4(3001 3934 5939 5399)
4(3001 3005 3936 3934)
4(3001 5399 5402 3005)
4(5392 5928 5939 5399)
4(2981 3528 5928 5392)
4(2981 3001 3934 3528)
4(2981 5392 5399 3001)
4(5392 5928 5929 5393)
4(5390 5926 5929 5393)
4(5389 5392 5928 5925)
4(5389 5925 5926 5390)
4(5931 5932 5934 5933)
4(4876 5931 5933 4878)
4(4876 4878 4879 4877)
4(5931 5935 5937 5933)
4(5926 5931 5935 5929)
4(5926 5927 5933 5931)
4(5390 5926 5931 5394)
4(4461 5926 5931 4876)
4(3952 5390 5926 4461)
4(3952 4461 4876 3955)
4(4461 4462 4878 4876)
4(2977 3526 5925 5389)
4(2977 5389 5392 2981)
4(2977 2981 3528 3526)
4(3951 4460 5925 5389)
4(1836 3951 5389 2977)
4(1836 2350 4460 3951)
4(1836 2977 3526 2350)
4(3951 4460 4461 3952)
4(4896 4900 4901 4897)
4(4438 4897 4901 4440)
4(4437 4439 4900 4896)
4(4437 4896 4897 4438)
4(4897 4899 4903 4901)
4(4896 4898 4899 4897)
4(4896 4900 4902 4898)
4(4904 4905 4907 4906)
4(4892 4904 4906 4894)
4(4892 4894 4895 4893)
4(4904 4908 4910 4906)
4(4897 4904 4908 4901)
4(4897 4899 4906 4904)
4(4438 4897 4904 4441)
4(4885 4897 4904 4892)
4(4434 4438 4897 4885)
4(4434 4885 4892 4436)
4(4885 4897 4899 4887)
4(4885 4887 4894 4892)
4(4884 4896 4898 4886)
4(4884 4885 4897 4896)
4(4884 4886 4887 4885)
4(4464 4896 4898 4466)
4(4454 4884 4896 4464)
4(4454 4456 4886 4884)
4(4454 4464 4466 4456)
4(4464 4896 4900 4877)
4(4464 4877 4879 4466)
4(3954 4464 4896 4437)
4(3954 3956 4877 4464)
4(4433 4884 4896 4437)
4(3946 4454 4884 4433)
4(3946 3954 4464 4454)
4(4433 4884 4885 4434)
4(4880 4884 4885 4881)
4(4432 4881 4885 4434)
4(4431 4880 4881 4432)
4(4431 4433 4884 4880)
4(4880 4882 4883 4881)
4(4881 4883 4887 4885)
4(4880 4884 4886 4882)
4(2179 2181 3267 2716)
4(2179 2716 3270 2182)
4(1942 1947 1377 1372)
4(1942 1956 1962 1947)
4(1944 1947 1377 1373)
4(1938 1944 1373 1371)
4(1938 1942 1947 1944)
4(1944 1945 1375 1373)
4(764 340 1373 1944)
4(764 765 342 340)
4(759 764 340 335)
4(759 1938 1944 764)
4(761 764 340 336)
4(755 761 336 334)
4(755 759 764 761)
4(761 762 338 336)
4(328 330 338 336)
4(746 328 336 761)
4(746 747 330 328)
4(328 330 331 329)
4(296 746 328 323)
4(296 755 761 746)
4(324 328 330 326)
4(324 326 327 325)
4(298 324 328 746)
4(298 744 326 324)
4(292 298 324 6048)
4(292 296 746 298)
4(1873 298 324 1307)
4(1868 1873 1307 1302)
4(1868 292 298 1873)
4(1307 1309 326 324)
4(1873 1874 1309 1307)
4(1307 1309 1310 1308)
4(1303 1305 1306 1304)
4(1303 1307 1309 1305)
4(1295 1303 1305 1297)
4(1295 1297 1298 1296)
4(1870 1303 1305 1871)
4(1855 1295 1303 1870)
4(1855 1856 1297 1295)
4(1870 1303 1307 1873)
4(260 265 269 263)
4(260 261 267 265)
4(1294 260 265 1299)
4(1294 1298 263 260)
4(5476 260 265 5482)
4(248 5476 5482 250)
4(248 1294 260 5476)
4(5476 5477 5484 5482)
4(1955 1961 1962 1956)
4(1955 1956 1960 1959)
4(1941 1942 1956 1955)
4(1941 1946 1947 1942)
4(1953 1954 1956 1955)
4(1939 1953 1955 1941)
4(1939 1941 1942 1940)
4(1953 1957 1959 1955)
4(1949 1950 1955 1953)
4(1933 1934 1941 1939)
4(1937 1943 1944 1938)
4(1937 1938 1942 1941)
4(758 759 1938 1937)
4(758 763 764 759)
4(1935 1937 1941 1939)
4(1931 1932 1937 1935)
4(1935 1937 1938 1936)
4(756 758 1937 1935)
4(750 751 758 756)
4(756 758 759 757)
4(1357 1903 1904 1358)
4(1357 1358 1362 1361)
4(1337 1901 1902 1338)
4(1337 1338 1358 1357)
4(5473 5478 5482 5476)
4(5473 5474 5480 5478)
4(244 5473 5478 249)
4(244 248 5476 5473)
4(5460 5473 5478 5466)
4(5978 244 5473 5460)
4(5978 5460 5466 5980)
4(5460 5461 5468 5466)
4(243 244 5473 5472)
4(5977 5459 5460 5978)
4(5977 5978 244 243)
4(247 248 5476 5475)
4(243 244 248 247)
4(1293 1294 260 259)
4(247 248 1294 1293)
4(1293 1294 1298 1297)
4(1291 1295 1297 1293)
4(1291 1293 1294 1292)
4(1850 1290 1295 1855)
4(1846 1852 1291 1289)
4(1852 1855 1295 1291)
4(1846 1850 1855 1852)
4(1864 1301 1303 1870)
4(1850 1864 1870 1855)
4(1864 1868 1873 1870)
4(658 1852 1291 245)
4(237 1846 1852 658)
4(237 658 245 5982)
4(1852 1291 1293 1853)
4(245 247 1293 1291)
4(658 659 247 245)
4(754 760 761 755)
4(754 755 759 758)
4(295 745 746 296)
4(295 296 755 754)
4(291 297 298 292)
4(291 292 296 295)
4(1867 1872 1873 1868)
4(1867 1868 292 291)
4(1863 1869 1870 1864)
4(1863 1864 1868 1867)
4(1849 1854 1855 1850)
4(1849 1850 1864 1863)
4(752 754 758 756)
4(748 749 754 752)
4(752 754 755 753)
4(293 295 754 752)
4(287 288 295 293)
4(293 295 296 294)
4(289 293 295 291)
4(289 291 292 290)
4(285 286 291 289)
4(1865 1867 291 289)
4(1859 1860 1867 1865)
4(1865 1867 1868 1866)
4(5457 5462 5466 5460)
4(5457 5458 5464 5462)
4(5974 5457 5462 5979)
4(5974 5978 5460 5457)
4(2418 5457 5462 2424)
4(3568 5974 5457 2418)
4(3568 2418 2424 3570)
4(2418 2419 2426 2424)
4(2415 2420 2424 2418)
4(2420 2422 2426 2424)
4(2415 2416 2422 2420)
4(1845 1851 1852 1846)
4(1845 1846 1850 1849)
4(236 657 658 237)
4(236 237 1846 1845)
4(5973 5974 5457 5456)
4(3567 3568 5974 5973)
4(3567 2417 2418 3568)
4(5973 5974 5978 5977)
4(5975 5976 5978 5977)
4(5971 5975 5977 5973)
4(5971 5973 5974 5972)
4(241 242 244 243)
4(5975 241 243 5977)
4(245 246 248 247)
4(241 245 247 243)
4(233 5981 241 239)
4(224 239 241 5975)
4(219 224 5975 5970)
4(219 233 239 224)
4(239 658 245 241)
4(233 237 658 239)
4(239 240 243 241)
4(224 225 5977 5975)
4(221 5971 5975 224)
4(221 222 5973 5971)
4(215 221 5971 5969)
4(215 219 224 221)
4(3565 5971 5973 3567)
4(3565 3567 3568 3566)
4(3961 3565 5971 221)
4(3961 3962 3567 3565)
4(3558 3961 3565 3560)
4(3558 215 221 3961)
4(2682 2705 2707 2684)
4(1560 1562 2707 2705)
4(965 1560 2705 2682)
4(965 967 1562 1560)
4(965 2682 2684 967)
4(2686 2709 2711 2688)
4(2682 2705 2709 2686)
4(2705 2707 2711 2709)
4(2682 2686 2688 2684)
4(2698 2715 3264 2700)
4(2686 2709 2715 2698)
4(2709 2711 3264 2715)
4(2686 2698 2700 2688)
4(2715 3264 3268 3266)
4(2698 2715 3266 2702)
4(2698 2702 2704 2700)
4(2715 2716 3267 3266)
4(2715 3264 3265 2716)
4(2178 2180 3266 2715)
4(2178 2715 2716 2179)
4(2169 2698 2715 2178)
4(2169 2171 2702 2698)
4(2174 2709 2715 2178)
4(2163 2686 2709 2174)
4(2163 2169 2698 2686)
4(2709 2715 2716 2710)
4(2175 2710 2716 2179)
4(2174 2709 2710 2175)
4(2709 2711 2712 2710)
4(2175 2710 2714 2177)
4(2173 2706 2713 2176)
4(2173 2175 2710 2706)
4(933 2173 2706 1561)
4(933 1561 1565 935)
4(2172 2705 2709 2174)
4(2161 2682 2705 2172)
4(2161 2163 2686 2682)
4(2705 2709 2710 2706)
4(2172 2705 2706 2173)
4(2705 2707 2708 2706)
4(1560 1561 2706 2705)
4(1560 1562 1563 1561)
4(932 2172 2705 1560)
4(932 1560 1561 933)
4(440 2161 2682 965)
4(440 965 1560 932)
4(2160 2161 2682 2681)
4(964 2681 2682 965)
4(439 2160 2681 964)
4(439 964 965 440)
4(2162 2163 2686 2685)
4(2160 2162 2685 2681)
4(2681 2685 2686 2682)
4(2168 2169 2698 2697)
4(2162 2168 2697 2685)
4(2685 2697 2698 2686)
4(2697 2701 2702 2698)
4(2168 2170 2701 2697)
4(2701 2702 2704 2703)
4(2697 2701 2703 2699)
4(2697 2699 2700 2698)
4(1579 1580 1582 1581)
4(2701 1579 1581 2703)
4(1579 1583 1585 1581)
4(1572 1579 1583 1576)
4(1572 1574 1581 1579)
4(1572 1576 1578 1574)
4(442 1572 1579 968)
4(442 444 1576 1572)
4(2694 1572 1579 2701)
4(2167 442 1572 2694)
4(2167 2694 2701 2170)
4(2694 1572 1574 2696)
4(2694 2696 2703 2701)
4(1571 1572 1574 1573)
4(2693 1571 1573 2695)
4(2693 2694 1572 1571)
4(2693 2695 2696 2694)
4(1575 1576 1578 1577)
4(1571 1575 1577 1573)
4(1571 1572 1576 1575)
4(1575 1587 1589 1577)
4(189 191 1577 1575)
4(189 630 632 191)
4(185 187 1573 1571)
4(185 189 191 187)
4(1745 185 187 1747)
4(1745 1747 2695 2693)
4(441 442 1572 1571)
4(2166 2693 2694 2167)
4(2689 2693 2694 2690)
4(2164 2689 2690 2165)
4(2165 2690 2694 2167)
4(2689 2693 2695 2691)
4(2689 2691 2692 2690)
4(2690 2692 2696 2694)
4(1790 1792 4883 4881)
4(1789 1790 4881 4880)
4(1789 4880 4882 1791)
4(1789 1791 1792 1790)
4(4881 4888 4890 4883)
4(1790 1797 4888 4881)
4(1797 1799 4890 4888)
4(1790 1792 1799 1797)
4(4888 4890 4894 4892)
4(4881 4888 4892 4885)
4(4888 4890 4891 4889)
4(4432 4881 4888 4435)
4(1223 1790 1797 1225)
4(1223 4432 4881 1790)
4(1797 1799 1800 1798)
4(1793 1795 1796 1794)
4(1793 1797 1799 1795)
4(1781 1793 1795 1783)
4(1781 1783 1784 1782)
4(1786 1793 1795 1788)
4(1774 1781 1793 1786)
4(1774 1786 1788 1776)
4(1774 1776 1783 1781)
4(1786 1793 1797 1790)
4(1786 1790 1792 1788)
4(1221 1786 1793 1224)
4(1221 1223 1790 1786)
4(1217 1221 1786 1774)
4(1217 1774 1781 1219)
4(1220 1221 1786 1785)
4(1773 1785 1786 1774)
4(1216 1220 1785 1773)
4(1216 1773 1774 1217)
4(1222 1223 1790 1789)
4(1785 1789 1790 1786)
4(1220 1222 1789 1785)
4(1222 4431 4880 1789)
4(3944 4431 4880 4450)
4(1766 4450 4880 1789)
4(656 3944 4450 1766)
4(656 1766 1789 1222)
4(4450 4454 4884 4880)
4(3944 3946 4454 4450)
4(4450 4452 4882 4880)
4(4450 4454 4456 4452)
4(1766 4450 4452 1768)
4(1766 1768 1791 1789)
4(4449 4450 4452 4451)
4(1765 1766 4450 4449)
4(1765 4449 4451 1767)
4(1765 1767 1768 1766)
4(4453 4454 4456 4455)
4(4449 4453 4455 4451)
4(4449 4450 4454 4453)
4(4463 4464 4466 4465)
4(4453 4454 4464 4463)
4(4453 4463 4465 4455)
4(4463 4876 4878 4465)
4(4463 4464 4877 4876)
4(1762 1785 1787 1764)
4(1773 1775 1787 1785)
4(1237 1239 1775 1773)
4(1237 1773 1785 1762)
4(1237 1762 1764 1239)
4(1785 1787 1791 1789)
4(1762 1785 1789 1766)
4(1762 1766 1768 1764)
4(1785 1787 1788 1786)
4(1773 1775 1776 1774)
4(1770 1772 1776 1774)
4(1769 1771 1772 1770)
4(1769 1773 1775 1771)
4(1769 1770 1774 1773)
4(1333 1899 1900 1334)
4(1333 1334 1338 1337)
4(3004 3935 3936 3005)
4(3004 3005 1334 1333)
4(3000 3933 3934 3001)
4(3000 3001 3005 3004)
4(2980 3527 3528 2981)
4(2980 2981 3001 3000)
4(1323 1324 1326 1325)
4(2994 2995 1324 1323)
4(2995 2997 1326 1324)
4(2994 2996 2997 2995)
4(1327 1328 1330 1329)
4(1323 1324 1328 1327)
4(1324 1326 1330 1328)
4(1347 1348 1350 1349)
4(1328 1330 1350 1348)
4(1327 1328 1348 1347)
4(1348 1350 1354 1352)
4(1347 1348 1352 1351)
4(1355 1357 1361 1359)
4(1348 1355 1359 1352)
4(1348 1350 1357 1355)
4(1355 1357 1358 1356)
4(1341 1348 1355 1345)
4(1341 1344 1352 1348)
4(1328 1348 1355 1335)
4(1320 1341 1348 1328)
4(1320 1328 1335 1322)
4(1335 1337 1357 1355)
4(1328 1330 1337 1335)
4(1335 1337 1338 1336)
4(2409 2433 2434 2411)
4(2405 2407 2431 2430)
4(2405 2409 2411 2407)
4(2421 3022 3023 2423)
4(2409 2421 2423 2411)
4(2421 2425 2427 2423)
4(689 2407 2431 1343)
4(687 2405 2407 689)
4(687 689 1343 1342)
4(689 1314 1351 1343)
4(1343 1351 2438 2431)
4(3564 2415 2418 3568)
4(3563 3564 3568 3567)
4(3563 2414 2415 3564)
4(3564 2415 2420 3569)
4(2420 2422 2423 2421)
4(2408 2420 2422 2410)
4(2408 2410 2411 2409)
4(2402 2408 2420 2415)
4(2402 2403 2410 2408)
4(3015 2402 2408 3017)
4(3015 3564 2415 2402)
4(2404 2408 2410 2406)
4(2404 2406 2407 2405)
4(2399 2404 2408 2402)
4(2399 2400 2406 2404)
4(3011 2399 2404 3016)
4(3011 3015 2402 2399)
4(680 2399 2404 686)
4(1896 3011 2399 680)
4(1896 680 686 1898)
4(686 688 2406 2404)
4(680 681 688 686)
4(686 688 689 687)
4(683 685 689 687)
4(682 684 685 683)
4(682 686 688 684)
4(1340 1347 1351 1343)
4(685 1313 1347 1340)
4(685 1340 1343 689)
4(1343 1344 1352 1351)
4(1340 1347 1348 1341)
4(1319 1340 1347 1327)
4(1319 1327 1328 1320)
4(673 1319 1340 685)
4(673 675 1327 1319)
4(683 1339 1340 685)
4(671 673 1319 1318)
4(671 683 685 673)
4(669 673 1319 1316)
4(667 669 1316 1315)
4(667 671 673 669)
4(669 674 1323 1316)
4(1316 1323 1327 1319)
4(2986 2994 1323 1316)
4(2955 2986 1316 669)
4(2955 2957 2994 2986)
4(1316 1317 1324 1323)
4(2987 2995 1324 1317)
4(2986 2994 2995 2987)
4(1317 1324 1328 1320)
4(1324 1328 1335 1331)
4(1317 1324 1331 1321)
4(1331 1333 1337 1335)
4(1324 1326 1333 1331)
4(1331 1333 1334 1332)
4(3002 1331 1333 3004)
4(3002 3004 3005 3003)
4(2995 3002 1331 1324)
4(2995 2997 3004 3002)
4(2987 2995 3002 2989)
4(1777 1779 1780 1778)
4(1777 1781 1783 1779)
4(633 1777 1779 635)
4(633 635 636 634)
4(1770 1777 1779 1772)
4(626 633 1777 1770)
4(626 628 635 633)
4(626 1770 1772 628)
4(1770 1777 1781 1774)
4(1215 1770 1777 1218)
4(1215 1217 1774 1770)
4(5920 626 633 147)
4(5920 1215 1770 626)
4(629 631 632 630)
4(629 633 635 631)
4(188 629 631 190)
4(188 190 191 189)
4(622 629 631 624)
4(181 188 629 622)
4(181 183 190 188)
4(181 622 624 183)
4(622 629 633 626)
4(622 626 628 624)
4(5918 622 629 146)
4(5918 5920 626 622)
4(5914 181 188 5916)
4(5914 5918 622 181)
4(184 186 187 185)
4(184 188 190 186)
4(1744 184 186 1746)
4(1744 1746 1747 1745)
4(177 184 186 179)
4(1737 1744 184 177)
4(1737 177 179 1739)
4(1737 1739 1746 1744)
4(177 184 188 181)
4(177 181 183 179)
4(5912 177 184 5915)
4(5912 5914 181 177)
4(620 5912 177 1737)
4(620 1737 1744 1169)
4(3561 3563 3564 3562)
4(3561 3565 3567 3563)
4(2999 3001 3005 3003)
4(2998 3002 3004 3000)
4(2998 3000 3001 2999)
4(2999 3001 5399 5398)
4(2979 2981 5392 5391)
4(2979 2999 3001 2981)
4(2975 2977 5389 5388)
4(2975 2979 2981 2977)
4(1834 1836 3951 3950)
4(1834 2975 2977 1836)
4(1832 1836 3951 3948)
4(1830 1832 3948 3947)
4(1830 1834 1836 1832)
4(1832 2348 4457 3948)
4(3948 4457 4460 3951)
4(1832 1836 2350 2348)
4(4458 4463 4876 4461)
4(4458 4459 4465 4463)
4(3953 4463 4876 3955)
4(3949 4458 4463 3953)
4(3949 3952 4461 4458)
4(3953 4463 4464 3954)
4(3945 3953 4463 4453)
4(3945 4453 4454 3946)
4(4447 4458 4463 4453)
4(3942 4447 4453 3945)
4(3942 3949 4458 4447)
4(4447 4448 4455 4453)
4(4444 4449 4453 4447)
4(4444 4445 4451 4449)
4(3943 4449 4453 3945)
4(3939 4444 4449 3943)
4(3939 3942 4447 4444)
4(3943 4449 4450 3944)
4(655 3943 4449 1765)
4(655 1765 1766 656)
4(1759 4444 4449 1765)
4(652 3939 4444 1759)
4(652 1759 1765 655)
4(1759 1760 1767 1765)
4(625 1769 1771 627)
4(625 626 1770 1769)
4(625 627 628 626)
4(1233 1769 1771 1235)
4(173 625 1769 1233)
4(173 1233 1235 175)
4(173 175 627 625)
4(1233 1769 1773 1237)
4(1233 1237 1239 1235)
4(646 1216 1773 1237)
4(1214 1769 1773 1216)
4(644 1233 1769 1214)
4(644 646 1237 1233)
4(654 1220 1785 1762)
4(646 654 1762 1237)
4(654 656 1766 1762)
4(1761 1765 1766 1762)
4(653 1761 1762 654)
4(653 655 1765 1761)
4(1761 1765 1767 1763)
4(1761 1763 1764 1762)
4(1241 1242 1763 1761)
4(1241 1761 1765 1759)
4(1812 3941 4446 2346)
4(1808 1812 2346 2344)
4(1808 2344 4443 3938)
4(3938 4443 4446 3941)
4(1808 3938 3941 1812)
4(3941 4446 4457 3948)
4(1812 3941 3948 1832)
4(1812 1832 2348 2346)
4(3948 3949 4458 4457)
4(3941 4446 4447 3942)
4(1810 1812 3941 3940)
4(1810 1830 1832 1812)
4(2953 667 669 2955)
4(2953 2955 2986 2985)
4(670 682 684 672)
4(670 672 673 671)
4(3014 2401 2402 3015)
4(3014 3015 3564 3563)
4(3010 2398 2399 3011)
4(3010 3011 3015 3014)
4(1895 679 680 1896)
4(1895 1896 3011 3010)
4(677 682 686 680)
4(677 678 684 682)
4(1892 677 682 1897)
4(1892 1896 680 677)
4(664 677 682 670)
4(1884 1892 677 664)
4(1884 664 670 1886)
4(664 665 672 670)
4(1891 1892 677 676)
4(1883 663 664 1884)
4(1883 1884 1892 1891)
4(1891 1892 1896 1895)
4(1880 661 664 1884)
4(1879 1880 1884 1883)
4(1879 660 661 1880)
4(666 668 672 670)
4(661 666 670 664)
4(661 662 668 666)
4(666 668 669 667)
4(1880 661 666 1885)
4(2946 661 666 2952)
4(3458 1880 661 2946)
4(3458 2946 2952 3460)
4(2952 2954 668 666)
4(2946 2947 2954 2952)
4(2952 2954 2955 2953)
4(2949 2951 2955 2953)
4(2948 2950 2951 2949)
4(2948 2952 2954 2950)
4(2976 3525 3526 2977)
4(2976 2977 2981 2980)
4(1835 1836 2977 2976)
4(1835 2349 2350 1836)
4(2966 2967 2969 2968)
4(1825 1826 2967 2966)
4(1826 1828 2969 2967)
4(1825 1827 1828 1826)
4(2970 2971 2973 2972)
4(2966 2967 2971 2970)
4(2967 2969 2973 2971)
4(2990 2991 2993 2992)
4(2971 2973 2993 2991)
4(2970 2971 2991 2990)
4(2991 2993 2997 2995)
4(2990 2991 2995 2994)
4(2991 2998 3002 2995)
4(2991 2993 3000 2998)
4(2984 2991 2998 2988)
4(2984 2987 2995 2991)
4(2971 2991 2998 2978)
4(2963 2984 2991 2971)
4(2963 2971 2978 2965)
4(2978 2980 3000 2998)
4(2971 2973 2980 2978)
4(2978 2980 2981 2979)
4(2983 2986 2994 2990)
4(2983 2990 2991 2984)
4(2951 2956 2990 2983)
4(2951 2983 2986 2955)
4(2962 2970 2990 2983)
4(2364 2962 2983 2951)
4(2364 2941 2970 2962)
4(2962 2970 2971 2963)
4(2949 2982 2983 2951)
4(2362 2364 2962 2961)
4(2362 2949 2951 2364)
4(2360 2364 2962 2959)
4(2358 2360 2959 2958)
4(2358 2362 2364 2360)
4(2360 2365 2966 2959)
4(2959 2966 2970 2962)
4(1817 1825 2966 2959)
4(1272 1274 1825 1817)
4(1272 1817 2959 2360)
4(2959 2960 2967 2966)
4(1818 1826 2967 2960)
4(1817 1825 1826 1818)
4(2960 2967 2971 2963)
4(2967 2971 2978 2974)
4(2960 2967 2974 2964)
4(2974 2976 2980 2978)
4(2967 2969 2976 2974)
4(2974 2976 2977 2975)
4(1833 2974 2976 1835)
4(1833 1835 1836 1834)
4(1826 1833 2974 2967)
4(1826 1828 1835 1833)
4(1818 1826 1833 1820)
4(1831 1835 1836 1832)
4(1829 1831 1832 1830)
4(1829 1833 1835 1831)
4(1831 2347 2348 1832)
4(1811 2345 2346 1812)
4(1811 1812 1832 1831)
4(1807 2343 2344 1808)
4(1807 1808 1812 1811)
4(4875 5384 2344 1808)
4(4874 4875 1808 1807)
4(4874 5383 5384 4875)
4(651 1758 4443 3938)
4(4875 5384 1758 651)
4(4875 651 3938 1808)
4(3938 3939 4444 4443)
4(651 1758 1759 652)
4(1214 1769 1770 1215)
4(5919 1214 1769 625)
4(5919 625 626 5920)
4(5910 644 1233 173)
4(5910 173 625 5919)
4(643 644 1233 1232)
4(172 1232 1233 173)
4(5909 643 1232 172)
4(5909 172 173 5910)
4(645 646 1237 1236)
4(1232 1236 1237 1233)
4(643 645 1236 1232)
4(1236 1761 1762 1237)
4(645 653 1761 1236)
4(1236 1761 1763 1238)
4(1236 1238 1239 1237)
4(1230 1236 1761 1241)
4(1230 1231 1238 1236)
4(649 653 1761 1241)
4(642 649 1241 1230)
4(642 1230 1236 645)
4(649 652 1759 1241)
4(648 1240 1241 649)
4(648 651 1758 1240)
4(641 648 1240 1229)
4(641 1229 1230 642)
4(4871 648 1240 5382)
4(4851 641 648 4871)
4(4851 5380 1229 641)
4(4851 4871 5382 5380)
4(4871 648 651 4875)
4(4871 4875 5384 5382)
4(4873 650 651 4875)
4(4869 4871 648 647)
4(4869 4873 4875 4871)
4(1806 3937 3938 1808)
4(4873 1806 1808 4875)
4(1806 1810 1812 1808)
4(1809 1829 1831 1811)
4(1809 1811 1812 1810)
4(1822 1829 1831 1824)
4(1802 1809 1829 1822)
4(1802 1822 1824 1804)
4(1802 1804 1811 1809)
4(1822 1829 1833 1826)
4(1822 1826 1828 1824)
4(1815 1822 1829 1819)
4(1815 1818 1826 1822)
4(1280 1815 1822 1802)
4(1280 1802 1809 1282)
4(1814 1815 1822 1821)
4(1279 1814 1821 1801)
4(1801 1821 1822 1802)
4(1279 1801 1802 1280)
4(1821 1825 1826 1822)
4(1814 1817 1825 1821)
4(1821 1823 1824 1822)
4(232 238 239 233)
4(232 233 237 236)
4(218 219 233 232)
4(218 223 224 219)
4(230 231 233 232)
4(216 230 232 218)
4(216 218 219 217)
4(234 235 237 236)
4(230 234 236 232)
4(1843 1844 1846 1845)
4(234 1843 1845 236)
4(1847 1848 1850 1849)
4(1843 1847 1849 1845)
4(1861 1862 1864 1863)
4(1847 1861 1863 1849)
4(1861 1865 1867 1863)
4(1857 1858 1863 1861)
4(1841 1842 1849 1847)
4(1287 1288 1845 1843)
4(228 229 236 234)
4(931 1557 1564 934)
4(931 933 1561 1557)
4(927 1551 1555 929)
4(927 931 1557 1551)
4(925 1547 1554 928)
4(925 927 1551 1547)
4(4199 925 1547 4671)
4(4199 4671 4676 4206)
4(4203 4207 6193 6191)
4(4201 4205 4207 4203)
4(4201 4203 6191 6190)
4(4203 4207 4677 4675)
4(4203 4675 424 6191)
4(1556 1560 1561 1557)
4(930 932 1560 1556)
4(930 1556 1557 931)
4(1556 1558 1559 1557)
4(1556 1560 1562 1558)
4(1550 1556 1558 1552)
4(1550 1551 1557 1556)
4(1550 1552 1553 1551)
4(961 1556 1558 963)
4(949 1550 1556 961)
4(949 951 1552 1550)
4(949 961 963 951)
4(961 1556 1560 965)
4(961 965 967 963)
4(438 961 1556 930)
4(438 440 965 961)
4(926 1550 1556 930)
4(432 949 1550 926)
4(432 438 961 949)
4(926 1550 1551 927)
4(1546 1550 1551 1547)
4(924 926 1550 1546)
4(924 1546 1547 925)
4(1546 1548 1549 1547)
4(1546 1550 1552 1548)
4(4670 1546 1548 4672)
4(4670 4671 1547 1546)
4(4670 4672 4673 4671)
4(945 1546 1548 947)
4(4237 4670 1546 945)
4(4237 4653 4672 4670)
4(4237 945 947 4653)
4(945 1546 1550 949)
4(945 949 951 947)
4(430 945 1546 924)
4(430 432 949 945)
4(4198 4670 1546 924)
4(3741 4237 4670 4198)
4(3741 430 945 4237)
4(4198 4670 4671 4199)
4(4202 4206 4207 4203)
4(4200 4202 4203 4201)
4(4202 4206 4676 4674)
4(4202 4674 4675 4203)
4(4195 6189 6191 4203)
4(4195 4665 423 6189)
4(4195 4203 4675 4665)
4(4193 4195 6189 6188)
4(4193 4201 4203 4195)
4(4191 4195 6189 6187)
4(4189 4191 6187 6186)
4(4189 4193 4195 4191)
4(4191 4663 422 6187)
4(4191 4195 4665 4663)
4(2669 5092 6187 4191)
4(2669 3725 5631 5092)
4(2669 4191 4663 3725)
4(2667 2669 5092 5091)
4(2667 4189 4191 2669)
4(2665 3723 5630 5090)
4(2665 5090 5092 2669)
4(2665 2669 3725 3723)
4(2657 5088 5090 2665)
4(2657 2665 3723 3257)
4(2657 3257 5629 5088)
4(1207 2673 2675 1209)
4(956 958 2675 2673)
4(139 141 958 956)
4(139 1207 1209 141)
4(1211 2677 2679 1213)
4(2673 2675 2679 2677)
4(1207 1211 1213 1209)
4(1741 2689 2691 1743)
4(2677 2679 2691 2689)
4(1211 1741 1743 1213)
4(1741 1745 1747 1743)
4(2677 2689 2690 2678)
4(1569 2678 2690 2165)
4(1568 2677 2678 1569)
4(2678 2680 2692 2690)
4(2677 2679 2680 2678)
4(2690 2697 2699 2692)
4(2678 2685 2697 2690)
4(2678 2680 2687 2685)
4(2685 2687 2699 2697)
4(2690 2697 2701 2694)
4(2165 2690 2697 2168)
4(1569 2678 2685 2162)
4(2674 2678 2685 2681)
4(1567 2674 2681 2160)
4(1567 1569 2678 2674)
4(2681 2683 2687 2685)
4(2674 2676 2683 2681)
4(2674 2678 2680 2676)
4(2685 2686 2688 2687)
4(2681 2683 2684 2682)
4(964 2681 2683 966)
4(964 966 967 965)
4(957 964 2681 2674)
4(957 2674 2676 959)
4(957 959 966 964)
4(436 1567 2674 957)
4(436 957 964 439)
4(1566 1567 2674 2673)
4(956 2673 2674 957)
4(435 956 957 436)
4(2673 2677 2678 2674)
4(2673 2675 2676 2674)
4(956 958 959 957)
4(953 955 959 957)
4(952 954 955 953)
4(952 956 958 954)
4(952 953 957 956)
4(960 961 963 962)
4(948 949 961 960)
4(948 960 962 950)
4(948 950 951 949)
4(960 964 966 962)
4(960 961 965 964)
4(953 960 964 957)
4(953 955 962 960)
4(437 960 964 439)
4(434 953 960 437)
4(434 436 957 953)
4(437 960 961 438)
4(431 437 960 948)
4(431 948 949 432)
4(941 953 960 948)
4(428 941 948 431)
4(428 434 953 941)
4(941 953 955 943)
4(941 943 950 948)
4(940 952 954 942)
4(940 942 943 941)
4(940 941 953 952)
4(135 952 954 137)
4(123 125 942 940)
4(123 135 137 125)
4(135 139 141 137)
4(4666 4667 4669 4668)
4(4658 4660 4661 4659)
4(4658 4666 4668 4660)
4(4658 4659 4667 4666)
4(4666 4670 4672 4668)
4(4666 4667 4671 4670)
4(4197 4667 4674 4202)
4(4197 4199 4671 4667)
4(4187 4659 4664 4194)
4(4194 4664 4674 4202)
4(4187 4197 4667 4659)
4(4190 4662 4664 4194)
4(4185 4655 4662 4190)
4(4185 4187 4659 4655)
4(4194 4195 4665 4664)
4(4190 4191 4195 4194)
4(4190 4662 4663 4191)
4(4194 4195 4203 4202)
4(4192 4194 4195 4193)
4(4188 4190 4191 4189)
4(2661 4185 4655 3263)
4(2668 3724 4662 4190)
4(2661 3263 3724 2668)
4(4654 4655 4657 4656)
4(3262 3263 4655 4654)
4(3262 4654 4656 3720)
4(3262 3720 3721 3263)
4(4654 4658 4660 4656)
4(4654 4655 4659 4658)
4(4221 4658 4660 4223)
4(4217 4654 4658 4221)
4(4217 4219 4656 4654)
4(4217 4221 4223 4219)
4(4233 4666 4668 4235)
4(4221 4658 4666 4233)
4(4221 4233 4235 4223)
4(4233 4666 4670 4237)
4(4233 4237 4653 4235)
4(4196 4666 4670 4198)
4(3739 4233 4666 4196)
4(3739 3741 4237 4233)
4(4196 4666 4667 4197)
4(4186 4196 4666 4658)
4(4186 4658 4659 4187)
4(3733 4221 4658 4186)
4(3733 3739 4233 4221)
4(4184 4654 4658 4186)
4(3731 4217 4654 4184)
4(3731 3733 4221 4217)
4(4184 4654 4655 4185)
4(2660 4184 4654 3262)
4(2660 3262 3263 2661)
4(3243 4217 4654 3262)
4(2645 3731 4217 3243)
4(2645 3243 3262 2660)
4(3243 4217 4219 3245)
4(3243 3245 3720 3262)
4(4216 4217 4219 4218)
4(3242 4216 4218 3244)
4(3242 3243 4217 4216)
4(3242 3244 3245 3243)
4(4220 4221 4223 4222)
4(4216 4220 4222 4218)
4(4216 4217 4221 4220)
4(4232 4233 4235 4234)
4(4220 4221 4233 4232)
4(4220 4232 4234 4222)
4(4236 4237 4653 4652)
4(4232 4236 4652 4234)
4(4232 4233 4237 4236)
4(944 945 947 946)
4(4236 4237 945 944)
4(4236 944 946 4652)
4(944 948 950 946)
4(944 945 949 948)
4(937 944 948 941)
4(937 939 946 944)
4(937 941 943 939)
4(429 944 948 431)
4(426 937 944 429)
4(426 428 941 937)
4(429 944 945 430)
4(3740 429 944 4236)
4(3740 4236 4237 3741)
4(4229 937 944 4236)
4(3737 4229 4236 3740)
4(3737 426 937 4229)
4(4229 937 939 4231)
4(4229 4231 4652 4236)
4(936 937 939 938)
4(4228 936 938 4230)
4(4228 4230 4231 4229)
4(4228 4229 937 936)
4(936 940 942 938)
4(936 937 941 940)
4(119 121 938 936)
4(119 123 125 121)
4(3404 3406 4230 4228)
4(3404 119 121 3406)
4(433 434 953 952)
4(427 940 941 428)
4(2663 2665 5090 5089)
4(2663 2667 2669 2665)
4(2655 2657 5088 5087)
4(2655 2663 2665 2657)
4(3400 4224 4226 3402)
4(4212 4214 4226 4224)
4(3388 3390 4214 4212)
4(3388 3400 3402 3390)
4(4224 4226 4230 4228)
4(3400 3404 3406 3402)
4(4225 4227 4231 4229)
4(4224 4226 4227 4225)
4(4224 4225 4229 4228)
4(4225 4232 4236 4229)
4(4225 4227 4234 4232)
4(3738 4232 4236 3740)
4(3735 4225 4232 3738)
4(3735 3737 4229 4225)
4(3738 4232 4233 3739)
4(3732 3738 4232 4220)
4(3732 4220 4221 3733)
4(4213 4225 4232 4220)
4(3729 3735 4225 4213)
4(3729 4213 4220 3732)
4(4213 4225 4227 4215)
4(4213 4215 4222 4220)
4(4212 4213 4225 4224)
4(4212 4214 4215 4213)
4(3734 3735 4225 4224)
4(3728 4212 4213 3729)
4(3736 3737 4229 4228)
4(425 426 937 936)
4(2668 4190 4191 2669)
4(2666 2668 2669 2667)
4(2668 3724 3725 2669)
4(2664 2668 3724 3722)
4(2664 3722 3723 2665)
4(2664 2665 2669 2668)
4(2659 3259 3722 2664)
4(2659 2661 3263 3259)
4(2656 3256 3722 2664)
4(2649 3251 3256 2656)
4(2649 2659 3259 3251)
4(2656 3256 3257 2657)
4(2656 2657 2665 2664)
4(2653 3255 3257 2657)
4(2652 2653 2657 2656)
4(2652 2656 3256 3254)
4(2652 3254 3255 2653)
4(2653 3255 5628 5086)
4(2653 5086 5088 2657)
4(3171 5085 5086 2653)
4(3171 3711 5627 5085)
4(3171 2653 3255 3711)
4(2651 4678 5086 2653)
4(3169 3171 5085 5084)
4(3169 2651 2653 3171)
4(2651 2655 2657 2653)
4(3167 3171 5085 5083)
4(3165 3167 5083 5082)
4(3165 3169 3171 3167)
4(3167 3709 5626 5083)
4(3167 3171 3711 3709)
4(2635 3215 5625 5081)
4(2635 5081 5083 3167)
4(2635 3167 3709 3215)
4(2631 3213 5624 5079)
4(2631 5079 5081 2635)
4(2631 2635 3215 3213)
4(1519 3719 5079 2631)
4(1519 2153 4651 3719)
4(1519 2631 3213 2153)
4(2629 5078 5079 2631)
4(1517 2629 2631 1519)
4(1517 1519 3719 3718)
4(2633 5080 5081 2635)
4(2629 2633 2635 2631)
4(2633 3165 3167 2635)
4(1515 2151 4650 3717)
4(1515 3717 3719 1519)
4(1515 1519 2153 2151)
4(1507 3715 3717 1515)
4(1507 2141 4183 3715)
4(1507 1515 2151 2141)
4(4209 4216 4218 4211)
4(3235 3242 4216 4209)
4(3235 3237 3244 3242)
4(3235 4209 4211 3237)
4(4209 4216 4220 4213)
4(4209 4213 4215 4211)
4(3730 4216 4220 3732)
4(3727 4209 4216 3730)
4(3727 3729 4213 4209)
4(3730 4216 4217 3731)
4(2644 3730 4216 3242)
4(2644 3242 3243 2645)
4(2641 3727 4209 3235)
4(2641 3235 3242 2644)
4(3726 3727 4209 4208)
4(2640 3234 3235 2641)
4(3234 4208 4209 3235)
4(4208 4212 4213 4209)
4(4208 4212 4214 4210)
4(4208 4210 4211 4209)
4(3384 3386 4210 4208)
4(3384 3388 3390 3386)
4(1889 1890 1892 1891)
4(1881 1889 1891 1883)
4(1881 1883 1884 1882)
4(1893 1894 1896 1895)
4(1889 1893 1895 1891)
4(3008 3009 3011 3010)
4(1893 3008 3010 1895)
4(3012 3013 3015 3014)
4(3008 3012 3014 3010)
4(3012 3561 3563 3014)
4(3958 3561 3563 3959)
4(3545 3012 3561 3958)
4(3545 3546 3014 3012)
4(3958 3561 3565 3961)
4(3554 3958 3561 3559)
4(3554 3558 3961 3958)
4(3540 3545 3012 3007)
4(3540 3554 3958 3545)
4(3542 3545 3012 3008)
4(3536 3542 3008 3006)
4(3536 3540 3545 3542)
4(3542 3543 3010 3008)
4(2396 1893 3008 3542)
4(2396 2397 1895 1893)
4(2391 2396 1893 1888)
4(2391 3536 3542 2396)
4(2393 2396 1893 1889)
4(2387 2393 1889 1887)
4(2387 2391 2396 2393)
4(2393 2394 1891 1889)
4(2378 1881 1889 2393)
4(2378 2379 1883 1881)
4(2373 2378 1881 1876)
4(2373 2387 2393 2378)
4(2375 2378 1881 1877)
4(2369 2375 1877 1875)
4(2369 2373 2378 2375)
4(1877 1879 1883 1881)
4(2375 2376 1879 1877)
4(1877 1879 1880 1878)
4(3457 1879 1880 3458)
4(3455 1877 1879 3457)
4(3455 3457 3458 3456)
4(3457 2945 2946 3458)
4(1268 1273 1821 1814)
4(1268 1814 1817 1272)
4(1256 1258 1801 1279)
4(1256 1279 1814 1268)
4(1801 1803 1804 1802)
4(1284 1286 1804 1802)
4(1283 1284 1802 1801)
4(1283 1285 1286 1284)
4(1805 1807 1811 1809)
4(1284 1286 1807 1805)
4(1284 1805 1809 1802)
4(1805 1807 1808 1806)
4(4872 1805 1807 4874)
4(4872 4874 4875 4873)
4(4865 4872 1805 1284)
4(4865 1284 1286 4867)
4(4865 4867 4874 4872)
4(1277 1281 1805 1284)
4(4857 1277 1284 4865)
4(4857 4865 4872 4859)
4(1277 1280 1802 1284)
4(1276 1279 1801 1283)
4(1276 1283 1284 1277)
4(1252 1257 1283 1276)
4(1252 1276 1279 1256)
4(4864 4865 1284 1283)
4(4864 4866 4867 4865)
4(4856 4864 1283 1276)
4(4421 4423 4864 4856)
4(4421 4856 1276 1252)
4(4856 4864 4865 4857)
4(1270 2358 2360 1272)
4(1270 1272 1817 1816)
4(2357 2358 2360 2359)
4(1269 2357 2359 1271)
4(1269 1271 1272 1270)
4(2361 2362 2364 2363)
4(2357 2361 2363 2359)
4(2361 2948 2950 2363)
4(2943 2948 2950 2944)
4(2355 2361 2948 2943)
4(2355 2356 2363 2361)
4(2943 2948 2952 2946)
4(3454 2943 2948 3459)
4(3454 3458 2946 2943)
4(3446 2355 2361 3448)
4(3446 3454 2943 2355)
4(2352 2355 2361 2357)
4(3442 2352 2357 3447)
4(3442 3446 2355 2352)
4(2352 2353 2359 2357)
4(1263 1269 2357 2352)
4(1263 1264 1271 1269)
4(2340 3442 2352 1263)
4(2340 1263 1269 2342)
4(1265 1267 1268 1266)
4(1266 1268 1272 1270)
4(1265 1269 1271 1267)
4(1254 1256 1268 1266)
4(1253 1265 1267 1255)
4(1253 1255 1256 1254)
4(1266 1813 1814 1268)
4(1254 1256 1279 1278)
4(2662 2664 2665 2663)
4(2654 2656 2657 2655)
4(2650 2652 2653 2651)
4(2647 3247 3254 2652)
4(2647 2649 3251 3247)
4(3163 3170 3710 3705)
4(3166 3708 3710 3170)
4(3161 3701 3708 3166)
4(3161 3163 3705 3701)
4(3170 3710 3254 2652)
4(3163 2647 3247 3705)
4(3170 3171 2653 2652)
4(3170 3710 3711 3171)
4(3168 3170 3171 3169)
4(3258 3262 3263 3259)
4(2658 2660 3262 3258)
4(2658 3258 3259 2659)
4(3258 3262 3720 3260)
4(3258 3260 3261 3259)
4(3239 3258 3260 3241)
4(3227 3250 3258 3239)
4(3250 3252 3260 3258)
4(3227 3229 3252 3250)
4(3227 3239 3241 3229)
4(3239 3258 3262 3243)
4(3239 3243 3245 3241)
4(2643 3239 3258 2658)
4(2643 2645 3243 3239)
4(2648 3250 3258 2658)
4(2637 3227 3250 2648)
4(2637 2643 3239 3227)
4(3250 3258 3259 3251)
4(2648 3250 3251 2649)
4(3250 3252 3253 3251)
4(3246 3248 3249 3247)
4(3246 3250 3252 3248)
4(3246 3247 3251 3250)
4(3704 3246 3248 3706)
4(3704 3705 3247 3246)
4(3704 3706 3707 3705)
4(3223 3246 3248 3225)
4(3201 3704 3246 3223)
4(3201 3203 3706 3704)
4(3201 3223 3225 3203)
4(3223 3246 3250 3227)
4(3223 3227 3229 3225)
4(2646 3246 3250 2648)
4(2159 3223 3246 2646)
4(2159 2637 3227 3223)
4(2646 3246 3247 2647)
4(3162 2646 3246 3704)
4(3162 3704 3705 3163)
4(2623 2159 3223 3201)
4(2623 3201 3704 3162)
4(2158 2159 3223 3222)
4(2622 3200 3201 2623)
4(3200 3222 3223 3201)
4(2622 2158 3222 3200)
4(2636 2637 3227 3226)
4(3222 3226 3227 3223)
4(2158 2636 3226 3222)
4(2642 2643 3239 3238)
4(3226 3238 3239 3227)
4(2636 2642 3238 3226)
4(3238 3242 3243 3239)
4(2642 2644 3242 3238)
4(3238 3240 3241 3239)
4(3238 3242 3244 3240)
4(3226 3238 3240 3228)
4(3226 3228 3229 3227)
4(3231 3238 3240 3233)
4(3219 3226 3238 3231)
4(3219 3221 3228 3226)
4(3219 3231 3233 3221)
4(3231 3238 3242 3235)
4(3231 3235 3237 3233)
4(2639 3231 3238 2642)
4(2639 2641 3235 3231)
4(2157 2639 3231 3219)
4(2157 3219 3226 2636)
4(2638 2639 3231 3230)
4(2156 3218 3219 2157)
4(3218 3230 3231 3219)
4(3230 3234 3235 3231)
4(3234 3235 3237 3236)
4(3230 3234 3236 3232)
4(3230 3232 3233 3231)
4(3234 4208 4210 3236)
4(2280 2282 3236 3234)
4(2280 3384 3386 2282)
4(2276 3230 3232 2278)
4(3218 3220 3232 3230)
4(1727 1729 3220 3218)
4(1727 2276 2278 1729)
4(2276 2280 2282 2278)
4(3166 3170 3171 3167)
4(3164 3166 3167 3165)
4(3166 3708 3709 3167)
4(2634 3166 3708 3214)
4(2634 3214 3215 2635)
4(2634 2635 3167 3166)
4(2627 3209 3214 2634)
4(2627 3161 3701 3209)
4(3700 3701 3703 3702)
4(3208 3210 3211 3209)
4(3208 3209 3701 3700)
4(3208 3700 3702 3210)
4(3700 3701 3705 3704)
4(3700 3704 3706 3702)
4(3204 3205 3207 3206)
4(2146 2147 3205 3204)
4(2146 3204 3206 2148)
4(2146 2148 2149 2147)
4(3204 3205 3209 3208)
4(3204 3208 3210 3206)
4(2630 2634 3214 3212)
4(2630 3212 3213 2631)
4(2630 2631 2635 2634)
4(2625 3205 3212 2630)
4(2625 2627 3209 3205)
4(1518 2152 3212 2630)
4(1511 2147 2152 1518)
4(1511 2625 3205 2147)
4(1518 1519 2631 2630)
4(1518 2152 2153 1519)
4(2628 2629 2631 2630)
4(1516 1518 1519 1517)
4(2632 2633 2635 2634)
4(1513 3716 3717 1515)
4(1505 1507 3715 3714)
4(1505 1513 1515 1507)
4(1513 1517 1519 1515)
4(1503 1507 3715 3713)
4(1501 1503 3713 3712)
4(1501 1505 1507 1503)
4(1503 2139 4182 3713)
4(1503 1507 2141 2139)
4(2091 1503 3713 3159)
4(2089 1501 1503 2091)
4(2089 2091 3159 3158)
4(2091 1503 2139 2607)
4(2091 2607 3699 3159)
4(1502 1503 2139 2138)
4(2090 1502 2138 2606)
4(2090 2091 1503 1502)
4(2090 2606 2607 2091)
4(1506 1507 2141 2140)
4(1502 1506 2140 2138)
4(1502 1503 1507 1506)
4(1514 1515 2151 2150)
4(1506 1514 2150 2140)
4(1506 1507 1515 1514)
4(1514 1518 2152 2150)
4(1514 1515 1519 1518)
4(1509 2143 2150 1514)
4(1509 1511 2147 2143)
4(1499 1509 2143 2135)
4(1499 2135 2140 1506)
4(1508 1509 2143 2142)
4(2134 2142 2143 2135)
4(1498 1508 2142 2134)
4(1498 2134 2135 1499)
4(1510 1511 2147 2146)
4(2142 2146 2147 2143)
4(1508 1510 2146 2142)
4(2624 2625 3205 3204)
4(1510 2624 3204 2146)
4(2626 2627 3209 3208)
4(2624 2626 3208 3204)
4(3160 3161 3701 3700)
4(2626 3160 3700 3208)
4(3160 3162 3704 3700)
4(3197 3201 3704 3700)
4(2621 3197 3700 3160)
4(2621 2623 3201 3197)
4(3197 3199 3702 3700)
4(3197 3201 3203 3199)
4(3185 3208 3700 3197)
4(3185 3187 3210 3208)
4(3185 3197 3199 3187)
4(2615 3185 3208 2626)
4(2615 2621 3197 3185)
4(3181 3185 3208 3204)
4(2613 3181 3204 2624)
4(2613 2615 3185 3181)
4(3181 3183 3206 3204)
4(3181 3185 3187 3183)
4(2127 2146 3204 3181)
4(2127 2129 2148 2146)
4(2127 3181 3183 2129)
4(922 2613 3181 2127)
4(922 2127 2146 1510)
4(2612 2613 3181 3180)
4(2126 3180 3181 2127)
4(921 2612 3180 2126)
4(921 2126 2127 922)
4(2614 2615 3185 3184)
4(3180 3184 3185 3181)
4(2612 2614 3184 3180)
4(2620 2621 3197 3196)
4(3184 3196 3197 3185)
4(2614 2620 3196 3184)
4(3196 3200 3201 3197)
4(2620 2622 3200 3196)
4(3200 3201 3203 3202)
4(3196 3198 3199 3197)
4(3196 3200 3202 3198)
4(3222 3223 3225 3224)
4(3200 3222 3224 3202)
4(3222 3226 3228 3224)
4(3184 3196 3198 3186)
4(3184 3186 3187 3185)
4(3189 3196 3198 3191)
4(3177 3184 3196 3189)
4(3177 3189 3191 3179)
4(3177 3179 3186 3184)
4(3193 3200 3202 3195)
4(3189 3193 3195 3191)
4(3189 3196 3200 3193)
4(2671 3222 3224 3217)
4(3193 3200 3222 2671)
4(3193 2671 3217 3195)
4(2671 3222 3226 3219)
4(2671 3219 3221 3217)
4(2155 2671 3222 2158)
4(2155 2157 3219 2671)
4(2619 2155 2671 3193)
4(2619 3193 3200 2622)
4(2154 2155 2671 2670)
4(3192 2670 2671 3193)
4(2618 3192 3193 2619)
4(2670 3218 3219 2671)
4(3218 3219 3221 3220)
4(2670 3218 3220 3216)
4(2670 3216 3217 2671)
4(1723 1725 3216 2670)
4(1723 1727 1729 1725)
4(4849 4869 4871 4851)
4(4849 4851 641 640)
4(639 1227 1230 642)
4(638 641 1229 1226)
4(638 1226 1227 639)
4(1232 1233 1235 1234)
4(172 1232 1234 174)
4(172 174 175 173)
4(1232 1236 1238 1234)
4(1227 1232 1236 1230)
4(1227 1228 1234 1232)
4(639 1227 1232 643)
4(166 1227 1232 172)
4(5906 639 1227 166)
4(5906 166 172 5909)
4(166 167 174 172)
4(4847 5378 1226 638)
4(4847 4851 5380 5378)
4(4847 638 641 4851)
4(5905 165 1226 638)
4(3524 4847 5378 4391)
4(3524 4391 165 5905)
4(3524 5905 638 4847)
4(5905 165 166 5906)
4(169 173 625 621)
4(5917 621 625 5919)
4(5908 169 621 5917)
4(5908 5910 173 169)
4(621 623 627 625)
4(169 171 623 621)
4(169 173 175 171)
4(621 622 626 625)
4(621 623 624 622)
4(5917 621 622 5918)
4(180 621 622 181)
4(5913 5917 621 180)
4(5913 180 181 5914)
4(180 621 623 182)
4(180 182 183 181)
4(159 180 621 169)
4(159 161 182 180)
4(159 169 171 161)
4(5900 159 180 5913)
4(5900 5908 169 159)
4(155 159 180 176)
4(5911 176 180 5913)
4(5898 155 176 5911)
4(5898 5900 159 155)
4(176 178 182 180)
4(155 157 178 176)
4(155 159 161 157)
4(176 177 181 180)
4(176 178 179 177)
4(5911 176 177 5912)
4(1736 176 177 1737)
4(619 5911 176 1736)
4(619 1736 1737 620)
4(1736 176 178 1738)
4(1736 1738 1739 1737)
4(1195 1736 176 155)
4(1195 155 157 1197)
4(1195 1197 1738 1736)
4(610 5898 155 1195)
4(610 1195 1736 619)
4(5897 5898 155 154)
4(1194 154 155 1195)
4(609 5897 154 1194)
4(609 1194 1195 610)
4(5899 5900 159 158)
4(154 158 159 155)
4(5897 5899 158 154)
4(5907 5908 169 168)
4(158 168 169 159)
4(5899 5907 168 158)
4(168 172 173 169)
4(5907 5909 172 168)
4(168 170 171 169)
4(168 172 174 170)
4(158 168 170 160)
4(158 160 161 159)
4(163 168 170 164)
4(152 158 168 163)
4(152 153 160 158)
4(163 168 172 166)
4(5903 163 168 5907)
4(5903 5906 166 163)
4(5896 5903 163 152)
4(5896 152 158 5899)
4(5902 5903 163 162)
4(5895 5902 162 151)
4(5895 151 152 5896)
4(5902 5905 165 162)
4(4870 5381 5382 4871)
4(4870 4871 4875 4874)
4(4850 5379 5380 4851)
4(4850 4851 4871 4870)
4(4846 5377 5378 4847)
4(4846 4847 4851 4850)
4(3523 3524 4847 4846)
4(3523 4390 4391 3524)
4(4844 4845 4847 4846)
4(3522 3524 4847 4845)
4(3521 3523 3524 3522)
4(3521 4844 4846 3523)
4(4848 4849 4851 4850)
4(4845 4847 4851 4849)
4(4844 4848 4850 4846)
4(4868 4869 4871 4870)
4(4848 4868 4870 4850)
4(4868 4872 4874 4870)
4(4861 4868 4872 4865)
4(4861 4863 4870 4868)
4(4861 4865 4867 4863)
4(4854 4861 4868 4858)
4(4854 4857 4865 4861)
4(4841 4861 4868 4848)
4(4429 4841 4848 4835)
4(4429 4854 4861 4841)
4(4841 4861 4863 4843)
4(4841 4843 4850 4848)
4(4860 4861 4863 4862)
4(4840 4841 4861 4860)
4(4840 4842 4843 4841)
4(4860 4861 4865 4864)
4(3520 4389 162 5902)
4(3520 5902 5905 3524)
4(3520 3524 4391 4389)
4(3500 3932 151 5895)
4(3500 5895 5902 3520)
4(3500 3520 4389 3932)
4(5386 148 151 5895)
4(3496 3930 148 5386)
4(3496 5386 5895 3500)
4(3496 3500 3932 3930)
4(154 156 160 158)
4(149 150 156 154)
4(149 154 158 152)
4(154 156 157 155)
4(1194 154 156 1196)
4(1194 1196 1197 1195)
4(1188 1194 154 149)
4(1188 1189 1196 1194)
4(5387 5897 154 149)
4(606 5387 149 1188)
4(606 1188 1194 609)
4(5387 5896 152 149)
4(5386 148 149 5387)
4(605 5386 148 1187)
4(605 1187 1188 606)
4(4351 605 5386 3496)
4(4351 3496 3930 5314)
4(4351 5314 1187 605)
4(3494 5385 5386 3496)
4(4349 3494 3496 4351)
4(4349 4351 605 604)
4(3498 5894 5895 3500)
4(3494 3498 3500 3496)
4(3518 5901 5902 3520)
4(3498 3518 3520 3500)
4(3522 5904 5905 3524)
4(3518 3522 3524 3520)
4(4845 637 638 4847)
4(1732 1736 1737 1733)
4(618 1733 1737 620)
4(617 619 1736 1732)
4(617 1732 1733 618)
4(1733 1735 1739 1737)
4(1732 1734 1735 1733)
4(1732 1736 1738 1734)
4(1740 1741 1743 1742)
4(1210 1740 1742 1212)
4(1210 1212 1213 1211)
4(1740 1744 1746 1742)
4(1733 1740 1744 1737)
4(1733 1735 1742 1740)
4(618 1733 1740 1168)
4(1203 1733 1740 1210)
4(614 618 1733 1203)
4(614 1203 1210 616)
4(1203 1733 1735 1205)
4(1203 1205 1212 1210)
4(1202 1732 1734 1204)
4(1202 1203 1733 1732)
4(1202 1204 1205 1203)
4(1191 1732 1734 1193)
4(1181 1202 1732 1191)
4(1181 1183 1204 1202)
4(1181 1191 1193 1183)
4(1191 1732 1736 1195)
4(1191 1195 1197 1193)
4(608 1191 1732 617)
4(608 610 1195 1191)
4(613 1202 1732 617)
4(600 1181 1202 613)
4(600 608 1191 1181)
4(613 1202 1203 614)
4(1198 1202 1203 1199)
4(612 1199 1203 614)
4(611 613 1202 1198)
4(611 1198 1199 612)
4(1199 1201 1205 1203)
4(1198 1200 1201 1199)
4(1198 1202 1204 1200)
4(1206 1207 1209 1208)
4(138 1206 1208 140)
4(138 140 141 139)
4(1206 1210 1212 1208)
4(1199 1206 1210 1203)
4(1199 1201 1208 1206)
4(612 1199 1206 615)
4(131 1199 1206 138)
4(5847 612 1199 131)
4(5847 131 138 5849)
4(131 1199 1201 133)
4(131 133 140 138)
4(130 1198 1200 132)
4(130 131 1199 1198)
4(130 132 133 131)
4(1177 1198 1200 1179)
4(5875 130 1198 1177)
4(5875 1177 1179 5877)
4(5875 5877 132 130)
4(1177 1198 1202 1181)
4(1177 1181 1183 1179)
4(598 1177 1198 611)
4(598 600 1181 1177)
4(5846 130 1198 611)
4(5334 598 1177 5875)
4(5334 5875 130 5846)
4(5846 130 131 5847)
4(1190 1194 1195 1191)
4(607 609 1194 1190)
4(607 1190 1191 608)
4(1190 1192 1193 1191)
4(1190 1194 1196 1192)
4(3519 4388 4389 3520)
4(3519 3520 3524 3523)
4(3499 3931 3932 3500)
4(3499 3500 3520 3519)
4(3495 3929 3930 3496)
4(3495 3496 3500 3499)
4(4350 4351 3496 3495)
4(4350 5313 5314 4351)
4(3493 3494 3496 3495)
4(4348 3493 3495 4350)
4(4348 4350 4351 4349)
4(3497 3498 3500 3499)
4(3493 3497 3499 3495)
4(3517 3518 3520 3519)
4(3497 3517 3519 3499)
4(3517 3521 3523 3519)
4(3514 3521 3523 3516)
4(3510 3517 3521 3514)
4(3510 3512 3519 3517)
4(3510 3514 3516 3512)
4(4837 4844 4846 4839)
4(3514 3521 4844 4837)
4(3514 4837 4839 3516)
4(4837 4844 4848 4841)
4(4837 4841 4843 4839)
4(4426 4837 4844 4430)
4(4426 4429 4841 4837)
4(3506 4426 4837 3514)
4(3506 3514 3521 3508)
4(4425 4426 4837 4836)
4(3513 4836 4837 3514)
4(3505 4425 4836 3513)
4(3505 3513 3514 3506)
4(4428 4429 4841 4840)
4(4836 4840 4841 4837)
4(4425 4428 4840 4836)
4(4853 4854 4861 4860)
4(4428 4853 4860 4840)
4(4853 4856 4864 4860)
4(4417 4422 4860 4853)
4(4417 4853 4856 4421)
4(4405 4428 4853 4417)
4(4405 4407 4840 4428)
4(4415 4852 4853 4417)
4(4403 4405 4428 4427)
4(4403 4415 4417 4405)
4(4419 4855 4856 4421)
4(4415 4419 4421 4417)
4(1250 1275 1276 1252)
4(4419 1250 1252 4421)
4(1250 1254 1256 1252)
4(226 227 232 230)
4(210 211 218 216)
4(214 220 221 215)
4(214 215 219 218)
4(3557 3558 215 214)
4(3557 3960 3961 3558)
4(3903 3455 1877 2375)
4(3903 3904 3457 3455)
4(3898 2369 2375 3903)
4(3898 3903 3455 3450)
4(212 216 218 214)
4(212 214 215 213)
4(208 209 214 212)
4(3555 3557 214 212)
4(3549 3550 3557 3555)
4(3555 3557 3558 3556)
4(3553 3957 3958 3554)
4(3553 3554 3558 3557)
4(3539 3540 3554 3553)
4(3539 3544 3545 3540)
4(3551 3553 3557 3555)
4(3547 3548 3553 3551)
4(3551 3553 3554 3552)
4(3537 3539 3553 3551)
4(3531 3532 3539 3537)
4(3537 3539 3540 3538)
4(3535 3539 3540 3536)
4(3533 3535 3536 3534)
4(3533 3537 3539 3535)
4(3535 3541 3542 3536)
4(2390 2391 3536 3535)
4(2390 2395 2396 2391)
4(2388 3533 3535 2390)
4(2388 2390 2391 2389)
4(3529 3533 3535 3530)
4(2382 2383 2390 2388)
4(4836 4838 4839 4837)
4(3513 3515 3516 3514)
4(4401 4425 4836 4406)
4(3474 3505 4425 4401)
4(3474 3476 3513 3505)
4(4401 4425 4428 4405)
4(4399 4401 4425 4424)
4(4399 4403 4405 4401)
4(3503 3510 3517 3507)
4(3503 3506 3514 3510)
4(3490 3510 3517 3497)
4(3482 3503 3510 3490)
4(3482 3490 3497 3484)
4(3490 3510 3512 3492)
4(3490 3492 3499 3497)
4(3509 3510 3512 3511)
4(3489 3490 3510 3509)
4(3489 3491 3492 3490)
4(3509 3510 3514 3513)
4(2386 2392 2393 2387)
4(2386 2387 2391 2390)
4(2372 2377 2378 2373)
4(2372 2373 2387 2386)
4(2368 2374 2375 2369)
4(2368 2369 2373 2372)
4(3897 3898 2369 2368)
4(3897 3902 3903 3898)
4(3453 2942 2943 3454)
4(3453 3454 3458 3457)
4(3445 2354 2355 3446)
4(3445 3446 3454 3453)
4(3441 2351 2352 3442)
4(3441 3442 3446 3445)
4(2339 2340 3442 3441)
4(2339 1262 1263 2340)
4(1260 1265 1269 1263)
4(1260 1261 1267 1265)
4(2336 1260 1265 2341)
4(2336 2340 1263 1260)
4(1247 1260 1265 1253)
4(1757 2336 1260 1247)
4(1757 1247 1253 2330)
4(1247 1248 1255 1253)
4(1249 1251 1255 1253)
4(1244 1249 1253 1247)
4(1244 1245 1251 1249)
4(1249 1251 1252 1250)
4(3439 3440 3442 3441)
4(2337 3439 3441 2339)
4(2337 2339 2340 2338)
4(3443 3444 3446 3445)
4(3439 3443 3445 3441)
4(3451 3452 3454 3453)
4(3443 3451 3453 3445)
4(3451 3455 3457 3453)
4(3900 3451 3455 3903)
4(3900 3901 3453 3451)
4(3894 3900 3451 3449)
4(3894 3898 3903 3900)
4(3885 3900 3451 3443)
4(3880 3885 3443 3438)
4(3880 3894 3900 3885)
4(3885 3886 3445 3443)
4(3882 3439 3443 3885)
4(3882 3883 3441 3439)
4(3876 3882 3439 3437)
4(3876 3880 3885 3882)
4(2923 3882 3439 2337)
4(2918 2923 2337 2332)
4(2918 3876 3882 2923)
4(2923 2924 2339 2337)
4(2333 2335 2339 2337)
4(2920 2333 2337 2923)
4(2920 2921 2335 2333)
4(2335 2339 2340 2336)
4(2333 2335 2336 2334)
4(2335 1259 1260 2336)
4(1756 1246 1247 1757)
4(1756 1757 2336 2335)
4(1753 1244 1247 1757)
4(1752 1243 1244 1753)
4(1752 1753 1757 1756)
4(1753 1244 1249 2329)
4(4412 1244 1249 4418)
4(5374 4412 4418 5376)
4(5374 1753 1244 4412)
4(4418 4420 1251 1249)
4(4412 4413 4420 4418)
4(4418 4420 4421 4419)
4(3472 3474 3505 3504)
4(3472 4399 4401 3474)
4(4414 4418 4420 4416)
4(4414 4416 4417 4415)
4(4409 4414 4418 4412)
4(4409 4410 4416 4414)
4(5370 4409 4414 5375)
4(5370 5374 4412 4409)
4(4396 4409 4414 4402)
4(5362 4396 4402 5364)
4(5362 5370 4409 4396)
4(4402 4404 4416 4414)
4(4396 4397 4404 4402)
4(4402 4404 4405 4403)
4(4398 4400 4401 4399)
4(4398 4402 4404 4400)
4(3502 3509 3513 3505)
4(3470 3475 3509 3502)
4(3470 3502 3505 3474)
4(3502 3509 3510 3503)
4(3481 3502 3509 3489)
4(3481 3489 3490 3482)
4(2938 2940 3489 3481)
4(2938 3481 3502 3470)
4(3486 3488 3492 3490)
4(3485 3487 3488 3486)
4(3485 3486 3490 3489)
4(3486 3493 3497 3490)
4(3486 3488 3495 3493)
4(3479 3486 3493 3483)
4(3479 3482 3490 3486)
4(4341 3486 3493 4348)
4(4333 3479 3486 4341)
4(4333 4341 4348 4335)
4(4341 3486 3488 4343)
4(4341 4343 4350 4348)
4(4340 4341 3486 3485)
4(4340 4342 4343 4341)
4(2934 3478 3485 2939)
4(4332 4340 3485 3478)
4(4301 4332 3478 2934)
4(4301 4303 4340 4332)
4(3478 3485 3489 3481)
4(2934 3478 3481 2938)
4(3478 3485 3486 3479)
4(4332 4340 4341 4333)
4(3468 3470 3502 3501)
4(3468 3472 3474 3470)
4(2936 2938 3481 3480)
4(2936 3468 3470 2938)
4(2932 2934 3478 3477)
4(2932 2936 2938 2934)
4(4299 2932 2934 4301)
4(4299 4301 4332 4331)
4(2931 2932 2934 2933)
4(4298 4300 4301 4299)
4(4298 2931 2933 4300)
4(2935 2936 2938 2937)
4(2931 2935 2937 2933)
4(3467 3468 3470 3469)
4(2935 3467 3469 2937)
4(3471 3472 3474 3473)
4(3467 3471 3473 3469)
4(3471 4398 4400 3473)
4(4393 4398 4400 4394)
4(3465 3471 4398 4393)
4(3465 3466 3473 3471)
4(4393 4398 4402 4396)
4(5358 4393 4398 5363)
4(5358 5362 4396 4393)
4(3926 5358 4393 3465)
4(3926 3465 3471 3928)
4(5357 5358 4393 4392)
4(3925 3464 3465 3926)
4(3925 3926 5358 5357)
4(5361 5362 4396 4395)
4(5357 5358 5362 5361)
4(5369 5370 4409 4408)
4(5361 5362 5370 5369)
4(5373 5374 4412 4411)
4(5369 5370 5374 5373)
4(5373 5374 1753 1752)
4(2384 2386 2390 2388)
4(2380 2381 2386 2384)
4(2384 2386 2387 2385)
4(2370 2372 2386 2384)
4(1839 1840 2372 2370)
4(2370 2372 2373 2371)
4(2366 2370 2372 2368)
4(2366 2368 2369 2367)
4(1837 1838 2368 2366)
4(3895 3897 2368 2366)
4(3889 3890 3897 3895)
4(3895 3897 3898 3896)
4(2328 2920 2333 2331)
4(2328 2918 2923 2920)
4(2319 2920 2333 1754)
4(2314 2319 1754 1749)
4(2314 2328 2920 2319)
4(1754 1756 2335 2333)
4(2319 2320 1756 1754)
4(1754 1756 1757 1755)
4(1750 1754 1756 1752)
4(1750 1752 1753 1751)
4(2316 1750 1754 2319)
4(2316 2317 1752 1750)
4(2310 2316 1750 1748)
4(2310 2314 2319 2316)
4(5892 2316 1750 5371)
4(5887 5892 5371 5366)
4(5887 2310 2316 5892)
4(5371 5373 1752 1750)
4(5892 5893 5373 5371)
4(5371 5373 5374 5372)
4(5367 5371 5373 5369)
4(5367 5369 5370 5368)
4(5889 5367 5371 5892)
4(5889 5890 5369 5367)
4(5883 5889 5367 5365)
4(5883 5887 5892 5889)
4(5351 5889 5367 5359)
4(5346 5351 5359 4834)
4(5346 5883 5889 5351)
4(5359 5361 5369 5367)
4(5351 5352 5361 5359)
4(5359 5361 5362 5360)
4(5355 5359 5361 5357)
4(5355 5357 5358 5356)
4(603 1185 1188 606)
4(602 605 1187 1184)
4(602 1184 1185 603)
4(1180 1190 1192 1182)
4(1180 1181 1191 1190)
4(1180 1182 1183 1181)
4(1185 1190 1192 1186)
4(1174 1180 1190 1185)
4(1174 1175 1182 1180)
4(1185 1190 1194 1188)
4(603 1185 1190 607)
4(599 1180 1190 607)
4(596 1174 1180 599)
4(596 603 1185 1174)
4(599 1180 1181 600)
4(1176 1180 1181 1177)
4(597 599 1180 1176)
4(597 1176 1177 598)
4(1176 1178 1179 1177)
4(1176 1180 1182 1178)
4(5874 1176 1178 5876)
4(5874 5875 1177 1176)
4(5874 5876 5877 5875)
4(1171 1176 1178 1172)
4(5868 5874 1176 1171)
4(5868 5869 5876 5874)
4(1171 1176 1180 1174)
4(144 1171 1176 597)
4(144 596 1174 1171)
4(5333 5874 1176 597)
4(5330 5868 5874 5333)
4(5330 144 1171 5868)
4(5333 5874 5875 5334)
4(5870 5874 5875 5871)
4(5332 5871 5875 5334)
4(5331 5333 5874 5870)
4(5331 5870 5871 5332)
4(5871 5873 5877 5875)
4(5870 5872 5873 5871)
4(5870 5874 5876 5872)
4(134 135 137 136)
4(122 134 136 124)
4(122 124 125 123)
4(134 138 140 136)
4(127 134 138 131)
4(127 129 136 134)
4(127 131 133 129)
4(5845 127 134 5848)
4(5845 5847 131 127)
4(115 127 134 122)
4(5841 115 122 5843)
4(5841 5845 127 115)
4(115 127 129 117)
4(115 117 124 122)
4(126 127 129 128)
4(114 116 117 115)
4(114 126 128 116)
4(114 115 127 126)
4(126 130 132 128)
4(126 127 131 130)
4(118 119 121 120)
4(3403 118 120 3405)
4(3403 3405 3406 3404)
4(118 122 124 120)
4(111 118 122 115)
4(111 113 120 118)
4(111 115 117 113)
4(5839 111 118 5842)
4(5839 5841 115 111)
4(3396 111 118 3403)
4(2840 5839 111 3396)
4(2840 3396 3403 2842)
4(3396 111 113 3398)
4(3396 3398 3405 3403)
4(110 111 113 112)
4(3395 3396 111 110)
4(3395 110 112 3397)
4(3395 3397 3398 3396)
4(110 114 116 112)
4(110 111 115 114)
4(5861 114 116 5863)
4(5857 110 114 5861)
4(5857 5859 112 110)
4(5857 5861 5863 5859)
4(5871 126 128 5873)
4(5861 114 126 5871)
4(5861 5871 5873 5863)
4(5871 126 130 5875)
4(5844 126 130 5846)
4(5332 5871 126 5844)
4(5844 126 127 5845)
4(5840 5844 126 114)
4(5840 114 115 5841)
4(5324 5861 114 5840)
4(5324 5332 5871 5861)
4(5838 110 114 5840)
4(5322 5857 110 5838)
4(5322 5324 5861 5857)
4(5838 110 111 5839)
4(2839 5838 110 3395)
4(2839 3395 3396 2840)
4(3372 5857 110 3395)
4(2302 5322 5857 3372)
4(2302 3372 3395 2839)
4(3372 5857 5859 3374)
4(3372 3374 3397 3395)
4(5860 5870 5872 5862)
4(5860 5861 5871 5870)
4(5860 5862 5863 5861)
4(5865 5870 5872 5866)
4(5854 5860 5870 5865)
4(5854 5855 5862 5860)
4(5865 5870 5874 5868)
4(5327 5865 5870 5331)
4(5327 5330 5868 5865)
4(5323 5860 5870 5331)
4(5320 5854 5860 5323)
4(5320 5327 5865 5854)
4(5323 5860 5861 5324)
4(5856 5860 5861 5857)
4(5321 5323 5860 5856)
4(5321 5856 5857 5322)
4(5856 5858 5859 5857)
4(5856 5860 5862 5858)
4(3371 5856 5858 3373)
4(3371 3372 5857 5856)
4(3371 3373 3374 3372)
4(5851 5856 5858 5852)
4(2861 3371 5856 5851)
4(2861 2862 3373 3371)
4(5851 5856 5860 5854)
4(5317 5851 5856 5321)
4(5317 5320 5854 5851)
4(2301 3371 5856 5321)
4(2298 2861 3371 2301)
4(2298 5317 5851 2861)
4(2301 3371 3372 2302)
4(3391 3395 3396 3392)
4(2838 3392 3396 2840)
4(2837 3391 3392 2838)
4(2837 2839 3395 3391)
4(3391 3393 3394 3392)
4(3392 3394 3398 3396)
4(3391 3395 3397 3393)
4(3380 3382 3394 3392)
4(3379 3380 3392 3391)
4(3379 3391 3393 3381)
4(3379 3381 3382 3380)
4(3392 3399 3401 3394)
4(3380 3387 3399 3392)
4(3387 3389 3401 3399)
4(3380 3382 3389 3387)
4(3399 3401 3405 3403)
4(3392 3399 3403 3396)
4(3399 3401 3402 3400)
4(2838 3392 3399 2841)
4(2834 3380 3387 2836)
4(2834 2838 3392 3380)
4(3387 3389 3390 3388)
4(3383 3385 3386 3384)
4(3383 3387 3389 3385)
4(2279 3383 3385 2281)
4(2279 2281 2282 2280)
4(3376 3383 3385 3378)
4(2272 2279 3383 3376)
4(2272 3376 3378 2274)
4(2272 2274 2281 2279)
4(3376 3383 3387 3380)
4(3376 3380 3382 3378)
4(2832 3376 3383 2835)
4(2832 2834 3380 3376)
4(1166 2832 3376 2272)
4(1166 2272 2279 1685)
4(2831 2832 3376 3375)
4(2271 3375 3376 2272)
4(1165 2831 3375 2271)
4(1165 2271 2272 1166)
4(2833 2834 3380 3379)
4(3375 3379 3380 3376)
4(2831 2833 3379 3375)
4(2833 2837 3391 3379)
4(2300 2837 3391 2864)
4(2854 2864 3391 3379)
4(2292 2300 2864 2854)
4(2292 2854 3379 2833)
4(2864 3372 3395 3391)
4(2300 2302 3372 2864)
4(2864 3370 3393 3391)
4(2864 3372 3374 3370)
4(2854 2856 3381 3379)
4(2854 2864 3370 2856)
4(2850 2854 2856 2852)
4(3375 3377 3381 3379)
4(2850 2852 3377 3375)
4(2850 3375 3379 2854)
4(2142 2143 2145 2144)
4(2134 2142 2144 2136)
4(2134 2136 2137 2135)
4(2142 2146 2148 2144)
4(1545 2142 2146 2127)
4(1545 2125 2144 2142)
4(1545 2127 2129 2125)
4(920 1545 2142 1508)
4(920 922 2127 1545)
4(1533 1545 2142 2134)
4(914 1533 2134 1498)
4(914 920 1545 1533)
4(1533 1535 2136 2134)
4(1533 1545 2125 1535)
4(2130 2132 2136 2134)
4(1529 2130 2134 1533)
4(1529 1531 2132 2130)
4(1529 1533 1535 1531)
4(2130 2131 2135 2134)
4(2130 2132 2133 2131)
4(1497 1502 2138 2131)
4(2083 1497 2131 2601)
4(2083 2601 2606 2090)
4(1497 1499 2135 2131)
4(1496 1498 2134 2130)
4(1496 2130 2131 1497)
4(912 1529 2130 1496)
4(912 914 1533 1529)
4(2121 1529 2130 2600)
4(2082 2600 2130 1496)
4(1489 912 1529 2121)
4(1489 2121 2600 2082)
4(2600 2602 2132 2130)
4(2121 1529 1531 2123)
4(2121 2123 2602 2600)
4(2600 2601 2131 2130)
4(2600 2602 2603 2601)
4(2082 2600 2601 2083)
4(3192 3194 3216 2670)
4(3797 3799 3194 3192)
4(3797 1723 1725 3799)
4(3192 3194 3195 3193)
4(3188 3192 3194 3190)
4(3188 3189 3193 3192)
4(3188 3190 3191 3189)
4(3353 3172 3174 3355)
4(2266 2268 1542 1540)
4(1540 1542 3174 3172)
4(2266 3353 3355 2268)
4(3357 3176 3178 3783)
4(3172 3174 3178 3176)
4(3353 3357 3783 3355)
4(3793 3188 3190 3795)
4(3176 3178 3190 3188)
4(3357 3793 3795 3783)
4(3793 3797 3799 3795)
4(2617 3189 3193 2619)
4(2616 3188 3189 2617)
4(2617 3189 3196 2620)
4(2611 2617 3189 3177)
4(2611 3177 3184 2614)
4(3176 3188 3189 3177)
4(2610 3176 3177 2611)
4(3176 3178 3179 3177)
4(3173 3175 3179 3177)
4(3172 3173 3177 3176)
4(3172 3174 3175 3173)
4(3180 3182 3186 3184)
4(3173 3175 3182 3180)
4(3173 3180 3184 3177)
4(3180 3182 3183 3181)
4(2126 3180 3182 2128)
4(2126 2128 2129 2127)
4(1541 2126 3180 3173)
4(1541 3173 3175 1543)
4(1541 1543 2128 2126)
4(2609 2612 3180 3173)
4(918 2609 3173 1541)
4(918 1541 2126 921)
4(2609 2611 3177 3173)
4(2608 3172 3173 2609)
4(2863 3371 3372 2864)
4(2299 2301 3371 2863)
4(2299 2863 2864 2300)
4(2863 3369 3370 2864)
4(2863 3371 3373 3369)
4(2853 2863 3369 2855)
4(2853 2854 2864 2863)
4(2853 2855 2856 2854)
4(2858 2863 3369 2859)
4(2847 2853 2863 2858)
4(2847 2848 2855 2853)
4(2858 2863 3371 2861)
4(2295 2858 2863 2299)
4(2295 2298 2861 2858)
4(2291 2853 2863 2299)
4(2288 2847 2853 2291)
4(2288 2295 2858 2847)
4(2291 2853 2854 2292)
4(2849 2853 2854 2850)
4(2289 2291 2853 2849)
4(2289 2849 2850 2290)
4(2290 2850 2854 2292)
4(2849 2851 2852 2850)
4(2849 2853 2855 2851)
4(3375 3377 3378 3376)
4(2271 3375 3377 2273)
4(2271 2273 2274 2272)
4(1711 2850 2852 1713)
4(1711 2271 3375 2850)
4(1711 1713 2273 2271)
4(1710 2849 2851 1712)
4(1710 1711 2850 2849)
4(1710 1712 1713 1711)
4(2844 2849 2851 2845)
4(1704 1710 2849 2844)
4(1704 1705 1712 1710)
4(2844 2849 2853 2847)
4(2285 2844 2849 2289)
4(2285 2288 2847 2844)
4(1155 1710 2849 2289)
4(1152 2285 2844 1704)
4(1152 1704 1710 1155)
4(1156 1711 2850 2290)
4(1155 1710 1711 1156)
4(2290 2831 3375 2850)
4(1156 1711 2271 1165)
4(4347 4351 605 602)
4(4345 4347 602 601)
4(4345 4349 4351 4347)
4(4347 4832 1184 602)
4(4347 4351 5314 4832)
4(595 602 1184 1173)
4(595 1173 1174 596)
4(4327 4830 1173 595)
4(4327 595 602 4347)
4(4327 4347 4832 4830)
4(143 1170 1173 595)
4(4323 4828 1170 143)
4(4323 143 595 4327)
4(4323 4327 4830 4828)
4(143 1170 1171 144)
4(5329 143 1170 5867)
4(5329 5867 5868 5330)
4(3436 5329 143 4323)
4(3436 3850 5867 5329)
4(3436 4323 4828 3850)
4(4321 142 143 4323)
4(3434 3436 5329 5328)
4(3434 4321 4323 3436)
4(4325 145 595 4327)
4(4321 4325 4327 4323)
4(4325 4345 4347 4327)
4(5326 5329 5867 5864)
4(5326 5864 5865 5327)
4(3432 3848 5864 5326)
4(3432 5326 5329 3436)
4(3432 3436 3850 3848)
4(5319 5853 5864 5326)
4(3412 3846 5853 5319)
4(3412 5319 5326 3432)
4(3412 3432 3848 3846)
4(5319 5853 5854 5320)
4(5316 5319 5853 5850)
4(5316 5850 5851 5317)
4(3408 3844 5850 5316)
4(3408 5316 5319 3412)
4(3408 3412 3846 3844)
4(2297 2860 5850 5316)
4(109 2297 5316 3408)
4(109 3408 3844 588)
4(109 588 2860 2297)
4(2297 2860 2861 2298)
4(3430 5325 5326 3432)
4(3410 3412 5319 5318)
4(3410 3430 3432 3412)
4(3430 3434 3436 3432)
4(4346 4350 4351 4347)
4(4344 4346 4347 4345)
4(4344 4348 4350 4346)
4(4346 4831 4832 4347)
4(4326 4829 4830 4327)
4(4326 4327 4347 4346)
4(4322 4827 4828 4323)
4(4322 4323 4327 4326)
4(3435 3436 4323 4322)
4(3435 3849 3850 3436)
4(4320 4321 4323 4322)
4(3433 4320 4322 3435)
4(3433 3435 3436 3434)
4(4324 4325 4327 4326)
4(4320 4324 4326 4322)
4(4324 4344 4346 4326)
4(4337 4344 4346 4339)
4(4317 4324 4344 4337)
4(4317 4337 4339 4319)
4(4317 4319 4326 4324)
4(4337 4344 4348 4341)
4(4337 4341 4343 4339)
4(4330 4337 4344 4334)
4(4330 4333 4341 4337)
4(4309 4330 4337 4317)
4(4309 4317 4324 4311)
4(2914 3408 5316 5315)
4(2914 3410 3412 3408)
4(107 2914 3408 109)
4(107 109 2297 2296)
4(4336 4340 4341 4337)
4(4329 4332 4340 4336)
4(4329 4336 4337 4330)
4(4336 4338 4339 4337)
4(4312 4313 4315 4314)
4(3426 3428 4315 4313)
4(3425 3426 4313 4312)
4(3425 3427 3428 3426)
4(4316 4317 4319 4318)
4(4312 4313 4317 4316)
4(4313 4315 4319 4317)
4(4316 4317 4337 4336)
4(4297 4302 4336 4329)
4(4297 4329 4332 4301)
4(4308 4316 4336 4329)
4(3864 4308 4329 4297)
4(3864 3866 4316 4308)
4(4308 4316 4317 4309)
4(4306 4313 4317 4309)
4(4305 4308 4316 4312)
4(4305 4312 4313 4306)
4(4313 4317 4324 4320)
4(4306 4313 4320 4310)
4(4313 4315 4322 4320)
4(3426 3433 4320 4313)
4(3426 3428 3435 3433)
4(3418 3426 3433 3420)
4(3418 4306 4313 3426)
4(3431 3435 3436 3432)
4(3429 3431 3432 3430)
4(3429 3433 3435 3431)
4(3431 3847 3848 3432)
4(3411 3845 3846 3412)
4(3411 3412 3432 3431)
4(3407 3843 3844 3408)
4(3407 3408 3412 3411)
4(108 109 3408 3407)
4(108 587 588 109)
4(2913 2914 3408 3407)
4(106 2913 3407 108)
4(106 108 109 107)
4(3409 3410 3412 3411)
4(2913 3409 3411 3407)
4(3409 3429 3431 3411)
4(3422 3429 3431 3424)
4(2910 3409 3429 3422)
4(2910 3422 3424 2912)
4(2910 2912 3411 3409)
4(3422 3429 3433 3426)
4(3422 3426 3428 3424)
4(3415 3422 3429 3419)
4(3415 3418 3426 3422)
4(2902 3415 3422 2910)
4(2902 2910 3409 2904)
4(4295 4297 4329 4328)
4(4295 4299 4301 4297)
4(3862 3864 4308 4307)
4(3862 4295 4297 3864)
4(3860 3864 4308 4305)
4(3858 3860 4305 4304)
4(3858 3862 3864 3860)
4(3860 3865 4312 4305)
4(3417 3425 4312 4305)
4(2894 3417 4305 3860)
4(2894 2896 3425 3417)
4(3417 3425 3426 3418)
4(2892 2894 3417 3416)
4(2892 3858 3860 2894)
4(3462 3465 3471 3467)
4(3922 3462 3467 3927)
4(3922 3926 3465 3462)
4(3462 3463 3469 3467)
4(4294 4295 4297 4296)
4(3861 4294 4296 3863)
4(3861 3863 3864 3862)
4(4294 4298 4300 4296)
4(4292 4298 4300 4293)
4(3868 4290 4296 4294)
4(3868 4294 4298 4292)
4(2926 2931 2933 2927)
4(4292 4298 2931 2926)
4(2929 2935 2937 2930)
4(2926 2931 2935 2929)
4(2929 2935 3467 3462)
4(3914 3922 3462 2929)
4(3914 2929 2935 3916)
4(3921 3922 3462 3461)
4(3913 2928 2929 3914)
4(3913 3914 3922 3921)
4(3921 3922 3926 3925)
4(3893 3899 3900 3894)
4(3893 3894 3898 3897)
4(3879 3884 3885 3880)
4(3879 3880 3894 3893)
4(3875 3881 3882 3876)
4(3875 3876 3880 3879)
4(2917 2918 3876 3875)
4(2917 2922 2923 2918)
4(3873 3874 3876 3875)
4(2915 3873 3875 2917)
4(2915 2917 2918 2916)
4(3877 3878 3880 3879)
4(3873 3877 3879 3875)
4(3891 3892 3894 3893)
4(3877 3891 3893 3879)
4(3891 3895 3897 3893)
4(3887 3888 3893 3891)
4(3871 3872 3879 3877)
4(3869 3870 3875 3873)
4(2323 2324 2917 2915)
4(3910 2926 2929 3914)
4(3909 2925 2926 3910)
4(3909 3910 3914 3913)
4(3910 2926 2931 3915)
4(4765 3910 2926 4292)
4(4765 4292 4298 4767)
4(4764 4291 4292 4765)
4(4764 4765 3910 3909)
4(3855 3861 4294 3868)
4(3855 3856 3863 3861)
4(4761 4766 4294 3868)
4(4753 3855 3861 4755)
4(4753 4761 3868 3855)
4(4761 4765 4292 3868)
4(4760 3867 3868 4761)
4(4760 4761 4765 4764)
4(3421 3422 3426 3425)
4(3421 3423 3424 3422)
4(3414 3417 3425 3421)
4(3414 3421 3422 3415)
4(2890 2895 3421 3414)
4(2890 3414 3417 2894)
4(2901 2909 3421 3414)
4(2878 2901 3414 2890)
4(2878 2880 2909 2901)
4(2909 2910 3422 3421)
4(2909 2911 2912 2910)
4(2901 2909 2910 2902)
4(2888 2890 3414 3413)
4(2888 2892 2894 2890)
4(2876 2878 2901 2900)
4(2876 2888 2890 2878)
4(2874 2878 2901 2898)
4(2872 2874 2898 2897)
4(2872 2876 2878 2874)
4(2874 2879 2905 2898)
4(2898 2905 2909 2901)
4(2906 2908 2912 2910)
4(2905 2907 2908 2906)
4(2905 2906 2910 2909)
4(2906 2913 3409 2910)
4(2906 2908 3407 2913)
4(2899 2906 2913 2903)
4(2899 2902 2910 2906)
4(99 2906 2913 106)
4(91 2899 2906 99)
4(91 99 106 93)
4(99 2906 2908 101)
4(99 101 108 106)
4(98 99 2906 2905)
4(98 100 101 99)
4(90 98 2905 2898)
4(5825 5827 98 90)
4(5825 90 2898 2874)
4(2898 2899 2906 2905)
4(90 98 99 91)
4(105 109 2297 2294)
4(103 105 2294 2293)
4(103 107 109 105)
4(2294 2857 2860 2297)
4(105 586 2857 2294)
4(105 109 588 586)
4(2294 2857 2858 2295)
4(2287 2294 2857 2846)
4(2287 2846 2847 2288)
4(85 584 2846 2287)
4(85 2287 2294 105)
4(85 105 586 584)
4(2284 2843 2846 2287)
4(81 582 2843 2284)
4(81 2284 2287 85)
4(81 85 584 582)
4(2284 2843 2844 2285)
4(1151 2284 2843 1703)
4(1151 1703 1704 1152)
4(4826 1151 2284 81)
4(4826 5312 1703 1151)
4(4826 81 582 5312)
4(79 2283 2284 81)
4(4824 79 81 4826)
4(4824 4826 1151 1150)
4(83 2286 2287 85)
4(79 83 85 81)
4(83 103 105 85)
4(104 108 109 105)
4(102 104 105 103)
4(102 106 108 104)
4(104 585 586 105)
4(1512 1514 1515 1513)
4(1504 1506 1507 1505)
4(1500 1502 1503 1501)
4(2088 2090 2091 2089)
4(2086 2090 2091 2087)
4(2085 2087 2091 2089)
4(2084 2086 2087 2085)
4(2087 2605 2607 2091)
4(2086 2090 2606 2604)
4(2086 2604 2605 2087)
4(2087 3157 3698 2605)
4(2079 3155 3157 2087)
4(2079 2595 3697 3155)
4(2079 2087 2605 2595)
4(2087 3157 3159 2091)
4(2085 2087 3157 3156)
4(2077 2079 3155 3154)
4(2077 2085 2087 2079)
4(2075 2079 3155 3153)
4(1495 2077 2079 2075)
4(2075 2079 2595 2593)
4(2246 1520 1522 2248)
4(2112 2114 1522 1520)
4(1652 1654 2114 2112)
4(1652 2246 2248 1654)
4(2250 1524 1526 2252)
4(1520 1522 1526 1524)
4(2246 2250 2252 2248)
4(2262 1536 1538 2264)
4(1524 1526 1538 1536)
4(2250 2262 2264 2252)
4(1536 1538 1542 1540)
4(2262 2266 2268 2264)
4(1540 1541 1543 1542)
4(1536 1537 1541 1540)
4(1537 1539 1543 1541)
4(1536 1538 1539 1537)
4(1540 1541 3173 3172)
4(917 1540 1541 918)
4(916 1537 1541 918)
4(915 1536 1537 916)
4(1537 1541 2126 1544)
4(919 1544 2126 921)
4(916 1537 1544 919)
4(1544 2124 2128 2126)
4(1537 1539 2124 1544)
4(1544 1545 2127 2126)
4(1544 2124 2125 1545)
4(919 1544 1545 920)
4(1532 1544 1545 1533)
4(913 919 1544 1532)
4(913 1532 1533 914)
4(1532 1544 2124 1534)
4(1532 1534 1535 1533)
4(1525 1532 1544 1537)
4(1525 1537 1539 1527)
4(1525 1527 1534 1532)
4(910 916 1537 1525)
4(910 1525 1532 913)
4(1524 1536 1537 1525)
4(909 1524 1525 910)
4(1524 1526 1527 1525)
4(1521 1523 1527 1525)
4(1520 1521 1525 1524)
4(1520 1522 1523 1521)
4(1528 1530 1534 1532)
4(1521 1528 1532 1525)
4(1521 1523 1530 1528)
4(1528 1529 1533 1532)
4(1528 1530 1531 1529)
4(911 913 1532 1528)
4(911 1528 1529 912)
4(908 1521 1528 911)
4(908 910 1525 1521)
4(2113 1521 1528 2120)
4(1488 2120 1528 911)
4(1485 908 1521 2113)
4(1485 2113 2120 1488)
4(2120 2122 1530 1528)
4(2113 1521 1523 2115)
4(2113 2115 2122 2120)
4(2120 2121 1529 1528)
4(2120 2122 2123 2121)
4(1488 2120 2121 1489)
4(907 1520 1521 908)
4(2112 1520 1521 2113)
4(1484 2112 2113 1485)
4(2112 2114 2115 2113)
4(2108 2112 2114 2110)
4(2109 2111 2115 2113)
4(2108 2110 2111 2109)
4(2108 2109 2113 2112)
4(1648 2108 2110 1650)
4(1108 1638 2098 2096)
4(2096 2098 2110 2108)
4(1108 1648 1650 1638)
4(1648 1652 1654 1650)
4(1149 1701 1704 1152)
4(1148 1151 1703 1700)
4(1148 1700 1701 1149)
4(1730 1731 2270 2269)
4(1719 1721 2270 1731)
4(1718 1730 2269 1720)
4(1718 1719 1731 1730)
4(1718 1720 1721 1719)
4(1731 2270 2274 2272)
4(1730 1731 2272 2271)
4(1730 2271 2273 2269)
4(2275 2277 2281 2279)
4(1731 2275 2279 2272)
4(1731 2270 2277 2275)
4(2275 2277 2278 2276)
4(1164 1731 2275 1167)
4(1164 1166 2272 1731)
4(1719 1731 2275 1726)
4(1160 1719 1726 1162)
4(1160 1164 1731 1719)
4(1726 1728 2277 2275)
4(1719 1721 1728 1726)
4(1726 1728 1729 1727)
4(1722 1724 1725 1723)
4(1722 1726 1728 1724)
4(3796 1722 1724 3798)
4(3796 3798 3799 3797)
4(1715 1722 1724 1717)
4(3789 3796 1722 1715)
4(3789 1715 1717 3791)
4(3789 3791 3798 3796)
4(1715 1722 1726 1719)
4(1715 1719 1721 1717)
4(1158 1715 1722 1161)
4(1158 1160 1719 1715)
4(3313 1158 1715 3789)
4(3313 3789 3796 3315)
4(1163 1165 2271 1730)
4(1163 1730 1731 1164)
4(1707 1711 2271 1730)
4(1154 1707 1730 1163)
4(1154 1156 1711 1707)
4(1707 1709 2269 1730)
4(1707 1711 1713 1709)
4(1697 1718 1730 1707)
4(1697 1699 1720 1718)
4(1697 1707 1709 1699)
4(1159 1718 1730 1163)
4(1146 1697 1718 1159)
4(1146 1154 1707 1697)
4(1159 1718 1719 1160)
4(1714 1718 1719 1715)
4(1157 1159 1718 1714)
4(1157 1714 1715 1158)
4(1714 1716 1717 1715)
4(1714 1718 1720 1716)
4(3788 1714 1716 3790)
4(3788 3789 1715 1714)
4(3788 3790 3791 3789)
4(1693 1714 1716 1695)
4(3341 3788 1714 1693)
4(3341 1693 1695 3343)
4(3341 3343 3790 3788)
4(1693 1714 1718 1697)
4(1693 1697 1699 1695)
4(1144 1693 1714 1157)
4(1144 1146 1697 1693)
4(3312 3788 1714 1157)
4(2824 1144 1693 3341)
4(2824 3341 3788 3312)
4(3312 3788 3789 3313)
4(3785 3789 3796 3792)
4(3311 3313 3789 3785)
4(3311 3785 3792 3314)
4(3785 3789 3791 3787)
4(3785 3787 3794 3792)
4(3792 3794 3798 3796)
4(1706 1707 1709 1708)
4(1696 1697 1707 1706)
4(1696 1706 1708 1698)
4(1696 1698 1699 1697)
4(1706 1710 1712 1708)
4(1706 1707 1711 1710)
4(1701 1706 1710 1704)
4(1701 1702 1708 1706)
4(1153 1706 1710 1155)
4(1149 1701 1706 1153)
4(1153 1706 1707 1154)
4(1145 1153 1706 1696)
4(1145 1696 1697 1146)
4(1690 1701 1706 1696)
4(594 1149 1701 1690)
4(594 1690 1696 1145)
4(1690 1691 1698 1696)
4(4822 5310 1700 1148)
4(4822 4826 5312 5310)
4(4822 1148 1151 4826)
4(593 1689 1700 1148)
4(4802 5308 1689 593)
4(4802 4822 5310 5308)
4(4802 593 1148 4822)
4(593 1689 1690 594)
4(591 1687 1690 594)
4(590 1686 1687 591)
4(590 593 1689 1686)
4(1687 1692 1694 1688)
4(3334 3340 1692 1687)
4(3340 3342 1694 1692)
4(3334 3335 3342 3340)
4(1692 1694 1698 1696)
4(1687 1692 1696 1690)
4(1692 1693 1697 1696)
4(1692 1694 1695 1693)
4(1143 1145 1696 1692)
4(1143 1692 1693 1144)
4(591 1687 1692 1143)
4(2823 3340 1692 1143)
4(2820 3334 3340 2823)
4(2820 591 1687 3334)
4(3340 1692 1693 3341)
4(2823 3340 3341 2824)
4(3340 3342 3343 3341)
4(3337 3339 3343 3341)
4(3336 3338 3339 3337)
4(3336 3340 3342 3338)
4(3336 3337 3341 3340)
4(3323 3344 3346 3325)
4(2257 2259 3346 3344)
4(2234 2236 2259 2257)
4(2234 2257 3344 3323)
4(2234 3323 3325 2236)
4(3327 3348 3350 3329)
4(3344 3346 3350 3348)
4(3323 3344 3348 3327)
4(3323 3327 3329 3325)
4(3337 3784 3786 3339)
4(3327 3348 3784 3337)
4(3348 3350 3786 3784)
4(3327 3337 3339 3329)
4(3784 3786 3790 3788)
4(3337 3784 3788 3341)
4(3784 3785 3789 3788)
4(3784 3786 3787 3785)
4(3310 3312 3788 3784)
4(3310 3784 3785 3311)
4(2822 3337 3784 3310)
4(2822 2824 3341 3337)
4(2827 3348 3784 3310)
4(2814 2822 3337 3327)
4(2814 3327 3348 2827)
4(3348 3784 3785 3349)
4(2828 3349 3785 3311)
4(2827 3348 3349 2828)
4(3349 3351 3787 3785)
4(3348 3350 3351 3349)
4(3356 3782 3794 3792)
4(3349 3356 3792 3785)
4(3349 3351 3782 3356)
4(3792 3793 3795 3794)
4(3356 3782 3783 3357)
4(2828 3349 3356 2830)
4(3345 3349 3356 3352)
4(2826 3345 3352 2829)
4(2826 2828 3349 3345)
4(3352 3354 3782 3356)
4(3345 3347 3354 3352)
4(3345 3349 3351 3347)
4(3352 3354 3355 3353)
4(2265 3352 3354 2267)
4(2265 2267 2268 2266)
4(2258 2265 3352 3345)
4(2258 3345 3347 2260)
4(2258 2260 2267 2265)
4(1666 2826 3345 2258)
4(1666 2258 2265 1668)
4(2825 2826 3345 3344)
4(2257 3344 3345 2258)
4(1665 2825 3344 2257)
4(1665 2257 2258 1666)
4(3344 3348 3349 3345)
4(2825 2827 3348 3344)
4(3344 3346 3347 3345)
4(2257 2259 2260 2258)
4(2254 2256 2260 2258)
4(2253 2255 2256 2254)
4(2253 2257 2259 2255)
4(2253 2254 2258 2257)
4(3326 3336 3338 3328)
4(3326 3327 3337 3336)
4(3326 3328 3329 3327)
4(3331 3336 3338 3332)
4(3320 3326 3336 3331)
4(3320 3321 3328 3326)
4(3331 3336 3340 3334)
4(2821 3336 3340 2823)
4(2817 3331 3336 2821)
4(2817 2820 3334 3331)
4(2821 3336 3337 2822)
4(2813 2821 3336 3326)
4(2813 3326 3327 2814)
4(2810 2817 3331 3320)
4(2810 3320 3326 2813)
4(2816 2817 3331 3330)
4(2809 3319 3320 2810)
4(2809 2816 3330 3319)
4(2819 2820 3334 3333)
4(2816 2819 3333 3330)
4(2819 590 1686 3333)
4(4798 590 1686 5306)
4(536 2819 590 4798)
4(536 1112 3333 2819)
4(536 4798 5306 1112)
4(4798 590 593 4802)
4(4798 4802 5308 5306)
4(84 583 584 85)
4(84 85 105 104)
4(80 581 582 81)
4(80 81 85 84)
4(4825 4826 81 80)
4(4825 5311 5312 4826)
4(78 79 81 80)
4(4823 78 80 4825)
4(4823 4825 4826 4824)
4(82 83 85 84)
4(78 82 84 80)
4(82 102 104 84)
4(95 102 104 97)
4(75 82 102 95)
4(75 95 97 77)
4(75 77 84 82)
4(95 102 106 99)
4(95 99 101 97)
4(88 95 102 92)
4(88 91 99 95)
4(5833 88 95 75)
4(5833 75 82 5835)
4(87 88 95 94)
4(5832 87 94 74)
4(74 94 95 75)
4(5832 74 75 5833)
4(94 98 99 95)
4(87 90 98 94)
4(94 96 97 95)
4(2327 2919 2920 2328)
4(2327 2328 2918 2917)
4(2313 2314 2328 2327)
4(2313 2318 2319 2314)
4(2325 2326 2328 2327)
4(2311 2325 2327 2313)
4(2311 2313 2314 2312)
4(2325 2915 2917 2327)
4(2321 2322 2327 2325)
4(2305 2306 2313 2311)
4(2309 2315 2316 2310)
4(2309 2310 2314 2313)
4(5886 5887 2310 2309)
4(5886 5891 5892 5887)
4(2307 2308 2310 2309)
4(5884 2307 2309 5886)
4(5884 5886 5887 5885)
4(2307 2311 2313 2309)
4(2303 2304 2309 2307)
4(5878 5879 5886 5884)
4(4821 5309 5310 4822)
4(4821 4822 4826 4825)
4(4801 4802 4822 4821)
4(4801 5307 5308 4802)
4(5821 5826 94 87)
4(5821 87 90 5825)
4(5809 5811 74 5832)
4(5809 5832 87 5821)
4(74 76 77 75)
4(5837 73 77 75)
4(5836 72 73 5837)
4(5836 5837 75 74)
4(5837 78 82 75)
4(5837 73 80 78)
4(5830 5837 78 5834)
4(5830 5833 75 5837)
4(4816 5837 78 4823)
4(4808 5830 5837 4816)
4(4808 4816 4823 4810)
4(4816 5837 73 4818)
4(4816 4818 4825 4823)
4(4815 4816 5837 5836)
4(4815 4817 4818 4816)
4(5829 5836 74 5832)
4(5805 5810 5836 5829)
4(5805 5829 5832 5809)
4(5829 5836 5837 5830)
4(4807 5829 5836 4815)
4(4807 4815 4816 4808)
4(4776 4807 5829 5805)
4(4776 4778 4815 4807)
4(5803 5828 5829 5805)
4(4774 4776 4807 4806)
4(4774 5803 5805 4776)
4(5807 5831 5832 5809)
4(5803 5807 5809 5805)
4(5819 86 87 5821)
4(5807 5819 5821 5809)
4(5823 89 90 5825)
4(5819 5823 5825 5821)
4(5823 2872 2874 5825)
4(2891 2892 2894 2893)
4(2887 2891 2893 2889)
4(2887 2889 2890 2888)
4(3857 3858 3860 3859)
4(2891 3857 3859 2893)
4(3857 3861 3863 3859)
4(3852 3857 3861 3855)
4(3852 3853 3859 3857)
4(4749 3852 3857 4754)
4(4749 4753 3855 3852)
4(2885 3852 3857 2891)
4(3840 4749 3852 2885)
4(3840 2885 2891 3842)
4(2885 2886 2893 2891)
4(4752 4753 3855 3854)
4(4748 3851 3852 4749)
4(4748 4749 4753 4752)
4(4752 4753 4761 4760)
4(3839 2884 2885 3840)
4(3839 3840 4749 4748)
4(3836 2882 2885 3840)
4(3835 2881 2882 3836)
4(3835 3836 3840 3839)
4(2882 2887 2889 2883)
4(2869 2875 2887 2882)
4(2869 2870 2877 2875)
4(2875 2877 2889 2887)
4(2882 2887 2891 2885)
4(3836 2882 2887 3841)
4(3367 3836 2882 2869)
4(3367 2869 2875 3830)
4(3366 2868 2869 3367)
4(3366 3367 3836 3835)
4(2871 2873 2877 2875)
4(2866 2867 2873 2871)
4(2866 2871 2875 2869)
4(2875 2876 2878 2877)
4(2871 2873 2874 2872)
4(5822 2871 2873 5824)
4(5822 5824 5825 5823)
4(5816 5822 2871 2866)
4(5816 5817 5824 5822)
4(3363 3368 2871 2866)
4(578 3363 2866 5816)
4(578 5816 5822 580)
4(3363 3367 2869 2866)
4(3362 2865 2866 3363)
4(3362 3363 3367 3366)
4(577 5815 5816 578)
4(577 578 3363 3362)
4(574 5813 5816 578)
4(573 5812 5813 574)
4(573 574 578 577)
4(5813 5818 5820 5814)
4(5806 5808 5820 5818)
4(5800 5801 5808 5806)
4(5800 5806 5818 5813)
4(5818 5820 5824 5822)
4(5813 5818 5822 5816)
4(5818 5820 5821 5819)
4(2116 2120 2121 2117)
4(1487 2117 2121 1489)
4(1486 1488 2120 2116)
4(1486 2116 2117 1487)
4(2117 2119 2123 2121)
4(2116 2118 2119 2117)
4(2116 2120 2122 2118)
4(2596 2598 2602 2600)
4(2117 2119 2598 2596)
4(2117 2596 2600 2121)
4(2596 2598 2599 2597)
4(2596 2597 2601 2600)
4(2081 2597 2604 2086)
4(2081 2083 2601 2597)
4(1493 2081 2597 2589)
4(1493 2589 2594 2078)
4(2078 2594 2604 2086)
4(2588 2596 2598 2590)
4(2588 2589 2597 2596)
4(2588 2590 2591 2589)
4(2105 2588 2596 2117)
4(2105 2107 2590 2588)
4(2105 2117 2119 2107)
4(1487 2080 2596 2117)
4(1492 2588 2596 2080)
4(1481 2105 2588 1492)
4(1481 1487 2117 2105)
4(2080 2596 2600 2082)
4(2080 2596 2597 2081)
4(1492 2588 2589 1493)
4(2584 2588 2589 2585)
4(1491 2585 2589 1493)
4(1490 1492 2588 2584)
4(2584 2588 2590 2586)
4(2074 2592 2594 2078)
4(2078 2079 2595 2594)
4(2074 2075 2079 2078)
4(2078 2079 2087 2086)
4(2076 2078 2079 2077)
4(2101 2105 2588 2584)
4(1479 1481 2105 2101)
4(2101 2105 2107 2103)
4(2104 2105 2107 2106)
4(2100 2101 2105 2104)
4(2100 2104 2106 2102)
4(2104 2116 2118 2106)
4(2104 2105 2117 2116)
4(2109 2116 2118 2111)
4(2097 2104 2116 2109)
4(2097 2099 2106 2104)
4(2097 2109 2111 2099)
4(2109 2116 2120 2113)
4(1483 2109 2116 1486)
4(1483 1485 2113 2109)
4(1480 2104 2116 1486)
4(1477 2097 2104 1480)
4(1477 1483 2109 2097)
4(1480 2104 2105 1481)
4(1478 1480 2104 2100)
4(2093 2097 2104 2100)
4(1475 1477 2097 2093)
4(2093 2097 2099 2095)
4(2249 2250 2252 2251)
4(2245 2249 2251 2247)
4(2245 2247 2248 2246)
4(2261 2262 2264 2263)
4(2249 2261 2263 2251)
4(2261 2265 2267 2263)
4(2254 2261 2265 2258)
4(2254 2256 2263 2261)
4(1664 2254 2261 1667)
4(1664 1666 2258 2254)
4(2242 2254 2261 2249)
4(1660 1664 2254 2242)
4(1660 2242 2249 1662)
4(2242 2254 2256 2244)
4(2242 2244 2251 2249)
4(2241 2253 2255 2243)
4(2241 2242 2254 2253)
4(2241 2243 2244 2242)
4(2230 2253 2255 2232)
4(1680 2241 2253 2230)
4(1680 1682 2243 2241)
4(1680 2230 2232 1682)
4(2230 2253 2257 2234)
4(2230 2234 2236 2232)
4(1656 1665 2257 2234)
4(1663 2253 2257 1665)
4(1130 2230 2253 1663)
4(1130 1656 2234 2230)
4(2812 2825 3344 3323)
4(1656 2812 3323 2234)
4(2812 2814 3327 3323)
4(3322 3326 3327 3323)
4(2811 2813 3326 3322)
4(2811 3322 3323 2812)
4(3322 3324 3325 3323)
4(3322 3326 3328 3324)
4(2233 3322 3324 2235)
4(2233 2234 3323 3322)
4(2233 2235 2236 2234)
4(3317 3322 3324 3318)
4(2227 2233 3322 3317)
4(2227 2228 2235 2233)
4(3317 3322 3326 3320)
4(2807 3317 3322 2811)
4(2807 2810 3320 3317)
4(1655 2233 3322 2811)
4(1128 2227 2233 1655)
4(1128 2807 3317 2227)
4(1655 2233 2234 1656)
4(1663 2253 2254 1664)
4(1659 1663 2253 2241)
4(1659 2241 2242 1660)
4(1122 1680 2241 1659)
4(1122 1130 2230 1680)
4(1676 1680 2241 2237)
4(1657 2237 2241 1659)
4(1120 1122 1680 1676)
4(1120 1676 2237 1657)
4(2237 2239 2243 2241)
4(1676 1680 1682 1678)
4(1676 1678 2239 2237)
4(2238 2240 2244 2242)
4(2237 2238 2242 2241)
4(2237 2239 2240 2238)
4(2238 2245 2249 2242)
4(2238 2240 2247 2245)
4(1658 2238 2245 1661)
4(1658 1660 2242 2238)
4(1651 2245 2247 1653)
4(1651 1653 1654 1652)
4(1644 1651 2245 2238)
4(1644 2238 2240 1646)
4(1644 1646 1653 1651)
4(1064 1658 2238 1644)
4(1064 1644 1651 1066)
4(1657 1658 2238 2237)
4(1643 2237 2238 1644)
4(1063 1657 2237 1643)
4(1063 1643 1644 1064)
4(5348 5351 5359 5355)
4(5342 5348 5355 4833)
4(5342 5346 5351 5348)
4(5348 5349 5357 5355)
4(3923 3925 5357 5355)
4(4386 3923 5355 5348)
4(4386 4387 3925 3923)
4(3923 3925 3926 3924)
4(3919 3923 3925 3921)
4(3919 3921 3922 3920)
4(4381 4386 3923 3918)
4(4381 5342 5348 4386)
4(4383 4386 3923 3919)
4(4377 4383 3919 3917)
4(4377 4381 4386 4383)
4(4383 4384 3921 3919)
4(3911 3913 3921 3919)
4(4368 3911 3919 4383)
4(4368 4369 3913 3911)
4(3911 3913 3914 3912)
4(4363 4368 3911 3906)
4(4363 4377 4383 4368)
4(4365 4368 3911 3907)
4(4359 4365 3907 3905)
4(4359 4363 4368 4365)
4(3907 3909 3913 3911)
4(4365 4366 3909 3907)
4(3907 3909 3910 3908)
4(4762 3907 3909 4764)
4(4762 4764 4765 4763)
4(5279 4762 3907 4365)
4(5279 5280 4764 4762)
4(5274 5279 4762 4757)
4(5274 4359 4365 5279)
4(4758 4762 4764 4760)
4(4758 4760 4761 4759)
4(5276 4758 4762 5279)
4(5276 5277 4760 4758)
4(5270 5276 4758 4756)
4(5270 5274 5279 5276)
4(5261 5276 4758 4750)
4(5256 5261 4750 4745)
4(5256 5270 5276 5261)
4(4750 4752 4760 4758)
4(5261 5262 4752 4750)
4(4750 4752 4753 4751)
4(5258 5261 4750 4746)
4(5252 5258 4746 4744)
4(5252 5256 5261 5258)
4(4746 4748 4752 4750)
4(5258 5259 4748 4746)
4(4746 4748 4749 4747)
4(4820 1147 1148 4822)
4(4800 4802 593 592)
4(4800 4820 4822 4802)
4(4820 4824 4826 4822)
4(4796 4798 590 589)
4(4796 4800 4802 4798)
4(534 536 2819 2818)
4(534 4796 4798 536)
4(4819 4823 4825 4821)
4(4819 4821 4822 4820)
4(4812 4819 4823 4816)
4(4812 4814 4821 4819)
4(4812 4816 4818 4814)
4(4805 4812 4819 4809)
4(4805 4808 4816 4812)
4(4792 4812 4819 4799)
4(4784 4805 4812 4792)
4(4784 4792 4799 4786)
4(4799 4801 4821 4819)
4(4792 4812 4814 4794)
4(4792 4794 4801 4799)
4(4799 4801 4802 4800)
4(4811 4815 4816 4812)
4(4804 4807 4815 4811)
4(4804 4811 4812 4805)
4(4811 4813 4814 4812)
4(4772 4777 4811 4804)
4(4772 4804 4807 4776)
4(4783 4791 4811 4804)
4(4282 4783 4804 4772)
4(4282 4284 4791 4783)
4(4791 4792 4812 4811)
4(4791 4793 4794 4792)
4(4783 4791 4792 4784)
4(4770 4803 4804 4772)
4(4280 4282 4783 4782)
4(4280 4770 4772 4282)
4(4770 4774 4776 4772)
4(5806 5808 5809 5807)
4(5802 5804 5805 5803)
4(5802 5806 5808 5804)
4(4773 5802 5804 4775)
4(4773 4775 4776 4774)
4(5797 5802 5804 5798)
4(4289 4768 4775 4773)
4(4289 4773 5802 5797)
4(5797 5802 5806 5800)
4(566 568 5806 5800)
4(69 5797 5802 567)
4(69 566 5800 5797)
4(574 579 5818 5813)
4(566 574 5813 5800)
4(3837 4746 4748 3839)
4(3837 3839 3840 3838)
4(4267 3837 4746 5258)
4(4267 4268 3839 3837)
4(3829 4267 3837 3832)
4(3829 5252 5258 4267)
4(5882 5888 5889 5883)
4(5882 5883 5887 5886)
4(5345 5346 5883 5882)
4(5345 5350 5351 5346)
4(5880 5881 5883 5882)
4(5343 5880 5882 5345)
4(5343 5345 5346 5344)
4(5880 5884 5886 5882)
4(5353 5354 5882 5880)
4(5337 5338 5345 5343)
4(5341 5347 5348 5342)
4(5341 5342 5346 5345)
4(4380 4381 5342 5341)
4(4380 4385 4386 4381)
4(5339 5341 5345 5343)
4(5335 5336 5341 5339)
4(5339 5341 5342 5340)
4(4378 4380 5341 5339)
4(4372 4373 4380 4378)
4(4378 4380 4381 4379)
4(4376 4382 4383 4377)
4(4376 4377 4381 4380)
4(4362 4363 4377 4376)
4(4362 4367 4368 4363)
4(4374 4376 4380 4378)
4(4370 4371 4376 4374)
4(4374 4376 4377 4375)
4(4360 4362 4376 4374)
4(4354 4355 4362 4360)
4(4360 4362 4363 4361)
4(4358 4362 4363 4359)
4(4356 4358 4359 4357)
4(4356 4360 4362 4358)
4(4358 4364 4365 4359)
4(5273 5274 4359 4358)
4(5273 5278 5279 5274)
4(5271 4356 4358 5273)
4(5271 5273 5274 5272)
4(4352 4356 4358 4353)
4(5265 5266 5273 5271)
4(2806 2809 3319 3316)
4(2806 3316 3317 2807)
4(49 2809 3319 540)
4(45 2806 2809 49)
4(45 538 3316 2806)
4(45 49 540 538)
4(532 2816 3330 1110)
4(49 2809 2816 532)
4(49 532 1110 540)
4(532 2816 2819 536)
4(532 536 1112 1110)
4(530 532 2816 2815)
4(530 534 536 532)
4(47 49 2809 2808)
4(47 530 532 49)
4(2229 2233 2234 2230)
4(1129 1655 2233 2229)
4(1129 2229 2230 1130)
4(2229 2231 2232 2230)
4(2229 2233 2235 2231)
4(1679 2229 2231 1681)
4(1679 1680 2230 2229)
4(1679 1681 1682 1680)
4(1684 2229 2231 2225)
4(1673 1679 2229 1684)
4(1673 1674 1681 1679)
4(1684 2229 2233 2227)
4(1125 1684 2229 1129)
4(1125 1128 2227 1684)
4(1121 1679 2229 1129)
4(1118 1125 1684 1673)
4(1118 1673 1679 1121)
4(1121 1679 1680 1122)
4(1675 1679 1680 1676)
4(1119 1675 1676 1120)
4(1119 1121 1679 1675)
4(1675 1677 1678 1676)
4(1675 1679 1681 1677)
4(1643 2237 2239 1645)
4(1643 1645 1646 1644)
4(1092 1643 2237 1676)
4(1092 1676 1678 1094)
4(1092 1094 1645 1643)
4(520 1120 1676 1092)
4(520 1092 1643 1063)
4(1091 1675 1676 1092)
4(519 1091 1092 520)
4(519 1119 1675 1091)
4(1091 1093 1094 1092)
4(1091 1675 1677 1093)
4(2092 2094 2098 2096)
4(1104 1108 1638 1106)
4(2096 2097 2099 2098)
4(2092 2093 2097 2096)
4(2096 2097 2109 2108)
4(1482 1483 2109 2108)
4(1476 2096 2097 1477)
4(1647 1651 1653 1649)
4(1647 1649 1650 1648)
4(1640 1647 1651 1644)
4(1640 1642 1649 1647)
4(1640 1644 1646 1642)
4(1062 1640 1647 1065)
4(1062 1064 1644 1640)
4(1100 1640 1647 1107)
4(524 1062 1640 1100)
4(524 1100 1107 526)
4(1107 1637 1649 1647)
4(1100 1640 1642 1102)
4(1100 1102 1637 1107)
4(1107 1637 1638 1108)
4(1639 1643 1644 1640)
4(1061 1063 1643 1639)
4(1061 1639 1640 1062)
4(1639 1643 1645 1641)
4(1639 1641 1642 1640)
4(1088 1639 1643 1092)
4(1088 1090 1641 1639)
4(1088 1092 1094 1090)
4(518 1088 1639 1061)
4(518 520 1092 1088)
4(1078 1088 1639 1099)
4(523 1099 1639 1061)
4(510 1078 1099 523)
4(510 518 1088 1078)
4(1099 1101 1641 1639)
4(1078 1080 1101 1099)
4(1078 1088 1090 1080)
4(1099 1100 1640 1639)
4(1099 1101 1102 1100)
4(523 1099 1100 524)
4(1095 1099 1100 1096)
4(521 523 1099 1095)
4(522 1096 1100 524)
4(1095 1099 1101 1097)
4(1096 1098 1102 1100)
4(1074 1095 1099 1078)
4(1074 1078 1080 1076)
4(508 510 1078 1074)
4(509 510 1078 1077)
4(1073 1077 1078 1074)
4(507 509 1077 1073)
4(517 518 1088 1087)
4(1077 1087 1088 1078)
4(509 517 1087 1077)
4(1087 1091 1092 1088)
4(517 519 1091 1087)
4(1087 1089 1090 1088)
4(1087 1091 1093 1089)
4(4797 5305 5306 4798)
4(4797 4798 4802 4801)
4(535 536 4798 4797)
4(535 1111 1112 536)
4(4788 4790 4794 4792)
4(4787 4788 4792 4791)
4(4787 4789 4790 4788)
4(4795 4797 4801 4799)
4(4788 4795 4799 4792)
4(4788 4790 4797 4795)
4(4795 4797 4798 4796)
4(4781 4788 4795 4785)
4(4781 4784 4792 4788)
4(63 4788 4795 533)
4(55 4781 4788 63)
4(55 63 533 57)
4(533 535 4797 4795)
4(63 4788 4790 528)
4(63 528 535 533)
4(533 535 536 534)
4(4780 4783 4791 4787)
4(4780 4787 4788 4781)
4(4278 4283 4787 4780)
4(4278 4780 4783 4282)
4(62 63 4788 4787)
4(62 527 528 63)
4(54 4780 4787 62)
4(54 62 63 55)
4(23 54 4780 4278)
4(23 25 62 54)
4(4276 4779 4780 4278)
4(21 4276 4278 23)
4(21 23 54 53)
4(4276 4280 4282 4278)
4(3833 3837 3839 3835)
4(3833 3835 3836 3834)
4(4264 3833 3837 4267)
4(4264 4265 3835 3833)
4(3825 4264 3833 3831)
4(3825 3829 4267 4264)
4(3816 4264 3833 3364)
4(3811 3816 3364 3359)
4(3811 3825 4264 3816)
4(3364 3366 3835 3833)
4(3816 3817 3366 3364)
4(3364 3366 3367 3365)
4(3360 3364 3366 3362)
4(3360 3362 3363 3361)
4(3813 3360 3364 3816)
4(3813 3814 3362 3360)
4(3807 3813 3360 3358)
4(3807 3811 3816 3813)
4(1141 3813 3360 575)
4(1136 1141 575 570)
4(1136 3807 3813 1141)
4(575 577 3362 3360)
4(1141 1142 577 575)
4(575 577 578 576)
4(1096 1100 1107 1103)
4(1103 1105 1637 1107)
4(43 45 2806 2805)
4(43 47 49 45)
4(5244 45 2806 1127)
4(5242 5244 1127 1126)
4(5242 43 45 5244)
4(1127 2226 3316 2806)
4(5244 5745 2226 1127)
4(5244 45 538 5745)
4(1127 2226 2227 1128)
4(1124 1683 2226 1127)
4(5240 5743 1683 1124)
4(5240 1124 1127 5244)
4(5240 5244 5745 5743)
4(1124 1683 1684 1125)
4(1117 1124 1683 1672)
4(1117 1672 1673 1118)
4(5220 5741 1672 1117)
4(5220 1117 1124 5240)
4(5220 5240 5743 5741)
4(5216 5739 1669 1114)
4(1114 1669 1672 1117)
4(5216 1114 1117 5220)
4(5216 5220 5741 5739)
4(1670 1675 1679 1673)
4(1670 1671 1677 1675)
4(1115 1670 1675 1119)
4(1115 1118 1673 1670)
4(1085 1670 1675 1091)
4(516 1115 1670 1085)
4(516 1085 1091 519)
4(1085 1086 1093 1091)
4(515 1084 1669 1114)
4(5737 515 1114 5216)
4(5737 5216 5739 7)
4(5737 7 1084 515)
4(1114 1115 1670 1669)
4(515 1084 1085 516)
4(5238 5240 1124 1123)
4(5238 5242 5244 5240)
4(5218 5220 1117 1116)
4(5218 5238 5240 5220)
4(5214 5216 1114 1113)
4(5214 5218 5220 5216)
4(5735 5214 5216 5737)
4(5735 5737 515 514)
4(513 1082 1085 516)
4(512 1081 1082 513)
4(512 515 1084 1081)
4(531 1109 1110 532)
4(531 532 536 535)
4(48 539 540 49)
4(48 49 532 531)
4(44 537 538 45)
4(44 45 49 48)
4(4275 4276 4278 4277)
4(20 4275 4277 22)
4(20 22 23 21)
4(4279 4280 4282 4281)
4(4275 4279 4281 4277)
4(4769 4770 4772 4771)
4(4279 4769 4771 4281)
4(4769 4773 4775 4771)
4(4286 4769 4773 4289)
4(4286 4287 4771 4769)
4(5302 5304 4773 4289)
4(5298 5302 4289 4286)
4(5298 4286 4769 5303)
4(5302 69 5797 4289)
4(68 69 5797 5796)
4(5301 4288 4289 5302)
4(5301 5302 69 68)
4(565 566 5800 5799)
4(68 69 566 565)
4(565 566 574 573)
4(571 572 574 573)
4(70 571 573 565)
4(70 565 566 71)
4(571 575 577 573)
4(1138 571 575 1141)
4(1138 1139 573 571)
4(1132 1138 571 569)
4(1132 1136 1141 1138)
4(557 1138 571 70)
4(552 557 70 65)
4(552 1132 1138 557)
4(557 558 565 70)
4(66 68 565 70)
4(554 555 68 66)
4(554 66 70 557)
4(5297 4285 4286 5298)
4(5297 5298 5302 5301)
4(5290 4273 4286 5298)
4(5289 4272 4273 5290)
4(5289 5290 5298 5297)
4(4273 4279 4769 4286)
4(4273 4274 4281 4279)
4(5290 4273 4279 5292)
4(4270 4273 4279 4275)
4(5286 4270 4275 5291)
4(5286 5290 4273 4270)
4(4270 4271 4277 4275)
4(14 20 4275 4270)
4(14 15 22 20)
4(3779 5286 4270 14)
4(3779 14 20 3781)
4(66 68 69 67)
4(5299 66 68 5301)
4(5299 5301 5302 5300)
4(5794 5299 66 554)
4(5794 5795 5301 5299)
4(548 64 66 554)
4(5789 5794 5299 5294)
4(5789 548 554 5794)
4(548 552 557 554)
4(5295 5299 5301 5297)
4(5295 5297 5298 5296)
4(5791 5295 5299 5794)
4(5791 5792 5297 5295)
4(5785 5791 5295 5293)
4(5785 5789 5794 5791)
4(5776 5791 5295 5287)
4(5771 5776 5287 5282)
4(5771 5785 5791 5776)
4(5776 5777 5289 5287)
4(5287 5289 5297 5295)
4(5285 4269 4270 5286)
4(5285 5286 5290 5289)
4(3778 3779 5286 5285)
4(3778 13 14 3779)
4(59 61 528 63)
4(58 59 63 62)
4(58 60 61 59)
4(529 531 535 533)
4(59 529 533 63)
4(59 61 531 529)
4(529 531 532 530)
4(52 59 529 56)
4(52 55 63 59)
4(39 59 529 46)
4(31 52 59 39)
4(31 39 46 33)
4(46 48 531 529)
4(39 59 61 41)
4(39 41 48 46)
4(46 48 49 47)
4(51 54 62 58)
4(51 58 59 52)
4(19 24 58 51)
4(19 51 54 23)
4(38 39 59 58)
4(38 40 41 39)
4(30 51 58 38)
4(30 38 39 31)
4(5759 30 51 19)
4(5759 9 38 30)
4(17 50 51 19)
4(5757 5759 30 29)
4(5757 17 19 5759)
4(17 21 23 19)
4(5755 5759 30 27)
4(5753 5755 27 26)
4(5753 5757 5759 5755)
4(27 34 38 30)
4(5755 8 34 27)
4(5243 5244 45 44)
4(5243 5744 5745 5244)
4(42 43 45 44)
4(5241 42 44 5243)
4(5241 5243 5244 5242)
4(42 46 48 44)
4(35 42 46 39)
4(35 37 44 42)
4(35 39 41 37)
4(28 35 42 32)
4(28 31 39 35)
4(5234 35 42 5241)
4(5226 5234 5241 5228)
4(5226 28 35 5234)
4(5234 35 37 5236)
4(5234 5236 5243 5241)
4(34 35 37 36)
4(5233 5235 5236 5234)
4(5233 5234 35 34)
4(34 35 39 38)
4(5239 5742 5743 5240)
4(5239 5240 5244 5243)
4(5219 5740 5741 5220)
4(5219 5220 5240 5239)
4(5215 5738 5739 5216)
4(5215 5216 5220 5219)
4(5736 5737 5216 5215)
4(5736 6 7 5737)
4(5213 5214 5216 5215)
4(5734 5213 5215 5736)
4(5734 5736 5737 5735)
4(5217 5218 5220 5219)
4(5213 5217 5219 5215)
4(5237 5238 5240 5239)
4(5217 5237 5239 5219)
4(5237 5241 5243 5239)
4(5230 5237 5241 5234)
4(5230 5232 5239 5237)
4(5230 5234 5236 5232)
4(5223 5230 5237 5227)
4(5223 5226 5234 5230)
4(5210 5230 5237 5217)
4(4743 5210 5217 5204)
4(4743 5223 5230 5210)
4(5210 5230 5232 5212)
4(5210 5212 5219 5217)
4(5229 5230 5232 5231)
4(5209 5211 5212 5210)
4(5209 5210 5230 5229)
4(5229 5230 5234 5233)
4(5205 5206 5208 5207)
4(5727 5729 5208 5206)
4(5726 5727 5206 5205)
4(5726 5728 5729 5727)
4(5206 5208 5212 5210)
4(5205 5206 5210 5209)
4(5206 5213 5217 5210)
4(5206 5208 5215 5213)
4(4740 5206 5213 5203)
4(4740 4743 5210 5206)
4(5727 5206 5213 5734)
4(5719 5727 5734 5721)
4(5719 4740 5206 5727)
4(5727 5729 5736 5734)
4(5730 5732 5736 5734)
4(5723 5725 5732 5730)
4(5723 5730 5734 5727)
4(5723 5727 5729 5725)
4(1077 1078 1080 1079)
4(1073 1077 1079 1075)
4(1077 1087 1089 1079)
4(1082 1087 1089 1083)
4(1071 1077 1087 1082)
4(1071 1072 1079 1077)
4(1082 1087 1091 1085)
4(513 1082 1087 517)
4(506 513 1082 1071)
4(506 1071 1077 509)
4(505 512 1081 1070)
4(505 1070 1071 506)
4(5733 5 1081 512)
4(5733 512 515 5737)
4(5733 5737 7 5)
4(5713 3 1070 505)
4(5713 505 512 5733)
4(5713 5733 5 3)
4(502 1067 1070 505)
4(5200 5713 3 1)
4(5200 502 505 5713)
4(503 1068 1071 506)
4(1068 1073 1077 1071)
4(5731 511 512 5733)
4(5202 5731 5733 5713)
4(5202 5713 505 504)
4(5731 5735 5737 5733)
4(5732 5736 5737 5733)
4(5730 5732 5733 5731)
4(5732 4 5 5733)
4(5712 2 3 5713)
4(5712 5713 5733 5732)
4(5199 5200 5713 5712)
4(5201 5202 5713 5712)
4(5198 5200 5713 5202)
4(5197 5201 5712 5199)
4(5201 5730 5732 5712)
4(5194 5201 5730 5723)
4(5194 5723 5725 5196)
4(5194 5196 5712 5201)
4(5716 5720 5730 5723)
4(5186 5716 5723 5194)
4(5186 5194 5201 5188)
4(5716 5719 5727 5723)
4(5718 5719 5727 5726)
4(5722 5726 5727 5723)
4(5715 5718 5726 5722)
4(5715 5722 5723 5716)
4(4739 4740 5206 5205)
4(5718 4739 5205 5726)
4(4742 4743 5210 5209)
4(4739 4742 5209 5205)
4(5222 5223 5230 5229)
4(4742 5222 5229 5209)
4(5225 5226 5234 5233)
4(5222 5225 5233 5229)
4(27 28 35 34)
4(5225 27 34 5233)
4(4735 5755 27 5225)
4(4733 5753 5755 4735)
4(4733 4735 5225 5224)
4(4735 4737 5233 5225)
4(11 16 18 12)
4(5750 5756 16 11)
4(5756 5758 18 16)
4(5750 5751 5758 5756)
4(16 18 22 20)
4(11 16 20 14)
4(16 18 19 17)
4(3775 11 16 3780)
4(3775 3779 14 11)
4(3767 5750 5756 3769)
4(3767 3775 11 5750)
4(5756 5758 5759 5757)
4(5752 5754 5755 5753)
4(5752 5756 5758 5754)
4(4731 4736 5229 5222)
4(4731 5222 5225 4735)
4(4719 4721 5209 4742)
4(4719 4742 5222 4731)
4(4715 4720 5205 4739)
4(4715 4739 4742 4719)
4(5178 5718 4739 4715)
4(5178 5180 5726 5718)
4(4732 5752 5754 4734)
4(4732 4734 4735 4733)
4(5747 5752 5754 5748)
4(4726 4732 5752 5747)
4(4726 4727 4734 4732)
4(5747 5752 5756 5750)
4(3763 3767 5750 5747)
4(3763 5747 5752 3768)
4(4729 4731 5222 5221)
4(4729 4733 4735 4731)
4(4717 4719 4742 4741)
4(4717 4729 4731 4719)
4(4713 4715 4739 4738)
4(4713 4717 4719 4715)
4(5176 4713 4715 5178)
4(5176 5178 5718 5717)
4(4728 4732 4734 4730)
4(4728 4730 4731 4729)
4(5269 5275 5276 5270)
4(5269 5270 5274 5273)
4(5255 5256 5270 5269)
4(5255 5260 5261 5256)
4(5267 5268 5270 5269)
4(5253 5267 5269 5255)
4(5253 5255 5256 5254)
4(5267 5271 5273 5269)
4(5263 5264 5269 5267)
4(5247 5248 5255 5253)
4(5251 5257 5258 5252)
4(5251 5252 5256 5255)
4(3828 3829 5252 5251)
4(3828 4266 4267 3829)
4(5249 5250 5252 5251)
4(3826 5249 5251 3828)
4(3826 3828 3829 3827)
4(5249 5253 5255 5251)
4(5245 5246 5251 5249)
4(3820 3821 3828 3826)
4(3824 4263 4264 3825)
4(3824 3825 3829 3828)
4(3810 3811 3825 3824)
4(3810 3815 3816 3811)
4(3822 3823 3825 3824)
4(3808 3822 3824 3810)
4(3808 3810 3811 3809)
4(3822 3826 3828 3824)
4(3818 3819 3824 3822)
4(3802 3803 3810 3808)
4(3806 3812 3813 3807)
4(3806 3807 3811 3810)
4(1135 1136 3807 3806)
4(1135 1140 1141 1136)
4(3804 3805 3807 3806)
4(1133 3804 3806 1135)
4(1133 1135 1136 1134)
4(3804 3808 3810 3806)
4(3800 3801 3806 3804)
4(561 562 1135 1133)
4(1131 1137 1138 1132)
4(1131 1132 1136 1135)
4(551 552 1132 1131)
4(551 556 557 552)
4(563 564 1132 1131)
4(549 563 1131 551)
4(549 551 552 550)
4(563 1133 1135 1131)
4(559 560 1131 563)
4(543 544 551 549)
4(547 551 552 548)
4(545 547 548 546)
4(545 549 551 547)
4(547 553 554 548)
4(5788 5789 548 547)
4(5788 5793 5794 5789)
4(5786 545 547 5788)
4(5786 5788 5789 5787)
4(541 545 547 542)
4(5780 5781 5788 5786)
4(5773 5776 5287 5283)
4(5767 5773 5283 5281)
4(5767 5771 5776 5773)
4(5283 5285 5289 5287)
4(5773 5774 5285 5283)
4(5287 5288 5290 5289)
4(5283 5285 5286 5284)
4(3776 5283 5285 3778)
4(3776 3778 3779 3777)
4(2787 3776 5283 5773)
4(2787 2788 3778 3776)
4(2782 2787 3776 3771)
4(2782 5767 5773 2787)
4(3774 3778 3779 3775)
4(3772 3776 3778 3774)
4(3772 3774 3775 3773)
4(3774 10 11 3775)
4(3766 5749 5750 3767)
4(3766 3767 3775 3774)
4(3762 5746 5747 3763)
4(3762 3763 3767 3766)
4(2802 4726 5747 3763)
4(2801 4725 4726 2802)
4(2801 2802 3763 3762)
4(2802 4726 4732 2804)
4(4723 4726 4732 4728)
4(2798 4723 4728 2803)
4(2798 2802 4726 4723)
4(4723 4724 4730 4728)
4(4716 4718 4730 4728)
4(4710 4711 4718 4716)
4(4710 4716 4728 4723)
4(4716 4718 4719 4717)
4(4712 4714 4715 4713)
4(4712 4716 4718 4714)
4(5175 4712 4714 5177)
4(5175 5177 5178 5176)
4(4707 4712 4714 4708)
4(5169 5170 5177 5175)
4(5169 5175 4712 4707)
4(4707 4712 4716 4710)
4(2790 2792 4716 4710)
4(2222 4707 4712 2791)
4(2222 2790 4710 4707)
4(2790 2798 4723 4710)
4(2797 2798 4723 4722)
4(2789 4709 4710 2790)
4(2789 2790 2798 2797)
4(2797 2798 2802 2801)
4(5722 5724 5725 5723)
4(5193 5194 5723 5722)
4(5193 5195 5196 5194)
4(5174 5715 5722 5179)
4(5162 5185 5715 5174)
4(5185 5193 5722 5715)
4(5162 5164 5193 5185)
4(5174 5715 5718 5178)
4(5172 5174 5715 5714)
4(5172 5176 5178 5174)
4(2784 2787 3776 3772)
4(2778 2784 3772 3770)
4(2778 2782 2787 2784)
4(2784 2785 3774 3772)
4(3764 3766 3774 3772)
4(2769 2770 3766 3764)
4(2769 3764 3772 2784)
4(3764 3766 3767 3765)
4(3760 3764 3766 3762)
4(3760 3762 3763 3761)
4(2766 3760 3764 2769)
4(2766 2767 3762 3760)
4(2764 3759 3764 2769)
4(2760 2766 3760 3758)
4(2760 2764 2769 2766)
4(2764 2778 2784 2769)
4(2799 3760 3762 2801)
4(2799 2801 2802 2800)
4(1635 2799 3760 2766)
4(1635 1636 2801 2799)
4(1630 1635 2799 2794)
4(1630 2760 2766 1635)
4(5160 5162 5185 5184)
4(5160 5172 5174 5162)
4(5185 5193 5194 5186)
4(5189 5193 5194 5190)
4(5182 5185 5193 5189)
4(5183 5190 5194 5186)
4(5190 5192 5196 5194)
4(5158 5182 5185 5162)
4(5156 5160 5162 5158)
4(5190 5194 5201 5197)
4(5171 5173 5174 5172)
4(5171 5175 5177 5173)
4(5159 5171 5173 5161)
4(5159 5161 5162 5160)
4(5166 5171 5173 5167)
4(5153 5159 5171 5166)
4(5153 5154 5161 5159)
4(5166 5171 5175 5169)
4(498 500 5175 5169)
4(494 498 5169 5166)
4(494 5166 5171 499)
4(498 2222 4707 5169)
4(2221 2222 4707 4706)
4(497 5168 5169 498)
4(497 498 2222 2221)
4(2221 2222 2790 2789)
4(5784 5790 5791 5785)
4(5784 5785 5789 5788)
4(5770 5771 5785 5784)
4(5770 5775 5776 5771)
4(5782 5783 5785 5784)
4(5768 5782 5784 5770)
4(5768 5770 5771 5769)
4(5782 5786 5788 5784)
4(5778 5779 5784 5782)
4(5762 5763 5770 5768)
4(5766 5772 5773 5767)
4(5766 5767 5771 5770)
4(2781 2782 5767 5766)
4(2781 2786 2787 2782)
4(5764 5765 5767 5766)
4(2779 5764 5766 2781)
4(2779 2781 2782 2780)
4(5764 5768 5770 5766)
4(5760 5761 5766 5764)
4(2773 2774 2781 2779)
4(1632 1635 2799 2795)
4(1058 1632 2795 2793)
4(1058 1630 1635 1632)
4(2795 2797 2801 2799)
4(1632 1633 2797 2795)
4(2795 2797 2798 2796)
4(2223 2795 2797 2789)
4(2223 2789 2790 2224)
4(1049 2223 2795 1632)
4(1049 1050 2789 2223)
4(1044 1049 2223 2218)
4(1044 1058 1632 1049)
4(493 494 5166 5165)
4(486 5153 5166 494)
4(485 486 494 493)
4(485 5152 5153 486)
4(493 494 498 497)
4(495 496 498 497)
4(491 495 497 493)
4(491 493 494 492)
4(2219 2220 2222 2221)
4(495 2219 2221 497)
4(2219 2223 2789 2221)
4(1046 2219 2223 1049)
4(1046 1047 2221 2219)
4(1040 1046 2219 2217)
4(1040 1044 1049 1046)
4(4704 1046 2219 495)
4(4699 4704 495 490)
4(4699 1040 1046 4704)
4(4704 4705 497 495)
4(4701 491 495 4704)
4(4701 4702 493 491)
4(4695 4701 491 489)
4(4695 4699 4704 4701)
4(486 5153 5159 488)
4(5150 5153 5159 5155)
4(482 486 5153 5150)
4(5155 5157 5161 5159)
4(2777 2783 2784 2778)
4(2777 2778 2782 2781)
4(2763 2768 2769 2764)
4(2763 2764 2778 2777)
4(2759 2765 2766 2760)
4(2759 2760 2764 2763)
4(1629 1630 2760 2759)
4(1629 1634 1635 1630)
4(2775 2777 2781 2779)
4(2771 2772 2777 2775)
4(2775 2777 2778 2776)
4(2761 2763 2777 2775)
4(2755 2756 2763 2761)
4(2761 2763 2764 2762)
4(2757 2761 2763 2759)
4(2757 2759 2760 2758)
4(2753 2754 2759 2757)
4(1059 1629 2759 2757)
4(1053 1054 1629 1059)
4(1059 1629 1630 1060)
4(1055 1057 1629 1059)
4(1051 1052 1057 1055)
4(1057 1058 1632 1631)
4(1043 1044 1058 1057)
4(1043 1048 1049 1044)
4(1057 1058 1630 1629)
4(1055 1057 1058 1056)
4(1041 1055 1057 1043)
4(1041 1043 1044 1042)
4(1035 1036 1043 1041)
4(1039 1045 1046 1040)
4(1039 1040 1044 1043)
4(4698 4699 1040 1039)
4(4698 4703 4704 4699)
4(1037 1039 1043 1041)
4(1033 1034 1039 1037)
4(1037 1039 1040 1038)
4(483 491 493 485)
4(483 485 486 484)
4(4258 483 491 4701)
4(4258 4259 485 483)
4(4253 4695 4701 4258)
4(4253 4258 483 478)
4(4696 4698 1039 1037)
4(4262 4691 4698 4696)
4(4696 4698 4699 4697)
4(4694 4700 4701 4695)
4(4694 4695 4699 4698)
4(4252 4253 4695 4694)
4(4252 4257 4258 4253)
4(4692 4694 4698 4696)
4(4260 4261 4694 4692)
4(4692 4694 4695 4693)
4(4250 4252 4694 4692)
4(4244 4245 4252 4250)
4(4250 4252 4253 4251)
4(4248 4252 4253 4249)
4(4246 4250 4252 4248)
4(4249 4255 4258 4253)
4(4255 4258 483 479)
4(479 481 485 483)
4(481 485 486 482)
4(6274 6275 6278 6276)
4(6276 6278 6279 6277)
4(6278 6280 6281 6279)
4(6279 6281 6219 6218)
4(6281 6282 6221 6219)
4(6219 6221 6222 6220)
4(6221 6283 6284 6222)
4(6222 6284 6286 6223)
4(6284 6285 6288 6286)
4(6286 6288 6289 6287)
4(6287 6289 6292 6291)
4(6289 6290 6295 6292)
4(6292 6295 6296 6293)
4(6295 6297 6298 6296)
4(6293 6296 6299 6294)
4(6296 6298 6301 6299)
4(6299 6301 6302 6300)
4(6301 6216 6217 6302)
4(6300 6302 6225 6224)
4(6302 6217 6232 6225)
4(6225 6232 6233 6226)
4(6226 6233 6235 6227)
4(6227 6235 6236 6228)
4(6233 6234 6237 6235)
4(6235 6237 6238 6236)
4(6228 6236 6239 6229)
4(6229 6239 6240 6230)
4(6236 6238 6241 6239)
4(6239 6241 6242 6240)
4(6230 6240 6243 6231)
4(6240 6242 6245 6243)
4(6243 6245 6246 6244)
4(6253 6255 6256 6254)
4(6247 6257 6258 6248)
4(6244 6246 6259 6257)
4(6257 6259 6260 6258)
4(6248 6258 6261 6249)
4(6249 6261 6262 6250)
4(6258 6260 6263 6261)
4(6261 6263 6264 6262)
4(6250 6262 6265 6251)
4(6251 6265 6266 6252)
4(6262 6264 6267 6265)
4(6265 6267 6268 6266)
4(6252 6266 6269 6255)
4(6255 6269 6270 6256)
4(6254 6256 6272 6271)
4(6256 6270 6273 6272)
4(1495 6254 6271 3152)
4(1494 6253 6254 1495)
4(2074 6255 6253 1494)
4(1491 6252 6255 2074)
4(1490 6251 6252 1491)
4(1479 6250 6251 1490)
4(1478 6249 6250 1479)
4(1475 6248 6249 1478)
4(1474 6247 6248 1475)
4(2092 6257 6247 1474)
4(1104 6244 6257 2092)
4(1103 6243 6244 1104)
4(1103 525 6231 6243)
4(522 6230 6231 525)
4(521 6229 6230 522)
4(508 6228 6229 521)
4(507 6227 6228 508)
4(503 6226 6227 507)
4(502 6225 6226 503)
4(502 501 6224 6225)
4(5198 6300 6224 501)
4(5197 6299 6300 5198)
4(5197 5187 6294 6299)
4(5183 6293 6294 5187)
4(5182 6292 6293 5183)
4(5182 5181 6291 6292)
4(5156 6287 6291 5181)
4(5155 6286 6287 5156)
4(5155 487 6223 6286)
4(482 6222 6223 487)
4(482 480 6220 6222)
4(479 6219 6220 480)
4(479 477 6218 6219)
4(4249 6279 6218 477)
4(4249 4247 6277 6279)
4(4246 6276 6277 4247)
4(2065 3306 3308 2581)
4(2061 3304 3306 2065)
4(904 1627 3304 2061)
4(888 1623 1625 900)
4(900 1625 1627 904)
4(884 1621 1623 888)
4(2561 3756 1621 884)
4(2545 3302 3754 2557)
4(2557 3754 3756 2561)
4(868 2211 2213 1419)
4(1419 2213 2215 1423)
4(1423 2215 3300 2541)
4(2541 3300 3302 2545)
4(4570 5147 2209 864)
4(864 2209 2211 868)
4(1457 2064 2580 2030)
4(1455 1457 2030 2029)
4(2064 2065 2581 2580)
4(2060 2061 2065 2064)
4(1456 2060 2064 1457)
4(903 904 2061 2060)
4(1453 1456 1457 1455)
4(399 903 2060 1456)
4(397 399 1456 1453)
4(899 900 904 903)
4(398 899 903 399)
4(887 888 900 899)
4(395 398 399 397)
4(393 887 899 398)
4(391 393 398 395)
4(883 884 888 887)
4(392 883 887 393)
4(2560 2561 884 883)
4(389 392 393 391)
4(2013 2560 883 392)
4(2011 2013 392 389)
4(1446 1454 2028 1451)
4(1454 1455 2029 2028)
4(1442 1445 1450 1449)
4(1445 1446 1451 1450)
4(1443 1444 1446 1445)
4(1444 1452 1454 1446)
4(1452 1453 1455 1454)
4(396 397 1453 1452)
4(394 395 397 396)
4(6183 394 396 6185)
4(6185 396 1452 1444)
4(6184 6185 1444 1443)
4(6181 6184 1443 1439)
4(1439 1443 1445 1442)
4(6175 390 394 6183)
4(390 391 395 394)
4(6173 388 390 6175)
4(388 389 391 390)
4(2010 2011 389 388)
4(2001 2010 388 6173)
4(2000 2001 6173 6172)
4(6172 6173 6175 6174)
4(6174 6175 6183 6182)
4(6182 6183 6185 6184)
4(6178 6182 6184 6181)
4(6171 6174 6182 6178)
4(6170 6171 6178 6177)
4(6177 6178 6181 6180)
4(6180 6181 1439 1438)
4(1438 1439 1442 1441)
4(1441 1442 1449 1448)
4(6179 6180 1438 1437)
4(4179 6179 1437 5056)
4(1437 1438 1441 1440)
4(5056 1437 1440 5060)
4(5060 1440 1447 5075)
4(1440 1441 1448 1447)
4(6176 6177 6180 6179)
4(4554 5143 5145 4566)
4(4566 5145 5147 4570)
4(2556 2557 2561 2560)
4(2012 2556 2560 2013)
4(2544 2545 2557 2556)
4(2009 2012 2013 2011)
4(2007 2544 2556 2012)
4(2005 2007 2012 2009)
4(2540 2541 2545 2544)
4(2006 2540 2544 2007)
4(1422 1423 2541 2540)
4(2003 2006 2007 2005)
4(826 1422 2540 2006)
4(824 826 2006 2003)
4(4550 5141 5143 4554)
4(3131 4240 5141 4550)
4(2008 2009 2011 2010)
4(1999 2008 2010 2001)
4(1435 2004 2008 1999)
4(2004 2005 2009 2008)
4(2002 2003 2005 2004)
4(1433 2002 2004 1435)
4(381 823 2002 1433)
4(823 824 2003 2002)
4(4175 6176 6179 4179)
4(6168 6172 6174 6171)
4(1997 2000 6172 6168)
4(6169 6170 6177 6176)
4(4155 6169 6176 4175)
4(4151 6166 6169 4155)
4(6166 6167 6170 6169)
4(6167 6168 6171 6170)
4(1996 1997 6168 6167)
4(1995 1996 6167 6166)
4(5593 1995 6166 4151)
4(1998 1999 2001 2000)
4(1994 1998 2000 1997)
4(1431 1434 1998 1994)
4(1434 1435 1999 1998)
4(1432 1433 1435 1434)
4(1428 1432 1434 1431)
4(377 380 1432 1428)
4(380 381 1433 1432)
4(2068 2069 2071 2070)
4(5066 5067 2069 2068)
4(5034 5066 2068 1465)
4(1465 2068 2070 1469)
4(5063 5064 5067 5066)
4(4178 4179 5056 5055)
4(5055 5056 5060 5059)
4(5059 5060 5075 5074)
4(5046 5059 5074 5068)
4(5044 5046 5068 5065)
4(5043 5044 5065 5064)
4(5042 5043 5064 5063)
4(1464 1465 1469 1468)
4(2574 1464 1468 2575)
4(5041 5045 5046 5044)
4(5045 5055 5059 5046)
4(4165 4178 5055 5045)
4(4163 4165 5045 5041)
4(5040 5041 5044 5043)
4(5039 5040 5043 5042)
4(4646 5042 5063 5030)
4(5030 5063 5066 5034)
4(4642 5039 5042 4646)
4(4162 4163 5041 5040)
4(4161 4162 5040 5039)
4(3681 4161 5039 4642)
4(3680 3681 4642 4641)
4(4626 3680 4641 5606)
4(5606 4641 4645 5607)
4(4641 4642 4646 4645)
4(4645 4646 5030 5029)
4(5607 4645 5029 5618)
4(5029 5030 5034 5033)
4(5618 5029 5033 5619)
4(5033 5034 1465 1464)
4(5619 5033 1464 2574)
4(2569 2574 2575 2573)
4(5617 5619 2574 2569)
4(1993 1994 1997 1996)
4(1430 1431 1994 1993)
4(1427 1428 1431 1430)
4(376 377 1428 1427)
4(375 376 1427 1426)
4(1426 1427 1430 1429)
4(1429 1430 1993 1436)
4(1436 1993 1996 1995)
4(5589 1436 1995 5593)
4(4174 4175 4179 4178)
4(4164 4174 4178 4165)
4(4160 4164 4165 4163)
4(3693 4154 4174 4164)
4(3691 3693 4164 4160)
4(4154 4155 4175 4174)
4(4150 4151 4155 4154)
4(3692 4150 4154 3693)
4(3688 3692 3693 3691)
4(5579 5592 4150 3692)
4(5577 5579 3692 3688)
4(5592 5593 4151 4150)
4(5569 1429 1436 5589)
4(5565 1426 1429 5569)
4(378 379 381 380)
4(1418 1419 1423 1422)
4(825 1418 1422 826)
4(822 825 826 824)
4(867 868 1419 1418)
4(387 867 1418 825)
4(385 387 825 822)
4(384 385 822 821)
4(821 822 824 823)
4(379 821 823 381)
4(371 384 821 379)
4(863 864 868 867)
4(386 863 867 387)
4(383 386 387 385)
4(4569 4570 864 863)
4(4045 4569 863 386)
4(4043 4045 386 383)
4(4042 4043 383 382)
4(382 383 385 384)
4(369 382 384 371)
4(3633 4042 382 369)
4(3632 3633 369 368)
4(368 369 371 370)
4(370 371 379 378)
4(374 378 380 377)
4(367 370 378 374)
4(3629 3632 368 364)
4(364 368 370 367)
4(363 364 367 366)
4(366 367 374 373)
4(373 374 377 376)
4(3628 3629 364 363)
4(3627 3628 363 362)
4(362 363 366 365)
4(365 366 373 372)
4(372 373 376 375)
4(5588 5589 5593 5592)
4(5578 5588 5592 5579)
4(4579 4580 5565 5564)
4(5564 5565 5569 5568)
4(5568 5569 5589 5588)
4(5574 5578 5579 5577)
4(5555 5568 5588 5578)
4(5553 5555 5578 5574)
4(4159 4160 4163 4162)
4(4158 4159 4162 4161)
4(3690 3691 4160 4159)
4(3689 3690 4159 4158)
4(3665 3689 4158 3677)
4(3677 4158 4161 3681)
4(3661 3686 3689 3665)
4(3686 3687 3690 3689)
4(3687 3688 3691 3690)
4(5576 5577 3688 3687)
4(5575 5576 3687 3686)
4(5005 5575 3686 3661)
4(5573 5574 5577 5576)
4(5572 5573 5576 5575)
4(5605 5607 5618 5613)
4(5613 5618 5619 5617)
4(5601 5606 5607 5605)
4(4624 4626 5606 5601)
4(3676 3677 3681 3680)
4(4625 3676 3680 4626)
4(4620 4625 4626 4624)
4(4614 3664 3676 4625)
4(4612 4614 4625 4620)
4(3664 3665 3677 3676)
4(3660 3661 3665 3664)
4(4613 3660 3664 4614)
4(5004 5005 3661 3660)
4(4141 4613 4614 4612)
4(6072 5004 3660 4613)
4(6070 6072 4613 4141)
4(2567 2569 2573 2571)
4(5615 5617 2569 2567)
4(5611 5613 5617 5615)
4(5603 5605 5613 5611)
4(2566 2567 2571 2570)
4(2564 2566 2570 2565)
4(3141 2564 2565 3145)
4(5609 5614 2566 2564)
4(6157 5609 2564 3141)
4(5614 5615 2567 2566)
4(6155 6157 3141 3139)
4(3139 3141 3145 3143)
4(3115 3752 4238 3127)
4(3127 4238 4240 3131)
4(3111 3750 3752 3115)
4(4522 5139 3750 3111)
4(4518 5137 5139 4522)
4(4029 4689 5137 4518)
4(4565 4566 4570 4569)
4(4044 4565 4569 4045)
4(4041 4044 4045 4043)
4(3639 4553 4565 4044)
4(3637 3639 4044 4041)
4(4553 4554 4566 4565)
4(4549 4550 4554 4553)
4(3638 4549 4553 3639)
4(3635 3638 3639 3637)
4(2503 3130 4549 3638)
4(2501 2503 3638 3635)
4(3130 3131 4550 4549)
4(3636 3637 4041 4040)
4(4040 4041 4043 4042)
4(3631 4040 4042 3633)
4(3623 3636 4040 3631)
4(3634 3635 3637 3636)
4(3621 3634 3636 3623)
4(2491 2500 3634 3621)
4(2500 2501 3635 3634)
4(2499 2502 2503 2501)
4(2502 3126 3130 2503)
4(3126 3127 3131 3130)
4(3114 3115 3127 3126)
4(2497 3114 3126 2502)
4(2495 2497 2502 2499)
4(2494 2495 2499 2498)
4(2498 2499 2501 2500)
4(2489 2498 2500 2491)
4(1988 2494 2498 2489)
4(1986 2492 2494 1988)
4(3626 3630 3632 3629)
4(3630 3631 3633 3632)
4(3622 3623 3631 3630)
4(3619 3622 3630 3626)
4(3625 3626 3629 3628)
4(3618 3619 3626 3625)
4(3615 3616 3619 3618)
4(3620 3621 3623 3622)
4(3616 3620 3622 3619)
4(2487 2490 3620 3616)
4(2490 2491 3621 3620)
4(2492 2493 2495 2494)
4(3110 3111 3115 3114)
4(2496 3110 3114 2497)
4(2493 2496 2497 2495)
4(3610 4521 3110 2496)
4(3608 3610 2496 2493)
4(4521 4522 3111 3110)
4(4517 4518 4522 4521)
4(1400 1401 4115 4114)
4(4114 4115 4119 4118)
4(4118 4119 4576 4575)
4(4575 4576 4580 4579)
4(4576 372 375 4580)
4(4580 375 1426 5565)
4(4119 365 372 4576)
4(4115 362 365 4119)
4(1401 3627 362 4115)
4(3624 3625 3628 3627)
4(1397 3624 3627 1401)
4(3617 3618 3625 3624)
4(811 3617 3624 1397)
4(6153 5608 5609 6157)
4(6151 6153 6157 6155)
4(5608 5610 5614 5609)
4(5610 5611 5615 5614)
4(5602 5603 5611 5610)
4(5597 5602 5610 5608)
4(6139 5597 5608 6153)
4(6137 6139 6153 6151)
4(5598 5599 5603 5602)
4(5596 5598 5602 5597)
4(5599 5601 5605 5603)
4(4622 4624 5601 5599)
4(4621 4622 5599 5598)
4(4616 4621 5598 5596)
4(6135 5596 5597 6139)
4(5015 4616 5596 6135)
4(5013 5015 6135 6133)
4(6133 6135 6139 6137)
4(4618 4620 4624 4622)
4(4143 4612 4620 4618)
4(2488 2489 2491 2490)
4(4028 4029 4518 4517)
4(3609 4517 4521 3610)
4(3606 3609 3610 3608)
4(3604 4028 4517 3609)
4(3602 3604 3609 3606)
4(3601 3602 3606 3605)
4(3605 3606 3608 3607)
4(3607 3608 2493 2492)
4(3598 3607 2492 1986)
4(2486 2487 3616 3615)
4(6117 1992 3614 807)
4(1992 2486 3615 3614)
4(3614 3615 3618 3617)
4(807 3614 3617 811)
4(1990 1991 2487 2486)
4(1989 1990 2486 1992)
4(1991 2488 2490 2487)
4(1984 1987 2488 1991)
4(1987 1988 2489 2488)
4(1985 1986 1988 1987)
4(1981 1985 1987 1984)
4(5552 5553 5574 5573)
4(5551 5552 5573 5572)
4(4989 5551 5572 5001)
4(5001 5572 5575 5005)
4(4985 5548 5551 4989)
4(5548 5549 5552 5551)
4(5554 5564 5568 5555)
4(5550 5554 5555 5553)
4(4129 4579 5564 5554)
4(4127 4129 5554 5550)
4(4126 4127 5550 5549)
4(5549 5550 5553 5552)
4(4128 4575 4579 4129)
4(4124 4128 4129 4127)
4(4105 4118 4575 4128)
4(4103 4105 4128 4124)
4(4104 4114 4118 4105)
4(4100 4104 4105 4103)
4(1387 1400 4114 4104)
4(819 1387 4104 4100)
4(1396 1397 1401 1400)
4(820 1396 1400 1387)
4(6116 6117 807 806)
4(806 807 811 810)
4(810 811 1397 1396)
4(816 820 1387 819)
4(797 810 1396 820)
4(795 797 820 816)
4(6113 1989 1992 6117)
4(1983 1984 1991 1990)
4(1980 1981 1984 1983)
4(3594 3597 1985 1981)
4(3597 3598 1986 1985)
4(3075 3748 4687 4025)
4(4025 4687 4689 4029)
4(4617 4618 4622 4621)
4(4615 4617 4621 4616)
4(5011 4615 4616 5015)
4(4142 4143 4618 4617)
4(4137 4142 4617 4615)
4(3138 3139 3143 3142)
4(6154 6155 3139 3138)
4(3596 3605 3607 3598)
4(4024 4025 4029 4028)
4(3603 4024 4028 3604)
4(3600 3603 3604 3602)
4(2457 3074 4024 3603)
4(2455 2457 3603 3600)
4(3074 3075 4025 4024)
4(3070 3071 3075 3074)
4(3058 3059 3071 3070)
4(3059 3744 3746 3071)
4(3071 3746 3748 3075)
4(3055 3742 3744 3059)
4(6012 475 3742 3055)
4(5113 5114 5116 5115)
4(5114 5121 5123 5116)
4(5121 5122 5124 5123)
4(5119 5120 5122 5121)
4(4686 5119 5121 5114)
4(4684 5117 5119 4686)
4(5996 471 473 6008)
4(6008 473 475 6012)
4(5992 469 471 5996)
4(4913 5684 469 5992)
4(5117 5118 5120 5119)
4(467 468 5118 5117)
4(458 467 5117 4684)
4(457 458 4684 4683)
4(4683 4684 4686 4685)
4(4685 4686 5114 5113)
4(4682 4685 5113 5110)
4(5110 5113 5115 5112)
4(4514 5680 5684 4913)
4(5109 5111 5684 5680)
4(5109 5110 5112 5111)
4(4681 5109 5680 5129)
4(4681 4682 5110 5109)
4(4502 5129 5680 4514)
4(205 1011 5125 4498)
4(4498 5125 5129 4502)
4(454 457 4683 4680)
4(4680 4683 4685 4682)
4(4679 4681 5129 5125)
4(4679 4680 4682 4681)
4(453 4679 5125 1011)
4(453 454 4680 4679)
4(4092 4093 4985 4984)
4(4984 4985 4989 4988)
4(4988 4989 5001 5000)
4(5000 5001 5005 5004)
4(6071 5000 5004 6072)
4(6066 6071 6072 6070)
4(6060 4988 5000 6071)
4(6058 6060 6071 6066)
4(4139 4141 4612 4143)
4(4138 4139 4143 4142)
4(6068 6070 4141 4139)
4(4610 5011 5015 5013)
4(4598 4137 4615 5011)
4(4596 4598 5011 4610)
4(4136 4138 4142 4137)
4(4594 4136 4137 4598)
4(6067 6068 4139 4138)
4(6062 6067 4138 4136)
4(6064 6066 6070 6068)
4(6063 6064 6068 6067)
4(6059 4984 4988 6060)
4(6054 6059 6060 6058)
4(4973 4092 4984 6059)
4(4093 4125 5548 4985)
4(4125 4126 5549 5548)
4(4592 4594 4598 4596)
4(6056 6058 6066 6064)
4(6052 6054 6058 6056)
4(4546 4973 6059 6054)
4(4544 4546 6054 6052)
4(4123 4124 4127 4126)
4(4102 4103 4124 4123)
4(4101 4102 4123 4122)
4(4122 4123 4126 4125)
4(4089 4122 4125 4093)
4(3651 4101 4122 4089)
4(4098 4099 4102 4101)
4(3647 4098 4101 3651)
4(4099 4100 4103 4102)
4(818 819 4100 4099)
4(4088 4089 4093 4092)
4(4972 4088 4092 4973)
4(4542 4972 4973 4546)
4(4536 3650 4088 4972)
4(4534 4536 4972 4542)
4(3650 3651 4089 4088)
4(3646 3647 3651 3650)
4(817 818 4099 4098)
4(785 817 4098 3647)
4(815 816 819 818)
4(814 815 818 817)
4(1982 1983 1990 1989)
4(6093 1982 1989 6113)
4(6089 1979 1982 6093)
4(1979 1980 1983 1982)
4(3593 3594 1981 1980)
4(3592 3593 1980 1979)
4(3590 3591 3594 3593)
4(3082 3083 3591 3590)
4(3595 3596 3598 3597)
4(3591 3595 3597 3594)
4(3083 3086 3595 3591)
4(3086 3087 3596 3595)
4(3085 3599 3601 3087)
4(3087 3601 3605 3596)
4(3599 3600 3602 3601)
4(2454 2455 3600 3599)
4(1926 2454 3599 3085)
4(1925 1926 3085 3084)
4(3084 3085 3087 3086)
4(3080 3084 3086 3083)
4(1922 1925 3084 3080)
4(1921 1922 3080 3079)
4(3079 3080 3083 3082)
4(740 741 6089 6088)
4(6088 6089 6093 6092)
4(6092 6093 6113 6112)
4(6112 6113 6117 6116)
4(796 806 810 797)
4(792 796 797 795)
4(6103 6116 806 796)
4(6101 6103 796 792)
4(6100 6101 792 791)
4(791 792 795 794)
4(794 795 816 815)
4(769 793 814 781)
4(793 794 815 814)
4(781 814 817 785)
4(6102 6112 6116 6103)
4(6098 6102 6103 6101)
4(6079 6092 6112 6102)
4(6077 6079 6102 6098)
4(784 785 3647 3646)
4(4535 3646 3650 4536)
4(4530 4535 4536 4534)
4(1974 784 3646 4535)
4(1972 1974 4535 4530)
4(768 769 781 780)
4(780 781 785 784)
4(1973 780 784 1974)
4(1968 1973 1974 1972)
4(1382 768 780 1973)
4(1380 1382 1973 1968)
4(6136 6137 6151 6150)
4(6150 6151 6155 6154)
4(5012 5013 6133 6132)
4(6132 6133 6137 6136)
4(4595 4596 4610 4609)
4(4609 4610 5013 5012)
4(316 6062 4136 4594)
4(314 316 4594 4592)
4(6061 6063 6067 6062)
4(312 6061 6062 316)
4(6055 6056 6064 6063)
4(6050 6055 6063 6061)
4(6047 6050 6061 312)
4(6045 6047 312 310)
4(310 312 316 314)
4(4540 4542 4546 4544)
4(4532 4534 4542 4540)
4(4528 4530 4534 4532)
4(1970 1972 4530 4528)
4(361 790 793 769)
4(790 791 794 793)
4(6099 6100 791 790)
4(5542 6099 790 361)
4(5541 5542 361 360)
4(345 5541 360 1381)
4(360 361 769 768)
4(1381 360 768 1382)
4(6078 6088 6092 6079)
4(6074 6078 6079 6077)
4(725 727 6078 6074)
4(727 740 6088 6078)
4(6097 6098 6101 6100)
4(6076 6077 6098 6097)
4(5526 6075 6096 5538)
4(6075 6076 6097 6096)
4(6096 6097 6100 6099)
4(5538 6096 6099 5542)
4(6073 6074 6077 6076)
4(5547 6073 6076 6075)
4(724 725 6074 6073)
4(723 724 6073 5547)
4(691 723 5547 5522)
4(5522 5547 6075 5526)
4(690 691 5522 5521)
4(1312 690 5521 332)
4(5521 5522 5526 5525)
4(332 5521 5525 333)
4(333 5525 5537 344)
4(5525 5526 5538 5537)
4(5537 5538 5542 5541)
4(344 5537 5541 345)
4(1376 1381 1382 1380)
4(343 345 1381 1376)
4(1385 1386 1970 1969)
4(1386 1968 1972 1970)
4(1969 1970 4528 4527)
4(4527 4528 4532 4531)
4(4531 4532 4540 4539)
4(4539 4540 4544 4543)
4(4543 4544 6052 6051)
4(6051 6052 6056 6055)
4(6049 6051 6055 6050)
4(6043 6049 6050 6047)
4(4538 4543 6051 6049)
4(4965 4538 6049 6043)
4(4537 4539 4543 4538)
4(4961 4537 4538 4965)
4(4526 4531 4539 4537)
4(4947 4526 4537 4961)
4(4525 4527 4531 4526)
4(4943 4525 4526 4947)
4(1384 1969 4527 4525)
4(1960 1384 4525 4943)
4(1383 1385 1969 1384)
4(1956 1383 1384 1960)
4(1378 1380 1968 1386)
4(1377 1378 1386 1385)
4(1372 1377 1385 1383)
4(2456 3070 3074 2457)
4(2453 2456 2457 2455)
4(2451 3058 3070 2456)
4(1930 2451 2456 2453)
4(3054 3055 3059 3058)
4(2450 3054 3058 2451)
4(1928 2450 2451 1930)
4(5427 6011 3054 2450)
4(5425 5427 2450 1928)
4(6011 6012 3055 3054)
4(339 344 345 343)
4(331 333 344 339)
4(327 332 333 331)
4(1310 1312 332 327)
4(337 339 343 341)
4(336 337 341 340)
4(341 343 1376 1374)
4(340 341 1374 1373)
4(1374 1376 1380 1378)
4(1373 1374 1378 1377)
4(455 456 458 457)
4(460 463 464 462)
4(5641 5643 463 460)
4(5640 5641 460 459)
4(459 460 462 461)
4(461 462 466 465)
4(465 466 468 467)
4(456 465 467 458)
4(450 461 465 456)
4(448 459 461 450)
4(5108 5640 459 448)
4(5107 5108 448 447)
4(447 448 450 449)
4(449 450 456 455)
4(5966 995 1007 201)
4(201 1007 1011 205)
4(451 453 1011 1007)
4(451 452 454 453)
4(452 455 457 454)
4(446 449 455 452)
4(445 451 1007 995)
4(445 446 452 451)
4(5638 5639 5641 5640)
4(5639 5642 5643 5641)
4(5635 5637 5642 5639)
4(5633 5636 5637 5635)
4(6041 6043 6047 6045)
4(4963 4965 6043 6041)
4(4959 4961 4965 4963)
4(4945 4947 4961 4959)
4(4941 4943 4947 4945)
4(1958 1960 4943 4941)
4(4591 4592 4596 4595)
4(313 314 4592 4591)
4(6044 6045 310 309)
4(309 310 314 313)
4(4962 4963 6041 6040)
4(6040 6041 6045 6044)
4(4958 4959 4963 4962)
4(4944 4945 4959 4958)
4(4940 4941 4945 4944)
4(1957 1958 4941 4940)
4(741 3592 1979 6089)
4(3589 3590 3593 3592)
4(737 3589 3592 741)
4(717 3081 3589 737)
4(3081 3082 3590 3589)
4(736 737 741 740)
4(726 736 740 727)
4(6032 6033 713 712)
4(712 713 717 716)
4(716 717 737 736)
4(722 726 727 725)
4(703 716 736 726)
4(701 703 726 722)
4(713 3078 3081 717)
4(3078 3079 3082 3081)
4(1920 1921 3079 3078)
4(6033 1920 3078 713)
4(1918 1919 1922 1921)
4(1917 1918 1921 1920)
4(1919 1923 1925 1922)
4(1924 2452 2454 1926)
4(2452 2453 2455 2454)
4(1929 1930 2453 2452)
4(1916 1929 2452 1924)
4(1914 1927 1929 1916)
4(1927 1928 1930 1929)
4(5424 5425 1928 1927)
4(4935 5424 1927 1914)
4(1923 1924 1926 1925)
4(1915 1916 1924 1923)
4(1912 1915 1923 1919)
4(5995 5996 6008 6007)
4(6007 6008 6012 6011)
4(5426 6007 6011 5427)
4(5423 5426 5427 5425)
4(5421 5995 6007 5426)
4(5419 5421 5426 5423)
4(4912 4913 5992 5991)
4(5991 5992 5996 5995)
4(5420 5991 5995 5421)
4(5417 5420 5421 5419)
4(3984 4912 5991 5420)
4(3982 3984 5420 5417)
4(4501 4502 4514 4513)
4(4513 4514 4913 4912)
4(3983 4513 4912 3984)
4(3980 3983 3984 3982)
4(3978 4501 4513 3983)
4(3976 3978 3983 3980)
4(204 205 4498 4497)
4(4497 4498 4502 4501)
4(3977 4497 4501 3978)
4(3974 3977 3978 3976)
4(5924 204 4497 3977)
4(5922 5924 3977 3974)
4(721 722 725 724)
4(700 701 722 721)
4(697 698 701 700)
4(702 712 716 703)
4(698 702 703 701)
4(6019 6032 712 702)
4(6017 6019 702 698)
4(720 721 724 723)
4(282 720 723 691)
4(270 699 720 282)
4(699 700 721 720)
4(696 697 700 699)
4(266 696 699 270)
4(6029 1917 1920 6033)
4(1911 1912 1919 1918)
4(1908 1909 1912 1911)
4(1909 1913 1915 1912)
4(1913 1914 1916 1915)
4(4934 4935 1914 1913)
4(4931 4934 1913 1909)
4(4930 4931 1909 1908)
4(4929 4930 1908 1907)
4(1907 1908 1911 1910)
4(1910 1911 1918 1917)
4(5422 5423 5425 5424)
4(4933 5422 5424 4935)
4(4925 5418 5422 4933)
4(5418 5419 5423 5422)
4(5416 5417 5419 5418)
4(4923 5416 5418 4925)
4(3972 3981 5416 4923)
4(3981 3982 5417 5416)
4(5509 1910 1917 6029)
4(5505 1907 1910 5509)
4(3043 4929 1907 5505)
4(3042 3043 5505 5504)
4(5504 5505 5509 5508)
4(5508 5509 6029 6028)
4(6028 6029 6033 6032)
4(4932 4933 4935 4934)
4(4928 4932 4934 4931)
4(4921 4924 4932 4928)
4(4924 4925 4933 4932)
4(4922 4923 4925 4924)
4(4918 4922 4924 4921)
4(3968 3971 4922 4918)
4(3971 3972 4923 4922)
4(4920 4921 4928 4927)
4(4919 4920 4927 4926)
4(4927 4928 4931 4930)
4(4926 4927 4930 4929)
4(4917 4918 4921 4920)
4(3967 3968 4918 4917)
4(3966 3967 4917 4916)
4(1360 3966 4916 2447)
4(4916 4917 4920 4919)
4(2447 4916 4919 3019)
4(3019 4919 4926 3039)
4(3039 4926 4929 3043)
4(3970 3979 3981 3972)
4(3588 3975 3979 3970)
4(3975 3976 3980 3979)
4(3979 3980 3982 3981)
4(6016 6017 698 697)
4(6015 6016 697 696)
4(6018 6028 6032 6019)
4(5514 6018 6019 6017)
4(5495 5508 6028 6018)
4(5493 5495 6018 5514)
4(5494 5504 5508 5495)
4(5490 5494 5495 5493)
4(3029 3042 5504 5494)
4(3027 3029 5494 5490)
4(5513 5514 6017 6016)
4(5492 5493 5514 5513)
4(5491 5492 5513 5512)
4(5467 5491 5512 5479)
4(5512 5513 6016 6015)
4(5479 5512 6015 5483)
4(5483 6015 696 266)
4(5482 5483 266 265)
4(250 5482 265 1299)
4(265 266 270 269)
4(1299 265 269 1300)
4(269 270 282 281)
4(1300 269 281 1311)
4(281 282 691 690)
4(1311 281 690 1312)
4(1306 1311 1312 1310)
4(1298 1300 1311 1306)
4(329 331 339 337)
4(2726 2728 5636 5633)
4(2725 2726 5633 5632)
4(5632 5633 5635 5634)
4(5634 5635 5639 5638)
4(5100 5634 5638 5106)
4(5106 5638 5640 5108)
4(5102 5105 5107 5104)
4(5104 5107 447 6215)
4(6215 447 449 446)
4(6214 445 995 991)
4(6214 6215 446 445)
4(5962 991 995 5966)
4(2724 2727 2728 2726)
4(2720 2722 2727 2724)
4(2718 2721 2722 2720)
4(989 1570 2721 2718)
4(988 989 2718 2717)
4(2717 2718 2720 2719)
4(2719 2720 2724 2723)
4(2723 2724 2726 2725)
4(2208 2725 5632 5098)
4(5098 5632 5634 5100)
4(5097 5098 5100 5099)
4(5099 5100 5106 5105)
4(5105 5106 5108 5107)
4(5103 5104 6215 6214)
4(4909 5664 991 5962)
4(5103 6214 991 5664)
4(5961 5962 5966 5965)
4(5965 5966 201 200)
4(200 201 205 204)
4(5101 5102 5104 5103)
4(5101 5103 5664 5660)
4(4905 5660 5664 4909)
4(4893 5648 5660 4905)
4(5095 5101 5660 5648)
4(5096 5099 5105 5102)
4(5095 5096 5102 5101)
4(5093 5095 5648 5644)
4(5093 5094 5096 5095)
4(2204 2207 5097 5094)
4(5094 5097 5099 5096)
4(2207 2208 5098 5097)
4(2205 2206 2208 2207)
4(2206 2723 2725 2208)
4(2200 2719 2723 2206)
4(2198 2717 2719 2200)
4(987 990 1570 989)
4(983 985 990 987)
4(981 984 985 983)
4(2181 2672 984 981)
4(2180 2181 981 980)
4(980 981 983 982)
4(982 983 987 986)
4(986 987 989 988)
4(977 986 988 979)
4(979 988 2717 2198)
4(978 979 2198 2197)
4(2197 2198 2200 2199)
4(2199 2200 2206 2205)
4(2196 2199 2205 2202)
4(2202 2205 2207 2204)
4(1798 2749 5644 4889)
4(4889 5644 5648 4893)
4(1782 2733 2745 1794)
4(1794 2745 2749 1798)
4(2201 2203 2749 2745)
4(2203 5093 5644 2749)
4(2203 2204 5094 5093)
4(2201 2202 2204 2203)
4(2195 2201 2745 2733)
4(2195 2196 2202 2201)
4(1778 2729 2733 1782)
4(2193 2195 2733 2729)
4(975 978 2197 2194)
4(2194 2197 2199 2196)
4(2193 2194 2196 2195)
4(974 2193 2729 1591)
4(974 975 2194 2193)
4(634 1591 2729 1778)
4(976 977 979 978)
4(971 982 986 977)
4(969 980 982 971)
4(2171 2180 980 969)
4(2170 2171 969 968)
4(968 969 971 970)
4(970 971 977 976)
4(973 976 978 975)
4(444 970 976 973)
4(443 972 1587 1575)
4(443 444 973 972)
4(972 974 1591 1587)
4(972 973 975 974)
4(630 1587 1591 634)
4(5489 5490 5493 5492)
4(5488 5489 5492 5491)
4(3026 3027 5490 5489)
4(3025 3026 5489 5488)
4(2425 3025 5488 5463)
4(5463 5488 5491 5467)
4(2424 2425 5463 5462)
4(5462 5463 5467 5466)
4(5466 5467 5479 5478)
4(5478 5479 5483 5482)
4(3038 3039 3043 3042)
4(3028 3038 3042 3029)
4(3018 3019 3039 3038)
4(2435 2437 3028 3024)
4(2437 3018 3038 3028)
4(3024 3028 3029 3027)
4(3023 3024 3027 3026)
4(2431 2432 2435 2434)
4(2434 2435 3024 3023)
4(2433 2434 3023 3022)
4(3022 3023 3026 3025)
4(2446 2447 3019 3018)
4(2436 2446 3018 2437)
4(2432 2436 2437 2435)
4(1346 1359 2446 2436)
4(1344 1346 2436 2432)
4(1359 1360 2447 2446)
4(3964 3965 3968 3967)
4(3963 3964 3967 3966)
4(3965 3969 3971 3968)
4(3969 3970 3972 3971)
4(3587 3588 3970 3969)
4(3584 3587 3969 3965)
4(3583 3584 3965 3964)
4(3580 3581 3584 3583)
4(3586 3973 3975 3588)
4(3973 3974 3976 3975)
4(5921 5922 3974 3973)
4(5407 5921 3973 3586)
4(5923 200 204 5924)
4(5415 5923 5924 5922)
4(5413 5965 200 5923)
4(5411 5413 5923 5415)
4(4908 4909 5962 5961)
4(5412 5961 5965 5413)
4(5409 5412 5413 5411)
4(4442 4908 5961 5412)
4(4440 4442 5412 5409)
4(4439 4440 5409 5408)
4(5408 5409 5411 5410)
4(5410 5411 5415 5414)
4(5414 5415 5922 5921)
4(5405 5414 5921 5407)
4(5397 5410 5414 5405)
4(5395 5408 5410 5397)
4(3956 4439 5408 5395)
4(3955 3956 5395 5394)
4(5394 5395 5397 5396)
4(5396 5397 5405 5404)
4(5404 5405 5407 5406)
4(5406 5407 3586 3585)
4(3585 3586 3588 3587)
4(3581 3585 3587 3584)
4(5403 5406 3585 3581)
4(5402 5403 3581 3580)
4(5401 5402 3580 3579)
4(3003 5401 3579 1332)
4(3579 3580 3583 3582)
4(1332 3579 3582 1336)
4(1336 3582 3963 1356)
4(3582 3583 3964 3963)
4(1356 3963 3966 1360)
4(5399 5400 5403 5402)
4(5398 5399 5402 5401)
4(5400 5404 5406 5403)
4(5393 5396 5404 5400)
4(5392 5393 5400 5399)
4(5389 5390 5393 5392)
4(5390 5394 5396 5393)
4(3952 3955 5394 5390)
4(3951 3952 5390 5389)
4(3950 3951 5389 5388)
4(5388 5389 5392 5391)
4(5391 5392 5399 5398)
4(4437 4438 4440 4439)
4(4892 4893 4905 4904)
4(4904 4905 4909 4908)
4(4441 4904 4908 4442)
4(4438 4441 4442 4440)
4(4436 4892 4904 4441)
4(4434 4436 4441 4438)
4(3954 4437 4439 3956)
4(3946 4433 4437 3954)
4(4433 4434 4438 4437)
4(4431 4432 4434 4433)
4(2179 2182 2672 2181)
4(1954 1956 1960 1958)
4(1942 1372 1383 1956)
4(1940 1942 1956 1954)
4(1371 1373 1377 1372)
4(1938 1371 1372 1942)
4(335 340 1373 1371)
4(759 335 1371 1938)
4(1936 1938 1942 1940)
4(757 759 1938 1936)
4(325 327 331 329)
4(1308 1310 327 325)
4(334 336 340 335)
4(755 334 335 759)
4(328 329 337 336)
4(323 328 336 334)
4(296 323 334 755)
4(294 296 755 753)
4(753 755 759 757)
4(324 325 329 328)
4(6048 324 328 323)
4(292 6048 323 296)
4(1302 1307 324 6048)
4(1868 1302 6048 292)
4(1307 1308 325 324)
4(1866 1868 292 290)
4(290 292 296 294)
4(1303 1304 1308 1307)
4(1301 1303 1307 1302)
4(1304 1306 1310 1308)
4(1296 1298 1306 1304)
4(1295 1296 1304 1303)
4(1290 1295 1303 1301)
4(1294 1299 1300 1298)
4(248 250 1299 1294)
4(1939 1940 1954 1953)
4(1953 1954 1958 1957)
4(1935 1936 1940 1939)
4(756 757 1936 1935)
4(249 5478 5482 250)
4(244 249 250 248)
4(5980 5466 5478 249)
4(5978 5980 249 244)
4(1292 1294 1298 1296)
4(1291 1292 1296 1295)
4(246 248 1294 1292)
4(1289 1291 1295 1290)
4(1846 1289 1290 1850)
4(1850 1290 1301 1864)
4(1864 1301 1302 1868)
4(1862 1864 1868 1866)
4(1848 1850 1864 1862)
4(1844 1846 1850 1848)
4(237 5982 1289 1846)
4(235 237 1846 1844)
4(5982 245 1291 1289)
4(752 753 757 756)
4(293 294 753 752)
4(289 290 294 293)
4(1865 1866 290 289)
4(5979 5462 5466 5980)
4(5974 5979 5980 5978)
4(3570 2424 5462 5979)
4(3568 3570 5979 5974)
4(2999 5398 5401 3003)
4(5971 5972 5976 5975)
4(5972 5974 5978 5976)
4(5976 5978 244 242)
4(5975 5976 242 241)
4(241 242 246 245)
4(242 244 248 246)
4(245 246 1292 1291)
4(5981 241 245 5982)
4(5970 5975 241 5981)
4(219 5970 5981 233)
4(233 5981 5982 237)
4(5969 5971 5975 5970)
4(215 5969 5970 219)
4(3566 3568 5974 5972)
4(3565 3566 5972 5971)
4(3560 3565 5971 5969)
4(3558 3560 5969 215)
4(3556 3558 215 213)
4(213 215 219 217)
4(217 219 233 231)
4(231 233 237 235)
4(2178 2179 2181 2180)
4(2169 2178 2180 2171)
4(2163 2174 2178 2169)
4(2174 2175 2179 2178)
4(2175 2177 2182 2179)
4(2173 2176 2177 2175)
4(933 935 2176 2173)
4(2161 2172 2174 2163)
4(2172 2173 2175 2174)
4(932 933 2173 2172)
4(440 932 2172 2161)
4(439 440 2161 2160)
4(2160 2161 2163 2162)
4(2162 2163 2169 2168)
4(2168 2169 2171 2170)
4(442 968 970 444)
4(2167 2170 968 442)
4(189 1575 1587 630)
4(185 1571 1575 189)
4(441 443 1575 1571)
4(1745 2693 1571 185)
4(2166 441 1571 2693)
4(2166 2167 442 441)
4(441 442 444 443)
4(2164 2165 2167 2166)
4(2164 2166 2693 2689)
4(4888 4889 4893 4892)
4(4435 4888 4892 4436)
4(4432 4435 4436 4434)
4(1225 1797 4888 4435)
4(1223 1225 4435 4432)
4(1797 1798 4889 4888)
4(1793 1794 1798 1797)
4(1781 1782 1794 1793)
4(1224 1793 1797 1225)
4(1221 1224 1225 1223)
4(1219 1781 1793 1224)
4(1217 1219 1224 1221)
4(1216 1217 1221 1220)
4(1220 1221 1223 1222)
4(1222 1223 4432 4431)
4(656 1222 4431 3944)
4(3944 4431 4433 3946)
4(1355 1356 1360 1359)
4(1345 1355 1359 1346)
4(1341 1345 1346 1344)
4(1322 1335 1355 1345)
4(1320 1322 1345 1341)
4(1335 1336 1356 1355)
4(1319 1320 1341 1340)
4(1318 1319 1340 1339)
4(1340 1341 1344 1343)
4(1339 1340 1343 1342)
4(1342 1343 2431 2430)
4(1343 1344 2432 2431)
4(2430 2431 2434 2433)
4(2405 2430 2433 2409)
4(2409 2433 3022 2421)
4(2421 3022 3025 2425)
4(687 1342 2430 2405)
4(3569 2420 2424 3570)
4(3564 3569 3570 3568)
4(2420 2421 2425 2424)
4(2408 2409 2421 2420)
4(3017 2408 2420 3569)
4(3015 3017 3569 3564)
4(2404 2405 2409 2408)
4(3016 2404 2408 3017)
4(3011 3016 3017 3015)
4(1898 686 2404 3016)
4(1896 1898 3016 3011)
4(686 687 2405 2404)
4(682 683 687 686)
4(1897 682 686 1898)
4(671 1318 1339 683)
4(683 1339 1342 687)
4(667 1315 1318 671)
4(1315 1316 1319 1318)
4(2986 2987 1317 1316)
4(1316 1317 1320 1319)
4(1321 1331 1335 1322)
4(1317 1321 1322 1320)
4(1331 1332 1336 1335)
4(3002 3003 1332 1331)
4(2989 3002 1331 1321)
4(2987 2989 1321 1317)
4(1777 1778 1782 1781)
4(1218 1777 1781 1219)
4(633 634 1778 1777)
4(1215 1218 1219 1217)
4(147 633 1777 1218)
4(5920 147 1218 1215)
4(629 630 634 633)
4(146 629 633 147)
4(188 189 630 629)
4(5918 146 147 5920)
4(5916 188 629 146)
4(5914 5916 146 5918)
4(184 185 189 188)
4(5915 184 188 5916)
4(1744 1745 185 184)
4(5912 5915 5916 5914)
4(1169 1744 184 5915)
4(620 1169 5915 5912)
4(3561 3562 3566 3565)
4(3559 3561 3565 3560)
4(3562 3564 3568 3566)
4(3013 3015 3564 3562)
4(3009 3011 3015 3013)
4(1894 1896 3011 3009)
4(2998 2999 3003 3002)
4(2988 2998 3002 2989)
4(2979 5391 5398 2999)
4(2975 5388 5391 2979)
4(1834 3950 5388 2975)
4(1830 3947 3950 1834)
4(3947 3948 3951 3950)
4(3949 3953 3955 3952)
4(3953 3954 3956 3955)
4(3945 3946 3954 3953)
4(3942 3945 3953 3949)
4(3939 3943 3945 3942)
4(3943 3944 3946 3945)
4(655 656 3944 3943)
4(652 655 3943 3939)
4(644 1214 1216 646)
4(646 1216 1220 654)
4(654 1220 1222 656)
4(653 654 656 655)
4(3941 3942 3949 3948)
4(3948 3949 3952 3951)
4(3940 3941 3948 3947)
4(1810 3940 3947 1830)
4(2985 2986 1316 1315)
4(2953 2985 1315 667)
4(670 671 683 682)
4(1886 670 682 1897)
4(1892 1897 1898 1896)
4(1884 1886 1897 1892)
4(666 667 671 670)
4(1885 666 670 1886)
4(1880 1885 1886 1884)
4(3460 2952 666 1885)
4(3458 3460 1885 1880)
4(2952 2953 667 666)
4(2948 2949 2953 2952)
4(3459 2948 2952 3460)
4(2984 2988 2989 2987)
4(2965 2978 2998 2988)
4(2963 2965 2988 2984)
4(2978 2979 2999 2998)
4(2983 2984 2987 2986)
4(2982 2983 2986 2985)
4(2962 2963 2984 2983)
4(2961 2962 2983 2982)
4(2362 2961 2982 2949)
4(2949 2982 2985 2953)
4(2358 2958 2961 2362)
4(2958 2959 2962 2961)
4(1817 1818 2960 2959)
4(2959 2960 2963 2962)
4(2964 2974 2978 2965)
4(2960 2964 2965 2963)
4(2974 2975 2979 2978)
4(1833 1834 2975 2974)
4(1820 1833 2974 2964)
4(1818 1820 2964 2960)
4(1829 1830 1834 1833)
4(1819 1829 1833 1820)
4(651 652 3939 3938)
4(3938 3939 3942 3941)
4(3937 3938 3941 3940)
4(1214 1215 1217 1216)
4(5919 5920 1215 1214)
4(5910 5919 1214 644)
4(5909 5910 644 643)
4(643 644 646 645)
4(645 646 654 653)
4(642 645 653 649)
4(649 653 655 652)
4(648 649 652 651)
4(641 642 649 648)
4(647 648 651 650)
4(4869 647 650 4873)
4(650 651 3938 3937)
4(4873 650 3937 1806)
4(1806 3937 3940 1810)
4(4872 4873 1806 1805)
4(4859 4872 1805 1281)
4(1805 1806 1810 1809)
4(1281 1805 1809 1282)
4(1809 1810 1830 1829)
4(1282 1809 1829 1819)
4(1815 1819 1820 1818)
4(1280 1282 1819 1815)
4(1279 1280 1815 1814)
4(1814 1815 1818 1817)
4(216 217 231 230)
4(230 231 235 234)
4(234 235 1844 1843)
4(1843 1844 1848 1847)
4(1847 1848 1862 1861)
4(1861 1862 1866 1865)
4(931 934 935 933)
4(927 929 934 931)
4(925 928 929 927)
4(4199 4206 928 925)
4(4201 6190 6192 4205)
4(930 931 933 932)
4(438 930 932 440)
4(432 926 930 438)
4(926 927 931 930)
4(924 925 927 926)
4(430 924 926 432)
4(3741 4198 924 430)
4(4198 4199 925 924)
4(4200 4201 4205 4204)
4(4200 4204 4206 4202)
4(4193 6188 6190 4201)
4(4189 6186 6188 4193)
4(2667 5091 6186 4189)
4(139 956 2673 1207)
4(1207 2673 2677 1211)
4(1211 2677 2689 1741)
4(1741 2689 2693 1745)
4(1568 2164 2689 2677)
4(1568 1569 2165 2164)
4(2165 2168 2170 2167)
4(1569 2162 2168 2165)
4(1567 2160 2162 1569)
4(436 439 2160 1567)
4(435 1566 2673 956)
4(435 436 1567 1566)
4(1566 1568 2677 2673)
4(1566 1567 1569 1568)
4(434 437 439 436)
4(437 438 440 439)
4(431 432 438 437)
4(428 431 437 434)
4(123 940 952 135)
4(135 952 956 139)
4(433 435 956 952)
4(4197 4202 4206 4199)
4(4187 4194 4202 4197)
4(4185 4190 4194 4187)
4(4192 4200 4202 4194)
4(4192 4193 4201 4200)
4(4188 4189 4193 4192)
4(4188 4192 4194 4190)
4(2661 2668 4190 4185)
4(2666 4188 4190 2668)
4(3739 4196 4198 3741)
4(4196 4197 4199 4198)
4(4186 4187 4197 4196)
4(3733 4186 4196 3739)
4(3731 4184 4186 3733)
4(4184 4185 4187 4186)
4(2660 2661 4185 4184)
4(2645 2660 4184 3731)
4(426 429 431 428)
4(429 430 432 431)
4(3740 3741 430 429)
4(3737 3740 429 426)
4(119 936 940 123)
4(3404 4228 936 119)
4(3736 425 936 4228)
4(425 427 940 936)
4(427 433 952 940)
4(427 428 434 433)
4(433 434 436 435)
4(2663 5089 5091 2667)
4(2655 5087 5089 2663)
4(3388 4212 4224 3400)
4(3400 4224 4228 3404)
4(3735 3738 3740 3737)
4(3738 3739 3741 3740)
4(3732 3733 3739 3738)
4(3729 3732 3738 3735)
4(3728 3734 4224 4212)
4(3728 3729 3735 3734)
4(3734 3736 4228 4224)
4(3734 3735 3737 3736)
4(3736 3737 426 425)
4(425 426 428 427)
4(2666 2667 4189 4188)
4(2659 2664 2668 2661)
4(2649 2656 2664 2659)
4(3169 5084 4678 2651)
4(2651 4678 5087 2655)
4(3165 5082 5084 3169)
4(1517 3718 5078 2629)
4(2629 5078 5080 2633)
4(2633 5080 5082 3165)
4(3727 3730 3732 3729)
4(3730 3731 3733 3732)
4(2644 2645 3731 3730)
4(2641 2644 3730 3727)
4(2640 3726 4208 3234)
4(2640 2641 3727 3726)
4(3726 3728 4212 4208)
4(3726 3727 3729 3728)
4(3384 4208 4212 3388)
4(1890 1892 1896 1894)
4(1882 1884 1892 1890)
4(1881 1882 1890 1889)
4(1889 1890 1894 1893)
4(1893 1894 3009 3008)
4(3008 3009 3013 3012)
4(3012 3013 3562 3561)
4(3554 3559 3560 3558)
4(3007 3012 3561 3559)
4(3540 3007 3559 3554)
4(3538 3540 3554 3552)
4(3552 3554 3558 3556)
4(3536 3006 3007 3540)
4(3534 3536 3540 3538)
4(3006 3008 3012 3007)
4(1888 1893 3008 3006)
4(2391 1888 3006 3536)
4(2389 2391 3536 3534)
4(1887 1889 1893 1888)
4(2387 1887 1888 2391)
4(1876 1881 1889 1887)
4(2373 1876 1887 2387)
4(2385 2387 2391 2389)
4(2371 2373 2387 2385)
4(2369 1875 1876 2373)
4(2367 2369 2373 2371)
4(1875 1877 1881 1876)
4(1878 1880 1884 1882)
4(1877 1878 1882 1881)
4(3456 3458 1880 1878)
4(3455 3456 1878 1877)
4(4857 4859 1281 1277)
4(1277 1281 1282 1280)
4(1276 1277 1280 1279)
4(4856 4857 1277 1276)
4(4855 4856 1276 1275)
4(1275 1276 1279 1278)
4(1278 1279 1814 1813)
4(1813 1814 1817 1816)
4(1816 1817 2959 2958)
4(1270 1816 2958 2358)
4(1269 1270 2358 2357)
4(2357 2358 2362 2361)
4(2361 2362 2949 2948)
4(3454 3459 3460 3458)
4(3448 2361 2948 3459)
4(3446 3448 3459 3454)
4(3447 2357 2361 3448)
4(3442 3447 3448 3446)
4(2342 1269 2357 3447)
4(2340 2342 3447 3442)
4(1265 1266 1270 1269)
4(2341 1265 1269 2342)
4(1253 1254 1266 1265)
4(1254 1278 1813 1266)
4(1266 1813 1816 1270)
4(2662 2663 2667 2666)
4(2662 2666 2668 2664)
4(2654 2662 2664 2656)
4(2654 2655 2663 2662)
4(2650 2651 2655 2654)
4(2650 2654 2656 2652)
4(2647 2652 2656 2649)
4(3161 3166 3170 3163)
4(3163 3170 2652 2647)
4(3168 2650 2652 3170)
4(3168 3169 2651 2650)
4(2658 2659 2661 2660)
4(2643 2658 2660 2645)
4(2637 2648 2658 2643)
4(2648 2649 2659 2658)
4(2159 2646 2648 2637)
4(2646 2647 2649 2648)
4(3162 3163 2647 2646)
4(2623 3162 2646 2159)
4(2622 2623 2159 2158)
4(2158 2159 2637 2636)
4(2636 2637 2643 2642)
4(2642 2643 2645 2644)
4(2639 2642 2644 2641)
4(2157 2636 2642 2639)
4(2156 2638 3230 3218)
4(2156 2157 2639 2638)
4(2638 2640 3234 3230)
4(2638 2639 2641 2640)
4(2280 3234 4208 3384)
4(1727 3218 3230 2276)
4(2276 3230 3234 2280)
4(3164 3165 3169 3168)
4(3164 3168 3170 3166)
4(2627 2634 3166 3161)
4(2625 2630 2634 2627)
4(1511 1518 2630 2625)
4(1516 2628 2630 1518)
4(1516 1517 2629 2628)
4(2628 2632 2634 2630)
4(2628 2629 2633 2632)
4(2632 3164 3166 2634)
4(2632 2633 3165 3164)
4(1505 3714 3716 1513)
4(1513 3716 3718 1517)
4(1501 3712 3714 1505)
4(2089 3158 3712 1501)
4(1509 1514 1518 1511)
4(1499 1506 1514 1509)
4(1498 1499 1509 1508)
4(1508 1509 1511 1510)
4(1510 1511 2625 2624)
4(2624 2625 2627 2626)
4(2626 2627 3161 3160)
4(3160 3161 3163 3162)
4(2621 3160 3162 2623)
4(2615 2626 3160 2621)
4(2613 2624 2626 2615)
4(922 1510 2624 2613)
4(921 922 2613 2612)
4(2612 2613 2615 2614)
4(2614 2615 2621 2620)
4(2620 2621 2623 2622)
4(2155 2158 2636 2157)
4(2619 2622 2158 2155)
4(2618 2619 2155 2154)
4(2618 2154 2670 3192)
4(2154 2156 3218 2670)
4(2154 2155 2157 2156)
4(1723 2670 3218 1727)
4(4849 640 647 4869)
4(640 641 648 647)
4(638 639 642 641)
4(637 638 641 640)
4(639 643 645 642)
4(5906 5909 643 639)
4(5905 5906 639 638)
4(5904 5905 638 637)
4(5908 5917 5919 5910)
4(5917 5918 5920 5919)
4(5913 5914 5918 5917)
4(5900 5913 5917 5908)
4(5898 5911 5913 5900)
4(5911 5912 5914 5913)
4(619 620 5912 5911)
4(610 619 5911 5898)
4(609 610 5898 5897)
4(5897 5898 5900 5899)
4(5899 5900 5908 5907)
4(5907 5908 5910 5909)
4(5903 5907 5909 5906)
4(5896 5899 5907 5903)
4(5895 5896 5903 5902)
4(5902 5903 5906 5905)
4(3521 3522 4845 4844)
4(4844 4845 4849 4848)
4(4848 4849 4869 4868)
4(4868 4869 4873 4872)
4(4858 4868 4872 4859)
4(4854 4858 4859 4857)
4(4835 4848 4868 4858)
4(4429 4835 4858 4854)
4(606 609 5897 5387)
4(5387 5897 5899 5896)
4(5386 5387 5896 5895)
4(605 606 5387 5386)
4(4349 604 5385 3494)
4(604 605 5386 5385)
4(5385 5386 5895 5894)
4(3494 5385 5894 3498)
4(5894 5895 5902 5901)
4(3498 5894 5901 3518)
4(5901 5902 5905 5904)
4(3518 5901 5904 3522)
4(3522 5904 637 4845)
4(4845 637 640 4849)
4(617 618 620 619)
4(1210 1211 1741 1740)
4(1740 1741 1745 1744)
4(1168 1740 1744 1169)
4(618 1168 1169 620)
4(616 1210 1740 1168)
4(614 616 1168 618)
4(608 617 619 610)
4(600 613 617 608)
4(613 614 618 617)
4(611 612 614 613)
4(138 139 1207 1206)
4(1206 1207 1211 1210)
4(615 1206 1210 616)
4(612 615 616 614)
4(5849 138 1206 615)
4(5847 5849 615 612)
4(598 611 613 600)
4(5334 5846 611 598)
4(5846 5847 612 611)
4(5333 5334 598 597)
4(597 598 600 599)
4(599 600 608 607)
4(607 608 610 609)
4(4348 4349 3494 3493)
4(3493 3494 3498 3497)
4(3497 3498 3518 3517)
4(3517 3518 3522 3521)
4(4430 4844 4848 4835)
4(4426 4430 4835 4429)
4(3508 3521 4844 4430)
4(3506 3508 4430 4426)
4(3505 3506 4426 4425)
4(4425 4426 4429 4428)
4(4428 4429 4854 4853)
4(4853 4854 4857 4856)
4(4427 4428 4853 4852)
4(4403 4427 4852 4415)
4(4852 4853 4856 4855)
4(4415 4852 4855 4419)
4(4419 4855 1275 1250)
4(1250 1275 1278 1254)
4(3450 3455 1877 1875)
4(3898 3450 1875 2369)
4(3896 3898 2369 2367)
4(3452 3454 3458 3456)
4(3444 3446 3454 3452)
4(212 213 217 216)
4(3555 3556 213 212)
4(3551 3552 3556 3555)
4(3537 3538 3552 3551)
4(3533 3534 3538 3537)
4(2388 2389 3534 3533)
4(4424 4425 4428 4427)
4(4399 4424 4427 4403)
4(3507 3517 3521 3508)
4(3503 3507 3508 3506)
4(3484 3497 3517 3507)
4(3482 3484 3507 3503)
4(2336 2341 2342 2340)
4(2330 1253 1265 2341)
4(1757 2330 2341 2336)
4(1249 1250 1254 1253)
4(2329 1249 1253 2330)
4(3440 3442 3446 3444)
4(2338 2340 3442 3440)
4(2337 2338 3440 3439)
4(3439 3440 3444 3443)
4(3443 3444 3452 3451)
4(3451 3452 3456 3455)
4(3449 3451 3455 3450)
4(3894 3449 3450 3898)
4(3438 3443 3451 3449)
4(3880 3438 3449 3894)
4(3437 3439 3443 3438)
4(3876 3437 3438 3880)
4(2332 2337 3439 3437)
4(2918 2332 3437 3876)
4(2334 2336 2340 2338)
4(2333 2334 2338 2337)
4(1753 2329 2330 1757)
4(5376 4418 1249 2329)
4(5374 5376 2329 1753)
4(4418 4419 1250 1249)
4(3504 3505 4425 4424)
4(3472 3504 4424 4399)
4(3471 3472 4399 4398)
4(3928 3471 4398 5363)
4(4398 4399 4403 4402)
4(5363 4398 4402 5364)
4(5364 4402 4414 5375)
4(4402 4403 4415 4414)
4(4414 4415 4419 4418)
4(5375 4414 4418 5376)
4(5370 5375 5376 5374)
4(5362 5364 5375 5370)
4(3502 3503 3506 3505)
4(3481 3482 3503 3502)
4(3483 3493 3497 3484)
4(3479 3483 3484 3482)
4(4333 4335 3483 3479)
4(4335 4348 3493 3483)
4(3478 3479 3482 3481)
4(4332 4333 3479 3478)
4(4331 4332 3478 3477)
4(3477 3478 3481 3480)
4(3480 3481 3502 3501)
4(3501 3502 3505 3504)
4(3468 3501 3504 3472)
4(2936 3480 3501 3468)
4(2932 3477 3480 2936)
4(4299 4331 3477 2932)
4(4298 4299 2932 2931)
4(2931 2932 2936 2935)
4(2935 2936 3468 3467)
4(3467 3468 3472 3471)
4(5358 5363 5364 5362)
4(3926 3928 5363 5358)
4(2384 2385 2389 2388)
4(2370 2371 2385 2384)
4(2366 2367 2371 2370)
4(3895 3896 2367 2366)
4(3892 3894 3898 3896)
4(3878 3880 3894 3892)
4(1755 1757 2336 2334)
4(1751 1753 1757 1755)
4(5372 5374 1753 1751)
4(5368 5370 5374 5372)
4(5360 5362 5370 5368)
4(4834 5359 5367 5365)
4(5359 5360 5368 5367)
4(5367 5368 5372 5371)
4(5365 5367 5371 5366)
4(5366 5371 1750 1748)
4(5371 5372 1751 1750)
4(1750 1751 1755 1754)
4(1748 1750 1754 1749)
4(1749 1754 2333 2331)
4(1754 1755 2334 2333)
4(2331 2333 2337 2332)
4(2328 2331 2332 2918)
4(2314 1749 2331 2328)
4(2310 1748 1749 2314)
4(5887 5366 1748 2310)
4(5883 5365 5366 5887)
4(5346 4834 5365 5883)
4(5356 5358 5362 5360)
4(5355 5356 5360 5359)
4(2916 2918 3876 3874)
4(3874 3876 3880 3878)
4(602 603 606 605)
4(601 602 605 604)
4(603 607 609 606)
4(596 599 607 603)
4(144 597 599 596)
4(5330 5333 597 144)
4(5331 5332 5334 5333)
4(122 123 135 134)
4(134 135 139 138)
4(5848 134 138 5849)
4(5845 5848 5849 5847)
4(5843 122 134 5848)
4(5841 5843 5848 5845)
4(3403 3404 119 118)
4(118 119 123 122)
4(5842 118 122 5843)
4(5839 5842 5843 5841)
4(2842 3403 118 5842)
4(2840 2842 5842 5839)
4(5332 5844 5846 5334)
4(5844 5845 5847 5846)
4(5840 5841 5845 5844)
4(5324 5840 5844 5332)
4(5322 5838 5840 5324)
4(5838 5839 5841 5840)
4(2839 2840 5839 5838)
4(2302 2839 5838 5322)
4(5327 5331 5333 5330)
4(5320 5323 5331 5327)
4(5323 5324 5332 5331)
4(5321 5322 5324 5323)
4(5317 5321 5323 5320)
4(2298 2301 5321 5317)
4(2301 2302 5322 5321)
4(2837 2838 2840 2839)
4(3399 3400 3404 3403)
4(2841 3399 3403 2842)
4(2838 2841 2842 2840)
4(2836 3387 3399 2841)
4(2834 2836 2841 2838)
4(3387 3388 3400 3399)
4(3383 3384 3388 3387)
4(2279 2280 3384 3383)
4(2835 3383 3387 2836)
4(2832 2835 2836 2834)
4(1685 2279 3383 2835)
4(1166 1685 2835 2832)
4(1165 1166 2832 2831)
4(2831 2832 2834 2833)
4(2833 2834 2838 2837)
4(2292 2833 2837 2300)
4(2300 2837 2839 2302)
4(920 1508 1510 922)
4(914 1498 1508 920)
4(2083 2090 1502 1497)
4(1497 1502 1506 1499)
4(1496 1497 1499 1498)
4(912 1496 1498 914)
4(1489 2082 1496 912)
4(2082 2083 1497 1496)
4(3797 3192 2670 1723)
4(2266 1540 3172 3353)
4(3353 3172 3176 3357)
4(3357 3176 3188 3793)
4(3793 3188 3192 3797)
4(2616 2618 3192 3188)
4(2616 2617 2619 2618)
4(2617 2620 2622 2619)
4(2611 2614 2620 2617)
4(2610 2616 3188 3176)
4(2610 2611 2617 2616)
4(918 921 2612 2609)
4(2609 2612 2614 2611)
4(2608 2610 3176 3172)
4(2608 2609 2611 2610)
4(2299 2300 2302 2301)
4(2295 2299 2301 2298)
4(2288 2291 2299 2295)
4(2291 2292 2300 2299)
4(2289 2290 2292 2291)
4(2285 2289 2291 2288)
4(1152 1155 2289 2285)
4(1155 1156 2290 2289)
4(1156 1165 2831 2290)
4(2290 2831 2833 2292)
4(4345 601 604 4349)
4(595 596 603 602)
4(143 144 596 595)
4(5329 5330 144 143)
4(5328 5329 143 142)
4(3434 5328 142 4321)
4(142 143 595 145)
4(4321 142 145 4325)
4(145 595 602 601)
4(4325 145 601 4345)
4(5326 5327 5330 5329)
4(5325 5326 5329 5328)
4(5319 5320 5327 5326)
4(5316 5317 5320 5319)
4(2297 2298 5317 5316)
4(2296 2297 5316 5315)
4(5315 5316 5319 5318)
4(5318 5319 5326 5325)
4(3410 5318 5325 3430)
4(3430 5325 5328 3434)
4(4344 4345 4349 4348)
4(4334 4344 4348 4335)
4(3433 3434 4321 4320)
4(4320 4321 4325 4324)
4(4324 4325 4345 4344)
4(4330 4334 4335 4333)
4(4311 4324 4344 4334)
4(4309 4311 4334 4330)
4(2914 5315 5318 3410)
4(107 2296 5315 2914)
4(4308 4309 4330 4329)
4(4307 4308 4329 4328)
4(4329 4330 4333 4332)
4(4328 4329 4332 4331)
4(4305 4306 4309 4308)
4(4310 4320 4324 4311)
4(4306 4310 4311 4309)
4(3420 3433 4320 4310)
4(3418 3420 4310 4306)
4(3429 3430 3434 3433)
4(3419 3429 3433 3420)
4(106 107 2914 2913)
4(2913 2914 3410 3409)
4(3409 3410 3430 3429)
4(3415 3419 3420 3418)
4(2904 3409 3429 3419)
4(2902 2904 3419 3415)
4(4295 4328 4331 4299)
4(3862 4307 4328 4295)
4(3858 4304 4307 3862)
4(4304 4305 4308 4307)
4(3417 3418 4306 4305)
4(3416 3417 4305 4304)
4(2892 3416 4304 3858)
4(2891 2892 3858 3857)
4(3842 2891 3857 4754)
4(3857 3858 3862 3861)
4(4754 3857 3861 4755)
4(3861 3862 4295 4294)
4(4755 3861 4294 4766)
4(4294 4295 4299 4298)
4(4766 4294 4298 4767)
4(4767 4298 2931 3915)
4(3915 2931 2935 3916)
4(3916 2935 3467 3927)
4(3927 3467 3471 3928)
4(3922 3927 3928 3926)
4(3914 3916 3927 3922)
4(2915 2916 3874 3873)
4(3873 3874 3878 3877)
4(3877 3878 3892 3891)
4(3891 3892 3896 3895)
4(3910 3915 3916 3914)
4(4765 4767 3915 3910)
4(4753 4755 4766 4761)
4(4761 4766 4767 4765)
4(3414 3415 3418 3417)
4(2901 2902 3415 3414)
4(2900 2901 3414 3413)
4(3413 3414 3417 3416)
4(2888 3413 3416 2892)
4(2876 2900 3413 2888)
4(2897 2898 2901 2900)
4(2872 2897 2900 2876)
4(2903 2913 3409 2904)
4(2899 2903 2904 2902)
4(93 106 2913 2903)
4(91 93 2903 2899)
4(90 91 2899 2898)
4(2898 2899 2902 2901)
4(103 2293 2296 107)
4(2293 2294 2297 2296)
4(2294 2295 2298 2297)
4(2287 2288 2295 2294)
4(2284 2285 2288 2287)
4(1151 1152 2285 2284)
4(4824 1150 2283 79)
4(1150 1151 2284 2283)
4(2283 2284 2287 2286)
4(79 2283 2286 83)
4(2286 2287 2294 2293)
4(83 2286 2293 103)
4(82 83 103 102)
4(5835 82 102 92)
4(102 103 107 106)
4(92 102 106 93)
4(2326 2328 2918 2916)
4(2312 2314 2328 2326)
4(2308 2310 2314 2312)
4(5885 5887 2310 2308)
4(1512 1513 1517 1516)
4(1512 1516 1518 1514)
4(1504 1512 1514 1506)
4(1504 1505 1513 1512)
4(1500 1504 1506 1502)
4(1500 1501 1505 1504)
4(2088 2089 1501 1500)
4(2088 1500 1502 2090)
4(2084 2085 2089 2088)
4(2084 2088 2090 2086)
4(2085 3156 3158 2089)
4(2077 3154 3156 2085)
4(1495 3152 3154 2077)
4(1652 2112 1520 2246)
4(2246 1520 1524 2250)
4(2250 1524 1536 2262)
4(2262 1536 1540 2266)
4(917 2608 3172 1540)
4(917 918 2609 2608)
4(915 916 918 917)
4(915 917 1540 1536)
4(916 919 921 918)
4(919 920 922 921)
4(913 914 920 919)
4(910 913 919 916)
4(909 910 916 915)
4(909 915 1536 1524)
4(911 912 914 913)
4(908 911 913 910)
4(1485 1488 911 908)
4(1488 1489 912 911)
4(907 909 1524 1520)
4(907 908 910 909)
4(1484 907 1520 2112)
4(1484 1485 908 907)
4(1108 2096 2108 1648)
4(1648 2108 2112 1652)
4(1482 1484 2112 2108)
4(1148 1149 1152 1151)
4(1147 1148 1151 1150)
4(2275 2276 2280 2279)
4(1167 2275 2279 1685)
4(1164 1167 1685 1166)
4(1162 1726 2275 1167)
4(1160 1162 1167 1164)
4(1726 1727 2276 2275)
4(1722 1723 1727 1726)
4(1161 1722 1726 1162)
4(3796 3797 1723 1722)
4(1158 1161 1162 1160)
4(3315 3796 1722 1161)
4(3313 3315 1161 1158)
4(1159 1160 1164 1163)
4(1163 1164 1166 1165)
4(1154 1163 1165 1156)
4(1146 1159 1163 1154)
4(1157 1158 1160 1159)
4(1144 1157 1159 1146)
4(2824 3312 1157 1144)
4(3312 3313 1158 1157)
4(3311 3314 3315 3313)
4(3314 3792 3796 3315)
4(1149 1153 1155 1152)
4(1153 1154 1156 1155)
4(1145 1146 1154 1153)
4(594 1145 1153 1149)
4(593 594 1149 1148)
4(590 591 594 593)
4(1143 1144 1146 1145)
4(591 1143 1145 594)
4(2820 2823 1143 591)
4(2823 2824 1144 1143)
4(3310 3311 3313 3312)
4(2822 3310 3312 2824)
4(2814 2827 3310 2822)
4(2827 2828 3311 3310)
4(3356 3357 3793 3792)
4(3792 3793 3797 3796)
4(2830 3356 3792 3314)
4(2828 2830 3314 3311)
4(2829 3352 3356 2830)
4(2826 2829 2830 2828)
4(3352 3353 3357 3356)
4(2265 2266 3353 3352)
4(1668 2265 3352 2829)
4(1666 1668 2829 2826)
4(1665 1666 2826 2825)
4(2825 2826 2828 2827)
4(2817 2821 2823 2820)
4(2821 2822 2824 2823)
4(2813 2814 2822 2821)
4(2810 2813 2821 2817)
4(2809 2810 2817 2816)
4(2816 2817 2820 2819)
4(2819 2820 591 590)
4(4823 4824 79 78)
4(78 79 83 82)
4(88 92 93 91)
4(5833 5835 92 88)
4(5832 5833 88 87)
4(87 88 91 90)
4(2311 2312 2326 2325)
4(2325 2326 2916 2915)
4(5884 5885 2308 2307)
4(2307 2308 2312 2311)
4(5834 78 82 5835)
4(5830 5834 5835 5833)
4(4810 4823 78 5834)
4(4808 4810 5834 5830)
4(5829 5830 5833 5832)
4(4807 4808 5830 5829)
4(4806 4807 5829 5828)
4(4774 4806 5828 5803)
4(5828 5829 5832 5831)
4(5803 5828 5831 5807)
4(5831 5832 87 86)
4(5807 5831 86 5819)
4(5819 86 89 5823)
4(86 87 90 89)
4(89 90 2898 2897)
4(5823 89 2897 2872)
4(5822 5823 2872 2871)
4(580 5822 2871 3368)
4(2871 2872 2876 2875)
4(3368 2871 2875 3830)
4(3830 2875 2887 3841)
4(2875 2876 2888 2887)
4(2887 2888 2892 2891)
4(3841 2887 2891 3842)
4(4749 4754 4755 4753)
4(3840 3842 4754 4749)
4(3836 3841 3842 3840)
4(3367 3830 3841 3836)
4(578 580 3368 3363)
4(3363 3368 3830 3367)
4(5818 5819 5823 5822)
4(579 5818 5822 580)
4(1486 1487 1489 1488)
4(2081 2086 2090 2083)
4(1493 2078 2086 2081)
4(1481 1492 2080 1487)
4(1487 2080 2082 1489)
4(2080 2081 2083 2082)
4(1492 1493 2081 2080)
4(1490 1491 1493 1492)
4(1491 2074 2078 1493)
4(2076 2084 2086 2078)
4(2076 2077 2085 2084)
4(1479 1490 1492 1481)
4(1483 1486 1488 1485)
4(1477 1480 1486 1483)
4(1480 1481 1487 1486)
4(1478 1479 1481 1480)
4(1475 1478 1480 1477)
4(2245 2246 2250 2249)
4(2249 2250 2262 2261)
4(2261 2262 2266 2265)
4(1667 2261 2265 1668)
4(1664 1667 1668 1666)
4(1662 2249 2261 1667)
4(1660 1662 1667 1664)
4(1130 1663 1665 1656)
4(1656 1665 2825 2812)
4(2812 2825 2827 2814)
4(2811 2812 2814 2813)
4(2807 2811 2813 2810)
4(1128 1655 2811 2807)
4(1655 1656 2812 2811)
4(1663 1664 1666 1665)
4(1659 1660 1664 1663)
4(1122 1659 1663 1130)
4(1120 1657 1659 1122)
4(1661 2245 2249 1662)
4(1658 1661 1662 1660)
4(1651 1652 2246 2245)
4(1066 1651 2245 1661)
4(1064 1066 1661 1658)
4(1063 1064 1658 1657)
4(1657 1658 1660 1659)
4(3924 3926 5358 5356)
4(3923 3924 5356 5355)
4(3918 3923 5355 4833)
4(4833 5355 5359 4834)
4(5342 4833 4834 5346)
4(3920 3922 3926 3924)
4(3919 3920 3924 3923)
4(3912 3914 3922 3920)
4(5881 5883 5887 5885)
4(5344 5346 5883 5881)
4(5340 5342 5346 5344)
4(4381 3918 4833 5342)
4(4379 4381 5342 5340)
4(3917 3919 3923 3918)
4(4377 3917 3918 4381)
4(3911 3912 3920 3919)
4(3906 3911 3919 3917)
4(4375 4377 4381 4379)
4(4363 3906 3917 4377)
4(4361 4363 4377 4375)
4(3905 3907 3911 3906)
4(4359 3905 3906 4363)
4(3908 3910 3914 3912)
4(3907 3908 3912 3911)
4(4763 4765 3910 3908)
4(4762 4763 3908 3907)
4(4757 4762 3907 3905)
4(5274 4757 3905 4359)
4(5272 5274 4359 4357)
4(4357 4359 4363 4361)
4(4759 4761 4765 4763)
4(4751 4753 4761 4759)
4(4758 4759 4763 4762)
4(4756 4758 4762 4757)
4(5270 4756 4757 5274)
4(4745 4750 4758 4756)
4(5256 4745 4756 5270)
4(4750 4751 4759 4758)
4(5254 5256 5270 5268)
4(5268 5270 5274 5272)
4(5252 4744 4745 5256)
4(5250 5252 5256 5254)
4(4744 4746 4750 4745)
4(4747 4749 4753 4751)
4(4746 4747 4751 4750)
4(3838 3840 4749 4747)
4(592 593 1148 1147)
4(4800 592 1147 4820)
4(4820 1147 1150 4824)
4(4796 589 592 4800)
4(589 590 593 592)
4(2818 2819 590 589)
4(534 2818 589 4796)
4(4819 4820 4824 4823)
4(4809 4819 4823 4810)
4(4805 4809 4810 4808)
4(4786 4799 4819 4809)
4(4784 4786 4809 4805)
4(4799 4800 4820 4819)
4(4804 4805 4808 4807)
4(4803 4804 4807 4806)
4(4783 4784 4805 4804)
4(4782 4783 4804 4803)
4(4280 4782 4803 4770)
4(4770 4803 4806 4774)
4(5806 5807 5819 5818)
4(568 5806 5818 579)
4(5802 5803 5807 5806)
4(4773 4774 5803 5802)
4(567 5802 5806 568)
4(69 567 568 566)
4(566 568 579 574)
4(574 579 580 578)
4(572 574 578 576)
4(576 578 3363 3361)
4(3361 3363 3367 3365)
4(3365 3367 3836 3834)
4(3834 3836 3840 3838)
4(1494 2076 2078 2074)
4(1494 1495 2077 2076)
4(3837 3838 4747 4746)
4(3832 3837 4746 4744)
4(3829 3832 4744 5252)
4(3827 3829 5252 5250)
4(5343 5344 5881 5880)
4(5880 5881 5885 5884)
4(5339 5340 5344 5343)
4(4378 4379 5340 5339)
4(4374 4375 4379 4378)
4(4360 4361 4375 4374)
4(4356 4357 4361 4360)
4(5271 5272 4357 4356)
4(2806 2807 2810 2809)
4(2815 2816 2819 2818)
4(530 2815 2818 534)
4(2808 2809 2816 2815)
4(47 2808 2815 530)
4(1129 1130 1656 1655)
4(1125 1129 1655 1128)
4(1118 1121 1129 1125)
4(1121 1122 1130 1129)
4(1119 1120 1122 1121)
4(520 1063 1657 1120)
4(519 520 1120 1119)
4(1104 2092 2096 1108)
4(1476 1482 2108 2096)
4(1476 1477 1483 1482)
4(1482 1483 1485 1484)
4(1647 1648 1652 1651)
4(1065 1647 1651 1066)
4(1062 1065 1066 1064)
4(526 1107 1647 1065)
4(524 526 1065 1062)
4(1107 1108 1648 1647)
4(1474 1476 2096 2092)
4(1474 1475 1477 1476)
4(1061 1062 1064 1063)
4(518 1061 1063 520)
4(510 523 1061 518)
4(523 524 1062 1061)
4(521 522 524 523)
4(508 521 523 510)
4(507 508 510 509)
4(509 510 518 517)
4(517 518 520 519)
4(4795 4796 4800 4799)
4(4785 4795 4799 4786)
4(4781 4785 4786 4784)
4(57 533 4795 4785)
4(55 57 4785 4781)
4(533 534 4796 4795)
4(54 55 4781 4780)
4(53 54 4780 4779)
4(4780 4781 4784 4783)
4(4779 4780 4783 4782)
4(21 53 4779 4276)
4(4276 4779 4782 4280)
4(4279 4280 4770 4769)
4(5292 4279 4769 5303)
4(4769 4770 4774 4773)
4(5303 4769 4773 5304)
4(5304 4773 5802 567)
4(71 566 574 572)
4(3833 3834 3838 3837)
4(3831 3833 3837 3832)
4(3825 3831 3832 3829)
4(3359 3364 3833 3831)
4(3811 3359 3831 3825)
4(3364 3365 3834 3833)
4(3360 3361 3365 3364)
4(3358 3360 3364 3359)
4(3807 3358 3359 3811)
4(570 575 3360 3358)
4(1136 570 3358 3807)
4(575 576 3361 3360)
4(3823 3825 3829 3827)
4(3809 3811 3825 3823)
4(3805 3807 3811 3809)
4(1134 1136 3807 3805)
4(522 525 526 524)
4(525 1103 1107 526)
4(1103 1104 1108 1107)
4(2805 2806 2809 2808)
4(43 2805 2808 47)
4(5242 1126 2805 43)
4(1126 1127 2806 2805)
4(1127 1128 2807 2806)
4(1124 1125 1128 1127)
4(1117 1118 1125 1124)
4(1115 1119 1121 1118)
4(516 519 1119 1115)
4(515 516 1115 1114)
4(1114 1115 1118 1117)
4(1113 1114 1117 1116)
4(1116 1117 1124 1123)
4(1123 1124 1127 1126)
4(5218 1116 1123 5238)
4(5238 1123 1126 5242)
4(5214 1113 1116 5218)
4(514 515 1114 1113)
4(5735 514 1113 5214)
4(512 513 516 515)
4(511 512 515 514)
4(20 21 4276 4275)
4(4275 4276 4280 4279)
4(5298 5303 5304 5302)
4(5302 5304 567 69)
4(70 71 572 571)
4(571 572 576 575)
4(569 571 575 570)
4(1132 569 570 1136)
4(65 70 571 569)
4(552 65 569 1132)
4(5290 5292 5303 5298)
4(5291 4275 4279 5292)
4(5286 5291 5292 5290)
4(3781 20 4275 5291)
4(3779 3781 5291 5286)
4(5300 5302 69 67)
4(67 69 566 71)
4(5299 5300 67 66)
4(5294 5299 66 64)
4(66 67 71 70)
4(64 66 70 65)
4(5789 5294 64 548)
4(548 64 65 552)
4(546 548 552 550)
4(550 552 1132 564)
4(564 1132 1136 1134)
4(5296 5298 5302 5300)
4(5288 5290 5298 5296)
4(5282 5287 5295 5293)
4(5287 5288 5296 5295)
4(5295 5296 5300 5299)
4(5293 5295 5299 5294)
4(5785 5293 5294 5789)
4(5771 5282 5293 5785)
4(529 530 534 533)
4(56 529 533 57)
4(52 56 57 55)
4(33 46 529 56)
4(31 33 56 52)
4(46 47 530 529)
4(30 31 52 51)
4(29 30 51 50)
4(51 52 55 54)
4(50 51 54 53)
4(5757 29 50 17)
4(17 50 53 21)
4(5753 26 29 5757)
4(26 27 30 29)
4(5241 5242 43 42)
4(42 43 47 46)
4(32 42 46 33)
4(28 32 33 31)
4(5228 5241 42 32)
4(5226 5228 32 28)
4(5734 5735 5214 5213)
4(5213 5214 5218 5217)
4(5217 5218 5238 5237)
4(5237 5238 5242 5241)
4(5227 5237 5241 5228)
4(5223 5227 5228 5226)
4(5204 5217 5237 5227)
4(4743 5204 5227 5223)
4(5203 5213 5217 5204)
4(4740 5203 5204 4743)
4(5721 5734 5213 5203)
4(5719 5721 5203 4740)
4(513 517 519 516)
4(506 509 517 513)
4(505 506 513 512)
4(502 503 506 505)
4(503 507 509 506)
4(504 505 512 511)
4(5202 504 511 5731)
4(5731 511 514 5735)
4(5730 5731 5735 5734)
4(5720 5730 5734 5721)
4(5197 5198 5202 5201)
4(5201 5202 5731 5730)
4(5186 5188 5720 5716)
4(5188 5201 5730 5720)
4(5716 5720 5721 5719)
4(5715 5716 5719 5718)
4(5718 5719 4740 4739)
4(4739 4740 4743 4742)
4(4742 4743 5223 5222)
4(5222 5223 5226 5225)
4(5225 5226 28 27)
4(27 28 31 30)
4(5224 5225 27 26)
4(4733 5224 26 5753)
4(16 17 21 20)
4(3780 16 20 3781)
4(3775 3780 3781 3779)
4(3769 5756 16 3780)
4(3767 3769 3780 3775)
4(5756 5757 17 16)
4(5752 5753 5757 5756)
4(4732 4733 5753 5752)
4(3768 5752 5756 3769)
4(3763 3768 3769 3767)
4(2804 4732 5752 3768)
4(4729 5221 5224 4733)
4(5221 5222 5225 5224)
4(4741 4742 5222 5221)
4(4717 4741 5221 4729)
4(4713 4738 4741 4717)
4(4738 4739 4742 4741)
4(5717 5718 4739 4738)
4(5176 5717 4738 4713)
4(5175 5176 4713 4712)
4(500 5175 4712 2791)
4(4712 4713 4717 4716)
4(2791 4712 4716 2792)
4(4716 4717 4729 4728)
4(2792 4716 4728 2803)
4(4728 4729 4733 4732)
4(2803 4728 4732 2804)
4(5253 5254 5268 5267)
4(5267 5268 5272 5271)
4(3826 3827 5250 5249)
4(5249 5250 5254 5253)
4(3808 3809 3823 3822)
4(3822 3823 3827 3826)
4(1133 1134 3805 3804)
4(3804 3805 3809 3808)
4(549 550 564 563)
4(563 564 1134 1133)
4(5787 5789 548 546)
4(5284 5286 5290 5288)
4(3777 3779 5286 5284)
4(545 546 550 549)
4(5786 5787 546 545)
4(5783 5785 5789 5787)
4(5769 5771 5785 5783)
4(5767 5281 5282 5771)
4(5765 5767 5771 5769)
4(5281 5283 5287 5282)
4(5283 5284 5288 5287)
4(3776 3777 5284 5283)
4(3771 3776 5283 5281)
4(2782 3771 5281 5767)
4(2780 2782 5767 5765)
4(3773 3775 3779 3777)
4(3765 3767 3775 3773)
4(3764 3765 3773 3772)
4(3759 3764 3772 3770)
4(3772 3773 3777 3776)
4(3770 3772 3776 3771)
4(2802 2804 3768 3763)
4(2798 2803 2804 2802)
4(2222 2791 2792 2790)
4(2790 2792 2803 2798)
4(5714 5715 5718 5717)
4(5172 5714 5717 5176)
4(5187 5197 5201 5188)
4(5198 501 504 5202)
4(501 502 505 504)
4(3761 3763 3767 3765)
4(2800 2802 3763 3761)
4(2778 3770 3771 2782)
4(2776 2778 2782 2780)
4(3760 3761 3765 3764)
4(3758 3760 3764 3759)
4(2760 3758 3759 2764)
4(2764 3759 3770 2778)
4(2762 2764 2778 2776)
4(2799 2800 3761 3760)
4(2794 2799 3760 3758)
4(1630 2794 3758 2760)
4(1060 1630 2760 2758)
4(2758 2760 2764 2762)
4(5160 5184 5714 5172)
4(5184 5185 5715 5714)
4(5185 5186 5716 5715)
4(5182 5183 5186 5185)
4(5181 5182 5185 5184)
4(5156 5181 5184 5160)
4(5183 5187 5188 5186)
4(487 5155 5159 488)
4(5155 5156 5160 5159)
4(5159 5160 5172 5171)
4(488 5159 5171 499)
4(5171 5172 5176 5175)
4(499 5171 5175 500)
4(494 499 500 498)
4(498 500 2791 2222)
4(5768 5769 5783 5782)
4(5782 5783 5787 5786)
4(2779 2780 5765 5764)
4(5764 5765 5769 5768)
4(1058 2793 2794 1630)
4(1056 1058 1630 1060)
4(2793 2795 2799 2794)
4(2796 2798 2802 2800)
4(2795 2796 2800 2799)
4(2224 2790 2798 2796)
4(2223 2224 2796 2795)
4(2218 2223 2795 2793)
4(1044 2218 2793 1058)
4(1042 1044 1058 1056)
4(2220 2222 2790 2224)
4(496 498 2222 2220)
4(491 492 496 495)
4(492 494 498 496)
4(495 496 2220 2219)
4(2219 2220 2224 2223)
4(2217 2219 2223 2218)
4(1040 2217 2218 1044)
4(490 495 2219 2217)
4(4699 490 2217 1040)
4(489 491 495 490)
4(4695 489 490 4699)
4(486 488 499 494)
4(484 486 494 492)
4(482 487 488 486)
4(2775 2776 2780 2779)
4(2761 2762 2776 2775)
4(2757 2758 2762 2761)
4(1059 1060 2758 2757)
4(1055 1056 1060 1059)
4(1041 1042 1056 1055)
4(1038 1040 1044 1042)
4(1037 1038 1042 1041)
4(4697 4699 1040 1038)
4(480 482 486 484)
4(483 484 492 491)
4(478 483 491 489)
4(4253 478 489 4695)
4(4251 4253 4695 4693)
4(4693 4695 4699 4697)
4(4696 4697 1038 1037)
4(4692 4693 4697 4696)
4(4250 4251 4693 4692)
4(4246 4247 4251 4250)
4(4247 4249 4253 4251)
4(477 479 483 478)
4(4249 477 478 4253)
4(479 480 484 483)
4(3696 3153 6272 6273)
4(2593 3696 6273 6270)
4(2592 2593 6270 6269)
4(2585 2592 6269 6266)
4(2587 2585 6266 6268)
4(2586 2587 6268 6267)
4(2103 2586 6267 6264)
4(2102 2103 6264 6263)
4(2095 2102 6263 6260)
4(2094 2095 6260 6259)
4(1106 2094 6259 6246)
4(1105 1106 6246 6245)
4(1098 1105 6245 6242)
4(1097 1098 6242 6241)
4(1076 1097 6241 6238)
4(1075 1076 6238 6237)
4(1069 1075 6237 6234)
4(1069 6234 6233 1068)
4(1067 1068 6233 6232)
4(1 1067 6232 6217)
4(0 1 6217 6216)
4(0 6216 6301 5199)
4(5192 5199 6301 6298)
4(5191 5192 6298 6297)
4(5191 6297 6295 5189)
4(5163 5189 6295 6290)
4(5163 6290 6289 5158)
4(5157 5158 6289 6288)
4(5151 5157 6288 6285)
4(5151 6285 6284 5150)
4(5149 5150 6284 6283)
4(5149 6283 6221 481)
4(4256 481 6221 6282)
4(4256 6282 6281 4255)
4(4254 4255 6281 6280)
4(4254 6280 6278 4248)
4(4243 4248 6278 6275)
4(4243 6275 6274 4242)
4(2067 2583 3309 3307)
4(2063 2067 3307 3305)
4(906 2063 3305 1628)
4(902 906 1628 1626)
4(890 902 1626 1624)
4(886 890 1624 1622)
4(2559 2563 3757 3755)
4(2563 886 1622 3757)
4(1425 2543 3301 2216)
4(2543 2547 3303 3301)
4(2547 2559 3755 3303)
4(2066 2582 2583 2067)
4(2059 2579 2582 2066)
4(1421 1425 2216 2214)
4(1409 1421 2214 2212)
4(866 1409 2212 2210)
4(4572 866 2210 5148)
4(2062 2066 2067 2063)
4(2055 2059 2066 2062)
4(898 2055 2062 905)
4(905 2062 2063 906)
4(901 905 906 902)
4(894 898 905 901)
4(882 894 901 889)
4(889 901 902 890)
4(885 889 890 886)
4(878 882 889 885)
4(2555 878 885 2562)
4(2562 885 886 2563)
4(2058 2578 2579 2059)
4(2044 2051 2578 2058)
4(2054 2058 2059 2055)
4(2040 2044 2058 2054)
4(874 2040 2054 897)
4(2043 2050 2051 2044)
4(2036 2047 2050 2043)
4(2035 2046 2047 2036)
4(2039 2043 2044 2040)
4(2033 2036 2043 2039)
4(419 2033 2039 873)
4(873 2039 2040 874)
4(897 2054 2055 898)
4(893 897 898 894)
4(870 874 897 893)
4(881 893 894 882)
4(413 870 893 881)
4(2032 2035 2036 2033)
4(418 2032 2033 419)
4(417 2031 2032 418)
4(2031 2034 2035 2032)
4(2034 2045 2046 2035)
4(877 881 882 878)
4(409 413 881 877)
4(2531 409 877 2554)
4(2554 877 878 2555)
4(869 873 874 870)
4(416 419 873 869)
4(405 416 869 412)
4(412 869 870 413)
4(404 415 416 405)
4(415 418 419 416)
4(403 414 415 404)
4(414 417 418 415)
4(5623 6165 2045 2034)
4(5621 5623 2034 2031)
4(4634 5621 2031 417)
4(4568 4572 5148 5146)
4(4556 4568 5146 5144)
4(2558 2562 2563 2559)
4(2551 2555 2562 2558)
4(2539 2551 2558 2546)
4(2546 2558 2559 2547)
4(2542 2546 2547 2543)
4(2535 2539 2546 2542)
4(1417 2535 2542 1424)
4(1424 2542 2543 1425)
4(4552 4556 5144 5142)
4(3133 4552 5142 4241)
4(2550 2554 2555 2551)
4(2527 2531 2554 2550)
4(2027 2527 2550 2538)
4(2538 2550 2551 2539)
4(2534 2538 2539 2535)
4(2023 2027 2538 2534)
4(854 2023 2534 1416)
4(1416 2534 2535 1417)
4(4632 4634 417 414)
4(4630 4632 414 403)
4(401 404 405 402)
4(400 403 404 401)
4(408 412 413 409)
4(402 405 412 408)
4(2523 402 408 2530)
4(2530 408 409 2531)
4(2522 401 402 2523)
4(2521 400 401 2522)
4(6127 4628 400 2521)
4(4628 4630 403 400)
4(2526 2530 2531 2527)
4(2520 2523 2530 2526)
4(2019 2520 2526 2026)
4(2026 2526 2527 2027)
4(2018 2519 2520 2019)
4(2519 2522 2523 2520)
4(2022 2026 2027 2023)
4(2016 2019 2026 2022)
4(846 2016 2022 853)
4(853 2022 2023 854)
4(845 2015 2016 846)
4(2015 2018 2019 2016)
4(1472 1473 2073 2072)
4(1467 1471 1473 1472)
4(5038 1472 2072 5073)
4(5036 1467 1472 5038)
4(5622 6164 6165 5623)
4(5061 5076 6164 5622)
4(5054 5072 5076 5061)
4(5620 5622 5623 5621)
4(5057 5061 5622 5620)
4(4633 5620 5621 4634)
4(5050 5054 5061 5057)
4(4180 5057 5620 4633)
4(4173 5050 5057 4180)
4(5053 5071 5072 5054)
4(5051 5069 5071 5053)
4(5049 5053 5054 5050)
4(4172 5049 5050 4173)
4(1466 1470 1471 1467)
4(5047 5051 5053 5049)
4(4649 5022 5051 5047)
4(5022 5037 5069 5051)
4(5037 5038 5073 5069)
4(5032 5036 5038 5037)
4(4648 5032 5037 5022)
4(4644 4648 5022 4649)
4(3685 4649 5047 4170)
4(3683 4644 4649 3685)
4(4170 5047 5049 4172)
4(5035 1466 1467 5036)
4(1460 1463 1470 1466)
4(5028 1460 1466 5035)
4(5031 5035 5036 5032)
4(5025 5028 5035 5031)
4(4640 5025 5031 4647)
4(4647 5031 5032 4648)
4(5024 5027 5028 5025)
4(5027 1459 1460 5028)
4(1459 1462 1463 1460)
4(5026 1458 1459 5027)
4(5616 2568 1458 5026)
4(1458 1461 1462 1459)
4(2568 2572 1461 1458)
4(5023 5026 5027 5024)
4(5612 5616 5026 5023)
4(6160 6163 5616 5612)
4(6163 3148 2568 5616)
4(3148 3151 2572 2568)
4(4629 4631 4632 4630)
4(4631 4633 4634 4632)
4(4176 4180 4633 4631)
4(4169 4173 4180 4176)
4(4156 4176 4631 4629)
4(4149 4169 4176 4156)
4(6126 4627 4628 6127)
4(4627 4629 4630 4628)
4(4152 4156 4629 4627)
4(4145 4149 4156 4152)
4(5594 4152 4627 6126)
4(5587 4145 4152 5594)
4(4168 4172 4173 4169)
4(4148 4168 4169 4149)
4(4144 4148 4149 4145)
4(5586 4144 4145 5587)
4(2017 2518 2519 2018)
4(2518 2521 2522 2519)
4(6125 6127 2521 2518)
4(6123 6125 2518 2017)
4(6121 6123 2017 2014)
4(4977 6121 2014 844)
4(844 2014 2015 845)
4(2014 2017 2018 2015)
4(849 853 854 850)
4(850 854 1416 1412)
4(840 850 1412 861)
4(861 1412 1413 862)
4(1412 1416 1417 1413)
4(1413 1417 1424 1420)
4(862 1413 1420 1408)
4(1408 1420 1421 1409)
4(1420 1424 1425 1421)
4(857 861 862 858)
4(858 862 1408 865)
4(4564 858 865 4571)
4(4571 865 866 4572)
4(865 1408 1409 866)
4(836 840 861 857)
4(4073 836 857 4563)
4(4563 857 858 4564)
4(839 849 850 840)
4(832 843 849 839)
4(843 846 853 849)
4(829 832 839 835)
4(835 839 840 836)
4(4072 835 836 4073)
4(4065 829 835 4072)
4(4064 828 829 4065)
4(4063 827 828 4064)
4(828 831 832 829)
4(827 830 831 828)
4(831 842 843 832)
4(830 841 842 831)
4(842 845 846 843)
4(841 844 845 842)
4(4975 4977 844 841)
4(4586 4975 841 830)
4(4584 4586 830 827)
4(1978 4584 827 4063)
4(6124 6126 6127 6125)
4(5590 5594 6126 6124)
4(6122 6124 6125 6123)
4(5583 5587 5594 5590)
4(5570 5590 6124 6122)
4(5563 5583 5590 5570)
4(6120 6122 6123 6121)
4(5566 5570 6122 6120)
4(4976 6120 6121 4977)
4(5559 5563 5570 5566)
4(4581 5566 6120 4976)
4(4574 5559 5566 4581)
4(4166 4170 4172 4168)
4(3684 3685 4170 4166)
4(3679 3683 3685 3684)
4(3669 3684 4166 4146)
4(3667 3679 3684 3669)
4(4146 4166 4168 4148)
4(3668 3669 4146 3694)
4(3663 3667 3669 3668)
4(3694 4146 4148 4144)
4(5584 3694 4144 5586)
4(5009 3668 3694 5584)
4(5007 3663 3668 5009)
4(5582 5586 5587 5583)
4(5580 5584 5586 5582)
4(5562 5582 5583 5563)
4(4643 4647 4648 4644)
4(4637 4640 4647 4643)
4(3675 4637 4643 3682)
4(3682 4643 4644 3683)
4(3672 3675 3682 3678)
4(3678 3682 3683 3679)
4(3666 3678 3679 3667)
4(3659 3672 3678 3666)
4(4635 4638 4639 4636)
4(4636 4639 4640 4637)
4(4639 5024 5025 4640)
4(4638 5023 5024 4639)
4(5604 5612 5023 4638)
4(6145 6160 5612 5604)
4(5600 5604 4638 4635)
4(6142 6145 5604 5600)
4(3674 4636 4637 3675)
4(3673 4635 4636 3674)
4(4623 5600 4635 3673)
4(3671 3674 3675 3672)
4(3670 3673 3674 3671)
4(3658 3671 3672 3659)
4(3662 3666 3667 3663)
4(3656 3659 3666 3662)
4(4999 3656 3662 5006)
4(5006 3662 3663 5007)
4(4998 3655 3656 4999)
4(3655 3658 3659 3656)
4(3147 3150 3151 3148)
4(6162 3147 3148 6163)
4(3129 3133 4241 4239)
4(3117 3129 4239 3753)
4(3113 3117 3753 3751)
4(4524 3113 3751 5140)
4(4520 4524 5140 5138)
4(4031 4520 5138 4690)
4(4027 4031 4690 4688)
4(3077 4027 4688 3749)
4(3073 3077 3749 3747)
4(3061 3073 3747 3745)
4(3057 3061 3745 3743)
4(6014 3057 3743 476)
4(4560 4564 4571 4567)
4(4567 4571 4572 4568)
4(4555 4567 4568 4556)
4(4548 4560 4567 4555)
4(4069 4073 4563 4559)
4(4559 4563 4564 4560)
4(4547 4559 4560 4548)
4(4059 4069 4559 4547)
4(4077 4548 4555 4551)
4(4551 4555 4556 4552)
4(3132 4551 4552 3133)
4(3125 4077 4551 3132)
4(3101 4055 4076 3124)
4(4055 4059 4547 4076)
4(4076 4547 4548 4077)
4(3124 4076 4077 3125)
4(3121 3125 3132 3128)
4(3109 3121 3128 3116)
4(3116 3128 3129 3117)
4(3128 3132 3133 3129)
4(3120 3124 3125 3121)
4(3097 3101 3124 3120)
4(2517 3097 3120 3108)
4(3108 3120 3121 3109)
4(2513 2517 3108 3104)
4(4068 4072 4073 4069)
4(4062 4065 4072 4068)
4(4051 4062 4068 4058)
4(4058 4068 4069 4059)
4(4061 4064 4065 4062)
4(4050 4061 4062 4051)
4(4049 4060 4061 4050)
4(4060 4063 4064 4061)
4(4048 4051 4058 4054)
4(4054 4058 4059 4055)
4(3100 4054 4055 3101)
4(3093 4048 4054 3100)
4(353 1405 4046 3091)
4(1405 1407 4049 4046)
4(1407 1976 4060 4049)
4(1976 1978 4063 4060)
4(4046 4049 4050 4047)
4(4047 4050 4051 4048)
4(3092 4047 4048 3093)
4(3104 3108 3109 3105)
4(3105 3109 3116 3112)
4(3112 3116 3117 3113)
4(4523 3112 3113 4524)
4(4039 3105 3112 4523)
4(4015 2513 3104 4038)
4(4038 3104 3105 4039)
4(4519 4523 4524 4520)
4(5558 5562 5563 5559)
4(4573 5558 5559 4574)
4(4974 4976 4977 4975)
4(4577 4581 4976 4974)
4(4133 4574 4581 4577)
4(4120 4577 4974 4585)
4(4113 4133 4577 4120)
4(4585 4974 4975 4586)
4(4583 4585 4586 4584)
4(4116 4120 4585 4583)
4(4109 4113 4120 4116)
4(1402 4116 4583 1977)
4(1395 4109 4116 1402)
4(1977 4583 4584 1978)
4(6159 6162 6163 6160)
4(6144 6159 6160 6145)
4(5021 6142 5600 4623)
4(5020 6141 6142 5021)
4(6141 6144 6145 6142)
4(3096 3100 3101 3097)
4(4035 4039 4523 4519)
4(4023 4035 4519 4030)
4(4030 4519 4520 4031)
4(4014 2512 2513 4015)
4(2512 2516 2517 2513)
4(2516 3096 3097 2517)
4(2509 3090 3096 2516)
4(3090 3093 3100 3096)
4(2508 3089 3090 2509)
4(2507 3088 3089 2508)
4(3088 3091 3092 3089)
4(3089 3092 3093 3090)
4(3091 4046 4047 3092)
4(2506 2509 2516 2512)
4(2505 2508 2509 2506)
4(4007 2506 2512 4014)
4(5008 5009 5584 5580)
4(5003 5007 5009 5008)
4(4993 5008 5580 5560)
4(4991 5003 5008 4993)
4(5560 5580 5582 5562)
4(4992 4993 5560 5556)
4(4987 4991 4993 4992)
4(5556 5560 5562 5558)
4(4134 5556 5558 4573)
4(4097 4992 5556 4134)
4(4095 4987 4992 4097)
4(1975 1977 1978 1976)
4(1398 1402 1977 1975)
4(1406 1975 1976 1407)
4(1391 1395 1402 1398)
4(812 1398 1975 1406)
4(805 1391 1398 812)
4(1404 1406 1407 1405)
4(808 812 1406 1404)
4(352 1404 1405 353)
4(801 805 812 808)
4(6118 808 1404 352)
4(6111 801 808 6118)
4(351 353 3091 3088)
4(349 351 3088 2507)
4(2504 2507 2508 2505)
4(347 349 2507 2504)
4(1370 347 2504 4005)
4(4006 2505 2506 4007)
4(4005 2504 2505 4006)
4(4619 4623 3673 3670)
4(5018 5021 4623 4619)
4(3657 3670 3671 3658)
4(4611 4619 3670 3657)
4(5017 5020 5021 5018)
4(4604 5018 4619 4611)
4(4603 5017 5018 4604)
4(4140 4611 3657 3654)
4(4601 4604 4611 4140)
4(3654 3657 3658 3655)
4(4997 3654 3655 4998)
4(6069 4140 3654 4997)
4(3146 3149 3150 3147)
4(3140 3144 3149 3146)
4(3135 3137 3144 3140)
4(6156 3140 3146 6161)
4(6149 3135 3140 6156)
4(6161 3146 3147 6162)
4(6148 3134 3135 6149)
4(3134 3136 3137 3135)
4(4011 4015 4038 4034)
4(4034 4038 4039 4035)
4(4022 4034 4035 4023)
4(4001 4011 4034 4022)
4(4018 4022 4023 4019)
4(4019 4023 4030 4026)
4(4026 4030 4031 4027)
4(3076 4026 4027 3077)
4(3069 4019 4026 3076)
4(3997 4001 4022 4018)
4(2485 3997 4018 3068)
4(3068 4018 4019 3069)
4(3072 3076 3077 3073)
4(3065 3069 3076 3072)
4(3053 3065 3072 3060)
4(3060 3072 3073 3061)
4(5705 5707 5711 5709)
4(5701 5703 5707 5705)
4(5702 5706 5707 5703)
4(5706 5710 5711 5707)
4(5691 5695 5710 5706)
4(5679 5691 5706 5702)
4(5698 5702 5703 5699)
4(1619 5698 5699 1620)
4(1022 5136 5698 1619)
4(5136 5679 5702 5698)
4(5690 5694 5695 5691)
4(5683 5687 5694 5690)
4(5132 5683 5690 5678)
4(5678 5690 5691 5679)
4(5697 5699 5703 5701)
4(1618 1620 5699 5697)
4(6010 6014 476 474)
4(5994 5998 472 470)
4(5998 6010 474 472)
4(5682 5686 5687 5683)
4(4516 4915 5686 5682)
4(4915 5994 470 5686)
4(5131 5682 5683 5132)
4(4504 4516 5682 5131)
4(5128 5132 5678 5135)
4(5135 5678 5679 5136)
4(1021 5135 5136 1022)
4(1014 5128 5135 1021)
4(1013 5127 5128 1014)
4(5127 5131 5132 5128)
4(4500 4504 5131 5127)
4(207 4500 5127 1013)
4(1009 1013 1014 1010)
4(4996 4999 5006 5002)
4(5002 5006 5007 5003)
4(4990 5002 5003 4991)
4(4983 4996 5002 4990)
4(4980 4983 4990 4986)
4(4986 4990 4991 4987)
4(4087 4980 4986 4094)
4(4094 4986 4987 4095)
4(4995 4998 4999 4996)
4(4982 4995 4996 4983)
4(4981 4994 4995 4982)
4(4994 4997 4998 4995)
4(6065 6069 4997 4994)
4(319 322 6069 6065)
4(322 4601 4140 6069)
4(321 4600 4601 322)
4(4600 4603 4604 4601)
4(6057 6065 4994 4981)
4(304 319 6065 6057)
4(4979 4982 4983 4980)
4(4978 4981 4982 4979)
4(4086 4979 4980 4087)
4(4085 4978 4979 4086)
4(4545 6053 4978 4085)
4(4971 301 6053 4545)
4(6053 6057 4981 4978)
4(301 304 6057 6053)
4(4082 4085 4086 4083)
4(4541 4545 4085 4082)
4(4083 4086 4087 4084)
4(4132 4573 4574 4133)
4(4112 4132 4133 4113)
4(4108 4112 4113 4109)
4(4130 4134 4573 4132)
4(4096 4097 4134 4130)
4(4091 4095 4097 4096)
4(4081 4096 4130 4110)
4(3653 4091 4096 4081)
4(4110 4130 4132 4112)
4(4080 4081 4110 4106)
4(3649 3653 4081 4080)
4(4106 4110 4112 4108)
4(1394 4108 4109 1395)
4(1392 4106 4108 1394)
4(3652 4090 4091 3653)
4(4090 4094 4095 4091)
4(4084 4087 4094 4090)
4(3645 4084 4090 3652)
4(3644 4083 4084 3645)
4(3643 4082 4083 3644)
4(3648 3652 3653 3649)
4(3642 3645 3652 3648)
4(779 3642 3648 786)
4(789 4080 4106 1392)
4(787 3649 4080 789)
4(1390 1394 1395 1391)
4(1388 1392 1394 1390)
4(804 1390 1391 805)
4(800 804 805 801)
4(6110 800 801 6111)
4(4002 4005 4006 4003)
4(4003 4006 4007 4004)
4(4004 4007 4014 4010)
4(4010 4014 4015 4011)
4(4000 4010 4011 4001)
4(3993 4004 4010 4000)
4(1366 1368 4002 3991)
4(1368 1370 4005 4002)
4(3991 4002 4003 3992)
4(3992 4003 4004 3993)
4(3996 4000 4001 3997)
4(3613 3993 4000 3996)
4(2477 3613 3996 2484)
4(2484 3996 3997 2485)
4(3612 3992 3993 3613)
4(2476 3612 3613 2477)
4(2475 3611 3612 2476)
4(3611 3991 3992 3612)
4(350 352 353 351)
4(6114 6118 352 350)
4(6107 6111 6118 6114)
4(6094 6114 350 348)
4(6087 6107 6114 6094)
4(348 350 351 349)
4(346 348 349 347)
4(6090 6094 348 346)
4(6083 6087 6094 6090)
4(742 6090 346 1369)
4(735 6083 6090 742)
4(1369 346 347 1370)
4(802 1388 1390 804)
4(773 788 1388 802)
4(788 789 1392 1388)
4(783 787 789 788)
4(771 783 788 773)
4(6086 6106 6107 6087)
4(6084 6104 6106 6086)
4(6106 6110 6111 6107)
4(6104 6108 6110 6106)
4(6108 798 800 6110)
4(798 802 804 800)
4(772 773 802 798)
4(767 771 773 772)
4(5546 772 798 6108)
4(5544 767 772 5546)
4(776 779 786 782)
4(782 786 787 783)
4(786 3648 3649 787)
4(778 3641 3642 779)
4(3641 3644 3645 3642)
4(777 3640 3641 778)
4(1971 4529 3640 777)
4(3640 3643 3644 3641)
4(4529 4533 3643 3640)
4(4533 4541 4082 3643)
4(4953 4968 4541 4533)
4(4968 4971 4545 4541)
4(775 778 779 776)
4(774 777 778 775)
4(359 776 782 770)
4(770 782 783 771)
4(358 775 776 359)
4(357 774 775 358)
4(1967 1971 777 774)
4(1963 1966 1971 1967)
4(1966 4950 4529 1971)
4(4950 4953 4533 4529)
4(6158 6161 6162 6159)
4(6152 6156 6161 6158)
4(6147 6149 6156 6152)
4(6138 6152 6158 6143)
4(6131 6147 6152 6138)
4(6143 6158 6159 6144)
4(6146 6148 6149 6147)
4(6130 6146 6147 6131)
4(6140 6143 6144 6141)
4(6134 6138 6143 6140)
4(6129 6131 6138 6134)
4(5014 6134 6140 5019)
4(4608 6129 6134 5014)
4(5019 6140 6141 5020)
4(6128 6130 6131 6129)
4(4607 6128 6129 4608)
4(5016 5019 5020 5017)
4(5010 5014 5019 5016)
4(4606 4608 5014 5010)
4(4597 5010 5016 4602)
4(4590 4606 5010 4597)
4(4602 5016 5017 4603)
4(4605 4607 4608 4606)
4(4589 4605 4606 4590)
4(4587 4589 4590 4588)
4(4599 4602 4603 4600)
4(4593 4597 4602 4599)
4(4588 4590 4597 4593)
4(315 4593 4599 320)
4(308 4588 4593 315)
4(320 4599 4600 321)
4(318 321 322 319)
4(303 318 319 304)
4(766 770 771 767)
4(356 359 770 766)
4(734 6082 6083 735)
4(6082 6086 6087 6083)
4(6080 6084 6086 6082)
4(732 6080 6082 734)
4(695 5529 6080 732)
4(5529 5530 6084 6080)
4(5530 5545 6104 6084)
4(5545 5546 6108 6104)
4(5540 5544 5546 5545)
4(5528 5540 5545 5530)
4(5524 5528 5530 5529)
4(693 5524 5529 695)
4(5539 5543 5544 5540)
4(5543 766 767 5544)
4(5536 356 766 5543)
4(5533 5536 5543 5539)
4(5527 5539 5540 5528)
4(5520 5533 5539 5527)
4(355 358 359 356)
4(354 357 358 355)
4(5535 355 356 5536)
4(5534 354 355 5535)
4(342 1375 354 5534)
4(1375 1379 357 354)
4(1379 1967 774 357)
4(300 303 304 301)
4(4970 300 301 4971)
4(4967 4970 4971 4968)
4(4952 4967 4968 4953)
4(4949 4952 4953 4950)
4(1965 4949 4950 1966)
4(1962 1965 1966 1963)
4(1948 1963 1967 1379)
4(1947 1962 1963 1948)
4(1945 1948 1379 1375)
4(765 1945 1375 342)
4(338 342 5534 5531)
4(762 765 342 338)
4(1364 1366 3991 3611)
4(258 1364 3611 2475)
4(2472 2475 2476 2473)
4(2473 2476 2477 2474)
4(3064 3068 3069 3065)
4(2481 2485 3068 3064)
4(2471 2481 3064 3052)
4(3052 3064 3065 3053)
4(3049 3053 3060 3056)
4(6006 3049 3056 6013)
4(6013 3056 3057 6014)
4(3056 3060 3061 3057)
4(5532 5535 5536 5533)
4(5531 5534 5535 5532)
4(5519 5532 5533 5520)
4(5523 5527 5528 5524)
4(5517 5520 5527 5523)
4(280 5517 5523 692)
4(692 5523 5524 693)
4(279 5516 5517 280)
4(5516 5519 5520 5517)
4(278 5515 5516 279)
4(1309 326 5515 278)
4(5515 5518 5519 5516)
4(326 330 5518 5515)
4(5518 5531 5532 5519)
4(330 338 5531 5518)
4(1017 1021 1022 1018)
4(1615 1619 1620 1616)
4(1018 1022 1619 1615)
4(1006 1018 1615 1029)
4(1029 1615 1616 1030)
4(1028 1030 1616 1614)
4(1614 1616 1620 1618)
4(6209 1024 1031 6213)
4(6209 6211 1026 1024)
4(1024 1028 1032 1031)
4(1024 1026 1030 1028)
4(1025 1029 1030 1026)
4(1002 1006 1029 1025)
4(5675 1002 1025 6210)
4(6210 1025 1026 6211)
4(1005 1017 1018 1006)
4(1010 1014 1021 1017)
4(998 1010 1017 1005)
4(997 1009 1010 998)
4(203 207 1013 1009)
4(5968 203 1009 997)
4(993 997 998 994)
4(6206 6210 6211 6207)
4(6205 6207 6211 6209)
4(5671 5675 6210 6206)
4(5659 5671 6206 6200)
4(6200 6206 6207 6201)
4(6199 6201 6207 6205)
4(6199 6205 6212 6203)
4(6205 6209 6213 6212)
4(3295 6195 6202 3299)
4(3295 3297 6197 6195)
4(6195 6199 6203 6202)
4(6195 6197 6201 6199)
4(307 4587 4588 308)
4(317 320 321 318)
4(311 315 320 317)
4(306 308 315 311)
4(6046 311 317 302)
4(6039 306 311 6046)
4(302 317 318 303)
4(305 307 308 306)
4(6038 305 306 6039)
4(299 302 303 300)
4(6042 6046 302 299)
4(6037 6039 6046 6042)
4(4964 6042 299 4969)
4(4957 6037 6042 4964)
4(4969 299 300 4970)
4(6036 6038 6039 6037)
4(4956 6036 6037 4957)
4(1964 4948 4949 1965)
4(4948 4951 4952 4949)
4(4951 4966 4967 4952)
4(4966 4969 4970 4967)
4(4960 4964 4969 4966)
4(4955 4957 4964 4960)
4(4946 4960 4966 4951)
4(4939 4955 4960 4946)
4(4938 4954 4955 4939)
4(4954 4956 4957 4955)
4(4942 4946 4951 4948)
4(4937 4939 4946 4942)
4(1959 4942 4948 1964)
4(1952 4937 4942 1959)
4(1951 4936 4937 1952)
4(4936 4938 4939 4937)
4(1367 1369 1370 1368)
4(738 742 1369 1367)
4(1365 1367 1368 1366)
4(731 735 742 738)
4(718 738 1367 1365)
4(711 731 738 718)
4(1363 1365 1366 1364)
4(714 718 1365 1363)
4(257 1363 1364 258)
4(707 711 718 714)
4(6034 714 1363 257)
4(6027 707 714 6034)
4(2474 2477 2484 2480)
4(2480 2484 2485 2481)
4(2470 2480 2481 2471)
4(2463 2474 2480 2470)
4(3048 3052 3053 3049)
4(2467 2471 3052 3048)
4(5455 2467 3048 6005)
4(6005 3048 3049 6006)
4(5454 2466 2467 5455)
4(2466 2470 2471 2467)
4(2462 2473 2474 2463)
4(2461 2472 2473 2462)
4(254 256 2472 2461)
4(256 258 2475 2472)
4(2460 2463 2470 2466)
4(5447 2460 2466 5454)
4(6009 6013 6014 6010)
4(6002 6006 6013 6009)
4(5990 6002 6009 5997)
4(5997 6009 6010 5998)
4(5989 6001 6002 5990)
4(6001 6005 6006 6002)
4(5451 5455 6005 6001)
4(5441 5451 6001 5989)
4(5993 5997 5998 5994)
4(5986 5990 5997 5993)
4(4512 5986 5993 4914)
4(4914 5993 5994 4915)
4(4511 5985 5986 4512)
4(5985 5989 5990 5986)
4(5437 5441 5989 5985)
4(4488 5437 5985 4511)
4(4515 4914 4915 4516)
4(4508 4512 4914 4515)
4(4496 4508 4515 4503)
4(4503 4515 4516 4504)
4(4495 4507 4508 4496)
4(4507 4511 4512 4508)
4(4484 4488 4511 4507)
4(4474 4484 4507 4495)
4(4499 4503 4504 4500)
4(4492 4496 4503 4499)
4(199 4492 4499 206)
4(206 4499 4500 207)
4(198 4491 4492 199)
4(4491 4495 4496 4492)
4(4470 4474 4495 4491)
4(5952 4470 4491 198)
4(730 734 735 731)
4(710 730 731 711)
4(706 710 711 707)
4(6026 706 707 6027)
4(6024 704 706 6026)
4(704 708 710 706)
4(708 728 730 710)
4(728 732 734 730)
4(694 695 732 728)
4(284 693 695 694)
4(274 694 728 708)
4(272 284 694 274)
4(273 274 708 704)
4(268 272 274 273)
4(2458 2461 2462 2459)
4(2459 2462 2463 2460)
4(5446 2459 2460 5447)
4(5445 2458 2459 5446)
4(3578 252 2458 5445)
4(252 254 2461 2458)
4(255 257 258 256)
4(6030 6034 257 255)
4(6023 6027 6034 6030)
4(5510 6030 255 253)
4(5503 6023 6030 5510)
4(253 255 256 254)
4(251 253 254 252)
4(5506 5510 253 251)
4(5499 5503 5510 5506)
4(3044 5506 251 3577)
4(3037 5499 5506 3044)
4(3577 251 252 3578)
4(3575 3577 3578 3576)
4(3040 3044 3577 3575)
4(5444 5447 5454 5450)
4(5450 5454 5455 5451)
4(5440 5450 5451 5441)
4(5433 5444 5450 5440)
4(3574 3576 5442 5431)
4(3576 3578 5445 5442)
4(5443 5446 5447 5444)
4(5442 5445 5446 5443)
4(5432 5443 5444 5433)
4(5436 5440 5441 5437)
4(5430 5433 5440 5436)
4(4480 5430 5436 4487)
4(4487 5436 5437 4488)
4(4479 5429 5430 4480)
4(5429 5432 5433 5430)
4(5431 5442 5443 5432)
4(5428 5431 5432 5429)
4(4478 5428 5429 4479)
4(1906 3572 5428 4478)
4(3572 3574 5431 5428)
4(5487 273 704 6024)
4(5485 268 273 5487)
4(6022 6026 6027 6023)
4(5502 6022 6023 5503)
4(5498 5502 5503 5499)
4(3036 5498 5499 3037)
4(3034 5496 5498 3036)
4(5496 5500 5502 5498)
4(5500 6020 6022 5502)
4(6020 6024 6026 6022)
4(3033 3037 3044 3040)
4(3032 3036 3037 3033)
4(3573 3575 3576 3574)
4(3020 3040 3575 3573)
4(2445 3033 3040 3020)
4(2444 3032 3033 2445)
4(2440 2444 2445 2441)
4(1905 3571 3572 1906)
4(3571 3573 3574 3572)
4(2448 3020 3573 3571)
4(2441 2445 3020 2448)
4(1361 2448 3571 1905)
4(1354 2441 2448 1361)
4(1353 2440 2441 1354)
4(1351 2438 2440 1353)
4(2438 2442 2444 2440)
4(2442 3030 3032 2444)
4(3030 3034 3036 3032)
4(2428 2429 3034 3030)
4(2429 5470 5496 3034)
4(5470 5471 5500 5496)
4(5471 5486 6020 5500)
4(5486 5487 6024 6020)
4(5481 5485 5487 5486)
4(5469 5481 5486 5471)
4(283 692 693 284)
4(277 280 692 283)
4(264 277 283 271)
4(271 283 284 272)
4(263 276 277 264)
4(276 279 280 277)
4(262 275 276 263)
4(1297 1305 275 262)
4(275 278 279 276)
4(1305 1309 278 275)
4(747 762 338 330)
4(744 747 330 326)
4(1874 744 326 1309)
4(5655 5659 6200 6196)
4(6196 6200 6201 6197)
4(3296 6196 6197 3297)
4(3279 5655 6196 3296)
4(1001 1005 1006 1002)
4(994 998 1005 1001)
4(5667 994 1001 5674)
4(5964 5968 997 993)
4(4911 5964 993 5666)
4(5666 993 994 5667)
4(5674 1001 1002 5675)
4(5670 5674 5675 5671)
4(5663 5667 5674 5670)
4(5651 5663 5670 5658)
4(5658 5670 5671 5659)
4(5662 5666 5667 5663)
4(4907 4911 5666 5662)
4(4895 4907 5662 5650)
4(5650 5662 5663 5651)
4(5646 5650 5651 5647)
4(5647 5651 5658 5654)
4(5654 5658 5659 5655)
4(3278 5654 5655 3279)
4(2752 5647 5654 3278)
4(2751 5646 5647 2752)
4(3292 3296 3297 3293)
4(3275 3279 3296 3292)
4(2744 3275 3292 3286)
4(3286 3292 3293 3287)
4(3285 3291 3298 3289)
4(3285 3287 3293 3291)
4(3291 3295 3299 3298)
4(3291 3293 3297 3295)
4(2188 3281 3288 2192)
4(2188 2190 3283 3281)
4(3281 3285 3289 3288)
4(3281 3283 3287 3285)
4(5963 5967 5968 5964)
4(5967 202 203 5968)
4(202 206 207 203)
4(195 199 206 202)
4(5960 195 202 5967)
4(3274 3278 3279 3275)
4(2748 2752 3278 3274)
4(2736 2748 3274 2743)
4(2743 3274 3275 2744)
4(2740 2744 3286 3282)
4(3282 3286 3287 3283)
4(2189 3282 3283 2190)
4(1602 2740 3282 2189)
4(2185 2189 2190 2186)
4(2184 2186 2190 2188)
4(1598 1602 2189 2185)
4(1586 1598 2185 1609)
4(1609 2185 2186 1610)
4(1608 1610 2186 2184)
4(1608 2184 2191 1612)
4(2184 2188 2192 2191)
4(3267 1604 1611 3271)
4(3267 3269 1606 1604)
4(1604 1608 1612 1611)
4(1604 1606 1610 1608)
4(2735 2747 2748 2736)
4(2747 2751 2752 2748)
4(1800 4891 5646 2751)
4(4891 4895 5650 5646)
4(1796 1800 2751 2747)
4(1784 1796 2747 2735)
4(1780 1784 2735 2731)
4(2732 2736 2743 2739)
4(2739 2743 2744 2740)
4(1601 2739 2740 1602)
4(1594 2732 2739 1601)
4(1593 2731 2732 1594)
4(2731 2735 2736 2732)
4(636 1780 2731 1593)
4(1582 1586 1609 1605)
4(1605 1609 1610 1606)
4(3268 1605 1606 3269)
4(2704 1582 1605 3268)
4(1590 1594 1601 1597)
4(1597 1601 1602 1598)
4(1585 1597 1598 1586)
4(1578 1590 1597 1585)
4(632 636 1593 1589)
4(1589 1593 1594 1590)
4(1577 1589 1590 1578)
4(191 632 1589 1577)
4(5465 5469 5471 5470)
4(2427 5465 5470 2429)
4(2426 5464 5465 2427)
4(5464 5468 5469 5465)
4(5468 5480 5481 5469)
4(5480 5484 5485 5481)
4(5484 267 268 5485)
4(267 271 272 268)
4(261 264 271 267)
4(5477 261 267 5484)
4(5474 5477 5484 5480)
4(5461 5474 5480 5468)
4(5458 5461 5468 5464)
4(2419 5458 5464 2426)
4(2423 2427 2429 2428)
4(2422 2426 2427 2423)
4(2413 2428 3030 2442)
4(2411 2423 2428 2413)
4(2412 2413 2442 2438)
4(2407 2411 2413 2412)
4(4475 4478 4479 4476)
4(4476 4479 4480 4477)
4(4483 4487 4488 4484)
4(4477 4480 4487 4483)
4(3990 4477 4483 4473)
4(4473 4483 4484 4474)
4(3989 4476 4477 3990)
4(3988 4475 4476 3989)
4(1902 1904 4475 3988)
4(1904 1906 4478 4475)
4(3985 3988 3989 3986)
4(3986 3989 3990 3987)
4(4469 4473 4474 4470)
4(3987 3990 4473 4469)
4(5944 3987 4469 5951)
4(5951 4469 4470 5952)
4(5948 5952 198 194)
4(5959 194 195 5960)
4(194 198 199 195)
4(5938 5948 194 5959)
4(5934 5938 5959 5955)
4(5955 5959 5960 5956)
4(5956 5960 5967 5963)
4(4903 5956 5963 4910)
4(4910 5963 5964 4911)
4(4902 5955 5956 4903)
4(4879 5934 5955 4902)
4(5943 3986 3987 5944)
4(5942 3985 3986 5943)
4(3936 1900 3985 5942)
4(1900 1902 3988 3985)
4(5939 5942 5943 5940)
4(5940 5943 5944 5941)
4(5947 5951 5952 5948)
4(5941 5944 5951 5947)
4(5930 5941 5947 5937)
4(5937 5947 5948 5938)
4(5929 5940 5941 5930)
4(5928 5939 5940 5929)
4(3528 3934 5939 5928)
4(3934 3936 5942 5939)
4(5925 5928 5929 5926)
4(5926 5929 5930 5927)
4(5933 5937 5938 5934)
4(5927 5930 5937 5933)
4(4462 5927 5933 4878)
4(4878 5933 5934 4879)
4(4461 5926 5927 4462)
4(4460 5925 5926 4461)
4(2350 3526 5925 4460)
4(3526 3528 5928 5925)
4(4898 4902 4903 4899)
4(4906 4910 4911 4907)
4(4899 4903 4910 4906)
4(4887 4899 4906 4894)
4(4894 4906 4907 4895)
4(4886 4898 4899 4887)
4(4466 4879 4902 4898)
4(4456 4466 4898 4886)
4(4882 4886 4887 4883)
4(2716 3267 3271 3270)
4(2716 3265 3269 3267)
4(1944 1947 1948 1945)
4(764 1944 1945 765)
4(761 764 765 762)
4(746 761 762 747)
4(298 746 747 744)
4(1873 298 744 1874)
4(1856 1871 1305 1297)
4(1855 1870 1871 1856)
4(1871 1874 1309 1305)
4(1870 1873 1874 1871)
4(260 263 264 261)
4(259 262 263 260)
4(5476 260 261 5477)
4(5475 259 260 5476)
4(1293 1297 262 259)
4(1853 1856 1297 1293)
4(1961 1964 1965 1962)
4(1955 1959 1964 1961)
4(1950 1952 1959 1955)
4(1941 1955 1961 1946)
4(1934 1950 1955 1941)
4(1946 1961 1962 1947)
4(1949 1951 1952 1950)
4(1933 1949 1950 1934)
4(1937 1941 1946 1943)
4(1932 1934 1941 1937)
4(1943 1946 1947 1944)
4(763 1943 1944 764)
4(758 1937 1943 763)
4(751 1932 1937 758)
4(1931 1933 1934 1932)
4(750 1931 1932 751)
4(3935 1899 1900 3936)
4(1899 1901 1902 1900)
4(1901 1903 1904 1902)
4(1903 1905 1906 1904)
4(1357 1361 1905 1903)
4(1350 1354 1361 1357)
4(1337 1357 1903 1901)
4(1330 1350 1357 1337)
4(5473 5476 5477 5474)
4(5472 5475 5476 5473)
4(5460 5473 5474 5461)
4(5459 5472 5473 5460)
4(5977 243 5472 5459)
4(243 247 5475 5472)
4(247 1293 259 5475)
4(659 1853 1293 247)
4(658 1852 1853 659)
4(1852 1855 1856 1853)
4(1851 1854 1855 1852)
4(1854 1869 1870 1855)
4(1869 1872 1873 1870)
4(1872 297 298 1873)
4(297 745 746 298)
4(745 760 761 746)
4(760 763 764 761)
4(754 758 763 760)
4(749 751 758 754)
4(295 754 760 745)
4(288 749 754 295)
4(291 295 745 297)
4(286 288 295 291)
4(1867 291 297 1872)
4(1860 286 291 1867)
4(1863 1867 1872 1869)
4(1858 1860 1867 1863)
4(1849 1863 1869 1854)
4(1842 1858 1863 1849)
4(748 750 751 749)
4(287 748 749 288)
4(285 287 288 286)
4(1859 285 286 1860)
4(240 659 247 243)
4(225 240 243 5977)
4(5973 5977 5459 5456)
4(222 225 5977 5973)
4(2418 5457 5458 2419)
4(2417 5456 5457 2418)
4(5457 5460 5461 5458)
4(5456 5459 5460 5457)
4(2416 2419 2426 2422)
4(2415 2418 2419 2416)
4(2410 2422 2423 2411)
4(2403 2416 2422 2410)
4(1845 1849 1854 1851)
4(1288 1842 1849 1845)
4(657 1851 1852 658)
4(236 1845 1851 657)
4(229 1288 1845 236)
4(3567 5973 5456 2417)
4(3962 222 5973 3567)
4(239 658 659 240)
4(224 239 240 225)
4(221 224 225 222)
4(3961 221 222 3962)
4(1574 1578 1585 1581)
4(1581 1585 1586 1582)
4(2703 1581 1582 2704)
4(2696 1574 1581 2703)
4(2700 2704 3268 3264)
4(3264 3268 3269 3265)
4(2711 3264 3265 2712)
4(2688 2700 3264 2711)
4(2684 2688 2711 2707)
4(2707 2711 2712 2708)
4(1562 2707 2708 1563)
4(967 2684 2707 1562)
4(2710 2712 3265 2716)
4(2710 2716 3270 2714)
4(2706 2710 2714 2713)
4(2706 2708 2712 2710)
4(1561 2706 2713 1565)
4(1561 1563 2708 2706)
4(2699 2703 2704 2700)
4(2695 1573 1574 2696)
4(1573 1577 1578 1574)
4(187 191 1577 1573)
4(1747 187 1573 2695)
4(2691 2695 2696 2692)
4(1743 1747 2695 2691)
4(1213 1743 2691 2679)
4(4883 4887 4894 4890)
4(4890 4894 4895 4891)
4(1799 4890 4891 1800)
4(1792 4883 4890 1799)
4(4452 4456 4886 4882)
4(1768 4452 4882 1791)
4(1791 4882 4883 1792)
4(1795 1799 1800 1796)
4(1788 1792 1799 1795)
4(1776 1788 1795 1783)
4(1783 1795 1796 1784)
4(1767 4451 4452 1768)
4(4451 4455 4456 4452)
4(4455 4465 4466 4456)
4(4465 4878 4879 4466)
4(4459 4462 4878 4465)
4(4448 4459 4465 4455)
4(4445 4448 4455 4451)
4(1760 4445 4451 1767)
4(1763 1767 1768 1764)
4(1764 1768 1791 1787)
4(1787 1791 1792 1788)
4(1775 1787 1788 1776)
4(1239 1764 1787 1775)
4(1771 1775 1776 1772)
4(1349 1353 1354 1350)
4(1329 1349 1350 1330)
4(1333 1337 1901 1899)
4(1326 1330 1337 1333)
4(3004 1333 1899 3935)
4(2997 1326 1333 3004)
4(3527 3933 3934 3528)
4(3933 3935 3936 3934)
4(3000 3004 3935 3933)
4(2993 2997 3004 3000)
4(2980 3000 3933 3527)
4(2973 2993 3000 2980)
4(1325 1329 1330 1326)
4(2996 1325 1326 2997)
4(2994 1323 1325 2996)
4(1323 1327 1329 1325)
4(1327 1347 1349 1329)
4(1347 1351 1353 1349)
4(1314 2412 2438 1351)
4(689 2407 2412 1314)
4(2400 2403 2410 2406)
4(2406 2410 2411 2407)
4(688 2406 2407 689)
4(681 2400 2406 688)
4(2414 2417 2418 2415)
4(3563 3567 2417 2414)
4(2402 2415 2416 2403)
4(2399 2402 2403 2400)
4(680 2399 2400 681)
4(684 688 689 685)
4(685 689 1314 1313)
4(675 1313 1347 1327)
4(1313 1314 1351 1347)
4(673 685 1313 675)
4(674 675 1327 1323)
4(669 673 675 674)
4(2957 674 1323 2994)
4(2955 669 674 2957)
4(1779 1783 1784 1780)
4(1772 1776 1783 1779)
4(628 1772 1779 635)
4(635 1779 1780 636)
4(631 635 636 632)
4(624 628 635 631)
4(183 624 631 190)
4(190 631 632 191)
4(186 190 191 187)
4(179 183 190 186)
4(1739 179 186 1746)
4(1746 186 187 1747)
4(2348 2350 4460 4457)
4(2346 2348 4457 4446)
4(4447 4458 4459 4448)
4(4446 4457 4458 4447)
4(4458 4461 4462 4459)
4(4457 4460 4461 4458)
4(4444 4447 4448 4445)
4(1759 4444 4445 1760)
4(1758 4443 4444 1759)
4(4443 4446 4447 4444)
4(1235 1239 1775 1771)
4(175 1235 1771 627)
4(627 1771 1772 628)
4(1242 1760 1767 1763)
4(1241 1759 1760 1242)
4(1238 1763 1764 1239)
4(1231 1242 1763 1238)
4(5384 2344 4443 1758)
4(2344 2346 4446 4443)
4(672 684 685 673)
4(665 678 684 672)
4(678 681 688 684)
4(662 665 672 668)
4(668 672 673 669)
4(2954 668 669 2955)
4(2947 662 668 2954)
4(2398 2401 2402 2399)
4(2401 2414 2415 2402)
4(3014 3563 2414 2401)
4(3546 3959 3563 3014)
4(3959 3962 3567 3563)
4(1895 3010 2398 679)
4(2397 3543 3010 1895)
4(3010 3014 2401 2398)
4(3543 3546 3014 3010)
4(679 2398 2399 680)
4(677 680 681 678)
4(676 679 680 677)
4(664 677 678 665)
4(663 676 677 664)
4(1883 1891 676 663)
4(1891 1895 679 676)
4(2394 2397 1895 1891)
4(2379 2394 1891 1883)
4(1879 1883 663 660)
4(2376 2379 1883 1879)
4(660 663 664 661)
4(661 664 665 662)
4(2946 661 662 2947)
4(2950 2954 2955 2951)
4(2951 2955 2957 2956)
4(2992 2996 2997 2993)
4(2972 2992 2993 2973)
4(2968 2972 2973 2969)
4(2349 3525 3526 2350)
4(3525 3527 3528 3526)
4(2976 2980 3527 3525)
4(2969 2973 2980 2976)
4(1835 2976 3525 2349)
4(1828 2969 2976 1835)
4(1827 2968 2969 1828)
4(1825 2966 2968 1827)
4(2966 2970 2972 2968)
4(2970 2990 2992 2972)
4(2990 2994 2996 2992)
4(2956 2957 2994 2990)
4(2941 2956 2990 2970)
4(2364 2951 2956 2941)
4(2365 2941 2970 2966)
4(2360 2364 2941 2365)
4(1274 2365 2966 1825)
4(1272 2360 2365 1274)
4(2347 2349 2350 2348)
4(1831 1835 2349 2347)
4(2345 2347 2348 2346)
4(1824 1828 1835 1831)
4(1811 1831 2347 2345)
4(1804 1824 1831 1811)
4(2343 2345 2346 2344)
4(1807 1811 2345 2343)
4(5383 2343 2344 5384)
4(1286 1804 1811 1807)
4(4874 1807 2343 5383)
4(4867 1286 1807 4874)
4(1230 1241 1242 1231)
4(1240 1758 1759 1241)
4(5382 5384 1758 1240)
4(5380 5382 1240 1229)
4(1229 1240 1241 1230)
4(1823 1827 1828 1824)
4(1821 1825 1827 1823)
4(1803 1823 1824 1804)
4(1285 1803 1804 1286)
4(238 657 658 239)
4(232 236 657 238)
4(227 229 236 232)
4(218 232 238 223)
4(211 227 232 218)
4(223 238 239 224)
4(1857 1859 1860 1858)
4(1841 1857 1858 1842)
4(1287 1841 1842 1288)
4(228 1287 1288 229)
4(1551 1557 1564 1555)
4(1551 1553 1559 1557)
4(1557 1561 1565 1564)
4(1557 1559 1563 1561)
4(4671 1547 1554 4676)
4(4671 4673 1549 1547)
4(1547 1551 1555 1554)
4(1547 1549 1553 1551)
4(4675 4677 923 424)
4(6191 424 923 6193)
4(1558 1562 1563 1559)
4(963 967 1562 1558)
4(951 963 1558 1552)
4(1552 1558 1559 1553)
4(1548 1552 1553 1549)
4(947 951 1552 1548)
4(4653 947 1548 4672)
4(4672 1548 1549 4673)
4(4674 4676 4677 4675)
4(3725 4663 422 5631)
4(4663 4665 423 422)
4(4665 4675 424 423)
4(6189 423 424 6191)
4(6187 422 423 6189)
4(5092 5631 422 6187)
4(3257 3723 5630 5629)
4(3723 3725 5631 5630)
4(5090 5630 5631 5092)
4(5088 5629 5630 5090)
4(5085 5627 5628 5086)
4(5086 5628 5629 5088)
4(2687 2699 2700 2688)
4(2692 2696 2703 2699)
4(2680 2692 2699 2687)
4(2679 2691 2692 2680)
4(1209 1213 2679 2675)
4(2675 2679 2680 2676)
4(2676 2680 2687 2683)
4(2683 2687 2688 2684)
4(966 2683 2684 967)
4(959 2676 2683 966)
4(958 2675 2676 959)
4(141 1209 2675 958)
4(954 958 959 955)
4(137 141 958 954)
4(125 137 954 942)
4(942 954 955 943)
4(943 955 962 950)
4(955 959 966 962)
4(962 966 967 963)
4(950 962 963 951)
4(938 942 943 939)
4(939 943 950 946)
4(946 950 951 947)
4(4652 946 947 4653)
4(4231 939 946 4652)
4(4230 938 939 4231)
4(4668 4672 4673 4669)
4(4235 4653 4672 4668)
4(4223 4235 4668 4660)
4(4660 4668 4669 4661)
4(4659 4661 4669 4667)
4(4667 4669 4673 4671)
4(4667 4671 4676 4674)
4(4659 4667 4674 4664)
4(4664 4674 4675 4665)
4(3720 4656 4657 3721)
4(4656 4660 4661 4657)
4(4219 4223 4660 4656)
4(3245 4219 4656 3720)
4(3256 3722 3723 3257)
4(3722 3724 3725 3723)
4(3724 4662 4663 3725)
4(4662 4664 4665 4663)
4(4655 4659 4664 4662)
4(4655 4657 4661 4659)
4(3263 4655 4662 3724)
4(3263 3721 4657 4655)
4(3244 4218 4219 3245)
4(4218 4222 4223 4219)
4(4222 4234 4235 4223)
4(4234 4652 4653 4235)
4(121 125 942 938)
4(3406 121 938 4230)
4(4227 4231 4652 4234)
4(4215 4227 4234 4222)
4(4214 4226 4227 4215)
4(4226 4230 4231 4227)
4(3402 3406 4230 4226)
4(3386 3390 4214 4210)
4(3390 3402 4226 4214)
4(3259 3263 3724 3722)
4(3259 3261 3721 3263)
4(3251 3259 3722 3256)
4(3251 3253 3261 3259)
4(3254 3256 3257 3255)
4(3711 3255 5628 5627)
4(3255 3257 5629 5628)
4(5083 5626 5627 5085)
4(3709 3711 5627 5626)
4(3215 3709 5626 5625)
4(5081 5625 5626 5083)
4(3213 3215 5625 5624)
4(5079 5624 5625 5081)
4(2153 3213 5624 4651)
4(3719 4651 5624 5079)
4(3717 4650 4651 3719)
4(2141 2151 4650 4183)
4(2151 2153 4651 4650)
4(3715 4183 4650 3717)
4(3236 4210 4211 3237)
4(4210 4214 4215 4211)
4(4211 4215 4222 4218)
4(3237 4211 4218 3244)
4(3545 3958 3959 3546)
4(3958 3961 3962 3959)
4(3542 3545 3546 3543)
4(2396 3542 3543 2397)
4(2393 2396 2397 2394)
4(2378 2393 2394 2379)
4(2375 2378 2379 2376)
4(2945 660 661 2946)
4(3457 1879 660 2945)
4(2943 2946 2947 2944)
4(2942 2945 2946 2943)
4(2944 2947 2954 2950)
4(2356 2944 2950 2363)
4(2363 2950 2951 2364)
4(2353 2356 2363 2359)
4(2359 2363 2364 2360)
4(1271 2359 2360 1272)
4(1264 2353 2359 1271)
4(1273 1274 1825 1821)
4(1268 1272 1274 1273)
4(1258 1273 1821 1801)
4(1256 1268 1273 1258)
4(1801 1821 1823 1803)
4(1283 1801 1803 1285)
4(1257 1258 1801 1283)
4(1252 1256 1258 1257)
4(4866 1285 1286 4867)
4(4864 1283 1285 4866)
4(4423 1257 1283 4864)
4(4421 1252 1257 4423)
4(2355 2943 2944 2356)
4(2352 2355 2356 2353)
4(1263 2352 2353 1264)
4(1267 1271 1272 1268)
4(1261 1264 1271 1267)
4(1248 1261 1267 1255)
4(1255 1267 1268 1256)
4(3247 3251 3256 3254)
4(3247 3249 3253 3251)
4(3705 3247 3254 3710)
4(3705 3707 3249 3247)
4(3710 3254 3255 3711)
4(3214 3708 3709 3215)
4(3708 3710 3711 3709)
4(3701 3705 3710 3708)
4(3701 3703 3707 3705)
4(3260 3720 3721 3261)
4(3241 3245 3720 3260)
4(3252 3260 3261 3253)
4(3229 3241 3260 3252)
4(3248 3252 3253 3249)
4(3225 3229 3252 3248)
4(3203 3225 3248 3706)
4(3706 3248 3249 3707)
4(3240 3244 3245 3241)
4(3233 3237 3244 3240)
4(3221 3233 3240 3228)
4(3228 3240 3241 3229)
4(3232 3236 3237 3233)
4(2282 3386 4210 3236)
4(2278 2282 3236 3232)
4(3220 3232 3233 3221)
4(1729 2278 3232 3220)
4(3209 3701 3708 3214)
4(3209 3211 3703 3701)
4(3210 3702 3703 3211)
4(3702 3706 3707 3703)
4(3199 3203 3706 3702)
4(3187 3199 3702 3210)
4(3206 3210 3211 3207)
4(3183 3187 3210 3206)
4(2129 3183 3206 2148)
4(2148 3206 3207 2149)
4(2147 2149 3207 3205)
4(3205 3207 3211 3209)
4(3205 3209 3214 3212)
4(3212 3214 3215 3213)
4(2147 3205 3212 2152)
4(2152 3212 3213 2153)
4(2139 2141 4183 4182)
4(3713 4182 4183 3715)
4(2607 2139 4182 3699)
4(3159 3699 4182 3713)
4(2606 2138 2139 2607)
4(2138 2140 2141 2139)
4(2140 2150 2151 2141)
4(2150 2152 2153 2151)
4(2135 2143 2150 2140)
4(2135 2137 2145 2143)
4(2143 2147 2152 2150)
4(2143 2145 2149 2147)
4(3198 3202 3203 3199)
4(3202 3224 3225 3203)
4(3224 3228 3229 3225)
4(3217 3221 3228 3224)
4(3195 3217 3224 3202)
4(3216 3220 3221 3217)
4(1725 1729 3220 3216)
4(3799 1725 3216 3194)
4(3194 3216 3217 3195)
4(3191 3195 3202 3198)
4(3179 3191 3198 3186)
4(3186 3198 3199 3187)
4(1226 1229 1230 1227)
4(1227 1230 1231 1228)
4(1234 1238 1239 1235)
4(1228 1231 1238 1234)
4(167 1228 1234 174)
4(174 1234 1235 175)
4(166 1227 1228 167)
4(165 1226 1227 166)
4(4391 5378 1226 165)
4(5378 5380 1229 1226)
4(171 175 627 623)
4(161 171 623 182)
4(182 623 624 183)
4(623 627 628 624)
4(157 161 182 178)
4(1197 157 178 1738)
4(1738 178 179 1739)
4(178 182 183 179)
4(170 174 175 171)
4(164 167 174 170)
4(153 164 170 160)
4(160 170 171 161)
4(152 163 164 153)
4(163 166 167 164)
4(151 162 163 152)
4(162 165 166 163)
4(5381 5383 5384 5382)
4(4870 4874 5383 5381)
4(4863 4867 4874 4870)
4(4850 4870 5381 5379)
4(4843 4863 4870 4850)
4(5379 5381 5382 5380)
4(5377 5379 5380 5378)
4(4846 4850 5379 5377)
4(4839 4843 4850 4846)
4(3523 4846 5377 4390)
4(3516 4839 4846 3523)
4(4390 5377 5378 4391)
4(4842 4862 4863 4843)
4(4840 4860 4862 4842)
4(4862 4866 4867 4863)
4(4860 4864 4866 4862)
4(3515 4838 4839 3516)
4(4838 4842 4843 4839)
4(3932 4389 162 151)
4(4389 4391 165 162)
4(3930 3932 151 148)
4(150 153 160 156)
4(156 160 161 157)
4(1196 156 157 1197)
4(1189 150 156 1196)
4(149 152 153 150)
4(148 151 152 149)
4(1188 149 150 1189)
4(1187 148 149 1188)
4(5314 3930 148 1187)
4(1734 1738 1739 1735)
4(1742 1746 1747 1743)
4(1735 1739 1746 1742)
4(1205 1735 1742 1212)
4(1212 1742 1743 1213)
4(1204 1734 1735 1205)
4(1193 1197 1738 1734)
4(1183 1193 1734 1204)
4(1200 1204 1205 1201)
4(1208 1212 1213 1209)
4(1201 1205 1212 1208)
4(133 1201 1208 140)
4(140 1208 1209 141)
4(132 1200 1201 133)
4(1179 1183 1204 1200)
4(5877 1179 1200 132)
4(1192 1196 1197 1193)
4(4388 4390 4391 4389)
4(3519 3523 4390 4388)
4(3512 3516 3523 3519)
4(3499 3519 4388 3931)
4(3492 3512 3519 3499)
4(3931 4388 4389 3932)
4(3929 3931 3932 3930)
4(3495 3499 3931 3929)
4(5313 3929 3930 5314)
4(3488 3492 3499 3495)
4(4350 3495 3929 5313)
4(4343 3488 3495 4350)
4(4422 4423 4864 4860)
4(4417 4421 4423 4422)
4(4407 4422 4860 4840)
4(4405 4417 4422 4407)
4(226 228 229 227)
4(210 226 227 211)
4(214 218 223 220)
4(209 211 218 214)
4(220 223 224 221)
4(3960 220 221 3961)
4(3557 214 220 3960)
4(3550 209 214 3557)
4(3904 2376 1879 3457)
4(3903 2375 2376 3904)
4(208 210 211 209)
4(3549 208 209 3550)
4(3553 3557 3960 3957)
4(3548 3550 3557 3553)
4(3957 3960 3961 3958)
4(3544 3957 3958 3545)
4(3539 3553 3957 3544)
4(3532 3548 3553 3539)
4(3547 3549 3550 3548)
4(3531 3547 3548 3532)
4(3541 3544 3545 3542)
4(3535 3539 3544 3541)
4(3530 3532 3539 3535)
4(2390 3535 3541 2395)
4(2383 3530 3535 2390)
4(2395 3541 3542 2396)
4(2382 3529 3530 2383)
4(3529 3531 3532 3530)
4(1251 1255 1256 1252)
4(1245 1248 1255 1251)
4(4413 1245 1251 4420)
4(4420 1251 1252 4421)
4(4416 4420 4421 4417)
4(4410 4413 4420 4416)
4(4397 4410 4416 4404)
4(4404 4416 4417 4405)
4(4836 4840 4842 4838)
4(4406 4407 4840 4836)
4(3513 4836 4838 3515)
4(3476 4406 4836 3513)
4(3474 4401 4406 3476)
4(4401 4405 4407 4406)
4(3491 3511 3512 3492)
4(3489 3509 3511 3491)
4(3511 3515 3516 3512)
4(3509 3513 3515 3511)
4(3487 3491 3492 3488)
4(4342 3487 3488 4343)
4(2392 2395 2396 2393)
4(2386 2390 2395 2392)
4(2381 2383 2390 2386)
4(2372 2386 2392 2377)
4(1840 2381 2386 2372)
4(2377 2392 2393 2378)
4(2374 2377 2378 2375)
4(2368 2372 2377 2374)
4(1838 1840 2372 2368)
4(3897 2368 2374 3902)
4(3890 1838 2368 3897)
4(3902 2374 2375 3903)
4(3900 3903 3904 3901)
4(3899 3902 3903 3900)
4(3453 3457 2945 2942)
4(3901 3904 3457 3453)
4(2354 2942 2943 2355)
4(3445 3453 2942 2354)
4(3886 3901 3453 3445)
4(3441 3445 2354 2351)
4(3883 3886 3445 3441)
4(2351 2354 2355 2352)
4(1262 2351 2352 1263)
4(2339 3441 2351 1262)
4(2924 3883 3441 2339)
4(2921 2924 2339 2335)
4(2335 2339 1262 1259)
4(1247 1260 1261 1248)
4(1246 1259 1260 1247)
4(1260 1263 1264 1261)
4(1259 1262 1263 1260)
4(1244 1247 1248 1245)
4(3885 3900 3901 3886)
4(3882 3885 3886 3883)
4(2923 3882 3883 2924)
4(2920 2923 2924 2921)
4(1756 2335 1259 1246)
4(2320 2921 2335 1756)
4(1752 1756 1246 1243)
4(2317 2320 1756 1752)
4(4412 1244 1245 4413)
4(4411 1243 1244 4412)
4(1243 1246 1247 1244)
4(4409 4412 4413 4410)
4(4396 4409 4410 4397)
4(4400 4404 4405 4401)
4(4394 4397 4404 4400)
4(3466 4394 4400 3473)
4(3473 4400 4401 3474)
4(3475 3476 3513 3509)
4(3470 3474 3476 3475)
4(2940 3475 3509 3489)
4(2938 3470 3475 2940)
4(3485 3489 3491 3487)
4(2939 2940 3489 3485)
4(4340 3485 3487 4342)
4(4303 2939 3485 4340)
4(4301 2934 2939 4303)
4(2934 2938 2940 2939)
4(4300 2933 2934 4301)
4(2933 2937 2938 2934)
4(2937 3469 3470 2938)
4(3469 3473 3474 3470)
4(3465 4393 4394 3466)
4(4393 4396 4397 4394)
4(3464 4392 4393 3465)
4(3925 5357 4392 3464)
4(4392 4395 4396 4393)
4(5357 5361 4395 4392)
4(4395 4408 4409 4396)
4(5361 5369 4408 4395)
4(5369 5373 4411 4408)
4(4408 4411 4412 4409)
4(5373 1752 1243 4411)
4(5893 2317 1752 5373)
4(5890 5893 5373 5369)
4(5349 5352 5361 5357)
4(5352 5890 5369 5361)
4(1839 2380 2381 1840)
4(2380 2382 2383 2381)
4(1837 1839 1840 1838)
4(3889 1837 1838 3890)
4(2319 2920 2921 2320)
4(2316 2319 2320 2317)
4(5892 2316 2317 5893)
4(5889 5892 5893 5890)
4(5351 5889 5890 5352)
4(1184 1187 1188 1185)
4(1185 1188 1189 1186)
4(1186 1189 1196 1192)
4(1175 1186 1192 1182)
4(1182 1192 1193 1183)
4(1174 1185 1186 1175)
4(1178 1182 1183 1179)
4(1172 1175 1182 1178)
4(5869 1172 1178 5876)
4(5876 1178 1179 5877)
4(5868 1171 1172 5869)
4(1171 1174 1175 1172)
4(5872 5876 5877 5873)
4(136 140 141 137)
4(129 133 140 136)
4(117 129 136 124)
4(124 136 137 125)
4(116 128 129 117)
4(128 132 133 129)
4(5873 5877 132 128)
4(5863 5873 128 116)
4(112 116 117 113)
4(120 124 125 121)
4(113 117 124 120)
4(3398 113 120 3405)
4(3405 120 121 3406)
4(3397 112 113 3398)
4(5859 5863 116 112)
4(3374 5859 112 3397)
4(3394 3398 3405 3401)
4(3401 3405 3406 3402)
4(3389 3401 3402 3390)
4(3382 3394 3401 3389)
4(5866 5869 5876 5872)
4(5855 5866 5872 5862)
4(5862 5872 5873 5863)
4(5854 5865 5866 5855)
4(5865 5868 5869 5866)
4(5858 5862 5863 5859)
4(5852 5855 5862 5858)
4(2862 5852 5858 3373)
4(3373 5858 5859 3374)
4(2861 5851 5852 2862)
4(5851 5854 5855 5852)
4(3393 3397 3398 3394)
4(3370 3374 3397 3393)
4(2856 3370 3393 3381)
4(3381 3393 3394 3382)
4(3385 3389 3390 3386)
4(3378 3382 3389 3385)
4(2274 3378 3385 2281)
4(2281 3385 3386 2282)
4(2852 2856 3381 3377)
4(3182 3186 3187 3183)
4(3175 3179 3186 3182)
4(1543 3175 3182 2128)
4(2128 3182 3183 2129)
4(2144 2148 2149 2145)
4(2125 2129 2148 2144)
4(1535 2125 2144 2136)
4(2136 2144 2145 2137)
4(1531 1535 2136 2132)
4(2123 1531 2132 2602)
4(2602 2132 2133 2603)
4(2132 2136 2137 2133)
4(2131 2133 2137 2135)
4(2131 2135 2140 2138)
4(2601 2131 2138 2606)
4(2601 2603 2133 2131)
4(3190 3194 3195 3191)
4(3795 3799 3194 3190)
4(3783 3795 3190 3178)
4(3178 3190 3191 3179)
4(3355 3783 3178 3174)
4(3174 3178 3179 3175)
4(1542 3174 3175 1543)
4(2268 3355 3174 1542)
4(3369 3373 3374 3370)
4(2859 2862 3373 3369)
4(2848 2859 3369 2855)
4(2855 3369 3370 2856)
4(2847 2858 2859 2848)
4(2858 2861 2862 2859)
4(2851 2855 2856 2852)
4(2845 2848 2855 2851)
4(1705 2845 2851 1712)
4(2273 3377 3378 2274)
4(3377 3381 3382 3378)
4(1713 2852 3377 2273)
4(1712 2851 2852 1713)
4(1704 2844 2845 1705)
4(2844 2847 2848 2845)
4(4832 5314 1187 1184)
4(4830 4832 1184 1173)
4(1173 1184 1185 1174)
4(4828 4830 1173 1170)
4(3850 4828 1170 5867)
4(5867 1170 1171 5868)
4(1170 1173 1174 1171)
4(5864 5867 5868 5865)
4(5853 5864 5865 5854)
4(3846 3848 5864 5853)
4(3848 3850 5867 5864)
4(5850 5853 5854 5851)
4(2860 5850 5851 2861)
4(588 3844 5850 2860)
4(3844 3846 5853 5850)
4(4831 5313 5314 4832)
4(4346 4350 5313 4831)
4(4829 4831 4832 4830)
4(4339 4343 4350 4346)
4(4326 4346 4831 4829)
4(4319 4339 4346 4326)
4(4827 4829 4830 4828)
4(4322 4326 4829 4827)
4(3849 4827 4828 3850)
4(4315 4319 4326 4322)
4(3435 4322 4827 3849)
4(3428 4315 4322 3435)
4(4338 4342 4343 4339)
4(4336 4340 4342 4338)
4(4318 4338 4339 4319)
4(4314 4318 4319 4315)
4(3427 4314 4315 3428)
4(3425 4312 4314 3427)
4(4312 4316 4318 4314)
4(4316 4336 4338 4318)
4(3866 4302 4336 4316)
4(4302 4303 4340 4336)
4(4297 4301 4303 4302)
4(3864 4297 4302 3866)
4(3847 3849 3850 3848)
4(3431 3435 3849 3847)
4(3845 3847 3848 3846)
4(3424 3428 3435 3431)
4(3411 3431 3847 3845)
4(2912 3424 3431 3411)
4(3843 3845 3846 3844)
4(3407 3411 3845 3843)
4(587 3843 3844 588)
4(2908 2912 3411 3407)
4(108 3407 3843 587)
4(101 2908 3407 108)
4(3865 3866 4316 4312)
4(3860 3864 3866 3865)
4(2896 3865 4312 3425)
4(2894 3860 3865 2896)
4(3463 3466 3473 3469)
4(3462 3465 3466 3463)
4(2930 3463 3469 2937)
4(2927 2930 2937 2933)
4(4293 2927 2933 4300)
4(4296 4300 4301 4297)
4(4290 4293 4300 4296)
4(3856 4290 4296 3863)
4(3863 4296 4297 3864)
4(3868 4292 4293 4290)
4(4292 2926 2927 4293)
4(2926 2929 2930 2927)
4(2929 3462 3463 2930)
4(2928 3461 3462 2929)
4(3913 3921 3461 2928)
4(3461 3464 3465 3462)
4(3921 3925 3464 3461)
4(4384 4387 3925 3921)
4(4387 5349 5357 3925)
4(3893 3897 3902 3899)
4(3888 3890 3897 3893)
4(3884 3899 3900 3885)
4(3879 3893 3899 3884)
4(3872 3888 3893 3879)
4(3881 3884 3885 3882)
4(3875 3879 3884 3881)
4(3870 3872 3879 3875)
4(2917 3875 3881 2922)
4(2324 3870 3875 2917)
4(2922 3881 3882 2923)
4(3887 3889 3890 3888)
4(3871 3887 3888 3872)
4(3869 3871 3872 3870)
4(2323 3869 3870 2324)
4(2925 2928 2929 2926)
4(3909 3913 2928 2925)
4(4291 2925 2926 4292)
4(4764 3909 2925 4291)
4(3867 4291 4292 3868)
4(3855 3868 4290 3856)
4(3854 3867 3868 3855)
4(4760 4764 4291 3867)
4(5277 5280 4764 4760)
4(5280 4366 3909 4764)
4(4366 4369 3913 3909)
4(4369 4384 3921 3913)
4(3423 3427 3428 3424)
4(2911 3423 3424 2912)
4(2907 2911 2912 2908)
4(100 2907 2908 101)
4(3421 3425 3427 3423)
4(2895 2896 3425 3421)
4(2890 2894 2896 2895)
4(2880 2895 3421 2909)
4(2878 2890 2895 2880)
4(2909 3421 3423 2911)
4(2879 2880 2909 2905)
4(2874 2878 2880 2879)
4(2905 2909 2911 2907)
4(98 2905 2907 100)
4(5827 2879 2905 98)
4(5825 2874 2879 5827)
4(586 588 2860 2857)
4(584 586 2857 2846)
4(2846 2857 2858 2847)
4(2857 2860 2861 2858)
4(582 584 2846 2843)
4(5312 582 2843 1703)
4(1703 2843 2844 1704)
4(2843 2846 2847 2844)
4(585 587 588 586)
4(104 108 587 585)
4(2604 2606 2607 2605)
4(2605 2607 3699 3698)
4(3157 3698 3699 3159)
4(2595 2605 3698 3697)
4(3155 3697 3698 3157)
4(3153 3696 3697 3155)
4(2593 2595 3697 3696)
4(2592 2594 2595 2593)
4(2594 2604 2605 2595)
4(2590 2598 2599 2591)
4(2598 2602 2603 2599)
4(2119 2123 2602 2598)
4(2107 2119 2598 2590)
4(2586 2590 2591 2587)
4(2103 2107 2590 2586)
4(1534 2124 2125 1535)
4(2124 2128 2129 2125)
4(1539 1543 2128 2124)
4(1527 1539 2124 1534)
4(1526 1538 1539 1527)
4(1538 1542 1543 1539)
4(2264 2268 1542 1538)
4(2252 2264 1538 1526)
4(2248 2252 1526 1522)
4(1522 1526 1527 1523)
4(1523 1527 1534 1530)
4(1530 1534 1535 1531)
4(2122 1530 1531 2123)
4(2115 1523 1530 2122)
4(2114 1522 1523 2115)
4(1654 2248 1522 2114)
4(2110 2114 2115 2111)
4(2111 2115 2122 2118)
4(2118 2122 2123 2119)
4(2106 2118 2119 2107)
4(2099 2111 2118 2106)
4(2098 2110 2111 2099)
4(1650 1654 2114 2110)
4(1638 1650 2110 2098)
4(1700 1703 1704 1701)
4(1701 1704 1705 1702)
4(2270 2274 2281 2277)
4(2277 2281 2282 2278)
4(1728 2277 2278 1729)
4(1721 2270 2277 1728)
4(1699 1709 2269 1720)
4(1709 1713 2273 2269)
4(2269 2273 2274 2270)
4(1720 2269 2270 1721)
4(1724 1728 1729 1725)
4(1717 1721 1728 1724)
4(3791 1717 1724 3798)
4(3798 1724 1725 3799)
4(1716 1720 1721 1717)
4(1695 1699 1720 1716)
4(3343 1695 1716 3790)
4(3790 1716 1717 3791)
4(3787 3791 3798 3794)
4(3794 3798 3799 3795)
4(3782 3794 3795 3783)
4(3351 3787 3794 3782)
4(3339 3343 3790 3786)
4(3786 3790 3791 3787)
4(3350 3786 3787 3351)
4(3329 3339 3786 3350)
4(1691 1702 1708 1698)
4(1702 1705 1712 1708)
4(1708 1712 1713 1709)
4(1698 1708 1709 1699)
4(1690 1701 1702 1691)
4(1689 1700 1701 1690)
4(5308 5310 1700 1689)
4(5310 5312 1703 1700)
4(1686 1689 1690 1687)
4(1687 1690 1691 1688)
4(1688 1691 1698 1694)
4(1694 1698 1699 1695)
4(3342 1694 1695 3343)
4(3335 1688 1694 3342)
4(3334 1687 1688 3335)
4(3333 1686 1687 3334)
4(3338 3342 3343 3339)
4(3347 3351 3782 3354)
4(3354 3782 3783 3355)
4(2267 3354 3355 2268)
4(2260 3347 3354 2267)
4(3325 3329 3350 3346)
4(3346 3350 3351 3347)
4(2259 3346 3347 2260)
4(2236 3325 3346 2259)
4(2255 2259 2260 2256)
4(3332 3335 3342 3338)
4(3321 3332 3338 3328)
4(3328 3338 3339 3329)
4(3320 3331 3332 3321)
4(3331 3334 3335 3332)
4(3319 3330 3331 3320)
4(3330 3333 3334 3331)
4(1112 5306 1686 3333)
4(5306 5308 1689 1686)
4(1111 5305 5306 1112)
4(5305 5307 5308 5306)
4(5307 5309 5310 5308)
4(5309 5311 5312 5310)
4(5311 581 582 5312)
4(581 583 584 582)
4(583 585 586 584)
4(97 101 108 104)
4(84 104 585 583)
4(77 97 104 84)
4(80 84 583 581)
4(73 77 84 80)
4(4825 80 581 5311)
4(4818 73 80 4825)
4(96 100 101 97)
4(94 98 100 96)
4(76 96 97 77)
4(72 76 77 73)
4(4817 72 73 4818)
4(3853 3856 3863 3859)
4(3859 3863 3864 3860)
4(2893 3859 3860 2894)
4(2886 3853 3859 2893)
4(2321 2323 2324 2322)
4(2919 2922 2923 2920)
4(2327 2917 2922 2919)
4(2322 2324 2917 2327)
4(2313 2327 2919 2318)
4(2306 2322 2327 2313)
4(2318 2919 2920 2319)
4(2305 2321 2322 2306)
4(2303 2305 2306 2304)
4(2315 2318 2319 2316)
4(2309 2313 2318 2315)
4(2304 2306 2313 2309)
4(5886 2309 2315 5891)
4(5879 2304 2309 5886)
4(5891 2315 2316 5892)
4(5878 2303 2304 5879)
4(4821 4825 5311 5309)
4(4814 4818 4825 4821)
4(4801 4821 5309 5307)
4(4794 4814 4821 4801)
4(4793 4813 4814 4794)
4(4813 4817 4818 4814)
4(2883 2886 2893 2889)
4(2889 2893 2894 2890)
4(2877 2889 2890 2878)
4(2870 2883 2889 2877)
4(2867 2870 2877 2873)
4(2873 2877 2878 2874)
4(5824 2873 2874 5825)
4(5817 2867 2873 5824)
4(5826 5827 98 94)
4(5821 5825 5827 5826)
4(5811 5826 94 74)
4(5809 5821 5826 5811)
4(74 94 96 76)
4(5836 74 76 72)
4(4815 5836 72 4817)
4(4778 5810 5836 4815)
4(5810 5811 74 5836)
4(5805 5809 5811 5810)
4(4776 5805 5810 4778)
4(3852 3855 3856 3853)
4(2885 3852 3853 2886)
4(2884 3851 3852 2885)
4(3851 3854 3855 3852)
4(4748 4752 3854 3851)
4(4752 4760 3867 3854)
4(5262 5277 4760 4752)
4(5259 5262 4752 4748)
4(3839 4748 3851 2884)
4(4268 5259 4748 3839)
4(2881 2884 2885 2882)
4(3835 3839 2884 2881)
4(2882 2885 2886 2883)
4(2869 2882 2883 2870)
4(2868 2881 2882 2869)
4(3366 3835 2881 2868)
4(3817 4265 3835 3366)
4(4265 4268 3839 3835)
4(5816 2866 2867 5817)
4(5815 2865 2866 5816)
4(2866 2869 2870 2867)
4(2865 2868 2869 2866)
4(3362 3366 2868 2865)
4(3814 3817 3366 3362)
4(577 3362 2865 5815)
4(1142 3814 3362 577)
4(5812 5815 5816 5813)
4(573 577 5815 5812)
4(5813 5816 5817 5814)
4(5814 5817 5824 5820)
4(5820 5824 5825 5821)
4(5808 5820 5821 5809)
4(5801 5814 5820 5808)
4(1139 1142 577 573)
4(565 573 5812 5799)
4(558 1139 573 565)
4(5800 5813 5814 5801)
4(5799 5812 5813 5800)
4(2597 2599 2603 2601)
4(2597 2601 2606 2604)
4(2589 2597 2604 2594)
4(2589 2591 2599 2597)
4(2585 2587 2591 2589)
4(2585 2589 2594 2592)
4(2102 2106 2107 2103)
4(2095 2099 2106 2102)
4(2094 2098 2099 2095)
4(2256 2260 2267 2263)
4(2263 2267 2268 2264)
4(2251 2263 2264 2252)
4(2244 2256 2263 2251)
4(2243 2255 2256 2244)
4(1682 2232 2255 2243)
4(2232 2236 2259 2255)
4(1678 1682 2243 2239)
4(2239 2243 2244 2240)
4(2240 2244 2251 2247)
4(1646 2240 2247 1653)
4(1653 2247 2248 1654)
4(2247 2251 2252 2248)
4(3324 3328 3329 3325)
4(3318 3321 3328 3324)
4(2228 3318 3324 2235)
4(2235 3324 3325 2236)
4(2227 3317 3318 2228)
4(3317 3320 3321 3318)
4(5348 5351 5352 5349)
4(4386 5348 5349 4387)
4(4383 4386 4387 4384)
4(4368 4383 4384 4369)
4(4365 4368 4369 4366)
4(5279 4365 4366 5280)
4(5276 5279 5280 5277)
4(5261 5276 5277 5262)
4(5258 5261 5262 5259)
4(4811 4815 4817 4813)
4(4777 4778 4815 4811)
4(4772 4776 4778 4777)
4(4284 4777 4811 4791)
4(4282 4772 4777 4284)
4(4791 4811 4813 4793)
4(5804 5808 5809 5805)
4(5798 5801 5808 5804)
4(4768 5798 5804 4775)
4(4775 5804 5805 4776)
4(4289 5797 5798 4768)
4(5797 5800 5801 5798)
4(4267 5258 5259 4268)
4(5888 5891 5892 5889)
4(5882 5886 5891 5888)
4(5354 5879 5886 5882)
4(5345 5882 5888 5350)
4(5338 5354 5882 5345)
4(5350 5888 5889 5351)
4(5353 5878 5879 5354)
4(5337 5353 5354 5338)
4(5341 5345 5350 5347)
4(5336 5338 5345 5341)
4(5347 5350 5351 5348)
4(4385 5347 5348 4386)
4(4380 5341 5347 4385)
4(4373 5336 5341 4380)
4(5335 5337 5338 5336)
4(4372 5335 5336 4373)
4(4376 4380 4385 4382)
4(4371 4373 4380 4376)
4(4382 4385 4386 4383)
4(4367 4382 4383 4368)
4(4362 4376 4382 4367)
4(4355 4371 4376 4362)
4(4370 4372 4373 4371)
4(4354 4370 4371 4355)
4(4364 4367 4368 4365)
4(4358 4362 4367 4364)
4(4353 4355 4362 4358)
4(5273 4358 4364 5278)
4(5266 4353 4358 5273)
4(5278 4364 4365 5279)
4(5265 4352 4353 5266)
4(4352 4354 4355 4353)
4(5745 538 3316 2226)
4(538 540 3319 3316)
4(540 1110 3330 3319)
4(1110 1112 3333 3330)
4(3316 3319 3320 3317)
4(2231 2235 2236 2232)
4(2225 2228 2235 2231)
4(1674 2225 2231 1681)
4(1681 2231 2232 1682)
4(1673 1684 2225 1674)
4(1684 2227 2228 2225)
4(1677 1681 1682 1678)
4(1094 1678 2239 1645)
4(1645 2239 2240 1646)
4(1093 1677 1678 1094)
4(1086 1671 1677 1093)
4(1671 1674 1681 1677)
4(1642 1646 1653 1649)
4(1649 1653 1654 1650)
4(1637 1649 1650 1638)
4(1102 1642 1649 1637)
4(1090 1094 1645 1641)
4(1641 1645 1646 1642)
4(1101 1641 1642 1102)
4(1080 1090 1641 1101)
4(1098 1102 1637 1105)
4(1105 1637 1638 1106)
4(1106 1638 2098 2094)
4(1097 1101 1102 1098)
4(1076 1080 1101 1097)
4(1089 1093 1094 1090)
4(4797 4801 5307 5305)
4(4790 4794 4801 4797)
4(535 4797 5305 1111)
4(528 4790 4797 535)
4(527 4789 4790 528)
4(4789 4793 4794 4790)
4(4787 4791 4793 4789)
4(4283 4284 4791 4787)
4(4278 4282 4284 4283)
4(62 4787 4789 527)
4(25 4283 4787 62)
4(23 4278 4283 25)
4(4264 4267 4268 4265)
4(3816 4264 4265 3817)
4(3813 3816 3817 3814)
4(1141 3813 3814 1142)
4(2226 3316 3317 2227)
4(1683 2226 2227 1684)
4(1672 1683 1684 1673)
4(5741 5743 1683 1672)
4(5743 5745 2226 1683)
4(5739 5741 1672 1669)
4(1670 1673 1674 1671)
4(1669 1672 1673 1670)
4(1085 1670 1671 1086)
4(1084 1669 1670 1085)
4(7 5739 1669 1084)
4(1081 1084 1085 1082)
4(1082 1085 1086 1083)
4(539 1109 1110 540)
4(1109 1111 1112 1110)
4(531 535 1111 1109)
4(61 528 535 531)
4(48 531 1109 539)
4(41 61 531 48)
4(537 539 540 538)
4(44 48 539 537)
4(4287 4768 4775 4771)
4(4771 4775 4776 4772)
4(4281 4771 4772 4282)
4(4274 4287 4771 4281)
4(4277 4281 4282 4278)
4(4271 4274 4281 4277)
4(15 4271 4277 22)
4(22 4277 4278 23)
4(4286 4289 4768 4287)
4(4288 5796 5797 4289)
4(5301 68 5796 4288)
4(68 565 5799 5796)
4(5796 5799 5800 5797)
4(1138 1141 1142 1139)
4(557 1138 1139 558)
4(555 558 565 68)
4(554 557 558 555)
4(5795 555 68 5301)
4(5297 5301 4288 4285)
4(5792 5795 5301 5297)
4(4285 4288 4289 4286)
4(4272 4285 4286 4273)
4(5289 5297 4285 4272)
4(4273 4286 4287 4274)
4(4270 4273 4274 4271)
4(14 4270 4271 15)
4(5794 554 555 5795)
4(5791 5794 5795 5792)
4(5777 5792 5297 5289)
4(5776 5791 5792 5777)
4(4269 4272 4273 4270)
4(5285 5289 4272 4269)
4(5774 5777 5289 5285)
4(3778 5285 4269 13)
4(2788 5774 5285 3778)
4(13 4269 4270 14)
4(11 14 15 12)
4(10 13 14 11)
4(40 60 61 41)
4(60 527 528 61)
4(58 62 527 60)
4(24 25 62 58)
4(19 23 25 24)
4(38 58 60 40)
4(9 24 58 38)
4(5759 19 24 9)
4(8 9 38 34)
4(5755 5759 9 8)
4(34 38 40 36)
4(37 41 48 44)
4(5243 44 537 5744)
4(5236 37 44 5243)
4(5744 537 538 5745)
4(5235 36 37 5236)
4(5233 34 36 5235)
4(36 40 41 37)
4(5742 5744 5745 5743)
4(5239 5243 5744 5742)
4(5232 5236 5243 5239)
4(5219 5239 5742 5740)
4(5212 5232 5239 5219)
4(5740 5742 5743 5741)
4(5738 5740 5741 5739)
4(5215 5219 5740 5738)
4(5208 5212 5219 5215)
4(5736 5215 5738 6)
4(5729 5208 5215 5736)
4(6 5738 5739 7)
4(5211 5231 5232 5212)
4(5209 5229 5231 5211)
4(5231 5235 5236 5232)
4(5229 5233 5235 5231)
4(5207 5211 5212 5208)
4(5728 5207 5208 5729)
4(5726 5205 5207 5728)
4(5205 5209 5211 5207)
4(5725 5729 5736 5732)
4(5732 5736 6 4)
4(1083 1086 1093 1089)
4(1072 1083 1089 1079)
4(1079 1089 1090 1080)
4(1069 1072 1079 1075)
4(1075 1079 1080 1076)
4(1071 1082 1083 1072)
4(1070 1081 1082 1071)
4(1 3 1070 1067)
4(3 5 1081 1070)
4(5 7 1084 1081)
4(1067 1070 1071 1068)
4(1068 1071 1072 1069)
4(4 6 7 5)
4(5724 5728 5729 5725)
4(5195 5724 5725 5196)
4(2 4 5 3)
4(5712 5732 4 2)
4(5196 5725 5732 5712)
4(5199 5712 2 0)
4(5192 5196 5712 5199)
4(0 2 3 1)
4(4737 8 34 5233)
4(4735 5755 8 4737)
4(12 15 22 18)
4(18 22 23 19)
4(5758 18 19 5759)
4(5751 12 18 5758)
4(5750 11 12 5751)
4(5749 10 11 5750)
4(5754 5758 5759 5755)
4(5748 5751 5758 5754)
4(4736 4737 5233 5229)
4(4731 4735 4737 4736)
4(4721 4736 5229 5209)
4(4719 4731 4736 4721)
4(4720 4721 5209 5205)
4(4715 4719 4721 4720)
4(5180 4720 5205 5726)
4(5178 4715 4720 5180)
4(4724 4727 4734 4730)
4(4727 5748 5754 4734)
4(4734 5754 5755 4735)
4(4726 5747 5748 4727)
4(5747 5750 5751 5748)
4(4730 4734 4735 4731)
4(4718 4730 4731 4719)
4(4711 4724 4730 4718)
4(5275 5278 5279 5276)
4(5269 5273 5278 5275)
4(5264 5266 5273 5269)
4(5255 5269 5275 5260)
4(5248 5264 5269 5255)
4(5260 5275 5276 5261)
4(5263 5265 5266 5264)
4(5247 5263 5264 5248)
4(5257 5260 5261 5258)
4(5251 5255 5260 5257)
4(5246 5248 5255 5251)
4(3828 5251 5257 4266)
4(3821 5246 5251 3828)
4(4266 5257 5258 4267)
4(5245 5247 5248 5246)
4(3820 5245 5246 3821)
4(4263 4266 4267 4264)
4(3824 3828 4266 4263)
4(3819 3821 3828 3824)
4(3810 3824 4263 3815)
4(3803 3819 3824 3810)
4(3815 4263 4264 3816)
4(3818 3820 3821 3819)
4(3802 3818 3819 3803)
4(3812 3815 3816 3813)
4(3806 3810 3815 3812)
4(3801 3803 3810 3806)
4(1135 3806 3812 1140)
4(562 3801 3806 1135)
4(1140 3812 3813 1141)
4(3800 3802 3803 3801)
4(561 3800 3801 562)
4(1137 1140 1141 1138)
4(1131 1135 1140 1137)
4(560 562 1135 1131)
4(551 1131 1137 556)
4(544 560 1131 551)
4(556 1137 1138 557)
4(559 561 562 560)
4(543 559 560 544)
4(553 556 557 554)
4(547 551 556 553)
4(542 544 551 547)
4(5788 547 553 5793)
4(5781 542 547 5788)
4(5793 553 554 5794)
4(5780 541 542 5781)
4(541 543 544 542)
4(5773 5776 5777 5774)
4(2787 5773 5774 2788)
4(3774 3778 13 10)
4(2785 2788 3778 3774)
4(3766 3774 10 5749)
4(2770 2785 3774 3766)
4(5746 5749 5750 5747)
4(3762 3766 5749 5746)
4(2767 2770 3766 3762)
4(2801 3762 5746 4725)
4(1636 2767 3762 2801)
4(4725 5746 5747 4726)
4(4723 4726 4727 4724)
4(4710 4723 4724 4711)
4(4714 4718 4719 4715)
4(4708 4711 4718 4714)
4(5170 4708 4714 5177)
4(5177 4714 4715 5178)
4(5169 4707 4708 5170)
4(4707 4710 4711 4708)
4(2789 2797 4722 4709)
4(4709 4722 4723 4710)
4(4722 4725 4726 4723)
4(2797 2801 4725 4722)
4(1633 1636 2801 2797)
4(1050 1633 2797 2789)
4(4706 4709 4710 4707)
4(5722 5726 5728 5724)
4(5179 5180 5726 5722)
4(5193 5722 5724 5195)
4(5164 5179 5722 5193)
4(5162 5174 5179 5164)
4(5174 5178 5180 5179)
4(2784 2787 2788 2785)
4(2769 2784 2785 2770)
4(2766 2769 2770 2767)
4(1635 2766 2767 1636)
4(5191 5195 5196 5192)
4(5189 5193 5195 5191)
4(5163 5164 5193 5189)
4(5158 5162 5164 5163)
4(5173 5177 5178 5174)
4(5167 5170 5177 5173)
4(5154 5167 5173 5161)
4(5161 5173 5174 5162)
4(5153 5166 5167 5154)
4(5166 5169 5170 5167)
4(5168 4706 4707 5169)
4(497 2221 4706 5168)
4(2221 2789 4709 4706)
4(1047 1050 2789 2221)
4(5165 5168 5169 5166)
4(5157 5161 5162 5158)
4(5151 5154 5161 5157)
4(5778 5780 5781 5779)
4(5790 5793 5794 5791)
4(5784 5788 5793 5790)
4(5779 5781 5788 5784)
4(5770 5784 5790 5775)
4(5763 5779 5784 5770)
4(5775 5790 5791 5776)
4(5762 5778 5779 5763)
4(5772 5775 5776 5773)
4(5766 5770 5775 5772)
4(5761 5763 5770 5766)
4(2781 5766 5772 2786)
4(2774 5761 5766 2781)
4(2786 5772 5773 2787)
4(5760 5762 5763 5761)
4(2773 5760 5761 2774)
4(1632 1635 1636 1633)
4(1049 1632 1633 1050)
4(4705 1047 2221 497)
4(493 497 5168 5165)
4(4702 4705 497 493)
4(5152 5165 5166 5153)
4(485 493 5165 5152)
4(1046 1049 1050 1047)
4(4704 1046 1047 4705)
4(4701 4704 4705 4702)
4(5150 5153 5154 5151)
4(5149 5152 5153 5150)
4(4256 4259 485 481)
4(481 485 5152 5149)
4(4259 4702 493 485)
4(4254 4257 4258 4255)
4(4255 4258 4259 4256)
4(4258 4701 4702 4259)
4(4257 4700 4701 4258)
4(4700 4703 4704 4701)
4(4703 1045 1046 4704)
4(1045 1048 1049 1046)
4(1048 1631 1632 1049)
4(1631 1634 1635 1632)
4(1634 2765 2766 1635)
4(2765 2768 2769 2766)
4(2768 2783 2784 2769)
4(2783 2786 2787 2784)
4(2777 2781 2786 2783)
4(2772 2774 2781 2777)
4(2763 2777 2783 2768)
4(2756 2772 2777 2763)
4(2759 2763 2768 2765)
4(2754 2756 2763 2759)
4(1629 2759 2765 1634)
4(1054 2754 2759 1629)
4(1053 2753 2754 1054)
4(2753 2755 2756 2754)
4(2755 2771 2772 2756)
4(2771 2773 2774 2772)
4(1052 1054 1629 1057)
4(1051 1053 1054 1052)
4(1057 1629 1634 1631)
4(1043 1057 1631 1048)
4(1036 1052 1057 1043)
4(1035 1051 1052 1036)
4(1039 1043 1048 1045)
4(1034 1036 1043 1039)
4(4698 1039 1045 4703)
4(4691 1034 1039 4698)
4(1033 1035 1036 1034)
4(4262 1033 1034 4691)
4(4694 4698 4703 4700)
4(4261 4691 4698 4694)
4(4252 4694 4700 4257)
4(4245 4261 4694 4252)
4(4244 4260 4261 4245)
4(4260 4262 4691 4261)
4(4248 4252 4257 4254)
4(4243 4245 4252 4248)
4(4242 4244 4245 4243)
4(4242 6274 6276 4246)
4(6148 6154 3138 3134)
4(3134 3138 3142 3136)
4(6146 6150 6154 6148)
4(6130 6136 6150 6146)
4(6128 6132 6136 6130)
4(4607 5012 6132 6128)
4(4605 4609 5012 4607)
4(4589 4595 4609 4605)
4(4587 4591 4595 4589)
4(307 313 4591 4587)
4(305 309 313 307)
4(6038 6044 309 305)
4(6036 6040 6044 6038)
4(4956 4962 6040 6036)
4(4954 4958 4962 4956)
4(4938 4944 4958 4954)
4(1951 1957 4940 4936)
4(4936 4940 4944 4938)
4(1949 1953 1957 1951)
4(1933 1939 1953 1949)
4(1931 1935 1939 1933)
4(750 756 1935 1931)
4(748 752 756 750)
4(287 293 752 748)
4(285 289 293 287)
4(1859 1865 289 285)
4(1857 1861 1865 1859)
4(1841 1847 1861 1857)
4(1287 1843 1847 1841)
4(228 234 1843 1287)
4(226 230 234 228)
4(210 216 230 226)
4(208 212 216 210)
4(3549 3555 212 208)
4(3547 3551 3555 3549)
4(3531 3537 3551 3547)
4(2382 2388 3533 3529)
4(3529 3533 3537 3531)
4(2380 2384 2388 2382)
4(1839 2370 2384 2380)
4(1837 2366 2370 1839)
4(3889 3895 2366 1837)
4(3887 3891 3895 3889)
4(3871 3877 3891 3887)
4(3869 3873 3877 3871)
4(2323 2915 3873 3869)
4(2321 2325 2915 2323)
4(2305 2311 2325 2321)
4(2303 2307 2311 2305)
4(5878 5884 2307 2303)
4(5353 5880 5884 5878)
4(5337 5343 5880 5353)
4(5335 5339 5343 5337)
4(4372 4378 5339 5335)
4(4370 4374 4378 4372)
4(4354 4360 4374 4370)
4(5265 5271 4356 4352)
4(4352 4356 4360 4354)
4(5263 5267 5271 5265)
4(5247 5253 5267 5263)
4(5245 5249 5253 5247)
4(3820 3826 5249 5245)
4(3818 3822 3826 3820)
4(3802 3808 3822 3818)
4(3800 3804 3808 3802)
4(561 1133 3804 3800)
4(559 563 1133 561)
4(543 549 563 559)
4(5780 5786 545 541)
4(541 545 549 543)
4(5778 5782 5786 5780)
4(5762 5768 5782 5778)
4(5760 5764 5768 5762)
4(2773 2779 5764 5760)
4(2771 2775 2779 2773)
4(2755 2761 2775 2771)
4(2753 2757 2761 2755)
4(1053 1059 2757 2753)
4(1051 1055 1059 1053)
4(1035 1041 1055 1051)
4(1033 1037 1041 1035)
4(4262 4696 1037 1033)
4(4260 4692 4696 4262)
4(4244 4250 4692 4260)
4(4242 4246 4250 4244)
4(3306 3307 3309 3308)
4(3304 3305 3307 3306)
4(1627 1628 3305 3304)
4(1625 1626 1628 1627)
4(3756 3757 1622 1621)
4(1621 1622 1624 1623)
4(1623 1624 1626 1625)
4(3754 3755 3757 3756)
4(3302 3303 3755 3754)
4(2211 2212 2214 2213)
4(2213 2214 2216 2215)
4(2215 2216 3301 3300)
4(3300 3301 3303 3302)
4(5147 5148 2210 2209)
4(2209 2210 2212 2211)
4(5145 5146 5148 5147)
4(5143 5144 5146 5145)
4(5141 5142 5144 5143)
4(4240 4241 5142 5141)
4(4238 4239 4241 4240)
4(4689 4690 5138 5137)
4(5137 5138 5140 5139)
4(5139 5140 3751 3750)
4(3750 3751 3753 3752)
4(3752 3753 4239 4238)
4(4687 4688 4690 4689)
4(3748 3749 4688 4687)
4(3744 3745 3747 3746)
4(3746 3747 3749 3748)
4(3742 3743 3745 3744)
4(475 476 3743 3742)
4(5708 5709 5711 5710)
4(5693 5708 5710 5695)
4(5116 5123 5708 5693)
4(5123 5124 5709 5708)
4(5122 5705 5709 5124)
4(5120 5701 5705 5122)
4(5692 5693 5695 5694)
4(5685 5692 5694 5687)
4(5112 5115 5692 5685)
4(5115 5116 5693 5692)
4(5118 5697 5701 5120)
4(468 1618 5697 5118)
4(471 472 474 473)
4(473 474 476 475)
4(469 470 472 471)
4(5111 5112 5685 5684)
4(5684 5686 470 469)
4(5684 5685 5687 5686)
4(466 1614 1618 468)
4(462 464 1032 1028)
4(462 1028 1614 466)
4(463 1031 1032 464)
4(5643 6213 1031 463)
4(5642 6212 6213 5643)
4(5637 6203 6212 5642)
4(5636 6202 6203 5637)
4(2728 3299 6202 5636)
4(2727 3298 3299 2728)
4(3153 3152 6271 6272)
4(2722 3289 3298 2727)
4(2721 3288 3289 2722)
4(1570 2192 3288 2721)
4(990 2191 2192 1570)
4(985 1612 2191 990)
4(984 1611 1612 985)
4(2672 3271 1611 984)
4(2182 3270 3271 2672)
4(2177 2714 3270 2182)
4(2176 2713 2714 2177)
4(935 1565 2713 2176)
4(4207 6193 923 4677)
4(934 1564 1565 935)
4(929 1555 1564 934)
4(928 1554 1555 929)
4(4206 4676 1554 928)
4(4206 4207 4677 4676)
4(4204 4205 4207 4206)
4(4205 6192 6193 4207)
4(6190 6191 6193 6192)
4(6188 6189 6191 6190)
4(6186 6187 6189 6188)
4(5091 5092 6187 6186)
4(5089 5090 5092 5091)
4(5087 5088 5090 5089)
4(5084 5085 5086 4678)
4(4678 5086 5088 5087)
4(5082 5083 5085 5084)
4(3718 3719 5079 5078)
4(5078 5079 5081 5080)
4(5080 5081 5083 5082)
4(3716 3717 3719 3718)
4(3714 3715 3717 3716)
4(3712 3713 3715 3714)
4(3158 3159 3713 3712)
4(3156 3157 3159 3158)
4(3154 3155 3157 3156)
4(3152 3153 3155 3154)
4(2581 3308 3309 2583)
4(2580 2581 2583 2582)
4(2577 2580 2582 2579)
4(2029 2030 2580 2577)
4(2049 2576 2578 2051)
4(2576 2577 2579 2578)
4(2028 2029 2577 2576)
4(1451 2028 2576 2049)
4(1450 1451 2049 2048)
4(2048 2049 2051 2050)
4(2046 2048 2050 2047)
4(1449 1450 2048 2046)
4(1448 1449 2046 2045)
4(5077 1448 2045 6165)
4(5075 1447 1448 5077)
4(5074 5075 5077 5076)
4(5076 5077 6165 6164)
4(1471 2071 2073 1473)
4(1469 2070 2071 1471)
4(2069 2072 2073 2071)
4(5067 5073 2072 2069)
4(5064 5065 5070 5069)
4(5064 5069 5073 5067)
4(5069 5070 5072 5071)
4(5070 5074 5076 5072)
4(5065 5068 5074 5070)
4(1468 1469 1471 1470)
4(2573 2575 1468 1462)
4(1462 1468 1470 1463)
4(2572 2573 1462 1461)
4(2570 2571 2573 2572)
4(3150 2570 2572 3151)
4(3145 2565 2570 3150)
4(3144 3145 3150 3149)
4(3142 3143 3145 3144)
4(3136 3142 3144 3137)
)


// ************************************************************************* //
