/*--------------------------------*- C++ -*----------------------------------*\
| =========                 |                                                 |
| \\      /  F ield         | OpenFOAM: The Open Source CFD Toolbox           |
|  \\    /   O peration     | Version:  2412                                  |
|   \\  /    A nd           | Website:  www.openfoam.com                      |
|    \\/     M anipulation  |                                                 |
\*---------------------------------------------------------------------------*/
FoamFile
{
    version     2.0;
    format      ascii;
    arch        "LSB;label=32;scalar=64";
    class       vectorField;
    location    "constant/claddingZone/polyMesh";
    object      points;
}
// * * * * * * * * * * * * * * * * * * * * * * * * * * * * * * * * * * * * * //


6010
(
(-0.0018 -0.0038 2.5488)
(-0.0016 -0.0038 2.5488)
(-0.001 -0.0043999999 2.7088)
(-0.0008 -0.0043999999 2.7088)
(-0.0014 -0.0042 2.6888)
(-0.0012 -0.0042 2.6888)
(-0.0014 -0.004 2.6888)
(-0.0012 -0.004 2.6888)
(-0.0014 -0.0042 2.7088)
(-0.0012 -0.0042 2.7088)
(-0.0014 -0.004 2.7088)
(-0.0012 -0.004 2.7088)
(-0.001 -0.0042 2.6888)
(-0.0008 -0.0042 2.6888)
(-0.001 -0.004 2.6888)
(-0.0008 -0.004 2.6888)
(-0.001 -0.0042 2.7088)
(-0.0008 -0.0042 2.7088)
(-0.001 -0.004 2.7088)
(-0.0008 -0.004 2.7088)
(-0.0006 -0.0043999999 2.6488)
(-0.0004 -0.0043999999 2.6488)
(-0.0006 -0.0043999999 2.6688)
(-0.0004 -0.0043999999 2.6688)
(-0.0002 -0.0043999999 2.6488)
(1.2828212e-15 -0.0043999999 2.6488)
(-0.0002 -0.0043999999 2.6688)
(-1.8737385e-16 -0.0043999999 2.6688)
(-0.0006 -0.0042 2.6488)
(-0.0004 -0.0042 2.6488)
(-0.0006 -0.004 2.6488)
(-0.0004 -0.004 2.6488)
(-0.0006 -0.0042 2.6688)
(-0.0004 -0.0042 2.6688)
(-0.0006 -0.004 2.6688)
(-0.0004 -0.004 2.6688)
(-0.0002 -0.0042 2.6488)
(8.0617208e-17 -0.0042 2.6488)
(-0.0002 -0.004 2.6488)
(-0.0002 -0.0042 2.6688)
(8.9141747e-18 -0.0042 2.6688)
(-0.0002 -0.004 2.6688)
(-0.0006 -0.0043999999 2.6888)
(-0.0004 -0.0043999999 2.6888)
(-0.0006 -0.0043999999 2.7088)
(-0.0004 -0.0043999999 2.7088)
(-0.0002 -0.0043999999 2.6888)
(-1.6208687e-15 -0.0043999999 2.6888)
(-0.0002 -0.0043999999 2.7088)
(-2.6953927e-15 -0.0043999999 2.7088)
(-0.0006 -0.0042 2.6888)
(-0.0004 -0.0042 2.6888)
(-0.0006 -0.004 2.6888)
(-0.0004 -0.004 2.6888)
(-0.0006 -0.0042 2.7088)
(-0.0004 -0.0042 2.7088)
(-0.0006 -0.004 2.7088)
(-0.0004 -0.004 2.7088)
(-0.0002 -0.0042 2.6888)
(-5.8211492e-17 -0.0042 2.6888)
(-0.0002 -0.004 2.6888)
(-0.0002 -0.0042 2.7088)
(-1.0660079e-16 -0.0042 2.7088)
(-0.0002 -0.004 2.7088)
(-0.0014 -0.0038 2.6488)
(-0.0014 -0.0038 2.6688)
(-0.0002 -0.0043999999 2.8688)
(2.3612466e-15 -0.0043999999 2.8688)
(-0.0006 -0.0042 2.8488)
(-0.0004 -0.0042 2.8488)
(-0.0006 -0.004 2.8488)
(-0.0004 -0.004 2.8488)
(-0.0006 -0.0042 2.8688)
(-0.0004 -0.0042 2.8688)
(-0.0006 -0.004 2.8688)
(-0.0004 -0.004 2.8688)
(-0.0002 -0.0042 2.8488)
(5.7467797e-17 -0.0042 2.8488)
(-0.0002 -0.004 2.8488)
(-0.0002 -0.0042 2.8688)
(1.3587425e-16 -0.0042 2.8688)
(-0.0002 -0.004 2.8688)
(-0.0014 -0.0038 2.8088)
(-0.0014 -0.0038 2.8288)
(-0.0014 -0.0038 2.8488)
(-0.0014 -0.0038 2.8688)
(-0.0014 -0.0038 3.2488)
(-0.0014 -0.0038 3.2688)
(-0.0022 -0.004 3.2888)
(-0.002 -0.004 3.2888)
(-0.0022 -0.004 3.3088)
(-0.002 -0.004 3.3088)
(-0.0018 -0.0042 3.2888)
(-0.0016 -0.0042 3.2888)
(-0.0018 -0.004 3.2888)
(-0.0016 -0.004 3.2888)
(-0.0018 -0.0042 3.3088)
(-0.0016 -0.0042 3.3088)
(-0.0018 -0.004 3.3088)
(-0.0016 -0.004 3.3088)
(-0.0022 -0.004 3.3288)
(-0.002 -0.004 3.3288)
(-0.0022 -0.004 3.3488)
(-0.002 -0.004 3.3488)
(-0.0018 -0.0042 3.3288)
(-0.0016 -0.0042 3.3288)
(-0.0018 -0.004 3.3288)
(-0.0016 -0.004 3.3288)
(-0.0018 -0.0042 3.3488)
(-0.0016 -0.0042 3.3488)
(-0.0018 -0.004 3.3488)
(-0.0016 -0.004 3.3488)
(-0.0024 -0.0038 3.2888)
(-0.0024 -0.0036 3.2888)
(-0.0024 -0.0038 3.3088)
(-0.0024 -0.0036 3.3088)
(0.0006 -0.004 2.1288)
(0.0008 -0.004 2.1288)
(0.0006 -0.0042 2.1488)
(0.0008 -0.0042 2.1488)
(0.0006 -0.004 2.1488)
(0.0008 -0.004 2.1488)
(0.001 -0.0043999999 2.0888)
(0.0012 -0.0043999999 2.0888)
(0.001 -0.0043999999 2.1088)
(0.0012 -0.0043999999 2.1088)
(0.001 -0.0042 2.0888)
(0.0012 -0.0042 2.0888)
(0.001 -0.004 2.0888)
(0.0012 -0.004 2.0888)
(0.001 -0.0042 2.1088)
(0.0012 -0.0042 2.1088)
(0.001 -0.004 2.1088)
(0.0012 -0.004 2.1088)
(0.0014 -0.0042 2.0888)
(0.0016 -0.0042 2.0888)
(0.0014 -0.004 2.0888)
(0.0016 -0.004 2.0888)
(0.0014 -0.0042 2.1088)
(0.0016 -0.0042 2.1088)
(0.0014 -0.004 2.1088)
(0.0016 -0.004 2.1088)
(0.001 -0.0043999999 2.1288)
(0.0012 -0.0043999999 2.1288)
(0.001 -0.0043999999 2.1488)
(0.0012 -0.0043999999 2.1488)
(0.001 -0.0042 2.1288)
(0.0012 -0.0042 2.1288)
(0.001 -0.004 2.1288)
(0.0012 -0.004 2.1288)
(0.001 -0.0042 2.1488)
(0.0012 -0.0042 2.1488)
(0.001 -0.004 2.1488)
(0.0012 -0.004 2.1488)
(0.0014 -0.0042 2.1288)
(0.0016 -0.0042 2.1288)
(0.0014 -0.004 2.1288)
(0.0016 -0.004 2.1288)
(0.0014 -0.0042 2.1488)
(0.0016 -0.0042 2.1488)
(0.0014 -0.004 2.1488)
(0.0016 -0.004 2.1488)
(0.0014 -0.004 2.2888)
(0.0016 -0.004 2.2888)
(0.0014 -0.0042 2.3088)
(0.0016 -0.0042 2.3088)
(0.0014 -0.004 2.3088)
(0.0016 -0.004 2.3088)
(0.0014 -0.0038 2.2488)
(0.0016 -0.0038 2.2488)
(0.0014 -0.0038 2.2688)
(0.0016 -0.0038 2.2688)
(0.0018 -0.0042 2.4088)
(0.0018 -0.004 2.4088)
(0.002 -0.004 2.4088)
(0.0018 -0.0042 2.4288)
(0.0018 -0.004 2.4288)
(0.002 -0.004 2.4288)
(0.0022 -0.004 2.4088)
(0.0022 -0.004 2.4288)
(0.0018 -0.0042 2.4488)
(0.0018 -0.004 2.4488)
(0.002 -0.004 2.4488)
(0.0018 -0.0042 2.4688)
(0.0018 -0.004 2.4688)
(0.002 -0.004 2.4688)
(0.0022 -0.004 2.4488)
(0.0022 -0.0034 2.5288)
(0.0024 -0.0034 2.5288)
(0.0022 -0.0034 2.5488)
(0.0024 -0.0034 2.5488)
(0.0018 -0.0042 2.5688)
(0.0018 -0.004 2.5688)
(0.002 -0.004 2.5688)
(0.0018 -0.0042 2.5888)
(0.0018 -0.004 2.5888)
(0.002 -0.004 2.5888)
(0.0022 -0.004 2.5688)
(0.0002 -0.0043999999 2.8088)
(0.0004 -0.0043999999 2.8088)
(0.0002 -0.0043999999 2.8288)
(0.0004 -0.0043999999 2.8288)
(0.0006 -0.0043999999 2.8088)
(0.0008 -0.0043999999 2.8088)
(0.0006 -0.0043999999 3.0488)
(0.0008 -0.0043999999 3.0488)
(0.0006 -0.0043999999 3.0688)
(0.0008 -0.0043999999 3.0688)
(0.0002 -0.0042 3.0488)
(0.0004 -0.0042 3.0488)
(0.0002 -0.004 3.0488)
(0.0004 -0.004 3.0488)
(0.0002 -0.0042 3.0688)
(0.0004 -0.0042 3.0688)
(0.0002 -0.004 3.0688)
(0.0004 -0.004 3.0688)
(0.0006 -0.0042 3.0488)
(0.0008 -0.0042 3.0488)
(0.0006 -0.004 3.0488)
(0.0008 -0.004 3.0488)
(0.0006 -0.0042 3.0688)
(0.0008 -0.0042 3.0688)
(0.0006 -0.004 3.0688)
(0.0008 -0.004 3.0688)
(0.0002 -0.0043999999 3.0888)
(0.0004 -0.0043999999 3.0888)
(0.0002 -0.0043999999 3.1088)
(0.0004 -0.0043999999 3.1088)
(0.0006 -0.0043999999 3.0888)
(0.0008 -0.0043999999 3.0888)
(0.0006 -0.0043999999 3.1088)
(0.0008 -0.0043999999 3.1088)
(0.0002 -0.0042 3.0888)
(0.0004 -0.0042 3.0888)
(0.0002 -0.004 3.0888)
(0.0004 -0.004 3.0888)
(0.0002 -0.0042 3.1088)
(0.0004 -0.0042 3.1088)
(0.0002 -0.004 3.1088)
(0.0004 -0.004 3.1088)
(0.0006 -0.0042 3.0888)
(0.0008 -0.0042 3.0888)
(0.0006 -0.004 3.0888)
(0.0008 -0.004 3.0888)
(0.0006 -0.0042 3.1088)
(0.0008 -0.0042 3.1088)
(0.0006 -0.004 3.1088)
(0.0008 -0.004 3.1088)
(0.001 -0.0043999999 3.0488)
(0.0012 -0.0043999999 3.0488)
(0.001 -0.0043999999 3.0688)
(0.0012 -0.0043999999 3.0688)
(0.001 -0.0042 3.0488)
(0.0012 -0.0042 3.0488)
(0.001 -0.004 3.0488)
(0.0012 -0.004 3.0488)
(0.001 -0.0042 3.0688)
(0.0012 -0.0042 3.0688)
(0.001 -0.004 3.0688)
(0.0012 -0.004 3.0688)
(0.0014 -0.0042 3.0488)
(0.0016 -0.0042 3.0488)
(0.0014 -0.004 3.0488)
(0.0016 -0.004 3.0488)
(0.0014 -0.0042 3.0688)
(0.0016 -0.0042 3.0688)
(0.0014 -0.004 3.0688)
(0.0016 -0.004 3.0688)
(0.001 -0.0043999999 3.0888)
(0.0012 -0.0043999999 3.0888)
(0.001 -0.0043999999 3.1088)
(0.0012 -0.0043999999 3.1088)
(0.0014 -0.0038 3.1688)
(0.0016 -0.0038 3.1688)
(0.0014 -0.0038 3.1888)
(0.0016 -0.0038 3.1888)
(0.0002 -0.0043999999 3.2088)
(0.0004 -0.0043999999 3.2088)
(0.0002 -0.0043999999 3.2288)
(0.0004 -0.0043999999 3.2288)
(0.0006 -0.0043999999 3.2088)
(0.0008 -0.0043999999 3.2088)
(0.0006 -0.0043999999 3.2288)
(0.0008 -0.0043999999 3.2288)
(0.0002 -0.0042 3.2088)
(0.0004 -0.0042 3.2088)
(0.0002 -0.004 3.2088)
(0.0004 -0.004 3.2088)
(0.0002 -0.0042 3.2288)
(0.0004 -0.0042 3.2288)
(0.0002 -0.004 3.2288)
(0.0004 -0.004 3.2288)
(0.0006 -0.0042 3.2088)
(0.0008 -0.0042 3.2088)
(0.0006 -0.004 3.2088)
(0.0008 -0.004 3.2088)
(0.0006 -0.0042 3.2288)
(0.0008 -0.0042 3.2288)
(0.0006 -0.004 3.2288)
(0.0008 -0.004 3.2288)
(0.0002 -0.0043999999 3.2488)
(0.0004 -0.0043999999 3.2488)
(0.0002 -0.0043999999 3.2688)
(0.0004 -0.0043999999 3.2688)
(0.0006 -0.0043999999 3.2488)
(0.0008 -0.0043999999 3.2488)
(0.0006 -0.0043999999 3.2688)
(0.0008 -0.0043999999 3.2688)
(0.0002 -0.0042 3.2488)
(0.0004 -0.0042 3.2488)
(0.0018 -0.0042 3.3288)
(0.0018 -0.004 3.3288)
(0.002 -0.004 3.3288)
(0.0018 -0.0042 3.3488)
(0.0018 -0.004 3.3488)
(0.002 -0.004 3.3488)
(0.0022 -0.004 3.3288)
(0.0022 -0.004 3.3488)
(0.0018 -0.0038 3.2888)
(0.002 -0.0038 3.2888)
(0.0018 -0.0036 3.2888)
(0.002 -0.0036 3.2888)
(0.0018 -0.0038 3.3088)
(0.002 -0.0038 3.3088)
(0.0018 -0.0036 3.3088)
(0.002 -0.0036 3.3088)
(0.0022 -0.0038 3.2888)
(0.0024 -0.0038 3.2888)
(0.0022 -0.0036 3.2888)
(0.0024 -0.0036 3.2888)
(0.0022 -0.0038 3.3088)
(0.0024 -0.0038 3.3088)
(0.0022 -0.0036 3.3088)
(0.0024 -0.0036 3.3088)
(0.0018 -0.0038 3.4488)
(0.002 -0.0038 3.4488)
(0.0018 -0.0036 3.4488)
(0.002 -0.0036 3.4488)
(0.0018 -0.0038 3.4687999)
(0.002 -0.0038 3.4687999)
(0.0018 -0.0036 3.4687999)
(0.002 -0.0036 3.4687999)
(0.0022 -0.0038 3.4488)
(0.0024 -0.0038 3.4488)
(0.0022 -0.0036 3.4488)
(0.0024 -0.0036 3.4488)
(0.0022 -0.0038 3.4687999)
(0.0024 -0.0038 3.4687999)
(0.0022 -0.0036 3.4687999)
(0.0024 -0.0036 3.4687999)
(0.0022 -0.0034 3.4488)
(0.0024 -0.0034 3.4488)
(0.0022 -0.0034 3.4687999)
(0.0024 -0.0034 3.4687999)
(0.0018 -0.0038 3.4887995)
(0.002 -0.0038 3.4887995)
(0.0018 -0.0036 3.4887995)
(0.002 -0.0036 3.4887995)
(0.0018 -0.0038000001 3.5087962)
(0.002 -0.0038000001 3.5087962)
(0.0018 -0.0036 3.5087962)
(0.002 -0.0036 3.5087962)
(0.0022 -0.0038 3.4887995)
(0.0024 -0.0038 3.4887995)
(0.0022 -0.0036 3.4887995)
(0.0024 -0.0036 3.4887995)
(0.0022 -0.0038000001 3.5087962)
(0.0024 -0.0038000001 3.5087962)
(0.0022 -0.0036 3.5087962)
(0.0024 -0.0036 3.5087962)
(0.0022 -0.0034 3.4887995)
(0.0024 -0.0034 3.4887995)
(0.0022 -0.0034 3.5087962)
(0.0024 -0.0034 3.5087962)
(0.0013999999 -0.0038001669 3.6413018)
(0.0015999999 -0.003800167 3.6413018)
(0.0018 -0.0042001896 3.6065856)
(0.0018 -0.0040000944 3.6065833)
(0.002 -0.0040000945 3.6065833)
(0.0018 -0.0042003896 3.6244097)
(0.0018 -0.0040002019 3.6244071)
(0.0019999999 -0.0040002019 3.6244071)
(0.0021999999 -0.0040000945 3.6065833)
(0.0021999998 -0.004000202 3.6244071)
(-0.0012 -0.0043999999 1.9888)
(-0.001 -0.0043999999 1.9888)
(-0.0008 -0.0043999999 1.9888)
(-0.0014 -0.0042 1.9888)
(-0.0012 -0.0042 1.9888)
(-0.0014 -0.004 1.9888)
(-0.0012 -0.004 1.9888)
(-0.001 -0.0042 1.9888)
(-0.0008 -0.0042 1.9888)
(-0.001 -0.004 1.9888)
(-0.0008 -0.004 1.9888)
(-0.0022 -0.004 2.5688)
(-0.002 -0.004 2.5688)
(-0.0022 -0.004 2.5888)
(-0.002 -0.004 2.5888)
(-0.0018 -0.0042 2.5688)
(-0.0016 -0.0042 2.5688)
(-0.0018 -0.004 2.5688)
(-0.0016 -0.004 2.5688)
(-0.0018 -0.0042 2.5888)
(-0.0016 -0.0042 2.5888)
(-0.0018 -0.004 2.5888)
(-0.0016 -0.004 2.5888)
(-0.0022 -0.004 2.6088)
(-0.002 -0.004 2.6088)
(-0.0022 -0.004 2.6288)
(-0.002 -0.004 2.6288)
(-0.0018 -0.0042 2.6088)
(-0.0016 -0.0042 2.6088)
(-0.0018 -0.004 2.6088)
(-0.0016 -0.004 2.6088)
(-0.0018 -0.0042 2.6288)
(-0.0016 -0.0042 2.6288)
(-0.0018 -0.004 2.6288)
(-0.0016 -0.004 2.6288)
(-0.0024 -0.0038 2.5688)
(-0.0024 -0.0036 2.5688)
(-0.0024 -0.0038 2.5888)
(-0.0024 -0.0036 2.5888)
(-0.0014 -0.0038 2.6888)
(-0.0014 -0.0038 2.7088)
(-0.0012 -0.0043999999 2.8888)
(-0.0012 -0.0043999999 2.9088)
(-0.001 -0.0043999999 2.8888)
(-0.0008 -0.0043999999 2.8888)
(-0.001 -0.0043999999 2.9088)
(-0.0008 -0.0043999999 2.9088)
(-0.0014 -0.0042 2.8888)
(-0.0012 -0.0042 2.8888)
(-0.0014 -0.004 2.8888)
(-0.0012 -0.004 2.8888)
(-0.0014 -0.0042 2.9088)
(-0.0012 -0.0042 2.9088)
(-0.0014 -0.004 2.9088)
(-0.0012 -0.004 2.9088)
(-0.001 -0.0042 2.8888)
(-0.0008 -0.0042 2.8888)
(-0.001 -0.004 2.8888)
(-0.0008 -0.004 2.8888)
(-0.001 -0.0042 2.9088)
(-0.0008 -0.0042 2.9088)
(-0.001 -0.004 2.9088)
(-0.0008 -0.004 2.9088)
(-0.0012 -0.0043999999 2.9288)
(-0.0012 -0.0043999999 2.9488)
(-0.001 -0.0043999999 2.9288)
(-0.0008 -0.0043999999 2.9288)
(-0.001 -0.0043999999 2.9488)
(-0.0008 -0.0043999999 2.9488)
(-0.0014 -0.0042 2.9288)
(-0.0012 -0.0042 2.9288)
(-0.0014 -0.004 2.9288)
(-0.0012 -0.004 2.9288)
(-0.0024 -0.0038 3.3288)
(-0.0024 -0.0036 3.3288)
(-0.0024 -0.0038 3.3488)
(-0.0024 -0.0036 3.3488)
(-0.0022 -0.0038 3.2888)
(-0.002 -0.0038 3.2888)
(-0.0022 -0.0036 3.2888)
(-0.002 -0.0036 3.2888)
(-0.0022 -0.0038 3.3088)
(-0.002 -0.0038 3.3088)
(-0.0022 -0.0036 3.3088)
(-0.002 -0.0036 3.3088)
(-0.0018 -0.0038 3.2888)
(-0.0016 -0.0038 3.2888)
(-0.0018 -0.0036 3.2888)
(-0.0018 -0.0038 3.3088)
(-0.0016 -0.0038 3.3088)
(-0.0018 -0.0036 3.3088)
(-0.0022 -0.0038 3.3288)
(-0.002 -0.0038 3.3288)
(-0.0022 -0.0036 3.3288)
(-0.002 -0.0036 3.3288)
(-0.0022 -0.0038 3.3488)
(-0.002 -0.0038 3.3488)
(-0.0022 -0.0036 3.3488)
(-0.002 -0.0036 3.3488)
(-0.0018 -0.0038 3.3288)
(-0.0016 -0.0038 3.3288)
(-0.0018 -0.0036 3.3288)
(-0.0018 -0.0038 3.3488)
(-0.0016 -0.0038 3.3488)
(-0.0018 -0.0036 3.3488)
(0.0014 -0.0038 2.0888)
(0.0016 -0.0038 2.0888)
(0.0014 -0.0038 2.1088)
(0.0016 -0.0038 2.1088)
(0.0014 -0.0038 2.1288)
(0.0016 -0.0038 2.1288)
(0.0014 -0.0038 2.1488)
(0.0016 -0.0038 2.1488)
(0.0014 -0.0038 2.2888)
(0.0016 -0.0038 2.2888)
(0.0014 -0.0038 2.3088)
(0.0016 -0.0038 2.3088)
(0.0018 -0.0042 2.1688)
(0.0018 -0.004 2.1688)
(0.002 -0.004 2.1688)
(0.0018 -0.0042 2.1888)
(0.0018 -0.004 2.1888)
(0.002 -0.004 2.1888)
(0.0022 -0.004 2.1688)
(0.0022 -0.004 2.1888)
(0.0018 -0.0042 2.2088)
(0.0018 -0.004 2.2088)
(0.002 -0.004 2.2088)
(0.0018 -0.0042 2.2288)
(0.0018 -0.004 2.2288)
(0.002 -0.004 2.2288)
(0.0022 -0.004 2.2088)
(0.0022 -0.004 2.2288)
(0.0022 -0.004 2.4688)
(0.0018 -0.0038 2.4088)
(0.002 -0.0038 2.4088)
(0.0018 -0.0036 2.4088)
(0.002 -0.0036 2.4088)
(0.0018 -0.0038 2.4288)
(0.002 -0.0038 2.4288)
(0.0018 -0.0036 2.4288)
(0.002 -0.0036 2.4288)
(0.0022 -0.0038 2.4088)
(0.0024 -0.0038 2.4088)
(0.0022 -0.0036 2.4088)
(0.0024 -0.0036 2.4088)
(0.0022 -0.0038 2.4288)
(0.0024 -0.0038 2.4288)
(0.0022 -0.0036 2.4288)
(0.0024 -0.0036 2.4288)
(0.0022 -0.0034 2.4088)
(0.0024 -0.0034 2.4088)
(0.0022 -0.0034 2.4288)
(0.0024 -0.0034 2.4288)
(0.0018 -0.0038 2.4488)
(0.002 -0.0038 2.4488)
(0.0022 -0.004 2.5888)
(0.0018 -0.0042 2.6088)
(0.0018 -0.004 2.6088)
(0.002 -0.004 2.6088)
(0.0018 -0.0042 2.6288)
(0.0018 -0.004 2.6288)
(0.002 -0.004 2.6288)
(0.0022 -0.004 2.6088)
(0.0022 -0.004 2.6288)
(0.0002 -0.0043999999 2.6488)
(0.0004 -0.0043999999 2.6488)
(0.0002 -0.0043999999 2.6688)
(0.0004 -0.0043999999 2.6688)
(0.0006 -0.0043999999 2.6488)
(0.0008 -0.0043999999 2.6488)
(0.0006 -0.0043999999 2.6688)
(0.0008 -0.0043999999 2.6688)
(0.0002 -0.0042 2.6488)
(0.0004 -0.0042 2.6488)
(0.0002 -0.004 2.6488)
(0.0004 -0.004 2.6488)
(0.0002 -0.0042 2.6688)
(0.0004 -0.0042 2.6688)
(0.0002 -0.004 2.6688)
(0.0004 -0.004 2.6688)
(0.0006 -0.0042 2.6488)
(0.0008 -0.0042 2.6488)
(0.0006 -0.004 2.6488)
(0.0008 -0.004 2.6488)
(0.0006 -0.0042 2.6688)
(0.0008 -0.0042 2.6688)
(0.0006 -0.004 2.6688)
(0.0008 -0.004 2.6688)
(0.0002 -0.0043999999 2.6888)
(0.0004 -0.0043999999 2.6888)
(0.0002 -0.0043999999 2.7088)
(0.0004 -0.0043999999 2.7088)
(0.0006 -0.0043999999 2.6888)
(0.0008 -0.0043999999 2.6888)
(0.0006 -0.0043999999 2.7088)
(0.0008 -0.0043999999 2.7088)
(0.0006 -0.0043999999 2.8288)
(0.0008 -0.0043999999 2.8288)
(0.0002 -0.0042 2.8088)
(0.0004 -0.0042 2.8088)
(0.0002 -0.004 2.8088)
(0.0004 -0.004 2.8088)
(0.0002 -0.0042 2.8288)
(0.0004 -0.0042 2.8288)
(0.0002 -0.004 2.8288)
(0.0004 -0.004 2.8288)
(0.0006 -0.0042 2.8088)
(0.0008 -0.0042 2.8088)
(0.0006 -0.004 2.8088)
(0.0008 -0.004 2.8088)
(0.0006 -0.0042 2.8288)
(0.0008 -0.0042 2.8288)
(0.0006 -0.004 2.8288)
(0.0008 -0.004 2.8288)
(0.0002 -0.0043999999 2.8488)
(0.0004 -0.0043999999 2.8488)
(0.0002 -0.0043999999 2.8688)
(0.0004 -0.0043999999 2.8688)
(0.0006 -0.0043999999 2.8488)
(0.0008 -0.0043999999 2.8488)
(0.0006 -0.0043999999 2.8688)
(0.0008 -0.0043999999 2.8688)
(0.0002 -0.0042 2.8488)
(0.0004 -0.0042 2.8488)
(0.0002 -0.004 2.8488)
(0.0004 -0.004 2.8488)
(0.0002 -0.0042 2.8688)
(0.0004 -0.0042 2.8688)
(0.0002 -0.004 2.8688)
(0.0004 -0.004 2.8688)
(0.0006 -0.0042 2.8488)
(0.0008 -0.0042 2.8488)
(0.0006 -0.004 2.8488)
(0.0008 -0.004 2.8488)
(0.0006 -0.0042 2.8688)
(0.0008 -0.0042 2.8688)
(0.0006 -0.004 2.8688)
(0.0008 -0.004 2.8688)
(0.001 -0.0043999999 2.8088)
(0.0012 -0.0043999999 2.8088)
(0.001 -0.0043999999 2.8288)
(0.0012 -0.0043999999 2.8288)
(0.001 -0.0042 2.8088)
(0.0012 -0.0042 2.8088)
(0.001 -0.004 2.8088)
(0.0012 -0.004 2.8088)
(0.001 -0.0042 2.8288)
(0.0012 -0.0042 2.8288)
(0.001 -0.004 2.8288)
(0.0012 -0.004 2.8288)
(0.0014 -0.0042 2.8088)
(0.0016 -0.0042 2.8088)
(0.0014 -0.004 2.8088)
(0.0016 -0.004 2.8088)
(0.0014 -0.0042 2.8288)
(0.0016 -0.0042 2.8288)
(0.0014 -0.004 2.8288)
(0.0016 -0.004 2.8288)
(0.001 -0.0043999999 2.8488)
(0.0012 -0.0043999999 2.8488)
(0.001 -0.0043999999 2.8688)
(0.0012 -0.0043999999 2.8688)
(0.001 -0.0042 3.0888)
(0.0012 -0.0042 3.0888)
(0.001 -0.004 3.0888)
(0.0012 -0.004 3.0888)
(0.001 -0.0042 3.1088)
(0.0012 -0.0042 3.1088)
(0.001 -0.004 3.1088)
(0.0012 -0.004 3.1088)
(0.0014 -0.0042 3.0888)
(0.0016 -0.0042 3.0888)
(0.0014 -0.004 3.0888)
(0.0016 -0.004 3.0888)
(0.0014 -0.0042 3.1088)
(0.0016 -0.0042 3.1088)
(0.0014 -0.004 3.1088)
(0.0016 -0.004 3.1088)
(0.0014 -0.0038 3.0488)
(0.0016 -0.0038 3.0488)
(0.0014 -0.0038 3.0688)
(0.0016 -0.0038 3.0688)
(0.0002 -0.004 3.2488)
(0.0004 -0.004 3.2488)
(0.0002 -0.0042 3.2688)
(0.0004 -0.0042 3.2688)
(0.0002 -0.004 3.2688)
(0.0004 -0.004 3.2688)
(0.0006 -0.0042 3.2488)
(0.0008 -0.0042 3.2488)
(0.0006 -0.004 3.2488)
(0.0008 -0.004 3.2488)
(0.0006 -0.0042 3.2688)
(0.0008 -0.0042 3.2688)
(0.0006 -0.004 3.2688)
(0.0008 -0.004 3.2688)
(0.001 -0.0043999999 3.2088)
(0.0012 -0.0043999999 3.2088)
(0.001 -0.0043999999 3.2288)
(0.0012 -0.0043999999 3.2288)
(0.001 -0.0042 3.2088)
(0.0012 -0.0042 3.2088)
(0.001 -0.004 3.2088)
(0.0012 -0.004 3.2088)
(0.001 -0.0042 3.2288)
(0.0012 -0.0042 3.2288)
(0.001 -0.004 3.2288)
(0.0012 -0.004 3.2288)
(0.0014 -0.0042 3.2088)
(0.0016 -0.0042 3.2088)
(0.0014 -0.004 3.2088)
(0.0016 -0.004 3.2088)
(0.0014 -0.0042 3.2288)
(0.0016 -0.0042 3.2288)
(0.0014 -0.004 3.2288)
(0.0016 -0.004 3.2288)
(0.001 -0.0043999999 3.2488)
(0.0012 -0.0043999999 3.2488)
(0.001 -0.0043999999 3.2688)
(0.0012 -0.0043999999 3.2688)
(0.001 -0.0042 3.2488)
(0.0012 -0.0042 3.2488)
(0.001 -0.004 3.2488)
(0.0012 -0.004 3.2488)
(0.001 -0.0042 3.2688)
(0.0012 -0.0042 3.2688)
(0.001 -0.004 3.2688)
(0.0012 -0.004 3.2688)
(0.0014 -0.0042 3.2488)
(0.0016 -0.0042 3.2488)
(0.0014 -0.004 3.2488)
(0.0016 -0.004 3.2488)
(0.0014 -0.0042 3.2688)
(0.0016 -0.0042 3.2688)
(0.0014 -0.004 3.2688)
(0.0016 -0.004 3.2688)
(0.0022 -0.0034 3.2888)
(0.0024 -0.0034 3.2888)
(0.0022 -0.0034 3.3088)
(0.0024 -0.0034 3.3088)
(0.0018 -0.0038 3.3288)
(0.002 -0.0038 3.3288)
(0.0018 -0.0036 3.3288)
(0.002 -0.0036 3.3288)
(0.0018 -0.0038 3.3488)
(0.002 -0.0038 3.3488)
(0.0018 -0.0036 3.3488)
(0.002 -0.0036 3.3488)
(0.0022 -0.0038 3.3288)
(0.0024 -0.0038 3.3288)
(0.0022 -0.0036 3.3288)
(0.0024 -0.0036 3.3288)
(0.0022 -0.0038 3.3488)
(0.0024 -0.0038 3.3488)
(0.0022 -0.0036 3.3488)
(0.0024 -0.0036 3.3488)
(0.0022 -0.0034 3.3288)
(0.0024 -0.0034 3.3288)
(0.0022 -0.0034 3.3488)
(0.0024 -0.0034 3.3488)
(0.0018 -0.0042000027 3.5287781)
(0.0018 -0.0040000012 3.528778)
(0.002 -0.0040000012 3.528778)
(0.0018 -0.0042000102 3.5487035)
(0.0018 -0.0040000045 3.5487032)
(0.002 -0.0040000045 3.5487032)
(0.0022 -0.0040000012 3.528778)
(0.0022 -0.0040000045 3.5487032)
(0.0018 -0.0042000309 3.5684647)
(0.0018 -0.004000014 3.5684639)
(0.002 -0.004000014 3.5684639)
(0.0018 -0.004200081 3.5878545)
(0.0018 -0.0042006713 3.6413054)
(0.0018 -0.0040003498 3.6413033)
(0.0019999999 -0.0040003498 3.6413033)
(0.0021999995 -0.0040003499 3.6413033)
(0.0018 -0.0038000438 3.606582)
(0.002 -0.0038000438 3.606582)
(0.0018 -0.0036000189 3.6065812)
(0.002 -0.0036000189 3.6065812)
(0.0018 -0.0038000967 3.6244053)
(0.0019999999 -0.0038000967 3.6244053)
(-0.0006 -0.0043999999 1.9888)
(-0.0004 -0.0043999999 1.9888)
(-0.0002 -0.0043999999 1.9888)
(-4.862147e-15 -0.0043999999 1.9888)
(-0.0006 -0.0042 1.9888)
(-0.0004 -0.0042 1.9888)
(-0.0006 -0.004 1.9888)
(-0.0004 -0.004 1.9888)
(-0.0002 -0.0042 1.9888)
(-2.1580197e-16 -0.0042 1.9888)
(-0.0002 -0.004 1.9888)
(-0.0014 -0.0038 1.9888)
(-0.0018 -0.0042 2.0088)
(-0.0016 -0.0042 2.0088)
(-0.0018 -0.004 2.0088)
(-0.0016 -0.004 2.0088)
(-0.0018 -0.0042 2.0288)
(-0.0016 -0.0042 2.0288)
(-0.0018 -0.004 2.0288)
(-0.0016 -0.004 2.0288)
(-0.0018 -0.0042 2.0488)
(-0.0016 -0.0042 2.0488)
(-0.0018 -0.0042 2.1688)
(-0.0016 -0.0042 2.1688)
(-0.0018 -0.004 2.1688)
(-0.0016 -0.004 2.1688)
(-0.0018 -0.0042 2.1888)
(-0.0016 -0.0042 2.1888)
(-0.0018 -0.004 2.1888)
(-0.0016 -0.004 2.1888)
(-0.0018 -0.0042 2.2088)
(-0.0016 -0.0042 2.2088)
(-0.0018 -0.004 2.2088)
(-0.0016 -0.004 2.2088)
(-0.0018 -0.0042 2.2288)
(-0.0016 -0.0042 2.2288)
(-0.0018 -0.004 2.2288)
(-0.0016 -0.004 2.2288)
(-0.0012 -0.0043999999 2.3288)
(-0.0012 -0.0043999999 2.3488)
(-0.001 -0.0043999999 2.3288)
(-0.0008 -0.0043999999 2.3288)
(-0.001 -0.0043999999 2.3488)
(-0.0008 -0.0043999999 2.3488)
(-0.0014 -0.0042 2.3288)
(-0.0012 -0.0042 2.3288)
(-0.0014 -0.004 2.3288)
(-0.0012 -0.004 2.3288)
(-0.0014 -0.0042 2.3488)
(-0.0012 -0.0042 2.3488)
(-0.0014 -0.004 2.3488)
(-0.0012 -0.004 2.3488)
(-0.001 -0.0042 2.3288)
(-0.0008 -0.0042 2.3288)
(-0.0024 -0.0038 2.6088)
(-0.0024 -0.0036 2.6088)
(-0.0024 -0.0038 2.6288)
(-0.0024 -0.0036 2.6288)
(-0.0022 -0.0038 2.5688)
(-0.002 -0.0038 2.5688)
(-0.0022 -0.0036 2.5688)
(-0.002 -0.0036 2.5688)
(-0.0022 -0.0038 2.5888)
(-0.002 -0.0038 2.5888)
(-0.0022 -0.0036 2.5888)
(-0.002 -0.0036 2.5888)
(-0.0018 -0.0038 2.5688)
(-0.0016 -0.0038 2.5688)
(-0.0018 -0.0036 2.5688)
(-0.0018 -0.0038 2.5888)
(-0.0016 -0.0038 2.5888)
(-0.0018 -0.0036 2.5888)
(-0.0022 -0.0038 2.6088)
(-0.002 -0.0038 2.6088)
(-0.0022 -0.0036 2.6088)
(-0.002 -0.0036 2.6088)
(-0.0022 -0.0038 2.6288)
(-0.002 -0.0038 2.6288)
(-0.0022 -0.0036 2.6288)
(-0.002 -0.0036 2.6288)
(-0.0018 -0.0038 2.6088)
(-0.0016 -0.0038 2.6088)
(-0.0018 -0.0036 2.6088)
(-0.0018 -0.0038 2.6288)
(-0.0016 -0.0038 2.6288)
(-0.0018 -0.0036 2.6288)
(-0.0012 -0.0043999999 2.7288)
(-0.0012 -0.0043999999 2.7488)
(-0.001 -0.0043999999 2.7288)
(-0.0008 -0.0043999999 2.7288)
(-0.001 -0.0043999999 2.7488)
(-0.0008 -0.0043999999 2.7488)
(-0.0014 -0.0042 2.7288)
(-0.0012 -0.0042 2.7288)
(-0.0014 -0.004 2.7288)
(-0.0012 -0.004 2.7288)
(-0.0014 -0.0042 2.7488)
(-0.0012 -0.0042 2.7488)
(-0.0014 -0.004 2.7488)
(-0.0012 -0.004 2.7488)
(-0.001 -0.0042 2.7288)
(-0.0008 -0.0042 2.7288)
(-0.001 -0.004 2.7288)
(-0.0008 -0.004 2.7288)
(-0.001 -0.0042 2.7488)
(-0.0008 -0.0042 2.7488)
(-0.001 -0.004 2.7488)
(-0.0008 -0.004 2.7488)
(-0.0012 -0.0043999999 2.7688)
(-0.0012 -0.0043999999 2.7888)
(-0.001 -0.0043999999 2.7688)
(-0.0008 -0.0043999999 2.7688)
(-0.001 -0.0043999999 2.7888)
(-0.0008 -0.0043999999 2.7888)
(-0.0014 -0.0042 2.7688)
(-0.0012 -0.0042 2.7688)
(-0.0014 -0.004 2.7688)
(-0.0012 -0.004 2.7688)
(-0.0014 -0.0042 2.7888)
(-0.0012 -0.0042 2.7888)
(-0.0014 -0.004 2.7888)
(-0.0012 -0.004 2.7888)
(-0.001 -0.0042 2.7688)
(-0.0008 -0.0042 2.7688)
(-0.001 -0.004 2.7688)
(-0.0008 -0.004 2.7688)
(-0.001 -0.0042 2.7888)
(-0.0008 -0.0042 2.7888)
(-0.001 -0.004 2.7888)
(-0.0008 -0.004 2.7888)
(-0.0006 -0.0043999999 2.7288)
(-0.0004 -0.0043999999 2.7288)
(-0.0006 -0.0043999999 2.7488)
(-0.0004 -0.0043999999 2.7488)
(-0.0002 -0.0043999999 2.7288)
(-3.3405489e-15 -0.0043999999 2.7288)
(-0.0002 -0.0043999999 2.7488)
(-3.5984196e-15 -0.0043999999 2.7488)
(-0.0006 -0.0042 2.7288)
(-0.0004 -0.0042 2.7288)
(-0.0006 -0.004 2.7288)
(-0.0004 -0.004 2.7288)
(-0.0006 -0.0042 2.7488)
(-0.0004 -0.0042 2.7488)
(-0.0006 -0.004 2.7488)
(-0.0004 -0.004 2.7488)
(-0.0014 -0.0042 2.9488)
(-0.0012 -0.0042 2.9488)
(-0.0014 -0.004 2.9488)
(-0.0012 -0.004 2.9488)
(-0.001 -0.0042 2.9288)
(-0.0008 -0.0042 2.9288)
(-0.001 -0.004 2.9288)
(-0.0008 -0.004 2.9288)
(-0.001 -0.0042 2.9488)
(-0.0008 -0.0042 2.9488)
(-0.001 -0.004 2.9488)
(-0.0008 -0.004 2.9488)
(-0.0006 -0.0043999999 2.8888)
(-0.0004 -0.0043999999 2.8888)
(-0.0006 -0.0043999999 2.9088)
(-0.0004 -0.0043999999 2.9088)
(-0.0002 -0.0043999999 2.8888)
(3.9103937e-15 -0.0043999999 2.8888)
(-0.0002 -0.0043999999 2.9088)
(5.1000684e-15 -0.0043999999 2.9088)
(-0.0006 -0.0042 2.8888)
(-0.0004 -0.0042 2.8888)
(-0.0006 -0.004 2.8888)
(-0.0004 -0.004 2.8888)
(-0.0006 -0.0042 2.9088)
(-0.0004 -0.0042 2.9088)
(-0.0006 -0.004 2.9088)
(-0.0004 -0.004 2.9088)
(-0.0002 -0.0042 2.8888)
(2.107706e-16 -0.0042 2.8888)
(-0.0002 -0.004 2.8888)
(-0.0002 -0.0042 2.9088)
(2.6573118e-16 -0.0042 2.9088)
(-0.0002 -0.004 2.9088)
(-0.0006 -0.0043999999 2.9288)
(-0.0004 -0.0043999999 2.9288)
(-0.0006 -0.0043999999 2.9488)
(-0.0004 -0.0043999999 2.9488)
(-0.0002 -0.0043999999 2.9288)
(5.6750665e-15 -0.0043999999 2.9288)
(-0.0002 -0.0043999999 2.9488)
(5.6870114e-15 -0.0043999999 2.9488)
(-0.0006 -0.0042 2.9288)
(-0.0004 -0.0042 2.9288)
(-0.0006 -0.004 2.9288)
(-0.0004 -0.004 2.9288)
(-0.0006 -0.0042 2.9488)
(-0.0004 -0.0042 2.9488)
(-0.0006 -0.004 2.9488)
(-0.0004 -0.004 2.9488)
(-0.0002 -0.0042 2.9288)
(2.8952772e-16 -0.0042 2.9288)
(-0.0002 -0.004 2.9288)
(-0.0002 -0.0042 2.9488)
(2.8598543e-16 -0.0042 2.9488)
(-0.0002 -0.004 2.9488)
(-0.0014 -0.0038 2.8888)
(-0.0014 -0.0038 2.9088)
(-0.0022 -0.004 3.3688)
(-0.002 -0.004 3.3688)
(-0.0022 -0.004 3.3888)
(-0.002 -0.004 3.3888)
(-0.0018 -0.0042 3.3688)
(-0.0016 -0.0042 3.3688)
(-0.0018 -0.004 3.3688)
(-0.0016 -0.004 3.3688)
(-0.0018 -0.0042 3.3888)
(-0.0016 -0.0042 3.3888)
(-0.0018 -0.004 3.3888)
(-0.0016 -0.004 3.3888)
(-0.0022 -0.004 3.4488)
(-0.002 -0.004 3.4488)
(-0.0022 -0.004 3.4687999)
(-0.002 -0.004 3.4687999)
(-0.0018 -0.0042 3.4488)
(-0.0016 -0.0042 3.4488)
(-0.0018 -0.004 3.4488)
(-0.0016 -0.004 3.4488)
(-0.0018 -0.0042 3.4687999)
(-0.0016 -0.0042 3.4687999)
(-0.0018 -0.004 3.4687999)
(-0.0016 -0.004 3.4687999)
(-0.0022 -0.004 3.4887995)
(-0.002 -0.004 3.4887995)
(-0.0022 -0.0040000002 3.5087962)
(-0.002 -0.0040000002 3.5087962)
(-0.0018 -0.0042000001 3.4887995)
(-0.0016 -0.0042000001 3.4887995)
(-0.0018 -0.004 3.4887995)
(-0.0016 -0.004 3.4887995)
(-0.0018 -0.0042000006 3.5087962)
(-0.0016 -0.0042000006 3.5087962)
(0.0018 -0.0042 2.0688)
(0.0018 -0.004 2.0688)
(0.002 -0.004 2.0688)
(0.0022 -0.004 2.0688)
(0.0018 -0.0038 2.1688)
(0.002 -0.0038 2.1688)
(0.0018 -0.0036 2.1688)
(0.002 -0.0036 2.1688)
(0.0018 -0.0038 2.1888)
(0.002 -0.0038 2.1888)
(0.0018 -0.0036 2.1888)
(0.002 -0.0036 2.1888)
(0.0022 -0.0038 2.1688)
(0.0024 -0.0038 2.1688)
(0.0022 -0.0036 2.1688)
(0.0024 -0.0036 2.1688)
(0.0022 -0.0038 2.1888)
(0.0024 -0.0038 2.1888)
(0.0022 -0.0036 2.1888)
(0.0024 -0.0036 2.1888)
(0.0022 -0.0034 2.1688)
(0.0024 -0.0034 2.1688)
(0.0022 -0.0034 2.1888)
(0.0024 -0.0034 2.1888)
(0.0018 -0.0038 2.2088)
(0.002 -0.0038 2.2088)
(0.0018 -0.0036 2.2088)
(0.002 -0.0036 2.2088)
(0.0018 -0.0038 2.2288)
(0.002 -0.0038 2.2288)
(0.0018 -0.0036 2.4488)
(0.002 -0.0036 2.4488)
(0.0018 -0.0038 2.4688)
(0.002 -0.0038 2.4688)
(0.0018 -0.0036 2.4688)
(0.002 -0.0036 2.4688)
(0.0022 -0.0038 2.4488)
(0.0024 -0.0038 2.4488)
(0.0022 -0.0036 2.4488)
(0.0024 -0.0036 2.4488)
(0.0022 -0.0038 2.4688)
(0.0024 -0.0038 2.4688)
(0.0022 -0.0036 2.4688)
(0.0024 -0.0036 2.4688)
(0.0022 -0.0034 2.4488)
(0.0024 -0.0034 2.4488)
(0.0022 -0.0034 2.4688)
(0.0024 -0.0034 2.4688)
(0.0018 -0.0038 2.5688)
(0.002 -0.0038 2.5688)
(0.0018 -0.0036 2.5688)
(0.002 -0.0036 2.5688)
(0.0018 -0.0038 2.5888)
(0.002 -0.0038 2.5888)
(0.0018 -0.0036 2.5888)
(0.002 -0.0036 2.5888)
(0.0022 -0.0038 2.5688)
(0.0024 -0.0038 2.5688)
(0.0022 -0.0036 2.5688)
(0.0024 -0.0036 2.5688)
(0.0022 -0.0038 2.5888)
(0.0024 -0.0038 2.5888)
(0.0022 -0.0036 2.5888)
(0.0024 -0.0036 2.5888)
(0.0022 -0.0034 2.5688)
(0.0024 -0.0034 2.5688)
(0.0022 -0.0034 2.5888)
(0.0024 -0.0034 2.5888)
(0.0018 -0.0038 2.6088)
(0.002 -0.0038 2.6088)
(0.0018 -0.0036 2.6088)
(0.002 -0.0036 2.6088)
(0.0018 -0.0038 2.6288)
(0.002 -0.0038 2.6288)
(0.0018 -0.0036 2.6288)
(0.002 -0.0036 2.6288)
(0.0022 -0.0038 2.6088)
(0.0024 -0.0038 2.6088)
(0.0022 -0.0036 2.6088)
(0.0024 -0.0036 2.6088)
(0.0022 -0.0038 2.6288)
(0.0024 -0.0038 2.6288)
(0.0022 -0.0036 2.6288)
(0.0024 -0.0036 2.6288)
(0.0022 -0.0034 2.6088)
(0.0024 -0.0034 2.6088)
(0.0022 -0.0034 2.6288)
(0.0024 -0.0034 2.6288)
(0.0002 -0.0042 2.6888)
(0.0004 -0.0042 2.6888)
(0.0002 -0.004 2.6888)
(0.0004 -0.004 2.6888)
(0.0002 -0.0042 2.7088)
(0.0004 -0.0042 2.7088)
(0.0002 -0.004 2.7088)
(0.0004 -0.004 2.7088)
(0.0006 -0.0042 2.6888)
(0.0008 -0.0042 2.6888)
(0.0006 -0.004 2.6888)
(0.0008 -0.004 2.6888)
(0.0006 -0.0042 2.7088)
(0.0008 -0.0042 2.7088)
(0.0006 -0.004 2.7088)
(0.0008 -0.004 2.7088)
(0.001 -0.0043999999 2.6488)
(0.0012 -0.0043999999 2.6488)
(0.001 -0.0043999999 2.6688)
(0.0012 -0.0043999999 2.6688)
(0.001 -0.0042 2.6488)
(0.0012 -0.0042 2.6488)
(0.001 -0.004 2.6488)
(0.0012 -0.004 2.6488)
(0.001 -0.0042 2.6688)
(0.0012 -0.0042 2.6688)
(0.001 -0.004 2.6688)
(0.0012 -0.004 2.6688)
(0.0014 -0.0042 2.6488)
(0.0016 -0.0042 2.6488)
(0.0014 -0.004 2.6488)
(0.0016 -0.004 2.6488)
(0.0014 -0.0042 2.6688)
(0.0016 -0.0042 2.6688)
(0.0014 -0.004 2.6688)
(0.0016 -0.004 2.6688)
(0.001 -0.0043999999 2.6888)
(0.0012 -0.0043999999 2.6888)
(0.001 -0.0043999999 2.7088)
(0.0012 -0.0043999999 2.7088)
(0.001 -0.0042 2.6888)
(0.0012 -0.0042 2.6888)
(0.001 -0.004 2.6888)
(0.0012 -0.004 2.6888)
(0.001 -0.0042 2.7088)
(0.0012 -0.0042 2.7088)
(0.001 -0.004 2.7088)
(0.0012 -0.004 2.7088)
(0.0014 -0.0042 2.6888)
(0.0016 -0.0042 2.6888)
(0.0014 -0.004 2.6888)
(0.0016 -0.004 2.6888)
(0.0014 -0.0042 2.7088)
(0.0016 -0.0042 2.7088)
(0.0014 -0.004 2.7088)
(0.0016 -0.004 2.7088)
(0.001 -0.0042 2.8488)
(0.0012 -0.0042 2.8488)
(0.001 -0.004 2.8488)
(0.0012 -0.004 2.8488)
(0.001 -0.0042 2.8688)
(0.0012 -0.0042 2.8688)
(0.001 -0.004 2.8688)
(0.0012 -0.004 2.8688)
(0.0014 -0.0042 2.8488)
(0.0016 -0.0042 2.8488)
(0.0014 -0.004 2.8488)
(0.0016 -0.004 2.8488)
(0.0014 -0.0042 2.8688)
(0.0016 -0.0042 2.8688)
(0.0014 -0.004 2.8688)
(0.0016 -0.004 2.8688)
(0.0014 -0.0038 2.8088)
(0.0016 -0.0038 2.8088)
(0.0014 -0.0038 2.8288)
(0.0016 -0.0038 2.8288)
(0.0014 -0.0038 3.0888)
(0.0016 -0.0038 3.0888)
(0.0014 -0.0038 3.1088)
(0.0016 -0.0038 3.1088)
(0.0018 -0.0042 2.9688)
(0.0018 -0.004 2.9688)
(0.002 -0.004 2.9688)
(0.0018 -0.0042 2.9888)
(0.0018 -0.004 2.9888)
(0.002 -0.004 2.9888)
(0.0022 -0.004 2.9688)
(0.0022 -0.004 2.9888)
(0.0018 -0.0042 3.0088)
(0.0018 -0.004 3.0088)
(0.002 -0.004 3.0088)
(0.0014 -0.0038 3.2088)
(0.0016 -0.0038 3.2088)
(0.0014 -0.0038 3.2288)
(0.0016 -0.0038 3.2288)
(0.0014 -0.0038 3.2488)
(0.0016 -0.0038 3.2488)
(0.0014 -0.0038 3.2688)
(0.0016 -0.0038 3.2688)
(0.0018 -0.0042 3.3688)
(0.0018 -0.004 3.3688)
(0.002 -0.004 3.3688)
(0.0018 -0.0042 3.3888)
(0.0018 -0.004 3.3888)
(0.002 -0.004 3.3888)
(0.0022 -0.004 3.3688)
(0.0022 -0.004 3.3888)
(0.0018 -0.0042 3.4088)
(0.0018 -0.004 3.4088)
(0.002 -0.004 3.4088)
(0.0018 -0.0042 3.4288)
(0.0018 -0.004 3.4288)
(0.002 -0.004 3.4288)
(0.0022 -0.004 3.4088)
(0.0022 -0.004 3.4288)
(0.0018 -0.0040000383 3.587853)
(0.002 -0.0040000383 3.587853)
(0.0022 -0.004000014 3.5684639)
(0.0022 -0.0040000383 3.587853)
(0.0018 -0.0038000005 3.528778)
(0.002 -0.0038000005 3.528778)
(0.0018 -0.0036000002 3.528778)
(0.002 -0.0036000002 3.528778)
(0.0018 -0.0038000019 3.548703)
(0.002 -0.0038000019 3.548703)
(0.0018 -0.0036000007 3.548703)
(0.002 -0.0036000007 3.548703)
(0.0022 -0.0038000005 3.528778)
(0.0024 -0.0038000005 3.528778)
(0.0022 -0.0036000002 3.528778)
(0.0024 -0.0036000002 3.528778)
(0.0022 -0.0038000019 3.548703)
(0.0024 -0.0038000019 3.548703)
(0.0022 -0.0036000007 3.548703)
(0.0024 -0.0036000007 3.548703)
(0.0022 -0.0034000001 3.528778)
(0.0024 -0.0034000001 3.528778)
(0.0018 -0.0036000428 3.6244043)
(0.002 -0.0036000428 3.6244043)
(0.0021999999 -0.0038000438 3.606582)
(0.0023999999 -0.0038000438 3.606582)
(0.0021999999 -0.0036000189 3.6065812)
(0.0023999999 -0.0036000189 3.6065812)
(0.0021999998 -0.0038000967 3.6244053)
(0.0023999998 -0.0038000967 3.6244053)
(0.0021999999 -0.0036000428 3.6244043)
(0.0023999998 -0.0036000428 3.6244043)
(0.0022 -0.0034000076 3.6065809)
(0.0023999999 -0.0034000076 3.6065809)
(0.0021999999 -0.0034000174 3.6244038)
(0.0023999999 -0.0034000174 3.6244038)
(0.0018000001 -0.003800167 3.6413018)
(0.002 -0.003800167 3.6413018)
(0.0018000001 -0.0036000731 3.6413009)
(0.002 -0.0036000731 3.6413009)
(0.0021999996 -0.003800167 3.6413018)
(0.0023999995 -0.003800167 3.6413018)
(0.0021999997 -0.0036000731 3.6413009)
(0.0023999996 -0.0036000731 3.6413009)
(0.0021999997 -0.0034000291 3.6413004)
(0.0023999997 -0.0034000291 3.6413004)
(-0.0018 -0.004 2.0488)
(-0.0016 -0.004 2.0488)
(-0.0018 -0.0042 2.0688)
(-0.0016 -0.0042 2.0688)
(-0.0018 -0.004 2.0688)
(-0.0016 -0.004 2.0688)
(-0.0018 -0.0038 2.0088)
(-0.0016 -0.0038 2.0088)
(-0.0018 -0.0038 2.0288)
(-0.0016 -0.0038 2.0288)
(-0.0018 -0.0038 2.1688)
(-0.0016 -0.0038 2.1688)
(-0.0018 -0.0038 2.1888)
(-0.0016 -0.0038 2.1888)
(-0.0018 -0.0038 2.2088)
(-0.0016 -0.0038 2.2088)
(-0.0018 -0.0038 2.2288)
(-0.0016 -0.0038 2.2288)
(-0.001 -0.004 2.3288)
(-0.0008 -0.004 2.3288)
(-0.001 -0.0042 2.3488)
(-0.0008 -0.0042 2.3488)
(-0.001 -0.004 2.3488)
(-0.0008 -0.004 2.3488)
(-0.0012 -0.0043999999 2.3688)
(-0.0012 -0.0043999999 2.3888)
(-0.001 -0.0043999999 2.3688)
(-0.0008 -0.0043999999 2.3688)
(-0.001 -0.0043999999 2.3888)
(-0.0008 -0.0043999999 2.3888)
(-0.0014 -0.0042 2.3688)
(-0.0012 -0.0042 2.3688)
(-0.0014 -0.004 2.3688)
(-0.0012 -0.004 2.3688)
(-0.0014 -0.0042 2.3888)
(-0.0012 -0.0042 2.3888)
(-0.0014 -0.004 2.3888)
(-0.0012 -0.004 2.3888)
(-0.001 -0.0042 2.3688)
(-0.0008 -0.0042 2.3688)
(-0.001 -0.004 2.3688)
(-0.0008 -0.004 2.3688)
(-0.001 -0.0042 2.3888)
(-0.0008 -0.0042 2.3888)
(-0.001 -0.004 2.3888)
(-0.0008 -0.004 2.3888)
(-0.0006 -0.0043999999 2.3288)
(-0.0004 -0.0043999999 2.3288)
(-0.0006 -0.0043999999 2.3488)
(-0.0004 -0.0043999999 2.3488)
(-0.0002 -0.0043999999 2.3288)
(-1.6032961e-15 -0.0043999999 2.3288)
(-0.0002 -0.0043999999 2.3488)
(-2.7592606e-15 -0.0043999999 2.3488)
(-0.0006 -0.0042 2.3288)
(-0.0004 -0.0042 2.3288)
(-0.0006 -0.004 2.3288)
(-0.0004 -0.004 2.3288)
(-0.0006 -0.0042 2.3488)
(-0.0004 -0.0042 2.3488)
(-0.0006 -0.004 2.3488)
(-0.0004 -0.004 2.3488)
(-0.0002 -0.0042 2.3288)
(-4.0654193e-17 -0.0042 2.3288)
(-0.0002 -0.004 2.3288)
(-0.0002 -0.0042 2.3488)
(-9.4103666e-17 -0.0042 2.3488)
(-0.0002 -0.004 2.3488)
(-0.0006 -0.0043999999 2.3688)
(-0.0004 -0.0043999999 2.3688)
(-0.0006 -0.0043999999 2.3888)
(-0.0004 -0.0043999999 2.3888)
(-0.0002 -0.0043999999 2.3688)
(-3.30074e-15 -0.0043999999 2.3688)
(-0.0002 -0.0043999999 2.3888)
(-3.2285948e-15 -0.0043999999 2.3888)
(-0.0006 -0.0042 2.3688)
(-0.0004 -0.0042 2.3688)
(-0.0006 -0.004 2.3688)
(-0.0004 -0.004 2.3688)
(-0.0006 -0.0042 2.3888)
(-0.0004 -0.0042 2.3888)
(-0.0006 -0.004 2.3888)
(-0.0004 -0.004 2.3888)
(-0.0002 -0.0042 2.3688)
(-1.2053448e-16 -0.0042 2.3688)
(-0.0002 -0.004 2.3688)
(-0.0002 -0.0042 2.3888)
(-1.2016348e-16 -0.0042 2.3888)
(-0.0012 -0.0043999999 2.4888)
(-0.0012 -0.0043999999 2.5088)
(-0.001 -0.0043999999 2.4888)
(-0.0008 -0.0043999999 2.4888)
(-0.001 -0.0043999999 2.5088)
(-0.0008 -0.0043999999 2.5088)
(-0.0014 -0.0042 2.4888)
(-0.0012 -0.0042 2.4888)
(-0.0014 -0.004 2.4888)
(-0.0012 -0.004 2.4888)
(-0.0014 -0.0042 2.5088)
(-0.0012 -0.0042 2.5088)
(-0.0014 -0.004 2.5088)
(-0.0012 -0.004 2.5088)
(-0.001 -0.0042 2.4888)
(-0.0008 -0.0042 2.4888)
(-0.001 -0.004 2.4888)
(-0.0008 -0.004 2.4888)
(-0.001 -0.0042 2.5088)
(-0.0008 -0.0042 2.5088)
(-0.001 -0.004 2.5088)
(-0.0008 -0.004 2.5088)
(-0.0012 -0.0043999999 2.5288)
(-0.0012 -0.0043999999 2.5488)
(-0.001 -0.0043999999 2.5288)
(-0.0008 -0.0043999999 2.5288)
(-0.001 -0.0043999999 2.5488)
(-0.0008 -0.0043999999 2.5488)
(-0.0014 -0.0042 2.5288)
(-0.0012 -0.0042 2.5288)
(-0.0014 -0.004 2.5288)
(-0.0012 -0.004 2.5288)
(-0.0014 -0.0042 2.5488)
(-0.0012 -0.0042 2.5488)
(-0.0014 -0.004 2.5488)
(-0.0012 -0.004 2.5488)
(-0.001 -0.0042 2.5288)
(-0.0008 -0.0042 2.5288)
(-0.001 -0.004 2.5288)
(-0.0008 -0.004 2.5288)
(-0.001 -0.0042 2.5488)
(-0.0008 -0.0042 2.5488)
(-0.001 -0.004 2.5488)
(-0.0008 -0.004 2.5488)
(-0.0006 -0.0043999999 2.4888)
(-0.0004 -0.0043999999 2.4888)
(-0.0006 -0.0043999999 2.5088)
(-0.0004 -0.0043999999 2.5088)
(-0.0002 -0.0043999999 2.4888)
(8.051946e-16 -0.0043999999 2.4888)
(-0.0002 -0.0043999999 2.5088)
(1.4407658e-15 -0.0043999999 2.5088)
(-0.0006 -0.0042 2.4888)
(-0.0004 -0.0042 2.4888)
(-0.0006 -0.004 2.4888)
(-0.0004 -0.004 2.4888)
(-0.0006 -0.0042 2.5088)
(-0.0004 -0.0042 2.5088)
(-0.0006 -0.004 2.5088)
(-0.0004 -0.004 2.5088)
(-0.0002 -0.0042 2.4888)
(6.186051e-17 -0.0042 2.4888)
(-0.0002 -0.004 2.4888)
(-0.0002 -0.0042 2.7288)
(-1.3528641e-16 -0.0042 2.7288)
(-0.0002 -0.004 2.7288)
(-0.0002 -0.0042 2.7488)
(-1.48534e-16 -0.0042 2.7488)
(-0.0002 -0.004 2.7488)
(-0.0006 -0.0043999999 2.7688)
(-0.0004 -0.0043999999 2.7688)
(-0.0006 -0.0043999999 2.7888)
(-0.0004 -0.0043999999 2.7888)
(-0.0002 -0.0043999999 2.7688)
(-3.4539937e-15 -0.0043999999 2.7688)
(-0.0002 -0.0043999999 2.7888)
(-2.864518e-15 -0.0043999999 2.7888)
(-0.0006 -0.0042 2.7688)
(-0.0004 -0.0042 2.7688)
(-0.0006 -0.004 2.7688)
(-0.0004 -0.004 2.7688)
(-0.0006 -0.0042 2.7888)
(-0.0004 -0.0042 2.7888)
(-0.0006 -0.004 2.7888)
(-0.0004 -0.004 2.7888)
(-0.0002 -0.0042 2.7688)
(-1.4506964e-16 -0.0042 2.7688)
(-0.0002 -0.004 2.7688)
(-0.0002 -0.0042 2.7888)
(-1.2017873e-16 -0.0042 2.7888)
(-0.0002 -0.004 2.7888)
(-0.0014 -0.0038 2.7288)
(-0.0014 -0.0038 2.7488)
(-0.0014 -0.0038 2.7688)
(-0.0014 -0.0038 2.7888)
(-0.0014 -0.0038 2.9288)
(-0.0014 -0.0038 2.9488)
(-0.0022 -0.004 2.9688)
(-0.002 -0.004 2.9688)
(-0.0022 -0.004 2.9888)
(-0.002 -0.004 2.9888)
(-0.0018 -0.0042 2.9688)
(-0.0016 -0.0042 2.9688)
(-0.0018 -0.004 2.9688)
(-0.0016 -0.004 2.9688)
(-0.0018 -0.0042 2.9888)
(-0.0016 -0.0042 2.9888)
(-0.0018 -0.004 2.9888)
(-0.0016 -0.004 2.9888)
(-0.0022 -0.004 3.0088)
(-0.002 -0.004 3.0088)
(-0.0022 -0.004 3.0288)
(-0.002 -0.004 3.0288)
(-0.0018 -0.0042 3.0088)
(-0.0016 -0.0042 3.0088)
(-0.0018 -0.004 3.0088)
(-0.0016 -0.004 3.0088)
(-0.0018 -0.0042 3.0288)
(-0.0016 -0.0042 3.0288)
(-0.0018 -0.004 3.0288)
(-0.0016 -0.004 3.0288)
(-0.0024 -0.0038 2.9688)
(-0.0024 -0.0036 2.9688)
(-0.0024 -0.0038 2.9888)
(-0.0024 -0.0036 2.9888)
(-0.0024 -0.0038 3.0088)
(-0.0024 -0.0036 3.0088)
(-0.0022 -0.004 3.1288)
(-0.002 -0.004 3.1288)
(-0.0022 -0.004 3.1488)
(-0.002 -0.004 3.1488)
(-0.0018 -0.0042 3.1288)
(-0.0016 -0.0042 3.1288)
(-0.0018 -0.004 3.1288)
(-0.0016 -0.004 3.1288)
(-0.0018 -0.0042 3.1488)
(-0.0016 -0.0042 3.1488)
(-0.0018 -0.004 3.1488)
(-0.0016 -0.004 3.1488)
(-0.0022 -0.004 3.4088)
(-0.002 -0.004 3.4088)
(-0.0022 -0.004 3.4288)
(-0.002 -0.004 3.4288)
(-0.0018 -0.0042 3.4088)
(-0.0016 -0.0042 3.4088)
(-0.0018 -0.004 3.4088)
(-0.0016 -0.004 3.4088)
(-0.0018 -0.0042 3.4288)
(-0.0016 -0.0042 3.4288)
(-0.0018 -0.004 3.4288)
(-0.0016 -0.004 3.4288)
(-0.0024 -0.0038 3.3688)
(-0.0024 -0.0036 3.3688)
(-0.0024 -0.0038 3.3888)
(-0.0024 -0.0036 3.3888)
(-0.0024 -0.0038 3.4088)
(-0.0024 -0.0036 3.4088)
(-0.0024 -0.0038 3.4288)
(-0.0024 -0.0036 3.4288)
(-0.0022 -0.0038 3.3688)
(-0.002 -0.0038 3.3688)
(-0.0022 -0.0036 3.3688)
(-0.002 -0.0036 3.3688)
(-0.0022 -0.0038 3.3888)
(-0.002 -0.0038 3.3888)
(-0.0022 -0.0036 3.3888)
(-0.002 -0.0036 3.3888)
(-0.0018 -0.0038 3.3688)
(-0.0016 -0.0038 3.3688)
(-0.0018 -0.0036 3.3688)
(-0.0018 -0.0038 3.3888)
(-0.0016 -0.0038 3.3888)
(-0.0018 -0.0036 3.3888)
(-0.0018 -0.0040000002 3.5087962)
(-0.0016 -0.0040000002 3.5087962)
(-0.0024 -0.0038 3.4488)
(-0.0024 -0.0036 3.4488)
(-0.0024 -0.0038 3.4687999)
(-0.0024 -0.0036 3.4687999)
(-0.0024 -0.0038 3.4887995)
(-0.0024 -0.0036 3.4887995)
(-0.0024 -0.0038000001 3.5087962)
(-0.0024 -0.0036 3.5087962)
(-0.0022 -0.0038 3.4488)
(-0.002 -0.0038 3.4488)
(-0.0022 -0.0036 3.4488)
(-0.002 -0.0036 3.4488)
(-0.0022 -0.0038 3.4687999)
(-0.002 -0.0038 3.4687999)
(-0.0022 -0.0036 3.4687999)
(-0.002 -0.0036 3.4687999)
(-0.0018 -0.0038 3.4488)
(-0.0016 -0.0038 3.4488)
(-0.0018 -0.0036 3.4488)
(-0.0018 -0.0038 3.4687999)
(-0.0016 -0.0038 3.4687999)
(-0.0018 -0.0036 3.4687999)
(-0.0022 -0.0038 3.4887995)
(-0.002 -0.0038 3.4887995)
(0.0002 -0.0043999999 1.9888)
(0.0002 -0.0042 1.9888)
(0.0018 -0.0038 2.0688)
(0.002 -0.0038 2.0688)
(0.0018 -0.0036 2.0688)
(0.002 -0.0036 2.0688)
(0.0022 -0.0038 2.0688)
(0.0024 -0.0038 2.0688)
(0.0022 -0.0036 2.0688)
(0.0024 -0.0036 2.0688)
(0.0022 -0.0034 2.0688)
(0.0024 -0.0034 2.0688)
(0.0018 -0.0036 2.2288)
(0.002 -0.0036 2.2288)
(0.0022 -0.0038 2.2088)
(0.0024 -0.0038 2.2088)
(0.0022 -0.0036 2.2088)
(0.0024 -0.0036 2.2088)
(0.0022 -0.0038 2.2288)
(0.0024 -0.0038 2.2288)
(0.0022 -0.0036 2.2288)
(0.0024 -0.0036 2.2288)
(0.0022 -0.0034 2.2088)
(0.0024 -0.0034 2.2088)
(0.0022 -0.0034 2.2288)
(0.0024 -0.0034 2.2288)
(0.0014 -0.0038 2.6488)
(0.0016 -0.0038 2.6488)
(0.0014 -0.0038 2.6688)
(0.0016 -0.0038 2.6688)
(0.0014 -0.0038 2.6888)
(0.0016 -0.0038 2.6888)
(0.0014 -0.0038 2.7088)
(0.0016 -0.0038 2.7088)
(0.0014 -0.0038 2.8488)
(0.0016 -0.0038 2.8488)
(0.0014 -0.0038 2.8688)
(0.0016 -0.0038 2.8688)
(0.0002 -0.0043999999 2.8888)
(0.0004 -0.0043999999 2.8888)
(0.0002 -0.0043999999 2.9088)
(0.0004 -0.0043999999 2.9088)
(0.0006 -0.0043999999 2.8888)
(0.0008 -0.0043999999 2.8888)
(0.0006 -0.0043999999 2.9088)
(0.0008 -0.0043999999 2.9088)
(0.0002 -0.0042 2.8888)
(0.0004 -0.0042 2.8888)
(0.0002 -0.004 2.8888)
(0.0004 -0.004 2.8888)
(0.0002 -0.0042 2.9088)
(0.0004 -0.0042 2.9088)
(0.0002 -0.004 2.9088)
(0.0004 -0.004 2.9088)
(0.0006 -0.0042 2.8888)
(0.0008 -0.0042 2.8888)
(0.0006 -0.004 2.8888)
(0.0008 -0.004 2.8888)
(0.0006 -0.0042 2.9088)
(0.0008 -0.0042 2.9088)
(0.0006 -0.004 2.9088)
(0.0008 -0.004 2.9088)
(0.0002 -0.0043999999 2.9288)
(0.0004 -0.0043999999 2.9288)
(0.0002 -0.0043999999 2.9488)
(0.0004 -0.0043999999 2.9488)
(0.0006 -0.0043999999 2.9288)
(0.0008 -0.0043999999 2.9288)
(0.0006 -0.0043999999 2.9488)
(0.0008 -0.0043999999 2.9488)
(0.0002 -0.0042 2.9288)
(0.0004 -0.0042 2.9288)
(0.0002 -0.004 2.9288)
(0.0004 -0.004 2.9288)
(0.0002 -0.0042 2.9488)
(0.0004 -0.0042 2.9488)
(0.0002 -0.004 2.9488)
(0.0004 -0.004 2.9488)
(0.0018 -0.0042 3.0288)
(0.0018 -0.004 3.0288)
(0.002 -0.004 3.0288)
(0.0022 -0.004 3.0088)
(0.0022 -0.004 3.0288)
(0.0018 -0.0038 2.9688)
(0.002 -0.0038 2.9688)
(0.0018 -0.0036 2.9688)
(0.002 -0.0036 2.9688)
(0.0018 -0.0038 2.9888)
(0.002 -0.0038 2.9888)
(0.0018 -0.0036 2.9888)
(0.002 -0.0036 2.9888)
(0.0022 -0.0038 2.9688)
(0.0024 -0.0038 2.9688)
(0.0022 -0.0036 2.9688)
(0.0024 -0.0036 2.9688)
(0.0022 -0.0038 2.9888)
(0.0024 -0.0038 2.9888)
(0.0022 -0.0036 2.9888)
(0.0024 -0.0036 2.9888)
(0.0018 -0.0042 3.1288)
(0.0018 -0.004 3.1288)
(0.002 -0.004 3.1288)
(0.0018 -0.0042 3.1488)
(0.0018 -0.004 3.1488)
(0.002 -0.004 3.1488)
(0.0022 -0.004 3.1288)
(0.0022 -0.004 3.1488)
(0.0018 -0.0042 3.1688)
(0.0018 -0.004 3.1688)
(0.002 -0.004 3.1688)
(0.0018 -0.0042 3.1888)
(0.0018 -0.004 3.1888)
(0.002 -0.004 3.1888)
(0.0022 -0.004 3.1688)
(0.0022 -0.004 3.1888)
(0.0018 -0.0038 3.3688)
(0.002 -0.0038 3.3688)
(0.0018 -0.0036 3.3688)
(0.002 -0.0036 3.3688)
(0.0018 -0.0038 3.3888)
(0.002 -0.0038 3.3888)
(0.0018 -0.0036 3.3888)
(0.002 -0.0036 3.3888)
(0.0022 -0.0038 3.3688)
(0.0024 -0.0038 3.3688)
(0.0022 -0.0036 3.3688)
(0.0024 -0.0036 3.3688)
(0.0022 -0.0038 3.3888)
(0.0024 -0.0038 3.3888)
(0.0022 -0.0036 3.3888)
(0.0024 -0.0036 3.3888)
(0.0022 -0.0034 3.3688)
(0.0024 -0.0034 3.3688)
(0.0022 -0.0034 3.3888)
(0.0024 -0.0034 3.3888)
(0.0018 -0.0038 3.4088)
(0.002 -0.0038 3.4088)
(0.0018 -0.0036 3.4088)
(0.002 -0.0036 3.4088)
(0.0018 -0.0038 3.4288)
(0.002 -0.0038 3.4288)
(0.0018 -0.0036 3.4288)
(0.002 -0.0036 3.4288)
(0.0022 -0.0038 3.4088)
(0.0024 -0.0038 3.4088)
(0.0022 -0.0036 3.4088)
(0.0024 -0.0036 3.4088)
(0.0022 -0.0038 3.4288)
(0.0024 -0.0038 3.4288)
(0.0022 -0.0036 3.4288)
(0.0024 -0.0036 3.4288)
(0.0022 -0.0034 3.4088)
(0.0024 -0.0034 3.4088)
(0.0022 -0.0034 3.4288)
(0.0024 -0.0034 3.4288)
(0.0022 -0.0034000003 3.5487029)
(0.0024 -0.0034000003 3.5487029)
(0.0018 -0.0038000059 3.5684635)
(0.002 -0.0038000059 3.5684635)
(0.0018 -0.0036000023 3.5684633)
(0.002 -0.0036000023 3.5684633)
(0.0018 -0.0038000169 3.5878522)
(0.002 -0.0038000169 3.5878522)
(0.0018 -0.0036000069 3.5878517)
(0.002 -0.0036000069 3.5878517)
(0.0022 -0.0038000059 3.5684635)
(0.0024 -0.003800006 3.5684635)
(0.0022 -0.0036000023 3.5684633)
(0.0024 -0.0036000023 3.5684633)
(0.0022 -0.0038000169 3.5878522)
(0.0024 -0.0038000169 3.5878522)
(0.0022 -0.003600007 3.5878517)
(0.0024 -0.003600007 3.5878517)
(0.0022 -0.0034000009 3.5684632)
(0.0024 -0.0034000009 3.5684632)
(0.0022 -0.0034000027 3.5878516)
(0.0024 -0.0034000027 3.5878516)
(-0.0018 -0.0038 2.0488)
(-0.0016 -0.0038 2.0488)
(-0.0018 -0.0038 2.0688)
(-0.0016 -0.0038 2.0688)
(-0.0018 -0.0042 2.2488)
(-0.0016 -0.0042 2.2488)
(-0.0018 -0.004 2.2488)
(-0.0016 -0.004 2.2488)
(-0.0018 -0.0042 2.2688)
(-0.0016 -0.0042 2.2688)
(-0.0018 -0.004 2.2688)
(-0.0016 -0.004 2.2688)
(-0.0018 -0.0042 2.2888)
(-0.0016 -0.0042 2.2888)
(-0.0018 -0.004 2.2888)
(-0.0016 -0.004 2.2888)
(-0.0018 -0.0042 2.3088)
(-0.0016 -0.0042 2.3088)
(-0.0018 -0.004 2.3088)
(-0.0016 -0.004 2.3088)
(-0.0002 -0.004 2.3888)
(-0.0002 -0.0042 2.5088)
(9.1753997e-17 -0.0042 2.5088)
(-0.0002 -0.004 2.5088)
(-0.0006 -0.0043999999 2.5288)
(-0.0004 -0.0043999999 2.5288)
(-0.0006 -0.0043999999 2.5488)
(-0.0004 -0.0043999999 2.5488)
(-0.0002 -0.0043999999 2.5288)
(1.7074202e-15 -0.0043999999 2.5288)
(-0.0002 -0.0043999999 2.5488)
(1.8252594e-15 -0.0043999999 2.5488)
(-0.0006 -0.0042 2.5288)
(-0.0004 -0.0042 2.5288)
(-0.0006 -0.004 2.5288)
(-0.0004 -0.004 2.5288)
(-0.0006 -0.0042 2.5488)
(-0.0004 -0.0042 2.5488)
(-0.0006 -0.004 2.5488)
(-0.0004 -0.004 2.5488)
(-0.0002 -0.0042 2.5288)
(1.0414948e-16 -0.0042 2.5288)
(-0.0002 -0.004 2.5288)
(-0.0002 -0.0042 2.5488)
(1.1080885e-16 -0.0042 2.5488)
(-0.0002 -0.004 2.5488)
(-0.0014 -0.0038 2.5488)
(-0.0024 -0.0038 3.0288)
(-0.0024 -0.0036 3.0288)
(-0.0022 -0.0038 2.9688)
(-0.002 -0.0038 2.9688)
(-0.0022 -0.0036 2.9688)
(-0.002 -0.0036 2.9688)
(-0.0022 -0.0038 2.9888)
(-0.002 -0.0038 2.9888)
(-0.0022 -0.0036 2.9888)
(-0.002 -0.0036 2.9888)
(-0.0018 -0.0038 2.9688)
(-0.0016 -0.0038 2.9688)
(-0.0018 -0.0036 2.9688)
(-0.0018 -0.0038 2.9888)
(-0.0016 -0.0038 2.9888)
(-0.0018 -0.0036 2.9888)
(-0.0022 -0.0038 3.0088)
(-0.002 -0.0038 3.0088)
(-0.0022 -0.0036 3.0088)
(-0.002 -0.0036 3.0088)
(-0.0022 -0.0038 3.0288)
(-0.002 -0.0038 3.0288)
(-0.0022 -0.0036 3.0288)
(-0.002 -0.0036 3.0288)
(-0.0018 -0.0038 3.0088)
(-0.0016 -0.0038 3.0088)
(-0.0018 -0.0036 3.0088)
(-0.0018 -0.0038 3.0288)
(-0.0016 -0.0038 3.0288)
(-0.0018 -0.0036 3.0288)
(-0.0022 -0.004 3.1688)
(-0.002 -0.004 3.1688)
(-0.0022 -0.004 3.1888)
(-0.002 -0.004 3.1888)
(-0.0018 -0.0042 3.1688)
(-0.0016 -0.0042 3.1688)
(-0.0018 -0.004 3.1688)
(-0.0016 -0.004 3.1688)
(-0.0018 -0.0042 3.1888)
(-0.0016 -0.0042 3.1888)
(-0.0018 -0.004 3.1888)
(-0.0016 -0.004 3.1888)
(-0.0024 -0.0038 3.1288)
(-0.0024 -0.0036 3.1288)
(-0.0024 -0.0038 3.1488)
(-0.0024 -0.0036 3.1488)
(-0.0024 -0.0038 3.1688)
(-0.0024 -0.0036 3.1688)
(-0.0024 -0.0038 3.1888)
(-0.0024 -0.0036 3.1888)
(-0.0022 -0.0038 3.1288)
(-0.002 -0.0038 3.1288)
(-0.0022 -0.0036 3.1288)
(-0.002 -0.0036 3.1288)
(-0.0022 -0.0038 3.1488)
(-0.002 -0.0038 3.1488)
(-0.0022 -0.0036 3.1488)
(-0.002 -0.0036 3.1488)
(-0.0018 -0.0038 3.1288)
(-0.0016 -0.0038 3.1288)
(-0.0018 -0.0036 3.1288)
(-0.0018 -0.0038 3.1488)
(-0.0016 -0.0038 3.1488)
(-0.0018 -0.0036 3.1488)
(-0.0022 -0.0038 3.4088)
(-0.002 -0.0038 3.4088)
(-0.0022 -0.0036 3.4088)
(-0.002 -0.0036 3.4088)
(-0.0022 -0.0038 3.4288)
(-0.002 -0.0038 3.4288)
(-0.0022 -0.0036 3.4288)
(-0.002 -0.0036 3.4288)
(-0.0018 -0.0038 3.4088)
(-0.0016 -0.0038 3.4088)
(-0.0018 -0.0036 3.4088)
(-0.0018 -0.0038 3.4288)
(-0.0016 -0.0038 3.4288)
(-0.0018 -0.0036 3.4288)
(-0.0012 -0.0043999999 3.2888)
(-0.0012 -0.0043999999 3.3088)
(-0.001 -0.0043999999 3.2888)
(-0.0008 -0.0043999999 3.2888)
(-0.001 -0.0043999999 3.3088)
(-0.0008 -0.0043999999 3.3088)
(-0.0014 -0.0042 3.2888)
(-0.0012 -0.0042 3.2888)
(-0.0014 -0.004 3.2888)
(-0.0012 -0.004 3.2888)
(-0.0014 -0.0042 3.3088)
(-0.0012 -0.0042 3.3088)
(-0.0014 -0.004 3.3088)
(-0.0012 -0.004 3.3088)
(-0.001 -0.0042 3.2888)
(-0.0008 -0.0042 3.2888)
(-0.001 -0.004 3.2888)
(-0.0008 -0.004 3.2888)
(-0.001 -0.0042 3.3088)
(-0.0008 -0.0042 3.3088)
(-0.001 -0.004 3.3088)
(-0.0008 -0.004 3.3088)
(-0.0012 -0.0043999999 3.3288)
(-0.0012 -0.0043999999 3.3488)
(-0.001 -0.0043999999 3.3288)
(-0.0008 -0.0043999999 3.3288)
(-0.001 -0.0043999999 3.3488)
(-0.0008 -0.0043999999 3.3488)
(-0.0014 -0.0042 3.3288)
(-0.0012 -0.0042 3.3288)
(-0.0014 -0.004 3.3288)
(-0.0012 -0.004 3.3288)
(-0.0014 -0.0042 3.3488)
(-0.0012 -0.0042 3.3488)
(-0.0022 -0.0036 3.4887995)
(-0.002 -0.0036 3.4887995)
(-0.0022 -0.0038000001 3.5087962)
(-0.002 -0.0038000001 3.5087962)
(-0.0022 -0.0036 3.5087962)
(-0.002 -0.0036 3.5087962)
(-0.0018 -0.0038 3.4887995)
(-0.0016 -0.0038 3.4887995)
(-0.0018 -0.0036 3.4887995)
(-0.0018 -0.0038000001 3.5087962)
(-0.0016 -0.0038000001 3.5087962)
(-0.0018 -0.0036 3.5087962)
(0.0018 -0.0042 2.0888)
(0.0018 -0.004 2.0888)
(0.002 -0.004 2.0888)
(0.0018 -0.0042 2.1088)
(0.0018 -0.004 2.1088)
(0.002 -0.004 2.1088)
(0.0022 -0.004 2.0888)
(0.0022 -0.004 2.1088)
(0.0018 -0.0042 2.2488)
(0.0018 -0.004 2.2488)
(0.002 -0.004 2.2488)
(0.0018 -0.0042 2.2688)
(0.0018 -0.004 2.2688)
(0.002 -0.004 2.2688)
(0.0022 -0.004 2.2488)
(0.0022 -0.004 2.2688)
(0.0018 -0.0042 2.2888)
(0.0018 -0.004 2.2888)
(0.002 -0.004 2.2888)
(0.0018 -0.0042 2.3088)
(0.0018 -0.004 2.3088)
(0.002 -0.004 2.3088)
(0.0022 -0.004 2.2888)
(0.0022 -0.004 2.3088)
(0.0002 -0.0043999999 2.3288)
(0.0004 -0.0043999999 2.3288)
(0.0002 -0.0043999999 2.3488)
(0.0004 -0.0043999999 2.3488)
(0.0006 -0.0043999999 2.3288)
(0.0008 -0.0043999999 2.3288)
(0.0006 -0.0043999999 2.3488)
(0.0008 -0.0043999999 2.3488)
(0.0002 -0.0042 2.3288)
(0.0004 -0.0042 2.3288)
(0.0002 -0.004 2.3288)
(0.0004 -0.004 2.3288)
(0.0002 -0.0042 2.3488)
(0.0004 -0.0042 2.3488)
(0.0002 -0.004 2.3488)
(0.0004 -0.004 2.3488)
(0.0006 -0.0042 2.3288)
(0.0008 -0.0042 2.3288)
(0.0006 -0.004 2.3288)
(0.0008 -0.004 2.3288)
(0.0006 -0.0042 2.3488)
(0.0008 -0.0042 2.3488)
(0.0002 -0.0043999999 2.7288)
(0.0004 -0.0043999999 2.7288)
(0.0002 -0.0043999999 2.7488)
(0.0004 -0.0043999999 2.7488)
(0.0006 -0.0043999999 2.7288)
(0.0008 -0.0043999999 2.7288)
(0.0006 -0.0043999999 2.7488)
(0.0008 -0.0043999999 2.7488)
(0.0002 -0.0042 2.7288)
(0.0004 -0.0042 2.7288)
(0.0002 -0.004 2.7288)
(0.0004 -0.004 2.7288)
(0.0002 -0.0042 2.7488)
(0.0004 -0.0042 2.7488)
(0.0002 -0.004 2.7488)
(0.0004 -0.004 2.7488)
(0.0006 -0.0042 2.7288)
(0.0008 -0.0042 2.7288)
(0.0006 -0.004 2.7288)
(0.0008 -0.004 2.7288)
(0.0006 -0.0042 2.7488)
(0.0008 -0.0042 2.7488)
(0.0006 -0.004 2.7488)
(0.0008 -0.004 2.7488)
(0.0002 -0.0043999999 2.7688)
(0.0004 -0.0043999999 2.7688)
(0.0002 -0.0043999999 2.7888)
(0.0004 -0.0043999999 2.7888)
(0.0006 -0.0043999999 2.7688)
(0.0008 -0.0043999999 2.7688)
(0.0006 -0.0043999999 2.7888)
(0.0008 -0.0043999999 2.7888)
(0.0002 -0.0042 2.7688)
(0.0004 -0.0042 2.7688)
(0.0002 -0.004 2.7688)
(0.0004 -0.004 2.7688)
(0.0002 -0.0042 2.7888)
(0.0004 -0.0042 2.7888)
(0.0002 -0.004 2.7888)
(0.0004 -0.004 2.7888)
(0.0006 -0.0042 2.7688)
(0.0008 -0.0042 2.7688)
(0.0006 -0.004 2.7688)
(0.0008 -0.004 2.7688)
(0.0006 -0.0042 2.7888)
(0.0008 -0.0042 2.7888)
(0.0006 -0.004 2.7888)
(0.0008 -0.004 2.7888)
(0.001 -0.0043999999 2.7288)
(0.0012 -0.0043999999 2.7288)
(0.001 -0.0043999999 2.7488)
(0.0012 -0.0043999999 2.7488)
(0.001 -0.0042 2.7288)
(0.0012 -0.0042 2.7288)
(0.001 -0.004 2.7288)
(0.0012 -0.004 2.7288)
(0.001 -0.0042 2.7488)
(0.0012 -0.0042 2.7488)
(0.001 -0.004 2.7488)
(0.0012 -0.004 2.7488)
(0.0014 -0.0042 2.7288)
(0.0016 -0.0042 2.7288)
(0.0014 -0.004 2.7288)
(0.0016 -0.004 2.7288)
(0.0006 -0.0042 2.9288)
(0.0008 -0.0042 2.9288)
(0.0006 -0.004 2.9288)
(0.0008 -0.004 2.9288)
(0.0006 -0.0042 2.9488)
(0.0008 -0.0042 2.9488)
(0.0006 -0.004 2.9488)
(0.0008 -0.004 2.9488)
(0.001 -0.0043999999 2.8888)
(0.0012 -0.0043999999 2.8888)
(0.001 -0.0043999999 2.9088)
(0.0012 -0.0043999999 2.9088)
(0.001 -0.0042 2.8888)
(0.0012 -0.0042 2.8888)
(0.001 -0.004 2.8888)
(0.0012 -0.004 2.8888)
(0.001 -0.0042 2.9088)
(0.0012 -0.0042 2.9088)
(0.001 -0.004 2.9088)
(0.0012 -0.004 2.9088)
(0.0014 -0.0042 2.8888)
(0.0016 -0.0042 2.8888)
(0.0014 -0.004 2.8888)
(0.0016 -0.004 2.8888)
(0.0014 -0.0042 2.9088)
(0.0016 -0.0042 2.9088)
(0.0014 -0.004 2.9088)
(0.0016 -0.004 2.9088)
(0.001 -0.0043999999 2.9288)
(0.0012 -0.0043999999 2.9288)
(0.001 -0.0043999999 2.9488)
(0.0012 -0.0043999999 2.9488)
(0.001 -0.0042 2.9288)
(0.0012 -0.0042 2.9288)
(0.001 -0.004 2.9288)
(0.0012 -0.004 2.9288)
(0.001 -0.0042 2.9488)
(0.0012 -0.0042 2.9488)
(0.001 -0.004 2.9488)
(0.0012 -0.004 2.9488)
(0.0014 -0.0042 2.9288)
(0.0016 -0.0042 2.9288)
(0.0014 -0.004 2.9288)
(0.0016 -0.004 2.9288)
(0.0014 -0.0042 2.9488)
(0.0016 -0.0042 2.9488)
(0.0014 -0.004 2.9488)
(0.0016 -0.004 2.9488)
(0.0022 -0.0034 2.9688)
(0.0024 -0.0034 2.9688)
(0.0022 -0.0034 2.9888)
(0.0024 -0.0034 2.9888)
(0.0018 -0.0038 3.0088)
(0.002 -0.0038 3.0088)
(0.0018 -0.0036 3.0088)
(0.002 -0.0036 3.0088)
(0.0018 -0.0038 3.0288)
(0.002 -0.0038 3.0288)
(0.0018 -0.0036 3.0288)
(0.002 -0.0036 3.0288)
(0.0022 -0.0038 3.0088)
(0.0024 -0.0038 3.0088)
(0.0022 -0.0036 3.0088)
(0.0024 -0.0036 3.0088)
(0.0022 -0.0038 3.0288)
(0.0024 -0.0038 3.0288)
(0.0022 -0.0036 3.0288)
(0.0024 -0.0036 3.0288)
(0.0022 -0.0034 3.0088)
(0.0024 -0.0034 3.0088)
(0.0022 -0.0034 3.0288)
(0.0024 -0.0034 3.0288)
(0.0018 -0.0038 3.1288)
(0.002 -0.0038 3.1288)
(0.0018 -0.0036 3.1288)
(0.002 -0.0036 3.1288)
(0.0018 -0.0038 3.1488)
(0.002 -0.0038 3.1488)
(0.0018 -0.0036 3.1488)
(0.002 -0.0036 3.1488)
(0.0022 -0.0038 3.1288)
(0.0024 -0.0038 3.1288)
(0.0022 -0.0036 3.1288)
(0.0024 -0.0036 3.1288)
(0.0022 -0.0038 3.1488)
(0.0024 -0.0038 3.1488)
(0.0022 -0.0036 3.1488)
(0.0024 -0.0036 3.1488)
(0.0022 -0.0034 3.1288)
(0.0024 -0.0034 3.1288)
(0.0022 -0.0034 3.1488)
(0.0024 -0.0034 3.1488)
(0.0018 -0.0038 3.1688)
(0.002 -0.0038 3.1688)
(0.0018 -0.0036 3.1688)
(0.002 -0.0036 3.1688)
(0.0018 -0.0038 3.1888)
(0.002 -0.0038 3.1888)
(0.0018 -0.0036 3.1888)
(0.002 -0.0036 3.1888)
(0.0022 -0.0038 3.1688)
(0.0024 -0.0038 3.1688)
(0.0022 -0.0036 3.1688)
(0.0024 -0.0036 3.1688)
(0.0022 -0.0038 3.1888)
(0.0024 -0.0038 3.1888)
(0.0022 -0.0036 3.1888)
(0.0024 -0.0036 3.1888)
(0.0022 -0.0034 3.1688)
(0.0024 -0.0034 3.1688)
(0.0022 -0.0034 3.1888)
(0.0024 -0.0034 3.1888)
(-0.0018 -0.0042 2.0888)
(-0.0016 -0.0042 2.0888)
(-0.0018 -0.004 2.0888)
(-0.0016 -0.004 2.0888)
(-0.0018 -0.0042 2.1088)
(-0.0016 -0.0042 2.1088)
(-0.0018 -0.004 2.1088)
(-0.0016 -0.004 2.1088)
(-0.0018 -0.0042 2.1288)
(-0.0016 -0.0042 2.1288)
(-0.0018 -0.004 2.1288)
(-0.0016 -0.004 2.1288)
(-0.0018 -0.0042 2.1488)
(-0.0016 -0.0042 2.1488)
(-0.0018 -0.004 2.1488)
(-0.0016 -0.004 2.1488)
(-0.0018 -0.0038 2.2488)
(-0.0016 -0.0038 2.2488)
(-0.0018 -0.0038 2.2688)
(-0.0016 -0.0038 2.2688)
(-0.0012 -0.0043999999 2.4088)
(-0.0012 -0.0043999999 2.4288)
(-0.001 -0.0043999999 2.4088)
(-0.0008 -0.0043999999 2.4088)
(-0.001 -0.0043999999 2.4288)
(-0.0008 -0.0043999999 2.4288)
(-0.0014 -0.0042 2.4088)
(-0.0012 -0.0042 2.4088)
(-0.0014 -0.004 2.4088)
(-0.0012 -0.004 2.4088)
(-0.0014 -0.0042 2.4288)
(-0.0012 -0.0042 2.4288)
(-0.0014 -0.004 2.4288)
(-0.0012 -0.004 2.4288)
(-0.001 -0.0042 2.4088)
(-0.0008 -0.0042 2.4088)
(-0.001 -0.004 2.4088)
(-0.0008 -0.004 2.4088)
(-0.001 -0.0042 2.4288)
(-0.0008 -0.0042 2.4288)
(-0.001 -0.004 2.4288)
(-0.0008 -0.004 2.4288)
(-0.0012 -0.0043999999 2.4488)
(-0.0012 -0.0043999999 2.4688)
(-0.001 -0.0043999999 2.4488)
(-0.0008 -0.0043999999 2.4488)
(-0.001 -0.0043999999 2.4688)
(-0.0008 -0.0043999999 2.4688)
(-0.0014 -0.0042 2.4488)
(-0.0012 -0.0042 2.4488)
(-0.0014 -0.004 2.4488)
(-0.0012 -0.004 2.4488)
(-0.0014 -0.0042 2.4688)
(-0.0012 -0.0042 2.4688)
(-0.0014 -0.004 2.4688)
(-0.0012 -0.004 2.4688)
(-0.001 -0.0042 2.4488)
(-0.0008 -0.0042 2.4488)
(-0.001 -0.004 2.4488)
(-0.0008 -0.004 2.4488)
(-0.001 -0.0042 2.4688)
(-0.0008 -0.0042 2.4688)
(-0.001 -0.004 2.4688)
(-0.0008 -0.004 2.4688)
(-0.0006 -0.0043999999 2.4088)
(-0.0004 -0.0043999999 2.4088)
(-0.0012 -0.0043999999 2.5688)
(-0.0012 -0.0043999999 2.5888)
(-0.001 -0.0043999999 2.5688)
(-0.0008 -0.0043999999 2.5688)
(-0.001 -0.0043999999 2.5888)
(-0.0008 -0.0043999999 2.5888)
(-0.0014 -0.0042 2.5688)
(-0.0012 -0.0042 2.5688)
(-0.0014 -0.004 2.5688)
(-0.0012 -0.004 2.5688)
(-0.0014 -0.0042 2.5888)
(-0.0012 -0.0042 2.5888)
(-0.0014 -0.004 2.5888)
(-0.0012 -0.004 2.5888)
(-0.001 -0.0042 2.5688)
(-0.0008 -0.0042 2.5688)
(-0.001 -0.004 2.5688)
(-0.0008 -0.004 2.5688)
(-0.001 -0.0042 2.5888)
(-0.0008 -0.0042 2.5888)
(-0.001 -0.004 2.5888)
(-0.0008 -0.004 2.5888)
(-0.0012 -0.0043999999 2.6088)
(-0.0022 -0.004 3.0488)
(-0.002 -0.004 3.0488)
(-0.0022 -0.004 3.0688)
(-0.002 -0.004 3.0688)
(-0.0018 -0.0042 3.0488)
(-0.0016 -0.0042 3.0488)
(-0.0018 -0.004 3.0488)
(-0.0016 -0.004 3.0488)
(-0.0018 -0.0042 3.0688)
(-0.0016 -0.0042 3.0688)
(-0.0018 -0.004 3.0688)
(-0.0016 -0.004 3.0688)
(-0.0022 -0.004 3.0888)
(-0.002 -0.004 3.0888)
(-0.0022 -0.0038 3.1688)
(-0.002 -0.0038 3.1688)
(-0.0022 -0.0036 3.1688)
(-0.002 -0.0036 3.1688)
(-0.0022 -0.0038 3.1888)
(-0.002 -0.0038 3.1888)
(-0.0022 -0.0036 3.1888)
(-0.002 -0.0036 3.1888)
(-0.0018 -0.0038 3.1688)
(-0.0016 -0.0038 3.1688)
(-0.0018 -0.0036 3.1688)
(-0.0018 -0.0038 3.1888)
(-0.0016 -0.0038 3.1888)
(-0.0018 -0.0036 3.1888)
(-0.0014 -0.004 3.3488)
(-0.0012 -0.004 3.3488)
(-0.001 -0.0042 3.3288)
(-0.0008 -0.0042 3.3288)
(-0.001 -0.004 3.3288)
(-0.0008 -0.004 3.3288)
(-0.001 -0.0042 3.3488)
(-0.0008 -0.0042 3.3488)
(-0.001 -0.004 3.3488)
(-0.0008 -0.004 3.3488)
(-0.0006 -0.0043999999 3.2888)
(-0.0004 -0.0043999999 3.2888)
(-0.0006 -0.0043999999 3.3088)
(-0.0004 -0.0043999999 3.3088)
(-0.0002 -0.0043999999 3.2888)
(-2.4056447e-15 -0.0043999999 3.2888)
(-0.0002 -0.0043999999 3.3088)
(-2.2426519e-15 -0.0043999999 3.3088)
(-0.0006 -0.0042 3.2888)
(-0.0004 -0.0042 3.2888)
(-0.0006 -0.004 3.2888)
(-0.0004 -0.004 3.2888)
(-0.0006 -0.0042 3.3088)
(-0.0004 -0.0042 3.3088)
(-0.0006 -0.004 3.3088)
(-0.0004 -0.004 3.3088)
(-0.0002 -0.0042 3.2888)
(-7.4674425e-17 -0.0042 3.2888)
(-0.0002 -0.004 3.2888)
(-0.0002 -0.0042 3.3088)
(-6.3151388e-17 -0.0042 3.3088)
(-0.0002 -0.004 3.3088)
(-0.0006 -0.0043999999 3.3288)
(-0.0004 -0.0043999999 3.3288)
(-0.0006 -0.0043999999 3.3488)
(-0.0004 -0.0043999999 3.3488)
(-0.0002 -0.0043999999 3.3288)
(-2.29066e-15 -0.0043999999 3.3288)
(-0.0002 -0.0043999999 3.3488)
(-2.6616587e-15 -0.0043999999 3.3488)
(-0.0006 -0.0042 3.3288)
(-0.0004 -0.0042 3.3288)
(-0.0006 -0.004 3.3288)
(-0.0004 -0.004 3.3288)
(-0.0006 -0.0042 3.3488)
(-0.0004 -0.0042 3.3488)
(-0.0006 -0.004 3.3488)
(-0.0004 -0.004 3.3488)
(-0.0002 -0.0042 3.3288)
(-6.2700767e-17 -0.0042 3.3288)
(-0.0002 -0.004 3.3288)
(-0.0002 -0.0042 3.3488)
(-7.8868932e-17 -0.0042 3.3488)
(-0.0002 -0.004 3.3488)
(-0.0014 -0.0038 3.2888)
(-0.0014 -0.0038 3.3088)
(-0.0022 -0.0040000012 3.528778)
(-0.002 -0.0040000012 3.528778)
(-0.0022 -0.0040000045 3.5487032)
(-0.002 -0.0040000045 3.5487032)
(-0.0018 -0.0042000027 3.5287781)
(-0.0016 -0.0042000027 3.5287781)
(-0.0018 -0.0040000012 3.528778)
(-0.0016 -0.0040000012 3.528778)
(-0.0018 -0.0042000102 3.5487035)
(-0.0016 -0.0042000102 3.5487035)
(-0.0018 -0.0040000045 3.5487032)
(-0.0016 -0.0040000045 3.5487032)
(-0.0022 -0.004000014 3.5684639)
(-0.002 -0.004000014 3.5684639)
(-0.0022 -0.0040000383 3.587853)
(-0.002 -0.0040000383 3.587853)
(-0.0018 -0.0042000309 3.5684647)
(-0.0016 -0.0042000309 3.5684647)
(-0.0018 -0.004000014 3.5684639)
(-0.0016 -0.004000014 3.5684639)
(-0.0018 -0.004200081 3.5878545)
(-0.0016 -0.004200081 3.5878545)
(-0.0018 -0.0040000383 3.587853)
(-0.0016 -0.0040000383 3.587853)
(-0.0024 -0.0038000005 3.528778)
(-0.0024 -0.0036000002 3.528778)
(-0.0024 -0.0038000019 3.548703)
(-0.0024 -0.0036000007 3.548703)
(-0.0024 -0.0038000059 3.5684635)
(0.0018 -0.0042 2.1288)
(0.0018 -0.004 2.1288)
(0.002 -0.004 2.1288)
(0.0018 -0.0042 2.1488)
(0.0018 -0.004 2.1488)
(0.002 -0.004 2.1488)
(0.0022 -0.004 2.1288)
(0.0022 -0.004 2.1488)
(0.0018 -0.0038 2.0888)
(0.002 -0.0038 2.0888)
(0.0018 -0.0036 2.0888)
(0.002 -0.0036 2.0888)
(0.0018 -0.0038 2.1088)
(0.002 -0.0038 2.1088)
(0.0018 -0.0036 2.1088)
(0.002 -0.0036 2.1088)
(0.0022 -0.0038 2.0888)
(0.0024 -0.0038 2.0888)
(0.0022 -0.0036 2.0888)
(0.0024 -0.0036 2.0888)
(0.0022 -0.0038 2.1088)
(0.0024 -0.0038 2.1088)
(0.0022 -0.0036 2.1088)
(0.0024 -0.0036 2.1088)
(0.0018 -0.0038 2.2488)
(0.002 -0.0038 2.2488)
(0.0018 -0.0036 2.2488)
(0.002 -0.0036 2.2488)
(0.0018 -0.0038 2.2688)
(0.002 -0.0038 2.2688)
(0.0018 -0.0036 2.2688)
(0.002 -0.0036 2.2688)
(0.0022 -0.0038 2.2488)
(0.0024 -0.0038 2.2488)
(0.0022 -0.0036 2.2488)
(0.0024 -0.0036 2.2488)
(0.0022 -0.0038 2.2688)
(0.0024 -0.0038 2.2688)
(0.0022 -0.0036 2.2688)
(0.0024 -0.0036 2.2688)
(0.0022 -0.0034 2.2488)
(0.0024 -0.0034 2.2488)
(0.0022 -0.0034 2.2688)
(0.0024 -0.0034 2.2688)
(0.0018 -0.0038 2.2888)
(0.002 -0.0038 2.2888)
(0.0018 -0.0036 2.2888)
(0.002 -0.0036 2.2888)
(0.0018 -0.0038 2.3088)
(0.002 -0.0038 2.3088)
(0.0018 -0.0036 2.3088)
(0.002 -0.0036 2.3088)
(0.0022 -0.0038 2.2888)
(0.0024 -0.0038 2.2888)
(0.0022 -0.0036 2.2888)
(0.0024 -0.0036 2.2888)
(0.0022 -0.0038 2.3088)
(0.0024 -0.0038 2.3088)
(0.0022 -0.0036 2.3088)
(0.0024 -0.0036 2.3088)
(0.0022 -0.0034 2.2888)
(0.0024 -0.0034 2.2888)
(0.0022 -0.0034 2.3088)
(0.0024 -0.0034 2.3088)
(0.0006 -0.004 2.3488)
(0.0008 -0.004 2.3488)
(0.0002 -0.0043999999 2.3688)
(0.0004 -0.0043999999 2.3688)
(0.0002 -0.0043999999 2.3888)
(0.0004 -0.0043999999 2.3888)
(0.0006 -0.0043999999 2.3688)
(0.0008 -0.0043999999 2.3688)
(0.0006 -0.0043999999 2.3888)
(0.0008 -0.0043999999 2.3888)
(0.0002 -0.0042 2.3688)
(0.0004 -0.0042 2.3688)
(0.0002 -0.004 2.3688)
(0.0004 -0.004 2.3688)
(0.0002 -0.0042 2.3888)
(0.0004 -0.0042 2.3888)
(0.0002 -0.004 2.3888)
(0.0004 -0.004 2.3888)
(0.0006 -0.0042 2.3688)
(0.0008 -0.0042 2.3688)
(0.0006 -0.004 2.3688)
(0.0008 -0.004 2.3688)
(0.0006 -0.0042 2.3888)
(0.0008 -0.0042 2.3888)
(0.0006 -0.004 2.3888)
(0.0008 -0.004 2.3888)
(0.001 -0.0043999999 2.3288)
(0.0012 -0.0043999999 2.3288)
(0.001 -0.0043999999 2.3488)
(0.0012 -0.0043999999 2.3488)
(0.001 -0.0042 2.3288)
(0.0012 -0.0042 2.3288)
(0.001 -0.004 2.3288)
(0.0012 -0.004 2.3288)
(0.001 -0.0042 2.3488)
(0.0012 -0.0042 2.3488)
(0.001 -0.004 2.3488)
(0.0012 -0.004 2.3488)
(0.0014 -0.0042 2.3288)
(0.0016 -0.0042 2.3288)
(0.0014 -0.004 2.3288)
(0.0016 -0.004 2.3288)
(0.0014 -0.0042 2.3488)
(0.0016 -0.0042 2.3488)
(0.0014 -0.004 2.3488)
(0.0016 -0.004 2.3488)
(0.001 -0.0043999999 2.3688)
(0.0012 -0.0043999999 2.3688)
(0.001 -0.0043999999 2.3888)
(0.0012 -0.0043999999 2.3888)
(0.001 -0.0042 2.3688)
(0.0012 -0.0042 2.3688)
(0.001 -0.004 2.3688)
(0.0012 -0.004 2.3688)
(0.001 -0.0042 2.3888)
(0.0012 -0.0042 2.3888)
(0.001 -0.004 2.3888)
(0.0012 -0.004 2.3888)
(0.0014 -0.0042 2.3688)
(0.0016 -0.0042 2.3688)
(0.0014 -0.004 2.3688)
(0.0016 -0.004 2.3688)
(0.0014 -0.0042 2.3888)
(0.0016 -0.0042 2.3888)
(0.0014 -0.004 2.3888)
(0.0016 -0.004 2.3888)
(0.0002 -0.0043999999 2.4888)
(0.0004 -0.0043999999 2.4888)
(0.0002 -0.0043999999 2.5088)
(0.0004 -0.0043999999 2.5088)
(0.0006 -0.0043999999 2.4888)
(0.0008 -0.0043999999 2.4888)
(0.0006 -0.0043999999 2.5088)
(0.0008 -0.0043999999 2.5088)
(0.0002 -0.0042 2.4888)
(0.0004 -0.0042 2.4888)
(0.0002 -0.004 2.4888)
(0.0004 -0.004 2.4888)
(0.0002 -0.0042 2.5088)
(0.0004 -0.0042 2.5088)
(0.0002 -0.004 2.5088)
(0.0004 -0.004 2.5088)
(0.0006 -0.0042 2.4888)
(0.0008 -0.0042 2.4888)
(0.0006 -0.004 2.4888)
(0.0008 -0.004 2.4888)
(0.0006 -0.0042 2.5088)
(0.0008 -0.0042 2.5088)
(0.0006 -0.004 2.5088)
(0.0008 -0.004 2.5088)
(0.0002 -0.0043999999 2.5288)
(0.0004 -0.0043999999 2.5288)
(0.0002 -0.0043999999 2.5488)
(0.0004 -0.0043999999 2.5488)
(0.0006 -0.0043999999 2.5288)
(0.0008 -0.0043999999 2.5288)
(0.0006 -0.0043999999 2.5488)
(0.0008 -0.0043999999 2.5488)
(0.0002 -0.0042 2.5288)
(0.0004 -0.0042 2.5288)
(0.0002 -0.004 2.5288)
(0.0004 -0.004 2.5288)
(0.0002 -0.0042 2.5488)
(0.0004 -0.0042 2.5488)
(0.0002 -0.004 2.5488)
(0.0004 -0.004 2.5488)
(0.0006 -0.0042 2.5288)
(0.0008 -0.0042 2.5288)
(0.0006 -0.004 2.5288)
(0.0008 -0.004 2.5288)
(0.0006 -0.0042 2.5488)
(0.0008 -0.0042 2.5488)
(0.0006 -0.004 2.5488)
(0.0008 -0.004 2.5488)
(0.001 -0.0043999999 2.4888)
(0.0012 -0.0043999999 2.4888)
(0.001 -0.0043999999 2.5088)
(0.0012 -0.0043999999 2.5088)
(0.001 -0.0042 2.4888)
(0.0012 -0.0042 2.4888)
(0.001 -0.004 2.4888)
(0.0012 -0.004 2.4888)
(0.001 -0.0042 2.5088)
(0.0012 -0.0042 2.5088)
(0.001 -0.004 2.5088)
(0.0012 -0.004 2.5088)
(0.0014 -0.0042 2.4888)
(0.0016 -0.0042 2.4888)
(0.0014 -0.004 2.4888)
(0.0016 -0.004 2.4888)
(0.0014 -0.0042 2.5088)
(0.0016 -0.0042 2.5088)
(0.0014 -0.004 2.5088)
(0.0016 -0.004 2.5088)
(0.0014 -0.0042 2.7488)
(0.0016 -0.0042 2.7488)
(0.0014 -0.004 2.7488)
(0.0016 -0.004 2.7488)
(0.001 -0.0043999999 2.7688)
(0.0012 -0.0043999999 2.7688)
(0.001 -0.0043999999 2.7888)
(0.0012 -0.0043999999 2.7888)
(0.001 -0.0042 2.7688)
(0.0012 -0.0042 2.7688)
(0.001 -0.004 2.7688)
(0.0012 -0.004 2.7688)
(0.001 -0.0042 2.7888)
(0.0012 -0.0042 2.7888)
(0.001 -0.004 2.7888)
(0.0012 -0.004 2.7888)
(0.0014 -0.0042 2.7688)
(0.0016 -0.0042 2.7688)
(0.0014 -0.004 2.7688)
(0.0016 -0.004 2.7688)
(0.0014 -0.0042 2.7888)
(0.0016 -0.0042 2.7888)
(0.0014 -0.004 2.7888)
(0.0016 -0.004 2.7888)
(0.0014 -0.0038 2.8888)
(0.0016 -0.0038 2.8888)
(0.0014 -0.0038 2.9088)
(0.0016 -0.0038 2.9088)
(0.0014 -0.0038 2.9288)
(0.0016 -0.0038 2.9288)
(0.0014 -0.0038 2.9488)
(0.0016 -0.0038 2.9488)
(0.0018 -0.0042 3.0488)
(0.0018 -0.004 3.0488)
(0.002 -0.004 3.0488)
(0.0018 -0.0042 3.0688)
(0.0018 -0.004 3.0688)
(0.002 -0.004 3.0688)
(0.0022 -0.004 3.0488)
(0.0022 -0.004 3.0688)
(0.0018 -0.0042 3.0888)
(0.0018 -0.004 3.0888)
(0.002 -0.004 3.0888)
(0.0018 -0.0042 3.1088)
(0.0018 -0.004 3.1088)
(0.002 -0.004 3.1088)
(0.0022 -0.004 3.0888)
(0.0022 -0.004 3.1088)
(0.0018 -0.0042 3.2088)
(0.0018 -0.004 3.2088)
(0.002 -0.004 3.2088)
(0.0018 -0.0042 3.2288)
(0.0018 -0.004 3.2288)
(0.002 -0.004 3.2288)
(0.0022 -0.004 3.2088)
(0.0022 -0.004 3.2288)
(0.0002 -0.0043999999 3.4488)
(0.0004 -0.0043999999 3.4488)
(0.0002 -0.0043999999 3.4687999)
(0.0004 -0.0043999999 3.4687999)
(0.0006 -0.0043999999 3.4488)
(0.0008 -0.0043999999 3.4488)
(0.0006 -0.0043999999 3.4687999)
(0.0008 -0.0043999999 3.4687999)
(0.0002 -0.0042 3.4488)
(0.0004 -0.0042 3.4488)
(0.0002 -0.004 3.4488)
(0.0004 -0.004 3.4488)
(0.0002 -0.0042 3.4687999)
(0.0004 -0.0042 3.4687999)
(-0.0018 -0.0038 2.0888)
(-0.0016 -0.0038 2.0888)
(-0.0018 -0.0038 2.1088)
(-0.0016 -0.0038 2.1088)
(-0.0018 -0.0038 2.1288)
(-0.0016 -0.0038 2.1288)
(-0.0018 -0.0038 2.1488)
(-0.0016 -0.0038 2.1488)
(-0.0012 -0.0043999999 2.0088)
(-0.0012 -0.0043999999 2.0288)
(-0.0018 -0.0038 2.2888)
(-0.0016 -0.0038 2.2888)
(-0.0018 -0.0038 2.3088)
(-0.0016 -0.0038 2.3088)
(-0.0012 -0.0043999999 2.1688)
(-0.0012 -0.0043999999 2.1888)
(-0.001 -0.0043999999 2.1688)
(-0.0008 -0.0043999999 2.1688)
(-0.001 -0.0043999999 2.1888)
(-0.0008 -0.0043999999 2.1888)
(-0.0014 -0.0042 2.1688)
(-0.0012 -0.0042 2.1688)
(-0.0014 -0.004 2.1688)
(-0.0012 -0.004 2.1688)
(-0.0014 -0.0042 2.1888)
(-0.0012 -0.0042 2.1888)
(-0.0014 -0.004 2.1888)
(-0.0012 -0.004 2.1888)
(-0.001 -0.0042 2.1688)
(-0.0008 -0.0042 2.1688)
(-0.001 -0.004 2.1688)
(-0.0008 -0.004 2.1688)
(-0.001 -0.0042 2.1888)
(-0.0008 -0.0042 2.1888)
(-0.001 -0.004 2.1888)
(-0.0008 -0.004 2.1888)
(-0.0012 -0.0043999999 2.2088)
(-0.0012 -0.0043999999 2.2288)
(-0.001 -0.0043999999 2.2088)
(-0.0008 -0.0043999999 2.2088)
(-0.001 -0.0043999999 2.2288)
(-0.0008 -0.0043999999 2.2288)
(-0.0014 -0.0042 2.2088)
(-0.0012 -0.0042 2.2088)
(-0.0014 -0.004 2.2088)
(-0.0012 -0.004 2.2088)
(-0.0014 -0.0042 2.2288)
(-0.0012 -0.0042 2.2288)
(-0.0014 -0.004 2.2288)
(-0.0012 -0.004 2.2288)
(-0.001 -0.0042 2.2088)
(-0.0008 -0.0042 2.2088)
(-0.001 -0.004 2.2088)
(-0.0008 -0.004 2.2088)
(-0.001 -0.0042 2.2288)
(-0.0008 -0.0042 2.2288)
(-0.001 -0.004 2.2288)
(-0.0008 -0.004 2.2288)
(-0.0006 -0.0043999999 2.1688)
(-0.0004 -0.0043999999 2.1688)
(-0.0006 -0.0043999999 2.1888)
(-0.0004 -0.0043999999 2.1888)
(-0.0006 -0.0043999999 2.4288)
(-0.0004 -0.0043999999 2.4288)
(-0.0002 -0.0043999999 2.4088)
(-2.7405243e-15 -0.0043999999 2.4088)
(-0.0002 -0.0043999999 2.4288)
(-2.0212967e-15 -0.0043999999 2.4288)
(-0.0006 -0.0042 2.4088)
(-0.0004 -0.0042 2.4088)
(-0.0006 -0.004 2.4088)
(-0.0004 -0.004 2.4088)
(-0.0006 -0.0042 2.4288)
(-0.0004 -0.0042 2.4288)
(-0.0006 -0.004 2.4288)
(-0.0004 -0.004 2.4288)
(-0.0002 -0.0042 2.4088)
(-1.0182183e-16 -0.0042 2.4088)
(-0.0002 -0.004 2.4088)
(-0.0002 -0.0042 2.4288)
(-7.2138408e-17 -0.0042 2.4288)
(-0.0002 -0.004 2.4288)
(-0.0006 -0.0043999999 2.4488)
(-0.0004 -0.0043999999 2.4488)
(-0.0006 -0.0043999999 2.4688)
(-0.0004 -0.0043999999 2.4688)
(-0.0002 -0.0043999999 2.4488)
(-1.136393e-15 -0.0043999999 2.4488)
(-0.0002 -0.0043999999 2.4688)
(-1.3494421e-16 -0.0043999999 2.4688)
(-0.0006 -0.0042 2.4488)
(-0.0004 -0.0042 2.4488)
(-0.0006 -0.004 2.4488)
(-0.0004 -0.004 2.4488)
(-0.0006 -0.0042 2.4688)
(-0.0004 -0.0042 2.4688)
(-0.0006 -0.004 2.4688)
(-0.0004 -0.004 2.4688)
(-0.0002 -0.0042 2.4488)
(-3.1917896e-17 -0.0042 2.4488)
(-0.0002 -0.004 2.4488)
(-0.0002 -0.0042 2.4688)
(1.6330795e-17 -0.0042 2.4688)
(-0.0002 -0.004 2.4688)
(-0.0012 -0.0043999999 2.6288)
(-0.001 -0.0043999999 2.6088)
(-0.0008 -0.0043999999 2.6088)
(-0.001 -0.0043999999 2.6288)
(-0.0008 -0.0043999999 2.6288)
(-0.0014 -0.0042 2.6088)
(-0.0012 -0.0042 2.6088)
(-0.0014 -0.004 2.6088)
(-0.0012 -0.004 2.6088)
(-0.0014 -0.0042 2.6288)
(-0.0012 -0.0042 2.6288)
(-0.0014 -0.004 2.6288)
(-0.0012 -0.004 2.6288)
(-0.001 -0.0042 2.6088)
(-0.0008 -0.0042 2.6088)
(-0.001 -0.004 2.6088)
(-0.0008 -0.004 2.6088)
(-0.001 -0.0042 2.6288)
(-0.0008 -0.0042 2.6288)
(-0.001 -0.004 2.6288)
(-0.0008 -0.004 2.6288)
(-0.0006 -0.0043999999 2.5688)
(-0.0004 -0.0043999999 2.5688)
(-0.0006 -0.0043999999 2.5888)
(-0.0004 -0.0043999999 2.5888)
(-0.0002 -0.0043999999 2.5688)
(2.0777871e-15 -0.0043999999 2.5688)
(-0.0002 -0.0043999999 2.5888)
(2.4780067e-15 -0.0043999999 2.5888)
(-0.0006 -0.0042 2.5688)
(-0.0004 -0.0042 2.5688)
(-0.0006 -0.004 2.5688)
(-0.0004 -0.004 2.5688)
(-0.0006 -0.0042 2.5888)
(-0.0004 -0.0042 2.5888)
(-0.0006 -0.004 2.5888)
(-0.0004 -0.004 2.5888)
(-0.0002 -0.0042 2.5688)
(1.2503392e-16 -0.0042 2.5688)
(-0.0002 -0.004 2.5688)
(-0.0002 -0.0042 2.5888)
(1.4559311e-16 -0.0042 2.5888)
(-0.0002 -0.004 2.5888)
(-0.0006 -0.0043999999 2.6088)
(-0.0004 -0.0043999999 2.6088)
(-0.0006 -0.0043999999 2.6288)
(-0.0004 -0.0043999999 2.6288)
(-0.0002 -0.0043999999 2.6088)
(2.696194e-15 -0.0043999999 2.6088)
(-0.0002 -0.0043999999 2.6288)
(2.3357848e-15 -0.0043999999 2.6288)
(-0.0006 -0.0042 2.6088)
(-0.0004 -0.0042 2.6088)
(-0.0006 -0.004 2.6088)
(-0.0004 -0.004 2.6088)
(-0.0006 -0.0042 2.6288)
(-0.0004 -0.0042 2.6288)
(-0.0006 -0.004 2.6288)
(-0.0004 -0.004 2.6288)
(-0.0002 -0.0042 2.6088)
(1.5491386e-16 -0.0042 2.6088)
(-0.0002 -0.004 2.6088)
(-0.0002 -0.0042 2.6288)
(1.3434112e-16 -0.0042 2.6288)
(-0.0002 -0.004 2.6288)
(-0.0014 -0.0038 2.5688)
(-0.0014 -0.0038 2.5888)
(-0.0022 -0.004 2.8088)
(-0.002 -0.004 2.8088)
(-0.0022 -0.004 2.8288)
(-0.002 -0.004 2.8288)
(-0.0018 -0.0042 2.8088)
(-0.0016 -0.0042 2.8088)
(-0.0018 -0.004 2.8088)
(-0.0016 -0.004 2.8088)
(-0.0018 -0.0042 2.8288)
(-0.0016 -0.0042 2.8288)
(-0.0018 -0.004 2.8288)
(-0.0016 -0.004 2.8288)
(-0.0022 -0.004 2.8488)
(-0.002 -0.004 2.8488)
(-0.0022 -0.004 2.8688)
(-0.002 -0.004 2.8688)
(-0.0022 -0.004 3.1088)
(-0.002 -0.004 3.1088)
(-0.0018 -0.0042 3.0888)
(-0.0016 -0.0042 3.0888)
(-0.0018 -0.004 3.0888)
(-0.0016 -0.004 3.0888)
(-0.0018 -0.0042 3.1088)
(-0.0016 -0.0042 3.1088)
(-0.0018 -0.004 3.1088)
(-0.0016 -0.004 3.1088)
(-0.0024 -0.0038 3.0488)
(-0.0024 -0.0036 3.0488)
(-0.0024 -0.0038 3.0688)
(-0.0024 -0.0036 3.0688)
(-0.0024 -0.0038 3.0888)
(-0.0024 -0.0036 3.0888)
(-0.0024 -0.0038 3.1088)
(-0.0024 -0.0036 3.1088)
(-0.0022 -0.0038 3.0488)
(-0.002 -0.0038 3.0488)
(-0.0022 -0.0036 3.0488)
(-0.002 -0.0036 3.0488)
(-0.0022 -0.0038 3.0688)
(-0.002 -0.0038 3.0688)
(-0.0022 -0.0036 3.0688)
(-0.002 -0.0036 3.0688)
(-0.0018 -0.0038 3.0488)
(-0.0016 -0.0038 3.0488)
(-0.0018 -0.0036 3.0488)
(-0.0018 -0.0038 3.0688)
(-0.0016 -0.0038 3.0688)
(-0.0018 -0.0036 3.0688)
(-0.0022 -0.004 3.2088)
(-0.002 -0.004 3.2088)
(-0.0022 -0.004 3.2288)
(-0.002 -0.004 3.2288)
(-0.0018 -0.0042 3.2088)
(-0.0016 -0.0042 3.2088)
(-0.0018 -0.004 3.2088)
(-0.0016 -0.004 3.2088)
(-0.0018 -0.0042 3.2288)
(-0.0016 -0.0042 3.2288)
(-0.0018 -0.004 3.2288)
(-0.0016 -0.004 3.2288)
(-0.0022 -0.004 3.2488)
(-0.002 -0.004 3.2488)
(-0.0022 -0.004 3.2688)
(-0.002 -0.004 3.2688)
(-0.0018 -0.0042 3.2488)
(-0.0016 -0.0042 3.2488)
(-0.0018 -0.004 3.2488)
(-0.0016 -0.004 3.2488)
(-0.0018 -0.0042 3.2688)
(-0.0016 -0.0042 3.2688)
(-0.0018 -0.004 3.2688)
(-0.0016 -0.004 3.2688)
(-0.0024 -0.0038 3.2088)
(-0.0024 -0.0036 3.2088)
(-0.0024 -0.0038 3.2288)
(-0.0024 -0.0036 3.2288)
(-0.0014 -0.0038 3.3288)
(-0.0014 -0.0038 3.3488)
(-0.0024 -0.0036000023 3.5684633)
(-0.0024 -0.0038000169 3.5878522)
(-0.0024 -0.0036000069 3.5878517)
(-0.0022 -0.0038000005 3.528778)
(-0.002 -0.0038000005 3.528778)
(-0.0022 -0.0036000002 3.528778)
(-0.002 -0.0036000002 3.528778)
(-0.0022 -0.0038000019 3.548703)
(-0.002 -0.0038000019 3.548703)
(-0.0022 -0.0036000007 3.548703)
(-0.002 -0.0036000007 3.548703)
(-0.0018 -0.0038000005 3.528778)
(-0.0016 -0.0038000005 3.528778)
(-0.0018 -0.0036000002 3.528778)
(-0.0018 -0.0038000019 3.548703)
(-0.0016 -0.0038000019 3.548703)
(-0.0018 -0.0036000007 3.548703)
(-0.0022 -0.0038000059 3.5684635)
(-0.002 -0.0038000059 3.5684635)
(-0.0022 -0.0036000023 3.5684633)
(-0.002 -0.0036000023 3.5684633)
(-0.0022 -0.0038000169 3.5878522)
(-0.002 -0.0038000169 3.5878522)
(-0.0022 -0.0036000069 3.5878517)
(-0.002 -0.0036000069 3.5878517)
(-0.0018 -0.0038000059 3.5684635)
(-0.0016 -0.0038000059 3.5684635)
(-0.0018 -0.0036000023 3.5684633)
(-0.0018 -0.0038000169 3.5878522)
(-0.0015999999 -0.0038000169 3.5878522)
(-0.0018 -0.0036000069 3.5878517)
(-0.0012 -0.0043999999 3.4488)
(-0.0012 -0.0043999999 3.4687999)
(-0.001 -0.0043999999 3.4488)
(-0.0008 -0.0043999999 3.4488)
(-0.0021999999 -0.0040000944 3.6065833)
(-0.0019999999 -0.0040000944 3.6065833)
(-0.0021999999 -0.0040002019 3.6244071)
(-0.002 -0.0040002019 3.6244071)
(-0.0017999999 -0.0042001895 3.6065856)
(-0.0015999999 -0.0042001895 3.6065856)
(-0.0017999999 -0.0040000944 3.6065833)
(-0.0015999999 -0.0040000944 3.6065833)
(-0.0017999999 -0.0042003896 3.6244097)
(-0.0015999997 -0.0042003896 3.6244097)
(-0.0017999999 -0.0040002019 3.6244071)
(-0.0015999997 -0.0040002019 3.6244071)
(-0.0022 -0.0040003498 3.6413033)
(-0.0020000002 -0.0040003498 3.6413033)
(-0.0017999999 -0.0042006712 3.6413054)
(-0.0015999994 -0.0042006712 3.6413054)
(-0.0017999999 -0.0040003498 3.6413033)
(-0.0015999994 -0.0040003497 3.6413033)
(0.0022 -0.0034 2.0888)
(0.0024 -0.0034 2.0888)
(0.0022 -0.0034 2.1088)
(0.0024 -0.0034 2.1088)
(0.0018 -0.0038 2.1288)
(0.002 -0.0038 2.1288)
(0.0018 -0.0036 2.1288)
(0.002 -0.0036 2.1288)
(0.0018 -0.0038 2.1488)
(0.002 -0.0038 2.1488)
(0.0018 -0.0036 2.1488)
(0.002 -0.0036 2.1488)
(0.0022 -0.0038 2.1288)
(0.0024 -0.0038 2.1288)
(0.0022 -0.0036 2.1288)
(0.0024 -0.0036 2.1288)
(0.0022 -0.0038 2.1488)
(0.0024 -0.0038 2.1488)
(0.0022 -0.0036 2.1488)
(0.0024 -0.0036 2.1488)
(0.0022 -0.0034 2.1288)
(0.0024 -0.0034 2.1288)
(0.0022 -0.0034 2.1488)
(0.0024 -0.0034 2.1488)
(0.0014 -0.0038 2.3288)
(0.0016 -0.0038 2.3288)
(0.0014 -0.0038 2.3488)
(0.0016 -0.0038 2.3488)
(0.001 -0.0043999999 2.5288)
(0.0012 -0.0043999999 2.5288)
(0.001 -0.0043999999 2.5488)
(0.0012 -0.0043999999 2.5488)
(0.001 -0.0042 2.5288)
(0.0012 -0.0042 2.5288)
(0.001 -0.004 2.5288)
(0.0012 -0.004 2.5288)
(0.001 -0.0042 2.5488)
(0.0012 -0.0042 2.5488)
(0.001 -0.004 2.5488)
(0.0012 -0.004 2.5488)
(0.0014 -0.0042 2.5288)
(0.0016 -0.0042 2.5288)
(0.0014 -0.004 2.5288)
(0.0016 -0.004 2.5288)
(0.0014 -0.0042 2.5488)
(0.0016 -0.0042 2.5488)
(0.0014 -0.004 2.5488)
(0.0016 -0.004 2.5488)
(0.0014 -0.0038 2.7288)
(0.0016 -0.0038 2.7288)
(0.0014 -0.0038 2.7488)
(0.0016 -0.0038 2.7488)
(0.0014 -0.0038 2.7688)
(0.0016 -0.0038 2.7688)
(0.0014 -0.0038 2.7888)
(0.0016 -0.0038 2.7888)
(0.0018 -0.0042 2.6488)
(0.0018 -0.004 2.6488)
(0.002 -0.004 2.6488)
(0.0018 -0.0042 2.6688)
(0.0018 -0.004 2.6688)
(0.002 -0.004 2.6688)
(0.0022 -0.004 2.6488)
(0.0022 -0.004 2.6688)
(0.0018 -0.0042 2.8088)
(0.0018 -0.004 2.8088)
(0.002 -0.004 2.8088)
(0.0018 -0.0042 2.8288)
(0.0018 -0.004 2.8288)
(0.002 -0.004 2.8288)
(0.0022 -0.004 2.8088)
(0.0022 -0.004 2.8288)
(0.0018 -0.0042 2.8488)
(0.0018 -0.004 2.8488)
(0.002 -0.004 2.8488)
(0.0018 -0.0042 2.8688)
(0.0018 -0.004 2.8688)
(0.002 -0.004 2.8688)
(0.0022 -0.004 2.8488)
(0.0022 -0.004 2.8688)
(0.0018 -0.0038 3.0488)
(0.002 -0.0038 3.0488)
(0.0018 -0.0036 3.0488)
(0.002 -0.0036 3.0488)
(0.0018 -0.0038 3.0688)
(0.002 -0.0038 3.0688)
(0.0018 -0.0036 3.0688)
(0.002 -0.0036 3.0688)
(0.0022 -0.0038 3.0488)
(0.0024 -0.0038 3.0488)
(0.0022 -0.0036 3.0488)
(0.0024 -0.0036 3.0488)
(0.0022 -0.0038 3.0688)
(0.0024 -0.0038 3.0688)
(0.0022 -0.0036 3.0688)
(0.0024 -0.0036 3.0688)
(0.0022 -0.0034 3.0488)
(0.0024 -0.0034 3.0488)
(0.0022 -0.0034 3.0688)
(0.0024 -0.0034 3.0688)
(0.0018 -0.0038 3.0888)
(0.002 -0.0038 3.0888)
(0.0018 -0.0036 3.0888)
(0.002 -0.0036 3.0888)
(0.0018 -0.0038 3.1088)
(0.002 -0.0038 3.1088)
(0.0018 -0.0036 3.1088)
(0.002 -0.0036 3.1088)
(0.0022 -0.0038 3.0888)
(0.0024 -0.0038 3.0888)
(0.0022 -0.0036 3.0888)
(0.0024 -0.0036 3.0888)
(0.0022 -0.0038 3.1088)
(0.0024 -0.0038 3.1088)
(0.0022 -0.0036 3.1088)
(0.0024 -0.0036 3.1088)
(0.0022 -0.0034 3.0888)
(0.0024 -0.0034 3.0888)
(0.0022 -0.0034 3.1088)
(0.0024 -0.0034 3.1088)
(0.0018 -0.0042 3.2488)
(0.0018 -0.004 3.2488)
(0.002 -0.004 3.2488)
(0.0018 -0.0042 3.2688)
(0.0018 -0.004 3.2688)
(0.002 -0.004 3.2688)
(0.0022 -0.004 3.2488)
(0.0022 -0.004 3.2688)
(0.0018 -0.0038 3.2088)
(0.002 -0.0038 3.2088)
(0.0018 -0.0036 3.2088)
(0.002 -0.0036 3.2088)
(0.0018 -0.0038 3.2288)
(0.002 -0.0038 3.2288)
(0.0018 -0.0036 3.2288)
(0.002 -0.0036 3.2288)
(0.0022 -0.0038 3.2088)
(0.0024 -0.0038 3.2088)
(0.0002 -0.0043999999 3.2888)
(0.0004 -0.0043999999 3.2888)
(0.0002 -0.0043999999 3.3088)
(0.0004 -0.0043999999 3.3088)
(0.0006 -0.0043999999 3.2888)
(0.0008 -0.0043999999 3.2888)
(0.0006 -0.0043999999 3.3088)
(0.0008 -0.0043999999 3.3088)
(0.0002 -0.0042 3.2888)
(0.0004 -0.0042 3.2888)
(0.0002 -0.004 3.2888)
(0.0004 -0.004 3.2888)
(0.0002 -0.0042 3.3088)
(0.0004 -0.0042 3.3088)
(0.0002 -0.004 3.3088)
(0.0004 -0.004 3.3088)
(0.0006 -0.0042 3.2888)
(0.0008 -0.0042 3.2888)
(0.0006 -0.004 3.2888)
(0.0008 -0.004 3.2888)
(0.0006 -0.0042 3.3088)
(0.0008 -0.0042 3.3088)
(0.0006 -0.004 3.3088)
(0.0008 -0.004 3.3088)
(0.0002 -0.0043999999 3.3288)
(0.0004 -0.0043999999 3.3288)
(0.0002 -0.0043999999 3.3488)
(0.0004 -0.0043999999 3.3488)
(0.0006 -0.0043999999 3.3288)
(0.0008 -0.0043999999 3.3288)
(0.0006 -0.0043999999 3.3488)
(0.0008 -0.0043999999 3.3488)
(0.0002 -0.0042 3.3288)
(0.0004 -0.0042 3.3288)
(0.0002 -0.004 3.3288)
(0.0004 -0.004 3.3288)
(0.0002 -0.0042 3.3488)
(0.0004 -0.0042 3.3488)
(0.0002 -0.004 3.3488)
(0.0004 -0.004 3.3488)
(0.0006 -0.0042 3.3288)
(0.0008 -0.0042 3.3288)
(0.0002 -0.004 3.4687999)
(0.0004 -0.004 3.4687999)
(0.0006 -0.0042 3.4488)
(0.0008 -0.0042 3.4488)
(0.0006 -0.004 3.4488)
(0.0008 -0.004 3.4488)
(0.0006 -0.0042 3.4687999)
(0.0008 -0.0042 3.4687999)
(0.0006 -0.004 3.4687999)
(0.0008 -0.004 3.4687999)
(0.0002 -0.0044000001 3.4887995)
(0.0004 -0.0044000001 3.4887995)
(0.0002 -0.0044000012 3.5087963)
(0.0004 -0.0044000012 3.5087963)
(0.0006 -0.0044000001 3.4887995)
(0.0008 -0.0044000001 3.4887995)
(0.0006 -0.0044000012 3.5087963)
(0.0008 -0.0044000012 3.5087963)
(0.0002 -0.0042000001 3.4887995)
(0.0004 -0.0042000001 3.4887995)
(0.0002 -0.004 3.4887995)
(0.0004 -0.004 3.4887995)
(0.0002 -0.0042000006 3.5087962)
(0.0004 -0.0042000006 3.5087962)
(0.0002 -0.0040000002 3.5087962)
(0.0004 -0.0040000002 3.5087962)
(0.0006 -0.0042000001 3.4887995)
(0.0008 -0.0042000001 3.4887995)
(0.0006 -0.004 3.4887995)
(0.0008 -0.004 3.4887995)
(0.0006 -0.0042000006 3.5087962)
(0.0008 -0.0042000006 3.5087962)
(0.0006 -0.0040000002 3.5087962)
(0.0008 -0.0040000002 3.5087962)
(0.001 -0.0043999999 3.4488)
(0.0012 -0.0043999999 3.4488)
(0.001 -0.0043999999 3.4687999)
(0.0012 -0.0043999999 3.4687999)
(0.001 -0.0042 3.4488)
(0.0012 -0.0042 3.4488)
(0.001 -0.004 3.4488)
(0.0012 -0.004 3.4488)
(0.001 -0.0042 3.4687999)
(0.0012 -0.0042 3.4687999)
(0.001 -0.004 3.4687999)
(0.0012 -0.004 3.4687999)
(0.0014 -0.0042 3.4488)
(0.0016 -0.0042 3.4488)
(0.0014 -0.004 3.4488)
(0.0016 -0.004 3.4488)
(0.0014 -0.0042 3.4687999)
(0.0016 -0.0042 3.4687999)
(0.0014 -0.004 3.4687999)
(0.0016 -0.004 3.4687999)
(0.001 -0.0044000001 3.4887995)
(0.0012 -0.0044000001 3.4887995)
(0.001 -0.0044000012 3.5087963)
(0.0012 -0.0044000012 3.5087963)
(0.001 -0.0042000001 3.4887995)
(0.0012 -0.0042000001 3.4887995)
(0.001 -0.004 3.4887995)
(0.0012 -0.004 3.4887995)
(0.001 -0.0042000006 3.5087962)
(0.0012 -0.0042000006 3.5087962)
(0.001 -0.0040000002 3.5087962)
(0.0012 -0.0040000002 3.5087962)
(0.0014 -0.0042000001 3.4887995)
(0.0016 -0.0042000001 3.4887995)
(-0.001 -0.0043999999 2.0088)
(-0.0008 -0.0043999999 2.0088)
(-0.001 -0.0043999999 2.0288)
(-0.0008 -0.0043999999 2.0288)
(-0.0014 -0.0042 2.0088)
(-0.0012 -0.0042 2.0088)
(-0.0014 -0.004 2.0088)
(-0.0012 -0.004 2.0088)
(-0.0014 -0.0042 2.0288)
(-0.0012 -0.0042 2.0288)
(-0.0014 -0.004 2.0288)
(-0.0012 -0.004 2.0288)
(-0.001 -0.0042 2.0088)
(-0.0008 -0.0042 2.0088)
(-0.001 -0.004 2.0088)
(-0.0008 -0.004 2.0088)
(-0.001 -0.0042 2.0288)
(-0.0008 -0.0042 2.0288)
(-0.001 -0.004 2.0288)
(-0.0008 -0.004 2.0288)
(-0.0012 -0.0043999999 2.0488)
(-0.0012 -0.0043999999 2.0688)
(-0.001 -0.0043999999 2.0488)
(-0.0008 -0.0043999999 2.0488)
(-0.001 -0.0043999999 2.0688)
(-0.0008 -0.0043999999 2.0688)
(-0.0014 -0.0042 2.0488)
(-0.0012 -0.0042 2.0488)
(-0.0014 -0.004 2.0488)
(-0.0012 -0.004 2.0488)
(-0.0014 -0.0042 2.0688)
(-0.0012 -0.0042 2.0688)
(-0.0014 -0.004 2.0688)
(-0.0012 -0.004 2.0688)
(-0.001 -0.0042 2.0488)
(-0.0008 -0.0042 2.0488)
(-0.001 -0.004 2.0488)
(-0.0008 -0.004 2.0488)
(-0.001 -0.0042 2.0688)
(-0.0008 -0.0042 2.0688)
(-0.001 -0.004 2.0688)
(-0.0008 -0.004 2.0688)
(-0.0006 -0.0043999999 2.0088)
(-0.0004 -0.0043999999 2.0088)
(-0.0006 -0.0043999999 2.0288)
(-0.0004 -0.0043999999 2.0288)
(-0.0002 -0.0043999999 2.0088)
(-5.0843288e-15 -0.0043999999 2.0088)
(-0.0002 -0.0043999999 2.0288)
(-4.8391721e-15 -0.0043999999 2.0288)
(-0.0006 -0.0042 2.0088)
(-0.0004 -0.0042 2.0088)
(-0.0006 -0.004 2.0088)
(-0.0004 -0.004 2.0088)
(-0.0006 -0.0042 2.0288)
(-0.0004 -0.0042 2.0288)
(-0.0006 -0.004 2.0288)
(-0.0004 -0.004 2.0288)
(-0.0002 -0.0042 2.0088)
(-2.2754015e-16 -0.0042 2.0088)
(-0.0002 -0.004 2.0088)
(-0.0002 -0.0042 2.0288)
(-2.1561054e-16 -0.0042 2.0288)
(-0.0002 -0.004 2.0288)
(-0.0006 -0.0043999999 2.0488)
(-0.0004 -0.0043999999 2.0488)
(-0.0006 -0.0043999999 2.0688)
(-0.0004 -0.0043999999 2.0688)
(-0.0002 -0.0043999999 2.0488)
(-4.1355926e-15 -0.0043999999 2.0488)
(-0.0002 -0.0043999999 2.1688)
(2.5548564e-15 -0.0043999999 2.1688)
(-0.0002 -0.0043999999 2.1888)
(2.9388757e-15 -0.0043999999 2.1888)
(-0.0006 -0.0042 2.1688)
(-0.0004 -0.0042 2.1688)
(-0.0006 -0.004 2.1688)
(-0.0004 -0.004 2.1688)
(-0.0006 -0.0042 2.1888)
(-0.0004 -0.0042 2.1888)
(-0.0006 -0.004 2.1888)
(-0.0004 -0.004 2.1888)
(-0.0002 -0.0042 2.1688)
(1.2781558e-16 -0.0042 2.1688)
(-0.0002 -0.004 2.1688)
(-0.0002 -0.0042 2.1888)
(1.460217e-16 -0.0042 2.1888)
(-0.0002 -0.004 2.1888)
(-0.0006 -0.0043999999 2.2088)
(-0.0004 -0.0043999999 2.2088)
(-0.0006 -0.0043999999 2.2288)
(-0.0004 -0.0043999999 2.2288)
(-0.0002 -0.0043999999 2.2088)
(3.0495439e-15 -0.0043999999 2.2088)
(-0.0002 -0.0043999999 2.2288)
(2.996667e-15 -0.0043999999 2.2288)
(-0.0006 -0.0042 2.2088)
(-0.0004 -0.0042 2.2088)
(-0.0006 -0.004 2.2088)
(-0.0004 -0.004 2.2088)
(-0.0006 -0.0042 2.2288)
(-0.0004 -0.0042 2.2288)
(-0.0006 -0.004 2.2288)
(-0.0004 -0.004 2.2288)
(-0.0002 -0.0042 2.2088)
(1.5190181e-16 -0.0042 2.2088)
(-0.0002 -0.004 2.2088)
(-0.0002 -0.0042 2.2288)
(1.5170191e-16 -0.0042 2.2288)
(-0.0002 -0.004 2.2288)
(-0.0014 -0.0038 2.1688)
(-0.0014 -0.0038 2.1888)
(-0.0014 -0.0038 2.2088)
(-0.0014 -0.0038 2.2288)
(-0.0014 -0.0038 2.6088)
(-0.0014 -0.0038 2.6288)
(-0.0022 -0.004 2.6488)
(-0.002 -0.004 2.6488)
(-0.0022 -0.004 2.6688)
(-0.002 -0.004 2.6688)
(-0.0018 -0.0042 2.6488)
(-0.0016 -0.0042 2.6488)
(-0.0018 -0.004 2.6488)
(-0.0016 -0.004 2.6488)
(-0.0018 -0.0042 2.6688)
(-0.0016 -0.0042 2.6688)
(-0.0018 -0.004 2.6688)
(-0.0016 -0.004 2.6688)
(-0.0022 -0.004 2.6888)
(-0.002 -0.004 2.6888)
(-0.0022 -0.004 2.7088)
(-0.002 -0.004 2.7088)
(-0.0018 -0.0042 2.6888)
(-0.0016 -0.0042 2.6888)
(-0.0018 -0.004 2.6888)
(-0.0016 -0.004 2.6888)
(-0.0018 -0.0042 2.7088)
(-0.0016 -0.0042 2.7088)
(-0.0018 -0.004 2.7088)
(-0.0016 -0.004 2.7088)
(-0.0024 -0.0038 2.6488)
(-0.0024 -0.0036 2.6488)
(-0.0024 -0.0038 2.6688)
(-0.0024 -0.0036 2.6688)
(-0.0018 -0.0042 2.8488)
(-0.0016 -0.0042 2.8488)
(-0.0018 -0.004 2.8488)
(-0.0016 -0.004 2.8488)
(-0.0018 -0.0042 2.8688)
(-0.0016 -0.0042 2.8688)
(-0.0018 -0.004 2.8688)
(-0.0016 -0.004 2.8688)
(-0.0024 -0.0038 2.8088)
(-0.0024 -0.0036 2.8088)
(-0.0024 -0.0038 2.8288)
(-0.0024 -0.0036 2.8288)
(-0.0024 -0.0038 2.8488)
(-0.0024 -0.0036 2.8488)
(-0.0024 -0.0038 2.8688)
(-0.0024 -0.0036 2.8688)
(-0.0022 -0.0038 2.8088)
(-0.002 -0.0038 2.8088)
(-0.0022 -0.0036 2.8088)
(-0.002 -0.0036 2.8088)
(-0.0022 -0.0038 2.8288)
(-0.002 -0.0038 2.8288)
(-0.0022 -0.0036 2.8288)
(-0.002 -0.0036 2.8288)
(-0.0018 -0.0038 2.8088)
(-0.0016 -0.0038 2.8088)
(-0.0018 -0.0036 2.8088)
(-0.0018 -0.0038 2.8288)
(-0.0016 -0.0038 2.8288)
(-0.0018 -0.0036 2.8288)
(-0.0022 -0.0038 3.0888)
(-0.002 -0.0038 3.0888)
(-0.0022 -0.0036 3.0888)
(-0.002 -0.0036 3.0888)
(-0.0022 -0.0038 3.1088)
(-0.002 -0.0038 3.1088)
(-0.0022 -0.0036 3.1088)
(-0.002 -0.0036 3.1088)
(-0.0018 -0.0038 3.0888)
(-0.0016 -0.0038 3.0888)
(-0.0018 -0.0036 3.0888)
(-0.0018 -0.0038 3.1088)
(-0.0016 -0.0038 3.1088)
(-0.0018 -0.0036 3.1088)
(-0.0012 -0.0043999999 2.9688)
(-0.0012 -0.0043999999 2.9888)
(-0.001 -0.0043999999 2.9688)
(-0.0008 -0.0043999999 2.9688)
(-0.001 -0.0043999999 2.9888)
(-0.0008 -0.0043999999 2.9888)
(-0.0014 -0.0042 2.9688)
(-0.0012 -0.0042 2.9688)
(-0.0014 -0.004 2.9688)
(-0.0012 -0.004 2.9688)
(-0.0014 -0.0042 2.9888)
(-0.0012 -0.0042 2.9888)
(-0.0014 -0.004 2.9888)
(-0.0012 -0.004 2.9888)
(-0.001 -0.0042 2.9688)
(-0.0008 -0.0042 2.9688)
(-0.001 -0.004 2.9688)
(-0.0008 -0.004 2.9688)
(-0.001 -0.0042 2.9888)
(-0.0008 -0.0042 2.9888)
(-0.001 -0.004 2.9888)
(-0.0008 -0.004 2.9888)
(-0.0012 -0.0043999999 3.0088)
(-0.0012 -0.0043999999 3.0288)
(-0.001 -0.0043999999 3.0088)
(-0.0008 -0.0043999999 3.0088)
(-0.001 -0.0043999999 3.0288)
(-0.0008 -0.0043999999 3.0288)
(-0.0014 -0.0042 3.0088)
(-0.0012 -0.0042 3.0088)
(-0.0014 -0.004 3.0088)
(-0.0012 -0.004 3.0088)
(-0.0014 -0.0042 3.0288)
(-0.0012 -0.0042 3.0288)
(-0.0014 -0.004 3.0288)
(-0.0012 -0.004 3.0288)
(-0.001 -0.0042 3.0088)
(-0.0008 -0.0042 3.0088)
(-0.001 -0.004 3.0088)
(-0.0008 -0.004 3.0088)
(-0.0024 -0.0038 3.2488)
(-0.0024 -0.0036 3.2488)
(-0.0024 -0.0038 3.2688)
(-0.0024 -0.0036 3.2688)
(-0.0022 -0.0038 3.2088)
(-0.002 -0.0038 3.2088)
(-0.0022 -0.0036 3.2088)
(-0.002 -0.0036 3.2088)
(-0.0022 -0.0038 3.2288)
(-0.002 -0.0038 3.2288)
(-0.0022 -0.0036 3.2288)
(-0.002 -0.0036 3.2288)
(-0.0018 -0.0038 3.2088)
(-0.0016 -0.0038 3.2088)
(-0.0018 -0.0036 3.2088)
(-0.0018 -0.0038 3.2288)
(-0.0016 -0.0038 3.2288)
(-0.0018 -0.0036 3.2288)
(-0.0022 -0.0038 3.2488)
(-0.002 -0.0038 3.2488)
(-0.0022 -0.0036 3.2488)
(-0.002 -0.0036 3.2488)
(-0.0022 -0.0038 3.2688)
(-0.002 -0.0038 3.2688)
(-0.0022 -0.0036 3.2688)
(-0.002 -0.0036 3.2688)
(-0.0018 -0.0038 3.2488)
(-0.0016 -0.0038 3.2488)
(-0.0018 -0.0036 3.2488)
(-0.0018 -0.0038 3.2688)
(-0.0016 -0.0038 3.2688)
(-0.0018 -0.0036 3.2688)
(-0.0012 -0.0043999999 3.3688)
(-0.0012 -0.0043999999 3.3888)
(-0.001 -0.0043999999 3.3688)
(-0.0008 -0.0043999999 3.3688)
(-0.001 -0.0043999999 3.3888)
(-0.0008 -0.0043999999 3.3888)
(-0.0014 -0.0042 3.3688)
(-0.0012 -0.0042 3.3688)
(-0.0014 -0.004 3.3688)
(-0.0012 -0.004 3.3688)
(-0.0014 -0.0042 3.3888)
(-0.0012 -0.0042 3.3888)
(-0.0014 -0.004 3.3888)
(-0.0012 -0.004 3.3888)
(-0.001 -0.0042 3.3688)
(-0.0008 -0.0042 3.3688)
(-0.001 -0.004 3.3688)
(-0.0008 -0.004 3.3688)
(-0.001 -0.0042 3.3888)
(-0.0008 -0.0042 3.3888)
(-0.001 -0.004 3.3888)
(-0.0008 -0.004 3.3888)
(-0.0012 -0.0043999999 3.4088)
(-0.0012 -0.0043999999 3.4288)
(-0.001 -0.0043999999 3.4088)
(-0.0008 -0.0043999999 3.4088)
(-0.001 -0.0043999999 3.4288)
(-0.0008 -0.0043999999 3.4288)
(-0.0014 -0.0042 3.4088)
(-0.0012 -0.0042 3.4088)
(-0.0014 -0.004 3.4088)
(-0.0012 -0.004 3.4088)
(-0.0014 -0.0042 3.4288)
(-0.0012 -0.0042 3.4288)
(-0.0014 -0.004 3.4288)
(-0.0012 -0.004 3.4288)
(-0.001 -0.0042 3.4088)
(-0.0008 -0.0042 3.4088)
(-0.001 -0.004 3.4088)
(-0.0008 -0.004 3.4088)
(-0.001 -0.0042 3.4288)
(-0.0008 -0.0042 3.4288)
(-0.001 -0.004 3.4288)
(-0.0008 -0.004 3.4288)
(-0.0006 -0.0043999999 3.3688)
(-0.0004 -0.0043999999 3.3688)
(-0.0006 -0.0043999999 3.3888)
(-0.0004 -0.0043999999 3.3888)
(-0.0002 -0.0043999999 3.3688)
(-3.2918784e-15 -0.0043999999 3.3688)
(-0.0002 -0.0043999999 3.3888)
(-3.9612428e-15 -0.0043999999 3.3888)
(-0.0006 -0.0042 3.3688)
(-0.0004 -0.0042 3.3688)
(-0.0006 -0.004 3.3688)
(-0.0004 -0.004 3.3688)
(-0.0006 -0.0042 3.3888)
(-0.0004 -0.0042 3.3888)
(-0.0006 -0.004 3.3888)
(-0.0004 -0.004 3.3888)
(-0.0002 -0.0042 3.3688)
(-1.0888609e-16 -0.0042 3.3688)
(-0.0002 -0.004 3.3688)
(-0.0002 -0.0042 3.3888)
(-1.4221344e-16 -0.0042 3.3888)
(-0.0002 -0.004 3.3888)
(-0.001 -0.0043999999 3.4687999)
(-0.0008 -0.0043999999 3.4687999)
(-0.0014 -0.0042 3.4488)
(-0.0012 -0.0042 3.4488)
(-0.0014 -0.004 3.4488)
(-0.0012 -0.004 3.4488)
(-0.0014 -0.0042 3.4687999)
(-0.0012 -0.0042 3.4687999)
(-0.0014 -0.004 3.4687999)
(-0.0012 -0.004 3.4687999)
(-0.001 -0.0042 3.4488)
(-0.0008 -0.0042 3.4488)
(-0.001 -0.004 3.4488)
(-0.0008 -0.004 3.4488)
(-0.001 -0.0042 3.4687999)
(-0.0008 -0.0042 3.4687999)
(-0.001 -0.004 3.4687999)
(-0.0008 -0.004 3.4687999)
(-0.0012 -0.0044000001 3.4887995)
(-0.0012 -0.0044000012 3.5087963)
(-0.001 -0.0044000001 3.4887995)
(-0.0008 -0.0044000001 3.4887995)
(-0.001 -0.0044000012 3.5087963)
(-0.0008 -0.0044000012 3.5087963)
(-0.0014 -0.0042000001 3.4887995)
(-0.0012 -0.0042000001 3.4887995)
(-0.0014 -0.004 3.4887995)
(-0.0012 -0.004 3.4887995)
(-0.0014 -0.0042000006 3.5087962)
(-0.0012 -0.0042000006 3.5087962)
(-0.0014 -0.0040000002 3.5087962)
(-0.0012 -0.0040000002 3.5087962)
(-0.001 -0.0042000001 3.4887995)
(-0.0008 -0.0042000001 3.4887995)
(-0.001 -0.004 3.4887995)
(-0.0008 -0.004 3.4887995)
(-0.001 -0.0042000006 3.5087962)
(-0.0008 -0.0042000006 3.5087962)
(-0.001 -0.0040000002 3.5087962)
(-0.0008 -0.0040000002 3.5087962)
(-0.0006 -0.0043999999 3.4488)
(-0.0004 -0.0043999999 3.4488)
(-0.0006 -0.0043999999 3.4687999)
(-0.0004 -0.0043999999 3.4687999)
(-0.0002 -0.0043999999 3.4488)
(-4.5863039e-15 -0.0043999999 3.4488)
(-0.0002 -0.0043999999 3.4687999)
(-4.3281876e-15 -0.0043999999 3.4687999)
(-0.0006 -0.0042 3.4488)
(-0.0004 -0.0042 3.4488)
(-0.0006 -0.004 3.4488)
(-0.0004 -0.004 3.4488)
(-0.0006 -0.0042 3.4687999)
(-0.0004 -0.0042 3.4687999)
(-0.0006 -0.004 3.4687999)
(-0.0004 -0.004 3.4687999)
(-0.0002 -0.0042 3.4488)
(-2.195052e-16 -0.0042 3.4488)
(-0.0002 -0.004 3.4488)
(-0.0002 -0.0042 3.4687999)
(-4.5883605e-16 -0.0042 3.4687999)
(-0.0002 -0.004 3.4687999)
(-0.0006 -0.0044000001 3.4887995)
(-0.0004 -0.0044000001 3.4887995)
(-0.0006 -0.0044000012 3.5087963)
(-0.0004 -0.0044000012 3.5087963)
(-0.0002 -0.0044000001 3.4887995)
(6.730761e-16 -0.0044000001 3.4887995)
(-0.0002 -0.0044000012 3.5087963)
(5.8673115e-14 -0.0044000012 3.5087963)
(-0.0006 -0.0042000001 3.4887995)
(-0.0004 -0.0042000001 3.4887995)
(-0.0023999999 -0.0038000438 3.606582)
(-0.0023999999 -0.0036000189 3.6065812)
(-0.0023999999 -0.0038000967 3.6244053)
(-0.0023999998 -0.0036000427 3.6244043)
(-0.0023999996 -0.003800167 3.6413018)
(-0.0023999996 -0.003600073 3.6413009)
(-0.0021999999 -0.0038000438 3.606582)
(-0.0019999999 -0.0038000438 3.606582)
(-0.0021999999 -0.0036000189 3.6065812)
(-0.0019999999 -0.0036000189 3.6065812)
(-0.0021999999 -0.0038000967 3.6244053)
(-0.002 -0.0038000967 3.6244053)
(-0.0021999999 -0.0036000427 3.6244043)
(-0.002 -0.0036000427 3.6244043)
(-0.0017999999 -0.0038000438 3.606582)
(-0.0015999999 -0.0038000438 3.606582)
(-0.0017999999 -0.0036000189 3.6065812)
(-0.0017999999 -0.0038000966 3.6244053)
(-0.0015999997 -0.0038000966 3.6244053)
(-0.0017999999 -0.0036000427 3.6244043)
(-0.0022000001 -0.003800167 3.6413018)
(-0.0020000002 -0.003800167 3.6413018)
(0.0014 -0.0038 2.3688)
(0.0016 -0.0038 2.3688)
(0.0014 -0.0038 2.3888)
(0.0016 -0.0038 2.3888)
(0.0002 -0.0043999999 2.4088)
(0.0004 -0.0043999999 2.4088)
(0.0002 -0.0043999999 2.4288)
(0.0004 -0.0043999999 2.4288)
(0.0006 -0.0043999999 2.4088)
(0.0008 -0.0043999999 2.4088)
(0.0006 -0.0043999999 2.4288)
(0.0008 -0.0043999999 2.4288)
(0.0002 -0.0042 2.4088)
(0.0004 -0.0042 2.4088)
(0.0002 -0.004 2.4088)
(0.0004 -0.004 2.4088)
(0.0002 -0.0042 2.4288)
(0.0004 -0.0042 2.4288)
(0.0002 -0.004 2.4288)
(0.0004 -0.004 2.4288)
(0.0006 -0.0042 2.4088)
(0.0008 -0.0042 2.4088)
(0.0006 -0.004 2.4088)
(0.0008 -0.004 2.4088)
(0.0006 -0.0042 2.4288)
(0.0008 -0.0042 2.4288)
(0.0006 -0.004 2.4288)
(0.0008 -0.004 2.4288)
(0.0002 -0.0043999999 2.4488)
(0.0004 -0.0043999999 2.4488)
(0.0002 -0.0043999999 2.4688)
(0.0004 -0.0043999999 2.4688)
(0.0006 -0.0043999999 2.4488)
(0.0008 -0.0043999999 2.4488)
(0.0006 -0.0043999999 2.4688)
(0.0008 -0.0043999999 2.4688)
(0.0002 -0.0042 2.4488)
(0.0004 -0.0042 2.4488)
(0.0002 -0.004 2.4488)
(0.0004 -0.004 2.4488)
(0.0002 -0.0042 2.4688)
(0.0004 -0.0042 2.4688)
(0.0002 -0.004 2.4688)
(0.0004 -0.004 2.4688)
(0.0006 -0.0042 2.4488)
(0.0008 -0.0042 2.4488)
(0.0006 -0.004 2.4488)
(0.0008 -0.004 2.4488)
(0.0006 -0.0042 2.4688)
(0.0008 -0.0042 2.4688)
(0.0006 -0.004 2.4688)
(0.0008 -0.004 2.4688)
(0.001 -0.0043999999 2.4088)
(0.0012 -0.0043999999 2.4088)
(0.001 -0.0043999999 2.4288)
(0.0012 -0.0043999999 2.4288)
(0.0014 -0.0038 2.4888)
(0.0016 -0.0038 2.4888)
(0.0014 -0.0038 2.5088)
(0.0016 -0.0038 2.5088)
(0.0014 -0.0038 2.5288)
(0.0016 -0.0038 2.5288)
(0.0014 -0.0038 2.5488)
(0.0016 -0.0038 2.5488)
(0.0002 -0.0043999999 2.5688)
(0.0004 -0.0043999999 2.5688)
(0.0002 -0.0043999999 2.5888)
(0.0004 -0.0043999999 2.5888)
(0.0006 -0.0043999999 2.5688)
(0.0008 -0.0043999999 2.5688)
(0.0006 -0.0043999999 2.5888)
(0.0008 -0.0043999999 2.5888)
(0.0002 -0.0042 2.5688)
(0.0004 -0.0042 2.5688)
(0.0002 -0.004 2.5688)
(0.0004 -0.004 2.5688)
(0.0002 -0.0042 2.5888)
(0.0004 -0.0042 2.5888)
(0.0002 -0.004 2.5888)
(0.0004 -0.004 2.5888)
(0.0006 -0.0042 2.5688)
(0.0008 -0.0042 2.5688)
(0.0006 -0.004 2.5688)
(0.0008 -0.004 2.5688)
(0.0006 -0.0042 2.5888)
(0.0008 -0.0042 2.5888)
(0.0006 -0.004 2.5888)
(0.0008 -0.004 2.5888)
(0.0002 -0.0043999999 2.6088)
(0.0004 -0.0043999999 2.6088)
(0.0002 -0.0043999999 2.6288)
(0.0004 -0.0043999999 2.6288)
(0.0018 -0.0042 2.6888)
(0.0018 -0.004 2.6888)
(0.002 -0.004 2.6888)
(0.0018 -0.0042 2.7088)
(0.0018 -0.004 2.7088)
(0.002 -0.004 2.7088)
(0.0022 -0.004 2.6888)
(0.0022 -0.004 2.7088)
(0.0018 -0.0038 2.6488)
(0.002 -0.0038 2.6488)
(0.0018 -0.0036 2.6488)
(0.002 -0.0036 2.6488)
(0.0018 -0.0038 2.6688)
(0.002 -0.0038 2.6688)
(0.0018 -0.0036 2.6688)
(0.002 -0.0036 2.6688)
(0.0018 -0.0038 2.8088)
(0.002 -0.0038 2.8088)
(0.0018 -0.0036 2.8088)
(0.002 -0.0036 2.8088)
(0.0018 -0.0038 2.8288)
(0.002 -0.0038 2.8288)
(0.0018 -0.0036 2.8288)
(0.002 -0.0036 2.8288)
(0.0022 -0.0038 2.8088)
(0.0024 -0.0038 2.8088)
(0.0022 -0.0036 2.8088)
(0.0024 -0.0036 2.8088)
(0.0022 -0.0038 2.8288)
(0.0024 -0.0038 2.8288)
(0.0022 -0.0036 2.8288)
(0.0024 -0.0036 2.8288)
(0.0022 -0.0034 2.8088)
(0.0024 -0.0034 2.8088)
(0.0022 -0.0034 2.8288)
(0.0024 -0.0034 2.8288)
(0.0018 -0.0038 2.8488)
(0.002 -0.0038 2.8488)
(0.0018 -0.0036 2.8488)
(0.002 -0.0036 2.8488)
(0.0018 -0.0038 2.8688)
(0.002 -0.0038 2.8688)
(0.0018 -0.0036 2.8688)
(0.002 -0.0036 2.8688)
(0.0022 -0.0038 2.8488)
(0.0024 -0.0038 2.8488)
(0.0022 -0.0036 2.8488)
(0.0024 -0.0036 2.8488)
(0.0022 -0.0038 2.8688)
(0.0024 -0.0038 2.8688)
(0.0022 -0.0036 2.8688)
(0.0024 -0.0036 2.8688)
(0.0022 -0.0034 2.8488)
(0.0024 -0.0034 2.8488)
(0.0022 -0.0034 2.8688)
(0.0024 -0.0034 2.8688)
(0.0022 -0.0036 3.2088)
(0.0024 -0.0036 3.2088)
(0.0022 -0.0038 3.2288)
(0.0024 -0.0038 3.2288)
(0.0022 -0.0036 3.2288)
(0.0024 -0.0036 3.2288)
(0.0022 -0.0034 3.2088)
(0.0024 -0.0034 3.2088)
(0.0022 -0.0034 3.2288)
(0.0024 -0.0034 3.2288)
(0.0018 -0.0038 3.2488)
(0.002 -0.0038 3.2488)
(0.0018 -0.0036 3.2488)
(0.002 -0.0036 3.2488)
(0.0018 -0.0038 3.2688)
(0.002 -0.0038 3.2688)
(0.0018 -0.0036 3.2688)
(0.002 -0.0036 3.2688)
(0.0022 -0.0038 3.2488)
(0.0024 -0.0038 3.2488)
(0.0022 -0.0036 3.2488)
(0.0024 -0.0036 3.2488)
(0.0022 -0.0038 3.2688)
(0.0024 -0.0038 3.2688)
(0.0022 -0.0036 3.2688)
(0.0024 -0.0036 3.2688)
(0.0022 -0.0034 3.2488)
(0.0024 -0.0034 3.2488)
(0.0022 -0.0034 3.2688)
(0.0024 -0.0034 3.2688)
(0.0006 -0.004 3.3288)
(0.0008 -0.004 3.3288)
(0.0006 -0.0042 3.3488)
(0.0008 -0.0042 3.3488)
(0.0006 -0.004 3.3488)
(0.0008 -0.004 3.3488)
(0.001 -0.0043999999 3.2888)
(0.0012 -0.0043999999 3.2888)
(0.001 -0.0043999999 3.3088)
(0.0012 -0.0043999999 3.3088)
(0.001 -0.0042 3.2888)
(0.0012 -0.0042 3.2888)
(0.001 -0.004 3.2888)
(0.0012 -0.004 3.2888)
(0.001 -0.0042 3.3088)
(0.0012 -0.0042 3.3088)
(0.001 -0.004 3.3088)
(0.0012 -0.004 3.3088)
(0.0014 -0.0042 3.2888)
(0.0016 -0.0042 3.2888)
(0.0014 -0.004 3.2888)
(0.0016 -0.004 3.2888)
(0.0014 -0.0042 3.3088)
(0.0016 -0.0042 3.3088)
(0.0014 -0.004 3.3088)
(0.0016 -0.004 3.3088)
(0.001 -0.0043999999 3.3288)
(0.0012 -0.0043999999 3.3288)
(0.001 -0.0043999999 3.3488)
(0.0012 -0.0043999999 3.3488)
(0.001 -0.0042 3.3288)
(0.0012 -0.0042 3.3288)
(0.001 -0.004 3.3288)
(0.0012 -0.004 3.3288)
(0.001 -0.0042 3.3488)
(0.0012 -0.0042 3.3488)
(0.001 -0.004 3.3488)
(0.0012 -0.004 3.3488)
(0.0014 -0.0042 3.3288)
(0.0016 -0.0042 3.3288)
(0.0014 -0.004 3.3288)
(0.0016 -0.004 3.3288)
(0.0014 -0.0042 3.3488)
(0.0016 -0.0042 3.3488)
(0.0014 -0.004 3.3488)
(0.0016 -0.004 3.3488)
(0.0014 -0.004 3.4887995)
(0.0016 -0.004 3.4887995)
(0.0014 -0.0042000006 3.5087962)
(0.0016 -0.0042000006 3.5087962)
(0.0014 -0.0040000002 3.5087962)
(0.0016 -0.0040000002 3.5087962)
(0.0014 -0.0038 3.4488)
(0.0016 -0.0038 3.4488)
(0.0014 -0.0038 3.4687999)
(0.0016 -0.0038 3.4687999)
(-0.0002 -0.0043999999 2.0688)
(-3.0956327e-15 -0.0043999999 2.0688)
(-0.0006 -0.0042 2.0488)
(-0.0004 -0.0042 2.0488)
(-0.0006 -0.004 2.0488)
(-0.0004 -0.004 2.0488)
(-0.0006 -0.0042 2.0688)
(-0.0004 -0.0042 2.0688)
(-0.0006 -0.004 2.0688)
(-0.0004 -0.004 2.0688)
(-0.0002 -0.0042 2.0488)
(-1.8140735e-16 -0.0042 2.0488)
(-0.0002 -0.004 2.0488)
(-0.0002 -0.0042 2.0688)
(-1.3283848e-16 -0.0042 2.0688)
(-0.0002 -0.004 2.0688)
(-0.0014 -0.0038 2.0088)
(-0.0014 -0.0038 2.0288)
(-0.0014 -0.0038 2.0488)
(-0.0014 -0.0038 2.0688)
(-0.0012 -0.0043999999 2.2488)
(-0.0012 -0.0043999999 2.2688)
(-0.001 -0.0043999999 2.2488)
(-0.0008 -0.0043999999 2.2488)
(-0.001 -0.0043999999 2.2688)
(-0.0008 -0.0043999999 2.2688)
(-0.0014 -0.0042 2.2488)
(-0.0012 -0.0042 2.2488)
(-0.0024 -0.0038 2.6888)
(-0.0024 -0.0036 2.6888)
(-0.0024 -0.0038 2.7088)
(-0.0024 -0.0036 2.7088)
(-0.0022 -0.0038 2.6488)
(-0.002 -0.0038 2.6488)
(-0.0022 -0.0036 2.6488)
(-0.002 -0.0036 2.6488)
(-0.0022 -0.0038 2.6688)
(-0.002 -0.0038 2.6688)
(-0.0022 -0.0036 2.6688)
(-0.002 -0.0036 2.6688)
(-0.0018 -0.0038 2.6488)
(-0.0016 -0.0038 2.6488)
(-0.0018 -0.0036 2.6488)
(-0.0018 -0.0038 2.6688)
(-0.0016 -0.0038 2.6688)
(-0.0018 -0.0036 2.6688)
(-0.0022 -0.0038 2.6888)
(-0.002 -0.0038 2.6888)
(-0.0022 -0.0036 2.6888)
(-0.002 -0.0036 2.6888)
(-0.0022 -0.0038 2.7088)
(-0.002 -0.0038 2.7088)
(-0.0022 -0.0036 2.7088)
(-0.002 -0.0036 2.7088)
(-0.0018 -0.0038 2.6888)
(-0.0016 -0.0038 2.6888)
(-0.0018 -0.0036 2.6888)
(-0.0018 -0.0038 2.7088)
(-0.0016 -0.0038 2.7088)
(-0.0018 -0.0036 2.7088)
(-0.0022 -0.0038 2.8488)
(-0.002 -0.0038 2.8488)
(-0.0022 -0.0036 2.8488)
(-0.002 -0.0036 2.8488)
(-0.0022 -0.0038 2.8688)
(-0.002 -0.0038 2.8688)
(-0.0022 -0.0036 2.8688)
(-0.002 -0.0036 2.8688)
(-0.0018 -0.0038 2.8488)
(-0.0016 -0.0038 2.8488)
(-0.0018 -0.0036 2.8488)
(-0.0018 -0.0038 2.8688)
(-0.0016 -0.0038 2.8688)
(-0.0018 -0.0036 2.8688)
(-0.001 -0.0042 3.0288)
(-0.0008 -0.0042 3.0288)
(-0.001 -0.004 3.0288)
(-0.0008 -0.004 3.0288)
(-0.0006 -0.0043999999 2.9688)
(-0.0004 -0.0043999999 2.9688)
(-0.0006 -0.0043999999 2.9888)
(-0.0004 -0.0043999999 2.9888)
(-0.0002 -0.0043999999 2.9688)
(5.4351275e-15 -0.0043999999 2.9688)
(-0.0002 -0.0043999999 2.9888)
(5.2051445e-15 -0.0043999999 2.9888)
(-0.0006 -0.0042 2.9688)
(-0.0004 -0.0042 2.9688)
(-0.0006 -0.004 2.9688)
(-0.0004 -0.004 2.9688)
(-0.0006 -0.0042 2.9888)
(-0.0004 -0.0042 2.9888)
(-0.0006 -0.004 2.9888)
(-0.0004 -0.004 2.9888)
(-0.0002 -0.0042 2.9688)
(2.7097939e-16 -0.0042 2.9688)
(-0.0002 -0.004 2.9688)
(-0.0002 -0.0042 2.9888)
(2.5852631e-16 -0.0042 2.9888)
(-0.0002 -0.004 2.9888)
(-0.0006 -0.0043999999 3.0088)
(-0.0004 -0.0043999999 3.0088)
(-0.0006 -0.0043999999 3.0288)
(-0.0004 -0.0043999999 3.0288)
(-0.0002 -0.0043999999 3.0088)
(5.0959654e-15 -0.0043999999 3.0088)
(-0.0002 -0.0043999999 3.0288)
(5.0440117e-15 -0.0043999999 3.0288)
(-0.0006 -0.0042 3.0088)
(-0.0004 -0.0042 3.0088)
(-0.0006 -0.004 3.0088)
(-0.0004 -0.004 3.0088)
(-0.0006 -0.0042 3.0288)
(-0.0004 -0.0042 3.0288)
(-0.0006 -0.004 3.0288)
(-0.0004 -0.004 3.0288)
(-0.0002 -0.0042 3.0088)
(2.5258861e-16 -0.0042 3.0088)
(-0.0002 -0.004 3.0088)
(-0.0002 -0.0042 3.0288)
(2.4955454e-16 -0.0042 3.0288)
(-0.0002 -0.004 3.0288)
(-0.0014 -0.0038 2.9688)
(-0.0014 -0.0038 2.9888)
(-0.0012 -0.0043999999 3.1288)
(-0.0012 -0.0043999999 3.1488)
(-0.001 -0.0043999999 3.1288)
(-0.0008 -0.0043999999 3.1288)
(-0.001 -0.0043999999 3.1488)
(-0.0008 -0.0043999999 3.1488)
(-0.0014 -0.0042 3.1288)
(-0.0012 -0.0042 3.1288)
(-0.0014 -0.004 3.1288)
(-0.0012 -0.004 3.1288)
(-0.0014 -0.0042 3.1488)
(-0.0012 -0.0042 3.1488)
(-0.0014 -0.004 3.1488)
(-0.0012 -0.004 3.1488)
(-0.001 -0.0042 3.1288)
(-0.0008 -0.0042 3.1288)
(-0.001 -0.004 3.1288)
(-0.0008 -0.004 3.1288)
(-0.001 -0.0042 3.1488)
(-0.0008 -0.0042 3.1488)
(-0.001 -0.004 3.1488)
(-0.0008 -0.004 3.1488)
(-0.0012 -0.0043999999 3.1688)
(-0.0012 -0.0043999999 3.1888)
(-0.001 -0.0043999999 3.1688)
(-0.0008 -0.0043999999 3.1688)
(-0.001 -0.0043999999 3.1888)
(-0.0008 -0.0043999999 3.1888)
(-0.0014 -0.0042 3.1688)
(-0.0012 -0.0042 3.1688)
(-0.0014 -0.004 3.1688)
(-0.0012 -0.004 3.1688)
(-0.0014 -0.0042 3.1888)
(-0.0012 -0.0042 3.1888)
(-0.0014 -0.004 3.1888)
(-0.0012 -0.004 3.1888)
(-0.001 -0.0042 3.1688)
(-0.0008 -0.0042 3.1688)
(-0.001 -0.004 3.1688)
(-0.0008 -0.004 3.1688)
(-0.001 -0.0042 3.1888)
(-0.0008 -0.0042 3.1888)
(-0.001 -0.004 3.1888)
(-0.0008 -0.004 3.1888)
(-0.0006 -0.0043999999 3.1288)
(-0.0004 -0.0043999999 3.1288)
(-0.0006 -0.0043999999 3.1488)
(-0.0004 -0.0043999999 3.1488)
(-0.0002 -0.0043999999 3.1288)
(1.7501496e-15 -0.0043999999 3.1288)
(-0.0002 -0.0043999999 3.1488)
(4.9940724e-16 -0.0043999999 3.1488)
(-0.0006 -0.0042 3.1288)
(-0.0004 -0.0042 3.1288)
(-0.0006 -0.004 3.1288)
(-0.0004 -0.004 3.1288)
(-0.0006 -0.0042 3.1488)
(-0.0004 -0.0042 3.1488)
(-0.0006 -0.004 3.1488)
(-0.0004 -0.004 3.1488)
(-0.0002 -0.0042 3.1288)
(9.5040485e-17 -0.0042 3.1288)
(-0.0002 -0.004 3.1288)
(-0.0002 -0.0042 3.1488)
(3.6873038e-17 -0.0042 3.1488)
(-0.0002 -0.004 3.1488)
(-0.0006 -0.0043999999 3.1688)
(-0.0004 -0.0043999999 3.1688)
(-0.0006 -0.0043999999 3.4088)
(-0.0004 -0.0043999999 3.4088)
(-0.0006 -0.0043999999 3.4288)
(-0.0004 -0.0043999999 3.4288)
(-0.0002 -0.0043999999 3.4088)
(-4.438805e-15 -0.0043999999 3.4088)
(-0.0002 -0.0043999999 3.4288)
(-4.6262144e-15 -0.0043999999 3.4288)
(-0.0006 -0.0042 3.4088)
(-0.0004 -0.0042 3.4088)
(-0.0006 -0.004 3.4088)
(-0.0004 -0.004 3.4088)
(-0.0006 -0.0042 3.4288)
(-0.0004 -0.0042 3.4288)
(-0.0006 -0.004 3.4288)
(-0.0004 -0.004 3.4288)
(-0.0002 -0.0042 3.4088)
(-1.6865442e-16 -0.0042 3.4088)
(-0.0002 -0.004 3.4088)
(-0.0002 -0.0042 3.4288)
(-1.8333689e-16 -0.0042 3.4288)
(-0.0002 -0.004 3.4288)
(-0.0014 -0.0038 3.3688)
(-0.0014 -0.0038 3.3888)
(-0.0014 -0.0038 3.4088)
(-0.0014 -0.0038 3.4288)
(-0.0006 -0.004 3.4887995)
(-0.0004 -0.004 3.4887995)
(-0.0006 -0.0042000006 3.5087962)
(-0.0004 -0.0042000006 3.5087962)
(-0.0006 -0.0040000002 3.5087962)
(-0.0004 -0.0040000002 3.5087962)
(-0.0002 -0.0042000001 3.4887995)
(1.3653612e-15 -0.0042000001 3.4887995)
(-0.0002 -0.004 3.4887995)
(-0.0002 -0.0042000006 3.5087962)
(3.8910656e-14 -0.0042000006 3.5087962)
(-0.0002 -0.0040000002 3.5087962)
(-0.0014 -0.0038 3.4488)
(-0.0014 -0.0038 3.4687999)
(-0.0014 -0.0038 3.4887995)
(-0.0014 -0.0038000001 3.5087962)
(-0.0022 -0.003600073 3.6413009)
(-0.0020000002 -0.003600073 3.6413009)
(-0.0017999999 -0.003800167 3.6413018)
(-0.0015999994 -0.0038001669 3.6413018)
(-0.0017999999 -0.003600073 3.6413009)
(-0.0012 -0.0044003526 3.6065888)
(-0.0011999998 -0.0044006909 3.6244131)
(-0.00099999999 -0.0044003526 3.6065888)
(-0.0008 -0.0044003526 3.6065888)
(-0.00099999996 -0.0044006909 3.6244131)
(-0.00079999997 -0.0044006909 3.6244131)
(-0.0013999999 -0.0042001895 3.6065856)
(-0.0011999999 -0.0042001895 3.6065856)
(-0.0013999999 -0.0040000944 3.6065833)
(-0.0011999999 -0.0040000944 3.6065833)
(-0.0013999997 -0.0042003896 3.6244097)
(-0.0011999998 -0.0042003896 3.6244097)
(-0.0013999997 -0.0040002019 3.6244071)
(-0.0011999997 -0.0040002019 3.6244071)
(-0.00099999997 -0.0042001895 3.6065856)
(-0.00079999999 -0.0042001895 3.6065856)
(-0.00099999996 -0.0040000944 3.6065833)
(-0.00079999998 -0.0040000944 3.6065833)
(-0.00099999992 -0.0042003896 3.6244097)
(-0.00079999996 -0.0042003896 3.6244097)
(-0.00099999989 -0.0040002019 3.6244071)
(-0.00079999995 -0.0040002019 3.6244071)
(-0.0011999996 -0.0044011727 3.6413079)
(0.0002 -0.0043999999 2.0088)
(0.0002 -0.0043999999 2.0288)
(0.0004 -0.0043999999 2.0288)
(0.0002 -0.0043999999 2.1688)
(0.0004 -0.0043999999 2.1688)
(0.0002 -0.0043999999 2.1888)
(0.0004 -0.0043999999 2.1888)
(0.0006 -0.0043999999 2.1688)
(0.0008 -0.0043999999 2.1688)
(0.0006 -0.0043999999 2.1888)
(0.0008 -0.0043999999 2.1888)
(0.0002 -0.0042 2.1688)
(0.0004 -0.0042 2.1688)
(0.0002 -0.004 2.1688)
(0.0004 -0.004 2.1688)
(0.0002 -0.0042 2.1888)
(0.0004 -0.0042 2.1888)
(0.0002 -0.004 2.1888)
(0.0004 -0.004 2.1888)
(0.0006 -0.0042 2.1688)
(0.0008 -0.0042 2.1688)
(0.0006 -0.004 2.1688)
(0.0008 -0.004 2.1688)
(0.0006 -0.0042 2.1888)
(0.0008 -0.0042 2.1888)
(0.0006 -0.004 2.1888)
(0.0008 -0.004 2.1888)
(0.0002 -0.0043999999 2.2088)
(0.0004 -0.0043999999 2.2088)
(0.0002 -0.0043999999 2.2288)
(0.0004 -0.0043999999 2.2288)
(0.0006 -0.0043999999 2.2088)
(0.0008 -0.0043999999 2.2088)
(0.0006 -0.0043999999 2.2288)
(0.0008 -0.0043999999 2.2288)
(0.0002 -0.0042 2.2088)
(0.0004 -0.0042 2.2088)
(0.0002 -0.004 2.2088)
(0.0004 -0.004 2.2088)
(0.0002 -0.0042 2.2288)
(0.0004 -0.0042 2.2288)
(0.0002 -0.004 2.2288)
(0.0004 -0.004 2.2288)
(0.0006 -0.0042 2.2088)
(0.0008 -0.0042 2.2088)
(0.0006 -0.004 2.2088)
(0.0008 -0.004 2.2088)
(0.0006 -0.0042 2.2288)
(0.0008 -0.0042 2.2288)
(0.0006 -0.004 2.2288)
(0.0008 -0.004 2.2288)
(0.001 -0.0043999999 2.1688)
(0.0012 -0.0043999999 2.1688)
(0.001 -0.0043999999 2.1888)
(0.0012 -0.0043999999 2.1888)
(0.001 -0.0042 2.4088)
(0.0012 -0.0042 2.4088)
(0.001 -0.004 2.4088)
(0.0012 -0.004 2.4088)
(0.001 -0.0042 2.4288)
(0.0012 -0.0042 2.4288)
(0.001 -0.004 2.4288)
(0.0012 -0.004 2.4288)
(0.0014 -0.0042 2.4088)
(0.0016 -0.0042 2.4088)
(0.0014 -0.004 2.4088)
(0.0016 -0.004 2.4088)
(0.0014 -0.0042 2.4288)
(0.0016 -0.0042 2.4288)
(0.0014 -0.004 2.4288)
(0.0016 -0.004 2.4288)
(0.001 -0.0043999999 2.4488)
(0.0012 -0.0043999999 2.4488)
(0.001 -0.0043999999 2.4688)
(0.0012 -0.0043999999 2.4688)
(0.001 -0.0042 2.4488)
(0.0012 -0.0042 2.4488)
(0.001 -0.004 2.4488)
(0.0012 -0.004 2.4488)
(0.001 -0.0042 2.4688)
(0.0012 -0.0042 2.4688)
(0.001 -0.004 2.4688)
(0.0012 -0.004 2.4688)
(0.0014 -0.0042 2.4488)
(0.0016 -0.0042 2.4488)
(0.0014 -0.004 2.4488)
(0.0016 -0.004 2.4488)
(0.0014 -0.0042 2.4688)
(0.0016 -0.0042 2.4688)
(0.0014 -0.004 2.4688)
(0.0016 -0.004 2.4688)
(0.0006 -0.0043999999 2.6088)
(0.0008 -0.0043999999 2.6088)
(0.0006 -0.0043999999 2.6288)
(0.0008 -0.0043999999 2.6288)
(0.0002 -0.0042 2.6088)
(0.0004 -0.0042 2.6088)
(0.0002 -0.004 2.6088)
(0.0004 -0.004 2.6088)
(0.0002 -0.0042 2.6288)
(0.0004 -0.0042 2.6288)
(0.0002 -0.004 2.6288)
(0.0004 -0.004 2.6288)
(0.0006 -0.0042 2.6088)
(0.0008 -0.0042 2.6088)
(0.0006 -0.004 2.6088)
(0.0008 -0.004 2.6088)
(0.0006 -0.0042 2.6288)
(0.0008 -0.0042 2.6288)
(0.0006 -0.004 2.6288)
(0.0008 -0.004 2.6288)
(0.001 -0.0043999999 2.5688)
(0.0012 -0.0043999999 2.5688)
(0.001 -0.0043999999 2.5888)
(0.0012 -0.0043999999 2.5888)
(0.001 -0.0042 2.5688)
(0.0012 -0.0042 2.5688)
(0.001 -0.004 2.5688)
(0.0012 -0.004 2.5688)
(0.001 -0.0042 2.5888)
(0.0012 -0.0042 2.5888)
(0.001 -0.004 2.5888)
(0.0012 -0.004 2.5888)
(0.0014 -0.0042 2.5688)
(0.0016 -0.0042 2.5688)
(0.0014 -0.004 2.5688)
(0.0016 -0.004 2.5688)
(0.0014 -0.0042 2.5888)
(0.0016 -0.0042 2.5888)
(0.0014 -0.004 2.5888)
(0.0016 -0.004 2.5888)
(0.001 -0.0043999999 2.6088)
(0.0012 -0.0043999999 2.6088)
(0.001 -0.0043999999 2.6288)
(0.0012 -0.0043999999 2.6288)
(0.001 -0.0042 2.6088)
(0.0012 -0.0042 2.6088)
(0.001 -0.004 2.6088)
(0.0012 -0.004 2.6088)
(0.001 -0.0042 2.6288)
(0.0012 -0.0042 2.6288)
(0.001 -0.004 2.6288)
(0.0012 -0.004 2.6288)
(0.0014 -0.0042 2.6088)
(0.0016 -0.0042 2.6088)
(0.0014 -0.004 2.6088)
(0.0016 -0.004 2.6088)
(0.0014 -0.0042 2.6288)
(0.0016 -0.0042 2.6288)
(0.0014 -0.004 2.6288)
(0.0016 -0.004 2.6288)
(0.0022 -0.0038 2.6488)
(0.0024 -0.0038 2.6488)
(0.0022 -0.0036 2.6488)
(0.0024 -0.0036 2.6488)
(0.0022 -0.0038 2.6688)
(0.0024 -0.0038 2.6688)
(0.0022 -0.0036 2.6688)
(0.0024 -0.0036 2.6688)
(0.0022 -0.0034 2.6488)
(0.0024 -0.0034 2.6488)
(0.0022 -0.0034 2.6688)
(0.0024 -0.0034 2.6688)
(0.0018 -0.0038 2.6888)
(0.002 -0.0038 2.6888)
(0.0018 -0.0036 2.6888)
(0.002 -0.0036 2.6888)
(0.0018 -0.0038 2.7088)
(0.002 -0.0038 2.7088)
(0.0018 -0.0036 2.7088)
(0.002 -0.0036 2.7088)
(0.0022 -0.0038 2.6888)
(0.0024 -0.0038 2.6888)
(0.0022 -0.0036 2.6888)
(0.0024 -0.0036 2.6888)
(0.0022 -0.0038 2.7088)
(0.0024 -0.0038 2.7088)
(0.0022 -0.0036 2.7088)
(0.0024 -0.0036 2.7088)
(0.0022 -0.0034 2.6888)
(0.0024 -0.0034 2.6888)
(0.0022 -0.0034 2.7088)
(0.0024 -0.0034 2.7088)
(0.0018 -0.0042 2.8888)
(0.0018 -0.004 2.8888)
(0.002 -0.004 2.8888)
(0.0018 -0.0042 2.9088)
(0.0018 -0.004 2.9088)
(0.002 -0.004 2.9088)
(0.0022 -0.004 2.8888)
(0.0022 -0.004 2.9088)
(0.0014 -0.0038 3.2888)
(0.0016 -0.0038 3.2888)
(0.0014 -0.0038 3.3088)
(0.0016 -0.0038 3.3088)
(0.0014 -0.0038 3.3288)
(0.0016 -0.0038 3.3288)
(0.0014 -0.0038 3.3488)
(0.0016 -0.0038 3.3488)
(0.0014 -0.0038 3.4887995)
(0.0016 -0.0038 3.4887995)
(0.0014 -0.0038000001 3.5087962)
(0.0016 -0.0038000001 3.5087962)
(0.0002 -0.0044000059 3.5287783)
(0.0004 -0.0044000059 3.5287783)
(0.0002 -0.0044000213 3.5487041)
(0.0004 -0.0044000213 3.5487041)
(0.0006 -0.0044000059 3.5287783)
(0.0008 -0.0044000059 3.5287783)
(0.0006 -0.0044000213 3.5487041)
(0.0008 -0.0044000213 3.5487041)
(0.0002 -0.0042000027 3.5287781)
(0.0004 -0.0042000027 3.5287781)
(0.0002 -0.0040000012 3.528778)
(0.0004 -0.0040000012 3.528778)
(0.0002 -0.0042000102 3.5487035)
(0.0004 -0.0042000102 3.5487035)
(0.0002 -0.0040000045 3.5487032)
(0.0004 -0.0040000045 3.5487032)
(0.0006 -0.0042000027 3.5287781)
(0.0008 -0.0042000027 3.5287781)
(0.0006 -0.0040000012 3.528778)
(0.0008 -0.0040000012 3.528778)
(0.0006 -0.0042000102 3.5487035)
(0.0008 -0.0042000102 3.5487035)
(0.0006 -0.0040000045 3.5487032)
(0.0008 -0.0040000045 3.5487032)
(0.00020000001 -0.0044000632 3.5684661)
(0.0004 -0.0044000632 3.5684661)
(0.00020000002 -0.0044001592 3.5878569)
(0.0004 -0.0044001592 3.5878569)
(0.00059999999 -0.0044000632 3.5684661)
(0.00079999999 -0.0044000632 3.5684661)
(0.00059999999 -0.0044001592 3.5878569)
(0.00079999997 -0.0044001592 3.5878569)
(0.0002 -0.0042000309 3.5684647)
(0.0004 -0.0042000309 3.5684647)
(0.0002 -0.004000014 3.5684639)
(0.0004 -0.004000014 3.5684639)
(0.00020000002 -0.004200081 3.5878545)
(0.0004 -0.004200081 3.5878545)
(0.00020000001 -0.0040000383 3.587853)
(0.0004 -0.0040000383 3.587853)
(0.00059999999 -0.0042000309 3.5684647)
(0.00079999999 -0.0042000309 3.5684647)
(0.0006 -0.004000014 3.5684639)
(0.00079999999 -0.004000014 3.5684639)
(0.00059999999 -0.004200081 3.5878545)
(0.00079999998 -0.004200081 3.5878545)
(0.00059999999 -0.0040000383 3.587853)
(0.00079999998 -0.0040000383 3.587853)
(-0.0018 -0.0042 1.9888)
(-0.0016 -0.0042 1.9888)
(-0.0018 -0.004 1.9888)
(-0.0016 -0.004 1.9888)
(-0.0012 -0.0043999999 2.0888)
(-0.0012 -0.0043999999 2.1088)
(-0.001 -0.0043999999 2.0888)
(-0.0008 -0.0043999999 2.0888)
(-0.001 -0.0043999999 2.1088)
(-0.0008 -0.0043999999 2.1088)
(-0.0014 -0.0042 2.0888)
(-0.0012 -0.0042 2.0888)
(-0.0014 -0.004 2.0888)
(-0.0012 -0.004 2.0888)
(-0.0014 -0.0042 2.1088)
(-0.0012 -0.0042 2.1088)
(-0.0014 -0.004 2.1088)
(-0.0012 -0.004 2.1088)
(-0.001 -0.0042 2.0888)
(-0.0008 -0.0042 2.0888)
(-0.001 -0.004 2.0888)
(-0.0008 -0.004 2.0888)
(-0.001 -0.0042 2.1088)
(-0.0008 -0.0042 2.1088)
(-0.001 -0.004 2.1088)
(-0.0008 -0.004 2.1088)
(-0.0012 -0.0043999999 2.1288)
(-0.0012 -0.0043999999 2.1488)
(-0.001 -0.0043999999 2.1288)
(-0.0008 -0.0043999999 2.1288)
(-0.001 -0.0043999999 2.1488)
(-0.0008 -0.0043999999 2.1488)
(-0.0014 -0.0042 2.1288)
(-0.0012 -0.0042 2.1288)
(-0.0014 -0.004 2.1288)
(-0.0012 -0.004 2.1288)
(-0.0014 -0.0042 2.1488)
(-0.0012 -0.0042 2.1488)
(-0.0014 -0.004 2.2488)
(-0.0012 -0.004 2.2488)
(-0.0014 -0.0042 2.2688)
(-0.0012 -0.0042 2.2688)
(-0.0014 -0.004 2.2688)
(-0.0012 -0.004 2.2688)
(-0.001 -0.0042 2.2488)
(-0.0008 -0.0042 2.2488)
(-0.001 -0.004 2.2488)
(-0.0008 -0.004 2.2488)
(-0.001 -0.0042 2.2688)
(-0.0008 -0.0042 2.2688)
(-0.001 -0.004 2.2688)
(-0.0008 -0.004 2.2688)
(-0.0012 -0.0043999999 2.2888)
(-0.0012 -0.0043999999 2.3088)
(-0.001 -0.0043999999 2.2888)
(-0.0008 -0.0043999999 2.2888)
(-0.001 -0.0043999999 2.3088)
(-0.0008 -0.0043999999 2.3088)
(-0.0014 -0.0042 2.2888)
(-0.0012 -0.0042 2.2888)
(-0.0014 -0.004 2.2888)
(-0.0012 -0.004 2.2888)
(-0.0014 -0.0042 2.3088)
(-0.0012 -0.0042 2.3088)
(-0.0014 -0.004 2.3088)
(-0.0012 -0.004 2.3088)
(-0.001 -0.0042 2.2888)
(-0.0008 -0.0042 2.2888)
(-0.001 -0.004 2.2888)
(-0.0008 -0.004 2.2888)
(-0.001 -0.0042 2.3088)
(-0.0008 -0.0042 2.3088)
(-0.001 -0.004 2.3088)
(-0.0008 -0.004 2.3088)
(-0.0006 -0.0043999999 2.2488)
(-0.0004 -0.0043999999 2.2488)
(-0.0006 -0.0043999999 2.2688)
(-0.0004 -0.0043999999 2.2688)
(-0.0002 -0.0043999999 2.2488)
(2.780079e-15 -0.0043999999 2.2488)
(-0.0002 -0.0043999999 2.2688)
(2.255769e-15 -0.0043999999 2.2688)
(-0.0006 -0.0042 2.2488)
(-0.0004 -0.0042 2.2488)
(-0.0006 -0.004 2.2488)
(-0.0004 -0.004 2.2488)
(-0.0006 -0.0042 2.2688)
(-0.0004 -0.0042 2.2688)
(-0.0006 -0.004 2.2688)
(-0.0004 -0.004 2.2688)
(-0.0002 -0.0042 2.2488)
(1.4585399e-16 -0.0042 2.2488)
(-0.0002 -0.004 2.2488)
(-0.0002 -0.0042 2.2688)
(1.268093e-16 -0.0042 2.2688)
(-0.0002 -0.004 2.2688)
(-0.0006 -0.0043999999 2.2888)
(-0.0004 -0.0043999999 2.2888)
(-0.0006 -0.0043999999 2.3088)
(-0.0004 -0.0043999999 2.3088)
(-0.0002 -0.0043999999 2.2888)
(1.2743729e-15 -0.0043999999 2.2888)
(-0.0002 -0.0043999999 2.3088)
(-1.1649414e-16 -0.0043999999 2.3088)
(-0.0006 -0.0042 2.2888)
(-0.0004 -0.0042 2.2888)
(-0.0006 -0.004 2.2888)
(-0.0004 -0.004 2.2888)
(-0.0006 -0.0042 2.3088)
(-0.0004 -0.0042 2.3088)
(-0.0022 -0.004 2.7288)
(-0.002 -0.004 2.7288)
(-0.0022 -0.004 2.7488)
(-0.002 -0.004 2.7488)
(-0.0018 -0.0042 2.7288)
(-0.0016 -0.0042 2.7288)
(-0.0018 -0.004 2.7288)
(-0.0016 -0.004 2.7288)
(-0.0018 -0.0042 2.7488)
(-0.0016 -0.0042 2.7488)
(-0.0018 -0.004 2.7488)
(-0.0016 -0.004 2.7488)
(-0.0022 -0.004 2.8888)
(-0.002 -0.004 2.8888)
(-0.0022 -0.004 2.9088)
(-0.002 -0.004 2.9088)
(-0.0018 -0.0042 2.8888)
(-0.0016 -0.0042 2.8888)
(-0.0018 -0.004 2.8888)
(-0.0016 -0.004 2.8888)
(-0.0018 -0.0042 2.9088)
(-0.0016 -0.0042 2.9088)
(-0.0018 -0.004 2.9088)
(-0.0016 -0.004 2.9088)
(-0.0022 -0.004 2.9288)
(-0.002 -0.004 2.9288)
(-0.0022 -0.004 2.9488)
(-0.002 -0.004 2.9488)
(-0.0018 -0.0042 2.9288)
(-0.0016 -0.0042 2.9288)
(-0.0018 -0.004 2.9288)
(-0.0016 -0.004 2.9288)
(-0.0018 -0.0042 2.9488)
(-0.0016 -0.0042 2.9488)
(-0.0018 -0.004 2.9488)
(-0.0016 -0.004 2.9488)
(-0.0024 -0.0038 2.8888)
(-0.0024 -0.0036 2.8888)
(-0.0024 -0.0038 2.9088)
(-0.0024 -0.0036 2.9088)
(-0.0014 -0.0038 3.0088)
(-0.0014 -0.0038 3.0288)
(-0.0012 -0.0043999999 3.0488)
(-0.0006 -0.0043999999 3.1888)
(-0.0004 -0.0043999999 3.1888)
(-0.0002 -0.0043999999 3.1688)
(-5.838615e-16 -0.0043999999 3.1688)
(-0.0002 -0.0043999999 3.1888)
(-1.4175079e-15 -0.0043999999 3.1888)
(-0.0006 -0.0042 3.1688)
(-0.0004 -0.0042 3.1688)
(-0.0006 -0.004 3.1688)
(-0.0004 -0.004 3.1688)
(-0.0006 -0.0042 3.1888)
(-0.0004 -0.0042 3.1888)
(-0.0006 -0.004 3.1888)
(-0.0004 -0.004 3.1888)
(-0.0002 -0.0042 3.1688)
(-1.3064636e-17 -0.0042 3.1688)
(-0.0002 -0.004 3.1688)
(-0.0002 -0.0042 3.1888)
(-5.0149433e-17 -0.0042 3.1888)
(-0.0002 -0.004 3.1888)
(-0.0014 -0.0038 3.1288)
(-0.0014 -0.0038 3.1488)
(-0.0014 -0.0038 3.1688)
(-0.0014 -0.0038 3.1888)
(-0.0012 -0.0044000059 3.5287783)
(-0.0012 -0.0044000213 3.5487041)
(-0.001 -0.0044000059 3.5287783)
(-0.0008 -0.0044000059 3.5287783)
(-0.001 -0.0044000213 3.5487041)
(-0.0008 -0.0044000213 3.5487041)
(-0.0014 -0.0042000027 3.5287781)
(-0.0012 -0.0042000027 3.5287781)
(-0.0014 -0.0040000012 3.528778)
(-0.0012 -0.0040000012 3.528778)
(-0.0014 -0.0042000102 3.5487035)
(-0.0012 -0.0042000102 3.5487035)
(-0.0014 -0.0040000045 3.5487032)
(-0.0012 -0.0040000045 3.5487032)
(-0.001 -0.0042000027 3.5287781)
(-0.0008 -0.0042000027 3.5287781)
(-0.001 -0.0040000012 3.528778)
(-0.0008 -0.0040000012 3.528778)
(-0.001 -0.0042000102 3.5487035)
(-0.0008 -0.0042000102 3.5487035)
(-0.001 -0.0040000045 3.5487032)
(-0.0008 -0.0040000045 3.5487032)
(-0.0012 -0.0044000632 3.5684661)
(-0.0012 -0.0044001592 3.5878569)
(-0.001 -0.0044000632 3.5684661)
(-0.00080000001 -0.0044000632 3.5684661)
(-0.001 -0.0044001592 3.5878569)
(-0.00080000001 -0.0044001592 3.5878569)
(-0.0014 -0.0042000309 3.5684647)
(-0.0012 -0.0042000309 3.5684647)
(-0.0014 -0.004000014 3.5684639)
(-0.0012 -0.004000014 3.5684639)
(-0.0014 -0.004200081 3.5878545)
(-0.0012 -0.004200081 3.5878545)
(-0.0014 -0.0040000383 3.587853)
(-0.0012 -0.0040000383 3.587853)
(-0.001 -0.0042000309 3.5684647)
(-0.0008 -0.0042000309 3.5684647)
(-0.00099999997 -0.0044011727 3.6413079)
(-0.00080000001 -0.0044011727 3.641308)
(-0.0013999992 -0.0042006712 3.6413054)
(-0.0011999994 -0.0042006712 3.6413054)
(-0.0013999991 -0.0040003497 3.6413033)
(-0.0011999994 -0.0040003497 3.6413033)
(-0.0009999999 -0.0042006712 3.6413054)
(-0.00079999999 -0.0042006712 3.6413054)
(-0.00099999986 -0.0040003497 3.6413033)
(-0.00079999997 -0.0040003497 3.6413033)
(-0.00059999998 -0.0044003526 3.6065888)
(-0.00039999995 -0.0044003526 3.6065888)
(-0.00059999991 -0.0044006909 3.6244131)
(-0.00039999988 -0.0044006909 3.6244131)
(-0.00019999994 -0.0044003526 3.6065888)
(5.5517469e-11 -0.0044003526 3.6065888)
(-0.0001999999 -0.0044006909 3.6244131)
(9.0411648e-11 -0.0044006909 3.6244131)
(-0.00059999998 -0.0042001895 3.6065856)
(-0.00039999996 -0.0042001895 3.6065856)
(-0.00059999998 -0.0040000944 3.6065833)
(-0.00039999997 -0.0040000944 3.6065833)
(-0.00059999992 -0.0042003896 3.6244097)
(-0.0003999999 -0.0042003896 3.6244097)
(-0.00059999992 -0.0040002019 3.6244071)
(-0.00039999992 -0.0040002019 3.6244071)
(-0.00019999996 -0.0042001895 3.6065856)
(4.5168308e-11 -0.0042001895 3.6065856)
(-0.00019999997 -0.0040000944 3.6065833)
(-0.00019999992 -0.0042003896 3.6244097)
(7.714277e-11 -0.0042003895 3.6244097)
(-0.00019999994 -0.0040002019 3.6244071)
(-0.00059999974 -0.0044011727 3.641308)
(-0.00039999969 -0.0044011727 3.6413079)
(-0.00019999992 -0.0044011727 3.6413079)
(6.6495689e-11 -0.0044011727 3.641308)
(-0.00059999975 -0.0042006712 3.6413054)
(-0.00039999972 -0.0042006712 3.6413054)
(-0.00059999975 -0.0040003497 3.6413033)
(-0.00039999975 -0.0040003497 3.6413033)
(-0.00019999996 -0.0042006712 3.6413054)
(4.4588215e-11 -0.0042006712 3.6413054)
(-0.00019999999 -0.0040003497 3.6413033)
(-0.0013999999 -0.0038000437 3.606582)
(-0.0013999996 -0.0038000966 3.6244053)
(0.0006 -0.0043999999 2.0288)
(0.0008 -0.0043999999 2.0288)
(0.0002 -0.0042 2.0088)
(0.0002 -0.0042 2.0288)
(0.0004 -0.0042 2.0288)
(0.0002 -0.004 2.0288)
(0.0004 -0.004 2.0288)
(0.0006 -0.0042 2.0288)
(0.0008 -0.0042 2.0288)
(0.0006 -0.004 2.0288)
(0.0008 -0.004 2.0288)
(0.0002 -0.0043999999 2.0488)
(0.0004 -0.0043999999 2.0488)
(0.0002 -0.0043999999 2.0688)
(0.0004 -0.0043999999 2.0688)
(0.0006 -0.0043999999 2.0488)
(0.0008 -0.0043999999 2.0488)
(0.0006 -0.0043999999 2.0688)
(0.0008 -0.0043999999 2.0688)
(0.0002 -0.0042 2.0488)
(0.0004 -0.0042 2.0488)
(0.0002 -0.004 2.0488)
(0.0004 -0.004 2.0488)
(0.0002 -0.0042 2.0688)
(0.0004 -0.0042 2.0688)
(0.0002 -0.004 2.0688)
(0.0004 -0.004 2.0688)
(0.0006 -0.0042 2.0488)
(0.0008 -0.0042 2.0488)
(0.0006 -0.004 2.0488)
(0.0008 -0.004 2.0488)
(0.0006 -0.0042 2.0688)
(0.0008 -0.0042 2.0688)
(0.0006 -0.004 2.0688)
(0.0008 -0.004 2.0688)
(0.001 -0.0043999999 2.0288)
(0.0012 -0.0043999999 2.0288)
(0.001 -0.0042 2.0288)
(0.0012 -0.0042 2.0288)
(0.001 -0.004 2.0288)
(0.0012 -0.004 2.0288)
(0.001 -0.0043999999 2.0488)
(0.0012 -0.0043999999 2.0488)
(0.001 -0.0043999999 2.0688)
(0.0012 -0.0043999999 2.0688)
(0.001 -0.0042 2.0488)
(0.0012 -0.0042 2.0488)
(0.001 -0.0042 2.1688)
(0.0012 -0.0042 2.1688)
(0.001 -0.004 2.1688)
(0.0012 -0.004 2.1688)
(0.001 -0.0042 2.1888)
(0.0012 -0.0042 2.1888)
(0.001 -0.004 2.1888)
(0.0012 -0.004 2.1888)
(0.0014 -0.0042 2.1688)
(0.0016 -0.0042 2.1688)
(0.0014 -0.004 2.1688)
(0.0016 -0.004 2.1688)
(0.0014 -0.0042 2.1888)
(0.0016 -0.0042 2.1888)
(0.0014 -0.004 2.1888)
(0.0016 -0.004 2.1888)
(0.001 -0.0043999999 2.2088)
(0.0012 -0.0043999999 2.2088)
(0.001 -0.0043999999 2.2288)
(0.0012 -0.0043999999 2.2288)
(0.001 -0.0042 2.2088)
(0.0012 -0.0042 2.2088)
(0.001 -0.004 2.2088)
(0.0012 -0.004 2.2088)
(0.001 -0.0042 2.2288)
(0.0012 -0.0042 2.2288)
(0.001 -0.004 2.2288)
(0.0012 -0.004 2.2288)
(0.0014 -0.0042 2.2088)
(0.0016 -0.0042 2.2088)
(0.0014 -0.004 2.2088)
(0.0016 -0.004 2.2088)
(0.0014 -0.0042 2.2288)
(0.0016 -0.0042 2.2288)
(0.0014 -0.004 2.2288)
(0.0016 -0.004 2.2288)
(0.0014 -0.0038 2.4088)
(0.0016 -0.0038 2.4088)
(0.0014 -0.0038 2.4288)
(0.0016 -0.0038 2.4288)
(0.0014 -0.0038 2.4488)
(0.0016 -0.0038 2.4488)
(0.0014 -0.0038 2.4688)
(0.0016 -0.0038 2.4688)
(0.0018 -0.0042 2.3288)
(0.0014 -0.0038 2.5688)
(0.0016 -0.0038 2.5688)
(0.0014 -0.0038 2.5888)
(0.0016 -0.0038 2.5888)
(0.0014 -0.0038 2.6088)
(0.0016 -0.0038 2.6088)
(0.0014 -0.0038 2.6288)
(0.0016 -0.0038 2.6288)
(0.0018 -0.0042 2.7288)
(0.0018 -0.004 2.7288)
(0.002 -0.004 2.7288)
(0.0018 -0.0042 2.7488)
(0.0018 -0.004 2.7488)
(0.002 -0.004 2.7488)
(0.0022 -0.004 2.7288)
(0.0022 -0.004 2.7488)
(0.0018 -0.0042 2.7688)
(0.0018 -0.004 2.7688)
(0.002 -0.004 2.7688)
(0.0018 -0.0042 2.7888)
(0.0018 -0.004 2.7888)
(0.002 -0.004 2.7888)
(0.0022 -0.004 2.7688)
(0.0022 -0.004 2.7888)
(0.0018 -0.0042 2.9288)
(0.0018 -0.004 2.9288)
(0.002 -0.004 2.9288)
(0.0018 -0.0042 2.9488)
(0.0018 -0.004 2.9488)
(0.002 -0.004 2.9488)
(0.0022 -0.004 2.9288)
(0.0022 -0.004 2.9488)
(0.0018 -0.0038 2.8888)
(0.002 -0.0038 2.8888)
(0.0018 -0.0036 2.8888)
(0.002 -0.0036 2.8888)
(0.0018 -0.0038 2.9088)
(0.002 -0.0038 2.9088)
(0.0018 -0.0036 2.9088)
(0.002 -0.0036 2.9088)
(0.0022 -0.0038 2.8888)
(0.0024 -0.0038 2.8888)
(0.0022 -0.0036 2.8888)
(0.0024 -0.0036 2.8888)
(0.0022 -0.0038 2.9088)
(0.0024 -0.0038 2.9088)
(0.0022 -0.0036 2.9088)
(0.0024 -0.0036 2.9088)
(0.0002 -0.0043999999 2.9688)
(0.0004 -0.0043999999 2.9688)
(0.0002 -0.0043999999 2.9888)
(0.0004 -0.0043999999 2.9888)
(0.0006 -0.0043999999 2.9688)
(0.0008 -0.0043999999 2.9688)
(0.0006 -0.0043999999 2.9888)
(0.0008 -0.0043999999 2.9888)
(0.0002 -0.0042 2.9688)
(0.0004 -0.0042 2.9688)
(0.0002 -0.004 2.9688)
(0.0004 -0.004 2.9688)
(0.0002 -0.0042 2.9888)
(0.0004 -0.0042 2.9888)
(0.0002 -0.004 2.9888)
(0.0004 -0.004 2.9888)
(0.0006 -0.0042 2.9688)
(0.0008 -0.0042 2.9688)
(0.0006 -0.004 2.9688)
(0.0008 -0.004 2.9688)
(0.0006 -0.0042 2.9888)
(0.0008 -0.0042 2.9888)
(0.0006 -0.004 2.9888)
(0.0008 -0.004 2.9888)
(0.0002 -0.0043999999 3.0088)
(0.0004 -0.0043999999 3.0088)
(0.0002 -0.0043999999 3.0288)
(0.0004 -0.0043999999 3.0288)
(0.0006 -0.0043999999 3.0088)
(0.0008 -0.0043999999 3.0088)
(0.0006 -0.0043999999 3.0288)
(0.0008 -0.0043999999 3.0288)
(0.0002 -0.0042 3.0088)
(0.0004 -0.0042 3.0088)
(0.0002 -0.004 3.0088)
(0.0004 -0.004 3.0088)
(0.0002 -0.0042 3.0288)
(0.0004 -0.0042 3.0288)
(0.0002 -0.004 3.0288)
(0.0004 -0.004 3.0288)
(0.0006 -0.0042 3.0088)
(0.0008 -0.0042 3.0088)
(0.0006 -0.004 3.0088)
(0.0008 -0.004 3.0088)
(0.0006 -0.0042 3.0288)
(0.0008 -0.0042 3.0288)
(0.0006 -0.004 3.0288)
(0.0008 -0.004 3.0288)
(0.0002 -0.0043999999 3.1288)
(0.0004 -0.0043999999 3.1288)
(0.0002 -0.0043999999 3.3688)
(0.0004 -0.0043999999 3.3688)
(0.0002 -0.0043999999 3.3888)
(0.0004 -0.0043999999 3.3888)
(0.0006 -0.0043999999 3.3688)
(0.0008 -0.0043999999 3.3688)
(0.0006 -0.0043999999 3.3888)
(0.0008 -0.0043999999 3.3888)
(0.0002 -0.0042 3.3688)
(0.0004 -0.0042 3.3688)
(0.0002 -0.004 3.3688)
(0.0004 -0.004 3.3688)
(0.0002 -0.0042 3.3888)
(0.0004 -0.0042 3.3888)
(0.0002 -0.004 3.3888)
(0.0004 -0.004 3.3888)
(0.0006 -0.0042 3.3688)
(0.0008 -0.0042 3.3688)
(0.0006 -0.004 3.3688)
(0.0008 -0.004 3.3688)
(0.0006 -0.0042 3.3888)
(0.0008 -0.0042 3.3888)
(0.0006 -0.004 3.3888)
(0.0008 -0.004 3.3888)
(0.0002 -0.0043999999 3.4088)
(0.0004 -0.0043999999 3.4088)
(0.0002 -0.0043999999 3.4288)
(0.0004 -0.0043999999 3.4288)
(0.0006 -0.0043999999 3.4088)
(0.0008 -0.0043999999 3.4088)
(0.0006 -0.0043999999 3.4288)
(0.0008 -0.0043999999 3.4288)
(0.0002 -0.0042 3.4088)
(0.0004 -0.0042 3.4088)
(0.0002 -0.004 3.4088)
(0.0004 -0.004 3.4088)
(0.0002 -0.0042 3.4288)
(0.0004 -0.0042 3.4288)
(0.0002 -0.004 3.4288)
(0.0004 -0.004 3.4288)
(0.0006 -0.0042 3.4088)
(0.0008 -0.0042 3.4088)
(0.0006 -0.004 3.4088)
(0.0008 -0.004 3.4088)
(0.0006 -0.0042 3.4288)
(0.0008 -0.0042 3.4288)
(0.0006 -0.004 3.4288)
(0.0008 -0.004 3.4288)
(0.001 -0.0043999999 3.3688)
(0.0012 -0.0043999999 3.3688)
(0.001 -0.0043999999 3.3888)
(0.0012 -0.0043999999 3.3888)
(0.001 -0.0042 3.3688)
(0.0012 -0.0042 3.3688)
(0.001 -0.004 3.3688)
(0.0012 -0.004 3.3688)
(0.001 -0.0042 3.3888)
(0.0012 -0.0042 3.3888)
(0.001 -0.004 3.3888)
(0.0012 -0.004 3.3888)
(0.0014 -0.0042 3.3688)
(0.0016 -0.0042 3.3688)
(0.0014 -0.004 3.3688)
(0.0016 -0.004 3.3688)
(0.0014 -0.0042 3.3888)
(0.0016 -0.0042 3.3888)
(0.0014 -0.004 3.3888)
(0.0016 -0.004 3.3888)
(0.001 -0.0043999999 3.4088)
(0.0012 -0.0043999999 3.4088)
(0.001 -0.0044000059 3.5287783)
(0.0012 -0.0044000059 3.5287783)
(0.00099999999 -0.0044000213 3.5487041)
(0.0012 -0.0044000213 3.5487041)
(0.001 -0.0042000027 3.5287781)
(0.0012 -0.0042000027 3.5287781)
(0.001 -0.0040000012 3.528778)
(0.0012 -0.0040000012 3.528778)
(0.001 -0.0042000102 3.5487035)
(0.0012 -0.0042000102 3.5487035)
(0.001 -0.0040000045 3.5487032)
(0.0012 -0.0040000045 3.5487032)
(0.0014 -0.0042000027 3.5287781)
(0.0016 -0.0042000027 3.5287781)
(0.0014 -0.0040000012 3.528778)
(0.0016 -0.0040000012 3.528778)
(0.0014 -0.0042000102 3.5487035)
(0.0016 -0.0042000102 3.5487035)
(0.0014 -0.0040000045 3.5487032)
(0.0016 -0.0040000045 3.5487032)
(0.00099999998 -0.0044000632 3.5684661)
(0.0012 -0.0044000632 3.5684661)
(0.00099999996 -0.0044001592 3.5878569)
(0.0012 -0.0044001592 3.5878569)
(0.00099999999 -0.0042000309 3.5684647)
(0.0012 -0.0042000309 3.5684647)
(0.00099999999 -0.004000014 3.5684639)
(0.0012 -0.004000014 3.5684639)
(0.00099999997 -0.004200081 3.5878545)
(0.0012 -0.004200081 3.5878545)
(0.00099999998 -0.0040000383 3.587853)
(0.0012 -0.0040000383 3.587853)
(0.0014 -0.0042000309 3.5684647)
(0.0016 -0.0042000309 3.5684647)
(0.0014 -0.004000014 3.5684639)
(0.0016 -0.004000014 3.5684639)
(0.0014 -0.004200081 3.5878545)
(0.0016 -0.004200081 3.5878545)
(0.0014 -0.0040000383 3.587853)
(0.0016 -0.0040000383 3.587853)
(0.00020000005 -0.0044003526 3.6065888)
(0.00040000002 -0.0044003526 3.6065888)
(0.0002000001 -0.0044006909 3.6244131)
(0.00040000007 -0.0044006909 3.6244131)
(0.00059999998 -0.0044003526 3.6065888)
(0.00079999995 -0.0044003526 3.6065888)
(0.00059999999 -0.0044006909 3.6244131)
(0.00079999994 -0.0044006909 3.6244131)
(0.00020000004 -0.0042001895 3.6065856)
(0.00040000002 -0.0042001895 3.6065856)
(0.00020000004 -0.0040000944 3.6065833)
(0.00040000002 -0.0040000944 3.6065833)
(0.0002000001 -0.0042003895 3.6244097)
(0.00040000008 -0.0042003895 3.6244097)
(-0.0018 -0.0038 1.9888)
(-0.0016 -0.0038 1.9888)
(-0.0014 -0.004 2.1488)
(-0.0012 -0.004 2.1488)
(-0.001 -0.0042 2.1288)
(-0.0008 -0.0042 2.1288)
(-0.001 -0.004 2.1288)
(-0.0008 -0.004 2.1288)
(-0.001 -0.0042 2.1488)
(-0.0008 -0.0042 2.1488)
(-0.001 -0.004 2.1488)
(-0.0008 -0.004 2.1488)
(-0.0006 -0.0043999999 2.0888)
(-0.0004 -0.0043999999 2.0888)
(-0.0006 -0.0043999999 2.1088)
(-0.0004 -0.0043999999 2.1088)
(-0.0002 -0.0043999999 2.0888)
(-1.8579651e-15 -0.0043999999 2.0888)
(-0.0002 -0.0043999999 2.1088)
(-5.3877055e-16 -0.0043999999 2.1088)
(-0.0006 -0.0042 2.0888)
(-0.0004 -0.0042 2.0888)
(-0.0006 -0.004 2.0888)
(-0.0004 -0.004 2.0888)
(-0.0006 -0.0042 2.1088)
(-0.0004 -0.0042 2.1088)
(-0.0006 -0.004 2.1088)
(-0.0004 -0.004 2.1088)
(-0.0002 -0.0042 2.0888)
(-7.671408e-17 -0.0042 2.0888)
(-0.0002 -0.004 2.0888)
(-0.0002 -0.0042 2.1088)
(-1.7198157e-17 -0.0042 2.1088)
(-0.0002 -0.004 2.1088)
(-0.0006 -0.0043999999 2.1288)
(-0.0004 -0.0043999999 2.1288)
(-0.0006 -0.0043999999 2.1488)
(-0.0004 -0.0043999999 2.1488)
(-0.0002 -0.0043999999 2.1288)
(7.3604791e-16 -0.0043999999 2.1288)
(-0.0002 -0.0043999999 2.1488)
(1.8110954e-15 -0.0043999999 2.1488)
(-0.0006 -0.0042 2.1288)
(-0.0004 -0.0042 2.1288)
(-0.0006 -0.004 2.1288)
(-0.0004 -0.004 2.1288)
(-0.0006 -0.0042 2.1488)
(-0.0004 -0.0042 2.1488)
(-0.0006 -0.004 2.1488)
(-0.0004 -0.004 2.1488)
(-0.0002 -0.0042 2.1288)
(4.1777359e-17 -0.0042 2.1288)
(-0.0002 -0.004 2.1288)
(-0.0002 -0.0042 2.1488)
(9.2682345e-17 -0.0042 2.1488)
(-0.0002 -0.004 2.1488)
(-0.0014 -0.0038 2.0888)
(-0.0014 -0.0038 2.1088)
(-0.0006 -0.004 2.3088)
(-0.0004 -0.004 2.3088)
(-0.0002 -0.0042 2.2888)
(8.6886946e-17 -0.0042 2.2888)
(-0.0002 -0.004 2.2888)
(-0.0002 -0.0042 2.3088)
(2.6539236e-17 -0.0042 2.3088)
(-0.0002 -0.004 2.3088)
(-0.0014 -0.0038 2.2488)
(-0.0014 -0.0038 2.2688)
(-0.0014 -0.0038 2.2888)
(-0.0014 -0.0038 2.3088)
(-0.0022 -0.004 2.7688)
(-0.002 -0.004 2.7688)
(-0.0022 -0.004 2.7888)
(-0.002 -0.004 2.7888)
(-0.0018 -0.0042 2.7688)
(-0.0016 -0.0042 2.7688)
(-0.0018 -0.004 2.7688)
(-0.0016 -0.004 2.7688)
(-0.0018 -0.0042 2.7888)
(-0.0016 -0.0042 2.7888)
(-0.0018 -0.004 2.7888)
(-0.0016 -0.004 2.7888)
(-0.0024 -0.0038 2.7288)
(-0.0024 -0.0036 2.7288)
(-0.0024 -0.0038 2.7488)
(-0.0024 -0.0036 2.7488)
(-0.0024 -0.0038 2.7688)
(-0.0024 -0.0036 2.7688)
(-0.0024 -0.0038 2.7888)
(-0.0024 -0.0036 2.7888)
(-0.0022 -0.0038 2.7288)
(-0.002 -0.0038 2.7288)
(-0.0022 -0.0036 2.7288)
(-0.002 -0.0036 2.7288)
(-0.0022 -0.0038 2.7488)
(-0.002 -0.0038 2.7488)
(-0.0022 -0.0036 2.7488)
(-0.002 -0.0036 2.7488)
(-0.0024 -0.0038 2.9288)
(-0.0024 -0.0036 2.9288)
(-0.0024 -0.0038 2.9488)
(-0.0024 -0.0036 2.9488)
(-0.0022 -0.0038 2.8888)
(-0.002 -0.0038 2.8888)
(-0.0022 -0.0036 2.8888)
(-0.002 -0.0036 2.8888)
(-0.0022 -0.0038 2.9088)
(-0.002 -0.0038 2.9088)
(-0.0022 -0.0036 2.9088)
(-0.002 -0.0036 2.9088)
(-0.0018 -0.0038 2.8888)
(-0.0016 -0.0038 2.8888)
(-0.0018 -0.0036 2.8888)
(-0.0018 -0.0038 2.9088)
(-0.0016 -0.0038 2.9088)
(-0.0018 -0.0036 2.9088)
(-0.0022 -0.0038 2.9288)
(-0.002 -0.0038 2.9288)
(-0.0022 -0.0036 2.9288)
(-0.002 -0.0036 2.9288)
(-0.0022 -0.0038 2.9488)
(-0.002 -0.0038 2.9488)
(-0.0022 -0.0036 2.9488)
(-0.002 -0.0036 2.9488)
(-0.0018 -0.0038 2.9288)
(-0.0016 -0.0038 2.9288)
(-0.0018 -0.0036 2.9288)
(-0.0018 -0.0038 2.9488)
(-0.0016 -0.0038 2.9488)
(-0.0018 -0.0036 2.9488)
(-0.0012 -0.0043999999 2.8088)
(-0.0012 -0.0043999999 2.8288)
(-0.0012 -0.0043999999 3.0688)
(-0.001 -0.0043999999 3.0488)
(-0.0008 -0.0043999999 3.0488)
(-0.001 -0.0043999999 3.0688)
(-0.0008 -0.0043999999 3.0688)
(-0.0014 -0.0042 3.0488)
(-0.0012 -0.0042 3.0488)
(-0.0014 -0.004 3.0488)
(-0.0012 -0.004 3.0488)
(-0.0014 -0.0042 3.0688)
(-0.0012 -0.0042 3.0688)
(-0.0014 -0.004 3.0688)
(-0.0012 -0.004 3.0688)
(-0.001 -0.0042 3.0488)
(-0.0008 -0.0042 3.0488)
(-0.001 -0.004 3.0488)
(-0.0008 -0.004 3.0488)
(-0.001 -0.0042 3.0688)
(-0.0008 -0.0042 3.0688)
(-0.001 -0.004 3.0688)
(-0.0008 -0.004 3.0688)
(-0.0012 -0.0043999999 3.0888)
(-0.0012 -0.0043999999 3.1088)
(-0.001 -0.0043999999 3.0888)
(-0.0008 -0.0043999999 3.0888)
(-0.001 -0.0043999999 3.1088)
(-0.0008 -0.0043999999 3.1088)
(-0.0014 -0.0042 3.0888)
(-0.0012 -0.0042 3.0888)
(-0.0014 -0.004 3.0888)
(-0.0012 -0.004 3.0888)
(-0.0014 -0.0042 3.1088)
(-0.0012 -0.0042 3.1088)
(-0.0014 -0.004 3.1088)
(-0.0012 -0.004 3.1088)
(-0.001 -0.0042 3.0888)
(-0.0008 -0.0042 3.0888)
(-0.001 -0.004 3.0888)
(-0.0008 -0.004 3.0888)
(-0.001 -0.0042 3.1088)
(-0.0008 -0.0042 3.1088)
(-0.001 -0.004 3.1088)
(-0.0008 -0.004 3.1088)
(-0.0006 -0.0043999999 3.0488)
(-0.0004 -0.0043999999 3.0488)
(-0.0006 -0.0043999999 3.0688)
(-0.0004 -0.0043999999 3.0688)
(-0.0002 -0.0043999999 3.0488)
(4.9214952e-15 -0.0043999999 3.0488)
(-0.0002 -0.0043999999 3.0688)
(4.5941475e-15 -0.0043999999 3.0688)
(-0.0006 -0.0042 3.0488)
(-0.0004 -0.0042 3.0488)
(-0.0006 -0.004 3.0488)
(-0.0004 -0.004 3.0488)
(-0.0006 -0.0042 3.0688)
(-0.0004 -0.0042 3.0688)
(-0.0006 -0.004 3.0688)
(-0.0004 -0.004 3.0688)
(-0.0002 -0.0042 3.0488)
(2.4333563e-16 -0.0042 3.0488)
(-0.0002 -0.004 3.0488)
(-0.0002 -0.0042 3.0688)
(2.2732331e-16 -0.0042 3.0688)
(-0.0002 -0.004 3.0688)
(-0.0006 -0.0043999999 3.0888)
(-0.0004 -0.0043999999 3.0888)
(-0.0006 -0.0043999999 3.1088)
(-0.0004 -0.0043999999 3.1088)
(-0.0012 -0.0043999999 3.2088)
(-0.0012 -0.0043999999 3.2288)
(-0.001 -0.0043999999 3.2088)
(-0.0008 -0.0043999999 3.2088)
(-0.001 -0.0043999999 3.2288)
(-0.0008 -0.0043999999 3.2288)
(-0.0014 -0.0042 3.2088)
(-0.0012 -0.0042 3.2088)
(-0.0014 -0.004 3.2088)
(-0.0012 -0.004 3.2088)
(-0.0014 -0.0042 3.2288)
(-0.0012 -0.0042 3.2288)
(-0.0014 -0.004 3.2288)
(-0.0012 -0.004 3.2288)
(-0.001 -0.0042 3.2088)
(-0.0008 -0.0042 3.2088)
(-0.001 -0.004 3.2088)
(-0.0008 -0.004 3.2088)
(-0.001 -0.0042 3.2288)
(-0.0008 -0.0042 3.2288)
(-0.001 -0.004 3.2288)
(-0.0008 -0.004 3.2288)
(-0.0012 -0.0043999999 3.2488)
(-0.0012 -0.0043999999 3.2688)
(-0.001 -0.0043999999 3.2488)
(-0.0008 -0.0043999999 3.2488)
(-0.001 -0.004000014 3.5684639)
(-0.0008 -0.004000014 3.5684639)
(-0.001 -0.004200081 3.5878545)
(-0.0008 -0.004200081 3.5878545)
(-0.00099999999 -0.0040000383 3.587853)
(-0.0008 -0.0040000383 3.587853)
(-0.0006 -0.0044000059 3.5287783)
(-0.0004 -0.0044000059 3.5287783)
(-0.0006 -0.0044000213 3.5487041)
(-0.0004 -0.0044000213 3.5487041)
(-0.0002 -0.0044000059 3.5287783)
(4.5379572e-13 -0.0044000059 3.5287783)
(-0.0002 -0.0044000213 3.5487041)
(2.3153958e-12 -0.0044000213 3.5487041)
(-0.0006 -0.0042000027 3.5287781)
(-0.0004 -0.0042000027 3.5287781)
(-0.0006 -0.0040000012 3.528778)
(-0.0004 -0.0040000012 3.528778)
(-0.0006 -0.0042000102 3.5487035)
(-0.0004 -0.0042000102 3.5487035)
(-0.0006 -0.0040000045 3.5487032)
(-0.0004 -0.0040000045 3.5487032)
(-0.0002 -0.0042000027 3.5287781)
(3.2490733e-13 -0.0042000027 3.5287781)
(-0.0002 -0.0040000012 3.528778)
(-0.0002 -0.0042000102 3.5487035)
(1.7138732e-12 -0.0042000102 3.5487035)
(-0.0002 -0.0040000045 3.5487032)
(-0.0006 -0.0044000632 3.5684661)
(-0.0004 -0.0044000632 3.5684661)
(-0.0006 -0.0044001592 3.5878569)
(-0.00039999999 -0.0044001592 3.5878569)
(-0.00019999999 -0.0044000632 3.5684661)
(8.7504079e-12 -0.0044000632 3.5684661)
(-0.00019999998 -0.0044001592 3.5878569)
(2.5183812e-11 -0.0044001592 3.5878569)
(-0.0006 -0.0042000309 3.5684647)
(-0.0004 -0.0042000309 3.5684647)
(-0.0006 -0.004000014 3.5684639)
(-0.0004 -0.004000014 3.5684639)
(-0.0006 -0.004200081 3.5878545)
(-0.00039999999 -0.004200081 3.5878545)
(-0.0006 -0.0040000383 3.587853)
(-0.00039999999 -0.0040000383 3.587853)
(-0.00019999999 -0.0042000309 3.5684647)
(6.5974848e-12 -0.0042000309 3.5684647)
(-0.0002 -0.004000014 3.5684639)
(-0.00019999998 -0.004200081 3.5878545)
(1.953597e-11 -0.004200081 3.5878545)
(-0.00019999999 -0.0040000383 3.587853)
(-0.0014 -0.0038000005 3.528778)
(-0.0014 -0.0038000019 3.548703)
(-0.0013999991 -0.0038001669 3.6413018)
(0.001 -0.004 2.0488)
(0.0012 -0.004 2.0488)
(0.001 -0.0042 2.0688)
(0.0012 -0.0042 2.0688)
(0.001 -0.004 2.0688)
(0.0012 -0.004 2.0688)
(0.0014 -0.0042 2.0688)
(0.0016 -0.0042 2.0688)
(0.0014 -0.004 2.0688)
(0.0016 -0.004 2.0688)
(0.0014 -0.0038 2.1688)
(0.0016 -0.0038 2.1688)
(0.0014 -0.0038 2.1888)
(0.0016 -0.0038 2.1888)
(0.0014 -0.0038 2.2088)
(0.0016 -0.0038 2.2088)
(0.0014 -0.0038 2.2288)
(0.0016 -0.0038 2.2288)
(0.0002 -0.0043999999 2.2488)
(0.0004 -0.0043999999 2.2488)
(0.0002 -0.0043999999 2.2688)
(0.0004 -0.0043999999 2.2688)
(0.0006 -0.0043999999 2.2488)
(0.0008 -0.0043999999 2.2488)
(0.0006 -0.0043999999 2.2688)
(0.0008 -0.0043999999 2.2688)
(0.0002 -0.0042 2.2488)
(0.0004 -0.0042 2.2488)
(0.0002 -0.004 2.2488)
(0.0004 -0.004 2.2488)
(0.0002 -0.0042 2.2688)
(0.0004 -0.0042 2.2688)
(0.0018 -0.004 2.3288)
(0.002 -0.004 2.3288)
(0.0018 -0.0042 2.3488)
(0.0018 -0.004 2.3488)
(0.002 -0.004 2.3488)
(0.0022 -0.004 2.3288)
(0.0022 -0.004 2.3488)
(0.0018 -0.0042 2.3688)
(0.0018 -0.004 2.3688)
(0.002 -0.004 2.3688)
(0.0018 -0.0042 2.3888)
(0.0018 -0.004 2.3888)
(0.002 -0.004 2.3888)
(0.0022 -0.004 2.3688)
(0.0022 -0.004 2.3888)
(0.0018 -0.0042 2.4888)
(0.0018 -0.004 2.4888)
(0.002 -0.004 2.4888)
(0.0018 -0.0042 2.5088)
(0.0018 -0.004 2.5088)
(0.002 -0.004 2.5088)
(0.0022 -0.004 2.4888)
(0.0022 -0.004 2.5088)
(0.0018 -0.0042 2.5288)
(0.0018 -0.004 2.5288)
(0.002 -0.004 2.5288)
(0.0018 -0.0042 2.5488)
(0.0018 -0.004 2.5488)
(0.002 -0.004 2.5488)
(0.0022 -0.004 2.5288)
(0.0022 -0.004 2.5488)
(0.0018 -0.0038 2.7288)
(0.002 -0.0038 2.7288)
(0.0018 -0.0036 2.7288)
(0.002 -0.0036 2.7288)
(0.0018 -0.0038 2.7488)
(0.002 -0.0038 2.7488)
(0.0018 -0.0036 2.7488)
(0.002 -0.0036 2.7488)
(0.0022 -0.0038 2.7288)
(0.0024 -0.0038 2.7288)
(0.0022 -0.0036 2.7288)
(0.0024 -0.0036 2.7288)
(0.0022 -0.0038 2.7488)
(0.0024 -0.0038 2.7488)
(0.0022 -0.0036 2.7488)
(0.0024 -0.0036 2.7488)
(0.0022 -0.0034 2.7288)
(0.0024 -0.0034 2.7288)
(0.0022 -0.0034 2.7488)
(0.0024 -0.0034 2.7488)
(0.0018 -0.0038 2.7688)
(0.002 -0.0038 2.7688)
(0.0018 -0.0036 2.7688)
(0.002 -0.0036 2.7688)
(0.0018 -0.0038 2.7888)
(0.002 -0.0038 2.7888)
(0.0018 -0.0036 2.7888)
(0.002 -0.0036 2.7888)
(0.0022 -0.0038 2.7688)
(0.0024 -0.0038 2.7688)
(0.0022 -0.0036 2.7688)
(0.0024 -0.0036 2.7688)
(0.0022 -0.0038 2.7888)
(0.0024 -0.0038 2.7888)
(0.0022 -0.0036 2.7888)
(0.0024 -0.0036 2.7888)
(0.0022 -0.0034 2.8888)
(0.0024 -0.0034 2.8888)
(0.0022 -0.0034 2.9088)
(0.0024 -0.0034 2.9088)
(0.0018 -0.0038 2.9288)
(0.002 -0.0038 2.9288)
(0.0018 -0.0036 2.9288)
(0.002 -0.0036 2.9288)
(0.0018 -0.0038 2.9488)
(0.002 -0.0038 2.9488)
(0.0018 -0.0036 2.9488)
(0.002 -0.0036 2.9488)
(0.0022 -0.0038 2.9288)
(0.0024 -0.0038 2.9288)
(0.0022 -0.0036 2.9288)
(0.0024 -0.0036 2.9288)
(0.0022 -0.0038 2.9488)
(0.0024 -0.0038 2.9488)
(0.0022 -0.0036 2.9488)
(0.0024 -0.0036 2.9488)
(0.0022 -0.0034 2.9288)
(0.0024 -0.0034 2.9288)
(0.0022 -0.0034 2.9488)
(0.0024 -0.0034 2.9488)
(0.001 -0.0043999999 2.9688)
(0.0012 -0.0043999999 2.9688)
(0.001 -0.0043999999 2.9888)
(0.0012 -0.0043999999 2.9888)
(0.001 -0.0042 2.9688)
(0.0012 -0.0042 2.9688)
(0.001 -0.004 2.9688)
(0.0012 -0.004 2.9688)
(0.001 -0.0042 2.9888)
(0.0012 -0.0042 2.9888)
(0.001 -0.004 2.9888)
(0.0012 -0.004 2.9888)
(0.0014 -0.0042 2.9688)
(0.0016 -0.0042 2.9688)
(0.0014 -0.004 2.9688)
(0.0016 -0.004 2.9688)
(0.0014 -0.0042 2.9888)
(0.0016 -0.0042 2.9888)
(0.0014 -0.004 2.9888)
(0.0016 -0.004 2.9888)
(0.001 -0.0043999999 3.0088)
(0.0012 -0.0043999999 3.0088)
(0.001 -0.0043999999 3.0288)
(0.0012 -0.0043999999 3.0288)
(0.001 -0.0042 3.0088)
(0.0012 -0.0042 3.0088)
(0.001 -0.004 3.0088)
(0.0012 -0.004 3.0088)
(0.001 -0.0042 3.0288)
(0.0012 -0.0042 3.0288)
(0.001 -0.004 3.0288)
(0.0012 -0.004 3.0288)
(0.0014 -0.0042 3.0088)
(0.0016 -0.0042 3.0088)
(0.0014 -0.004 3.0088)
(0.0016 -0.004 3.0088)
(0.0014 -0.0042 3.0288)
(0.0016 -0.0042 3.0288)
(0.0014 -0.004 3.0288)
(0.0016 -0.004 3.0288)
(0.0002 -0.0043999999 3.1488)
(0.0004 -0.0043999999 3.1488)
(0.0006 -0.0043999999 3.1288)
(0.0008 -0.0043999999 3.1288)
(0.0006 -0.0043999999 3.1488)
(0.0008 -0.0043999999 3.1488)
(0.0002 -0.0042 3.1288)
(0.0004 -0.0042 3.1288)
(0.0002 -0.004 3.1288)
(0.0004 -0.004 3.1288)
(0.0002 -0.0042 3.1488)
(0.0004 -0.0042 3.1488)
(0.0002 -0.004 3.1488)
(0.0004 -0.004 3.1488)
(0.0006 -0.0042 3.1288)
(0.0008 -0.0042 3.1288)
(0.0006 -0.004 3.1288)
(0.0008 -0.004 3.1288)
(0.0006 -0.0042 3.1488)
(0.0008 -0.0042 3.1488)
(0.0006 -0.004 3.1488)
(0.0008 -0.004 3.1488)
(0.0002 -0.0043999999 3.1688)
(0.0004 -0.0043999999 3.1688)
(0.0002 -0.0043999999 3.1888)
(0.0004 -0.0043999999 3.1888)
(0.0006 -0.0043999999 3.1688)
(0.0008 -0.0043999999 3.1688)
(0.0006 -0.0043999999 3.1888)
(0.0008 -0.0043999999 3.1888)
(0.0002 -0.0042 3.1688)
(0.0004 -0.0042 3.1688)
(0.0002 -0.004 3.1688)
(0.0004 -0.004 3.1688)
(0.0002 -0.0042 3.1888)
(0.0004 -0.0042 3.1888)
(0.0002 -0.004 3.1888)
(0.0004 -0.004 3.1888)
(0.0006 -0.0042 3.1688)
(0.0008 -0.0042 3.1688)
(0.0006 -0.004 3.1688)
(0.0008 -0.004 3.1688)
(0.0006 -0.0042 3.1888)
(0.0008 -0.0042 3.1888)
(0.0006 -0.004 3.1888)
(0.0008 -0.004 3.1888)
(0.001 -0.0043999999 3.1288)
(0.0012 -0.0043999999 3.1288)
(0.001 -0.0043999999 3.1488)
(0.0012 -0.0043999999 3.1488)
(0.001 -0.0042 3.1288)
(0.0012 -0.0042 3.1288)
(0.001 -0.004 3.1288)
(0.0012 -0.004 3.1288)
(0.001 -0.0042 3.1488)
(0.0012 -0.0042 3.1488)
(0.001 -0.004 3.1488)
(0.0012 -0.004 3.1488)
(0.0014 -0.0042 3.1288)
(0.0016 -0.0042 3.1288)
(0.0014 -0.004 3.1288)
(0.0016 -0.004 3.1288)
(0.0014 -0.0042 3.1488)
(0.0016 -0.0042 3.1488)
(0.0014 -0.004 3.1488)
(0.0016 -0.004 3.1488)
(0.001 -0.0043999999 3.1688)
(0.0012 -0.0043999999 3.1688)
(0.001 -0.0043999999 3.1888)
(0.0012 -0.0043999999 3.1888)
(0.001 -0.0043999999 3.4288)
(0.0012 -0.0043999999 3.4288)
(0.001 -0.0042 3.4088)
(0.0012 -0.0042 3.4088)
(0.001 -0.004 3.4088)
(0.0012 -0.004 3.4088)
(0.001 -0.0042 3.4288)
(0.0012 -0.0042 3.4288)
(0.001 -0.004 3.4288)
(0.0012 -0.004 3.4288)
(0.0014 -0.0042 3.4088)
(0.0016 -0.0042 3.4088)
(0.0014 -0.004 3.4088)
(0.0016 -0.004 3.4088)
(0.0014 -0.0042 3.4288)
(0.0016 -0.0042 3.4288)
(0.0014 -0.004 3.4288)
(0.0016 -0.004 3.4288)
(0.0014 -0.0038 3.3688)
(0.0016 -0.0038 3.3688)
(0.0014 -0.0038000005 3.528778)
(0.0016 -0.0038000005 3.528778)
(0.0014 -0.0038000019 3.548703)
(0.0016 -0.0038000019 3.548703)
(0.0014 -0.0038000059 3.5684635)
(0.0016 -0.0038000059 3.5684635)
(0.0014 -0.0038000169 3.5878522)
(0.0016 -0.0038000169 3.5878522)
(0.00020000009 -0.0040002019 3.6244071)
(0.00040000008 -0.0040002019 3.6244071)
(0.00059999999 -0.0042001895 3.6065856)
(0.00079999997 -0.0042001895 3.6065856)
(0.0006 -0.0040000944 3.6065833)
(0.00079999998 -0.0040000944 3.6065833)
(0.0006 -0.0042003895 3.6244097)
(0.00079999997 -0.0042003895 3.6244097)
(0.00060000001 -0.0040002019 3.6244071)
(0.00079999999 -0.0040002019 3.6244071)
(0.00020000028 -0.0044011727 3.641308)
(0.00040000024 -0.0044011727 3.6413079)
(0.00059999997 -0.0044011727 3.6413079)
(0.00079999992 -0.0044011727 3.641308)
(0.00020000028 -0.0042006712 3.6413054)
(0.00040000026 -0.0042006712 3.6413054)
(0.00020000026 -0.0040003497 3.6413033)
(0.00040000025 -0.0040003497 3.6413033)
(0.00059999999 -0.0042006712 3.6413054)
(0.00079999994 -0.0042006712 3.6413054)
(0.00059999998 -0.0040003497 3.6413033)
(0.00079999995 -0.0040003497 3.6413033)
(0.00099999994 -0.0044003526 3.6065888)
(0.0011999999 -0.0044003526 3.6065888)
(0.00099999993 -0.0044006909 3.6244131)
(0.0011999999 -0.0044006909 3.6244131)
(0.00099999995 -0.0042001895 3.6065856)
(0.0011999999 -0.0042001895 3.6065856)
(0.00099999997 -0.0040000944 3.6065833)
(0.0012 -0.0040000944 3.6065833)
(0.00099999997 -0.0042003895 3.6244097)
(0.0011999999 -0.0042003896 3.6244097)
(0.001 -0.0040002019 3.6244071)
(0.0012 -0.0040002019 3.6244071)
(0.0014 -0.0042001895 3.6065856)
(0.0016 -0.0042001895 3.6065856)
(0.0014 -0.0040000944 3.6065833)
(0.0016 -0.0040000944 3.6065833)
(0.0013999999 -0.0042003896 3.6244097)
(0.0015999999 -0.0042003896 3.6244097)
(0.0013999999 -0.0040002019 3.6244071)
(0.0015999999 -0.0040002019 3.6244071)
(0.0010000001 -0.0044011727 3.641308)
(0.0012 -0.0044011727 3.6413079)
(0.0010000001 -0.0042006712 3.6413054)
(0.0012000001 -0.0042006712 3.6413054)
(0.0010000002 -0.0040003497 3.6413033)
(0.0012000001 -0.0040003497 3.6413033)
(0.0013999998 -0.0042006712 3.6413054)
(0.0015999998 -0.0042006712 3.6413054)
(-0.0014 -0.0038 2.1288)
(-0.0014 -0.0038 2.1488)
(-0.0018 -0.0042 2.5488)
(-0.0016 -0.0042 2.5488)
(-0.0018 -0.004 2.5488)
(-0.0016 -0.004 2.5488)
(-0.0018 -0.0038 2.7288)
(-0.0016 -0.0038 2.7288)
(-0.0018 -0.0036 2.7288)
(-0.0018 -0.0038 2.7488)
(-0.0016 -0.0038 2.7488)
(-0.0018 -0.0036 2.7488)
(-0.0022 -0.0038 2.7688)
(-0.002 -0.0038 2.7688)
(-0.0022 -0.0036 2.7688)
(-0.002 -0.0036 2.7688)
(-0.0022 -0.0038 2.7888)
(-0.002 -0.0038 2.7888)
(-0.0022 -0.0036 2.7888)
(-0.002 -0.0036 2.7888)
(-0.0018 -0.0038 2.7688)
(-0.0016 -0.0038 2.7688)
(-0.0018 -0.0036 2.7688)
(-0.0018 -0.0038 2.7888)
(-0.0016 -0.0038 2.7888)
(-0.0018 -0.0036 2.7888)
(-0.0012 -0.0043999999 2.6488)
(-0.0012 -0.0043999999 2.6688)
(-0.001 -0.0043999999 2.6488)
(-0.0008 -0.0043999999 2.6488)
(-0.001 -0.0043999999 2.6688)
(-0.0008 -0.0043999999 2.6688)
(-0.0014 -0.0042 2.6488)
(-0.0012 -0.0042 2.6488)
(-0.0014 -0.004 2.6488)
(-0.0012 -0.004 2.6488)
(-0.0014 -0.0042 2.6688)
(-0.0012 -0.0042 2.6688)
(-0.0014 -0.004 2.6688)
(-0.0012 -0.004 2.6688)
(-0.001 -0.0042 2.6488)
(-0.0008 -0.0042 2.6488)
(-0.001 -0.004 2.6488)
(-0.0008 -0.004 2.6488)
(-0.001 -0.0042 2.6688)
(-0.0008 -0.0042 2.6688)
(-0.001 -0.004 2.6688)
(-0.0008 -0.004 2.6688)
(-0.0012 -0.0043999999 2.6888)
(-0.0012 -0.0043999999 2.7088)
(-0.001 -0.0043999999 2.6888)
(-0.0008 -0.0043999999 2.6888)
(-0.001 -0.0043999999 2.8088)
(-0.0008 -0.0043999999 2.8088)
(-0.001 -0.0043999999 2.8288)
(-0.0008 -0.0043999999 2.8288)
(-0.0014 -0.0042 2.8088)
(-0.0012 -0.0042 2.8088)
(-0.0014 -0.004 2.8088)
(-0.0012 -0.004 2.8088)
(-0.0014 -0.0042 2.8288)
(-0.0012 -0.0042 2.8288)
(-0.0014 -0.004 2.8288)
(-0.0012 -0.004 2.8288)
(-0.001 -0.0042 2.8088)
(-0.0008 -0.0042 2.8088)
(-0.001 -0.004 2.8088)
(-0.0008 -0.004 2.8088)
(-0.001 -0.0042 2.8288)
(-0.0008 -0.0042 2.8288)
(-0.001 -0.004 2.8288)
(-0.0008 -0.004 2.8288)
(-0.0012 -0.0043999999 2.8488)
(-0.0012 -0.0043999999 2.8688)
(-0.001 -0.0043999999 2.8488)
(-0.0008 -0.0043999999 2.8488)
(-0.001 -0.0043999999 2.8688)
(-0.0008 -0.0043999999 2.8688)
(-0.0014 -0.0042 2.8488)
(-0.0012 -0.0042 2.8488)
(-0.0014 -0.004 2.8488)
(-0.0012 -0.004 2.8488)
(-0.0014 -0.0042 2.8688)
(-0.0012 -0.0042 2.8688)
(-0.0014 -0.004 2.8688)
(-0.0012 -0.004 2.8688)
(-0.001 -0.0042 2.8488)
(-0.0008 -0.0042 2.8488)
(-0.001 -0.004 2.8488)
(-0.0008 -0.004 2.8488)
(-0.001 -0.0042 2.8688)
(-0.0008 -0.0042 2.8688)
(-0.001 -0.004 2.8688)
(-0.0008 -0.004 2.8688)
(-0.0006 -0.0043999999 2.8088)
(-0.0004 -0.0043999999 2.8088)
(-0.0006 -0.0043999999 2.8288)
(-0.0004 -0.0043999999 2.8288)
(-0.0002 -0.0043999999 2.8088)
(-1.8847212e-15 -0.0043999999 2.8088)
(-0.0002 -0.0043999999 2.8288)
(-6.4294375e-16 -0.0043999999 2.8288)
(-0.0006 -0.0042 2.8088)
(-0.0004 -0.0042 2.8088)
(-0.0006 -0.004 2.8088)
(-0.0004 -0.004 2.8088)
(-0.0006 -0.0042 2.8288)
(-0.0004 -0.0042 2.8288)
(-0.0006 -0.004 2.8288)
(-0.0004 -0.004 2.8288)
(-0.0002 -0.0042 2.8088)
(-7.5035261e-17 -0.0042 2.8088)
(-0.0002 -0.004 2.8088)
(-0.0002 -0.0042 2.8288)
(-1.4321633e-17 -0.0042 2.8288)
(-0.0002 -0.004 2.8288)
(-0.0006 -0.0043999999 2.8488)
(-0.0004 -0.0043999999 2.8488)
(-0.0006 -0.0043999999 2.8688)
(-0.0004 -0.0043999999 2.8688)
(-0.0002 -0.0043999999 2.8488)
(7.8575011e-16 -0.0043999999 2.8488)
(-0.0002 -0.0043999999 3.0888)
(3.953755e-15 -0.0043999999 3.0888)
(-0.0002 -0.0043999999 3.1088)
(2.9713611e-15 -0.0043999999 3.1088)
(-0.0006 -0.0042 3.0888)
(-0.0004 -0.0042 3.0888)
(-0.0006 -0.004 3.0888)
(-0.0004 -0.004 3.0888)
(-0.0006 -0.0042 3.1088)
(-0.0004 -0.0042 3.1088)
(-0.0006 -0.004 3.1088)
(-0.0004 -0.004 3.1088)
(-0.0002 -0.0042 3.0888)
(1.9715031e-16 -0.0042 3.0888)
(-0.0002 -0.004 3.0888)
(-0.0002 -0.0042 3.1088)
(1.5176289e-16 -0.0042 3.1088)
(-0.0002 -0.004 3.1088)
(-0.0014 -0.0038 3.0488)
(-0.0014 -0.0038 3.0688)
(-0.0014 -0.0038 3.0888)
(-0.0014 -0.0038 3.1088)
(-0.001 -0.0043999999 3.2688)
(-0.0008 -0.0043999999 3.2688)
(-0.0014 -0.0042 3.2488)
(-0.0012 -0.0042 3.2488)
(-0.0014 -0.004 3.2488)
(-0.0012 -0.004 3.2488)
(-0.0014 -0.0042 3.2688)
(-0.0012 -0.0042 3.2688)
(-0.0014 -0.004 3.2688)
(-0.0012 -0.004 3.2688)
(-0.001 -0.0042 3.2488)
(-0.0008 -0.0042 3.2488)
(-0.001 -0.004 3.2488)
(-0.0008 -0.004 3.2488)
(-0.001 -0.0042 3.2688)
(-0.0008 -0.0042 3.2688)
(-0.001 -0.004 3.2688)
(-0.0008 -0.004 3.2688)
(-0.0006 -0.0043999999 3.2088)
(-0.0004 -0.0043999999 3.2088)
(-0.0006 -0.0043999999 3.2288)
(-0.0004 -0.0043999999 3.2288)
(-0.0002 -0.0043999999 3.2088)
(-2.0220083e-15 -0.0043999999 3.2088)
(-0.0002 -0.0043999999 3.2288)
(-2.4256228e-15 -0.0043999999 3.2288)
(-0.0006 -0.0042 3.2088)
(-0.0004 -0.0042 3.2088)
(-0.0006 -0.004 3.2088)
(-0.0004 -0.004 3.2088)
(-0.0006 -0.0042 3.2288)
(-0.0004 -0.0042 3.2288)
(-0.0006 -0.004 3.2288)
(-0.0004 -0.004 3.2288)
(-0.0002 -0.0042 3.2088)
(-7.5677312e-17 -0.0042 3.2088)
(-0.0002 -0.004 3.2088)
(-0.0002 -0.0042 3.2288)
(-9.0971339e-17 -0.0042 3.2288)
(-0.0002 -0.004 3.2288)
(-0.0006 -0.0043999999 3.2488)
(-0.0004 -0.0043999999 3.2488)
(-0.0006 -0.0043999999 3.2688)
(-0.0004 -0.0043999999 3.2688)
(-0.0002 -0.0043999999 3.2488)
(-2.6153633e-15 -0.0043999999 3.2488)
(-0.0002 -0.0043999999 3.2688)
(-2.5847973e-15 -0.0043999999 3.2688)
(-0.0006 -0.0042 3.2488)
(-0.0004 -0.0042 3.2488)
(-0.0006 -0.004 3.2488)
(-0.0004 -0.004 3.2488)
(-0.0006 -0.0042 3.2688)
(-0.0004 -0.0042 3.2688)
(-0.0006 -0.004 3.2688)
(-0.0004 -0.004 3.2688)
(-0.0002 -0.0042 3.2488)
(-9.4935453e-17 -0.0042 3.2488)
(-0.0002 -0.004 3.2488)
(-0.0002 -0.0042 3.2688)
(-8.8020276e-17 -0.0042 3.2688)
(-0.0002 -0.004 3.2688)
(-0.0014 -0.0038 3.2088)
(-0.0014 -0.0038 3.2288)
(-0.0014 -0.0038000059 3.5684635)
(-0.0014 -0.0038000169 3.5878522)
(0.0014 -0.0038 2.0688)
(0.0016 -0.0038 2.0688)
(0.0002 -0.0043999999 2.0888)
(0.0004 -0.0043999999 2.0888)
(0.0002 -0.0043999999 2.1088)
(0.0004 -0.0043999999 2.1088)
(0.0006 -0.0043999999 2.0888)
(0.0008 -0.0043999999 2.0888)
(0.0006 -0.0043999999 2.1088)
(0.0008 -0.0043999999 2.1088)
(0.0002 -0.0042 2.0888)
(0.0004 -0.0042 2.0888)
(0.0002 -0.004 2.0888)
(0.0004 -0.004 2.0888)
(0.0002 -0.0042 2.1088)
(0.0004 -0.0042 2.1088)
(0.0002 -0.004 2.1088)
(0.0004 -0.004 2.1088)
(0.0006 -0.0042 2.0888)
(0.0008 -0.0042 2.0888)
(0.0006 -0.004 2.0888)
(0.0008 -0.004 2.0888)
(0.0006 -0.0042 2.1088)
(0.0008 -0.0042 2.1088)
(0.0006 -0.004 2.1088)
(0.0008 -0.004 2.1088)
(0.0002 -0.0043999999 2.1288)
(0.0004 -0.0043999999 2.1288)
(0.0002 -0.0043999999 2.1488)
(0.0004 -0.0043999999 2.1488)
(0.0006 -0.0043999999 2.1288)
(0.0008 -0.0043999999 2.1288)
(0.0006 -0.0043999999 2.1488)
(0.0008 -0.0043999999 2.1488)
(0.0002 -0.0042 2.1288)
(0.0004 -0.0042 2.1288)
(0.0002 -0.004 2.1288)
(0.0004 -0.004 2.1288)
(0.0002 -0.0042 2.1488)
(0.0004 -0.0042 2.1488)
(0.0002 -0.004 2.1488)
(0.0004 -0.004 2.1488)
(0.0006 -0.0042 2.1288)
(0.0008 -0.0042 2.1288)
(0.0002 -0.004 2.2688)
(0.0004 -0.004 2.2688)
(0.0006 -0.0042 2.2488)
(0.0008 -0.0042 2.2488)
(0.0006 -0.004 2.2488)
(0.0008 -0.004 2.2488)
(0.0006 -0.0042 2.2688)
(0.0008 -0.0042 2.2688)
(0.0006 -0.004 2.2688)
(0.0008 -0.004 2.2688)
(0.0002 -0.0043999999 2.2888)
(0.0004 -0.0043999999 2.2888)
(0.0002 -0.0043999999 2.3088)
(0.0004 -0.0043999999 2.3088)
(0.0006 -0.0043999999 2.2888)
(0.0008 -0.0043999999 2.2888)
(0.0006 -0.0043999999 2.3088)
(0.0008 -0.0043999999 2.3088)
(0.0002 -0.0042 2.2888)
(0.0004 -0.0042 2.2888)
(0.0002 -0.004 2.2888)
(0.0004 -0.004 2.2888)
(0.0002 -0.0042 2.3088)
(0.0004 -0.0042 2.3088)
(0.0002 -0.004 2.3088)
(0.0004 -0.004 2.3088)
(0.0006 -0.0042 2.2888)
(0.0008 -0.0042 2.2888)
(0.0006 -0.004 2.2888)
(0.0008 -0.004 2.2888)
(0.0006 -0.0042 2.3088)
(0.0008 -0.0042 2.3088)
(0.0006 -0.004 2.3088)
(0.0008 -0.004 2.3088)
(0.001 -0.0043999999 2.2488)
(0.0012 -0.0043999999 2.2488)
(0.001 -0.0043999999 2.2688)
(0.0012 -0.0043999999 2.2688)
(0.001 -0.0042 2.2488)
(0.0012 -0.0042 2.2488)
(0.001 -0.004 2.2488)
(0.0012 -0.004 2.2488)
(0.001 -0.0042 2.2688)
(0.0012 -0.0042 2.2688)
(0.001 -0.004 2.2688)
(0.0012 -0.004 2.2688)
(0.0014 -0.0042 2.2488)
(0.0016 -0.0042 2.2488)
(0.0014 -0.004 2.2488)
(0.0016 -0.004 2.2488)
(0.0014 -0.0042 2.2688)
(0.0016 -0.0042 2.2688)
(0.0014 -0.004 2.2688)
(0.0016 -0.004 2.2688)
(0.001 -0.0043999999 2.2888)
(0.0012 -0.0043999999 2.2888)
(0.001 -0.0043999999 2.3088)
(0.0012 -0.0043999999 2.3088)
(0.001 -0.0042 2.2888)
(0.0012 -0.0042 2.2888)
(0.001 -0.004 2.2888)
(0.0012 -0.004 2.2888)
(0.001 -0.0042 2.3088)
(0.0012 -0.0042 2.3088)
(0.001 -0.004 2.3088)
(0.0012 -0.004 2.3088)
(0.0014 -0.0042 2.2888)
(0.0016 -0.0042 2.2888)
(0.0018 -0.0038 2.3288)
(0.002 -0.0038 2.3288)
(0.0018 -0.0036 2.3288)
(0.002 -0.0036 2.3288)
(0.0018 -0.0038 2.3488)
(0.002 -0.0038 2.3488)
(0.0018 -0.0036 2.3488)
(0.002 -0.0036 2.3488)
(0.0022 -0.0038 2.3288)
(0.0024 -0.0038 2.3288)
(0.0022 -0.0036 2.3288)
(0.0024 -0.0036 2.3288)
(0.0022 -0.0038 2.3488)
(0.0024 -0.0038 2.3488)
(0.0022 -0.0036 2.3488)
(0.0024 -0.0036 2.3488)
(0.0022 -0.0034 2.3288)
(0.0024 -0.0034 2.3288)
(0.0022 -0.0034 2.3488)
(0.0024 -0.0034 2.3488)
(0.0018 -0.0038 2.3688)
(0.002 -0.0038 2.3688)
(0.0018 -0.0036 2.3688)
(0.002 -0.0036 2.3688)
(0.0018 -0.0038 2.3888)
(0.002 -0.0038 2.3888)
(0.0018 -0.0036 2.3888)
(0.002 -0.0036 2.3888)
(0.0022 -0.0038 2.3688)
(0.0024 -0.0038 2.3688)
(0.0022 -0.0036 2.3688)
(0.0024 -0.0036 2.3688)
(0.0022 -0.0038 2.3888)
(0.0024 -0.0038 2.3888)
(0.0022 -0.0036 2.3888)
(0.0024 -0.0036 2.3888)
(0.0022 -0.0034 2.3688)
(0.0024 -0.0034 2.3688)
(0.0022 -0.0034 2.3888)
(0.0024 -0.0034 2.3888)
(0.0018 -0.0038 2.4888)
(0.002 -0.0038 2.4888)
(0.0018 -0.0036 2.4888)
(0.002 -0.0036 2.4888)
(0.0018 -0.0038 2.5088)
(0.002 -0.0038 2.5088)
(0.0018 -0.0036 2.5088)
(0.002 -0.0036 2.5088)
(0.0022 -0.0038 2.4888)
(0.0024 -0.0038 2.4888)
(0.0022 -0.0036 2.4888)
(0.0024 -0.0036 2.4888)
(0.0022 -0.0038 2.5088)
(0.0024 -0.0038 2.5088)
(0.0022 -0.0036 2.5088)
(0.0024 -0.0036 2.5088)
(0.0022 -0.0034 2.4888)
(0.0024 -0.0034 2.4888)
(0.0022 -0.0034 2.5088)
(0.0024 -0.0034 2.5088)
(0.0018 -0.0038 2.5288)
(0.002 -0.0038 2.5288)
(0.0018 -0.0036 2.5288)
(0.002 -0.0036 2.5288)
(0.0018 -0.0038 2.5488)
(0.002 -0.0038 2.5488)
(0.0018 -0.0036 2.5488)
(0.002 -0.0036 2.5488)
(0.0022 -0.0038 2.5288)
(0.0024 -0.0038 2.5288)
(0.0022 -0.0036 2.5288)
(0.0024 -0.0036 2.5288)
(0.0022 -0.0038 2.5488)
(0.0024 -0.0038 2.5488)
(0.0022 -0.0036 2.5488)
(0.0024 -0.0036 2.5488)
(0.0022 -0.0034 2.7688)
(0.0024 -0.0034 2.7688)
(0.0022 -0.0034 2.7888)
(0.0024 -0.0034 2.7888)
(0.0014 -0.0038 2.9688)
(0.0016 -0.0038 2.9688)
(0.0014 -0.0038 2.9888)
(0.0016 -0.0038 2.9888)
(0.0014 -0.0038 3.0088)
(0.0016 -0.0038 3.0088)
(0.0014 -0.0038 3.0288)
(0.0016 -0.0038 3.0288)
(0.0002 -0.0043999999 3.0488)
(0.0004 -0.0043999999 3.0488)
(0.0002 -0.0043999999 3.0688)
(0.0004 -0.0043999999 3.0688)
(0.001 -0.0042 3.1688)
(0.0012 -0.0042 3.1688)
(0.001 -0.004 3.1688)
(0.0012 -0.004 3.1688)
(0.001 -0.0042 3.1888)
(0.0012 -0.0042 3.1888)
(0.001 -0.004 3.1888)
(0.0012 -0.004 3.1888)
(0.0014 -0.0042 3.1688)
(0.0016 -0.0042 3.1688)
(0.0014 -0.004 3.1688)
(0.0016 -0.004 3.1688)
(0.0014 -0.0042 3.1888)
(0.0016 -0.0042 3.1888)
(0.0014 -0.004 3.1888)
(0.0016 -0.004 3.1888)
(0.0014 -0.0038 3.1288)
(0.0016 -0.0038 3.1288)
(0.0014 -0.0038 3.1488)
(0.0016 -0.0038 3.1488)
(0.0014 -0.0038 3.3888)
(0.0016 -0.0038 3.3888)
(0.0014 -0.0038 3.4088)
(0.0016 -0.0038 3.4088)
(0.0014 -0.0038 3.4288)
(0.0016 -0.0038 3.4288)
(0.0018 -0.0042 3.2888)
(0.0018 -0.004 3.2888)
(0.002 -0.004 3.2888)
(0.0018 -0.0042 3.3088)
(0.0018 -0.004 3.3088)
(0.002 -0.004 3.3088)
(0.0022 -0.004 3.2888)
(0.0022 -0.004 3.3088)
(0.0018 -0.0042 3.4488)
(0.0018 -0.004 3.4488)
(0.002 -0.004 3.4488)
(0.0018 -0.0042 3.4687999)
(0.0018 -0.004 3.4687999)
(0.002 -0.004 3.4687999)
(0.0022 -0.004 3.4488)
(0.0022 -0.004 3.4687999)
(0.0018 -0.0042000001 3.4887995)
(0.0018 -0.004 3.4887995)
(0.002 -0.004 3.4887995)
(0.0018 -0.0042000006 3.5087962)
(0.0018 -0.0040000002 3.5087962)
(0.002 -0.0040000002 3.5087962)
(0.0022 -0.004 3.4887995)
(0.0022 -0.0040000002 3.5087962)
(0.0013999998 -0.0040003498 3.6413033)
(0.0015999998 -0.0040003498 3.6413033)
(0.0014 -0.0038000438 3.606582)
(0.0016 -0.0038000438 3.606582)
(0.0014 -0.0038000966 3.6244053)
(0.0016 -0.0038000967 3.6244053)
(0.0013999993 -0.0038002044 3.6575999)
(0.0015999992 -0.0038002045 3.6575999)
(0.0018000006 -0.0042009129 3.6575999)
(0.0018000006 -0.0040004535 3.6575999)
(0.0020000005 -0.0040004535 3.6575999)
(0.0021999987 -0.0040004535 3.6575999)
(0.0018000007 -0.0038002045 3.6575999)
(0.0020000005 -0.0038002045 3.6575999)
(0.0018000007 -0.0036000834 3.6575999)
(0.0020000006 -0.0036000834 3.6575999)
(0.0021999988 -0.0038002046 3.6575999)
(0.0023999986 -0.0038002046 3.6575999)
(0.0021999989 -0.0036000834 3.6575999)
(0.0023999988 -0.0036000834 3.6575999)
(0.002199999 -0.0034000302 3.6575999)
(0.0023999989 -0.0034000302 3.6575999)
(-0.0022000007 -0.0040004535 3.6575999)
(-0.0020000009 -0.0040004534 3.6575999)
(-0.0018000003 -0.0042009128 3.6575999)
(-0.0015999984 -0.0042009127 3.6575999)
(-0.0018000004 -0.0040004534 3.6575999)
(-0.0015999984 -0.0040004534 3.6575999)
(-0.0023999989 -0.0038002045 3.6575999)
(-0.0023999988 -0.0036000833 3.6575999)
(-0.0022000007 -0.0038002045 3.6575999)
(-0.002000001 -0.0038002045 3.6575999)
(-0.0022000007 -0.0036000833 3.6575999)
(-0.002000001 -0.0036000833 3.6575999)
(-0.0018000005 -0.0038002045 3.6575999)
(-0.0015999984 -0.0038002044 3.6575999)
(-0.0018000005 -0.0036000834 3.6575999)
(-0.0011999987 -0.0044016607 3.6575999)
(-0.0010000005 -0.0044016607 3.6575999)
(-0.00080000056 -0.0044016607 3.6575999)
(-0.0013999981 -0.0042009127 3.6575999)
(-0.0011999986 -0.0042009127 3.6575999)
(-0.001399998 -0.0040004533 3.6575999)
(-0.0011999985 -0.0040004533 3.6575999)
(-0.0010000004 -0.0042009127 3.6575999)
(-0.00080000053 -0.0042009127 3.6575999)
(-0.0010000003 -0.0040004533 3.6575999)
(-0.00080000052 -0.0040004533 3.6575999)
(-0.00059999906 -0.0044016607 3.6575999)
(-0.00039999898 -0.0044016607 3.6575999)
(-0.00020000039 -0.0044016607 3.6575999)
(-3.9339929e-10 -0.0044016607 3.6575999)
(-0.00059999907 -0.0042009127 3.6575999)
(-0.00039999903 -0.0042009127 3.6575999)
(-0.00059999908 -0.0040004533 3.6575999)
(-0.00039999907 -0.0040004533 3.6575999)
(-0.00020000046 -0.0042009127 3.6575999)
(-4.6071859e-10 -0.0042009127 3.6575999)
(-0.00020000053 -0.0040004533 3.6575999)
(-0.001399998 -0.0038002044 3.6575999)
(0.00020000101 -0.0044016607 3.6575999)
(0.00040000097 -0.0044016607 3.6575999)
(0.00059999953 -0.0044016607 3.6575999)
(0.00079999946 -0.0044016607 3.6575999)
(0.00020000098 -0.0042009127 3.6575999)
(0.00040000098 -0.0042009127 3.6575999)
(0.00020000095 -0.0040004533 3.6575999)
(0.00040000096 -0.0040004534 3.6575999)
(0.00059999956 -0.0042009127 3.6575999)
(0.00079999954 -0.0042009127 3.6575999)
(0.00059999951 -0.0040004534 3.6575999)
(0.00079999949 -0.0040004533 3.6575999)
(0.0010000007 -0.0044016607 3.6575999)
(0.0012000005 -0.0044016608 3.6575999)
(0.0010000009 -0.0042009127 3.6575999)
(0.0012000007 -0.0042009128 3.6575999)
(0.0010000009 -0.0040004533 3.6575999)
(0.0012000008 -0.0040004534 3.6575999)
(0.0013999992 -0.0042009128 3.6575999)
(0.0015999992 -0.0042009128 3.6575999)
(0.0013999992 -0.0040004534 3.6575999)
(0.0015999992 -0.0040004534 3.6575999)
)


// ************************************************************************* //
