/*--------------------------------*- C++ -*----------------------------------*\
| =========                 |                                                 |
| \\      /  F ield         | OpenFOAM: The Open Source CFD Toolbox           |
|  \\    /   O peration     | Version:  2412                                  |
|   \\  /    A nd           | Website:  www.openfoam.com                      |
|    \\/     M anipulation  |                                                 |
\*---------------------------------------------------------------------------*/
FoamFile
{
    version     2.0;
    format      ascii;
    arch        "LSB;label=32;scalar=64";
    class       cellSet;
    location    "constant/polyMesh/sets";
    object      claddingZone;
}
// * * * * * * * * * * * * * * * * * * * * * * * * * * * * * * * * * * * * * //


40480
(
524288
131076
131077
131078
131081
131082
524299
131083
524300
131084
524301
524302
131094
524313
524314
524315
131111
131112
131113
131114
131115
131116
131117
131118
131119
131122
131123
131124
131125
131128
131129
131130
131131
131166
131167
131176
131177
262309
262310
262312
262313
262314
262315
262316
262318
262319
262321
262322
524502
524503
524504
524505
524506
524507
524508
524509
524512
524513
524514
524515
524518
524519
524520
524521
655806
655807
655808
393770
393771
393772
393773
393774
393775
393776
393777
393778
393779
393780
393781
393782
393783
393786
393787
393788
393789
393790
393791
393792
393793
393794
393795
393796
393797
393799
393800
393802
393803
393804
393811
393812
393813
393814
393815
393816
393817
393818
393819
393821
393822
393835
393836
393837
393838
393839
393840
393842
393843
393844
393919
393920
393921
393922
393923
393924
393942
393943
393944
393945
393946
393947
393948
393949
393950
393957
393958
393959
393960
393961
393962
393963
393964
393965
393966
393967
393968
393969
393970
393973
393974
656220
656221
656222
656223
656224
656225
656226
656227
656228
656229
656230
656231
656232
656234
656235
656236
656237
656238
656239
889
890
891
892
893
894
656255
895
656256
896
656257
897
656258
898
656259
899
656260
900
656270
656271
946
947
948
949
950
951
952
953
956
957
958
959
960
961
962
963
656362
1006
656367
1007
1008
1009
656370
656375
656378
656379
1024
1025
1026
1027
656392
656393
656406
656407
656412
656413
656414
656415
656416
656417
656424
656425
1065
656426
1066
656427
1067
656428
656429
656430
656431
656438
656439
1086
1087
1088
1125
1126
1127
656506
656507
656508
656509
656510
1150
1151
1152
656531
656532
656533
656534
525462
525463
525464
525465
525466
525467
525468
525469
525470
525471
525472
1184
525473
1185
525474
525475
525479
525480
525481
525482
525483
525484
525485
525486
525487
1212
1213
525512
525517
1245
1246
525554
525555
525556
525557
525558
525559
525560
525561
525562
525563
1275
1276
525579
525580
1304
1305
525604
525607
525621
525622
525623
525624
1336
525625
1337
525626
525627
656700
525628
656701
525629
525630
525631
525632
525633
656706
525636
525637
525638
656715
656717
656718
656719
656720
656721
656722
656723
525651
656724
1365
656726
1366
656727
656728
525656
656729
525658
656731
525659
656732
525660
525661
656735
656736
656738
656739
656740
525668
656741
525669
525670
656743
656744
656746
656747
656754
656759
1399
656760
1400
525691
525692
656765
525693
656766
525694
656767
525695
656768
525696
656769
525697
656770
525698
656771
525699
656772
525700
656773
525701
656774
525702
656775
525703
656776
525704
656777
525705
656778
525706
656779
656780
656781
656782
656783
656784
656785
1425
656786
656787
132499
656788
132500
656789
132501
656790
132502
656791
132503
132506
132507
132508
132511
132512
132513
132514
132515
656804
132516
656805
132517
656806
656807
132519
656808
132520
656809
132521
132522
132529
1460
132534
132535
132536
132537
132538
132541
132542
394693
394694
394695
394702
1486
394703
1487
132561
132566
132567
132568
132569
132570
132573
132574
132587
132588
132589
132590
132591
1522
1523
132596
132597
132598
132602
132603
132605
132606
394760
394761
1545
1546
1583
1584
1607
1608
1645
1646
1666
394883
1667
394884
525957
525958
394886
525959
394887
525960
525961
525971
525972
525973
525974
525984
525989
525990
525991
525992
525993
1706
525995
1707
525996
525998
525999
526000
526001
526002
526003
526004
526005
526006
526007
1728
1729
1768
1769
1788
526103
526104
526105
526106
526107
526108
526109
526110
526111
526112
526113
526114
526115
526116
526117
1829
526118
526119
526120
526121
526122
526123
526124
526125
1849
1850
132946
132947
132954
132957
132958
132959
1891
1892
132965
132966
132967
132977
132978
132979
1909
132982
1910
132983
132984
132985
132986
132987
1951
133024
1952
133025
133026
133035
133036
133037
133038
133039
133040
133041
133042
1971
1972
133079
133080
133085
2013
133086
2014
133088
133089
133094
2031
2032
133107
133108
133109
133111
133120
133122
133123
133128
133141
133142
133143
2073
2074
133161
133162
133164
133165
2093
133166
2094
133167
133195
133196
133198
133199
395344
133200
395345
133201
395346
395347
395348
395349
395350
395351
2135
2136
395357
395358
133214
395359
133215
395360
133216
133217
133222
2153
133235
133236
133237
2196
395419
395420
395421
395422
2215
395435
395436
395437
395458
395459
395460
133327
133330
2258
2275
2276
2317
2318
2337
2338
2379
2380
2397
2398
2439
2440
133514
133515
133516
133519
133520
133529
133530
133531
2459
133532
2460
133533
133534
2501
2502
2519
2520
2561
2562
2582
264735
264736
264740
264741
264742
264743
264744
264745
264746
264748
264749
264751
264752
264754
264755
264757
395830
264758
395834
395835
395836
395837
395838
2623
395847
395850
395858
2642
395859
2643
395860
395862
395863
264791
395864
264792
395865
264793
264796
264797
264798
264799
264800
264801
264802
264803
264804
264806
264807
264809
264810
264812
264813
264815
264816
395891
395894
2682
264827
2683
264830
2704
2705
264853
264856
264864
264865
264879
264880
264881
264882
264883
264884
2744
264889
2745
264890
264891
264892
264893
264894
264895
2765
2766
2803
2804
527096
527097
527098
527099
527100
527101
527102
527104
527105
527106
527107
527109
2827
2828
527124
527125
527126
527127
527128
527129
527130
527131
527132
527133
527143
527144
527148
527149
527150
527151
527152
527153
2865
2866
527172
527173
2888
2889
527178
527179
527180
527181
527183
527184
2924
2925
2951
527242
527243
527246
527247
527267
527268
2986
396203
396204
396205
396206
396215
396216
396217
396218
265146
396219
265147
396220
396221
396222
265150
396223
265151
396224
265152
396225
265153
396226
3011
3012
396235
396236
396237
396238
396239
396240
265168
396241
265169
396242
396243
396244
396245
396246
396249
396250
396253
396254
396255
396256
396257
3045
3046
3074
3075
658455
265250
3106
265251
3107
658471
658472
658473
658474
658475
658476
265264
265265
265266
527412
527413
265269
658486
527414
265270
527415
265271
265272
658490
658491
265275
265276
265277
265278
265279
3135
265280
3136
658498
658499
265283
265284
265285
658507
658508
658509
658510
658511
658512
658513
658514
658515
658516
658517
658518
658519
658520
658521
658522
658523
658524
527452
3165
3166
396410
396411
3198
3199
396418
396419
396420
396421
396422
396423
396434
396435
527512
527513
527514
396442
3226
527515
396443
3227
527525
527526
527527
527528
527529
527530
396458
396459
396460
396461
396462
396463
396464
396465
3259
396476
3260
396477
3261
396478
396479
3284
3285
3286
3323
3324
3325
3344
3345
3346
3384
3385
3386
3387
3402
3403
3404
3405
3448
3449
3450
3451
3452
3453
3454
3455
3458
3459
3460
3461
3462
3463
3464
3465
527786
527788
527789
527790
527791
396720
527793
396721
396722
396723
3511
3512
3513
527802
3514
3515
527804
3516
3517
3518
3519
3520
396737
3521
396738
3522
396739
396740
396753
396754
396755
396756
396757
396758
396788
396789
396810
396811
396812
396813
396814
396839
396840
396841
396842
396845
396846
396847
396848
396851
396852
396853
396865
396866
396879
396880
396925
396926
396939
396940
134804
134805
134807
134808
134809
134810
134846
134847
134849
134850
134851
134852
134865
134866
134867
134868
134878
134879
134918
134919
134927
134928
134929
134931
134932
134933
134934
134945
134946
528182
528183
528184
528185
528194
528195
528196
528197
528198
134982
528199
134983
528200
134984
528201
134985
134986
134987
134998
134999
135000
135001
135002
135003
135006
135007
135008
135009
135010
135024
135025
135121
135122
135149
397351
397352
397354
397355
397356
397357
397358
397360
397361
397363
397370
397371
397372
397374
397375
397376
397377
135234
397379
135235
397380
397381
397384
397385
397388
397389
397390
397391
397392
397393
397394
397396
397397
266382
266383
266384
266385
266386
266387
266388
659611
659612
659613
659616
135328
659617
135329
659618
135330
659619
135331
659620
135332
659621
135333
397478
135334
397479
659624
397480
659625
397481
135337
659626
397482
135338
397483
397492
397493
135349
397494
135350
135351
135352
397497
135353
397498
135357
135358
397503
397504
397505
397506
397507
135370
135371
135372
135373
135374
397524
397525
397526
397527
397528
397529
397530
397531
397532
397537
397538
397539
397540
397541
397542
397559
397562
397563
397564
397565
397566
397567
397568
397569
528837
528838
528863
528864
528887
528888
659979
659980
659981
659982
659983
659984
659985
659986
659987
659989
659990
659991
659992
659995
659996
659997
659998
660001
660002
660003
660004
660009
660010
529006
529007
529008
529009
529011
529012
529013
529014
529017
529018
529019
529020
529251
529252
529253
529254
529255
529258
529259
529260
529261
529262
529263
529264
529269
529270
529271
529272
529273
529274
529275
529276
529277
529278
529279
529280
529285
529286
529287
529288
529289
529290
529291
529292
529293
529294
529295
529296
529297
529298
529299
529300
529301
529302
529303
529304
529305
267161
267162
267163
529308
267164
529309
267165
529310
267166
529311
267167
529312
267168
529313
267169
529314
529315
529316
529317
529318
529319
267176
267177
529322
529323
529324
267180
529325
267181
529326
529327
529328
267186
267187
267188
529333
529334
267190
529335
267191
529336
267192
529337
267193
529338
267194
529339
267195
529340
267196
529341
267197
529342
267198
529343
267199
529344
267200
267201
267202
267203
267204
529349
267205
529350
267206
267207
267208
267209
267210
267211
267212
267213
267214
267215
267216
267217
529478
529479
529480
529481
529482
529483
136281
136282
136283
136284
136285
136286
136288
136289
136290
136291
136292
136293
136294
529533
529534
529535
529536
529537
136329
136330
136332
136333
136334
136335
136336
136337
136338
136339
136340
136345
136346
136347
136348
136349
136366
136367
136368
136371
136372
136373
136374
136375
136376
136377
136378
136379
136380
136381
136382
136383
136384
136385
136386
136387
136388
136389
136390
136391
136392
136393
136394
136396
136397
136398
136399
136400
136401
267479
267480
267481
267484
267485
267486
267487
267488
267489
267497
267498
267499
267500
267501
267502
267517
267518
267519
267520
267522
267523
267524
267525
136492
136493
136494
267593
267632
267635
267636
267637
267638
267641
267642
267643
660960
660965
660966
660967
660968
660969
660972
660973
660986
660987
661017
661018
661021
661022
661023
661024
661025
661041
661059
661060
661061
661062
661065
661066
661067
661068
661069
661070
661089
661090
661095
661096
661101
661102
661128
661129
661131
661132
661133
661134
661140
661145
661146
661147
661149
661150
661151
661152
399014
399015
399016
399017
399018
399019
399020
399025
399026
399027
399028
661173
399029
661174
399030
661175
399031
661176
661177
661178
5904
5905
5906
5907
5908
5909
5910
5911
5912
5913
5914
5915
137004
137005
137006
137007
137008
137010
137011
137013
137014
137015
137016
137017
137018
137019
137020
137021
137022
137024
137031
137033
137034
137035
5963
137036
5964
5965
5966
5967
5968
5969
399186
5970
399187
399188
5973
5974
5975
5976
5977
5978
5979
5980
399197
137053
399198
137054
399199
137055
399200
137056
399201
137057
137058
137059
137060
137061
137062
137063
137064
137065
137066
137067
399212
137068
399213
137069
399214
137070
399215
137071
399218
399219
399220
137081
399226
137082
399227
399228
399229
6023
6024
6025
6026
6041
6042
6043
6044
137119
399270
399273
137130
137133
137134
137135
137136
137137
137138
137141
137142
530359
399287
137143
530360
137144
530361
399289
530362
399290
137146
530363
399291
137147
530364
399292
137148
530365
137149
530366
399294
137150
530369
530370
530371
399299
399300
6084
6085
6086
268231
268232
137161
268235
530381
530382
268238
530383
530384
530385
530386
268247
268248
268249
6105
268250
6106
6107
268252
268253
268259
268260
268261
268262
530422
6144
6145
530434
268290
6146
530435
268291
530436
530437
530438
530439
530440
530441
268300
268301
268302
268303
268304
268305
268306
530451
268307
530452
530453
530454
6169
6170
6171
268316
268317
268318
268319
268320
268321
530466
530467
530468
530469
530470
530471
530472
530473
530474
530481
530482
530483
530486
530487
530488
530489
6205
6206
530500
530501
530502
530503
137288
137289
530506
137290
530507
137291
530508
137292
530509
530510
661583
530511
137295
661584
530512
137296
661585
530513
137297
661586
530514
137298
661587
530515
137299
661588
530516
137300
661589
137301
661590
661591
661592
661593
530521
6233
661594
530522
6234
530523
530524
530525
530526
661599
530527
661600
530528
530529
530530
530531
530532
530533
661610
661611
661612
661613
661614
661615
530543
530544
530545
530546
530547
530548
6266
6267
661633
661634
661637
137349
661638
137350
137351
137352
137367
6296
6297
137370
137371
137372
137373
137375
137376
137390
530610
137394
137395
6327
6328
530622
530623
530624
530625
530626
530627
661707
661708
661709
530637
661710
530638
661711
530639
661712
530640
661713
661714
661715
661716
661717
661718
661719
6359
6360
530652
530653
530654
530655
530656
530657
530667
530668
530669
137453
6388
6389
6422
6423
6450
530742
530743
530754
530755
530756
530757
530760
530761
530762
530769
530770
530771
530772
530773
6485
530774
530775
6511
6512
6547
6548
6572
6573
6610
6611
6634
6635
6672
6673
530973
530974
530975
530981
530982
530983
6695
530984
6696
530985
530986
530987
530988
530989
530990
6735
6736
531027
531029
531030
531031
531032
6757
6758
268915
268916
268919
268920
268921
268922
268925
268926
268932
531077
268933
531078
268934
531079
268935
531080
268936
531081
531082
6797
6798
268955
268956
268959
268960
268961
6819
268970
268971
268974
268975
268976
268977
268978
268979
662205
400070
400071
662216
662217
662218
662219
662220
400076
6860
400077
662222
269016
269017
269018
269019
269020
269021
400094
400095
400096
6880
400097
6881
400098
400099
400100
400101
400102
400105
400106
400107
400114
400115
269049
269050
662267
269052
269053
400126
269054
400127
400128
400129
400130
400131
269059
269064
269065
269066
6922
269067
6923
269069
269070
269071
662288
269072
662289
269073
662291
662292
269076
662293
269077
662294
400150
269078
400151
269079
662296
269080
400154
400155
400156
269085
269086
6942
269087
6943
269088
269090
269091
269092
662309
400165
269093
400166
269094
400167
269095
400168
269098
269099
400173
400174
400179
400180
400181
400182
138039
138040
400185
138041
400186
138042
400187
269115
138043
400188
269116
138044
269117
269118
269120
269121
269122
269123
269124
269125
138056
6984
138057
6985
138060
138061
400206
138062
400207
138063
400208
138064
400209
138065
138068
138069
138070
138073
138074
138075
400220
7004
400221
7005
138079
138080
400229
400230
400231
400232
138095
400240
138096
400241
400242
400243
138099
400244
138100
400245
400246
531324
531325
531326
138110
531327
138111
138112
531329
531330
531331
531332
531333
531334
7046
531335
7047
531336
531337
531338
531339
531340
531342
531343
531344
531345
531347
531348
138132
531349
138133
531350
531351
531352
531353
531354
7066
531355
7067
531356
531357
531358
531359
531360
531361
531362
531363
531364
531365
531391
531396
7108
531397
7109
531402
531403
531404
531405
531406
531408
531409
531410
531411
7128
7129
531424
531425
531427
531428
531429
531430
531433
531438
531439
531440
531441
531442
7170
7171
269320
269321
269328
269329
269330
269331
531476
269332
531477
269333
531478
269334
7190
531479
269335
531480
269336
269345
269348
269349
269350
269357
269362
269363
269364
269365
269366
269367
269368
269369
269370
269377
7233
269378
269379
7252
7295
7314
7315
400566
400571
400572
7356
7357
7376
7377
269523
269524
400603
400604
400625
400626
400627
400628
400629
400630
400631
400632
400633
400634
7418
400635
7419
400636
400637
7438
7439
7480
7481
7500
7501
7542
7543
7562
7563
7604
7605
7625
7666
7687
7688
7727
7728
7749
7750
269917
269918
269919
269920
269921
269922
269923
269924
7789
7790
269936
269937
269938
269939
7812
7813
269961
269966
269967
269968
269969
269974
269975
269976
269977
269978
269979
269980
269981
269982
269983
532132
532133
532134
532135
532136
532137
532138
7850
532139
7851
532148
532149
532150
532151
532155
532156
7874
7875
532167
532168
532169
532170
270026
532171
270027
532172
270028
270029
270030
270031
270032
270033
270035
532180
270036
532181
270037
270038
7912
7913
532208
532211
532222
532223
532224
7937
7938
532236
532237
532240
532241
532242
532243
532248
532253
532254
532255
532256
532257
7973
7974
401198
401199
401202
401203
401204
401205
401208
401209
401210
401211
401212
401213
663359
663360
8000
663361
663363
663364
532292
663365
532293
663366
532294
663367
663368
663369
663370
663371
663372
663373
532303
532304
532305
532306
532307
532312
663387
663388
663389
532317
663390
532318
532319
401247
532320
401248
532321
401249
401250
401251
8035
532324
401252
532325
401253
532326
401254
401255
401258
401259
401260
401261
401262
532335
401263
532336
401264
532337
401265
401266
401267
8062
8063
401284
401285
401286
401287
401288
401289
401290
401291
401292
401293
401294
401295
401296
401297
401298
663443
401299
663444
401300
663445
401301
663446
401302
663447
401303
663448
401304
401305
270233
401306
270234
401307
401308
401309
401310
401311
401312
8096
8097
663458
663459
270246
270247
401320
401321
401322
270250
401323
270251
401324
401325
270253
401326
270254
401327
270255
401328
401329
270258
270259
663476
663477
270262
270263
270264
270265
8125
8126
139200
139201
139202
139203
139204
139205
139207
139208
139209
139210
532431
532432
532433
532434
532435
663508
532436
663509
270295
270296
532441
401369
270297
532442
401370
532443
401371
532444
401372
270300
532445
401373
270301
139229
8157
532446
401374
139230
8158
532447
139231
270304
139232
270305
401378
270306
401379
139235
401380
139236
401381
139237
139238
270315
532460
270316
270318
270319
270320
270322
270323
270325
8188
8189
8218
8219
663605
663606
8251
8252
663635
663636
8279
8280
663645
663646
663647
663648
663649
663650
663655
663656
663657
663658
270442
663659
270443
663660
270444
663661
270445
270446
270447
270450
270451
270456
270457
270458
8314
270459
8315
270460
8316
270461
8339
8340
8341
401590
401592
401593
401594
8378
401595
8379
8380
401600
401601
8399
8400
8401
270551
270552
270554
270555
270557
270558
270559
270560
401634
270562
401635
270563
401636
401637
270565
401638
270566
401639
270567
401640
270568
401641
401642
401645
401649
401656
8441
8442
8443
8444
8459
8460
8461
8462
532787
532788
532793
8505
532794
8506
8507
532796
8508
532797
8509
532798
8510
532799
8511
8512
8515
8516
8517
8518
8519
8520
8521
8522
532814
532815
8570
8571
8572
8573
8574
8575
8576
8577
401794
8578
8579
8580
8581
532870
401801
532874
401802
532875
401803
532876
401806
532891
532892
532907
532908
532909
532910
532911
532912
532917
532918
401853
401854
401855
401856
401857
401863
401864
401866
139811
139812
139825
139826
139827
139828
139841
139842
139843
139844
139845
139846
139854
139855
139864
139865
139866
139867
139868
139869
139870
139871
139880
139881
139882
139883
139884
139885
402137
402138
402139
402140
402141
402142
402143
402153
402154
402155
402156
402157
402158
402159
402160
402161
402162
402163
402164
402165
402166
402167
402178
402179
402180
402181
402182
402183
402184
402185
402186
664344
664345
664354
664355
664357
664358
664359
664360
664363
664364
140079
140080
664371
664372
664373
664374
664375
664376
664382
664383
664384
664389
664390
664391
664392
664393
664407
664408
664409
664410
664411
664413
664414
664415
664416
664419
664420
664421
664422
664423
664424
664425
664426
402335
402462
402463
402464
402465
402466
402469
402476
402477
402478
402479
402480
402525
402526
402529
271467
271468
140507
140508
140509
140510
140511
140512
140513
140514
140517
140518
140519
402664
402665
402666
402667
140523
402668
140524
402669
140525
402670
140526
402671
140527
402672
140528
402673
402674
402675
140531
402676
140532
402677
140533
402678
140534
140536
140537
140538
140542
140543
140544
402692
402693
402694
140550
402695
140551
140552
402697
140553
140554
140555
140556
140557
140558
402704
140560
402705
140561
402706
402707
402708
402709
402710
402711
402726
402727
402728
402729
402731
402732
402738
402739
402740
402741
271684
271685
271686
271687
271688
271689
271690
271691
271692
402802
402805
140666
402818
402821
140680
140681
140682
140683
140684
140685
140686
140687
140688
140689
140690
140691
140692
140693
140695
140710
140711
140712
140713
271786
140714
271787
140715
271788
140716
271789
140717
271790
140718
271791
140719
271792
402865
271793
402866
271794
271795
140723
271796
140724
271797
271798
140726
271799
140727
271800
271801
271802
140730
271803
140731
271804
271805
402897
402898
665060
665061
665062
665063
665072
665073
665074
665075
665076
665077
665078
665083
665084
665085
665086
665087
665088
665089
665090
665091
665092
665093
665094
665099
665100
665101
665102
665103
665104
665105
665106
665107
665108
140922
140926
140927
140928
140929
140933
140934
140935
140938
140941
140942
140943
140944
140945
140946
140947
140948
140949
140950
140952
140953
140959
140960
140971
140976
140987
140992
140994
140995
272079
272080
272083
272084
272095
272096
141027
141028
272111
272112
272113
272114
141047
141048
141049
141050
141052
141053
141054
272127
141055
272128
141056
141057
141058
141059
141060
141061
141062
141063
141064
141065
272143
272144
272159
272160
272161
272162
272163
272164
141096
141097
141098
141099
141100
141102
141103
141104
403249
141105
403250
272178
403251
272179
141107
403252
141108
141109
403254
141114
141115
141116
403261
403262
403263
403264
141120
403265
141121
403266
403267
141128
141129
272212
272213
403290
403293
141149
403294
403295
403296
403297
403298
403299
403300
141156
403301
403302
403304
403305
403316
403317
403318
403319
403321
403322
403323
403324
272265
272266
272267
272268
272284
272285
272286
272287
272288
272289
272290
403363
272291
403364
272292
403365
272293
403366
403367
403368
272301
272302
534447
272303
534448
272304
534449
272305
272306
272307
534452
272308
534453
403382
272313
534458
272314
534459
403387
534460
403398
403399
534474
403402
534475
403403
534476
403406
534479
403407
534480
534481
534482
534483
403415
403416
403417
403418
141274
272347
141275
272348
272349
272350
272351
534496
272352
141280
534497
272353
141281
534498
272354
534499
403433
403434
534507
534508
534509
272365
534510
272366
272367
272368
534513
272369
534514
272370
534515
534516
141304
141305
141306
141307
272380
141308
141309
141310
534528
534529
141313
534530
141314
534531
141315
534532
141316
534533
141317
534541
534542
534543
534544
534546
534547
141333
141334
141335
141336
534553
534554
534555
534556
534557
272421
272422
272423
272424
272425
272426
272427
272428
272429
272430
272431
272432
272433
272437
272438
141374
141445
141446
141447
141450
141451
141452
141481
141482
141483
141486
141487
141488
665813
665814
665815
665816
665817
665826
665859
665860
665869
665870
665871
665872
665873
665874
665875
665876
665891
665892
665893
665894
665895
403832
403833
403846
403847
665998
665999
666000
666001
666002
403860
403861
534949
534950
534951
534960
534961
403890
403891
403892
534965
403893
534966
403894
534967
403895
403896
403897
403898
403899
403900
403901
403902
534975
403903
403904
534977
534978
534979
534980
534982
403913
403914
403915
403919
403920
403921
535002
535003
403933
535006
403934
535007
403935
535008
403936
535009
666083
535011
666084
535012
666085
666086
535014
403942
666087
535015
666088
535016
535017
403947
666092
403948
403949
403950
403951
403953
403954
535038
535041
535042
535043
535044
535045
403973
403974
535047
535048
404023
404024
404025
404026
404027
404028
404029
404030
404035
404036
404037
404038
404039
404040
404041
404042
404043
404044
404045
404046
404047
404048
404050
404051
404054
404055
666306
666307
666308
666309
666310
666311
666312
666313
666314
666315
666318
666319
666320
666321
666322
666323
404300
404301
404302
404303
404304
404305
666629
666630
666650
666651
666652
666654
666655
666656
666657
666667
666668
666671
666672
666673
666674
666675
666704
666705
666706
666707
666708
666709
666712
666713
666714
666715
666716
666717
273504
273505
273506
273507
273508
273509
273510
273511
273512
273513
273514
273515
273516
273517
273518
273519
273520
273521
273522
273564
273565
273566
273568
273583
273588
273589
273590
273591
273592
273595
273596
273597
273598
273599
273600
273602
273603
273604
273605
273608
273609
273610
273611
273644
273647
273662
273663
273731
273732
273733
273734
273737
273741
273742
273744
273745
273746
405001
405002
405129
405130
405131
405132
405133
405134
405135
405136
405143
405144
405145
405146
405147
405148
274097
274100
405201
405202
274137
274138
536290
536291
536292
536293
536294
405224
405225
405226
405227
405228
405229
274163
274164
274165
405239
405240
274168
405241
274169
405250
405252
405253
405254
405255
274183
274184
274185
274186
274187
274188
274189
274190
405266
405267
536372
536373
536374
536375
536377
536386
536387
536388
536389
536390
536391
405396
405397
405398
405399
405400
405401
405402
405403
536480
405410
405411
405412
405413
405414
405415
536499
536500
536501
536507
536508
536509
536510
405447
405448
536557
536562
536563
536564
536565
536566
536569
536570
536583
536584
536659
536660
536662
536663
536664
536665
536671
274527
274528
536676
536677
536678
536680
536681
536682
536683
536686
274553
274554
143613
143614
143616
143621
143623
143624
143627
143628
143630
143635
143637
143638
143640
274756
274757
274758
143686
143687
274760
143688
274761
274762
274763
143693
274774
274778
274779
274780
274788
274789
274790
274791
274793
274794
274795
537245
537246
406218
406219
406221
406222
406223
406224
406227
406232
406233
406234
406237
406238
406239
406244
406245
537319
537320
537323
537324
537326
537327
537328
537329
537330
406262
537350
537351
537352
406286
406287
406288
406290
406291
406292
406293
406300
406301
406306
406307
406310
406311
406313
406314
406320
406321
406337
406338
537419
537420
537421
406353
406354
406355
406356
406357
406358
537431
406359
537432
406360
537437
537438
406369
406370
537443
537444
537461
537462
537464
537465
537466
537467
537470
537471
537472
537473
537474
537475
537481
537482
537483
537488
537489
537490
537491
537493
537494
406422
406423
406424
406425
406426
406429
406430
406431
406432
406457
406458
406460
406461
406462
406463
406466
406467
406468
406469
406470
406471
406474
537619
537620
537621
537622
537627
537628
537629
537638
537639
537640
537647
537652
537653
537666
537667
537668
537669
537670
537673
537674
537702
537703
537704
537705
537741
537742
537743
537744
537745
537746
144530
537747
144531
537748
144532
537749
144533
537750
144534
144540
144541
144542
537779
537780
144573
144574
537791
144575
537792
144576
537793
537794
537795
537796
537797
144583
537800
144584
537801
144585
144586
144587
144588
537807
537808
537809
537810
537813
537814
537815
537816
537817
668892
668893
668918
668919
144636
144637
144642
668931
144643
668932
537860
144644
537861
144645
144646
144647
668945
668946
668947
668948
668949
668950
668951
668952
537883
537884
537887
537888
537889
537890
537891
537892
537893
537894
537895
537896
537899
537900
537901
537903
537904
406832
537906
537907
537908
537909
406837
537910
406838
406839
406840
406841
406844
406845
406858
406859
406880
406881
144738
406883
144739
406884
406885
406886
406896
406901
144757
406902
144758
406903
406905
144761
406906
144762
669051
406907
669052
406908
144765
144766
669055
406911
669056
406912
406917
144773
406918
144774
406920
406921
406922
406923
406924
406925
144781
406926
144782
406927
144783
144784
144785
144786
144800
144801
144802
144803
144804
144808
144809
144838
144839
144840
144841
144842
144843
144844
144845
144858
144859
144860
144861
144862
144863
144864
144865
144874
144875
407029
407030
407065
407066
407067
407068
407069
407070
407071
407072
407073
407074
407075
407076
407077
144939
144940
144941
144942
144949
144950
144951
144952
144953
144954
407099
144955
407100
144956
407101
144957
144958
144966
144967
144970
144971
144980
276138
276139
276140
276141
276142
276165
669384
669385
669386
276170
276171
276172
276173
669415
669416
669449
669450
276246
276247
145222
145223
145224
145225
145226
145227
145228
145229
145230
145231
145232
145241
145243
145244
145256
145257
145265
145266
145275
145278
145290
145291
145293
145294
145310
145312
145313
145318
145331
145332
145333
145335
276487
276488
276489
276491
276492
276495
407606
407607
407608
276536
407609
276537
407610
276538
276539
407612
276540
407613
407614
407615
407619
407620
407621
407634
407635
407637
407638
407639
407640
407642
407643
407644
407646
407647
407664
407665
407667
407668
407670
407671
407679
407680
407681
407696
407697
407737
407738
407739
407741
407742
407743
407744
407746
407747
407748
407749
407750
407751
407752
407753
407759
407760
407761
407762
407763
407764
276705
276706
276707
276708
276709
276710
276711
538909
538910
538913
538914
538915
276778
276779
276780
276781
276782
276783
276786
276793
276794
276795
276796
276797
670363
670364
670365
277163
277164
277179
277180
277181
277184
277185
277186
277189
277190
277191
277192
277198
277199
277200
277206
277207
277208
277209
277210
277227
277228
277229
277246
277247
277252
277265
277270
277300
277301
277302
277303
277304
277305
277306
277308
277309
277310
277311
277313
277319
277320
277321
277322
277323
277326
277327
277328
277329
277330
277331
277334
277335
277336
277337
670561
670564
670565
670566
670578
670579
670580
670581
670582
277373
277374
670591
277375
670592
670593
670594
670597
670598
670599
277384
277385
277386
277387
277388
277389
277390
277391
277392
277393
277394
670623
670624
670625
277417
277418
277419
670638
277442
277448
277449
277450
277451
670669
277455
277456
277457
277458
277459
277460
277469
277470
277471
277472
277473
277474
277475
277476
277477
277478
277479
277480
277481
277482
277483
146415
146416
146417
146418
146419
146420
146421
146422
146426
146427
146428
146429
146430
146431
146432
146433
146434
146435
146436
670745
670748
670749
146493
146498
146499
146500
146501
146502
146504
146505
146506
146507
146509
146510
146511
146512
146515
146516
146517
670835
670836
670837
670838
670839
670840
670841
670842
670843
670844
670845
670846
670847
670848
670851
277635
670852
277636
670853
277643
277644
670863
670864
670866
670867
670868
670869
670870
146582
670871
146583
146584
408730
146586
408731
277659
146587
277660
146589
146590
146593
146594
146596
146597
670886
277670
670887
277671
146599
670888
277672
146600
670889
277673
670890
146602
277675
146603
146605
146606
146607
146608
146621
146622
146623
146625
146638
146639
146714
146715
146716
146720
146721
146725
146726
146727
146731
146732
408952
408953
540036
540037
540038
540039
540041
540042
540043
540044
540045
540046
540047
540048
540049
277928
277929
277930
277931
277932
277933
277934
277936
277937
277938
277939
277941
277942
277943
277944
277945
277946
277947
277948
277950
277951
277952
277955
277956
277957
277958
277959
277960
277961
277962
540108
540109
540110
540111
540112
540113
540114
540115
540116
540117
540118
540119
540120
540121
540122
540123
540124
540125
540126
540145
540146
540147
540148
540149
540150
540161
540162
540163
540164
409150
409151
409177
409178
409179
409182
278110
409183
278111
409184
278112
409185
409186
278116
278117
278121
278122
409195
278123
409196
409197
409198
278127
278128
278135
278136
278137
278138
278139
278144
278154
278155
278157
540302
278158
278160
540305
278161
540307
278163
540308
278164
540309
278165
409251
540324
409252
540325
409253
409254
409255
409256
409257
409258
409259
278187
409260
278188
409261
409262
409263
409264
409265
409268
409269
409270
409271
409282
409283
409287
409288
409289
409290
409291
409292
409293
409310
409311
409312
409313
409334
409335
409337
409338
409339
409340
409363
409364
409365
409366
409367
540498
540499
409463
409464
409465
409466
409467
409468
409470
409471
409472
409473
540550
540551
540552
540553
540554
540555
540556
540557
540558
540559
540560
540561
409513
409514
540587
540588
540589
540590
540591
540592
540593
540594
540595
540596
540600
540606
409535
409536
409537
409538
540611
409539
409540
409541
409542
409543
409544
409545
409546
409547
409548
409549
409550
409551
409552
540632
540635
540680
540681
540683
540684
540686
540687
409643
409648
409786
409787
540864
540869
540870
540871
540872
409800
540873
409801
540874
540875
540876
540877
540878
540901
540902
540903
540904
540906
540907
540921
540922
540923
540924
540925
540926
540927
540928
540929
540930
540931
540934
540935
540937
540938
147741
147743
147744
147745
147747
147748
147749
147750
147752
147753
147755
147756
147757
147758
147760
540990
540993
540994
540995
540996
540997
540998
540999
541000
541001
541002
541003
541004
541005
541006
147790
541007
147791
541008
147792
541009
541010
541011
541247
541248
541250
541251
541253
541254
410279
410281
410282
410283
410284
410286
410304
410309
410320
410325
148181
410326
148182
410327
148185
148186
148187
672480
672481
148196
148197
148198
672488
672489
148201
672490
410346
148202
672491
148203
672492
148204
148205
148206
148207
148208
148209
148210
148211
148212
148213
148214
148215
148216
148217
148218
148219
148220
148221
148222
541539
541540
541541
541542
541543
541544
541545
541546
541555
541556
541557
541558
541559
541560
672675
672676
672677
672704
672707
672708
672709
672710
672803
672806
672807
672810
672813
672814
672815
672817
672818
672819
672820
410844
410845
410850
410859
410861
410862
410863
410864
410865
410867
410868
410869
410870
410872
673017
410873
673018
673019
410875
673020
410876
673021
410877
673022
410878
673023
673024
410880
673025
410881
673026
410882
673027
410883
673028
410884
673029
673030
673031
673032
148751
148752
673043
673044
673046
673047
673049
673050
148769
148770
673061
148787
148788
148789
148790
148791
148792
148793
148794
148795
148796
148797
148798
148799
148800
673098
673099
673100
673101
148813
673102
148814
148815
148818
148826
148827
148828
148829
673118
148830
673119
148831
673120
673121
673122
148834
673123
148835
673124
148836
673125
279909
673126
279910
279915
279916
279929
279930
279931
279932
279933
279934
279935
279936
673153
279937
673154
279938
673155
279939
673156
279940
673157
673158
673159
673160
673161
279945
673162
279946
673163
673164
279948
673165
279949
673166
279950
673167
279951
673168
279953
279954
279962
279963
279964
279965
279966
279967
279972
279973
279974
279976
279977
279978
279979
279981
279982
279983
279984
279985
279986
279987
279997
279998
280000
280001
280002
280003
280005
280006
280007
280008
280009
280010
280011
411094
411095
411096
411097
411098
411099
411100
411117
280066
280067
280068
280069
280070
280073
280074
280075
280076
280079
280080
280081
280149
280150
280151
280152
673445
673446
673447
673448
673449
673450
673451
673452
673453
673454
673455
673456
673457
673458
673459
673460
673461
673465
673466
673486
673487
673488
673489
673490
673491
673492
673493
673494
673495
673499
673500
673684
673686
673687
673688
673689
673693
673726
673727
673751
673752
673753
673754
673755
673756
412020
412021
412022
412023
412024
412029
412030
412031
412032
412033
412034
412035
412036
412037
412038
412039
412040
412045
412046
412047
412048
412049
412050
412051
412052
543153
543154
543155
543156
543157
543158
543159
543160
543167
543168
543169
543170
543173
543174
412106
412107
543180
412108
543181
412109
543182
412110
543183
412111
543184
412112
543185
412113
412116
412117
412132
412133
412134
412135
543211
543212
412140
543213
412141
543214
412142
543215
412143
543216
412144
543217
412145
543218
543219
543220
543221
543222
543223
543224
543225
543226
543227
543228
543229
543230
543231
543232
543233
543234
543235
543236
543237
543238
543239
543240
543241
543242
543243
543256
543257
543285
543286
674361
543289
543290
674363
543291
674364
674365
674366
674368
543310
543311
543312
543313
543314
543315
543316
543317
543319
543320
543321
543322
543324
543325
543326
543327
281193
281194
281195
281196
281197
543342
281198
543343
281199
543344
281200
281201
543346
281202
281203
281204
281205
281206
674428
674429
674430
674439
674442
674443
281231
281232
281233
281234
281235
281236
281237
281238
674455
281239
674456
281240
674457
281241
281244
281245
281246
674468
674480
674481
674483
674484
674485
281271
281272
281273
281299
281320
281321
281322
281323
281324
281328
281329
281330
281331
281332
281333
281334
281335
412449
412450
412452
412453
412454
412455
412458
412459
412464
412465
412466
412467
412468
412469
281401
412475
412476
412477
412478
281406
412479
281409
412484
412485
412486
281414
412488
412489
281417
281418
412491
412492
281421
412494
281422
412495
281423
412500
412501
543575
412503
412504
543577
412505
543578
412506
543579
412507
412508
543581
543582
543587
543588
543597
543598
543600
543601
543602
412530
543603
412531
412532
543605
543606
543607
543608
543611
543614
543615
543616
543617
543619
543620
543623
543794
543795
543796
543797
543801
543802
674907
674908
674909
674910
674911
674912
674913
674914
674919
674920
544222
544225
544226
544229
151096
151097
151098
151099
151100
151101
151102
151103
151104
151105
151106
151107
151108
151114
151115
151127
151128
151129
151131
151132
151133
151134
675424
151136
675425
151137
675426
151138
151144
151145
151146
151191
151192
151193
151194
151197
151198
151199
151200
151201
151202
151203
151204
151205
151206
151207
151208
151210
151211
151225
151226
151228
151229
151230
151238
151239
151241
151242
151255
675545
675546
151258
675547
151259
675548
151260
675549
151261
675550
151262
675551
151263
675552
151264
675554
151266
151267
675557
151269
675560
675563
675565
675566
675567
675568
151280
675569
675570
151282
675571
151283
675572
675573
151285
675574
675575
675576
151289
151290
675579
675582
675583
675584
675585
675586
675587
675588
675598
675599
675600
675601
675602
675603
675604
675605
675606
675607
675608
675609
675617
675619
675620
675621
675622
675624
675637
675638
675639
675646
675647
675648
675649
675654
675655
675656
675657
675661
675662
675666
675667
675668
675685
675686
675687
675718
675719
675720
675721
675722
675723
675724
675725
675726
675727
675728
675729
675730
675732
675733
675734
675735
675737
282524
282525
282548
282549
282550
282551
282552
282553
282558
282559
675812
675813
675814
675815
675816
675817
675818
282614
544759
282615
544760
282616
544761
282617
544762
544763
544764
544765
282630
282631
282632
282633
282634
282636
282637
282638
282639
544786
282642
282643
282644
282645
282647
282648
282649
282650
282651
282652
282653
282654
282655
282656
544807
544812
282678
282680
282681
282682
282683
282685
282694
544839
544840
282696
544841
282697
544842
282698
282699
282701
675925
544853
675926
544854
675927
675928
675929
675930
675931
675932
675933
544861
675934
544862
675935
544863
675936
544864
544865
544866
544867
544868
675950
675951
544885
544886
544887
544888
544891
544892
544893
282751
282752
282753
282754
282755
282756
282757
544902
544903
544904
282763
282764
675988
675989
675990
675991
675992
675993
675994
675995
413870
413871
282811
282814
282815
413889
413890
413891
413892
413895
413924
544997
413925
544998
413926
544999
413927
545000
413928
545001
413931
545012
545013
545026
545027
545028
545038
545039
545040
545043
545044
545045
282908
282909
282910
282911
282912
282913
151875
151881
151882
676171
151883
676172
151884
151885
676175
676176
676177
676178
545114
151898
545115
545116
545117
151901
545118
151902
151903
676193
545121
676194
151906
676195
151907
676196
151908
151918
151919
151920
676209
151921
676210
151922
676211
676213
676214
676225
676226
151938
151939
676228
151940
676229
545157
151941
545158
151943
151944
151945
151946
151947
151948
151949
676238
676239
676241
545169
676242
676244
676245
151957
545174
151958
545175
151959
545176
151960
545177
151961
545178
545179
545180
545181
545182
545183
545184
545185
545186
545189
545190
545191
545192
545193
545194
545196
545197
545198
545199
545200
545201
545202
545203
545204
545205
545206
545208
545209
545223
545224
676297
676298
545226
676299
545227
676300
545228
676301
545229
676302
545232
545233
545234
545235
545236
545237
676312
676313
676314
676315
152032
152033
152034
152035
152036
152037
152038
152039
152040
152041
152042
152043
152044
152045
152046
152048
152049
152052
152055
152056
152057
152058
152059
152060
152061
152062
676351
152063
676352
152064
676353
152065
676354
152066
676355
152067
676356
152068
676357
152069
152070
152071
676367
676368
676369
676372
676373
676374
676375
676376
676377
676382
676387
676388
676389
676390
676391
414248
414249
676394
414250
676395
414251
676396
414252
414253
414254
414255
414256
414257
414258
414259
414260
676405
414261
676406
414262
676407
414263
676408
414264
676409
414265
676410
414412
414413
414414
414415
414416
414417
414418
414419
414448
414449
414450
414451
414452
152308
414453
152309
414454
414455
414456
152312
152313
676606
676607
676608
676609
676610
414471
414472
676624
676625
676631
676632
676637
676650
676651
676652
676654
676655
676656
676657
676658
152372
676663
152377
414529
414530
414531
414532
152388
414533
152389
414535
414536
676688
676689
152402
152403
676692
414548
152404
676693
414549
152405
676694
414550
152406
676695
676696
676701
676715
676718
676719
676720
676728
676729
152445
152446
152447
152448
152450
152451
152454
152455
152456
152458
152460
152461
152462
152463
152464
152466
152467
676792
676793
676794
676795
676798
676799
676800
676801
676817
676820
676821
676826
676827
676843
676844
676847
676848
676849
676850
676853
676854
676875
676876
676879
676880
676881
676882
283716
283717
283718
283719
283721
283722
283724
283725
283728
283729
283730
283731
283732
283733
283748
283751
283752
283786
283787
283788
283789
283790
283791
283792
283793
283794
283795
283796
283797
283798
283799
283825
283826
283829
283838
283839
283840
283841
283842
283843
283844
283845
283846
283848
283849
283851
283852
546033
546034
283934
283935
283936
283937
283938
283954
283955
152885
152888
152889
152890
546126
546127
546128
546129
546130
546131
546132
546133
546134
546146
546147
546148
546156
546157
546158
546159
546160
546161
546162
546163
546164
546165
546166
546167
546168
546179
546180
546181
546191
546192
546193
546194
546195
546196
546197
546198
546199
546200
546201
546202
546213
546214
546215
546217
546218
546219
546220
546226
546227
546228
546229
546230
546231
546232
546233
546234
546235
546236
546237
546238
546239
546240
546241
546242
546243
546248
546249
546343
546344
546345
546346
546347
546348
546349
546350
546351
546352
546353
546354
546367
415336
415337
415338
415339
415341
415362
415363
415364
415365
415366
415367
415368
284395
415473
415474
415475
415476
415477
415478
415479
415480
415481
415486
415487
284428
284429
284430
546575
284431
546576
284432
546577
284433
284434
546579
284435
284438
284439
546586
284451
284452
284455
284456
284457
284459
284460
284461
284462
284464
284465
284466
284467
284468
284469
284470
284471
284472
546649
546650
546651
546652
546653
284514
284515
546662
284518
284519
546664
546665
546666
546667
284526
284527
284528
284529
284530
284531
284532
284533
284534
284535
284538
284539
284542
284543
284544
284545
284546
284547
284548
284549
284550
284551
284552
284553
284554
284555
284556
415745
415746
153676
415821
415822
415823
415824
415825
546898
415826
546899
415827
546900
546901
153685
415830
153686
546903
153687
546904
153688
546905
153689
546906
153692
546909
546910
546911
546912
153701
153702
153703
415848
153704
415849
153705
415850
415851
546925
546926
546927
546928
546930
546931
546932
546933
153740
546957
546958
546960
546961
546962
546963
547019
547020
547022
547023
547024
547026
547027
547037
547038
547039
547040
547041
547042
547043
547044
153829
153830
678119
153831
678120
153832
678121
153833
678122
678123
547052
153836
547053
153837
547054
153838
547055
153839
547056
153840
547057
547058
547059
678136
678139
678161
678162
678163
678165
678166
678167
678168
678180
678181
678184
678185
678186
678187
678188
678194
678195
678205
678206
678207
678208
678209
678212
678213
678214
678215
547183
547184
547186
547187
547188
547189
547191
547192
547199
547200
547215
547216
547219
547220
547221
547222
547223
547224
547231
547232
547247
547248
154034
154035
154036
154037
547263
547264
154049
154050
154051
154052
547269
154053
547270
154054
547271
154055
547272
154056
547273
154057
547274
154058
547281
154065
547282
154066
547283
154067
547284
154068
678357
547285
154069
547286
154070
547287
154071
547288
154072
154073
678362
154074
678363
154075
154076
154077
154078
547295
154079
547296
154080
154081
678370
154082
678371
154083
678372
154084
678373
154085
678374
154086
678375
154087
678376
154088
678379
678380
678381
678382
678397
678398
678399
678400
678403
678404
678405
678426
678427
678428
678429
678430
678431
678432
678442
678443
678444
678445
678447
678448
678478
678479
678514
154226
678515
154227
154240
154241
154242
154243
154246
154247
154248
154249
678538
678547
678548
678549
678550
678551
678552
678553
678554
678555
154267
678556
154268
678557
154269
678558
154270
678559
154271
154272
154273
154274
154275
678564
154276
678565
416436
416437
416438
416439
678584
678585
678586
678588
678589
678591
678592
416449
416450
416454
416455
416456
416457
416461
416462
416463
416465
416466
416468
416475
154341
154342
678672
678673
678676
678677
678687
678688
678689
678690
678695
678700
678703
678708
678714
416571
416572
416573
416574
416575
416576
416577
416578
416579
416580
416581
416838
416839
416864
416865
416903
416904
416905
416906
416920
416921
416922
416923
416928
416937
416938
416939
416940
416941
416942
416945
416946
416947
416948
416949
416950
416979
416980
416998
416999
417013
417014
417015
417018
417019
417020
417021
417022
417023
417024
417025
417026
417027
417028
417029
417037
417038
417039
417042
417043
417044
417045
417046
417047
417048
417054
417055
417056
417057
417058
417059
417060
679221
679222
679223
679224
679225
679226
679227
679228
679229
679230
679233
679234
417092
417093
417094
417095
417096
417097
417098
679243
417099
679244
417100
679245
417101
679246
417102
679247
417103
679248
417104
679249
417105
679250
679251
679252
417108
679253
417109
679254
417112
679257
417113
679258
154978
679267
679268
155013
155014
155015
155016
155017
155024
155027
155028
155029
155030
155031
679325
155038
679328
417223
417224
679379
417237
679382
417238
679388
679389
679390
286176
679393
286177
679394
679395
286179
286180
417253
417254
417255
417256
417257
417258
417259
417260
679405
679406
679417
679418
417274
679419
417275
679420
417277
417278
417280
417281
417283
417284
417288
417289
417291
417292
417293
417294
417296
679441
417297
417301
679446
417302
679447
679448
679449
679450
679453
679454
679467
679472
679473
679474
679475
679476
679479
679480
679505
679510
679511
679512
679513
679514
679517
679518
286531
286532
286545
286546
548691
548696
548697
548698
417626
548699
417627
417628
417629
417630
417633
417634
417635
417636
417637
417638
417639
417640
417643
548716
417644
548717
548718
417646
548719
417647
548720
417648
417649
417652
548730
548733
417661
548734
417662
548735
417663
417664
548737
417665
548738
548739
548740
155532
155533
548754
548757
548758
155564
155565
286646
286647
286648
155576
286649
155577
548797
286653
286654
286655
548800
286656
548801
286657
548802
286658
548803
286659
548804
286660
548805
286661
548806
286662
548807
286663
548808
286664
548809
548810
548823
548824
548828
548829
548830
548831
548832
548833
548834
548835
548837
548838
155622
548839
155623
548860
548861
548862
548863
548864
548865
155649
548866
155650
548867
155651
548868
155652
548869
155653
155654
155668
155669
155672
155673
155676
155677
155679
155680
155682
155683
155685
155686
155693
155694
155695
155696
155697
155698
155699
155700
155701
155702
548934
548936
548937
155724
155725
155726
155727
155728
155729
155730
548958
548959
155745
155746
155747
155748
155751
286825
286826
286827
286828
286829
286830
155766
155767
286840
155768
286841
155769
286842
155770
286843
286844
286845
286846
286847
548998
155788
155789
155790
155795
155796
155797
155798
286872
286873
286874
286875
286876
286877
286878
549023
286879
549024
549025
549026
286882
549027
286883
549028
286884
549029
286885
549030
286887
286888
286889
286890
549043
549044
549045
549046
549047
549048
549049
286905
549050
549072
549077
286952
286953
549098
286954
286955
286956
286958
549103
286959
286960
286961
286979
286980
286981
549129
549130
286986
286987
549132
286992
286993
286994
286995
286996
549141
286997
549142
286998
549143
549144
549145
549146
549155
549156
549157
549158
549159
549160
680234
287019
287020
287021
287022
287023
680241
549169
680242
549170
680243
549171
680244
549172
680245
549173
680246
549174
680247
549175
680248
287032
680249
287033
549178
287034
287035
287036
549181
287037
549182
287038
549183
549184
549185
549186
287042
549187
287043
549188
549189
549219
549220
549221
549222
287078
549223
287079
287080
549225
287081
549226
287083
287084
549229
287085
549230
287086
549231
287087
549232
287088
549235
549236
549237
549238
549239
549240
549241
680314
549242
680315
680316
680317
680318
680319
680320
680321
680322
680327
680328
680329
680330
680331
680332
680333
680334
680335
680336
680337
680338
680339
549267
680340
680341
680342
287170
287171
287172
287173
287174
680391
287175
680392
287176
680393
680394
680395
287179
680396
287180
680397
287181
680398
680399
287183
680400
287184
680401
680402
287187
287191
287192
287193
287194
287196
287197
287198
287199
287200
287201
287202
287204
680429
287213
680430
287216
287217
680434
287218
680435
680436
287220
680437
287221
680438
680439
680440
680441
287236
287237
680469
680470
680471
680472
680473
680474
680475
680476
287260
680477
287261
680478
680479
680480
680481
680486
680487
680488
287279
287280
287281
287282
287283
287284
287285
156240
156241
156242
156243
156244
156245
156254
156255
156256
156259
156260
156261
156267
287358
287359
680584
680585
680586
680587
680588
680591
680592
680593
680596
680597
287381
680598
680599
680600
287384
287388
680605
287389
287390
418463
418464
418466
418467
680612
680613
287397
680614
680615
680616
680617
680618
287402
680619
287403
287404
287405
287406
287409
287410
418484
418486
418487
418488
418489
418491
287429
287434
287435
287436
287437
287438
287441
287442
287455
287456
287457
287458
287459
287467
287472
287474
418547
287475
418548
287476
418549
287477
287478
418551
418552
418553
418554
287482
418555
287483
418557
418558
418559
418560
418564
418569
418570
418593
418663
418664
418668
418669
418684
418685
287613
418686
287614
287615
418688
287616
287617
418693
418710
418711
418712
418713
418714
418715
418716
418717
418720
418721
418723
418724
418735
418738
681044
681045
681046
681047
681050
681051
681094
681095
681096
681097
681098
681099
681100
681101
681102
681103
681104
681105
681106
681107
681108
681109
681110
681111
681112
681113
681114
681115
681116
681117
681118
419162
419163
157161
157162
157163
157165
157166
157167
157168
157171
157172
157173
157174
157175
157176
419322
419323
419324
419325
419326
419327
419329
419330
419333
419334
157190
157191
157192
157193
157194
157195
157197
157198
419343
157199
419344
157200
419345
419346
157202
419347
157203
419348
157204
419349
157205
419350
157206
419351
419354
419355
419358
419359
419360
157280
157281
157282
157295
157296
157312
157313
157314
157315
157317
157318
157319
157320
157322
157323
157325
157326
157327
157328
157330
157331
157333
157334
157351
157356
157357
157358
157360
157361
157362
157363
288528
288531
288532
288533
288534
288535
288537
288538
288546
288547
288548
288549
288556
288558
288559
157501
157502
157503
157504
157505
157506
157507
157512
157513
157518
157519
419668
157524
419669
157525
681814
419670
157526
681815
419671
681816
419672
681817
681818
681819
419683
419684
419685
419686
419687
419688
419689
419690
419691
419692
419693
419694
419695
681851
681852
681854
681855
681857
681858
419714
419715
419716
419717
419718
419719
681865
681866
681868
419724
681869
419725
681871
681872
157591
157592
157593
419738
419739
419740
419741
419742
419743
157599
419744
157600
419745
419746
157602
419747
157603
419748
419749
157605
419750
157606
419751
419752
419753
419754
419755
419756
157612
419757
157613
419758
419759
419760
419802
419803
419804
419805
419806
419807
419808
419809
419811
419813
419814
419853
419854
419855
419856
419857
419858
419859
419860
419861
419862
419864
419865
419893
419894
419895
419896
419897
419898
419899
419900
419901
419902
419903
419904
419905
419906
419907
419908
419909
419980
419981
419983
419984
419985
419987
419988
419990
420015
420017
420018
420019
420020
420022
420031
420033
420034
420035
420036
420038
420047
420059
420060
420063
420064
420065
420067
420068
420069
420070
420072
420073
420084
420085
420086
420087
420088
420089
420090
420091
420092
420101
420103
420104
420106
420107
420108
420112
420113
682260
682261
157984
157986
157987
157988
157989
157991
682281
682282
682287
682298
682299
682300
682301
682302
682304
682305
682306
682307
682308
682313
682324
682325
682326
682327
682328
682329
682332
682333
682336
682337
682338
682339
682342
682343
682344
682345
158059
158060
158061
158062
158063
158064
158067
158068
158069
682358
158070
158071
158072
682363
682364
682365
682366
682367
682370
682371
551385
551386
551387
551388
551389
551390
551391
551392
551393
551394
551395
551396
551397
551398
551399
551400
551428
551429
551430
551431
551432
551433
551434
551435
551444
551445
551446
551447
551448
551449
551450
551451
551452
551453
551454
551455
551456
551457
551458
551459
551460
551461
551462
551463
551464
551465
551487
551488
551489
551490
551491
551492
551499
551500
551501
551502
551503
551504
551505
551506
551507
551508
551509
551510
551540
551541
551542
551543
551544
551545
551546
551547
551548
551549
551550
551551
551552
551553
551554
551555
551563
551564
551565
551572
551573
551574
551575
551576
551577
551578
551579
551580
551581
551582
551596
551597
551601
551602
551603
551604
551609
551610
551611
551612
551616
551617
551624
551625
551636
551637
551638
551639
551640
551641
551642
551643
551644
551645
551646
551647
551648
551649
551650
551651
551653
551654
551657
551658
551660
551667
551668
551673
289535
289536
289537
289540
289541
289542
289543
289544
289545
289546
551697
551698
551714
551715
551719
551720
551721
551722
551723
551724
551725
551726
289582
289583
289584
289586
289587
289589
289590
289591
289593
289594
289595
289596
289612
289613
289614
289615
289616
289617
289619
289620
289622
289631
289632
289633
289634
289638
289639
289643
551853
551854
551855
551856
551857
551858
551859
551860
551861
551862
551863
551866
551867
551868
551869
551870
551871
551872
551873
551874
551875
289731
551876
289732
551877
289733
289734
289735
551880
289736
289737
289738
289741
289742
289743
289744
289751
289752
289753
289754
289770
289771
158859
158860
158862
158863
158864
158865
158867
158868
158880
158881
158882
158885
158886
158887
158888
158889
158902
158903
158904
158906
158907
158909
158910
158911
158912
158914
158915
158965
158966
683278
683279
421135
421136
421137
421138
421139
683309
683310
683311
683312
421179
683325
683326
683327
683328
421185
421186
683339
683340
683345
683346
683349
683350
683351
683352
683353
683354
683355
683356
683357
683358
683359
683376
683377
683378
683379
159099
683388
683389
683390
683391
683392
683393
683394
159106
683395
683396
159108
683397
159109
683398
159110
683399
159111
683400
159112
683401
159113
683402
683403
683414
683415
683416
683417
683418
683419
683430
683431
683432
683433
683434
683435
683443
683444
683445
683446
683447
683448
683458
683459
683460
683461
683462
683463
683470
683471
683488
683489
683490
683491
683598
683601
683602
683617
683618
683654
683659
683660
683661
683662
683663
683666
683667
421631
421632
421636
290564
421637
421638
421639
290567
421640
421641
421642
421643
421644
421645
421646
421647
421648
290579
290580
421653
421654
421655
290583
421656
290584
421657
290585
421658
290586
421659
290587
421660
290588
421661
290589
421662
421663
421664
290593
290594
290595
290596
421669
290597
421670
290598
421671
290599
290600
159528
290601
159529
290602
159530
290603
159531
159532
159533
159534
159535
159536
159552
159553
159554
159563
159564
159565
159566
159567
159568
421714
421715
421718
421719
421720
421721
159577
421722
159578
421723
159579
421724
421725
421726
290654
290655
290656
290657
290659
290660
159589
159601
159604
290681
290682
159610
159611
159612
421757
159613
421758
421759
290687
421760
290688
421761
290689
421762
421763
421764
290692
421765
290693
421766
290694
421767
290695
159623
421768
290696
159624
421769
159625
421770
421771
159628
290707
421780
290708
421781
290709
421782
290710
421783
290711
421784
290712
421785
290713
290714
421787
290715
421788
290716
290717
421826
421827
421828
421829
421830
421831
421832
421833
290761
421834
290762
421835
290763
290764
290765
290766
290767
421840
290768
421841
290769
421842
290770
421843
290771
421844
290772
290773
290774
684142
684143
684144
684145
684146
684147
684148
684184
684185
684216
684217
684255
684256
684257
422113
684258
422114
684259
684260
684261
684262
684267
684268
422124
684269
422125
684270
422126
684271
422127
684272
422128
684273
422129
684274
422130
684275
422131
684276
422132
684277
422133
684278
422134
422135
422136
422137
422138
684283
422139
684284
684285
684286
684287
684288
684289
684290
684291
684292
684293
684294
684295
684296
684297
684298
684301
422162
422163
422164
422165
422166
422167
422172
422173
422174
422175
684321
422177
684322
422178
422179
422180
684325
422181
422182
422183
684330
684331
684336
684349
684350
684353
684354
684355
684356
684358
684359
684360
684361
422373
422374
422375
422376
422377
422378
422380
422381
422382
422383
422387
422388
422389
422390
422393
422394
422395
422396
422397
422398
422403
422404
422405
422406
422407
422408
553498
553501
553509
553514
422452
422453
422454
422455
422456
422457
422458
422459
422460
422461
422464
422465
422466
422467
422468
422469
422470
422471
422486
422487
422488
422491
422492
422494
422495
422497
422498
422499
422500
422503
422504
422505
422515
422516
422527
422528
422529
422530
422532
422533
422535
422536
422537
422538
422541
422542
422545
422546
422555
422556
422559
422560
422567
422568
422569
422570
422571
422579
422584
422586
422587
422588
422589
422590
422594
422595
553687
553690
553698
553699
553776
553777
422711
422712
422725
422726
422729
160585
422730
160586
422731
160587
422732
160588
160589
160590
422735
160591
422736
160592
160593
160594
160595
160596
553814
422742
160598
553815
422743
160599
422744
160600
422745
160601
422746
422747
422748
160604
422749
160605
160607
160608
553826
553827
422757
160614
160617
422762
160634
160635
160636
160639
160640
160641
422802
422803
160667
160668
160669
160670
422815
160671
160672
160673
160674
160675
160676
160677
553894
160680
553897
160681
160682
160683
160686
160687
160688
160689
160690
422838
160728
553955
553956
553957
553958
553959
553960
553961
160745
553962
553963
553964
160748
422893
553966
422894
553967
422895
422896
422897
422898
685045
553974
553975
685054
553982
553983
553984
685057
553985
685058
553986
553987
422915
422916
553994
553995
553996
553997
553998
553999
554000
160784
554001
422929
160785
422930
160786
422931
422932
422933
422934
422935
554008
422936
554009
422937
422938
422939
422940
422941
554014
422942
554015
422943
160799
160800
160801
422947
422948
160804
160805
554026
554027
554028
554029
554030
554031
554032
554033
554034
554035
554036
554037
554038
554039
554043
554044
554045
554046
554047
554048
554049
554050
554051
554052
554065
554066
554072
554073
554074
554075
554076
554077
554078
554079
554080
554081
554082
554083
554084
554085
554086
554087
554088
554089
554090
554091
554092
554093
554094
160878
160879
160880
160881
160882
554099
160883
554100
554101
554102
160886
554103
160887
554104
160888
554105
160889
554106
160890
554107
554108
554109
160893
554110
160894
554111
160895
554112
160896
554113
554114
160898
554115
160899
554116
160909
160910
160917
160918
160919
160920
160921
160925
160926
160930
160931
160932
160936
160937
160938
160939
160940
160956
160957
423119
423120
423123
423124
423137
423138
423139
423148
423149
423152
423153
423159
423160
423161
423162
423167
423182
292110
423183
292111
423184
423185
423188
292116
423189
292117
423190
292118
423191
292119
292120
292121
292124
292125
423198
423199
423200
423201
292130
292131
423205
423206
423207
423210
423211
423212
423220
423221
423222
423223
161079
423224
161080
423225
423228
423229
423230
423239
423240
423247
423248
423249
161105
423250
161106
423251
161107
423252
161108
161109
161110
423255
161111
423256
161112
161114
161115
161116
161117
423263
161119
423264
161120
161121
161140
161141
161142
161143
161144
161146
161147
161148
161149
161151
161152
161153
161159
161172
161173
161175
161176
161177
161184
161185
161186
161187
161188
161191
161192
161193
161203
161208
161209
161210
161212
161218
161219
161225
161226
161228
161229
161230
161231
161233
161234
161246
161247
161248
161249
161250
161258
161259
161260
161261
161262
161263
423421
423422
423423
423424
423425
423426
423431
423432
423433
423434
161290
423435
161291
423436
161292
161293
161294
161296
161297
161298
161299
161301
423446
161302
423447
161303
423448
423449
423450
292388
292389
161318
292391
292392
292394
292404
292405
292407
161335
292408
161336
292409
292411
292412
161343
161344
161345
161346
161347
161348
161349
292426
292429
292430
161358
161359
161360
161361
161362
161363
161364
161365
161366
292442
292443
292444
292445
292446
292447
292448
292449
292458
292459
292460
292461
292462
292476
292477
161412
161413
292489
292490
292491
292494
292495
292496
292497
161427
161428
161429
161430
292503
292504
161432
292507
161439
161440
161441
161442
161443
161444
161445
292520
292521
292522
292524
292525
161459
161460
292533
161461
161462
292535
292536
161464
292541
161471
161472
161473
161474
161475
161481
161486
161487
161492
554788
554789
554790
554791
554792
554793
554801
554802
554803
554804
554805
554806
554807
554808
554809
554810
554811
554812
554813
554814
554815
554816
554817
554818
554819
554820
554821
554822
554847
554848
554849
554850
554851
554856
554857
554858
554859
554860
554861
554862
554863
554864
554865
554866
554867
554868
554873
554874
554875
554876
554877
554878
554879
554880
554881
554882
554883
554884
554889
554890
554891
554892
554893
554894
554895
554896
554898
554899
554900
554901
554902
554903
686136
686146
686147
686148
686149
686150
686151
686156
161985
161986
162004
162005
162006
162007
162008
162009
162010
162011
162012
162013
162030
162031
162032
162033
162034
162036
162037
162040
162041
162043
162044
162045
162046
162047
162048
162049
162050
162051
162068
162069
162070
162071
162072
162073
162074
162075
162076
162077
162080
162081
162082
162083
162084
162085
162102
162103
162104
162105
162106
162107
162108
162109
162110
162113
162114
162115
162116
162117
162118
162119
162138
162141
162142
162143
162144
162145
162146
162147
162148
162149
162150
162151
686449
686450
686453
686454
686498
686499
686516
686523
293318
293319
293320
293321
293322
293323
293324
293325
293326
293327
686545
686546
686553
686554
686555
686556
686557
686558
293342
293343
686561
686562
555494
555495
293358
293359
686585
686586
686587
686588
293374
686591
293375
686592
686593
293390
293391
293420
293421
555569
555570
555571
555572
555573
555574
293435
293436
293439
293440
293441
555586
555587
555588
555589
555590
555591
555602
555603
555604
293469
293472
293485
293488
293525
162453
293526
293528
293529
293530
162458
293531
162459
293533
162464
162465
162466
162467
293543
293544
293546
293547
293549
293550
162487
162488
293566
293567
293568
293569
293570
293571
293572
293573
293574
293575
293576
162510
293583
162511
293584
162512
293585
162513
162514
162515
293588
162516
293589
293590
293591
162519
293592
162520
162521
162522
293595
293596
162538
162539
162540
162541
162542
162543
162544
162545
162546
162547
162548
162549
162550
162552
162553
162555
162556
162557
162571
162572
162573
162574
162575
162576
162577
162578
162579
162580
162581
686900
686901
686906
686907
686914
686915
686916
686917
686918
686919
686920
686927
686928
686929
686930
686931
686932
686933
424855
424856
424857
424871
424872
424873
424874
424875
424876
424877
424878
424879
424880
424885
424886
424890
424903
424904
424905
424906
424919
424920
424921
424922
424923
424924
424925
424930
424931
424932
424933
424936
424942
424947
424948
424953
293909
293910
424995
293923
424996
293924
424997
424998
424999
425000
293937
293938
293951
293952
425085
425086
425087
425088
425090
425091
425096
425097
425098
425099
425100
425108
556181
425109
556182
425110
556183
425111
425112
556185
425113
556186
425114
556187
425115
556188
556191
556192
425120
556193
425123
425124
425125
425126
425127
556200
556201
556202
556203
556204
556205
556206
556207
556208
556218
556219
556220
556221
556222
163030
163033
163044
163053
294255
425328
425329
294257
425330
294258
425331
294259
425332
294260
425333
425334
294262
425335
294271
294273
425358
425359
425360
425361
425362
425363
425364
294292
425365
294293
425366
294294
294295
294296
294297
294298
294299
294300
294301
294302
294303
294311
294312
294313
294314
294315
294316
294317
294318
294319
294320
294321
294322
294323
294342
294343
294344
294345
294346
294347
294348
294349
425565
425566
425567
425572
687717
425573
687718
425574
425575
687720
687721
687722
687732
163525
163526
163528
163529
163530
163531
163546
163547
163554
163555
163556
687881
687882
687883
687884
687885
687886
687887
687888
687894
687895
687896
688001
688003
688004
688005
688014
688015
688018
688019
163742
163743
163746
163747
163748
163749
163750
163756
163757
688050
163768
688057
163769
688058
688059
163771
688060
163772
688061
163773
688062
163774
688063
163775
163776
163777
163779
163780
163781
163782
163784
163793
163794
163795
163805
163806
163807
163808
163809
163810
163813
163814
163815
163817
163818
163820
163821
163822
163823
163824
163825
163826
294903
294904
294905
294906
294907
294908
163844
163845
163846
163852
425997
294925
163853
425998
294926
425999
294927
426000
294928
426001
294929
426002
294930
294931
294932
294933
294934
294947
294948
294952
294953
294954
294955
294956
294957
557197
557198
557212
557213
688296
557228
688301
557229
688302
688303
688304
688305
426162
426163
688308
426164
688309
426165
426166
426167
426176
426177
426178
426179
426183
426185
688330
426186
688335
688336
688337
688338
688339
426195
426196
688342
557270
295126
688343
557271
295127
557272
295128
557273
295129
557274
295130
557275
295131
557276
295132
295133
295134
295135
295136
295137
295138
688355
295139
688356
688357
557285
688358
688359
688360
557288
557289
688362
557290
688363
557291
688364
557292
688365
557293
688366
557294
688367
557295
688368
557296
688369
688370
688371
688372
688373
557301
295157
295158
295159
688376
295160
688377
295161
688378
295162
688379
295163
295164
295165
295166
295167
688384
295168
295169
295170
557315
295171
557316
295172
557317
295173
295174
295175
295176
295177
557333
557334
688419
688420
688421
688422
688423
688424
295208
688425
295209
688426
295210
688427
688428
688429
688430
688431
688432
688433
295225
295226
688443
295227
688444
295228
688445
295229
688446
295230
295231
295232
295233
295234
295235
295240
295241
295242
295243
295244
295245
295246
295247
295248
295273
295274
295275
295276
295277
295278
295279
295280
295281
295282
295283
295284
295285
295286
295287
295288
295299
295300
295304
295305
295306
295307
295328
295329
295330
295331
295332
295333
295334
295353
295354
426438
426441
426454
426455
557610
557611
557612
557613
557614
557615
557616
557617
557618
557619
557621
557622
557623
557626
557627
557630
557631
557632
557633
557634
426571
426574
557650
557651
426579
557652
426580
557653
426581
557654
426582
557655
426583
557656
557657
557658
557659
557660
557661
557662
557663
557664
557665
557666
557667
557668
557669
557670
557673
557678
557680
557681
426719
426720
557798
557799
557838
557839
557840
557841
557843
557844
557846
557847
557854
557855
557856
557857
557860
557861
557862
557863
557864
557865
557866
557867
557868
557869
557870
557871
557905
557906
557907
557908
557909
689076
689081
689094
689095
689097
689098
689099
689100
689102
689115
689126
689127
689129
689130
689131
689132
689134
689145
558081
558082
558101
558102
558121
558122
558123
689196
558124
689197
558125
558126
558128
558129
689202
558130
558131
689216
689218
689219
558147
558148
689221
558149
689222
689224
689225
689227
558158
558159
427106
558179
427107
558180
558182
427110
558183
427111
558184
558185
558188
558189
427117
558190
427118
558191
427119
558192
689265
558193
427121
427122
558196
689270
427129
427130
427132
427133
296074
296079
296080
296081
558226
296082
558227
296083
558228
558229
558230
296086
558231
296087
558232
558238
558239
558242
558243
558244
296100
558245
558246
558247
296105
558250
296106
558251
296107
558252
296108
296109
296112
296113
689345
689346
689350
689351
689361
689362
689364
689365
689366
689367
689383
689384
689385
689386
689387
689388
689391
689392
689393
689394
689395
689396
689397
689399
689400
689401
689402
689404
689405
689408
689410
689411
427269
427272
689419
689424
427285
427288
689449
689454
689480
689481
689482
689483
689497
689498
689500
689501
689503
689504
689514
689515
689516
689529
689532
689534
689535
689537
689538
689539
689540
689541
689542
689545
689546
689547
689548
689561
689564
689566
689567
689569
689570
689571
689572
689573
689574
689577
689581
689582
689584
689585
689586
689587
689595
689596
689597
689598
689599
689600
689624
689625
689626
558607
558614
558615
558616
558617
558618
558637
558644
558645
558646
558647
558648
558651
558658
558659
558660
558661
558662
689743
689745
689746
689747
689748
689750
689759
689761
689762
689763
689764
689766
165533
165534
165535
427682
427683
427684
165542
165543
427688
165544
427689
165545
165546
165547
165595
165596
165597
165598
165603
165604
165605
165606
165607
165608
165609
165610
165621
165622
165652
165653
165664
165665
165666
165667
165668
165670
165671
165682
165683
165685
165686
165687
165688
165689
165690
166013
166020
166025
166033
166034
166035
166036
166037
166038
166039
166076
166081
166082
166083
166093
166094
428253
428254
297317
297318
297327
297330
297331
297333
297334
297335
297336
297339
297353
297356
297358
297359
297360
297361
297368
297370
297371
297372
297374
297375
297376
297377
297387
297388
297389
297391
297392
297393
559538
559539
559540
559541
559542
559543
559544
559545
559546
297402
559547
297403
559548
297404
166332
559549
297405
559550
297406
559551
297407
559552
166337
166338
166339
166340
166341
166344
166345
559562
559563
559564
559565
559566
559567
559568
559569
559570
559571
559572
559573
559574
166358
559575
559576
559577
559578
559579
166363
559580
166364
559581
166365
559582
166366
559583
166367
559584
559585
559586
166370
559587
166371
559588
559589
559590
559644
559645
559648
559649
559650
559651
690849
690854
690881
690886
690887
690888
690889
690890
690891
690892
690893
690894
690895
690896
690897
690898
690903
690904
690905
690906
690919
690922
690924
690925
690926
690927
690928
690929
690931
690932
690935
690938
690941
690944
297733
297735
297736
297737
297739
297740
297741
297742
690969
690970
297754
690971
297755
690972
297756
690973
690974
297758
690975
297759
297760
690979
690980
297766
297767
297769
297770
297771
297773
297774
297775
297776
297788
297789
297790
297792
297793
691011
691012
691013
691016
691018
691019
691020
691021
691022
691023
691024
691025
691040
297838
297839
297840
297842
298181
298182
298196
298197
298198
298199
298200
298201
298202
298203
298204
298205
298206
298207
298265
298270
298271
298272
298273
298274
298277
298278
298299
298304
298305
298306
298307
298308
298311
298312
298325
298326
298327
298328
298329
298330
298331
298332
298333
298338
691560
298349
298350
298351
298352
298355
298356
298357
298359
298364
298366
298367
298368
691603
691608
691612
691614
691615
691617
691618
691620
691621
691623
691627
691628
691629
691630
691631
691632
691633
691634
691635
691636
691637
691638
691643
691644
691645
691646
691647
691648
691649
691650
691651
691652
691653
691654
691655
691656
691657
691658
691659
691660
691661
691662
691663
691664
691665
691666
691667
691668
691669
429525
691670
429526
691671
691672
429531
429532
691677
691678
691679
691680
691689
691694
691695
691696
691697
691698
691699
691700
691701
429577
429580
429581
429582
429583
429584
429585
429586
429588
429589
429592
429593
691740
691742
691743
429599
691744
691745
691747
691748
429604
691749
429605
429606
429608
429609
429610
429611
429613
429614
429615
429616
429617
429618
429699
429700
429701
429704
429705
429706
560793
560794
560795
560812
560813
560814
560815
560816
560817
560833
560834
560835
560836
560837
560842
560843
560844
560845
560846
560858
560859
560882
560916
560917
560918
560919
560920
560921
560934
560935
560939
560940
560941
560942
560943
560944
560945
560946
560970
560971
560972
560973
560974
560975
560976
560977
560978
560979
429969
429970
429971
429972
561045
429973
561046
429974
561047
429975
561048
429976
561049
429983
429984
429985
430008
430009
430010
430011
430012
430013
430014
167878
167883
167884
167897
167898
167899
167900
167905
167906
167908
167909
167911
167912
167921
167926
167927
167942
167943
167944
167945
167946
167947
167948
167950
167951
167952
167953
167966
167967
167968
167979
167980
167981
167982
561614
561615
561616
561617
561618
561619
561620
561688
561689
561690
561691
561693
430621
561694
430622
561695
561696
430624
430625
561698
430626
561699
430627
692772
561700
430628
692773
561701
430629
692774
561702
692775
561703
692776
692777
430634
430635
692780
430636
692781
430637
692782
430639
430640
430641
430642
430643
430644
692791
430647
692792
430648
692793
692794
692795
692800
692801
430660
430661
692810
430666
692811
430667
692812
430668
692813
430669
692815
692816
692818
692819
692820
692825
692826
692827
692828
692829
692832
692833
692834
692835
692836
692837
430699
430700
692872
692873
692874
692875
430731
430732
692877
430733
692878
430734
692879
430735
692880
430736
430737
430738
430739
430740
430741
430742
692887
430743
430744
692890
692891
692892
692893
692894
299682
299683
299686
299687
430760
299688
430761
299689
430762
430763
430764
430767
692912
430768
692913
430769
692914
430770
430771
430772
430773
430774
430775
430776
430779
430780
430781
430782
299710
430805
430806
430807
430808
430809
430810
430811
430812
430813
430814
430815
430816
430817
430818
430821
430822
430823
299778
299779
299780
299781
299782
299783
299784
299785
299786
299787
299798
299799
693016
299800
693017
299801
693018
299802
299803
693020
693021
693022
693023
299810
299811
299812
299813
299814
299815
430894
430895
430896
430897
430898
430899
430904
430905
299833
299834
299835
693059
693061
693062
693063
693064
561992
693065
561993
561994
561995
561996
561997
561998
561999
693072
562000
430928
693073
562001
430929
693074
562002
693075
562003
693076
562004
430932
693077
693078
693079
693091
693092
562022
562023
562026
299886
299887
299888
299889
299890
299891
299892
299893
299894
299895
299896
299897
299910
299911
299912
299913
299914
299915
299926
299927
299928
299931
299932
299933
299936
299937
299938
431113
431114
431115
431116
431117
431118
431119
169042
169045
169052
169056
169057
169058
169059
562298
169143
169144
169147
169148
562368
562369
562370
169156
169159
169160
169161
562409
562410
562423
562424
562437
562438
562439
562440
562441
562442
562443
562444
562445
562446
562447
562448
169241
169242
169243
169244
169245
169246
169247
169248
169249
169250
169251
169253
169254
169255
169256
169259
169275
169276
169277
169278
169279
169280
169281
169282
169283
169284
169285
169286
169287
169288
169289
169290
693719
693720
693721
693722
693723
693724
693725
693726
693735
693736
693737
693738
693739
693740
562672
562673
562674
562675
562676
562677
562678
562679
562680
562697
562698
562699
562700
562723
562886
562903
169712
169713
169714
169715
169716
169717
169718
169719
169720
169721
169722
169723
169724
169725
169729
169730
169731
562972
169777
169778
169823
169824
563041
169825
563042
169826
169827
563045
563046
563047
563048
563050
563051
563055
563057
169841
563058
169842
563060
563061
563062
563063
563066
169859
169860
169864
169865
169866
169867
169872
169873
169888
563105
169889
563106
169890
169891
169892
169893
563121
563122
563123
563124
563125
563126
563127
563128
563129
563141
563142
563145
563146
563148
563149
563153
563154
563157
563158
563159
563160
563161
563162
563165
563166
563167
563178
563179
563194
563195
432134
432135
432136
563210
563211
432139
563212
432140
563213
432141
432143
432146
432148
432153
432156
432157
432158
432159
432162
432165
432170
432171
432174
432175
432176
432177
432179
432182
432184
563263
563264
563265
563266
563267
563268
563269
563270
563271
563272
563273
432204
432205
432206
432207
432208
432209
432210
563284
432212
563285
432213
563286
432214
563287
432215
563288
563289
432218
432219
432220
432221
432224
432225
432226
432227
432235
432236
432237
432238
432239
432240
432241
432242
432243
432244
432245
432246
432247
432248
563321
432249
563322
563323
563324
563325
563326
563327
563328
432264
432265
432279
432280
432281
432284
432285
432286
432289
432290
432291
432294
432295
432296
432297
432298
432299
432300
432301
432302
170158
432303
170159
432304
170160
432305
170161
432306
170162
432307
170163
432308
432309
170170
170171
170172
170173
432318
170174
170175
432321
432326
432329
432330
432333
432338
432351
432354
432360
301289
432362
301290
432363
432364
301292
432365
301293
432366
301294
301301
301304
301305
301306
301307
301308
301322
301323
301324
301325
301326
301327
301328
301329
301330
170271
170272
170273
170274
170275
170276
170277
170278
170279
170280
170293
170294
170295
170296
301419
301420
170539
170540
170541
170542
170543
170544
170545
170546
170547
170548
170549
432882
432883
432902
432903
432904
432907
432908
432909
432910
432911
432912
432913
432990
432995
432996
433007
433008
433009
433010
433011
433012
695157
695160
564108
695181
695184
564113
564114
564115
564116
564117
564118
170902
564119
170903
564120
170904
564121
564124
695197
564125
170911
695200
170912
170913
170914
170915
170916
170917
170918
170919
564136
564137
564140
564141
564148
564149
564150
564151
564152
564153
564154
564171
564172
170959
170960
433105
170961
433106
170962
170963
170964
170965
170966
170967
170968
170969
170970
170971
170972
170973
170974
564191
170975
564192
170976
171013
171014
171021
171022
171023
171024
171025
171026
171027
171028
171035
171036
564253
171037
564254
171038
564255
171039
564256
171040
564257
564261
564262
564263
564264
171101
171102
171105
171106
171107
171108
171111
171112
171122
171123
171149
171150
171151
171152
171153
171154
171155
171156
171160
171161
171162
171163
171173
171174
171175
171176
171177
171178
695604
695605
695618
564546
564547
564549
564550
695623
695624
564552
695625
564553
695626
564554
564555
564558
695631
564559
695632
564560
695633
564561
695634
695635
695636
564564
695637
564565
695638
564566
695639
564567
564568
564569
695647
695648
433528
433529
433538
433539
433540
433541
433542
433543
433544
433545
695691
695692
695693
695694
695695
695696
695697
695698
433554
695699
433555
695700
433556
695701
433557
695702
433558
695703
433559
695704
695705
695706
695707
695708
695709
695710
695711
433583
433584
433585
433586
433607
433608
433609
433610
433611
433612
433613
433614
433615
433616
433617
433618
433619
433620
433621
433624
564697
433625
564698
433627
433628
564701
433630
695781
695782
564712
564713
564714
564715
564718
564719
564720
564723
564724
564725
564727
564732
564734
564735
695812
695813
695814
695823
695824
695825
695826
695827
695828
695829
695830
695831
695832
695833
695834
695835
695836
695849
695850
695863
695864
695877
695878
695879
695880
695881
695882
695896
695897
171689
171690
171691
171692
695981
171695
695984
171696
695985
171697
695986
171698
171699
171700
171701
171702
171703
171704
695993
695994
695999
696000
696001
696002
696003
696004
696005
696006
696007
696008
696009
171723
171724
171725
171726
171727
171729
171730
433875
171731
171732
433883
433885
433886
171753
171754
171755
171756
171757
302831
302832
302836
302837
302838
302839
302840
171768
302841
171769
302842
171770
302843
171771
302844
302845
302846
171774
302847
171775
171776
302849
302850
302851
302852
302855
302856
302857
302858
302859
302872
302873
302874
302881
302882
302883
302884
302885
302886
433959
433960
433963
433964
433967
433968
302896
696120
302905
302906
696123
696124
696125
696126
696127
433990
433991
696136
433992
433993
433994
696139
433995
696140
433996
696141
433997
696142
433998
696143
433999
434000
434001
434002
302930
434003
302931
302932
302933
302934
434007
302935
434008
302936
434009
302937
434010
302938
434011
302939
434012
302940
434013
434014
434015
434016
434017
696190
696191
696192
696193
696194
696195
696202
696203
696205
696206
565164
565165
565166
565167
565168
303093
303094
303095
303105
303106
303107
303115
303116
303117
303125
303126
303127
303130
303131
303132
172070
172071
172072
172073
172074
303149
303150
303151
172079
172080
172081
303154
172082
303155
172083
303156
172084
172085
172086
172087
172088
172095
172096
172097
172098
172099
172100
172101
172102
303175
172103
303176
172104
303177
172105
303180
303181
303182
565333
565334
565335
565336
565337
565338
565339
565340
565349
565350
565351
565363
565364
565365
565366
565367
565369
565370
565371
565372
565374
565375
565384
565385
565386
565387
565388
303244
565389
303245
565390
303246
565391
303247
565392
303248
565401
565404
565405
303265
565410
303266
565411
565415
303271
565416
303272
565417
303273
565419
565420
565421
303277
565423
565428
565429
303285
565430
303286
565431
303287
565434
303290
565435
303291
565436
303292
565437
565439
565440
303301
303302
303303
303304
303305
303306
303308
303309
303310
303311
696554
696555
696557
696558
696560
696561
696570
696571
696573
696574
696576
696577
565552
565553
565554
565555
565556
565557
565558
565559
696640
696641
696657
696658
565613
565614
565615
565681
565682
565683
565684
565685
565686
565687
565688
565689
565690
565691
565692
565693
565694
565695
565696
565697
565698
565699
565700
565701
565702
303675
303676
303677
303683
303684
303685
303687
303688
303689
303696
303701
303702
303715
303718
303719
303720
303721
303724
303725
303726
434800
434801
434802
434803
434804
434805
434807
303735
434808
303736
434809
303737
434810
303738
434813
434814
434815
434816
434817
434818
434832
434833
434834
434835
434836
434837
434838
434839
434840
434841
434842
434843
434853
434854
434861
434864
434865
434866
434867
434868
434869
434878
434879
434880
434881
434882
434883
434884
172756
172757
172758
303831
172759
303833
303834
303835
303836
303837
303838
697058
697059
697060
697061
697062
697072
697084
697085
303881
697098
303882
697099
303883
303884
303885
303886
303893
303894
303895
303896
303897
303898
303901
303910
303911
303912
303913
303914
566059
303915
303916
303917
566070
172855
566073
697153
697154
697155
697156
697157
697158
697159
697160
172872
172873
172874
172875
566092
172876
566093
172878
566095
172879
566096
172880
172881
566098
566099
435032
435033
435034
435035
566108
435036
566109
435037
435038
566111
435039
566112
566114
566115
697198
435067
435068
435069
435070
303998
435071
303999
435072
304000
304001
435074
304002
435075
304003
435076
435077
435078
435079
435080
435081
697234
697235
697236
697237
697238
697239
697240
697241
304025
566172
697245
697246
697247
697248
697249
697250
697251
697252
697253
566181
566182
304042
304043
566189
566190
566191
566192
566193
566194
566197
566198
304056
304057
304058
304059
566205
566206
566207
566208
566209
566210
304072
304073
304074
304075
304076
304077
566229
435164
435165
173022
173023
173024
173025
173026
173027
173028
173029
173030
173031
173032
173033
435178
173034
435179
435180
435181
304109
173037
173038
697327
435183
173039
697328
435184
173040
697329
173041
697330
435186
304114
697331
435187
304115
697332
566260
173044
304117
173045
304118
173046
566263
304120
304121
304122
304123
304124
304125
697343
697344
566272
304128
697345
566273
304129
697346
697347
566275
697348
566276
566277
566278
566279
566280
566281
566282
566283
697364
697365
697366
697367
697368
697369
697370
697371
697376
697377
173090
304165
304168
304169
304170
304171
304172
304173
304175
304176
304177
304178
173107
304180
173108
304181
173109
304182
173110
304183
173111
304184
173113
173114
173115
173116
304199
304200
304201
304202
173133
173134
173135
173136
173137
173138
173139
173140
173141
173142
173143
173144
173145
173146
173147
173148
173151
173152
173153
697442
173154
697443
697444
697445
697446
697448
304232
697449
304233
697450
697451
697454
173166
697455
173167
697456
173168
697457
173169
173170
697459
173171
697460
173172
697461
173173
697462
697463
697464
173176
697465
173177
697466
697467
697468
697469
697470
697471
697472
697473
697474
697475
697476
697477
697478
697479
697480
697481
697482
697483
697484
697485
697486
697487
173208
173209
173212
173213
173214
173215
173216
173217
173218
697507
173219
697512
697513
697514
173226
697515
697517
173229
173230
173231
697520
173232
173233
697535
697536
697537
697538
697539
697540
173252
173253
697542
173254
697543
173255
697546
697547
697548
697550
697551
697552
173271
173272
566498
566499
566500
566501
566508
697581
697582
566510
697583
566511
697585
173297
697586
173298
697587
697593
697594
173306
697595
173307
173310
173311
566528
173312
566529
173313
566531
566532
566533
566540
173324
173325
173326
173327
173328
566545
173329
566546
173330
566547
173331
173332
566549
566550
566551
566552
566555
566556
566561
566562
566564
566565
566566
566567
173386
697675
173387
697676
173388
697677
173389
697678
173390
697679
697680
697681
697682
697683
697684
566624
566625
566651
566652
566653
566658
566659
566660
566661
566662
566663
566664
566667
435663
435668
435669
435676
435677
435678
435679
435680
435681
435682
435694
435695
435700
435701
435710
304810
304811
304812
304813
304814
304815
304816
304817
304818
304819
304820
304821
304825
304826
304827
304828
304829
304830
304831
304832
304833
304834
304835
304836
304837
304838
304839
304840
304841
304842
304843
304844
304845
304846
304847
698087
698089
698090
698091
698092
698094
698104
698105
698106
698107
698114
698115
698116
698117
698146
698147
698148
698149
698150
698151
304940
304945
567295
567296
567297
567300
567303
567306
436251
436252
436253
436256
436257
436258
436264
567346
567347
567349
567350
436281
436282
436283
436284
436285
567371
567372
567428
567429
567430
567431
567432
567433
567434
567436
567437
567439
567440
567441
567442
567445
174233
174234
174235
174236
174237
174238
174239
174242
174243
174244
174245
174248
174249
174250
174251
174253
174265
567492
567493
567494
567500
567501
567510
567511
567512
567513
567514
567515
567516
436455
436456
567533
567534
567535
567536
567537
567538
567539
567540
567575
567576
567577
567578
567579
567580
567581
567582
567583
567584
567585
567587
567588
567589
567590
567591
567592
567593
567594
567595
567596
567597
567598
567599
567605
567606
567607
567608
567609
567610
567611
436690
436691
436692
436693
436696
436697
436698
436699
436700
436701
436702
436703
436704
436721
436722
436723
436724
436732
436733
436734
436735
436736
436737
436738
436739
436740
305760
305761
305762
305819
305820
305821
305822
305823
305824
699049
699050
699051
305853
305854
305855
305856
699073
305857
699074
699075
305860
305861
305862
305863
305909
305910
305911
305912
305926
305927
305928
305935
305937
305938
305939
305940
437090
437091
437093
437094
437096
437097
437101
437102
437104
437105
437106
437109
437110
437111
437113
437114
437115
437128
437129
437130
437131
437142
437143
437144
437145
437156
437157
437172
437173
437188
437189
437190
437191
437192
437193
437194
437195
437215
437216
437219
437220
437221
437224
437225
437228
437229
437230
437299
437300
437301
437302
437303
175159
437304
175160
437305
175161
437306
175162
437307
175163
437308
437309
175167
437312
175168
175172
175174
175175
175176
175177
437323
437324
437325
437326
437327
437328
437329
437330
437331
437332
437333
437334
437345
437356
437361
175246
175247
175248
175249
175250
175251
175252
175259
175260
175261
175262
175264
175265
437473
437474
437475
437476
437477
437478
699628
699629
699630
437489
437490
699635
437491
437494
437495
437496
699647
699648
699661
699662
699675
699676
699677
699678
699679
699680
699686
699687
437550
437551
437560
437561
437562
437563
699715
699716
437572
699717
437573
437574
437580
437581
437582
437583
437584
437585
437586
437587
437588
437589
437598
437600
437601
437603
699754
699755
699756
437612
699757
437613
699758
699759
699760
699761
699762
699763
699764
699765
699766
699767
699768
699769
437625
699770
437626
699771
437627
699772
437628
437629
437630
568703
437631
568704
568706
568707
568708
568709
568710
568711
568717
568718
568719
568729
568730
568731
568733
568734
568736
568737
568746
568747
568748
568749
568752
568753
568754
699837
699838
568766
699839
568767
699840
699849
699850
699851
699852
699853
699854
568782
699855
568783
699868
699869
699870
699871
699872
699873
699874
699875
568828
568829
175619
175622
699912
699913
699914
568842
699915
568843
699916
699917
568845
699918
568846
699919
568847
699920
568848
699921
568849
699922
568850
699923
568851
699924
568852
699925
568853
699926
568854
699927
568855
699928
568856
699929
568857
175641
699930
175642
568860
175648
568869
568871
568872
175656
175657
568874
175658
175659
175660
175661
175662
175665
569076
569077
569079
569080
569081
569083
569084
569085
569090
307073
307074
307079
307080
307081
307083
307084
307085
307088
307089
307090
307095
307096
569267
569270
569271
569272
569273
569274
569275
569276
569277
569278
569279
569280
569307
569308
569309
569310
569311
569312
569313
569314
569315
569316
569317
569318
569321
569322
569323
569324
569325
569326
569327
569334
569339
569359
569360
569361
569362
569363
569364
569365
569366
569367
569368
569375
569376
569377
569378
569379
569380
569381
569382
569383
569384
569385
569386
569387
569388
569389
569392
569393
569394
569395
569396
569412
700537
700538
307325
307326
307327
307328
307329
307330
307331
307332
307333
307334
307335
307336
307346
700563
307347
700564
700565
700566
307350
700567
307351
307352
569497
307353
569498
569499
569500
307356
569501
307357
569502
307358
307359
307360
307361
307362
307363
307364
307365
307366
307367
700603
700604
307405
307406
307407
700624
307408
700625
307409
700626
307410
700627
307411
700628
307412
700629
307413
307414
307415
307416
307417
700634
307418
700635
307419
700636
307420
700637
307421
700638
307422
700639
307423
700640
307424
307425
307426
307427
307428
307429
700653
700654
176393
176394
176395
176396
176398
176399
176417
176418
176419
176420
176422
176423
176479
176480
176481
176482
176483
176484
176485
176486
176487
176488
176489
176490
176491
176492
176493
176496
176497
176498
176499
307600
307601
307644
307645
307646
307647
307648
307706
307707
307708
307721
307722
307723
307724
307725
307726
307727
307728
307740
307741
307742
307743
307744
307745
438871
438872
438873
438876
438877
438886
438887
438888
438891
438892
438893
438894
438895
438896
438899
438900
438901
438902
438903
438904
438907
438908
438909
438910
438911
438912
438915
438916
438917
438918
438919
176778
176779
176780
176781
176782
176783
176784
176785
176786
176787
176788
438933
176789
438934
176790
176791
176792
176793
176794
438957
438958
307913
307914
307915
307918
307919
307920
307921
307922
307923
307924
307925
307926
307927
176856
176857
176858
176859
176860
176861
176862
176863
176864
176865
176866
176867
307946
307952
307953
307954
307955
307956
307957
307958
307959
307962
307963
307964
307965
307968
307969
307970
307971
307973
307974
307975
307976
307977
176908
176909
307982
176910
307983
176911
176912
308043
176973
308046
176974
308047
176975
176976
176977
308050
176978
176979
701381
701382
701386
701387
701400
701405
701406
701407
701408
701409
701412
701413
701414
701415
701416
701418
701419
701420
701421
701430
701431
701432
701435
701436
701437
701440
701441
701442
701443
701444
701445
701446
701447
701485
701488
701501
701504
308293
308294
308295
308304
308305
308306
308307
308308
308314
308315
308317
308318
308319
308320
308322
308323
570676
570677
570680
570681
570684
570685
570686
570687
570691
570696
570697
570716
570764
570767
570768
570769
570773
570774
570775
570776
570784
570785
570786
570787
570788
570789
570790
570791
570792
570793
570794
570795
570796
570797
570825
570826
570828
570837
570839
570840
308696
570842
308698
308699
308700
308701
570851
308707
308708
570853
308720
308721
308722
308723
308725
308726
308727
308728
570873
308729
308730
308731
570876
308751
308752
308753
308754
308756
308757
308758
308759
308761
308762
308763
308795
308796
308797
308798
308799
308800
308801
308802
308814
308815
308816
308817
308818
308819
308820
308821
308822
308823
308824
308825
308826
308831
308832
308833
308834
308835
308836
308837
308838
570983
570984
308840
308841
308842
570987
308843
570988
308845
308846
570992
570993
570997
570998
570999
571000
571001
571002
571003
571004
571005
571006
571007
571008
571009
571011
571012
571014
571017
571018
308899
308900
308901
308910
308911
308912
308914
308915
308916
308917
308919
308920
702225
702226
702227
702228
702229
702230
702237
702238
702239
702240
702241
702242
702243
702244
440101
440102
702247
702248
440104
440105
440106
440107
440109
440110
440111
440122
440123
440124
440139
440140
440141
440142
440143
440144
440145
440146
571297
571298
571299
571300
571301
571302
571303
571304
571313
571314
571315
571317
571318
571320
571321
571322
571323
571326
571327
571328
571337
571338
571339
571340
571341
571342
571343
571344
309209
309210
571355
309211
571356
309212
571357
571358
571359
571366
571367
571368
571369
571370
571371
571372
571373
571374
702526
702527
702528
702577
702578
702579
702580
702581
702582
702583
702584
702585
702586
702597
702598
702599
702600
702601
702602
702604
702605
702610
702611
702612
702613
702626
702627
702628
702629
702630
702635
702636
702637
702638
702646
702648
702649
702650
702651
702653
702654
702708
702709
702710
702711
702712
702713
702715
702718
702733
702734
702735
702736
702737
702738
702741
702742
702747
702766
702785
702788
440709
440710
440711
440712
440713
440714
440715
440716
440717
440718
440731
440732
440733
440734
440735
440736
440737
440738
440739
440740
440741
440742
440743
440744
440746
440747
440751
440752
440756
440757
440758
440759
440760
440761
440762
440763
440764
440765
440766
440789
440790
440791
440792
440793
440794
440795
440797
440798
440801
440802
178677
178678
178679
178680
178683
178684
178685
178686
178707
178708
178721
178722
440880
440886
440887
440889
440890
440891
178756
440901
178757
440902
440903
440904
440905
440906
440907
440908
178764
440909
178765
440910
178766
440911
178767
440912
178768
440913
178769
440914
178772
703061
178773
703066
178780
178781
178782
178783
178784
178785
440933
178790
178791
440936
440937
440938
440939
440940
440941
440942
440943
440944
440945
440946
440947
440948
440949
178805
440950
178806
440953
703100
178820
178821
178828
440973
178829
440974
178830
178831
178832
178833
440978
440979
440980
178836
440981
178837
440982
440983
440984
440985
440986
440987
178844
178845
178846
178847
178848
178849
440994
440995
440996
440997
440998
178854
178855
178869
178870
441024
441027
441036
441037
441039
441040
441041
441042
178911
178914
703208
703209
178925
441072
178929
703218
178930
703219
178931
703220
703221
703222
441078
703223
703224
441082
703228
703229
441087
441090
441091
572168
572169
572170
572171
703244
703245
572173
572174
572175
572176
441104
572177
572178
703251
572179
441107
703252
703253
703254
703255
703256
572184
703257
703258
703259
572198
703272
703273
572201
703274
572202
703275
572203
572204
441132
572205
441135
441138
441141
703286
572216
572217
572218
703291
572219
572220
572221
703294
572222
572223
572224
703299
179013
703302
703303
703304
703305
703306
179018
179019
703309
703311
703312
703314
703315
703316
179028
703317
179029
179030
703319
703320
703321
703322
703324
703325
441181
703326
441182
703327
441183
441184
441185
703330
441188
703333
441189
703334
703335
441191
703336
441192
703337
703338
441194
703339
441195
703340
441196
703341
703342
703345
572273
703346
572274
703347
703348
703350
703351
441207
703352
441208
703353
572281
441209
572282
441210
572283
572284
572285
572286
572289
572290
572297
572298
572299
572300
572301
572302
572384
572385
441323
572396
441324
572397
572398
572399
572400
441328
572401
441329
572412
572413
572414
572415
572416
572417
572418
572419
441405
441406
441409
441410
441411
441420
441421
441422
179279
179280
441425
179281
441426
179282
441427
441428
179284
179285
179286
179287
179288
179289
179292
179293
179294
179295
179297
179298
179299
179300
179302
179303
179304
179305
179307
179308
179315
179329
179330
179331
179332
179333
179334
179335
179336
703636
703637
703638
703639
703641
703642
703643
703644
703646
310621
310622
310627
310632
310633
703852
310640
179568
703857
310641
179569
310642
310643
310644
310645
310646
310649
310650
310651
703868
703870
703871
703874
703875
703876
703877
703878
703879
703898
703900
703901
703902
703903
703909
441830
441831
441832
441833
441834
441835
441836
441837
441838
441839
441840
441852
441853
441854
441863
441864
441865
441866
441867
441868
441877
441878
441879
441880
441881
441882
441883
441884
441885
441886
441887
441890
441891
441892
441893
704052
704053
704058
704059
310862
310863
310864
310865
310866
310870
310871
310872
310873
310874
310875
310876
310877
310890
310895
310896
310897
310898
310899
310902
310903
310913
310914
310915
442052
442055
442056
442057
442058
442059
442060
442061
442062
442063
442064
442065
442066
442067
442086
442087
442088
442089
442090
442091
442092
442093
442094
442095
442098
442099
442107
442108
442119
442120
442121
442122
442123
442124
442125
442126
442127
442128
442129
442130
442131
442132
442133
442136
442137
442149
442150
442151
442152
442153
442155
442156
442157
442158
442161
442162
442171
442172
442181
442182
442183
442184
442192
442193
442195
442196
442197
442198
442201
442202
442203
442206
442207
442208
442209
442210
442211
442212
311168
311169
311170
311171
311172
311173
311174
311175
311176
311177
311178
311179
311180
311181
311182
311183
311184
311185
311186
311187
311188
180142
180143
180144
180145
442290
180146
442291
442292
180149
180150
180151
180152
180153
180166
180167
180171
180172
180173
180174
180175
180176
180177
180178
180184
180185
311268
311269
311280
311281
311282
311283
311286
311287
311288
311295
311296
311297
311298
311299
311300
311301
311312
311313
311314
311315
311318
311319
311320
311327
311328
311329
311330
311331
180295
311368
180296
311369
311370
311384
311385
311386
311387
311391
311392
311393
311395
311396
311397
311398
311399
311408
311409
311410
311411
311412
311413
311414
311415
180381
180382
180459
180460
180461
180462
180463
180464
180465
180466
180467
180468
180469
180470
180471
180472
180473
180474
180475
180478
180479
180480
180481
180482
180500
180501
180502
180503
180505
180506
180507
180508
180509
180510
180511
180512
180513
180514
180515
180516
180519
573768
573769
573770
573771
573772
573773
573792
573793
573796
573797
573805
573808
573809
573810
573811
573812
573813
573814
573815
573816
573817
311705
311706
311707
311708
311711
311712
311713
311714
180683
180684
180685
180686
180688
180689
180690
180691
180694
180695
180696
180697
311837
311838
311839
311840
311841
311842
311843
311844
311845
311846
311868
311869
311870
311871
311877
311878
311881
311882
311883
311884
311885
311886
311887
311888
311889
311890
49840
49841
49843
49844
49847
574169
574170
574173
574174
574175
574176
574177
574301
574302
574303
574308
574313
574314
574315
574316
574317
574319
574320
574321
574322
574325
574326
574327
574328
574336
574337
443287
443290
443303
443306
443335
443336
443338
443339
443341
443342
443343
443344
443351
443354
443355
443356
443357
443358
443365
443368
443369
443370
443371
443372
50213
50214
50219
50220
50221
50222
50224
50225
50226
50227
50228
50230
50231
50232
50233
50241
50242
312679
312682
312702
312704
312727
312728
312729
312730
312731
312732
312733
312734
312735
312736
312751
312752
312755
312756
312757
312758
312759
312760
312761
312762
312763
312764
312765
312778
312779
312780
312781
312782
312783
312784
312785
312786
312790
312791
312792
312793
312794
312795
312796
312797
574944
574945
574958
574959
574960
574961
574974
574975
574976
574977
574978
574979
574989
574990
574991
574993
574994
574996
574997
574998
312855
312856
575001
575002
575003
575004
312869
312870
312871
312872
312873
312874
312894
312897
443975
443976
443977
443978
443979
443980
575053
575054
575055
575058
575059
443987
575060
443988
443989
443990
443991
443992
443993
443994
443995
443996
575069
443997
575070
443998
575071
575074
575075
575076
575117
575118
575119
444049
575122
444050
575123
575124
444053
444054
575131
575132
575133
575136
444065
444066
444069
444070
575145
575147
575148
575150
575151
575153
444081
575154
444082
575155
444085
575158
444086
575161
575165
575166
575168
575169
575170
444098
444099
182009
182010
182011
182012
182013
182014
182015
182048
182049
182050
182051
182052
182053
182063
182068
182069
182070
182071
182072
182073
182074
182077
182078
182079
182080
182081
182082
182083
444240
444241
182097
182098
444243
444244
444246
444247
182103
182108
182109
182116
182117
182118
182119
182120
182121
182122
182125
182126
182127
444326
444327
444329
444330
444332
444333
444342
444343
444379
444380
444381
444382
444383
444386
444387
444388
444389
444396
444399
444400
444401
444408
444413
575486
444414
444415
444416
575489
444417
444420
444421
444422
444423
575500
575501
182308
182309
182310
182311
182312
182313
182314
182315
182319
182320
182321
313395
313396
313397
313398
313399
313400
182328
575545
313401
182329
575546
313402
313403
575548
575549
575550
575551
575554
575555
575556
575557
313414
575559
182343
575560
182344
313417
313418
313419
182347
313420
182348
313421
182349
313422
182352
182353
182354
182356
575573
182357
575574
182358
182359
575576
575577
575578
575579
313437
313438
313439
313440
313441
313442
313445
313446
575591
575592
575593
313449
575594
313450
575595
575596
575597
313453
575598
313454
182382
575599
313455
182383
575600
575601
575602
182386
575603
575604
575605
182389
182390
182391
575608
575609
575610
444538
575611
575612
182396
575613
444541
575614
444542
575615
444543
575616
575617
182401
575618
182402
575619
575620
575621
313477
313478
313479
575624
313480
575625
182409
575626
182410
575627
182411
575628
182412
575629
182413
575630
182414
575631
182415
575632
575633
575634
182418
575635
313491
182419
313492
182420
575638
575639
575640
575641
575642
575643
575644
313500
575645
313501
575646
313502
575647
575648
575649
313505
575652
575653
575654
575655
575702
575705
575706
575709
575745
575746
313650
313655
313656
313657
313658
313659
313660
313665
313666
313668
313669
313670
313671
313672
313673
313697
313698
313699
313700
313701
313702
313703
313704
313705
313706
313707
444827
444828
444829
444830
444831
444832
444842
444843
444844
444845
444846
444847
444848
444849
444850
444851
444852
444853
444854
444855
444858
444859
444860
444861
444862
444891
444892
444893
313826
313827
313828
182756
313829
182757
313830
313831
313832
313833
313834
313835
313840
313841
444914
313842
313843
313844
444917
313845
313846
313847
313848
313849
313850
182782
182783
182784
182785
182786
445017
445018
445021
445022
445023
445024
445025
445027
445028
445029
445030
445032
445033
445035
445036
445037
445038
445040
445041
445042
445043
445044
576118
576121
576122
445053
445055
576128
445056
576129
576130
445058
576131
445059
576132
576133
445061
576134
445062
576135
576136
445064
576140
576141
576142
576143
707222
576151
445093
445094
445095
445096
445097
445098
707243
314027
314028
314029
314030
314031
707248
576176
314032
576177
314033
314034
314035
314036
576182
576183
576188
576189
576190
445118
576191
445119
445120
445121
445122
445123
314051
445124
314052
314053
707270
314054
707271
314055
707272
314056
707273
314057
314058
314059
314060
314061
576206
576207
445136
445137
445138
445139
445140
576213
445141
576214
576215
445144
445145
445146
707297
707298
707299
576228
576229
183013
576230
183014
576231
183015
576232
576233
445161
576234
445162
445163
445164
576237
445165
576238
445166
183022
576239
183023
576240
183024
576241
576242
576243
576244
576245
576246
576247
576248
576249
576250
576251
576256
576258
183042
576259
183043
183044
183045
183048
183049
183050
183051
707349
707350
707351
707352
707353
707354
707355
707356
707357
707358
183070
707359
183071
707360
183072
183073
314147
314148
314150
314151
314154
314155
707376
707378
707379
707380
707381
707383
707384
707385
707386
707387
707388
707389
576327
576328
576329
576330
576331
707404
576332
707405
576333
707406
576334
707407
576335
707408
576336
707409
576337
707410
576338
707411
707412
707413
707416
707417
707435
707436
707437
707438
707439
707440
576396
576397
576398
576399
576400
576401
576402
576403
52144
52145
314459
314460
576642
314498
576643
314499
576644
576645
576646
576647
576648
576649
576650
576651
576652
314508
576653
314509
576654
314510
576655
314511
576656
314512
314522
314523
314525
314526
576701
576702
314559
314560
314562
314563
314564
314566
576711
314567
314568
314569
183497
183498
183499
183500
183501
183502
183503
183504
183571
183572
183576
183577
183578
183579
183580
183581
183582
183583
183584
183585
183607
183608
576856
576859
576868
576869
576870
445804
445807
576890
576891
576892
576893
576894
576895
576897
445836
445837
183697
576914
183698
576915
576916
183700
576917
183701
576918
183702
183703
576920
576921
576922
183706
576923
445851
183707
576924
445852
183708
576925
445853
183709
576926
445854
183710
576927
445855
183711
445856
445857
445858
183714
183715
183716
183718
445863
183719
445864
183721
183722
183723
183724
183725
183726
183727
183730
183731
183732
183734
183735
183737
183738
183739
183740
183741
183742
183743
576960
576961
576962
576963
576964
576965
576967
576968
576969
183753
576970
576971
576972
576973
183758
183759
183792
183793
183794
183795
183796
183797
183798
314873
183801
314874
183802
314875
314876
314877
708097
708098
708101
314886
314887
314888
314892
183830
183831
183832
183833
183834
183835
183836
183837
577089
577106
577107
577108
577109
577110
577112
577113
577114
577115
577116
577117
577118
577119
577136
577137
577138
577139
577140
577141
577142
577143
577144
577147
577148
577149
577150
577151
577168
577169
577170
577171
577172
577173
577174
577175
577176
577179
577180
577181
577182
577183
577200
577201
577202
577203
577204
577205
577206
577207
577208
577211
577212
577213
577214
577215
577216
577217
577218
577219
577220
577221
577222
577435
577436
577446
577447
577450
577451
577452
577453
577456
577457
577458
577459
577460
577461
446436
446437
446438
446439
446440
446441
446442
446443
446444
446445
446459
446460
446461
446462
446465
446466
446467
446468
184365
184368
184373
184374
184382
577599
184383
577600
184384
184386
184387
184389
184390
184391
184392
577609
577610
577611
184395
577612
184396
577613
184397
577614
577615
577616
577625
577626
577627
577628
577629
577630
446565
446566
184422
446567
446568
446569
446570
446571
184427
184428
184429
184430
184431
184434
184435
446580
446581
446582
446583
446584
446585
446586
446587
446588
446589
446590
446591
577666
446596
446597
577671
577672
577673
577674
446602
577675
577676
577677
577678
577679
446607
446608
446609
446610
446613
446614
446615
446618
446636
446641
184498
184499
446645
446647
446648
446655
446656
184512
184513
446658
446659
446661
446662
446669
446670
446672
184530
184531
446676
446681
446684
446685
446694
446695
446696
446697
577770
446698
577771
446699
446700
446704
446705
446720
446721
446735
446736
446737
446738
446739
446740
446752
446753
184611
184612
184613
184614
184615
184616
184617
184618
184619
184620
184625
184626
184627
184628
184629
184630
184631
184632
184639
184640
184641
184642
184643
184644
184653
184654
184655
184656
184657
184658
184659
184660
184661
184662
184663
184664
184665
708954
708955
708956
708957
708958
708959
708960
708961
708962
708963
708964
184676
708965
184677
184678
184679
184680
184681
184682
184683
184697
184698
184699
184700
184701
184702
184703
577920
184704
577923
577924
577927
577928
577929
577938
577939
577944
577945
577946
577947
577948
577949
577950
577951
577952
577953
577954
709033
709035
709036
709037
709038
709040
709041
709042
709043
709044
709045
709046
709057
709059
709060
709061
709062
709064
709065
709066
709067
709068
709069
709070
578003
578004
709093
709204
709205
709206
709207
709208
709209
709210
709215
709216
709217
709218
709219
709220
709221
709222
709223
709246
709247
709248
709263
709264
709265
709266
709267
709268
709269
709270
709271
709272
709273
709274
709277
709278
578387
578388
578389
578390
578393
578394
578395
578396
578397
578398
578399
578400
578401
578402
578403
578404
578405
578406
578407
578408
578409
578410
578425
578426
578427
578428
578429
578430
578431
578432
578433
578434
578435
709546
709549
709550
709551
709553
709558
709571
709574
447437
447438
447439
447440
447441
447442
447443
447444
709589
447445
709590
447446
709591
709592
709593
447449
709594
709595
447452
447453
709608
709609
709611
709612
709613
709614
709615
709616
709617
709618
447474
709619
447475
709620
447476
447477
447478
447479
447480
447481
447482
447483
447485
447496
447499
447510
447512
447513
447514
447515
447516
447517
447518
447519
447520
447521
447522
447523
447524
447525
447526
447527
447528
447529
447530
447531
447532
447533
447534
447535
447536
447537
447538
447539
447540
447541
447542
447565
447568
578681
578682
578684
578685
578687
578688
578690
578691
578693
578694
578695
447658
447659
447660
447661
447662
447663
447664
447665
447666
447667
447668
447669
578997
578998
579000
579001
579036
579037
579038
579039
579054
579059
579061
579062
579063
579064
579065
579066
579067
579068
579069
579070
579071
579072
579073
579074
579075
579076
579077
579078
579079
579080
579081
579082
579083
579084
579085
579086
579087
579088
579089
579092
579096
579097
448108
448112
448114
448115
448117
448118
448119
448120
448122
448123
448125
448126
448127
448128
448129
448130
448133
448144
448145
448146
448147
448148
448149
448150
448151
448152
448153
448154
448155
448156
448157
448158
448159
448160
448161
448162
448163
448164
448165
448166
448167
448168
448169
448170
448171
448172
448173
448174
448175
448185
448186
448188
448189
448190
448191
448208
448210
448211
448212
448214
448215
448217
448218
448219
448220
448221
448223
448224
448225
448227
448230
448232
448233
448234
448241
448246
448247
448248
448253
448254
448259
448260
448261
448263
448264
448265
448266
448267
448268
186126
186131
186132
186133
186134
186135
186136
710456
710457
710458
710459
710460
710461
710462
710463
186190
186191
186192
186193
448338
186194
448339
448340
448341
448342
448343
186199
448344
186200
448345
186201
448346
186202
448347
186203
186204
186205
448350
186206
448351
186207
448352
186208
448353
448354
448355
448356
448357
186213
448358
448359
186215
448360
186216
448361
448364
448365
448366
448367
448368
448369
448370
448371
448372
448373
186235
186236
186237
186238
448383
186239
448384
448385
186241
448386
186242
448387
448388
448389
448390
448391
186247
448392
448393
448394
448395
448396
186258
186259
186260
186261
186262
186264
186265
186266
186291
186297
186298
186299
186300
579517
579518
186305
579524
579529
579530
579531
186316
186317
579534
186318
579535
579536
579537
186321
579538
186322
579539
186323
186324
186325
579542
186326
579543
579544
186329
186330
186331
579551
579552
579553
579555
579556
579557
579558
186342
55271
579560
55272
579561
55273
579562
186347
186348
55276
186349
186350
186351
55279
55280
186354
186355
186367
186368
186369
55297
186370
55298
55303
55304
55306
55307
55308
55309
55310
55312
55313
55320
55321
55323
55324
55326
55327
55329
55336
55337
55338
55345
55346
55347
55350
55351
55352
55353
55368
55371
55372
55387
55388
55389
55390
55391
55392
55393
55395
55410
55411
579703
579704
55429
55430
55431
55432
55435
55436
55437
55439
55444
55445
55446
55448
55453
55454
55455
448696
448697
317688
317689
317690
317691
317692
317693
317694
317697
317698
317699
317700
317703
317704
317705
317706
317707
317708
317709
317710
317711
317712
317731
317732
317733
317734
317735
317736
317737
317740
317741
317742
317743
317744
317745
317746
317747
317748
317749
317750
317751
448846
448847
448850
448851
448852
448853
448854
448855
448856
448857
448858
448859
448860
448861
448862
579944
579957
579958
317822
317827
317854
317855
317856
317857
580003
580004
317860
317861
317862
317863
317864
317865
317866
317867
317868
448941
317869
448942
317870
317871
317873
317874
317875
317876
317877
317878
580023
448953
448954
580032
580035
448973
448974
448975
580048
580049
580050
580051
580052
580053
448988
448991
448993
448994
448995
448996
448997
448998
449000
449001
580074
580075
580076
580077
580078
580079
449007
580080
449008
580081
449009
580082
449010
580083
449011
317940
317941
580086
317942
580087
317943
580088
317944
580089
317945
317946
580092
580093
580094
317950
317951
317956
317957
317974
317975
317976
317977
317981
317982
317983
317986
317987
317988
317989
317990
317991
317992
317993
318016
318021
318032
318033
318035
318036
318037
318038
318040
318041
318042
318043
318045
318046
318048
318053
318082
318085
318094
318099
318157
318158
318159
318160
318161
318162
318163
318164
318165
318166
318167
318168
318169
318170
318171
318172
318173
318174
318175
318176
318177
318178
318179
318180
318181
318182
318183
318185
318186
318187
318188
318189
318190
318191
318192
318193
318194
318195
318196
318197
318198
318201
318202
318203
318204
318205
318206
318207
318208
318209
318210
318211
318212
318213
318214
318215
318216
580374
580375
580376
580377
318233
580378
318234
580379
580380
580381
318237
580382
318238
580383
318239
580384
318240
580385
318241
580386
318242
580387
318243
318244
318258
318259
318260
318263
318264
318265
318266
318267
318268
187196
318269
187197
318270
187198
318271
187199
187200
187201
187202
187203
187204
187205
711494
187206
711495
711496
711497
711498
711499
187211
711500
187212
187213
187214
711503
187215
711504
318288
711505
318289
711506
318290
318293
318294
318295
318296
318297
318298
711515
318299
711516
318300
711517
318301
711518
580449
580450
580451
580452
580455
580456
580457
318325
318326
580472
580473
318329
580474
318330
580475
318331
580476
318332
580477
580480
580481
580482
187286
711576
711577
711592
711593
711606
711607
711609
711610
711611
711612
711615
711616
711617
711618
711619
711620
318405
318406
318407
711626
711631
711632
711633
711634
711637
711638
711639
711640
711641
711642
711643
711644
711645
711646
711647
187369
187370
711661
711662
711663
711668
711669
711670
711671
711676
711677
711678
711681
711682
711683
580627
580628
580629
580630
580631
580632
580633
580634
711707
580635
711708
580636
580637
580639
580640
711717
711718
580651
580652
711736
580667
580668
580669
580670
580671
580672
580673
580674
580675
580676
580677
580678
580679
580680
711833
711834
711835
580851
580852
187726
187727
187728
187729
187731
187732
187733
187734
187736
580955
580956
580957
580958
580959
580960
580961
580962
580963
187747
580964
187748
187749
187750
187751
187752
187753
187754
187755
187757
187758
187760
187761
187762
187763
187764
187765
187766
187767
56700
56701
56705
56706
56711
187789
56720
56722
56723
56724
56725
56726
56736
56743
56745
56746
56747
56749
56750
56751
56752
187826
187827
187828
187829
187830
56764
56765
56766
187839
187840
56768
187841
56769
187842
56770
187843
56771
187844
56773
56774
56775
56776
56779
56792
56793
187908
187909
187910
187911
187912
187966
187967
187968
187972
187973
187974
187975
187983
187984
187987
187988
187989
187990
187991
187992
187995
187996
188009
188010
188011
188012
188013
188014
188019
188020
188022
188023
188027
188038
188041
319141
319142
319143
319144
319145
319146
319147
319148
319149
319150
319151
319152
319153
319154
319155
319156
319157
319158
319159
188117
188118
188121
319205
319207
319208
319209
319210
319211
319212
319213
319214
319215
319216
319217
319219
319220
319222
581398
581399
581400
581401
581402
581403
581404
581405
581406
581407
581408
581409
581410
581411
188200
188201
188202
188203
188204
188205
188206
188207
188208
188209
188210
188211
188212
188213
581430
188214
581431
581432
581433
581434
581435
581436
581437
581438
581439
581440
581441
188253
188254
188255
188256
188257
188258
188259
188260
581484
581485
188269
581486
188270
581487
188271
581488
188272
188273
188274
188275
188276
188286
188287
188298
188312
188313
712615
712616
712618
712619
712620
712621
57266
57267
712628
712629
712630
712631
712636
712637
57280
57287
57288
57289
57290
57291
57292
57293
57295
57296
57297
57298
712660
57300
712661
57301
57302
57303
712673
57315
712676
57316
57327
57328
57330
712691
57331
712692
57340
57341
57342
712708
712709
712710
712711
712712
712713
712714
712715
712716
712717
57357
712718
57358
57359
712720
57360
712721
57361
712722
57362
712731
712732
57373
57374
57379
712740
57380
712741
57381
712742
57382
712743
57383
57386
57387
57388
57389
57390
57391
188464
57392
188465
188466
57406
57407
57410
57411
57412
57413
57456
57457
57469
57470
57471
57472
57487
57488
57489
57490
57492
57493
57494
57495
57497
57498
57500
57501
57502
57503
57505
57506
57507
57520
57521
57522
57523
57524
57525
57526
57527
57530
57531
57532
57533
57534
57535
57536
57537
57548
712909
57549
712910
57550
57551
712912
57552
712913
319697
57553
712914
319698
57554
712915
319699
712917
319702
57558
319707
319708
319709
188637
188638
319711
188639
712928
319712
188640
319713
188641
319714
188642
188643
188644
188645
188646
712935
319719
188647
712936
319720
712937
712938
319722
712939
319723
712940
319724
319725
57581
712942
188654
57582
319727
188655
319728
188657
319730
188658
319731
712948
319732
188660
712949
319733
188661
57589
712950
57590
712951
57591
712952
57592
712953
712954
188674
188675
712966
712968
712969
188681
712970
188682
712971
188683
188684
188685
188686
188687
188688
188689
188690
188691
188692
188693
57624
57625
57626
57627
57628
713004
188716
188717
188718
188719
188720
188721
188722
57658
57659
188739
188740
57668
57669
57670
57671
57672
188747
57675
57687
188760
57688
188761
57689
57690
57691
713052
57692
57693
188766
57694
188767
57695
188768
57696
188769
188774
57702
188775
188776
57704
713065
188777
57705
713066
188778
188779
188780
713069
188781
713070
713071
713072
713073
188787
188788
188789
713082
713083
713084
713085
713086
713087
450959
450960
450962
450963
450964
450965
450967
188826
188841
188842
188843
188846
188847
188862
188863
57811
57813
57814
57815
57816
57817
57818
57821
57822
57823
713184
57824
713185
713186
713187
57827
713188
57828
713189
57829
57830
57831
57832
57833
57834
57835
57836
57837
57838
57839
57840
57842
713203
57843
713204
57844
713205
57845
713206
57846
713207
57847
713208
57848
57849
713210
57850
713211
57851
713212
57852
713213
57853
57856
57857
57858
57859
57860
57861
57862
57865
57866
57867
57868
57871
57872
57873
57874
57875
57876
57877
57878
57881
57882
582171
57883
582172
57884
582173
582174
582175
57887
582176
582177
582178
713251
582179
713252
713253
713254
57894
713255
57895
713256
57896
713257
57897
713258
57898
713259
713260
582190
582191
582192
582193
57914
57917
713280
713281
713282
713283
713284
713285
57926
57931
582222
57934
582223
582224
582225
57939
57942
57943
582238
582239
582240
582247
582248
58004
58005
58007
58008
713369
713370
713373
713374
58018
58019
58021
58022
58023
58024
58026
58027
58028
58029
713391
713392
58032
713394
713395
58035
713396
58036
713397
58037
713399
713400
713402
713403
713404
713405
713419
713420
713421
713422
713435
713436
713437
582366
582367
713440
582369
582370
713443
582371
713444
582372
713445
582373
713446
582374
713447
582375
713448
582376
713449
582377
713450
582378
713451
713464
713465
713466
713478
713479
713526
713527
713528
713529
713530
713531
713532
713542
713543
713552
713553
713554
713555
713556
713557
320344
320345
713567
713574
713576
713577
320362
320363
320364
320365
320366
320367
713586
713587
582515
582517
582518
582528
582529
582530
582531
582532
582533
320389
582534
320390
582535
582538
582539
582540
582541
582544
582551
582552
582553
451622
451623
451625
451626
451628
451629
451636
451637
451639
451640
451642
451643
451650
451651
451653
451654
713806
713807
713808
713809
713810
713811
713812
713817
713818
713819
713820
713821
713822
713823
713839
713841
713842
713843
713844
713846
451703
451704
451705
451707
713855
713856
451759
451760
451761
451762
451763
451764
451765
451770
320698
451771
320699
451772
451773
451774
320702
320703
320704
320705
451783
451784
451785
451786
320715
451788
451789
320717
451790
320718
451791
320720
320721
320722
451798
451801
451802
451803
451810
320738
451811
320739
451813
451814
451815
320743
451816
320744
320745
451818
320746
451819
320747
320748
713974
713975
320760
320761
320775
320776
320778
320779
320780
320781
320783
320784
320785
320786
320788
320789
320791
189721
189722
320795
320796
189724
320797
189725
320798
189726
189727
320800
320801
320817
189747
189748
189750
189751
189752
189753
189785
189786
189788
189789
189790
189791
714119
714120
714122
714123
714124
714125
714168
714169
714170
714171
714181
714182
714183
714184
714185
714186
714187
714188
714190
714191
714193
714194
714196
714197
714199
714200
714202
714203
714205
714206
714208
714254
714255
714262
714263
714264
714265
714266
714267
714268
714269
714270
190003
190004
190021
190026
190027
190028
190029
190030
714343
714346
714347
714348
714359
714360
714364
714365
714366
714367
714368
714369
714376
714377
714378
714379
714380
714381
714382
714383
714384
714385
714387
714388
714599
714600
714601
714602
714603
714604
714611
714612
714616
583544
714617
583545
714618
714619
583547
714620
583548
714621
714622
714623
583551
583552
583553
583558
583559
583560
583562
583563
583565
583566
583568
583569
583574
583575
583577
583578
714658
714663
714664
714665
714666
714667
714668
714673
714674
714675
714676
714677
714678
714679
714680
714681
714682
714683
583635
583636
583637
583638
583639
583640
583643
583644
583645
583646
583655
583656
59378
59379
59380
59381
59383
59384
59404
59405
59406
59407
59410
59411
59413
59414
59415
59416
59418
59419
59420
59433
59434
59435
59436
59437
583730
583731
583732
583733
583735
59447
583736
59448
583737
583738
583740
583741
583743
583744
583749
583750
59477
59480
59481
59483
59484
59485
59486
59488
59492
583781
59493
583782
583783
59495
583784
59496
583785
59497
583786
59498
59501
583804
59518
59519
59520
59627
59628
59629
59630
59631
59702
59703
59704
59705
59706
59707
59708
59709
59710
59711
59716
59717
59718
59725
59729
59730
59731
59732
59734
59735
59736
59737
59738
59739
59740
59747
59750
59751
59752
59753
59754
59755
59756
59757
59758
59759
59764
59765
59766
59767
59768
59796
59797
190912
190913
190914
190916
190917
190918
190919
190921
190922
190924
190925
190929
190930
190942
190943
190963
190964
190965
190966
190967
190968
191043
191044
191045
191046
191047
191048
191049
191050
191051
191053
191054
191056
191057
191065
191066
191067
191068
191070
191071
191072
191073
191074
715379
715380
715381
715382
715383
715384
715385
715386
715387
715388
715389
715390
715391
715396
715397
715398
715399
715400
715401
715402
715403
715404
715405
715406
715407
715412
715413
715414
715421
715422
715423
715424
715425
191146
191147
191148
191153
191154
191155
191157
191158
191163
191182
191184
191185
191186
191187
191188
191193
715493
715494
191207
191210
191211
191212
715507
715508
715509
715510
715511
715572
715573
715574
715575
715576
715577
715578
715579
715580
715581
715582
715583
715586
715597
715599
715600
715601
715602
715611
715612
715614
715615
715617
715618
715625
715626
715628
715629
60341
60342
60343
60344
60345
60346
715718
715719
715720
715721
715722
715723
715724
715725
715726
715727
715728
715729
715730
715731
715732
715735
715736
60446
715816
715817
715818
715822
715823
715825
715826
60466
60467
715828
60468
60469
60470
60471
60472
60473
715834
60474
60475
60476
60477
715839
715842
715847
715850
715851
715852
715853
715854
715888
715889
715890
191611
191612
191621
191622
191623
191624
191627
191628
191629
191630
191639
191640
191648
191649
191650
191652
191653
191654
191655
191658
191659
191660
191662
191663
191668
584939
584942
584943
584944
584945
584946
323001
323002
323003
323004
323005
323006
323007
323008
323009
323010
323011
323012
323013
323014
323015
323020
323021
323022
323023
323024
323025
323026
323027
323028
323029
323030
323043
323044
323045
323046
323048
323049
323050
323051
323052
323053
323054
323055
323090
323091
323096
323097
323098
323099
323100
60956
323101
60957
323102
192030
60958
323103
192031
60959
323104
192032
60960
323105
192033
60961
323106
192034
60962
323107
60963
60964
60965
323110
323111
323112
192042
192043
323116
323117
323123
323124
323125
323126
323127
323128
585279
585280
585282
323140
192068
323141
192069
323142
323143
192075
192076
192077
192078
192080
192081
192082
192083
192084
192085
192088
192089
716381
716382
716383
716384
716385
716386
323171
323172
323173
323175
192103
323176
192104
323177
192105
716394
323178
716395
323180
585325
323181
716399
585327
716400
716401
716402
192114
716403
192115
716404
716405
192117
716406
192118
716407
192119
716408
192120
192121
192122
192123
716412
716413
716420
192132
716421
192135
192136
716429
716430
716431
716432
716433
716434
716435
716436
323220
323221
585374
585375
585376
454306
454307
454308
454309
454310
716455
454311
716456
716457
716458
454321
454322
454323
454327
454328
454329
454330
454331
585415
585416
585417
585418
585419
61131
585420
61132
585421
61133
585422
61134
585423
61135
585424
61136
585425
61137
585426
61138
585427
61139
585428
61140
585429
61141
585430
61142
585431
61143
585432
585433
61145
585434
61146
585435
61147
585436
585437
61150
61153
61156
454378
454379
454380
454381
454382
454383
454384
454385
454386
454387
454388
323316
454389
323317
454390
323318
454391
323319
454392
323320
323321
585467
585468
585469
585470
323326
585471
323327
585472
585473
323340
323343
323344
323345
323346
323347
323349
323350
323353
323354
323355
323356
323359
323362
323365
454465
454466
454467
454468
323396
454469
323397
454472
454473
454474
454477
323405
454478
323406
454479
323407
585552
454480
323408
585553
454481
323409
454482
323410
454483
323411
585556
454484
323412
585557
454485
323413
585558
454486
323414
585559
454487
323415
323416
585561
454489
323417
585562
454490
323418
585563
585564
454500
585580
585581
585582
585583
585584
585585
585586
585587
585595
585596
585597
585600
585601
585602
585603
585604
585605
585606
585633
585634
585635
585636
585637
585638
585639
585640
585641
585644
454572
585645
454573
323502
323503
323504
323505
323506
323507
323508
323509
323510
585662
585663
585664
585665
585666
323536
323537
323538
323539
323540
323541
323551
323552
323553
323554
323556
323557
323558
323559
323560
323561
323562
323563
323564
323581
323583
323584
323585
323586
323588
323589
323590
323591
323592
323593
323594
323595
323596
323621
323622
323623
323624
323625
323626
323627
323628
323629
323630
323631
323632
323633
323634
323635
323636
323658
323659
323660
323661
323662
323663
323664
323665
323672
323673
323674
323675
323676
323677
323678
323679
585831
585836
585847
585849
585947
585948
585949
585950
585958
585959
585967
585968
585969
585970
585971
585972
585973
585982
585983
585984
585985
585986
585987
585988
585989
585990
585991
585992
585993
586002
586003
586004
586005
586006
586007
586008
586009
586010
586011
586019
586020
586159
586160
586161
586162
586164
586165
324023
324024
324026
324031
324033
324034
324037
324038
324040
61899
586188
61900
586189
324045
61901
61902
324047
61903
586192
324048
61904
586193
61905
586194
61906
586197
61909
586198
586199
586200
324058
61914
61917
61918
324063
324064
61920
324065
61921
324066
61922
586211
324067
61923
586212
586213
61925
586214
324070
61926
324071
61927
61928
586217
61929
586218
61930
586219
61931
586220
61932
586221
61933
586222
61934
61936
586225
61937
586226
61938
586227
324083
61939
586228
324084
61940
586229
61941
586230
586233
324089
586234
586235
586236
586237
586239
586240
586242
586243
586244
586247
586248
324104
586249
324105
324106
324107
324108
324109
586265
586268
586269
586270
586271
586272
586273
586274
586275
324145
324146
586293
193077
586294
193078
324151
193079
586296
324152
586297
324153
324154
193082
586299
324155
193083
324156
324157
193085
324158
193086
324159
324160
324161
193089
324162
324167
324168
193096
324169
193097
324170
193098
324171
193099
324172
193100
324173
193103
193112
193113
324188
193116
324189
193117
193118
193119
586340
586342
586343
324200
586345
324201
324202
324203
324204
324205
324206
324207
324208
324209
324210
324211
324215
324216
324231
586378
586380
324236
586381
324237
586383
324246
324247
324248
324251
324252
324253
324254
324261
324262
324263
324269
324274
324275
324288
455373
455374
455375
455376
455377
324313
324314
324315
324316
324317
455399
455400
455401
455402
455403
455447
455448
455449
455450
455451
455452
455453
455454
455455
455456
455466
455467
455468
455469
455470
455471
455472
455473
455483
455484
455500
586686
586687
586688
586689
586690
586691
586692
586693
586695
62412
62413
586702
586704
586705
586706
62418
586707
62423
62424
62425
62426
62427
62430
62431
586720
62432
586721
586722
586723
586724
586725
586726
586727
62442
586735
62447
586736
62448
62449
62451
324600
324601
62457
324602
62458
324603
586758
586759
324616
324617
324627
324628
324629
324630
324631
324632
324633
62490
324639
62495
324640
62496
62501
62503
62504
62505
62506
62507
62508
324653
62509
324654
62510
62511
62512
62513
62514
62515
62516
62536
62537
324682
62538
62539
62541
62542
324687
62543
324688
324689
324690
324691
324694
62550
324695
62551
62552
62553
62554
62555
62556
324708
324713
324714
62570
324715
62571
62572
62573
62575
324721
324722
324723
324724
62582
62583
62584
62585
62586
62611
62612
62619
62620
62621
62622
62623
62624
62625
62626
62635
62636
62637
62638
324783
62639
324784
62640
324785
62641
324786
62642
62651
62652
62653
62654
62655
62656
62657
62658
62667
62668
324813
62669
324814
62670
324815
62671
324816
62672
62682
62683
62684
586976
586977
586978
586979
586980
586981
586982
586983
62695
586984
586985
586986
62698
586987
586988
62705
62706
62757
62760
62761
62764
587093
587094
587095
587102
587103
587104
587105
587106
324962
587107
324967
324968
324971
324972
324973
324976
324977
324978
324980
324981
324982
324983
325006
325007
325008
325011
325012
325013
325025
325026
456104
456105
456106
456107
718252
718255
718256
718257
325041
718258
325042
325043
325044
325045
325046
325047
456120
456121
456122
325050
325051
325052
456129
456133
718279
718280
456136
718281
718282
718283
718284
456140
718285
718286
718287
718288
325074
718291
325075
718292
325076
718293
325077
718294
718296
718297
718298
718299
718313
718314
718315
718316
587246
325102
718319
587247
718320
587248
587249
325105
587250
587251
587252
587253
587254
587255
587256
587257
587258
587259
587260
587261
587262
587263
587264
587265
587266
587267
587268
587271
587272
587273
587274
587275
587276
718349
587277
587278
587280
587281
587282
587283
587284
587285
587287
587288
587289
718362
587290
718363
718364
587292
718365
587293
718366
587294
718367
587295
587298
587299
718372
587300
718373
587301
718374
718375
587303
718376
587304
718377
325161
718378
325162
325163
587308
325164
587309
325165
325166
587311
587312
587314
587315
587317
587321
587322
587323
587326
587327
587329
587336
587337
587340
587341
587342
587347
587363
587364
587369
587370
587371
587372
587373
587374
587375
587376
587377
587397
587398
194223
194224
194225
194226
194227
194228
194229
587471
587472
587478
587479
587480
587481
587482
587483
587484
587489
587490
587491
587492
587493
587494
587495
587496
587497
194284
194285
194286
194287
194290
194291
587508
194292
587509
194293
587510
587511
587512
194296
587513
194297
587514
194298
587515
194299
587516
194300
587517
194301
587518
194302
587519
194303
587520
194304
587521
194305
587522
194306
587523
194307
587524
194308
587525
194309
587526
194310
587527
194311
587528
194312
587529
194313
587530
194314
194315
194316
194317
194318
194319
194320
194321
194322
194323
194324
194325
194329
194330
194331
194332
194333
194334
194348
194349
194350
194351
194354
194355
194356
194357
194358
194359
194362
194363
194364
194376
194377
587631
587632
587633
587634
587635
587636
587637
587638
325494
587639
325495
587640
325496
587641
325497
587642
325498
325499
325500
325503
325504
325517
325518
325588
325589
325590
325604
325605
325610
325611
325612
325613
325622
325623
325624
325625
325626
325627
325628
325631
325632
325633
325634
325635
325636
325637
325638
325645
325646
325650
325651
325652
325653
325654
325655
457171
457174
457175
457178
457181
457182
457183
457184
457203
457204
457205
457206
457207
457208
457209
457210
457211
64004
64005
457226
64010
457227
457228
457231
457232
457233
457234
457235
64019
64021
64022
64023
64024
457285
457288
588362
588363
457293
457294
588367
588368
588370
588371
588372
64084
588373
64087
588377
64090
588380
588381
588382
588383
588384
588385
588388
588389
588393
588394
588395
588397
588398
588399
588400
588402
588403
588404
457354
457355
457356
457357
457358
457359
457360
457367
457370
457371
457372
457373
457396
457397
457398
457399
457400
457401
195273
195274
195275
457423
457424
457425
457426
457427
457428
457429
326363
326376
326379
457452
457453
457454
457455
457456
457457
457458
457459
457460
457461
457462
326394
326395
326396
326397
326398
326399
457479
457480
457481
457482
457483
457484
326412
326413
326414
326415
457488
326416
457489
326417
326418
326419
457492
457493
457494
457495
457496
457497
457498
457499
457500
457501
326440
326441
326442
326443
326444
326445
326467
457542
326470
457543
326471
457544
326472
457545
326473
326474
457547
326475
457548
326476
457549
457550
457551
457552
457553
457554
326501
326502
326503
326504
326505
326506
326514
326515
326520
326521
326532
326533
326536
326537
326538
326539
326540
326541
326543
326544
326547
326548
64546
64547
64548
64551
195630
64558
195631
64559
195632
64560
195633
64561
195634
64562
64594
64595
64602
64603
64604
64607
64608
64609
64616
64617
64618
64621
588910
588911
588912
588913
195700
195701
195702
195703
195705
195706
195707
195708
195709
195710
64684
64685
64686
64687
64688
64689
64691
64692
64693
64694
64696
64697
64698
64705
64707
64708
64709
64710
195853
195854
195857
195858
195859
195860
195861
195865
195866
195877
195878
195880
195881
195892
195893
195894
195895
195900
195913
195914
195915
195916
195917
195918
195919
195920
195921
195924
195925
195926
195927
195928
195929
195932
195933
195934
195935
195936
195937
195938
195939
195942
195943
195944
195967
195968
195969
195970
195971
195972
195973
195974
195975
195976
195977
195978
195979
195980
195985
195986
195987
195988
195989
195990
195991
195992
327103
327108
327109
327110
327111
327112
327113
327125
327126
327141
327142
327151
327152
327153
327154
327155
327156
327157
327158
327159
327160
327161
327162
196090
327163
196091
327166
327167
327168
327169
327170
196098
327171
196099
327172
196100
327173
196101
327174
196102
327175
196103
327176
327177
196113
196114
196115
196116
720405
196120
196121
720410
720411
720412
720413
720414
720415
720416
196128
720417
196129
720418
196130
196131
196132
196133
65063
720425
720426
720427
720428
720429
65070
65071
65072
65073
65074
65077
65084
65085
65086
65087
65088
720483
720484
720485
720486
65126
720487
720488
720489
65129
720490
65130
65131
65134
65135
720499
720500
720501
720502
720503
720504
720505
720506
720507
720508
65148
720509
65149
720510
65150
720511
65151
65152
65153
720514
65154
720517
720518
720519
720520
720522
720523
65163
720524
65164
720525
65165
65166
720528
720529
720532
720535
720536
65176
720537
65177
720538
65178
720539
65179
65180
65181
65182
65183
65184
65185
65186
65187
65188
65189
65208
65209
720593
720594
720595
720596
720597
720598
720619
720620
720621
720626
720627
720631
720632
720633
720634
720635
720636
720637
720650
720651
65298
65299
65300
65301
65367
65368
65369
65370
65371
65372
65381
65382
65383
65386
65387
65388
65393
65396
65397
65399
65400
65401
65430
65431
65433
65434
65435
65436
65437
65438
65439
65440
65441
65442
65443
327588
65444
327589
65445
327590
65446
327591
65447
65448
327593
65449
65450
327602
327603
65459
65460
65461
327608
65464
327609
65465
65466
65467
65468
65469
65472
65473
65474
327619
65475
327620
65476
327621
65477
327622
65480
327625
65481
327626
65482
65483
65484
65485
65486
65487
65488
65489
65490
65491
65494
65495
65500
65505
65506
65515
720902
720903
720904
720905
720906
720907
720908
720909
720910
720911
720921
720922
720923
720924
720925
720926
720944
720945
720946
720947
720974
720975
720976
720977
720978
720979
720989
720990
720992
720993
720994
720995
720996
721059
721060
721061
721064
721065
721066
721067
721068
721069
721071
721072
721075
721076
721077
721078
721080
196871
196874
196962
196963
196964
590181
196966
590186
196974
196975
196977
196978
196980
196981
590198
590199
590200
590201
590202
590203
196992
196993
590213
590214
590215
459164
590237
459165
590238
459166
590245
590246
590247
590248
590249
590250
590251
590252
590259
590260
590261
590262
590263
590264
590265
590266
590267
590268
590269
328127
328128
328129
328130
328131
328132
328142
328143
590310
590311
590312
590313
590314
590315
721388
590316
721389
721390
721391
721392
721394
721434
721435
721437
721438
721440
721441
721443
328238
328239
328240
328241
328242
328243
328244
328245
328246
328247
328248
328249
328250
328263
328264
328265
328266
328267
328268
328279
328280
328283
328284
328291
328292
328293
328296
328297
328298
328302
328303
328305
328306
328307
328308
328311
197239
328312
197240
328313
328314
328315
328316
328317
197265
197266
197271
197272
197340
197341
197342
197343
197349
197350
197351
197352
197363
197364
197365
197366
197367
197368
197369
197370
197371
197372
197377
197378
197382
197383
197386
197387
197435
197436
197437
197438
197439
197440
197441
197442
197443
197457
197458
197459
197460
197461
197462
197463
197464
197465
197466
197467
590908
590913
197697
590914
197698
197699
197700
197701
197702
197703
197704
590921
197705
590922
197706
590923
197707
590924
459852
197708
590925
459853
197709
590926
459854
197710
590927
459855
197711
459856
197712
459857
197713
590930
197714
590931
197715
590932
197716
590933
722064
722065
722066
722067
722068
722069
722070
722071
722072
722073
722074
722075
722076
722077
722078
722079
722080
722081
722082
722083
722084
722085
722086
722087
591035
591036
591037
591054
591055
591056
591057
591058
591059
591060
591061
591064
591065
591066
591067
591068
591069
591070
66814
66815
66816
66818
66819
66820
66821
197894
66822
66823
66824
66825
66832
66835
66836
66837
66838
197931
197932
197933
197934
197935
66863
66864
66865
66866
66867
66868
66869
197944
197945
197946
197947
197948
197949
460117
460118
460119
66909
460126
66910
460127
66911
66912
66914
66915
66916
66917
66918
66919
66920
66921
66922
66923
66925
460143
460144
460145
460146
66942
66943
66944
66945
66946
66948
66949
66950
460167
66951
66952
66953
66954
66955
460172
66956
460173
66957
460174
66958
66959
66960
460177
460178
460179
66963
460180
66964
460181
66965
460182
66966
722327
460183
66967
722328
460184
66968
722329
460185
722330
460186
722331
460187
722332
460188
66977
66978
66979
722345
722346
66987
722348
722349
722350
722351
66992
66993
66994
67011
198084
198085
198086
198087
198088
198089
198090
198091
722386
722387
722388
722389
198101
722390
198102
722391
67031
722392
67032
722393
198105
67033
722394
198106
67034
722395
67035
198117
198118
198121
198122
198133
198134
198139
198140
198141
198142
67086
67087
67088
67097
67098
67099
67100
67101
67102
67111
67112
67113
67114
67115
67116
67117
67120
67121
67123
67124
67126
67127
67129
591418
67130
591419
67131
67132
67133
67134
67135
67136
67137
67138
591430
591431
591432
591433
591436
591437
591438
591445
591446
591447
591448
591449
591450
591451
591462
591463
591464
591465
591468
591469
591470
591477
591478
591479
591480
591481
460433
460434
460435
460436
460437
460440
460441
591516
591517
460452
460453
198363
198364
198365
198366
198367
198368
198369
198370
198371
198372
198373
198374
198375
198376
198377
198378
198379
198380
198388
198389
198390
198391
198392
198393
198394
198395
198431
198432
591823
591828
591829
591844
591845
591846
591847
722920
591848
591849
591850
591851
591852
591855
591856
591857
591858
591859
591860
591863
591864
591865
591866
591867
722967
722968
722969
460837
460838
460843
460845
460846
460847
460848
460849
460850
460851
723003
723006
723007
723008
460864
723009
723010
723011
460867
723012
723013
723014
723015
723016
723017
723019
723020
460881
460882
460889
460890
460891
460892
460893
460894
460897
460898
460905
460906
460907
460908
460909
460910
460915
460916
723074
460930
723075
460931
723076
723077
723078
723079
723080
723081
723082
723083
723086
723089
723090
329876
460959
329888
329889
329890
329891
329892
329893
329903
329904
329905
329906
329907
329908
329909
329910
329911
329912
329916
460991
460992
329921
460994
460995
460996
460997
460998
460999
461000
461001
723146
461002
723147
461003
461004
723149
723150
723151
461007
723152
461008
461009
461010
461011
461012
461013
723159
723160
723161
723162
461046
461047
461051
461052
461056
461057
461058
461059
461060
461061
461062
461063
461064
461065
461066
461067
461080
461081
461082
461083
461084
461085
461086
461087
461088
461089
461191
461192
461193
461194
461195
461196
461197
461198
461199
461200
461201
461202
461203
461204
330147
330148
330149
330151
330156
330157
330158
330162
68018
330163
68019
330176
330177
330178
330179
330180
330181
330182
330183
330184
330189
330190
330192
330193
330210
330211
330212
330213
330214
330215
330216
330217
330218
330219
330220
330237
330238
330239
330240
330241
330242
330251
330252
330253
330254
330255
330256
330257
330258
330267
330268
330269
330270
330271
330272
330273
330274
330306
330307
330310
330311
330322
330324
330325
330328
592475
592476
330346
330349
330361
330362
330365
330366
330367
330368
330369
330371
330372
330373
330374
330376
330377
330379
330380
330381
330382
330384
330385
330387
330388
330389
330390
330391
330405
330406
330444
330445
592591
592592
592593
592613
592614
592615
592616
592629
592630
592665
592666
592680
592681
592682
592683
592684
592686
592687
330554
330555
330556
592703
592704
592705
592706
592707
592708
592709
592710
592711
592712
592713
592719
592720
330578
330579
330580
330581
330582
330583
330584
330587
330588
330589
330591
330592
330593
330594
330596
592763
592764
592765
592766
592767
592768
592769
592770
592771
592772
592773
592775
592776
592779
592780
592782
592783
592784
592785
592786
592787
592789
592790
592793
592794
592796
592797
592798
592799
723907
723908
723909
723910
723913
723914
723915
723916
723917
723918
723919
723936
723937
723938
723939
723940
723941
723942
723943
723944
723945
199659
199660
199664
199665
199666
199667
199668
723958
199672
723961
199673
199675
199676
723970
199683
723975
723976
199688
723977
199689
199690
199691
199692
723984
723985
199702
199703
199704
199705
199706
199714
199715
724053
724055
724056
724057
724058
724060
724061
724062
724063
724064
724065
724068
724069
724071
724072
724074
724075
724076
724077
724078
724079
724080
68722
68723
68724
68725
68726
68727
68728
68730
68731
68732
68733
68734
68762
199839
68767
199840
68768
68773
330944
330945
330946
330947
330948
330949
330950
330951
330960
330961
330962
330963
330964
330965
330971
330972
330973
330974
330975
330976
330977
330980
330981
330984
330985
330986
593134
593135
593136
593137
593138
593139
330999
331000
199928
331001
199929
199930
199931
331004
199932
331005
199933
331006
199934
331007
199935
331008
199936
199937
199938
199939
199940
199941
199942
199943
199944
199945
199946
199947
199948
199949
199950
199951
199968
199969
199970
199971
199972
199973
199974
199975
199976
199977
199978
199979
199980
199981
199982
199983
199984
199985
199986
199987
200005
200008
200009
200014
200015
200016
200017
200018
200019
200020
200021
200022
200023
200024
200025
200026
200062
200063
200064
200065
200066
200067
200084
200085
200094
200095
200097
200098
200099
200100
200101
200102
200105
200106
200107
200108
200110
200111
200112
200113
200114
200116
200131
200132
200133
200135
200136
200137
200138
200140
200141
200142
200143
200145
200146
200148
200149
200150
200151
593371
593372
593373
593374
593375
593376
593377
200162
200163
200168
200169
200170
200171
200172
200173
593436
593437
593438
593439
593440
593441
593442
593443
593444
331305
331306
331307
331308
331309
593454
331310
593455
331311
593456
593457
331313
593458
331314
593459
331315
593460
331316
593461
331318
331329
331330
331331
331332
331333
331334
200262
331335
200263
331337
331338
331339
331340
200268
200269
331342
200271
200272
200273
200274
200277
200278
331352
331353
331354
331355
331356
331357
331358
331359
331360
724586
724587
331381
724598
331382
724599
331383
331384
724601
331385
724602
331386
724603
331387
724604
331388
200317
200318
724607
200319
724608
724609
724610
724611
724612
331397
331398
331399
331400
331401
331402
331403
331404
331498
331499
724759
724762
724767
724768
724769
724786
724787
724788
724790
724791
724792
724793
724796
724797
724808
724809
724810
724811
724812
724813
724814
724815
724816
724835
724844
724845
724846
724847
724848
724849
724850
724855
724856
724857
724858
724859
724860
724861
724916
724917
724918
724919
724922
724923
724924
724925
724928
724929
724930
724931
724932
724933
724934
69574
724935
69579
69580
69581
69583
69584
69585
69586
69587
69588
69589
69594
69595
69596
69599
69600
69601
69602
69605
69606
69607
69608
69609
69617
69618
69619
69620
69621
69622
69623
69624
69625
69626
331803
331804
331815
331816
331857
331860
331901
331904
331907
331908
725125
331913
331914
331923
331924
331925
331926
463026
463027
463028
463029
725174
463030
725175
463031
463032
463033
725178
463034
463035
463038
463039
331970
725187
331971
725188
331972
725189
725190
725191
725192
725193
725194
463050
725195
463051
463052
331980
463053
331981
463054
463055
331983
725200
463056
331984
725201
463057
331985
725202
463058
331986
725203
463059
463062
463063
725208
725209
725210
725211
725212
463068
725213
463069
725214
725215
725216
463095
463096
463097
463098
332029
332032
332033
332034
725258
725259
725260
725261
725262
725263
725264
725265
332049
725266
332052
725269
332080
332081
332087
463168
463169
463170
332098
463171
332099
463172
332100
463173
332102
332103
463177
332105
463178
332106
332107
332108
332109
332110
332111
463186
332114
463187
332115
463188
332116
463189
463190
463191
725354
725371
332243
332244
332245
332248
332249
332265
332266
332275
332276
332279
332280
332289
332290
332301
332302
332303
332330
332331
332332
332333
332334
332335
332336
332337
332338
332339
332340
332341
332342
332343
332344
332425
332426
332428
332429
332430
332431
332432
332433
332434
201369
201370
201371
201372
201373
201375
201376
201377
201378
201381
201382
201383
201384
201385
201386
201387
201388
201389
201390
332484
332485
332486
332495
463574
463583
463588
463589
463590
463591
463592
463593
463597
463598
463613
463614
463620
463621
463622
463623
463624
463625
463626
463634
463635
463637
463638
463639
463641
463642
463644
725799
725800
463657
463658
725811
725814
725815
725816
725817
725818
725819
725820
725821
725822
725823
725824
725825
725826
725827
725828
725829
725830
725831
725832
725833
725834
725835
725836
725837
725838
725840
725841
725842
725843
725845
725846
725847
725848
725849
725850
725851
725852
725900
463756
725901
463757
725902
725903
463759
725904
463760
725905
725906
725907
463763
725908
463764
725909
725910
725911
725936
725938
725939
725940
725941
725943
725944
725945
725946
725947
725948
725949
725950
725951
725968
725970
725971
725972
725973
725975
725976
725977
725978
725979
725980
725981
725982
725983
725999
726000
726001
726002
70855
70856
70859
70860
70861
70870
70871
70872
70877
70878
70879
70880
70881
70882
595183
595184
595185
595186
595187
70899
201972
70900
201973
70901
595190
595191
70903
70904
70905
70906
70907
595196
70908
70909
70910
201985
595202
595203
595204
595205
595206
201990
201991
201992
201993
201994
201997
201998
70927
70928
595217
70929
595219
595220
70932
595221
70933
595222
70934
70935
595224
70936
595225
70937
595226
70938
595227
202011
70939
595228
202012
70940
595229
202013
70941
595230
202014
595231
202015
595232
202023
202028
202030
70958
202031
70959
202032
70960
595249
202033
70961
202034
70962
595251
70963
595252
70964
595253
202037
70965
595254
202038
70966
202039
595256
202040
595257
595258
595259
595260
595261
726334
595262
726335
595263
202047
726336
595264
726337
726338
202050
726339
202051
202052
202053
202054
70984
202057
70985
202058
70986
202059
70987
202060
70988
726362
202074
726363
202075
726364
202076
726365
726366
726367
726368
726369
726370
726371
726372
202084
726373
202085
726374
595302
202086
726375
595303
202087
726376
595304
202088
726377
595305
202089
726378
595306
202090
595307
71019
595308
595309
595310
71022
71023
71024
71025
71026
71027
71028
202101
71029
202102
71030
202103
71031
202104
71032
202105
71033
202106
71034
71035
71037
71038
71039
595328
71040
595329
595330
595331
595336
595337
71057
71058
71059
71060
71063
71064
71065
71066
71083
71084
71085
71086
71087
71088
71089
71090
71091
71092
71093
71094
71095
71096
71097
595386
71098
71102
595391
595392
595393
595394
595397
595398
595399
595400
595401
595404
595405
595406
595407
595440
595441
595445
595446
595447
595448
595449
595450
71181
71182
71183
202257
202259
202260
71190
71191
595483
202267
595484
595485
595486
202270
595487
202271
71199
595488
202272
71200
595489
595490
202274
595491
595492
595493
595494
595495
595496
202290
202291
202305
202306
202307
202308
202309
202310
202311
202312
464458
202314
464459
202315
464460
71249
71252
202331
202332
202333
202334
202335
202336
202337
202338
202339
464484
202340
464485
202341
202343
202344
202347
202348
202350
595567
202351
595568
202352
595569
464499
464500
71292
71293
71294
71295
71296
464513
202369
71297
464514
202370
202371
202372
464517
202373
464518
202374
202375
202376
202377
202378
202383
202384
464529
464530
464531
202387
464532
202388
464533
202389
464534
202390
464541
464542
464543
464544
464545
464546
464547
464548
464553
464554
464571
464572
71356
71357
71358
71359
71361
71362
71363
71364
464603
464604
464619
464620
464621
464622
464623
464624
464629
464630
71414
464631
71415
71416
464635
464636
71421
464638
71422
464639
71423
464640
71424
464641
71425
464642
71426
464643
71427
464644
464645
464646
464647
464648
71432
464649
71433
464650
464651
464652
71436
464653
71437
464654
464655
464656
464657
464658
464659
464660
464661
464662
71446
464663
71447
464664
464673
464674
464675
464676
464677
71461
464678
71462
71463
71464
71466
71467
71468
71469
464687
464688
464689
71476
71477
595804
595805
595818
595821
726926
726927
595869
595870
595871
595872
595873
595874
595875
595876
595877
202661
595878
202662
595879
202663
726952
595880
202664
202665
202666
202667
595884
202668
595885
595886
726959
595887
726960
726963
726964
595892
726965
595893
726966
595894
595895
595896
726969
595897
726970
595898
726971
595899
595900
595901
726974
595902
726975
595903
726976
595904
726977
595905
726978
595906
726979
595907
726980
595908
726981
595909
726982
595910
726983
595911
595912
202699
202700
202701
202703
202704
71633
71634
71636
71637
71639
71640
71641
71642
71643
71644
71647
71648
71649
202722
202724
202725
202726
202727
202729
71667
71668
595958
595959
202743
595960
595961
595962
595963
202748
71688
71689
464933
464934
464935
464936
464938
464939
464940
464941
464943
464944
464946
464947
464948
464949
727308
727309
727310
203025
203030
727323
727324
727325
727326
727327
727328
727329
727330
727331
727332
727333
727334
727335
727336
72019
72020
72021
72048
72051
72052
72053
72054
72055
72056
72057
72058
72075
72076
72077
72078
72079
72080
72082
72083
72096
72097
72098
72099
72100
72104
72105
72112
72113
72120
72121
203198
72128
72129
203203
203217
203218
203219
203220
203221
203222
72150
203223
72151
72152
72153
203226
72154
203227
72155
203228
72156
72157
72161
72162
72163
72164
72177
72178
72179
72182
72183
72184
72207
72208
72209
72212
72213
72214
203287
203288
203289
203290
203291
203292
203293
203294
203295
203296
203297
203298
203299
203300
203301
203302
203303
203304
203305
203306
203342
203343
203344
203345
203346
203362
203363
203364
203365
72298
72299
72305
72308
72309
72310
72311
72313
72314
72316
72317
72320
72321
72322
72323
72324
72331
72332
72333
72334
72347
72348
72349
72350
72351
72352
72353
203426
72354
203427
72355
72356
72357
203438
203439
203440
203441
203442
203443
596702
596703
596706
596707
72427
72428
72429
72430
72431
727792
596720
72432
727793
596721
72433
727794
72434
727795
72435
727796
72436
727807
727810
727812
727813
727814
72455
727816
72456
727817
72457
72458
727819
72459
727820
72460
727821
72461
72462
727823
72463
727828
727829
727830
727833
727834
72474
727835
72475
72476
727837
72477
727838
72478
727839
72479
727840
203555
203556
727849
727850
727851
727852
727853
203565
727854
203566
72494
203567
72495
203568
72496
72497
203570
72498
727859
203571
727860
203572
203573
72501
72502
72503
334648
72504
334649
72505
72506
334655
334656
727873
727876
727877
727878
727879
727880
727882
727883
727886
334670
727887
334671
727888
727890
727891
334676
727893
334677
727894
334678
727895
334679
727896
334680
727897
727898
334682
727899
334683
72539
334684
72540
334685
72541
727902
72542
727903
72543
72544
72545
72546
72549
72550
72551
72552
72553
727914
334698
72554
334699
72555
334700
72556
727917
334701
72557
727918
727919
727920
727921
727922
727924
727925
727926
727927
727928
727929
727930
727931
727932
727933
334717
727934
334718
727935
334723
334724
334725
334726
334729
334730
334731
334732
334734
203662
203663
203664
334737
203665
334738
203666
334739
203667
334740
203668
334741
203669
334742
203670
334743
203671
334744
203672
203673
203674
203675
334751
334754
334755
203689
203690
203691
203692
203693
203694
203703
203704
203705
203706
203707
203708
203709
203710
203711
203713
596930
203714
596931
203715
203716
203717
203718
203720
203721
203722
203723
203758
203759
203760
203761
203762
203763
203764
203765
203766
203827
203828
203831
203832
203833
203854
203855
203856
203857
203858
203859
203860
203862
203863
203864
203865
203866
203867
203868
203869
203870
203904
203905
203906
203907
203908
203909
203930
203931
203942
203943
203944
203945
203946
203947
72886
72887
72890
72891
72892
72893
72894
72897
72898
72899
72901
72923
72924
72925
72926
72927
597216
72928
72929
72930
597219
72931
72932
72933
72934
466151
466152
72939
728300
72940
72941
728302
72942
728303
728304
728305
597233
466161
597234
466162
728307
597235
466163
728308
597236
466164
728309
597237
728310
597238
72950
728311
72951
728312
728313
597241
728314
597242
728315
72959
72960
72961
72962
466179
466180
466181
728326
466182
728328
466184
728329
466185
728330
728331
466187
466188
72972
728333
72973
728334
72974
728335
72975
728336
72976
728337
72977
728338
72978
728339
466195
72979
466196
466197
72981
466198
72982
466199
72983
72984
466202
72986
466203
72987
466204
466205
466207
466208
466209
466210
728355
728358
728387
728388
728389
728390
728391
728392
204106
204107
204108
728397
204109
728398
204110
204111
466256
204112
466257
204113
204114
204115
204116
204117
204118
204119
728411
204126
466271
204127
466272
204128
466273
204129
466274
204130
204131
466276
204132
204133
466283
466284
466285
466286
466287
466288
466289
204148
204149
204150
204151
466303
466304
466305
466306
466308
204164
204165
466315
466316
466317
466318
466319
204178
204179
466325
466330
466331
204190
204191
466336
204192
204193
204194
204195
204196
204197
204208
466354
466355
204211
204213
204214
204215
204217
204218
204221
466366
204222
466367
466368
204224
466369
466370
466371
466372
466373
204229
204230
204231
204235
204237
204238
204239
204240
204242
204243
204244
204260
204261
204263
204264
204266
204267
73245
73247
73248
73249
73250
73251
73252
73267
73268
204341
204342
73270
204343
73271
204344
73272
204345
73273
204346
73274
204347
73275
204348
73276
204349
204350
335423
204351
204352
204353
335432
335433
204370
204371
204372
204373
204374
204375
204376
204377
204378
204379
204380
204381
204382
204383
204384
204385
204394
204395
204398
204399
204400
204403
204404
204405
73338
73339
204414
73346
204419
73347
73348
73349
73350
73351
73352
73353
204452
204484
204485
73413
204486
73414
73415
73416
73417
204490
73418
204491
73419
204493
204494
204495
204496
204499
204500
204501
204502
204503
204504
204505
73433
204506
73434
204507
73435
204508
73436
204509
204510
73438
204511
73439
204512
73440
73441
73442
204515
73443
204516
73444
204517
73445
204518
204519
204520
204521
204522
597739
204523
597740
204524
73452
73453
73454
73466
73467
73468
73469
73470
597763
597764
204548
597765
204549
597766
204550
597767
204551
597768
597771
597774
597775
597776
335655
335656
335657
335658
335661
335662
335663
335664
335665
335666
466739
466740
466741
466742
466744
466745
335674
335675
335676
335677
335678
335679
335680
335681
335682
335683
335684
335685
335686
335687
335700
335701
335702
335703
466776
466777
466778
335706
466779
335707
466780
335708
73564
466781
335709
466782
335710
466783
73569
73570
73571
73572
73573
466790
73574
466791
466792
466793
466794
466795
466796
466797
597870
466798
466799
597872
597873
597874
466802
597875
466803
466804
597877
597878
597879
466807
466808
466809
466810
466811
335747
335748
335749
335750
335751
597896
466824
335752
335753
597898
597899
597900
597901
597903
597904
597905
466833
466834
466835
466836
335774
335775
335776
335777
335778
597927
597932
335792
335793
335794
335795
335796
335803
335804
335805
335806
597951
335807
335808
335809
335810
335811
597956
335812
597959
597960
597961
597962
597963
597978
597979
597980
597981
597982
597983
597984
73696
597985
597987
597988
598002
598003
598004
598005
598006
598021
598022
598023
466958
466959
466960
598145
598146
598147
598148
598149
598150
598151
598152
467087
467088
467089
467090
467093
467094
467095
467096
467098
467099
467100
467107
729285
729288
729289
729290
729291
729292
729294
729295
729296
729297
729305
729306
729307
729309
729310
729312
729313
729314
729315
729317
729318
729319
729320
729321
729328
598258
729331
598259
729332
598260
729333
729334
598262
729335
729338
729339
729340
729341
729342
598278
598279
598280
598283
598284
598285
598286
598384
598385
598400
598401
598416
598417
598418
598419
598420
598421
205225
205226
205227
205228
205231
205232
205233
205234
205238
205239
205240
205241
205242
205243
205244
205245
205246
205247
205248
205249
205270
205271
205272
205273
205274
205275
205276
205381
205382
205383
598609
598610
598611
598612
598613
598614
205478
205479
205480
205481
467639
205495
467640
205496
205497
467642
205498
467643
205499
467644
467645
467647
467648
467660
467661
467662
467663
467664
467666
205526
205527
467672
467673
467674
467676
467677
467680
467689
467690
467691
467692
467693
467699
467701
467702
467703
467705
467706
467731
467732
467733
467734
467735
467736
729881
467737
729882
467738
729883
467739
729884
467740
729885
467741
467742
467743
598816
467744
598817
467745
467747
467748
729894
467750
729895
729896
729897
729898
729899
729900
729901
729902
729903
598834
598835
467766
467767
467768
467769
205625
467770
205626
467771
467772
467773
205629
467774
205630
467775
205631
467778
205634
467779
205635
467780
205636
205650
598868
598869
598870
598871
205655
598872
205656
598873
598874
598875
598885
205669
598886
205670
598887
205671
598888
205672
598889
205673
598890
205674
205675
598892
598893
205678
205679
205680
205681
598928
598929
598932
598933
598934
598935
598941
598942
598943
598944
598947
598948
598949
598950
598960
598961
598962
598991
598992
205776
598993
205777
598994
205778
598995
205779
598996
599000
599001
599006
599007
599008
336875
336876
336877
336878
336879
336880
336881
336882
205812
205814
205815
205816
336889
205817
205818
336892
336893
205821
336894
336895
336896
205827
205828
205829
205830
336904
336905
205833
205834
205835
205836
205837
336910
336921
336922
336923
336924
336925
336927
336928
336929
336989
336990
336991
336992
336993
336994
336995
336996
468069
336997
468070
336998
468071
336999
468072
337000
468073
337001
468074
337004
468077
468078
468084
468085
468086
337082
337083
337084
337085
337086
337087
337098
337099
337100
337101
337102
337103
337114
337115
337157
337158
337159
337160
337161
337162
337163
337164
337165
337166
337167
337168
337169
337170
337171
337172
337205
337206
337207
337208
337209
337210
337289
337290
337291
337292
337293
337294
337295
337296
337316
337317
337318
337319
337320
337321
337322
337323
337324
75180
337325
75181
337326
75182
337327
75183
337328
75184
337329
75185
337334
337335
75198
75203
337350
337351
337362
337363
337395
337396
337397
337398
337407
337412
337413
337414
337415
337416
337417
337418
337441
337442
337443
337444
337445
337446
337447
337451
337452
337453
337454
337455
337456
337457
337466
337471
337472
337473
337474
730691
337475
337476
337488
337493
730718
730723
730737
730739
730740
730741
730742
730744
730745
730746
730761
730763
730764
730765
730766
730768
730769
599697
730770
599698
599699
599700
599701
599702
599703
599704
599718
599719
599723
599724
730797
599725
599726
730799
599727
730800
599728
730801
599729
730802
599730
599731
730804
599732
730805
599733
730806
730811
730812
730813
730814
730815
730816
730817
730818
730819
730821
730822
730823
730824
730826
599760
599765
599766
599775
599776
599777
599779
599780
599782
599783
599784
599785
599787
599788
599790
599791
599792
599793
599794
599795
599798
599799
599800
599801
599803
599832
599833
599844
599845
599847
599848
599849
599850
599853
599854
337713
337715
337716
599861
337717
599862
337718
599863
599864
337720
599865
337721
599866
337722
337723
337724
337725
337726
599872
599877
599878
599879
599880
468815
468816
468817
468818
468819
468820
468821
468822
468823
468825
468826
468832
468833
468835
468836
337766
337767
468840
468841
337769
468842
337770
337771
337772
468846
337774
468847
468849
468854
468856
468857
337789
337792
337793
337795
337796
468869
337797
468870
337798
337800
468879
468880
468881
468882
468884
468885
468886
468887
468890
468891
468896
468897
468898
468899
337827
468900
468901
337830
337831
337833
337834
337835
337836
337838
337853
337864
337865
337867
337868
337869
337870
337872
75729
75730
337875
75731
75732
337877
337878
337879
337880
731098
337882
731100
731101
731102
75742
731103
75743
75744
731105
75745
75746
75747
75748
337893
75749
75750
75751
731114
731115
731116
731117
731118
731119
75763
75764
75765
75766
75767
75768
468986
468987
468992
468993
468994
468995
468996
468997
468998
468999
469000
469001
469002
469003
469004
469007
469008
469017
469018
469019
469027
469028
469029
469030
469031
469032
75835
75836
75837
337982
75838
337983
337985
337988
337990
337991
337992
337993
731216
338000
731217
731218
206941
206942
731231
206943
731232
206944
731233
206945
731234
206946
731235
206947
731236
338022
338023
338024
338025
338026
338027
338028
338029
338031
338032
731249
338033
731250
338034
338036
731265
731266
338054
338055
338057
338058
338060
338061
731279
338063
731280
731281
338065
731282
338066
731283
338067
731284
731285
338070
731290
731292
731293
731294
731295
207073
207074
207075
207076
207077
207078
207079
207080
207081
207082
207087
207088
207089
207090
207091
207092
207108
207109
207110
207111
207112
207113
207114
207115
207116
207117
207118
207119
731410
731413
731416
731417
731433
731434
469294
469295
469296
469297
469298
469299
469300
469301
207157
469302
469303
469304
207160
469305
469315
469316
207172
469317
338245
207173
469318
338246
338248
338253
338254
338255
469328
338256
469331
469332
469333
731516
338300
731517
731518
338302
731519
338303
731520
338304
731521
338305
731522
731523
338307
731524
338308
731525
338309
731526
731527
731528
731530
731531
731573
731575
731576
731577
731578
731580
600577
600578
600580
600581
600582
600605
600606
600607
600608
600609
76389
76390
76391
76392
76393
76394
76403
76404
76405
76406
76407
76408
76409
76410
76411
76412
76419
76420
76421
76422
76423
76436
76437
76438
76439
76440
76441
76450
76451
76452
600764
600767
600770
600773
76489
76490
600780
600781
207565
207566
600788
600789
76503
207582
207583
207584
207585
207586
207587
600804
207588
600805
600806
600807
600808
600809
731894
600822
731895
600823
600824
600825
600826
600827
600830
600831
600832
600833
731907
731908
600836
731909
600837
731910
600838
600839
600840
600841
731924
731925
731927
731928
600856
600857
731930
600858
731931
600859
731932
600860
731933
731940
731941
731942
731943
600871
731944
731945
600877
600878
600879
731952
600880
731953
600881
731954
600882
731955
600883
731956
731957
731958
731959
731960
731961
600891
600892
600893
600894
731969
600897
731970
600898
731971
600899
731972
731977
731978
731979
731980
731981
731982
600914
600915
600916
600918
600919
600920
600921
600926
732001
732002
732003
600931
600932
600937
600938
600939
600940
600941
600942
600943
600944
600945
600946
600947
600948
600949
600950
600951
76687
732056
76696
732057
76697
76698
76699
76700
76703
732069
732070
732071
732072
76712
732073
76713
732074
76714
732075
76715
732076
76716
732077
732078
732079
732080
732081
732082
732083
732084
732085
732086
732087
732088
732089
76751
732119
732120
732121
732122
732127
732128
732129
76816
76817
76818
76819
76820
470037
76821
470038
76822
470039
76823
76824
76825
470042
76826
470043
76827
470044
76828
470045
76829
470046
76830
470047
76831
470048
76832
76833
76834
76835
76836
76837
470070
470071
470072
470073
470087
470088
470093
470094
470095
470096
470099
470102
470103
470104
470105
208055
208056
208057
208058
208059
208068
208073
208074
208075
208076
208077
208078
470292
470293
470301
470302
470303
470304
470305
470306
470307
470308
470309
470326
470343
470344
470347
470348
470349
470350
470353
470354
732544
732545
732546
732547
732548
732549
732550
732551
732552
732553
732554
732555
732556
732557
732558
732559
732560
732561
732562
732563
732564
732565
732566
732567
732598
732599
732600
732601
732602
732603
732604
732605
732606
732607
732608
732637
732638
732639
732640
732641
732642
732668
732669
732689
732690
732692
732693
732694
732695
732697
732708
732709
732710
732711
732712
732713
732714
732723
732724
732745
732746
601675
732748
601676
732749
732750
732751
732753
732764
732765
732766
732767
732768
601833
601834
601835
601836
601839
601840
601841
601842
601843
601844
601845
601846
601847
601848
601849
601850
601851
601856
601869
601874
732984
732985
732988
732989
732992
732993
733004
733005
733006
733007
733008
733009
733010
733011
733012
733013
733014
733020
733023
733024
733061
733062
733080
733081
208795
733084
208796
733085
208797
208798
733088
733089
208802
208803
733092
733093
733096
208810
208811
733109
733110
733111
733112
733113
733114
733115
733116
208828
733117
208829
733119
733120
733121
208874
208877
208878
602103
602106
208903
208904
208905
208906
208907
208908
208909
208910
208911
208912
602146
602147
602178
602179
602180
77900
77903
77913
77914
208996
208997
208998
208999
602262
602263
602264
602265
602266
602267
602268
340124
602269
340125
602270
340126
602271
340127
340128
602273
340129
340130
340131
340132
340133
340138
340139
340145
340146
340147
209083
209086
340160
340161
209092
209093
209094
209095
209096
209097
209098
209099
209100
209101
471314
471315
471316
471317
471318
471319
471320
471330
471331
471332
471334
471335
471336
471337
471339
471350
471351
471352
471353
471355
471356
471379
471382
733573
733574
733575
733576
733577
733578
733579
733580
733581
733582
733583
733584
471442
471443
471444
471445
471448
471449
471450
471451
471452
471453
471454
471455
471456
471457
733614
733615
733627
733628
733629
78285
471502
78286
471503
78287
78288
78289
78290
78291
471508
78292
471509
78294
78295
471514
471515
733669
733670
471526
733671
471527
733672
471528
78312
733673
471529
78313
733674
471530
733675
471531
78315
733676
733677
733678
733683
733684
471540
733685
471541
78325
733686
471542
78326
471543
78327
471544
471545
471546
78330
78331
78332
78333
78336
471553
78337
78338
78339
471556
78340
471557
471558
471559
78356
78357
78358
78359
78360
78361
78362
78363
471582
471583
471584
471585
471586
471587
471588
78372
471589
78373
471590
78374
78375
78376
78377
471594
471595
471596
471597
471600
471601
471602
471603
471606
471607
471608
471609
471610
471611
471618
471619
471620
471621
471622
471623
471624
471625
78413
78414
78415
471634
78418
471635
78419
471636
78420
78421
78424
78425
471642
78426
78427
78428
471645
78429
471646
78430
471647
471648
78432
78433
471650
471651
471653
78444
78445
78446
78448
78449
78451
78452
78453
78454
78455
78456
78465
78466
78472
78473
78474
78476
78477
78478
78479
78481
78482
78483
78489
78490
78491
78492
78538
78539
78540
78541
78542
78543
78544
78545
78546
78547
471766
471767
471768
471769
471770
471772
78556
471773
78557
471774
78558
471775
78559
78560
471777
78561
471778
471779
471780
471792
471795
471805
471810
78594
78595
78596
78597
78598
471822
471829
471832
471833
471852
471853
471858
471859
471861
471862
471863
471864
471865
471866
471868
471869
471870
471871
471873
471874
471875
471876
471879
340808
340809
340810
340811
340812
340813
340814
340815
340816
471889
471890
471892
471893
471895
471896
471898
734148
734149
734204
734205
734206
734207
734208
734210
734211
734212
734213
734216
734217
734218
734219
734221
734222
734223
734224
734225
734226
734227
734228
734229
734230
734231
734232
734233
734234
734235
734236
734237
734362
734363
734364
734365
734366
734367
734368
734369
734370
734371
734372
734373
734374
734375
734376
734377
734378
734379
734380
734381
734382
734383
734384
734470
734471
734472
734473
734474
734477
734478
734479
734480
603483
603484
603486
603487
603488
603489
603492
603493
603494
603495
603496
603497
603503
603504
603505
603510
603511
603512
210524
210525
210526
210527
210528
210529
210530
210531
210532
210533
210534
210535
210536
210537
210538
210541
210542
210543
79475
79476
79477
79480
79481
79482
210559
210560
210561
210564
210565
210566
210569
210570
210573
79501
210574
79502
79503
79506
79507
79508
210589
210590
210591
210592
210593
210594
210595
210596
210597
79539
79540
79541
79544
210617
79545
210618
79546
210619
210620
210621
210622
210623
210624
210626
210627
210629
210630
210632
210633
210635
210636
210637
210638
79573
79574
79575
79578
79579
210652
79580
210653
79581
210654
79582
210655
79583
210657
79585
79586
79587
79588
210676
210677
210678
79607
79608
210681
79609
210682
210683
79614
79619
79620
79621
79622
79623
79624
79627
79628
79631
79634
210712
210713
210714
210717
210718
210719
79657
79658
603947
79659
603948
79660
603949
79661
603950
79662
603951
79663
603952
603953
603954
603955
603956
603957
603958
603959
603960
603961
603962
603963
79677
79678
79684
79685
79686
79687
79690
79691
79692
79693
79694
79695
79696
79697
79698
472925
472926
79711
79712
472929
79713
472930
472931
79715
472932
79716
79717
79718
79719
472937
79721
472938
79722
79723
79724
472942
79727
79728
79729
79730
79732
79733
79734
79739
79758
79759
79760
79761
79762
79765
79766
79767
79768
79769
79770
79771
79772
79773
79774
79776
79777
79778
79781
79782
79783
79784
79785
79786
79787
79801
210909
210912
210913
210914
210915
210916
210917
210918
210919
210920
210921
210922
210923
473077
473078
473089
473090
473091
210956
210957
210958
210959
210960
210961
210962
210963
210964
210965
210966
210967
473126
473127
473128
473129
473131
473132
473135
473140
473141
473142
473144
473145
473146
473147
79967
79968
79969
79970
79971
79972
80024
80025
80026
80027
80028
80029
80030
80031
80034
80035
80036
80037
80038
80039
80040
80041
80059
80060
80061
80062
80066
80067
80068
80069
80071
80072
80073
80074
80075
80076
80077
80078
80079
80080
80097
80098
80099
80100
80101
80102
80103
80104
80105
80106
80107
80109
80110
80112
80113
80114
80115
80116
80117
80118
80119
80120
80121
80122
80123
80124
80125
80128
80129
80130
80131
80132
80133
80134
80137
80138
211211
80139
211212
80140
211213
211214
211215
80143
211216
80144
80145
80146
80147
80148
80149
80150
211225
80153
211226
80154
211227
80155
211228
80156
211229
211230
211231
342304
211232
211233
342306
211234
342307
211235
211236
342309
211237
211238
211239
211240
211241
211242
211251
211252
211253
211254
211255
342328
211256
211257
342330
211258
342331
211259
211260
342333
473449
473450
473451
473453
473454
473456
473457
342386
342387
342389
342390
473464
473465
473474
473475
342418
342420
342421
342423
342435
342436
342437
342438
342440
342443
342445
342472
342473
342474
342528
342529
342530
342531
342533
342534
342537
342538
342545
342546
342547
342548
342549
211560
211561
211562
211563
211564
211565
211566
211595
211596
211597
211598
211599
211600
211610
211611
211612
211614
211615
342688
342689
211617
342690
211618
342691
342692
342693
211631
211632
342708
342709
342710
342711
342712
342713
342714
735934
342722
735939
342725
342726
342727
342730
342731
342732
342733
342734
342735
342736
342737
342738
342739
735957
735959
735960
735961
735962
735964
342753
342754
342755
342756
342757
342760
342761
342764
342765
342766
342767
735994
735995
735996
735997
735998
735999
736000
736001
736002
736003
211719
211720
211721
211722
211723
211724
211725
211727
211728
211729
211730
211731
211732
736030
736031
736032
736033
736034
736035
211754
211755
211756
211759
211760
211761
211780
211781
211782
211785
211786
211787
211796
211797
211798
211799
736097
736098
211810
736099
211811
736100
211812
736101
736102
211819
211820
211828
211829
211830
211833
211834
211835
736124
211836
211837
211838
736127
211841
211842
736139
736140
736142
736143
736144
736145
736146
736148
736149
736150
736151
736153
736154
736155
736156
736159
736160
736161
736162
736163
736164
736165
736166
343102
343103
343104
343105
343106
343107
343108
343109
343110
343111
343112
343113
343114
343115
343116
343117
736334
343118
736347
736348
736350
736351
736352
736353
736355
736366
212151
212152
212153
212154
212155
736496
736497
736500
736503
736506
736509
212225
736514
736515
736516
212228
736517
736518
736521
736522
212234
736523
212235
212236
736526
212238
736527
212239
736528
736529
736530
736531
736533
212245
736534
212246
736536
736537
212249
736538
736539
736540
736541
736544
736545
736546
736548
736551
212263
81191
212264
736553
736554
81194
736555
736557
736558
736559
81199
736560
81200
474417
81201
474418
474419
474420
81204
81205
81206
81208
81211
81212
81213
81214
474440
474441
474442
474491
474492
474493
474494
474495
474496
474505
474506
474523
474524
474525
474526
474527
474528
474529
474530
474531
474532
474533
474534
474535
474536
474537
474538
474539
474540
474541
474542
474543
474546
474547
474548
474549
474552
474553
474554
474555
474556
474557
474558
474559
474560
474561
474562
474563
474564
474565
474568
474569
474570
474571
474572
474573
474574
474575
474576
474577
474578
474579
474580
474581
474582
474583
474584
474585
605658
474586
212442
474587
212443
474588
212444
474589
212445
474590
212446
474591
212447
212448
212449
212450
212451
605668
212452
605669
212453
605670
212454
605671
212455
605672
212456
605673
212457
605674
605675
605684
605685
605686
605687
605688
605689
605690
605691
605704
605705
474633
605706
474634
605707
605710
605711
474639
605712
605713
474642
474648
474649
474650
605730
605731
605732
605733
605736
605737
212521
605738
212522
605739
212523
605740
212524
605741
212525
605742
212526
605743
212527
605744
212528
605745
212529
605746
212530
605747
212531
605748
212532
605749
212533
605750
605751
212535
212536
212538
212539
212540
212541
81544
474770
474771
474773
474774
212630
474775
212631
474776
212632
474777
212633
474778
212634
474779
212635
212636
212637
474782
212638
474783
212639
474784
212640
474786
212642
474787
212643
212644
474789
212645
474790
474791
474792
212648
474793
212649
474794
212650
474795
212651
212652
212653
212654
212655
212656
212659
212660
212661
212662
474809
474810
474811
212677
736966
212678
736967
212679
212680
212681
212682
212683
736972
212684
736973
212685
212686
736978
736979
212693
212694
212695
212696
212697
212698
212699
474844
212700
474845
212701
474846
212702
474847
474848
474849
474850
212709
474855
474856
212712
474857
474858
474859
474860
474861
605935
605936
605937
605938
605939
605940
605941
605942
605949
605950
605951
605952
605953
605954
343815
343816
343818
343819
343820
343825
343840
343841
474921
474922
474923
474924
474929
737074
474930
737075
474931
737076
474932
737077
737078
343907
343908
343910
343911
343912
606057
606058
343917
343918
343919
343920
343921
606066
606067
606068
343924
606069
343925
343926
606071
343927
606072
343928
343929
606074
606075
606082
606083
606084
606085
343942
737159
343943
737160
606088
343944
737161
606089
737162
606090
737163
606091
737164
606092
606093
343949
606094
343950
606095
606096
737173
737174
737175
343959
737176
343960
737177
343961
737178
343962
475042
737187
475043
343971
737188
475044
737189
475045
343973
737190
475046
343974
737191
475047
343975
737192
343976
737193
737194
343978
737203
737204
737205
737206
737207
737208
737209
737210
344010
475086
475087
344015
475088
344017
344018
475091
344019
344021
344022
475099
475100
475101
475102
475103
475104
475105
475106
81901
81902
81903
81904
81906
81907
81908
81909
81910
81911
81914
81915
737276
737277
737280
737281
81925
81926
81927
81928
81930
81931
737292
81932
737293
81933
737296
737297
737308
737309
737312
737313
737324
81964
81965
737326
81966
81967
81968
81969
81973
737337
737338
737339
737343
737344
475204
475205
475206
475207
475208
475232
475233
475235
475236
475238
475239
475240
475241
475242
475244
475245
475247
475248
475249
475253
475254
475257
475258
475259
475260
475261
475263
475264
475265
475266
475268
475269
475270
475271
475272
737540
737541
737542
737543
737544
737546
737547
737548
737549
737550
737551
737554
737555
737564
737569
737570
737575
737576
737577
737578
737579
737580
737593
737594
737595
737596
737597
737599
737600
737601
737602
737604
737605
737606
737607
737611
737612
737613
737614
82264
82265
737631
737632
737633
737634
737635
82275
82278
82283
82284
82346
82347
82348
82349
82350
82351
82352
82353
82354
82355
82356
82357
82358
82359
82360
82361
82363
82364
82365
82366
82368
82369
82370
82371
82372
82373
737735
737736
737737
737738
737739
737740
737741
737742
737743
737744
737745
82385
737746
82386
737747
82387
737748
82389
82390
82392
82393
737768
737769
82416
82417
82418
82419
82420
82421
82422
82423
82424
82425
82426
737789
737790
82430
82431
82432
82433
82434
737795
82435
737796
737799
737800
737801
213524
213525
213527
213528
213535
213538
213539
213555
213560
82488
82489
82490
82491
82492
82493
82494
213568
213569
82497
213570
82498
213571
82499
213572
82500
82501
82502
82534
82535
82538
82540
82541
82544
82545
82547
82555
82556
82557
82558
82559
82560
82561
475927
475928
607002
82714
607003
475931
82715
607004
475932
82716
607005
82717
607006
82718
607007
82719
607008
82720
82725
82726
82727
738088
82728
82729
738093
607023
607028
607029
82741
607030
82742
607031
738104
607032
607033
607034
607035
738109
82749
82750
82751
738165
738166
738167
738168
738169
738170
344979
344980
344981
344984
344985
344986
344987
344990
344991
344992
344993
607154
607155
607156
607170
607171
607172
607173
607175
607176
607177
607178
607179
607180
607181
607182
607183
607184
607185
607186
607187
345248
345249
345251
345252
345253
345254
345256
345257
345258
345259
345261
345262
345264
345271
345274
345275
345277
345278
345279
345280
345282
345283
345284
345285
345287
345288
345290
345310
345315
345344
345345
345346
345347
345348
345349
345350
345351
345352
345353
345354
345355
345356
345357
345358
345359
345360
345361
345378
345380
345381
345382
345383
345416
345417
345418
345419
345420
345421
345422
345423
345424
345427
345428
345429
345430
345458
345459
345460
345461
345462
345463
345464
345465
345466
345467
345491
345492
345493
345494
345495
345496
345497
345498
345511
345512
345517
345518
345519
345520
345541
345542
345544
345571
345572
345586
345587
476709
476710
476712
476713
476715
476716
476717
476718
476719
476720
476721
476722
476738
476775
476776
476777
476778
476779
476788
476789
476790
476791
476792
476793
608014
608015
608024
608025
608026
608027
608028
608029
608030
608031
608043
608044
608045
608048
608049
608050
608051
608052
608053
608054
608055
608136
608137
608147
608148
608149
608162
608163
608164
608165
608166
608167
608172
608185
608186
608187
608188
608201
608202
608203
608207
608208
477142
477143
477144
477145
477146
739291
477147
477148
477149
477150
739296
477161
477162
477163
608243
608244
477174
477177
739323
739328
608259
608260
608275
608276
608277
608278
608279
608280
215064
608281
739354
608282
215067
739356
215068
739357
739359
215071
739360
215072
739361
215073
739363
215075
215076
739366
477222
477223
477224
477225
477226
739371
477227
739372
477228
739373
477229
739374
477230
739375
477231
739376
477232
739377
739378
739379
739380
608310
608311
477246
477247
477248
477249
477250
477251
477252
477253
739398
477254
477255
608328
608329
215113
215114
215115
215117
215118
215119
346192
215120
477265
346193
477266
346194
215122
739411
477267
346195
215123
739412
477268
215124
739413
477269
346197
215125
739414
477270
346198
739415
477271
215127
739416
477272
215128
739417
346201
215129
739418
346202
215130
215132
215141
215142
215143
608362
608363
608364
608367
608368
608369
608370
608371
477299
608372
477300
608373
608374
608385
608386
739467
739468
739470
739471
739472
739473
608401
608402
739475
215190
215193
215194
739484
608417
608418
608419
608420
608421
608422
608423
608424
739497
739498
739500
739501
739502
739503
739505
477364
477365
608438
477366
608439
477367
477368
477369
739514
608442
477370
608443
477371
477372
477373
608446
608447
477376
477377
608450
608460
608461
477392
739537
477393
477394
477395
477396
477397
739542
477398
739543
477400
477401
477403
739548
477404
477405
477406
477407
477408
477409
477410
477411
477412
477413
477414
477415
477416
477435
477436
477437
739591
739592
608528
608529
608530
608531
608532
739605
608533
739606
608534
739607
608535
739608
608536
477464
739609
739610
739611
477467
477468
477469
477470
739616
739617
477473
739618
477474
739619
477475
739622
739623
739624
739637
739638
739639
477495
739640
477496
739641
739642
739643
477499
477500
477501
477502
477503
739648
477504
739649
739650
739651
739654
739660
739665
739666
739671
608606
608607
608620
608625
608626
608627
608628
608629
608630
608631
608634
608635
608690
608691
608694
608695
477685
477686
477687
477688
477706
477707
477708
477709
477710
477711
477712
477713
608796
608797
608798
608799
477730
477731
739885
739886
608817
608818
608819
608820
477756
477757
477768
477769
477770
477771
477772
477773
477784
477785
477786
477787
477788
477789
477790
477791
739967
739968
740023
740024
740025
740026
740027
740028
740029
740030
740031
740032
740047
740050
740099
740100
740104
740105
740106
740107
740108
740109
740120
740121
740122
740123
740124
346917
346921
346922
740139
346923
346924
346925
346926
346927
740144
740145
346929
740146
346930
740147
346931
346932
346933
346934
740151
740152
346938
346939
346940
346941
740189
740190
740191
740192
740193
740194
740195
740196
740197
740198
740199
740200
609191
609192
609193
609194
609196
609197
609200
609203
609204
609205
609207
609208
609209
609212
609213
609214
609216
609217
609218
609240
609241
609254
609255
609256
609257
609278
609279
609280
609281
609282
609283
609308
609309
347210
347213
347214
347216
347217
347218
347219
347236
347237
347238
347239
347240
347243
347244
347245
347246
347309
347312
347313
347340
347345
347346
347347
347348
347356
347357
347358
347359
347362
347363
478623
478624
740800
740801
740803
740804
740806
740807
740810
740815
740816
740817
740819
740820
740821
740822
740824
216538
216539
216540
216541
216542
216543
216544
216545
216546
740845
740860
740861
740863
740864
740865
740866
740868
216582
740871
740873
216585
740874
216586
216587
740876
740877
740879
216591
740880
216592
216593
740882
216594
216595
216596
740885
216597
216598
740887
216599
740888
216600
740889
216601
740890
216602
740892
740893
216614
216619
216620
216621
216632
216633
216634
216635
347717
347720
216648
216649
216650
216651
216652
216653
216654
216655
216656
216657
216659
216660
216661
216662
216668
216669
216670
216671
216673
216674
216684
216685
216686
216687
216688
216691
216692
216706
216707
740996
740997
216709
740998
216710
740999
216711
741000
216712
741001
216713
741002
216714
216715
216717
216718
216720
347795
347796
347797
347798
347799
347800
347801
347802
741019
347803
741020
347804
347806
347807
347813
347814
347815
347819
347820
347822
347823
347824
347825
347827
347828
347829
347830
216793
216795
216796
216798
216815
216817
216818
216820
216842
216843
216844
216853
216855
216858
216859
216861
216862
216865
216868
216871
216883
216884
216887
216888
216889
216890
216891
216892
216893
216896
216897
216899
216910
216911
216912
216913
216914
216915
216916
216917
216919
216920
216922
347998
348001
216946
216948
216959
216960
216961
216962
348086
348087
348088
348089
348091
348092
348125
348126
348127
348128
479201
348129
479202
348130
479203
348131
479204
348132
348133
348134
348137
348138
348139
348140
348143
348144
348145
479218
348146
479219
348147
479220
348148
479221
348149
479222
348150
479223
479231
479232
479246
479247
479250
479251
479252
479253
479256
479257
479258
479259
479260
479261
479262
479263
217141
217142
217143
217144
217169
217170
217172
217173
217174
217175
217176
217177
217178
217179
217180
217181
217182
217183
217185
217186
217187
217188
217190
217191
217192
217193
217194
217195
217196
217197
217209
348282
217210
348283
217211
348284
217213
217214
348287
348288
217216
348289
217217
348290
348293
348294
348295
348296
348297
348298
348299
348300
348301
348310
348311
348314
610614
610615
610620
610636
610637
610639
610640
610641
610642
610650
610651
610660
610661
610674
610675
610676
610677
610678
610679
610680
610681
610684
610685
610686
610687
610689
610690
610695
610696
610698
610699
610700
610701
610724
610729
610730
610739
610751
610752
610753
610754
610755
610756
610757
610758
610759
610760
348618
348619
348620
610765
348621
610766
348622
610767
348623
610768
348624
610769
348625
610770
348626
348627
348628
348629
348630
348633
348634
348635
348636
348637
348638
348639
348640
348641
348642
348643
610788
348644
610789
610799
610800
610801
610802
610803
610804
610809
217593
610810
217594
610811
217595
610812
217596
610813
217597
610814
217598
610815
217599
217600
217601
217602
217603
610826
217610
610827
217611
610828
610829
610830
217614
610831
217615
217616
217617
217618
217619
217620
217621
610841
610842
610843
610844
610845
610846
610847
610848
610849
610857
610858
217643
217644
217645
741934
217646
741935
217647
741936
217648
741937
217649
610866
217650
610867
217651
610868
217652
610869
217653
610870
479798
217654
610871
479799
217655
479800
217656
479801
217657
479802
217658
741947
479803
741948
479804
217660
479805
217661
479806
217662
479807
217663
741952
479808
217664
741953
479809
217665
610882
217666
610883
217667
610884
217668
610885
217669
610886
217670
610887
217671
217672
217673
217674
217675
217676
217677
217678
217679
479825
610898
479826
610899
479839
610912
479840
610913
479841
610914
479842
610915
479843
610916
479844
610917
479845
610918
610919
610920
610921
610922
610923
610924
610925
610926
610927
610928
610929
610930
610931
610932
610933
610934
610935
610936
610937
610938
610939
610940
610941
610942
610943
610944
610945
610946
610947
742020
610948
742021
742034
742035
348820
348821
610966
217750
610967
479895
217751
610968
479896
742041
610969
217753
742042
610970
348826
217754
742043
610971
742044
742045
742046
742047
610976
610977
742050
742051
742052
610982
610983
610984
610985
610986
610987
742060
348844
348845
348846
348847
348848
742065
479921
348849
479922
348858
348859
348860
348861
348862
348863
348864
217792
348865
217793
217794
217795
217796
217797
217803
348880
348881
348882
348883
348884
348885
348886
217814
742103
479959
348887
217815
742104
479960
348888
742105
479961
348889
742106
348890
479963
479964
217820
348894
479969
479970
742118
742120
742121
742122
479978
742123
479979
479980
348908
742125
479981
348909
742126
479982
348910
742127
479983
348911
742128
479984
348912
742129
479985
348913
742130
479986
742131
479987
742132
348916
742133
479989
348917
479990
479991
479992
348920
479993
348921
348922
348923
348924
348925
348926
742150
742152
742153
742154
742155
742157
742158
742159
742160
742161
742162
348946
742163
348947
742164
348948
742165
348949
348951
348952
348953
348954
348955
348956
348957
217885
348958
217888
742181
742182
742183
742184
742185
742186
742195
742196
742197
742198
742199
742200
742201
742202
742203
742205
742206
742213
742214
742265
742266
742279
742280
742290
742291
742292
742293
742294
742295
742296
742297
742298
742299
742300
742301
742302
742303
742304
742305
742306
742307
480179
480180
480181
480182
480183
480184
742333
480189
742334
480190
742335
480191
480192
742339
742340
480196
480197
480208
480209
480210
480211
480212
480213
480230
480233
480234
480240
480242
480243
480244
480245
480247
480252
480253
742465
742467
742468
742469
742470
742472
742473
742474
742475
742476
742477
742478
742479
742480
742493
742494
742495
742496
742497
742498
742499
742500
742501
742502
742505
742506
742525
742527
742528
742529
742530
742534
742535
742536
742537
742538
742539
742540
742541
742542
742543
742544
742545
742546
742547
480430
480435
218291
480436
218292
480437
218293
218294
218295
218296
218297
218298
218300
742589
218301
742590
218302
742591
218303
742592
218304
742593
218305
742594
480450
218306
742595
480451
742596
480452
742597
742598
218310
742599
218311
742600
480459
480460
349388
218317
218318
480463
480464
480465
349393
480466
349394
349395
218323
349396
218324
480469
349397
218325
742614
480470
349398
218326
742615
218327
742616
480472
742617
218329
742618
218330
742619
218331
742620
742621
480477
742622
742623
480479
349407
742624
480480
349408
742625
349409
742626
742627
218339
742628
349412
742629
349413
742630
349414
218344
480489
218345
480490
480491
218348
218349
218350
349433
349434
349435
742653
742654
349438
742655
349439
742656
349440
742657
742658
742660
742661
742662
742663
742664
742665
742666
742681
742682
742683
742684
742685
742686
480543
349471
480544
349472
480545
480546
480549
480550
480551
480552
480555
480556
480557
480558
480561
480562
349491
480567
480568
349496
349497
349502
480579
349507
480580
349508
742725
480581
349509
742726
349510
742727
742729
349513
742730
480586
349514
742731
349515
742732
349516
742733
349517
742736
742737
480598
480599
480647
480652
480653
349591
349592
349593
349594
349595
480668
349596
349597
349598
349600
349601
349602
349603
349605
349606
349607
349608
349618
349621
349636
349637
349638
349640
349641
349643
349644
349645
349646
349647
480725
349653
480726
480727
349658
349661
349662
349664
349665
349666
349667
349669
349670
349671
349681
349682
349683
349684
349687
349688
349689
349690
349692
349693
349694
349695
349803
349808
349809
349814
349886
349887
349888
349889
349894
349899
349929
349930
349931
349932
349933
349934
349935
349936
349937
349938
349939
349940
349966
349967
349968
349969
349970
349971
349972
349973
349978
349979
349980
349981
349982
349989
349990
349991
349992
349997
350002
350045
350048
350049
350050
350051
350061
350062
350063
350064
350065
350066
350067
350068
350071
350072
481283
481284
743430
481286
743431
481287
481288
481289
481292
481299
481301
481302
481303
481304
481309
481331
481332
743477
481333
743478
743479
743480
481336
743481
481337
743482
481338
743485
743486
743487
743488
743489
743490
481348
481349
481351
481352
481353
481363
481364
219259
219264
219266
219267
219268
481414
219270
481415
219271
481416
219273
481418
219274
481419
219275
481421
481422
481423
219280
481428
481432
481433
481434
219300
219303
219304
219305
219315
219316
219317
219318
219319
219320
219321
481470
481471
481472
481473
481474
481475
481476
481495
481496
219352
219353
481499
219355
481500
219356
481501
481502
481503
481504
481505
481506
481507
481509
481510
481511
481512
481513
481514
481515
481516
481517
481524
481527
481528
481529
481530
612611
612613
612614
612616
612617
612618
612624
612625
612628
612629
612630
612631
612632
612642
612643
612646
612647
612651
612666
612667
743743
743744
743745
743746
743747
743748
743760
743761
612690
612695
743774
743775
743776
743779
743780
743781
743782
743783
743784
743785
743786
743787
743788
612716
743789
612721
612722
612723
612724
743798
743803
743804
743805
743806
219518
743807
219519
219520
743810
743811
743812
743813
612741
743814
612742
743815
612743
743816
743817
743818
612754
612755
612756
612757
612758
612759
612770
612771
612772
612773
612774
612775
612776
612777
612778
612779
612783
612784
612785
612786
612787
612788
612789
612790
612791
612792
612809
612815
612816
612820
612821
612825
612826
612827
612830
612831
612832
612836
612837
743911
743912
612841
612842
612843
612846
743927
743928
743929
743930
743931
743932
743934
743935
743936
743937
743938
743940
743941
743942
743943
743944
743945
743946
743947
743949
743950
743951
612902
612903
612904
612905
612906
612907
744033
744034
744035
744036
744037
744045
744050
744053
744054
744055
744056
744057
744058
744059
744060
744067
744068
744070
744071
744072
744073
744075
744076
744082
744083
744084
744086
744087
481943
744088
481944
744089
481946
219802
744091
481947
744092
481948
481949
219805
219806
219807
481952
219808
481953
219809
481954
219810
481955
481957
481958
744104
744105
744107
744108
744109
219821
744110
744111
744112
744114
744115
744116
744117
744118
744120
744121
744122
744123
219836
219837
744126
744127
219839
744128
219840
744129
219842
219843
744132
219844
744133
219845
219852
744141
744142
219854
744143
219855
744144
744145
744147
219917
219918
219919
219920
219921
219922
219923
219924
219925
219926
219928
219929
219931
219932
219934
219935
219945
219946
219947
219948
219949
219950
219951
219952
219953
219954
219955
219964
219965
219966
219967
219969
219970
219972
219973
219974
613195
613196
613197
613198
613199
613200
613201
613202
613203
613204
613205
613206
613207
613208
613209
613231
613232
613233
613234
613235
613236
613237
613238
613239
613240
613241
613242
220027
220028
220029
220030
220031
220032
220033
220037
613254
220038
220039
220040
613257
613258
220085
220086
220087
220104
220105
220106
220158
220187
220188
220189
220206
220207
220297
220298
220299
220300
220307
220308
220309
220310
220311
220331
220332
220333
220334
220337
220338
220341
220342
220343
220344
220345
220348
220349
220350
220351
351426
220354
351427
220355
351428
220356
351429
220359
220361
220362
351436
351437
351438
351439
220367
351452
220380
351453
351456
220385
351458
351459
351461
351462
351463
351464
351467
351468
351469
351470
351471
351472
351484
351485
351486
351487
351488
482562
482563
351491
482564
482565
482566
482567
482568
482569
482570
482571
482572
482573
482574
351502
482575
351503
351507
613750
613751
613752
613753
613754
613755
613756
613757
613758
613759
613760
613761
613762
613763
613764
220552
220553
220554
220555
220556
220557
220558
220559
220560
220561
220562
220563
220564
220565
220566
220567
220572
220573
482723
482724
482725
482726
482727
482728
351656
351657
351658
351659
351660
351661
351662
351663
351664
351665
351668
351669
351670
351671
351672
482745
351673
482746
351674
482747
482748
482749
482750
482751
482752
482753
482754
482755
482756
482757
482758
482759
482760
482761
482762
482763
482764
482765
482766
482767
482768
482785
482786
482787
482788
482789
482790
482791
482792
482793
482794
482795
482796
482797
482798
351726
351727
482800
351728
351729
351730
351731
482809
482810
482811
351756
351757
351758
351759
351760
351761
351762
351763
351764
351765
351766
351767
351768
351772
351773
482856
482857
482860
482861
482862
482863
482864
482882
482883
613956
613957
351813
613958
351814
613959
351815
613960
613961
613962
613963
613964
351820
613965
351821
613966
351822
613967
351823
613968
351824
351825
351826
351827
351828
351830
351831
351832
351833
351867
351868
351870
351871
351872
351873
351876
351877
351878
351881
351882
351883
351884
351885
351886
351887
351975
351976
351977
351978
351979
351980
351981
351982
351985
351996
351997
352018
352019
221034
221035
221036
221037
221038
221041
221042
221043
221044
221045
221046
221047
221055
221056
221061
221108
221109
221110
221111
221112
221113
221114
221115
221116
221117
221118
221119
221120
221121
221122
221123
221124
221125
221126
221127
221128
221129
221132
221133
221134
221135
221138
221139
221140
221141
221142
221143
221144
221145
221146
221147
221148
221149
221150
221151
221152
221153
221154
221155
221156
221157
221158
614556
614558
614559
614560
614561
614563
614564
614565
614579
614580
614642
614643
614644
614645
614646
614647
614648
614652
614653
614659
614660
614661
614662
614663
614664
614681
614682
614683
614684
614685
352550
614699
352555
614701
614712
483642
483643
483644
483645
483646
483647
483649
483650
483651
483652
483653
483655
483656
483657
483658
483660
483661
483662
352603
352608
614766
614767
614768
614769
614770
614771
614772
614773
614774
614775
614776
614777
614778
221562
614779
614780
614781
221565
614782
614783
221575
221576
221582
221587
221590
221591
221593
221594
221595
614812
221596
614813
614814
221598
614815
221599
614816
614817
614818
614819
221614
614832
221616
614833
221617
614834
221619
221620
221621
614846
614847
614848
614849
614851
614852
221636
221641
221642
614883
352739
614884
352740
614885
352741
614886
352742
352743
352744
614889
352745
614890
352746
614891
352747
221675
614892
352748
352749
352750
221678
221679
221680
352753
221681
352754
352755
352756
221684
221685
221686
221687
221688
614905
221689
221690
614908
352764
352765
614910
352766
614911
352767
614912
352768
614913
352769
614914
614915
614917
614918
614921
614922
352784
352785
352787
352788
352789
614957
614958
614962
614963
614964
614965
614968
614969
352856
352858
352859
221787
221788
221789
352923
352924
352982
352983
352986
352987
352988
352989
352990
352991
352992
352993
352994
352995
352996
352997
352998
352999
484087
484096
484101
484102
484121
484122
484123
484125
484126
484127
484128
484129
484130
484131
484132
484133
484142
484143
484144
484145
484146
484150
484151
484152
484153
484154
484155
484156
484157
484158
484159
484160
222022
222023
222024
222025
222026
222027
222028
222032
222033
222034
222035
222036
222037
484356
484361
484362
484369
484370
484371
484372
484373
484374
484375
484376
484377
484380
484381
484382
484383
484384
484387
484388
484389
484390
484411
484412
484413
484414
484415
484416
484417
484419
484420
484430
484431
484432
484433
484436
484437
484438
484439
484463
484464
484465
484466
484469
484470
615548
615549
615554
615555
615556
615557
615561
615562
615563
615623
615624
615625
615626
615627
615628
615629
615630
484567
484572
484573
484574
484575
484576
615651
484579
615652
484580
615653
615656
615657
615658
615659
484593
484598
484599
484600
484601
484602
484605
484606
484631
484636
484637
484638
484639
484640
484643
484644
484665
484670
484671
484676
484677
484678
484679
484681
746918
746919
746920
746923
746924
746943
746944
746945
746946
746949
746950
746951
746952
746953
746954
746955
746956
746970
746971
746972
746973
746977
746978
746979
746981
746982
746984
746985
484880
484885
484889
484981
484982
484983
484998
484999
485000
485005
485006
485007
485008
485009
485010
485018
485019
485020
485021
485023
485024
485033
485034
485106
485107
485108
485109
485111
485112
485113
485114
485115
485116
485117
485118
485119
485120
485121
485122
485123
485126
485127
485128
485129
485132
485133
485134
485135
485138
485139
485140
485141
485152
485153
747332
747415
747420
616418
616423
616424
616425
616427
616428
616429
616430
616432
616475
616476
616477
616478
616479
616480
616481
616482
616484
616485
616499
616500
616501
616502
616503
616504
616505
616506
616507
616508
616509
485485
485486
616565
616568
485502
485503
485504
485505
485508
485509
616582
485510
616584
616585
616586
616587
616589
485517
485519
485520
485521
485522
616598
616600
616601
616602
616603
616605
616614
616616
616617
616618
616619
616621
616623
616624
616626
616627
616630
616631
354519
354520
354521
616693
616696
616697
223638
223639
223640
223641
223642
223643
223644
223649
223650
223657
223658
223659
223660
223661
223662
223663
223751
223752
223755
223756
485901
223757
485904
485905
223762
223763
223764
223765
223768
223769
223770
223773
223774
223775
223777
223778
223779
223780
223804
223805
223818
223819
486019
486020
486029
486030
486031
486032
486033
486034
486043
486059
486060
486061
486062
486063
486064
486065
486066
486067
486068
486073
486074
486078
486079
486080
486082
486083
486085
486086
486087
223944
223945
223946
223947
223948
223949
486094
223950
486095
223951
486096
223952
486097
223953
486098
486101
223960
223961
223962
223964
223965
486148
486149
486150
486151
486153
224017
486162
224018
224019
486164
224020
486165
224021
486166
486167
486169
486178
224035
224036
224037
224038
224039
224040
224041
224042
224043
224044
224045
224046
224047
486192
224048
486193
224049
486194
486195
486196
486197
486198
486199
224055
224056
486201
224057
486202
224058
224059
224060
224061
224062
224063
224066
224067
486218
486219
486220
486221
486222
224078
486223
224079
486224
486225
486226
486227
486228
486230
486231
486234
486235
486237
486238
486239
748385
748390
748393
748398
748401
748403
617492
617493
617494
617495
617496
617505
617506
617507
617508
617520
617521
617522
617523
617524
617525
617526
617527
617528
617529
617530
617531
617532
617533
617534
617535
617536
617537
617538
617539
355427
617573
617574
617575
617576
355432
617577
355433
617578
617579
617583
617584
355440
355441
355442
355443
355444
355445
617590
355446
617591
355447
617592
617593
617594
617595
617600
617602
617603
617605
355461
617606
355462
617608
617609
355465
355466
617611
355467
617612
355468
617613
617614
355471
355472
355482
617627
617628
617629
355485
355486
355487
355488
617640
617641
617642
617643
617644
617645
617646
617647
355503
617648
617649
617650
617651
617652
355508
617653
355509
617654
355516
355517
355518
355519
355520
355521
355526
355538
355539
617695
617696
355567
355568
355569
355570
355571
355574
355575
355603
355604
355605
355606
355607
355608
355609
355610
355611
355612
355613
355614
355616
224544
355617
224545
355618
224546
355619
224547
224550
224551
224552
224553
224554
224555
224556
224557
224558
224559
355640
355641
355642
355643
355644
224624
224625
486886
486887
486888
486889
486891
486892
486893
486894
486896
486919
486920
486921
486922
486923
486924
486925
486926
486927
486928
486929
486930
486931
486932
486933
486934
486935
486936
486937
486938
486939
486940
486941
486942
486943
486945
486946
486948
486949
486950
486951
486952
486953
224857
224860
224863
224872
618100
618101
618103
618104
618105
618106
618121
618122
618123
618124
618126
618127
618128
224917
224918
224919
618142
224926
618143
224927
224928
224940
224941
224942
224943
224944
224955
224956
356032
224961
224966
224967
224972
356045
224973
356046
224974
356047
224975
224976
224977
224978
224979
224980
224981
224982
224983
224984
224985
224986
224987
224998
224999
225000
225001
225012
225013
225020
225021
618314
618315
618323
618324
618325
618326
618327
618353
618354
618355
618356
618357
618358
618361
618362
618363
618365
618366
356223
618368
356224
618369
356225
618370
356226
618371
618372
356228
618373
618374
749448
356233
749450
749451
749452
749458
749459
749461
749462
749463
749465
749466
356250
749467
356251
749468
356252
356253
356254
356255
356256
749481
749483
749484
749485
749486
749487
749488
356272
356273
618422
618423
749496
618424
749497
618425
749498
618426
618427
749500
618428
749501
749504
749509
749510
749511
749513
749514
749515
618443
618444
618445
618446
618448
618449
618450
618451
618452
618453
618456
618457
618463
618464
225328
225329
225330
225331
225332
225333
225334
225335
225336
225344
225345
225346
225347
225350
225351
225352
225353
225354
225355
225356
225357
225378
225379
225380
225381
225382
225383
225384
225385
225386
225387
225388
225389
225390
225391
225436
225437
225438
618689
618690
487626
487627
487630
487631
618709
618714
225498
618715
225499
618716
225500
749789
618717
225501
618718
618719
225503
618720
225504
618722
225506
618723
225507
618724
618725
225514
225515
225516
225517
225520
225521
225522
225523
618740
225524
618741
225525
618742
225526
618743
225527
225528
618746
618747
618748
225535
225536
225537
225538
618755
618757
749830
618758
618759
618760
225633
225634
225635
225636
225637
225638
225639
225640
225680
225681
225682
225683
225684
225685
225686
225687
225688
225689
225690
225691
487864
487865
487868
487869
225739
225740
487885
487886
487888
487889
225755
225756
487901
487902
487903
487904
487905
225761
487906
225762
487909
487910
225769
225770
225777
225778
487923
487924
356909
356910
356911
356912
356913
356914
356915
356916
356917
356921
356922
356923
356924
356925
356926
356927
356928
356933
356934
356935
356936
356937
356938
356939
356940
356941
356942
356943
488016
356944
488017
356945
356950
356951
356956
488040
488041
488042
488043
488044
488045
488046
488047
488048
488049
488050
356978
488051
356979
488052
356980
488053
356983
356984
356987
488060
356988
488065
488066
488067
619140
488068
619141
619142
488073
488074
488075
488076
488077
357007
619155
619156
357012
619157
357013
619158
357014
619159
357015
619160
488088
357016
619161
488089
619162
488090
619163
488091
357019
488092
357020
488093
619166
488094
619167
488095
619168
619169
619170
619171
357033
357034
357035
357036
619181
357037
619182
488110
619183
619184
619187
619188
619189
357045
619190
619191
619192
619193
619194
357050
619195
619196
357052
357053
357054
619199
357055
619200
357056
619201
619202
619203
619204
357060
357061
226001
226002
488147
488148
488149
488150
488151
226007
226008
226013
226014
226015
226016
226017
488162
226018
488163
226019
226023
226024
357100
357101
226040
226041
226042
226043
226050
226051
488196
226052
488197
226053
488198
226054
488199
226055
488200
488201
488202
226058
488203
357153
488226
357154
488227
357164
357165
357166
357167
357168
357241
357242
357243
357244
357245
357287
357288
357289
357290
357291
357292
357293
357294
357295
357296
357297
357298
357299
488403
488408
488411
488416
357363
357368
357369
357370
357371
357372
357375
357376
488461
357389
488462
357394
357395
357396
357397
357398
357401
357402
488475
488476
488477
488478
488479
488480
226337
226338
488483
488484
488485
488489
488492
488495
488498
357427
357432
357433
357434
357435
357436
357439
357440
619594
619595
619596
619597
619598
488526
619599
488527
619600
488528
619601
488529
619602
488530
619603
488531
619604
619605
357461
619606
619607
619608
619609
619610
357466
619611
357467
357468
357469
357470
488545
488546
488549
488550
619623
488551
619624
488552
619625
619626
619627
619628
488556
619629
488557
619630
619632
619633
619634
619635
619636
488570
488571
357499
357500
357501
488574
357502
488575
357509
357510
488594
488595
488596
488597
488598
488599
488600
488601
488602
488603
488604
488605
488609
488610
488615
488616
619706
619707
357576
357577
357578
357579
357582
357583
357587
357588
357592
357593
619740
619761
619762
619763
357628
357629
357630
619796
619797
619801
619802
619803
619804
357674
357675
357676
357677
357678
357679
619828
619829
357692
357693
357694
357695
619841
619846
357706
357707
357708
488781
357709
488782
488783
488784
488785
488786
488787
488788
488789
488790
488791
488792
357720
488793
357721
357722
357723
619877
357734
357735
619880
357742
357743
619889
619890
357750
357751
357752
357753
357754
357755
357756
357757
619921
619922
619923
619924
619925
619927
619928
619929
619930
619932
619933
619934
619936
619937
619943
619946
619947
619951
619953
619954
619955
619956
619966
620202
620203
95978
95979
620268
620269
620270
95982
620271
95983
620272
95984
620273
620274
95993
96003
96004
96007
96008
96009
96010
96011
96012
96013
96014
96015
96016
96017
96018
96019
96020
96021
96022
96023
96026
96027
96028
96029
96030
96031
96032
96033
96034
96035
96036
96037
96040
96041
96042
96043
96044
96045
96046
96047
96048
96049
96050
96051
96052
96053
96054
96057
96058
96059
96060
96061
96062
96063
96064
96065
96066
96067
96068
96069
96070
96071
96072
96073
96074
489308
489319
489320
489321
489322
489323
489324
489339
489340
489341
489342
489343
489344
489345
489346
489347
489348
489349
489352
489353
489354
489355
489357
489358
489370
489371
489372
489411
489412
489413
489414
489415
489416
489417
489418
96229
96230
96237
96238
96240
96241
96242
96245
96252
96254
96255
96257
96258
96259
96260
96275
96276
358534
358535
358537
358538
358552
358553
358554
358556
358557
358558
620730
620732
620733
620734
620735
620737
96479
96480
96485
96486
96495
96496
96497
96498
96499
96500
96503
96504
96507
96508
96509
621020
621021
621022
621023
358879
358880
621025
358881
621026
358882
621027
358883
621028
358884
358885
621030
358886
621031
358887
358888
621033
358889
621034
358890
621035
358891
621036
358892
358893
358894
358895
358909
358910
358911
358912
358913
358914
358915
358916
358925
358926
358927
358946
358947
358948
358949
358950
358951
358952
358953
358954
358955
358956
358957
358958
96820
96821
227894
96822
227895
227896
621113
227897
621116
621117
621118
96832
621121
96833
621122
96835
96836
621125
621126
227910
621127
621132
621134
621135
621136
96850
96851
96852
96853
96854
621143
96855
96856
96857
621146
96858
621147
96867
96868
96869
96870
96871
96872
96873
96901
96902
96903
96906
96907
96908
96909
96912
96913
96914
96915
96916
97034
359179
97035
359180
97036
97039
97040
97041
359200
359201
359202
359203
359204
97060
97061
97062
97064
359209
97065
359210
97066
359211
97067
97069
97070
359227
359228
359229
359230
359235
359236
359237
97097
97098
97099
97100
97101
97102
97103
97112
97113
97114
97117
97118
97119
228219
228220
228221
228222
228223
228224
228225
228226
228227
228228
97160
97161
359307
359308
359309
359310
359311
359312
97168
359313
97169
97170
97171
97172
97173
97174
97175
228251
228252
228253
97184
97185
97186
97187
97188
97189
97190
97191
228265
228266
228267
228268
228269
228270
228271
228272
228273
97202
97203
97204
97205
97206
97207
97208
97209
228282
97210
228283
228284
228285
228286
228287
228288
228289
228290
228291
97219
228292
97220
228293
97221
97222
97223
97224
97225
228310
228311
228312
228313
228314
228315
228316
228317
228318
228320
228323
228324
228325
490479
490480
490481
490482
490483
490484
490497
490498
490513
490514
490551
490552
490557
490568
490569
490570
490571
490572
490573
490574
490575
490576
359505
359506
490581
490592
490593
490594
490595
490598
490599
490600
490601
490602
490603
490604
490605
490608
490609
359537
359538
490612
490613
359541
490614
359542
490615
359543
359544
359545
359546
97402
97410
97411
97412
97413
97414
97415
359560
97416
359561
97417
97418
97419
97420
97421
97422
97423
97424
97433
97434
97435
97436
97437
97440
97441
97442
359590
359591
359592
359593
359594
359595
359596
359597
359598
359599
359600
359601
359602
359603
359604
359605
359606
359607
359608
359609
359610
359611
359612
97468
359613
97469
359614
97470
359615
97471
359616
97473
97474
97475
97476
359621
97477
359622
97478
359623
97479
359624
97480
97481
97506
97507
97508
97509
97510
97511
97512
97513
97514
97515
97516
97517
97518
97519
97520
621836
621837
621838
228624
228625
228626
228627
228629
228630
228632
97560
621849
228633
97561
621850
97562
97563
97564
97565
97566
97567
228640
97568
621857
228641
97569
228642
97570
228643
97573
228646
97574
228647
228648
228649
228650
228651
97579
228652
97580
228653
228654
228655
228656
228657
97585
228658
97586
228659
228660
228661
97589
97590
97601
97602
97603
97605
97606
97607
97608
97609
359822
359823
359834
359835
359836
359837
359850
359851
359854
359855
359856
359861
359862
359863
359864
359865
359866
359867
359868
359869
228835
228836
228837
228838
228841
228842
228843
228844
228862
228863
228865
228866
228868
228869
228871
228872
228876
228877
228879
228880
228881
228882
228884
228885
228889
228890
228892
228893
228895
228896
228898
359971
228899
359974
359978
359979
228907
359980
228908
228912
359985
360005
360006
360007
360008
360010
360022
360027
360029
360030
360031
360033
360034
360036
360037
360038
360043
360123
360124
622383
622386
622399
622402
360432
360433
360434
753651
360435
360436
753653
98316
98317
98321
98322
98335
98336
229471
622688
229472
622689
229473
229474
229475
229478
360551
229479
360552
360553
360554
360561
360562
360575
360576
360577
360578
360579
360580
360581
360582
360583
360584
360585
360586
360587
360588
360589
360590
360591
360592
360593
622746
622749
622761
622762
229555
229556
229557
229558
229559
229560
622777
229561
622778
229562
229563
229564
229565
622793
622794
622795
622796
622797
622798
229584
229585
229586
229587
229588
229589
229590
229591
229592
229593
229594
229595
229596
229597
229608
229609
229610
229611
229612
229613
622830
622831
229624
229625
229627
229628
229629
229630
622876
622877
622878
622879
622880
622881
622882
622883
622884
622885
622886
622887
622888
622890
622891
622916
622917
229701
98629
622918
229702
98630
622919
98631
622920
98632
622921
98633
622922
98634
622923
229743
622980
622981
622982
622983
622984
622986
622987
622998
622999
623000
623001
623002
623003
623004
623011
623012
623013
623014
623015
623016
623017
623019
623020
623021
623022
623024
229811
229812
229813
491958
229814
491959
491960
491961
491962
491963
229824
229825
623042
491970
229826
623043
491971
229827
623044
491972
229828
491973
229829
491974
229830
491975
229831
491976
623049
491977
491978
491979
491980
491981
98766
98769
623061
623062
623065
623066
623075
98788
623077
98789
623078
623083
623096
623097
623098
623100
98824
98829
98830
98831
98832
98833
98834
98835
98836
98838
98839
98846
98847
98849
98850
98851
229926
98854
98855
98856
98874
98875
229982
229983
229984
229985
229988
229989
229990
229991
229992
229997
229998
229999
230000
230001
230005
230006
230011
230013
230014
230015
230016
230017
230018
230020
230021
230022
230023
98956
98957
98969
98970
98971
98972
98973
98974
98977
98978
98979
98991
98992
361138
361139
361140
361141
98997
98998
99001
361148
492221
361149
492222
361158
361159
361160
361161
361163
361164
492237
492238
361166
492239
361167
99023
492240
361168
99024
99025
99027
230100
99028
361173
99029
361174
99030
361175
361176
361177
361180
361181
492254
361182
492255
361183
492256
361184
99040
492257
361185
492258
361186
492259
361187
492260
361188
492261
361189
99045
492262
361190
492263
230119
492264
230120
492265
492266
230122
492267
230123
492268
230124
230125
230127
361203
492277
492278
492279
492280
492281
492282
230138
99066
492283
492284
492285
99069
361217
361218
361223
361224
99080
361225
99081
492298
492299
361228
492301
361229
492302
361230
492303
361231
492304
361232
492305
361233
492306
361234
492307
361235
492308
361236
361237
361244
361245
361246
361247
361248
361249
361275
361276
361277
361278
361279
361280
361281
230209
230210
230212
230213
230214
230215
230217
230230
361310
361311
361312
361313
361314
361315
361316
361317
361318
361325
361326
361327
361328
361329
361330
361331
361332
361333
492475
492476
492477
492478
492479
492480
492481
492482
492487
492492
492493
492498
492518
492519
361450
361455
492528
361456
492532
492533
492534
492535
361463
361464
361465
361466
361467
361468
361474
492547
361475
492548
361476
492549
492550
492551
492552
492553
492554
492555
492556
492570
492571
492573
492574
99411
99412
99413
361559
361560
99422
99423
99424
492641
492642
492643
99443
99444
99445
230714
230715
230716
230717
230718
230751
230752
230754
230759
230761
230762
230763
230764
230766
230767
230769
230770
230771
230772
230774
230775
492923
492924
492925
361853
492926
492927
361855
361856
492929
361857
99713
492930
361858
99714
361860
492933
361861
492934
492935
492936
492938
492939
99723
492940
99724
99725
99726
99727
99728
361873
99729
361874
99730
361875
361878
361879
361880
361881
99739
492956
99740
492957
99741
99742
99743
492960
99744
492961
99745
99746
99747
492964
99748
99749
99750
99754
99755
99756
99757
492980
492981
492982
492983
99767
492984
99768
492985
492986
492987
492988
492989
492990
492991
492994
492995
492996
492997
99783
493000
99784
493001
99785
493002
99786
493003
99787
99788
99789
493006
99790
493007
99791
493008
99792
493009
99793
493012
99796
493013
99797
493014
99798
99813
99814
99815
99816
493033
99817
493034
99818
99819
493036
99820
493037
99821
99822
99823
99826
99897
493125
493180
493181
493182
493183
493184
493186
493187
493190
493191
624266
624268
624269
624270
624271
624272
493204
493205
493206
493207
493208
493209
493210
493211
624291
493219
624292
493220
624293
493221
624294
493222
624295
493223
624296
493224
624297
493225
624298
493226
624299
493227
624300
493228
493229
100015
624304
100016
100019
100027
100028
100029
100030
100031
100032
493249
493250
231106
231107
100035
231108
100036
624325
493253
231109
100037
624326
231110
624327
231111
624328
493256
231112
624329
231113
624330
624331
624332
624333
231117
624334
231118
100046
624335
100047
100048
493265
100049
493266
100050
493267
100051
493268
100052
231125
100053
231126
100062
100063
231136
100064
231137
100065
231138
100066
231139
100067
231140
100068
100069
231143
231144
231145
231146
231147
231148
624365
231149
624366
231150
624367
624368
624369
624370
100083
100084
100085
100086
100088
100089
624379
624380
624381
231166
231167
231168
231171
231172
231173
231174
231175
231176
231177
231178
231179
100109
100110
100111
100112
100114
100115
100116
100117
100118
100119
100120
231193
100121
231194
100122
100123
100124
100125
100126
100127
624445
624446
624447
624448
624449
624452
624474
624475
624476
231270
624489
231275
231276
624494
624495
624496
624497
624498
624499
624500
624501
624502
624504
624505
624506
624507
231291
231292
231293
231294
231295
231296
231301
231319
231320
231321
231322
231323
231324
231331
231332
231333
231334
231335
231336
231358
231359
231360
231361
231362
231367
231368
231372
231377
624606
624607
624608
231392
624609
624610
624611
231395
624613
624614
624615
624616
624626
624627
624636
624637
493618
493619
362553
362554
493628
493629
493630
362560
493633
362561
493634
362562
493635
362563
362592
362597
362598
362599
362600
362601
362604
362605
362606
362607
362608
362609
362642
362643
493723
493724
493725
493726
493727
493728
493731
493732
493733
493734
493735
493736
493751
493756
493759
493760
493761
493762
493763
493766
493767
493768
493769
493771
493772
493773
493774
493775
493776
493848
493851
493856
493859
493860
493862
493863
493864
493865
493867
493868
493875
493876
493878
493879
493880
493881
493883
493884
493885
493886
493887
493888
493891
493892
493906
493907
493908
493909
493910
493911
493913
493914
493915
493916
493917
625162
625165
625170
625173
625178
625181
625186
625189
625194
625195
625197
625198
494378
494379
494380
494389
494392
494393
363321
494394
363322
494395
363325
363326
494400
363328
363329
363331
363332
363333
363334
363336
363337
363338
363339
363340
494413
363341
494414
363342
363343
363344
363345
494418
363346
494419
363347
363348
363349
363350
363351
363352
363353
363354
363355
494428
363356
494429
363357
363358
494431
363359
494432
363360
494433
363361
494434
363362
363363
363365
363366
363368
363369
363370
363371
363372
363373
363374
363375
363376
494459
494460
494462
494463
494464
494465
363471
363472
363473
363474
363475
363476
363477
363478
363479
363480
363483
363484
363488
363489
363490
363491
363492
363493
363494
363495
363505
363506
363507
363508
363509
363510
363511
363512
363513
363514
625751
625752
625753
625754
625755
625756
625758
625759
625761
625762
625763
625764
625765
625766
625767
625768
625769
625770
625771
625772
625774
625775
363632
232560
625777
363633
232561
625778
363634
232562
625779
363635
232563
625780
363636
232564
625781
363637
232565
625782
363638
232566
625783
363639
232567
625784
625785
625786
625787
625788
625789
625790
625791
625792
232576
232577
625794
232578
625795
232579
625796
232580
625797
232581
363656
625801
363657
625802
363658
625803
363659
625804
363660
625805
363661
625806
363662
363663
625808
625809
625810
625811
363676
363677
232606
232607
363680
232608
363681
363682
363685
232613
363686
232614
363687
232615
232616
232617
232618
363698
363703
363704
232636
232637
363717
363718
363719
363720
363721
363727
363728
363729
363730
363734
363735
363737
363738
363739
363740
363743
363744
363745
363746
363747
363748
363749
363750
363751
363752
363755
363756
363757
363758
363779
363780
363781
363782
626152
626153
626154
626155
626163
626164
232953
232954
232955
626172
232956
626173
232957
626174
232958
626175
232959
232960
626190
626191
232975
232976
232977
626194
232978
626195
232979
626196
232980
232981
626199
626200
626201
626212
233034
626251
233035
626252
626253
626254
626268
626269
626270
626271
626273
626274
626275
626276
626277
626278
233064
233067
626287
626290
233081
233082
233083
233084
626303
626304
626305
626306
233092
233093
233094
233095
233097
233098
233099
233100
233102
233103
233104
233105
233106
626356
626357
626363
626364
626365
626366
495333
495334
495335
495336
495337
495338
495351
495352
233221
233222
233223
495368
495369
495370
233226
495371
364299
233227
495372
364300
233228
495373
364301
233229
495374
233230
364303
233231
495376
364304
233232
495377
364306
495379
364307
364337
364338
364339
364340
364341
364344
364345
364346
364347
364350
364351
364352
364353
364354
364355
364356
364357
364361
364362
495444
233343
233344
233354
233355
233356
233357
233358
233359
233360
233361
233362
233363
233364
233365
233366
233367
233368
233399
233402
233403
233404
233413
233424
233425
233426
495723
495724
495726
495727
495729
495730
495732
495751
233607
495752
233608
233609
495754
495755
495757
495758
233614
233615
495761
495763
495764
495765
495766
495767
495768
495769
495770
495771
495772
495791
233708
233709
233710
233711
233713
233714
233715
233716
233718
233719
233721
233722
233723
233724
233731
233734
233735
233736
233737
233738
233841
233842
233849
233856
496061
496062
496063
496064
496065
496066
496067
496068
496069
496070
496072
496077
496078
496079
496083
496084
102985
102986
102987
102988
102991
102992
102993
103003
103004
103006
103011
103012
103014
103015
103018
103019
627364
627365
627366
627367
627368
627369
627370
627371
627372
627373
627374
627375
627376
627377
627378
627379
627380
103092
627381
103093
627382
103094
627383
103095
627384
627385
103097
627388
103104
103105
103106
103115
103116
103117
103130
103131
103132
103133
103143
103144
103145
103146
103147
103148
103149
103150
103151
103154
103157
103160
103169
103171
103172
103173
103174
103175
103177
103178
103179
103180
103182
103183
103184
103185
103186
103192
103195
103196
103197
103199
103200
103202
103203
103205
103206
103207
103209
103210
103212
103213
103214
103216
103217
103218
103219
103220
103221
103222
103223
103224
365386
365387
365400
365403
365404
365405
365406
365407
365408
365409
365413
365414
365434
365439
365440
365445
365446
365447
103303
103304
103305
103308
103309
103310
234441
234444
627777
627778
627779
627780
627781
627782
627783
627784
627785
627786
627787
627788
627789
627790
627791
627792
627793
627794
627795
627796
627813
627814
627815
627816
627875
627876
234915
365988
234916
365989
234917
365990
234918
365991
365992
234920
365993
365996
365997
365998
365999
366000
366001
234929
366002
366003
234931
366004
234932
366005
234933
234934
234936
234947
366020
366021
234949
366022
234950
366023
234951
366024
234952
366025
234954
234955
234956
366029
234957
366030
366031
366032
234960
366033
234961
366034
234962
234963
234964
235023
235024
235025
235026
366099
235027
366100
235028
366101
366102
235035
235036
366135
366136
366137
366138
366139
235068
235069
235098
235099
235104
235105
235106
235107
235108
235109
235155
235156
235157
235158
235159
235160
235163
235164
235165
235166
235167
235168
235169
235170
235171
235173
235174
235175
235176
366250
235178
235179
235180
235181
235182
235183
235184
366305
366306
366307
366308
366314
366315
366316
366318
366319
366320
366321
366323
366324
235252
235253
366326
235254
366327
235255
366328
235256
366329
235257
235258
366331
366332
366333
366342
366343
366344
366345
366347
366356
366357
366360
366361
366362
366363
366364
366374
366375
366382
366383
366390
366391
366392
366393
366394
366395
366396
366398
366399
366400
366401
366403
366404
366405
366406
366407
366409
366410
366411
366420
366421
366422
366425
366426
366427
366428
366429
366430
366431
366432
366433
366434
366435
366437
366442
366443
366444
366445
366446
366449
366450
366451
366455
366456
366460
366461
366462
366464
366465
366471
366476
366477
366478
366479
366480
366481
366482
366483
366484
366500
366501
366502
366503
366504
366505
366510
366515
366516
366517
366518
366519
366520
366565
366566
366584
366585
366588
366589
366590
366591
366593
366594
366595
366596
366599
628744
366600
366601
366605
366606
366610
366611
366612
366615
366616
366617
628764
628765
628766
628767
628769
628770
628771
628772
628775
366634
366635
366636
366637
628782
366638
628783
366639
628784
366640
628785
366641
628786
366642
628800
628801
628802
366658
628803
366659
628804
628805
366661
628806
366662
628807
366664
366665
366667
366668
366669
366670
366671
628816
366672
628817
366673
628818
366674
628819
366675
628820
366676
628821
366677
366680
628831
628832
366694
366695
366696
366697
366698
366699
366700
366701
366702
366703
366704
366707
366708
628984
628985
628986
628987
628988
628989
628990
628991
629001
629002
629003
629004
629021
629022
629023
629024
629025
629026
629027
629028
629029
629067
629068
629069
629070
629071
629072
629073
629074
629075
629076
629077
629078
629079
629082
629083
629084
629085
629088
629089
629090
629091
629092
629093
629094
629095
629264
629265
629266
629267
629268
629269
629270
629271
629272
629273
629274
629275
629289
629290
629295
629296
629297
629298
629299
629300
629301
629302
629303
629304
629305
498326
498327
498352
498355
498368
498369
105154
498371
105155
498372
498373
498374
105160
498386
498387
498388
498389
498390
498391
498392
498396
498397
498442
498443
498444
498450
498451
498452
498461
498462
498463
629663
629664
629665
629666
629667
629668
629673
629674
629675
629676
629677
629678
629679
629682
629683
629684
629685
629686
629687
629688
629689
629710
629711
629715
629716
629717
629718
629719
629720
629721
629722
629727
629736
629807
629808
629809
629810
629811
629812
629813
105616
236689
105617
236690
236691
236692
236694
236695
367773
367774
367776
367777
367778
629923
629924
367781
367782
367783
629929
105642
105643
629940
629941
629942
629943
629944
629946
629947
629948
629949
629950
629955
629966
629967
629968
629969
629970
629971
629974
629975
629978
629979
236763
629980
236764
105692
629981
236765
105693
236766
236767
629984
236768
629985
236769
629986
236770
629987
236771
236772
236775
236776
236777
629994
236780
236781
236782
629999
236783
630000
236784
630001
236785
630002
236786
630003
236787
236788
236789
630006
630007
105727
105728
105729
105730
630026
630031
105743
630032
105744
630033
105745
630034
630035
630038
630039
236833
236834
236835
630052
236836
630053
630054
236838
630055
236839
630056
236840
105768
236841
105769
236842
105770
236843
236845
105773
236846
105774
236847
105775
630064
236848
236850
236851
236853
236854
236855
236856
236858
236859
236860
236861
236862
236863
236864
236885
236888
236889
236890
236891
236892
236895
236896
236899
236902
236903
236904
236907
236908
236941
236946
237325
237330
237361
237366
237392
237393
237394
237395
237396
237397
237401
237406
237407
237408
237421
237422
237423
237424
237437
237438
237439
237440
237441
237442
237480
237481
237493
237494
237495
237496
237497
237498
237499
237500
237501
237502
630758
630759
630760
630761
630762
630763
630768
630769
630770
630786
630787
630788
630789
630790
630791
630792
630793
106506
106508
106509
106510
106511
106514
630803
630804
630805
106519
106520
106521
106522
106523
630822
630823
499824
499825
499844
499847
499988
499989
499990
499991
499994
499995
499996
499997
499998
631084
631087
500015
631088
500016
631089
500017
631090
500018
631091
500019
500020
500033
500034
500037
500038
500039
500040
500041
631114
631115
631120
631122
631123
631124
631125
631126
631127
631128
631129
500133
500134
500135
500136
500138
500146
500147
500149
500150
500151
500152
500155
500156
500157
500159
500160
500162
500163
500164
500196
500199
238094
238095
238096
238097
238098
238099
238100
238108
238109
238110
238111
238123
238124
238125
238126
238128
238129
369403
369404
369409
369410
369411
369412
369416
369417
369428
369431
369444
369445
369446
369447
369448
369449
369450
369451
631610
631611
631616
631617
369475
369476
369477
631622
369478
369479
369482
631627
369483
631628
369484
631629
369485
631630
369486
631631
631635
631636
631637
369497
369500
369501
631646
631647
631648
631649
631650
631655
631660
631661
631662
631663
631664
631667
631668
631669
631678
631679
631680
631705
631706
631707
631710
500638
631711
500639
631712
500640
631713
500641
631714
500642
631715
500643
631716
500644
631717
631718
631719
238504
238505
238524
238525
631751
631752
631753
500681
500682
500683
238539
500684
238540
500685
631762
631763
238547
631764
238548
631765
238549
631766
238550
631767
238551
631768
500696
238552
631769
500697
631770
500698
631771
500699
631772
500700
500701
631774
238558
631775
500710
500711
238573
238575
238576
238577
500742
500743
500744
500745
500746
500747
500748
500749
500759
500760
500761
500772
500773
107561
107562
107563
107564
107565
107566
500788
500789
500790
500791
500792
107577
107578
107579
107580
107581
107582
500803
500804
500805
500806
500807
500808
500809
107593
500810
107594
107595
107596
107597
107598
500832
500833
369785
369786
369788
369791
369794
369797
107654
369799
107655
500872
369800
500873
500874
107658
500875
107659
500876
107660
500877
107661
500878
107662
500879
500880
500881
500882
500883
500884
107668
500885
107669
500886
500887
107671
500888
107672
500889
500890
107674
500891
107675
500892
500893
107677
500894
107678
500895
500896
500897
500898
500899
500900
500901
500902
107686
500903
500917
500918
238774
238775
500943
500944
500946
500947
500948
238806
238807
500960
500961
500962
500963
500964
500965
238821
238822
238823
238824
238825
238826
238827
238828
238829
238830
238831
238832
238833
238834
238835
500989
500990
500991
500992
500993
500994
500995
238853
238854
238857
238858
107791
107792
107793
107794
107796
107797
501019
501020
501021
501022
501023
501024
238880
238881
107809
238882
107810
238883
107811
501028
238884
107812
501029
238885
107813
107814
107815
107816
501039
501040
501041
501042
501043
501044
107828
501045
107830
501047
107831
501048
107832
107833
501051
107835
501052
107836
107837
501054
501055
501056
501057
501058
501059
501060
501061
107845
501062
107846
501063
501064
107848
501065
107849
501066
501067
107851
501070
501071
107863
501083
501084
501085
501086
501087
501088
107895
107896
107897
107898
107899
107900
107903
107904
107905
107906
107908
107909
107910
107912
107913
107922
107923
107924
107925
107926
239001
239002
107935
107936
107949
107950
107951
107952
107953
107954
501253
501254
501291
501292
501293
501294
501295
501296
501297
501298
501299
632374
632375
632377
632378
632379
632380
632381
632382
501316
501317
501318
501319
501320
501321
501322
501324
501325
501327
501328
501329
501330
632405
632406
632407
632408
501336
632409
632410
501341
501342
501343
501344
501345
632590
632591
632592
632593
632594
632595
632597
632598
632600
632601
632602
632603
632604
632605
632606
632607
632608
632609
632610
632611
632613
632614
632616
632617
632618
632619
632620
632621
632622
632623
632624
632625
632658
632659
632660
632661
632662
632663
632665
632666
632667
632668
632669
632670
632671
632672
632673
632674
632675
632676
370535
370536
370537
370538
632683
370539
632684
370540
370541
632688
632689
632690
632691
632692
632693
632695
632696
632698
632699
632700
632701
632702
632703
632704
632705
632706
632707
632708
632709
632711
632712
632714
632715
632716
632723
632724
632725
632726
632727
239522
239523
239524
239525
239526
239527
239528
239530
239531
239532
239533
239535
108468
108469
239555
239556
239638
239639
239641
239642
239645
239646
239647
239648
239649
239650
239651
239652
239653
239656
239657
239658
239659
239661
239662
239663
239664
239665
239666
239667
239668
239669
239670
239671
239672
239673
239674
239675
239676
239677
239678
239679
239680
239681
239682
239683
239684
239685
239706
239707
239708
239713
239714
239715
239718
239719
239720
239722
239724
239725
239726
239727
239744
239749
501997
501998
501999
502000
502001
502002
502003
239884
239901
239902
239903
239904
239905
239907
239908
239909
239910
239911
239912
239913
239914
239915
239916
239917
239918
239919
239920
239921
239922
239923
239924
239925
239926
239927
239930
239931
239932
239934
239935
239936
239937
239938
239939
239940
239943
239944
239945
239946
239947
239952
239957
239993
239994
239996
239997
240036
240039
240040
240119
240124
240125
240126
240127
240128
240129
240130
240131
240134
240135
240141
240142
240143
240146
240147
240148
240149
240150
240151
240152
240153
240154
240155
240156
240157
240160
240161
240162
240163
240164
240165
240166
240169
240170
240171
240180
240181
240182
240185
240186
240187
240188
371381
371382
371383
371384
371385
371396
109344
109345
109346
109347
109348
109351
109352
109353
109354
109357
109358
502609
502610
502611
502614
502617
502618
502619
502620
502621
502622
502625
502636
502637
240523
109496
109497
109498
109499
109501
109502
109503
109504
109505
109506
109507
109508
109509
109510
109511
109512
109514
109515
109516
109517
371667
240595
371668
240596
633813
240597
633814
240598
633815
240599
633816
633817
633818
240603
240604
240608
240609
371682
240610
371683
371684
371685
371686
633831
371687
240615
633832
240620
240621
240622
109550
371695
371696
240624
371697
240625
371698
240626
371699
240627
371700
371701
240629
109557
371702
240630
109558
240631
109559
240632
109560
109561
240634
240635
240636
109564
109571
109572
109573
109574
240647
109575
240648
240649
240650
240651
240653
240670
240671
240676
240677
240695
240696
240697
240698
240699
240700
240703
240704
240707
240708
240709
240711
240716
240717
240718
240720
240729
240730
240731
240738
240739
633959
633960
633961
633962
633963
633964
109677
109678
633973
633974
633975
109687
633976
109688
633977
109689
633978
109690
633979
240763
109691
633980
109692
109693
240766
109694
240767
240768
240769
240770
109703
109704
109705
371850
109706
371851
109707
109708
371865
371866
371881
371882
371884
371885
371886
371887
371888
371889
371890
371891
371892
371896
371897
109758
109759
109760
109761
109762
109763
240839
109769
109770
371915
109771
371916
109772
371917
109773
371918
109774
371919
371920
109783
109784
109785
109786
109787
109788
109789
109790
109791
109792
109793
109814
109815
109816
109849
109852
109853
109854
109855
109856
109857
109918
109919
109920
109921
109922
109924
109925
109926
109927
109954
109955
109956
109957
109958
109959
109995
109996
110020
110021
110022
110023
110024
110025
110035
110036
110037
634335
634336
634337
634338
110050
634339
634340
110052
634341
110053
634342
110054
110055
634344
634345
634346
634347
634348
634349
634350
634351
634352
634353
110066
110067
110079
110080
110081
634370
110082
634371
110083
634372
372228
110084
634373
110085
634374
110086
634375
110087
634376
634377
634378
634379
372241
372244
634403
634408
634419
634424
634425
634426
634427
634428
372284
634429
372286
634431
372287
634432
634433
372289
634434
372290
634436
372292
634437
372293
634438
634439
372295
634442
634443
634444
634445
372301
372306
372307
634456
372312
634457
634458
634459
634460
634462
634463
634464
634465
634467
634468
503400
503403
503417
503418
503419
503420
503421
503422
503425
503426
372358
372360
372361
372362
372363
372365
372374
372376
372377
503450
372378
372379
503453
503456
503459
503463
503464
503465
503467
503468
503470
503471
503472
503473
503474
503475
503476
503479
503480
503481
503528
503533
503534
503535
503536
503537
503540
503541
503554
503559
503560
503561
503562
503563
503566
503567
503628
503629
503640
503641
503643
503644
503645
503646
503649
503650
503655
503656
503657
503658
503659
503660
503670
503675
503676
503677
503678
503680
503681
503682
503683
503684
503685
503686
503687
503688
503689
503692
503693
503694
503695
503708
503709
634810
634811
634812
634813
634814
634815
634816
634817
634828
634829
634830
634831
634832
634833
634834
634835
634836
634837
634838
634839
634840
634841
634844
634845
634846
110558
634847
110559
634848
110560
634849
110561
110562
110563
110564
110565
110566
110567
110568
110577
110578
110579
110580
110581
110582
634878
634879
634880
634881
634882
634883
110595
634884
634885
634886
110598
634887
110599
110600
110605
110606
110607
110609
110610
634920
634921
634922
634923
634924
634925
634926
634927
634928
634929
634930
634931
634932
634933
634934
634935
110689
110690
110691
110694
110695
110696
110715
110716
110717
110718
110722
110727
110728
110729
110770
110771
110772
110773
110774
110775
110776
110777
110778
110779
110780
110781
110782
110783
110785
110786
110794
110795
110820
110821
110822
110823
110828
110829
110830
110831
110832
110833
110834
110835
110842
110843
504250
504251
504256
373200
373201
373202
373203
373204
373205
373206
373207
373208
373209
373210
373211
373212
373213
373214
373215
373216
373276
373277
373278
373279
373280
373281
373282
373283
373284
635429
373285
635430
635431
635432
635433
635434
635437
635438
635439
635440
635441
635444
635445
635446
635452
635453
373312
373313
373314
373315
373316
373317
373318
373319
373320
373321
373322
373323
635476
635487
635492
373359
373360
373371
373372
373373
373374
373375
373376
635522
373387
373388
373389
373390
373391
373392
373393
373394
242335
242336
504487
504488
111273
111274
242351
111279
242352
111280
242353
242354
242355
242356
504501
504502
242359
242360
242361
242363
111291
242364
111292
111293
504517
504518
504519
504520
504521
242377
504522
242378
504523
504524
242380
242381
242382
635599
373455
242383
242384
373458
242388
504536
635612
504541
242397
635615
242399
242400
504549
504550
504551
504571
504572
504573
504574
373502
504575
504576
504577
504578
504579
373507
504580
504581
504582
504583
504584
504585
504586
504587
504588
373516
504589
373517
504590
504591
504592
373522
373523
373527
373528
373529
373531
373532
373534
373535
373536
373543
373544
373545
373546
373547
373550
373578
373579
373590
373591
373592
373593
373594
373595
373606
373607
373608
373609
373610
373611
373612
373613
242565
242566
242567
242570
242571
242572
242581
242582
242583
242586
242587
242588
504830
504831
504832
504833
504836
504837
504838
504839
504854
504855
504856
504857
504860
504861
504862
504863
504878
504879
504880
504881
504884
504885
504886
504887
504902
504903
504904
504905
504908
504909
504910
504911
635993
635994
635995
636005
636006
242794
636011
242795
242796
242797
242798
242799
242800
242801
636033
636036
636037
636038
636042
636043
636051
636052
636053
636054
636057
636058
636059
636060
111784
111785
111786
111791
111793
111794
111802
111807
111808
636099
111811
636100
111812
111813
111814
111815
111816
111817
111820
111821
111822
111823
111824
636113
111825
636114
111826
636115
111829
111830
111831
111832
111833
373987
373988
373997
373998
373999
374000
374001
374004
374005
374006
374007
374015
374016
374017
374018
374025
636185
636188
636219
374075
374076
374077
636222
374078
636223
374080
374081
636226
374082
636227
374083
636228
374084
374085
374086
374087
374088
374089
374090
374091
374094
374095
374096
374097
374099
374100
374115
374116
374121
374122
374126
374127
374128
374130
374131
374133
374134
374135
636286
374142
374143
636288
374144
636289
374145
636290
374146
374149
636395
636396
636398
636399
636400
636402
636403
636404
636405
636413
636424
636425
636427
636430
636432
636443
636444
636445
636459
636460
636473
636474
636475
636476
636477
636478
636479
636480
636481
636482
636483
636484
636486
636487
636488
636489
636491
636492
636493
636494
636495
636496
636501
636507
636511
636512
636513
636514
636515
636516
636517
636518
505463
636536
505464
636537
505465
636538
505466
636539
636540
505468
636541
505469
505470
505471
505474
505475
505476
505477
505478
636551
505479
636552
636553
636554
636555
636556
636557
636558
505489
505492
505495
505505
505506
505507
505508
505509
505511
505512
505513
505514
505515
505516
505520
505521
505522
636632
636633
636634
636635
636636
636638
636639
505573
505574
505575
636648
505576
636649
505577
505578
636651
505579
636652
505580
505581
636654
505582
636655
505583
505584
636670
636671
636672
636673
636674
636675
636676
636677
636678
636679
636680
636681
636682
636683
374543
374544
374545
374546
374547
374548
374549
505622
374550
505623
505626
505627
505628
505629
505630
636703
505631
636704
505638
636711
505639
636712
636713
636714
636715
636716
636717
636718
505646
505647
636727
636728
374587
636732
374588
636733
374589
636734
374590
636735
374591
636736
374592
636737
374593
636738
374594
636739
374595
636740
374596
636741
374597
505670
505671
505672
505673
505674
505675
505676
505677
505678
505679
636759
636760
505688
505689
505690
636763
505691
505692
505693
505706
505707
505708
505709
505723
505724
505725
505726
505727
243583
505728
505729
505730
243586
243587
636805
243590
243591
636808
243592
243593
243594
243595
243596
243598
243599
243600
243602
243603
243605
243606
243607
243608
243609
243610
243612
243613
243614
243615
243617
243618
243619
243620
636837
243621
636838
243658
243659
243666
243667
243668
243669
243670
243671
243672
243673
243681
243682
243683
243684
243685
243686
243687
243701
243702
243703
243704
243706
243713
243714
243715
243716
243717
243718
243719
636936
243720
636937
636938
636950
636951
636952
636953
636954
636955
636956
636969
636970
636971
636972
636973
636974
636975
636976
636977
636978
637006
637007
637008
637009
637010
637011
637012
637013
637014
637018
637019
637020
637021
637022
637023
637024
637025
637026
637027
637028
637029
637030
637031
505959
637032
505960
637033
505961
637034
505962
637035
505963
637036
505964
637037
637038
243868
243869
243870
243871
243872
243873
243874
243875
506034
506035
243917
243918
243919
374992
243920
243921
374994
243922
374995
243923
374996
243924
374997
243925
243926
374999
375000
506073
375001
506074
506075
506076
506077
243933
506078
506081
506082
506083
506084
243940
243941
243942
506087
243943
506088
243944
506089
243945
243946
243947
243948
243949
375022
375024
375025
375026
375027
375029
375030
375031
243966
243967
243968
243969
506114
243970
243971
243972
243973
243982
243983
243984
243985
243986
243987
243988
506133
243989
506134
243990
243991
243992
243993
244002
244003
244004
506149
244005
112933
506150
244006
112934
506151
244007
506152
244008
112936
244009
112937
244010
244011
244012
244013
506158
244014
506159
244015
506160
244016
506161
244017
506162
244018
506163
244019
506164
244020
506170
112958
112959
506177
112961
506178
112962
506179
506180
506181
506182
506183
113015
113041
113044
113047
113050
244123
244124
113052
244125
113053
244126
113054
113055
113056
244129
113057
244130
113058
113059
113060
113061
113062
244135
113064
113065
375211
113067
375212
375225
375228
375230
375231
375232
375233
375234
375235
375237
375238
375251
375254
375256
375257
375258
375259
375260
375262
375263
113120
113121
375266
375267
113123
113124
375269
375270
375271
375272
375273
375274
375281
375282
113152
113154
113155
113157
113179
113180
113193
113198
113223
113224
375370
375371
375372
375373
375374
375375
375376
375377
375378
375379
375380
375381
375382
375384
375385
375386
375387
375388
375391
375392
375393
375394
375395
375396
375397
375398
375399
113255
375400
113256
113285
113286
375447
375448
113312
113313
113314
113315
113316
113317
113318
113319
113320
113321
113322
113323
113324
113325
113326
113327
113331
113332
113333
113334
113337
113338
113339
113340
375491
375492
375493
375494
375495
113351
375496
113352
375497
113353
375498
113354
375499
113355
375500
113356
375501
113357
375502
113358
113359
113360
113361
375506
113362
375507
113364
113365
113366
375511
113367
375512
375513
375514
113370
375515
113371
375516
113372
375517
113373
375518
375519
113375
375520
113376
375521
113377
375522
113378
375523
375524
113380
375525
113381
375526
113382
375527
113383
375528
375529
375530
113386
113387
113388
113389
113391
113394
113395
113396
113397
113400
113401
113402
113403
113405
113408
113409
113410
113416
113417
113418
113419
113444
113445
113446
113447
113448
113449
113450
113451
113454
113455
113456
113457
113458
113459
113460
113461
113462
113463
113464
113465
113468
113469
113470
113471
113472
113473
113474
113475
637764
113476
637765
113477
113478
113479
113480
113481
113484
113485
113486
113487
113488
113489
113490
113491
113492
113493
113494
113495
113496
113497
113498
113499
113500
113501
113502
113503
113506
113507
113508
113509
113510
113511
113512
113513
113514
113515
113516
113517
113518
113537
244610
113538
244611
113539
113540
113541
113542
113543
244627
244628
244629
244630
244631
244632
244637
244638
113566
113567
113568
113571
113572
113573
113574
113575
113576
113577
113578
113579
113580
244653
113581
244654
244655
244656
244657
244658
244675
244676
244677
244678
244683
244684
244686
244687
244688
244689
244691
244692
244702
244711
244712
244713
244714
244715
244716
244717
244718
244719
244751
244752
244753
244754
244762
244763
244764
244765
244767
244768
244771
244778
244779
244780
244782
244783
244784
244785
244787
244788
244796
244797
244798
244799
244814
244821
244822
244823
244824
244825
244826
638043
244827
638044
638046
638047
638048
638049
638052
638053
638054
638057
638058
638059
638060
638061
638062
638063
638064
638065
638075
638076
638077
638078
638079
638080
638081
638084
638085
638089
638090
638097
638098
638099
638100
638101
638114
638115
638116
638117
638118
638119
638120
638121
638124
638125
638144
638145
638146
113923
113924
113925
113926
113927
113928
113929
113930
113933
113938
113941
113974
113979
114025
114026
114027
114028
114029
114030
114033
114034
114035
114038
114039
114040
114050
114053
114056
114057
114058
114059
114060
114079
114080
114081
114083
114084
114086
114087
114088
114089
114090
114091
114092
114095
114096
114097
114099
114100
114102
114103
114104
114105
114106
114107
114108
638407
638408
638409
638410
638412
638413
638415
638416
638417
638418
638419
638420
638421
638422
638424
638425
638426
638427
114142
114143
114144
114145
114147
114148
114149
114150
114151
114152
114153
638460
638461
638462
638463
638464
638465
638466
638467
638468
638469
638470
638471
114194
114195
114196
114197
114198
114199
114202
507419
114203
507420
114204
114205
114206
114207
507424
114208
507425
114209
507426
114210
507427
114211
507428
114212
507429
114213
507430
507431
114215
507432
114216
507433
507434
114218
114219
114220
114221
114222
507439
114223
507440
114224
507441
114225
507442
114226
507443
507444
507445
507446
507447
507448
507449
507450
507451
507452
507453
507455
507456
507457
507458
376386
507459
376387
507460
507461
507462
507463
507464
507467
507468
507469
376397
376398
507471
376399
376400
376401
507474
376402
507476
507477
507478
376407
376408
507482
507483
376412
507485
376413
376414
376415
507488
376416
376417
507490
376418
507491
376419
376420
376421
376422
376441
114298
376443
114299
376444
376445
376446
376447
376448
376449
376450
376451
376456
376458
376459
376460
376461
376463
376464
114320
114321
114322
114323
114324
114325
114326
114327
114328
114329
114330
638633
638634
638635
638636
638637
638640
638641
507569
638642
507570
638643
507571
638644
507572
638645
507573
638646
507574
114358
638647
507575
114359
638648
507576
114360
638649
507577
114361
507578
507579
507580
507581
507582
507583
507584
507585
638658
507586
638659
507587
638660
507588
638661
507589
638662
507590
638663
507591
507592
507593
507594
507595
507596
507597
114393
114394
114395
114396
114397
114398
507622
507623
507624
507625
507626
507627
507628
507629
507630
507631
507632
507633
507634
507635
507636
507637
507638
507639
507640
507641
507642
638732
638733
638734
638735
638736
638737
638738
638739
638742
638743
638744
638745
638746
245777
245780
245781
114709
245782
114710
114712
114713
114715
114716
114717
114718
114720
245793
245794
245795
245796
245797
245798
245799
245800
245801
245802
245803
245804
245805
245808
245809
376885
376886
376887
376888
376892
376893
245824
245825
245826
376899
376900
376901
245829
376902
245830
376903
245831
376904
376905
376906
376907
245841
245842
245843
245844
245845
245846
114778
114779
245859
245860
245861
245862
114790
245863
245864
245865
114793
245866
245867
245871
245872
245873
245889
245890
245891
245892
245893
639118
245902
639119
639120
376976
245904
639121
245905
639122
245910
376992
245921
376994
245922
376995
245923
376996
245924
376997
245925
376999
245927
377000
245928
377001
245929
245930
639149
245933
639150
508078
245934
639151
508079
245935
639152
508080
245936
639153
508081
508082
245938
245939
245944
639166
639167
639168
639169
245955
245956
508101
245957
508102
245958
508103
245959
508104
508105
245961
508106
245962
245963
377041
377042
508115
508120
508123
508124
508126
508127
508128
508129
508131
508132
508139
508140
508142
508143
508144
508145
508147
508148
508155
508156
508159
508162
508165
508168
508173
508174
508175
508176
508177
508178
246036
246037
246038
246039
246040
508185
246041
508186
246042
508187
508188
508189
508190
508191
508192
639268
639269
639270
508199
508200
508203
508206
508209
508212
246071
246072
508217
508218
508219
508220
508221
508222
508229
508230
508231
508232
508233
508234
508235
508236
508242
508243
508244
246101
246102
508251
508252
508253
508254
508255
508256
508397
508402
246264
639482
639483
246267
639484
246268
639485
246269
639486
246270
639487
246271
639496
639497
639498
246286
246287
246294
246295
246296
246297
246298
246299
246302
246303
246310
246311
246312
246313
246314
246315
377440
377441
377443
377444
377446
377447
377453
377454
377456
377457
377458
377459
377461
377462
377492
377493
377494
639665
639666
639676
639685
639780
639781
639782
639783
639784
639785
639801
639802
639804
639805
639807
639808
639810
639811
639817
639818
115534
115537
115538
639827
115539
639828
115540
639829
115541
639830
115542
639831
115543
639832
115544
378072
378073
378138
378139
378144
378155
378156
378157
378158
378159
378161
378162
378163
378164
378165
378170
378181
378182
378183
378184
640329
378185
378186
378189
378190
378193
378194
378195
378196
378199
378200
378201
378202
378203
378208
378219
378220
378221
378222
378225
378226
378227
378228
378229
378230
378234
378235
378236
378237
378242
247418
247422
247423
247424
247425
247426
247427
247429
247430
247431
247432
247468
247483
247484
247485
247486
247487
247488
247506
247507
247511
247512
247513
247514
247515
247517
247518
378637
378638
378643
378644
378645
378646
378653
378654
378656
378657
378658
378659
378661
378662
378688
378690
378691
378692
378693
378695
378696
378697
116635
116636
116638
116639
116641
116642
116643
116644
116645
116652
116656
116657
116658
116659
116660
116661
116682
116685
116688
116694
116695
116696
116697
116699
116700
116701
116702
379028
116915
116916
379065
116921
116922
379070
116927
116928
116931
116932
116933
116934
116935
116940
116941
116948
116951
116952
379097
116953
379098
379099
379100
379101
379102
379105
379106
379113
379114
379123
379124
379125
379126
379127
379128
379129
379130
379139
379140
379141
379142
379143
379144
379145
641438
641439
641440
641441
641443
641444
641445
641446
641456
641458
641459
641460
641461
641462
641463
641464
641465
641466
641467
641468
641469
641483
641484
641485
641486
641487
641488
641489
641490
641497
641498
641499
510427
641500
510428
641501
510429
641502
641503
510431
641504
510432
641505
510433
641506
510434
641507
510436
510437
510438
510439
510442
510443
641516
510444
641517
510445
641518
510449
510450
510451
510452
510453
510454
510459
510460
641533
510465
641538
510466
641539
510467
510468
510469
510470
510471
641544
510472
641545
641546
641547
641550
641551
641552
641553
641554
641604
641605
641606
641607
641608
641610
641611
641612
641613
641624
641625
641626
641627
641628
641650
641651
641652
641653
641654
641655
641656
641657
641658
641659
641660
641661
641662
641663
641664
641665
641666
641667
641668
641669
641670
641671
641672
641673
641674
510631
510632
510633
510634
510635
510636
510640
510641
510642
510643
510644
510645
510646
510647
510648
510649
510657
510658
510663
510708
510709
510710
510711
510712
510713
510714
510715
510716
510717
510718
510719
510720
510721
510722
510723
510724
510754
510755
510765
510766
510767
510768
510769
510770
510771
510772
510773
510774
510779
510780
510784
510785
510786
510787
510788
510789
510790
510791
510792
510793
117601
117602
117606
117607
117608
117609
117610
117611
117612
117613
117614
117615
117616
117617
117621
117627
117628
117629
117630
117631
117632
117633
117635
117636
117637
117638
641981
641986
641987
510926
510927
510928
510929
642002
510930
642003
510931
510932
510936
510937
510938
510939
510940
510941
510942
510943
510944
510945
642018
642019
117746
117748
642048
642049
117765
117766
117767
117768
117769
117771
117772
117773
642062
117774
642063
117775
642064
117776
642065
117777
642066
117778
642067
117779
642068
117780
642069
642070
117782
642071
117799
117800
117801
117802
117803
117805
117806
117807
117808
117809
117810
117811
117812
117831
117832
117833
117834
117835
117836
117837
117846
117847
117848
117849
117850
117851
117852
117853
117854
117855
117856
117859
117860
249077
249078
249079
249080
249081
249082
249083
249084
249085
249086
249087
249088
249091
249092
249093
249098
249099
249100
249101
249102
249103
249104
249105
249106
249107
249108
249109
249110
249111
249112
249113
249114
249115
249116
249117
249118
249119
249120
643131
643132
643136
643137
643138
643141
643142
119061
119062
119064
119067
119072
119073
512300
512305
512316
512317
512318
512319
512320
512322
512323
512324
512325
512328
512361
512362
512363
512365
512366
512367
512368
512370
512371
512372
512373
512376
512377
512378
512379
512381
512382
512383
250239
512384
250240
512386
512387
250243
512388
512389
119173
119174
119175
512392
119176
119178
119179
250253
250254
119182
119183
119184
250257
250258
250259
250260
250263
250264
250265
250266
250267
250268
643510
643513
643514
643515
643516
643517
643518
643519
643520
643521
643524
643525
643528
643529
643530
643531
250342
250343
250344
250345
250346
250347
250348
250349
250350
250353
250354
250355
250356
250357
250358
250359
250360
250361
119307
119308
250381
119309
250382
250383
250384
250385
250386
119314
250387
119315
250388
119316
250389
119317
250390
119318
250391
119319
250392
119320
119321
643610
119322
643611
119325
119326
119327
643616
119328
643617
119331
119332
119333
119334
250409
250410
250411
250412
250413
643630
250414
643631
250415
250416
250417
250418
250419
250420
250421
250422
250423
250424
643644
643645
643646
643647
643648
643649
643650
250440
643657
250441
643658
250442
643659
250443
643660
250444
643661
250445
250446
250448
250449
250451
250452
250453
250454
250455
250456
250457
250458
250459
643676
250460
643677
250461
643678
250462
643679
250464
250465
643682
643683
250467
250468
250469
643758
643759
643760
643761
643762
643763
643766
643767
643768
643769
643772
643773
643774
643775
643778
643779
643780
643781
250577
250578
250579
250580
250581
250582
250585
250586
250595
250596
119524
119525
119526
119529
119530
119531
119532
119535
119536
119537
119538
119539
250614
250615
250616
250617
119546
250619
119547
250620
119548
250621
250622
250623
250624
250625
250626
250627
250628
250631
250632
250637
250638
119575
119576
119577
119578
119579
119580
119581
250654
119582
250656
250657
250658
250659
250661
250683
250684
250711
250712
119642
119643
119644
119645
119647
119648
119649
119650
119651
119652
119653
119654
119655
119656
119657
119658
119660
119661
119662
119663
119665
119666
119667
119668
119669
119670
119671
119672
119673
119674
119675
119676
119677
119678
119679
119680
119681
119682
119683
119684
119685
119707
119708
119709
119710
119711
119712
119713
119714
119715
119716
119751
119752
119753
119754
119755
119766
119767
119768
119770
119771
512988
119783
119784
119786
119787
119788
119789
644086
644087
119799
644088
119800
119801
644090
119802
644091
119803
644092
119806
644097
644098
644099
644100
644101
644103
513031
644104
513036
513047
119838
119839
119840
119841
119842
119843
119844
644133
644134
119846
119847
119849
119850
119851
644140
119852
644141
644142
119855
119856
119857
644150
644155
644157
644158
644159
644160
644161
644162
119928
119929
120047
120048
120053
120056
120061
120062
120065
120066
120068
120069
120075
120076
120077
120082
120095
120096
120099
120100
120101
120102
513367
513368
513369
513370
513371
513372
513373
513374
513375
513376
513377
513379
513380
513381
513382
513385
513386
513387
513388
513389
513390
513391
251261
251264
251265
251266
251267
120195
251268
120196
120197
120198
120199
251277
120206
120207
251280
120208
251281
120209
251282
251295
120226
120227
251300
120228
251301
120229
251302
120230
251303
251306
120234
251307
120235
120237
120238
120239
120240
120242
120243
120244
120245
120248
120249
120250
120251
120254
513477
513478
251334
251335
251336
513490
513491
251349
513495
513496
513497
513498
251354
251355
251356
513501
251357
513502
251358
513503
251359
251360
513505
251361
513506
251362
513508
251364
513509
251365
513510
251367
251368
513520
513521
251378
251379
251380
251381
251382
251383
251384
251385
251386
251387
251388
251389
513534
513535
251468
251469
251472
644689
251473
644690
644693
644696
644699
644700
644702
251486
644703
251487
644706
644707
644708
644709
120570
120571
120572
120573
120574
120575
120576
120577
120578
120579
120580
120582
120583
120584
120585
120587
120588
120589
120590
120591
120592
120593
120594
120595
120596
120600
120601
120602
120603
120604
120605
120606
120607
120608
120609
120610
120611
120612
120613
120614
120713
120714
120716
120717
120718
120719
120720
120721
120722
120734
120735
120751
120752
120753
120754
120757
120774
121063
121066
121071
121072
121087
121088
121101
121102
645471
645472
383330
383331
383332
383333
383334
383335
383336
383337
383338
383339
383341
383342
645491
645492
383360
383361
383362
645507
383363
383364
383365
645510
383398
383399
383400
383451
383477
383478
383479
383480
383481
383482
383485
383486
383487
383488
383532
383533
383599
383600
383601
383602
383603
383606
383607
383608
383625
383626
383627
383628
383629
383632
383633
383634
252577
252578
252581
252582
252592
252593
252594
252595
252596
252597
252598
252606
252607
252608
252609
252610
252611
252612
252617
252618
252619
252623
252624
252626
252627
252628
252629
252641
383714
252642
383715
252643
252644
383717
252645
383718
252646
383719
252647
252648
252649
252650
383723
252651
383724
252652
383725
252653
383726
252654
252655
252656
252658
252659
252661
252662
383735
252663
383736
252664
252665
252666
252667
252670
252671
252672
252673
515113
515114
515115
515116
515117
515134
515135
515139
515151
515152
515153
515154
515158
253016
253017
253018
515163
515164
515165
515166
515167
515170
515171
515172
515173
515174
515175
253031
515178
515179
515180
253036
515181
253037
515182
515183
515185
515186
253042
515187
253043
515188
253044
253045
515190
253046
515191
253047
515192
253048
515193
253050
253051
515196
515197
515198
253054
515199
253055
515201
253057
253075
253080
253091
253094
122131
122132
122133
122134
122135
122136
122137
384282
122138
384283
122139
384284
122140
384285
122141
384286
384287
384288
122144
384289
122145
122146
122147
122150
122151
122152
122153
122154
122155
122156
122158
122159
122160
122161
122163
122164
122167
384312
122168
384313
384314
122170
384315
122171
384316
384317
384318
384319
122175
122177
122178
122180
122181
122183
122184
122186
384366
384367
384368
384369
384370
384371
384374
384375
384391
384393
384394
384395
384396
384398
384399
384400
384412
384413
384415
384416
384417
384421
384422
384423
384426
384427
384428
384469
384470
384471
384472
384473
384474
384477
384478
384479
384480
384481
384482
253421
253422
384517
384518
384519
384520
384521
384522
384525
384532
384533
384534
384535
384536
253471
253476
253477
253478
253479
253480
253481
253493
253494
253495
253496
253497
253498
384571
253499
253500
253501
253502
384578
384579
253507
384580
253508
384581
253509
384582
253510
253511
253512
384585
253513
253514
253515
253516
384592
384593
253521
384594
253522
384595
253523
384596
253524
253525
253526
253527
253528
253529
253530
253531
253532
253537
253538
253539
253540
253541
253542
253543
253544
253545
253546
253547
253548
253549
253550
253551
646787
646788
646789
646790
646791
646792
646793
646794
646795
646796
646808
646811
253624
253626
253627
646844
253628
646845
253629
253631
253632
253633
253634
253635
253636
253637
253638
253639
122638
122652
122653
122654
122655
122656
122657
122658
122659
122663
122664
122665
122666
122697
122698
122699
122701
122702
122703
122704
122705
122706
122707
122708
122709
122710
122711
647000
122712
647001
647002
647003
647004
647005
647006
647007
647008
647009
647010
647011
122738
122739
122740
122742
122743
122744
122745
122747
647036
122748
647037
122749
122750
122751
122752
122753
647042
647043
647044
647045
647046
647047
647048
647049
647050
647051
647052
647053
647054
647055
122768
122769
122770
122771
122773
122774
647068
122780
647069
122781
647070
122782
122783
647083
647084
647085
647086
647087
647093
647094
647095
647096
647109
647110
647111
647112
122824
647130
647131
647180
647181
647184
647185
647186
647187
385103
254094
254095
254096
254097
254144
254145
254146
254147
254148
254149
254150
254151
254152
254153
254154
254155
254156
254157
254158
254161
254162
254164
254165
254172
254173
254174
254175
254176
254177
647394
254178
647395
254179
647396
254180
254181
254182
385258
385259
385260
385261
385262
385263
385264
385265
385266
254194
385269
385270
385271
385272
385273
385274
385275
385276
647421
385277
647422
385278
647423
385279
647424
385280
647425
385281
647426
647427
647428
647429
254213
647430
647431
647434
385290
254218
647435
385291
385292
385293
385294
385295
385296
254278
254280
254281
254282
254283
254285
254286
254287
254306
254308
254309
254310
254311
254313
254314
254315
123379
123380
123381
123382
123383
123384
123393
123394
123395
385545
385546
123414
123415
123416
385572
385573
385574
385575
385643
385660
385661
385664
385665
385666
385667
385668
385677
385678
385679
385680
385681
385682
385701
385702
385704
385705
254761
254762
385839
385840
385841
385842
385843
385844
385845
385846
385847
385869
385870
385871
385872
254819
254820
385900
385901
385902
385903
385904
385905
385906
385907
254835
385908
254836
385909
385916
385917
385918
385919
385920
385921
385922
385931
385932
385933
385934
385935
385936
385937
385938
385939
385940
385941
648197
648199
648200
648201
648203
648204
648219
648220
648235
648238
648239
517298
517301
517304
517307
648478
648479
648480
648481
648482
648483
648484
648485
648496
648497
648498
648499
648500
648501
648502
648503
648504
648505
648506
648507
648508
648509
648510
648511
648512
648513
648514
648515
648556
648557
648566
648567
648570
648571
648587
648588
648589
648590
648591
648592
648593
648594
648595
648596
648597
648598
648599
648600
648601
648602
648603
648604
648662
648663
648664
648665
648666
648667
386533
386534
386535
386536
648682
648683
386539
386540
386545
386546
386557
386559
386560
386561
386562
386563
648732
648733
648734
648736
648774
648777
648779
648780
648781
648782
648784
648785
648786
648787
648789
648790
255574
648791
255575
648792
255576
255577
255578
648795
255579
648796
255580
648797
255581
648798
255582
255583
255584
255585
255586
255587
255588
255590
255591
255592
255593
255594
255595
255596
124538
124539
124540
124541
124542
124543
124544
124545
124546
255619
124547
255620
255621
255622
124550
124551
255624
124552
255625
124553
255626
255627
255628
255629
255630
255631
255632
124570
124571
124572
124573
124574
124575
124576
124577
124578
124579
124582
124583
124584
124585
124588
124589
124590
124605
124606
124609
124610
124613
124614
124615
124616
648906
648907
124635
124640
124641
124642
124643
124646
124647
124648
124649
124650
124651
124653
124654
124655
124656
124657
124658
124659
124660
124661
124662
124664
124665
124666
124739
124740
124741
124742
124743
124744
124745
124746
124747
124748
124749
124750
124752
124753
124756
124757
124758
124759
124760
124761
124762
124788
124789
124790
124791
124792
124793
649130
649131
649132
649133
649134
649135
649136
649137
649143
649145
649146
649148
649149
649150
649154
649155
649159
649160
649161
649164
255959
255960
255961
255962
255963
255964
255965
255966
255967
255968
255969
255970
255971
255972
255973
255974
255975
255978
255979
255980
255981
255995
255996
649214
255998
649215
649223
649224
649226
649227
518155
649228
518156
649229
518157
649230
518158
518159
518160
518161
649234
518162
649235
518163
518164
518165
518166
649239
518167
649240
518168
649241
518172
649245
649246
649331
649332
649333
649334
649335
649336
649337
649338
649343
125055
649344
649346
125058
649347
125059
125060
125061
125063
125064
125065
125066
125068
649357
125069
649358
125070
125093
125094
125095
125096
649388
649390
256174
649391
256175
649392
649393
649395
256179
256180
256181
649404
256199
256200
256201
256202
256203
256204
256205
256206
256207
256208
256209
256210
256211
256213
256214
256221
256222
256226
256227
256228
256229
256230
256231
256232
256233
256234
387308
387309
387312
256253
256254
387329
387332
387335
387359
387360
387361
387362
387363
387364
387365
387366
387367
387368
387387
387388
387389
387390
387391
387392
387393
387394
387395
387396
387397
387398
387399
387400
649545
387401
649546
387402
649561
518489
649562
518490
649563
518491
649564
518492
649565
518493
649566
518494
518495
518496
518497
518498
518499
518501
518502
518503
518504
518506
518507
518508
518509
518510
518511
518512
518514
518515
518517
518518
518519
518520
518521
518522
518523
518585
518586
518604
518605
518606
518607
518608
518609
518610
518611
256469
256470
256471
256472
256473
256474
256476
256477
256478
256479
518628
518629
256485
518630
518631
256488
518634
518635
256492
256493
518638
256494
518639
256495
518640
256496
518641
518642
518643
518644
518645
518646
518647
518648
256508
518653
256509
518654
518655
256511
518656
256512
518657
256513
518659
518660
518661
518662
518664
518665
518666
518667
518668
256581
256582
256586
256587
256598
256599
256601
256602
256603
256604
256608
256609
256610
256611
387686
256614
387687
256615
256616
256617
387690
256618
387691
256619
256622
256623
256624
256625
387698
256626
256627
387700
256628
387701
256629
387702
256630
387703
256631
256632
387705
387706
387707
387708
387709
256637
387710
256638
387711
256639
387712
256640
387713
256641
256642
256643
387724
518797
387725
518798
518799
518800
518801
518802
518805
518806
518811
518812
518813
256693
256694
256695
256696
256697
256698
256699
256700
256701
256702
256703
256704
256705
256706
256707
256708
256709
256710
256711
256712
518917
518918
518919
518920
256798
256799
256800
256801
256802
256803
256804
256805
256806
256807
387880
387881
256811
256812
387886
387887
518961
256819
256820
518966
256828
256829
387902
256830
387903
256831
387904
256832
387905
256833
387906
387907
387908
387909
387910
387911
387914
387915
387916
387917
256846
256847
387920
387921
256849
387922
256850
387923
256851
256852
256853
387926
256854
256855
256856
387929
256857
256860
256863
256864
256865
256866
650083
256867
650084
256868
650085
256869
650086
256870
387943
387944
387945
387946
387947
387948
387949
256877
650094
387950
256878
650095
387951
256879
650096
387952
256880
650097
387953
256881
650098
387954
256882
650099
387955
256883
387956
256884
256885
256886
650108
519041
519042
519043
519044
519045
519046
519047
519048
519049
519050
519051
256907
519052
256908
256909
256910
256911
256912
256913
256914
256915
256916
256917
256918
256919
256920
256921
256922
256923
256924
256925
256926
125862
256935
256936
125865
650154
650155
650156
650157
650158
650159
650160
650161
650162
650163
650164
650165
125877
650166
125878
125881
125882
125883
125884
519115
519121
519122
256986
256987
256988
256989
256990
256991
256992
256993
256996
256997
388070
256998
256999
388072
257000
388073
257001
388074
388075
388077
388078
388079
388094
388096
388097
388098
388099
388101
388102
388103
388132
388134
388135
388136
388137
388139
388140
388141
388145
388146
388157
388158
388159
388160
388169
388255
388258
388270
388271
388274
388275
388276
388277
388278
388281
388284
388287
126144
126145
388290
126146
126147
126148
126150
126151
126152
126153
126155
126156
126157
126158
126159
126160
126161
126162
126164
126165
126166
126167
126169
126170
126171
126172
126173
126174
126175
126176
126177
126178
126179
126180
126181
126182
126183
126184
388343
388344
388345
388346
388347
388348
388349
126212
126213
126214
126217
126218
126219
126220
388366
388367
126223
388368
126224
388369
126225
126226
126227
388372
126228
388373
126229
388374
126230
388375
126231
388376
388377
388378
388379
388380
388381
388382
126240
126241
126244
388390
388391
388392
388393
388394
388395
126260
126261
126262
126263
126264
126265
126266
126267
126268
126269
126270
126271
126272
126276
126302
126303
126304
126305
388450
126306
388451
126307
388452
126308
388453
126309
388454
126310
126311
388456
126312
388457
126313
126314
388459
126315
388460
126316
388461
126317
388462
388464
388465
388466
388467
126341
126346
388500
388501
388503
388504
126361
388506
126366
388520
388522
388523
388524
388525
388527
388536
519610
388538
388539
388540
388541
519615
388543
519616
388545
388546
388548
519621
388549
519622
519623
519624
388552
519625
388553
519626
519627
388555
519628
388556
519629
388576
388577
388578
388579
519659
519660
519661
519662
519663
519748
519749
519750
519751
519752
519753
519754
388707
388708
388709
388710
388711
388712
388714
388715
388718
388721
388723
388724
388725
388726
388727
126583
388728
519807
519808
388742
388743
388744
519819
519820
126604
519821
126605
126606
126607
126608
126609
126610
126611
126612
126613
126614
126615
126616
126617
126618
388777
126633
388778
126634
388779
126635
388780
126636
388781
388782
388783
126639
388784
126640
388785
126641
126642
126645
126646
126647
519864
126648
519865
388815
388816
388817
388818
388819
388820
388830
388831
388832
388833
126735
126738
257983
257984
257985
257986
257987
257988
257995
257996
257997
257998
257999
258000
258001
258002
520172
520173
520174
520175
520189
520190
520191
520192
520193
520194
520195
520196
520197
520198
520199
126983
520200
126984
520201
520202
520203
520204
520205
258110
127041
520258
127042
520259
127043
520260
520261
520262
258129
258130
258131
258132
258133
258142
258161
258162
258163
258164
258165
258204
258205
258206
258227
258228
258229
258296
258297
258298
258319
258320
258321
127379
127380
127381
127382
127383
127384
127385
127386
127387
127390
127391
127392
651709
651712
389693
389696
389709
389710
127627
127628
127629
127630
389783
389784
389785
389786
389789
389790
389791
651936
389792
651939
389795
389796
389797
389798
651944
651947
651948
651950
651951
651952
651953
651955
651956
651957
651958
651960
651961
651963
651964
651965
651966
651975
127687
651976
127688
651977
651978
651979
651983
651984
389844
389845
389846
651991
389847
651992
389848
651993
389849
651994
389850
651995
389851
651996
652014
652017
652018
652019
652021
652022
652023
652024
652025
652026
389884
389885
389886
389887
389888
389889
389890
389891
652041
652046
652048
652051
652085
652086
652087
652088
652089
652090
652091
652092
652093
652095
652096
652097
652098
652100
652101
652103
652104
652105
652106
652108
652109
652111
652112
652113
652114
652116
652117
390072
390073
390074
652227
652228
652229
652230
652231
652232
652233
390089
652234
390090
390091
390093
390094
652245
652246
652247
652248
652249
652250
390106
652251
652252
652253
390109
652254
390110
652255
390111
652256
652257
652258
652259
652260
652261
652262
652263
652264
652292
652293
652294
652295
652296
652297
652300
652301
652304
652305
652306
390355
390356
390363
390364
390365
390366
390367
390368
259387
259388
259389
259390
259391
259392
128332
128333
128334
128339
128340
128341
128342
128343
128344
259417
259418
259419
259420
259421
259422
259431
259432
128362
128363
128364
259437
128365
259438
259439
259440
128368
259441
128369
128370
259444
259445
259446
128386
128387
128388
128389
128395
128400
128401
128404
128405
128407
128408
128414
128415
128418
128419
128420
128421
128422
128435
128436
128437
128438
128439
128440
128451
128452
128467
652756
128468
128469
128470
128471
128472
652761
652762
652763
652764
652765
652768
652769
652770
652771
652780
128492
128493
128496
652785
128497
652786
128498
652787
128499
652788
128500
652789
128501
128502
128503
652792
128504
652793
128505
652794
128506
652795
128507
128508
128509
128510
128511
652804
128517
128518
128519
652809
652810
652811
652812
652813
652816
652817
652818
128530
652819
128531
128532
128533
128536
128537
128538
652828
652833
128545
652834
128546
652835
128547
652836
128548
652837
128549
128550
128551
652840
652841
652842
652843
128562
128563
652852
128564
128565
128568
652857
128569
652858
128570
652859
652860
652861
128577
128578
128579
128580
128581
652874
652880
652881
128642
128643
128646
128647
128650
128651
128664
128665
128666
128667
128668
128669
128670
128671
128678
128679
128680
128681
652984
652985
652986
652987
652988
652989
652990
652991
652992
652993
652994
652995
390851
390854
390855
390856
390857
390858
390859
390909
390910
390911
390913
390914
390915
390920
259914
259915
259916
259917
259918
259919
259920
259921
259922
259923
259924
259925
259926
259927
259928
259929
259930
259931
391004
391007
391008
391009
391010
391011
391014
391015
259947
522093
522094
259950
522095
259951
522096
259952
522097
259953
522098
259954
522099
522100
259956
259957
259958
522103
259959
522104
391032
391033
259961
259962
259963
522112
522113
391043
391044
391046
391047
391048
391053
259981
259982
391055
259983
391056
259984
391057
259985
259987
259988
259989
259990
259992
259993
259994
259995
259998
259999
260000
260001
260002
260007
260008
260009
260010
260029
260030
260031
260032
260035
260036
260041
260042
522187
522188
260044
260045
260046
260047
260048
522193
260049
260060
260061
260062
260063
260064
260065
522210
260066
522211
522212
260068
522213
260069
522214
522215
260084
260085
260086
260099
260100
260101
260102
260103
260104
260105
260106
260107
260108
260109
260110
260111
260112
260113
260114
260115
260116
260117
260118
260119
260120
260121
260122
260123
260124
260125
260126
260127
260141
260142
260143
260148
653365
260149
653366
260150
653367
260151
653368
653369
391225
260153
653370
391226
260154
653371
391227
260155
653372
391228
260156
653373
391229
653374
391230
260158
653375
391231
653376
391232
391237
391238
391245
391246
391247
391248
391255
391256
391257
391260
391261
391262
653407
391263
653408
391264
260192
653409
260193
653410
260194
653411
260195
260196
653414
653415
653416
653417
653418
653419
260204
260205
260207
260208
260211
260212
260213
260214
260215
260216
260217
260232
260233
260234
260235
260236
653489
653492
391348
391349
391352
391353
260281
260282
391355
391356
260285
260286
391359
260287
391360
260288
391361
391362
391363
260291
391364
260292
260328
260329
260369
260370
260371
260372
260373
260374
260375
260376
260377
260378
260379
260380
260381
260382
129468
129469
129470
129471
129472
129473
129474
260824
260825
260827
260828
260829
260830
260831
523130
523131
523132
523133
523134
523135
523136
523137
523138
523139
523140
523141
523142
523143
523144
523145
523146
523147
392094
392095
392096
392097
392098
392099
392100
654245
654246
654247
654254
654255
392114
392115
392129
392130
392131
392132
392133
392134
392135
392136
392137
654284
654285
654286
392142
654287
654290
654291
392147
654292
392148
654293
392149
392150
392151
654310
654311
654312
654313
654316
654317
654318
654319
392177
392178
392210
392211
392235
392236
392239
392240
130097
392250
392251
392252
392253
392254
392255
392256
392257
130116
130117
130118
130119
130120
392272
392273
130129
130148
130149
130150
130151
130152
392300
392301
392302
392305
392306
392307
392308
392309
392310
392311
392312
392313
392314
392322
392323
130200
130201
130211
130212
392359
392360
392361
392365
130222
130227
130228
130229
130230
130231
130234
130235
130247
130248
130249
392394
130260
130261
392420
392421
392422
392423
392424
392434
392435
392436
392437
392438
392439
392440
392449
392450
392451
392452
392453
392454
392455
392456
392457
392458
392459
392550
392551
392552
392553
392554
392555
392556
392557
392558
392559
392560
523683
523684
523685
523686
523689
523690
523691
523692
523693
523694
523695
523696
523697
523698
523699
523700
523701
523751
523752
523753
654828
654829
654830
654831
654832
523760
654833
523761
654834
523762
523763
523764
654837
523765
654838
523766
654839
654840
654842
654843
654845
654846
654847
523775
654848
523776
654849
523777
523778
523779
523788
523792
523793
523794
523795
523799
523802
523807
523808
523809
523810
523811
523812
523813
523814
523815
523816
523817
523818
523819
523820
261676
523821
261677
523822
523823
523824
523825
523826
523827
523828
523838
523839
261710
523856
523857
523858
523861
261719
523874
523875
523876
523877
523878
523879
523880
523881
523882
523883
523884
130712
130713
130718
130719
655024
655027
655028
655093
655095
655096
655097
655098
655100
130846
130847
130923
130924
130925
130926
130929
130930
130931
130932
130933
130934
524153
130937
524154
524155
130941
130942
130943
130944
524162
130946
524163
130947
524164
524165
130950
524168
524169
524170
130955
130956
130957
130959
130960
130961
130962
130964
130965
524184
524185
524186
524187
524188
524189
524190
130977
130978
130993
130994
524215
524216
524217
524218
524221
524223
131009
131010
131011
131012
131013
524230
131014
524231
131015
131016
524233
524234
524237
131035
524252
131036
131037
131038
524255
131039
131040
524257
131041
524258
131042
131043
524264
524266
524267
524279
524280
524281
524282
524283
524287
)


// ************************************************************************* //
