/*--------------------------------*- C++ -*----------------------------------*\
| =========                 |                                                 |
| \\      /  F ield         | OpenFOAM: The Open Source CFD Toolbox           |
|  \\    /   O peration     | Version:  2412                                  |
|   \\  /    A nd           | Website:  www.openfoam.com                      |
|    \\/     M anipulation  |                                                 |
\*---------------------------------------------------------------------------*/
FoamFile
{
    version     2.0;
    format      ascii;
    arch        "LSB;label=32;scalar=64";
    class       vectorField;
    location    "constant/coolantZone/polyMesh";
    object      points;
}
// * * * * * * * * * * * * * * * * * * * * * * * * * * * * * * * * * * * * * //


9401
(
(-0.0012000001 -0.0058954112 0.016549583)
(-0.0012000001 -0.0057982979 0.016543422)
(-0.0012000001 -0.0058961015 0.024999999)
(-0.0012000001 -0.0057986962 0.024999999)
(-0.0012000001 -0.0056995707 0.016536337)
(-0.0012000001 -0.0056000343 0.016530779)
(-0.0012000001 -0.0056997532 0.024999999)
(-0.0012000001 -0.005600092 0.025)
(-0.0011 -0.0058937434 0.0082203797)
(-0.00099999986 -0.0058937434 0.0082203804)
(-0.0011 -0.005797383 0.0082130651)
(-0.00099999982 -0.005797383 0.0082130661)
(-0.00089999984 -0.0058937434 0.0082203835)
(-0.00079999996 -0.0058937434 0.0082203843)
(-0.00089999981 -0.005797383 0.0082130689)
(-0.00079999993 -0.005797383 0.0082130695)
(-0.0010999999 -0.0056991905 0.0082045683)
(-0.0009999998 -0.0056991905 0.0082045697)
(-0.0011 -0.005599946 0.0081979804)
(-0.0009999998 -0.005599946 0.0081979825)
(-0.0008999998 -0.0056991905 0.0082045722)
(-0.00079999992 -0.0056991905 0.0082045726)
(-0.00089999981 -0.005599946 0.0081979848)
(-0.00079999991 -0.005599946 0.0081979849)
(-0.0011 -0.0058954112 0.016549583)
(-0.00099999996 -0.0058954112 0.016549584)
(-0.0011 -0.0057982979 0.016543421)
(-0.00099999995 -0.0057982979 0.016543422)
(-0.0011 -0.0058961015 0.025)
(-0.001 -0.0058961015 0.025)
(-0.0011 -0.0057986962 0.024999999)
(-0.001 -0.0057986962 0.025)
(-0.00089999994 -0.0058954112 0.016549585)
(-0.00079999997 -0.0058954112 0.016549586)
(-0.00089999993 -0.0057982979 0.016543424)
(-0.00079999995 -0.0057982979 0.016543424)
(-0.00089999999 -0.0058961015 0.025000001)
(-0.00079999999 -0.0058961015 0.025000001)
(-0.00089999998 -0.0057986962 0.025)
(-0.00079999998 -0.0057986962 0.025)
(-0.0011 -0.0056995707 0.016536337)
(-0.00099999994 -0.0056995707 0.016536338)
(-0.0011 -0.0056000343 0.016530779)
(-0.00099999995 -0.0056000343 0.01653078)
(-0.0011 -0.0056997532 0.024999999)
(-0.001 -0.0056997532 0.025)
(-0.0011 -0.0056000919 0.025)
(-0.001 -0.0056000919 0.025)
(-0.00089999993 -0.0056995707 0.016536339)
(-0.00079999995 -0.0056995707 0.016536339)
(-0.00089999993 -0.0056000343 0.016530781)
(-0.00079999995 -0.0056000343 0.016530782)
(-0.00089999998 -0.0056997532 0.025)
(-0.00079999998 -0.0056997532 0.025)
(-0.00089999998 -0.0056000919 0.025)
(-0.00079999998 -0.0056000919 0.025)
(-0.00070000013 -0.0047000004 0.0081925352)
(-0.00060000003 -0.0047000004 0.0081925356)
(-0.00070000013 -0.0045999999 0.0081925449)
(-0.00060000004 -0.0045999999 0.0081925451)
(0.0011000002 -0.0053001314 0.0081920463)
(0.0012 -0.0053001314 0.0081920504)
(0.0011000002 -0.0052000765 0.0081920901)
(0.0012 -0.0052000764 0.0081920942)
(0.00089999993 -0.0055001464 0.016527481)
(0.001 -0.0055001464 0.016527481)
(0.00089999991 -0.005400132 0.016525985)
(0.00099999999 -0.005400132 0.016525985)
(0.00089999994 -0.0055001481 0.025)
(0.00099999996 -0.0055001481 0.025)
(0.00089999993 -0.0054001169 0.025)
(0.00099999996 -0.0054001169 0.025)
(0.0011 -0.0055001464 0.016527483)
(0.0011999999 -0.0055001464 0.016527486)
(0.0011 -0.005400132 0.016525987)
(0.0011999999 -0.005400132 0.01652599)
(0.0011 -0.0055001481 0.025)
(0.0011999999 -0.0055001481 0.025000002)
(0.0010999999 -0.0054001169 0.025000001)
(0.0011999999 -0.0054001169 0.025000002)
(0.00089999992 -0.0053000883 0.016525527)
(0.001 -0.0053000883 0.016525527)
(0.00089999994 -0.0052000502 0.016525517)
(0.001 -0.0052000502 0.016525517)
(0.00089999993 -0.0053000733 0.025000001)
(0.00099999996 -0.0053000733 0.025)
(0.00089999994 -0.00520004 0.025000001)
(0.00099999997 -0.00520004 0.025000001)
(0.0011 -0.0053000883 0.016525529)
(0.0011999999 -0.0053000883 0.016525532)
(0.0011 -0.0052000502 0.016525519)
(0.0011999999 -0.0052000502 0.016525522)
(0.0011 -0.0053000733 0.025000001)
(0.0011999999 -0.0053000733 0.025000003)
(0.0011 -0.00520004 0.025000002)
(0.0011999999 -0.00520004 0.025000003)
(0.0012999996 -0.0055001755 0.008194165)
(0.0013999995 -0.0055001755 0.0081941607)
(0.0012999996 -0.0054001857 0.008192503)
(0.0013999994 -0.0054001857 0.0081924987)
(0.0014999996 -0.0055001755 0.0081941576)
(0.0015999999 -0.0055001755 0.008194157)
(0.0014999995 -0.0054001857 0.0081924955)
(0.0015999998 -0.0054001857 0.0081924943)
(0.0012999996 -0.0053001314 0.0081920508)
(0.0013999993 -0.0053001314 0.008192047)
(0.0012999996 -0.0052000764 0.0081920946)
(0.0013999993 -0.0052000764 0.0081920911)
(0.0014999994 -0.0053001314 0.0081920436)
(0.0015999996 -0.0053001314 0.0081920408)
(0.0014999993 -0.0052000764 0.0081920875)
(0.0015999996 -0.0052000764 0.0081920839)
(0.0012999998 -0.0055001464 0.016527486)
(0.0013999997 -0.0055001464 0.016527484)
(0.0012999998 -0.005400132 0.016525991)
(0.0013999997 -0.005400132 0.016525988)
(0.0012999999 -0.0055001481 0.025000003)
(0.0013999998 -0.0055001481 0.025000002)
(0.0012999999 -0.0054001169 0.025000003)
(0.0013999998 -0.0054001169 0.025000002)
(0.0014999998 -0.0055001464 0.016527481)
(0.0015999999 -0.0055001464 0.016527479)
(0.0014999997 -0.005400132 0.016525985)
(0.0015999998 -0.005400132 0.016525983)
(0.0014999999 -0.0055001481 0.025)
(0.0015999999 -0.0055001481 0.024999998)
(0.0014999998 -0.0054001169 0.025)
(0.0015999999 -0.0054001169 0.024999998)
(0.0012999998 -0.0053000883 0.016525533)
(0.0013999997 -0.0053000883 0.016525531)
(0.0012999998 -0.0052000502 0.016525523)
(0.0013999997 -0.0052000502 0.016525521)
(0.0012999999 -0.0053000733 0.025000004)
(0.0013999998 -0.0053000733 0.025000002)
(0.0012999999 -0.00520004 0.025000004)
(0.0013999998 -0.00520004 0.025000003)
(0.0014999997 -0.0053000883 0.016525527)
(0.0015999998 -0.0053000883 0.016525525)
(0.0014999997 -0.0052000502 0.016525517)
(0.0015999998 -0.0052000502 0.016525514)
(0.0014999998 -0.0053000733 0.025)
(0.0015999999 -0.0053000733 0.024999999)
(0.0014999998 -0.00520004 0.025)
(0.0015999999 -0.00520004 0.024999998)
(0.0027 -0.0055001481 0.025)
(0.0027999999 -0.0055001481 0.025000001)
(0.0027 -0.0054001169 0.025000001)
(0.0027999999 -0.0054001169 0.025000001)
(0.0025000001 -0.0053000883 0.016525527)
(0.0026000001 -0.0053000884 0.016525529)
(0.0025000001 -0.0052000502 0.016525517)
(0.0026000001 -0.0052000502 0.016525519)
(0.0025 -0.0053000734 0.025)
(0.0026 -0.0053000734 0.025000001)
(0.0025 -0.0052000401 0.025000001)
(0.0026 -0.0052000401 0.025000001)
(0.0027 -0.0053000884 0.01652553)
(0.0028 -0.0053000884 0.016525529)
(0.0027 -0.0052000502 0.01652552)
(0.0028 -0.0052000502 0.016525519)
(0.0027 -0.0053000734 0.025000001)
(0.0027999999 -0.0053000734 0.025000001)
(0.0027 -0.0052000401 0.025000001)
(0.0028 -0.0052000401 0.025000001)
(0.0029 -0.0055001755 0.0081941608)
(0.0030000001 -0.0055001755 0.0081941599)
(0.0029 -0.0054001858 0.0081924978)
(0.0030000001 -0.0054001858 0.0081924971)
(0.0031000001 -0.0055001755 0.0081941603)
(0.0032000001 -0.0055001755 0.0081941617)
(0.0031000001 -0.0054001858 0.0081924982)
(0.0032000001 -0.0054001858 0.0081924998)
(0.0029 -0.0053001314 0.0081920442)
(0.0030000001 -0.0053001314 0.0081920439)
(0.0029 -0.0052000765 0.0081920871)
(0.0030000001 -0.0052000765 0.0081920876)
(0.0031000001 -0.0053001315 0.0081920457)
(0.0032 -0.0053001315 0.008192048)
(0.0031000001 -0.0052000765 0.0081920895)
(0.0032 -0.0052000765 0.0081920921)
(0.0029 -0.0055001464 0.016527483)
(0.003 -0.0055001464 0.016527482)
(0.0029 -0.0054001321 0.016525987)
(0.003 -0.0054001321 0.016525986)
(0.0028999999 -0.0055001481 0.025000001)
(0.0029999999 -0.0055001481 0.025000001)
(0.0028999999 -0.0054001169 0.025000001)
(0.0029999999 -0.0054001169 0.025000001)
(0.0031 -0.0055001464 0.016527482)
(0.0032 -0.0055001464 0.016527483)
(0.0031 -0.0054001321 0.016525987)
(0.0032 -0.0054001321 0.016525988)
(0.0030999999 -0.0055001481 0.025)
(0.0032 -0.0055001481 0.025)
(0.0031 -0.0054001169 0.025)
(0.0032 -0.0054001169 0.025)
(0.0028999999 -0.0053000884 0.016525528)
(0.003 -0.0053000884 0.016525528)
(0.0029 -0.0052000502 0.016525517)
(0.003 -0.0052000502 0.016525517)
(0.0028999999 -0.0053000734 0.025000001)
(0.0029999999 -0.0053000734 0.025000001)
(0.0029 -0.0052000401 0.025000001)
(0.003 -0.0052000401 0.025)
(0.0031 -0.0053000884 0.016525529)
(0.0032 -0.0053000884 0.01652553)
(0.0031 -0.0052000502 0.016525518)
(0.0031999999 -0.0052000502 0.016525519)
(0.0031 -0.0053000734 0.025)
(0.0032 -0.0053000734 0.025)
(0.0031 -0.0052000401 0.025)
(0.0032 -0.0052000401 0.025)
(0.0025000003 -0.0051000388 0.008192249)
(0.0026000003 -0.0051000388 0.0081922532)
(0.0025000004 -0.0050000174 0.0081923874)
(0.0026000003 -0.0050000174 0.0081923913)
(0.0027000001 -0.0051000387 0.0081922539)
(0.0028 -0.0051000387 0.0081922501)
(0.0027000001 -0.0050000174 0.0081923918)
(0.0028 -0.0050000174 0.0081923879)
(0.0030999998 -0.0038999999 0.008192542)
(0.0032 -0.0038999999 0.0081925436)
(0.0030999997 -0.0037999998 0.0081925455)
(0.0032 -0.0037999999 0.0081925467)
(0.0028999998 -0.0036999999 0.0081925567)
(0.0029999996 -0.0037 0.0081925521)
(0.0028999999 -0.0036000002 0.0081925564)
(0.0029999997 -0.0036000002 0.0081925518)
(0.0030999997 -0.0037 0.0081925479)
(0.0032 -0.0037000001 0.0081925476)
(0.0030999998 -0.0036000002 0.0081925467)
(0.0032 -0.0036000001 0.0081925448)
(0.0028999999 -0.0038999999 0.016525884)
(0.0029999998 -0.0039 0.016525881)
(0.0028999999 -0.0037999999 0.016525887)
(0.0029999998 -0.0038 0.016525884)
(0.0029 -0.0039 0.025000001)
(0.0029999999 -0.0039 0.024999999)
(0.0029 -0.0038 0.025000002)
(0.0029999999 -0.0038 0.025)
(0.0030999999 -0.0039 0.01652588)
(0.0032 -0.0039 0.016525881)
(0.0030999999 -0.0038 0.016525881)
(0.0032 -0.0038 0.016525882)
(0.0030999999 -0.0039 0.024999999)
(0.0032 -0.0039 0.024999999)
(0.0030999999 -0.0038 0.024999999)
(0.0032 -0.0038 0.025)
(0.0028999999 -0.0037 0.016525889)
(0.0029999999 -0.0037 0.016525886)
(0.0029 -0.0036000001 0.016525889)
(0.0029999999 -0.0036000001 0.016525885)
(0.0029 -0.0037 0.025000003)
(0.0029999999 -0.0037 0.025000001)
(0.0029 -0.0036 0.025000003)
(0.003 -0.0036000001 0.025000001)
(0.0030999999 -0.0037 0.016525883)
(0.0031999999 -0.0037 0.016525882)
(0.0030999999 -0.0036000001 0.016525882)
(0.0031999999 -0.0036000001 0.016525881)
(0.0030999999 -0.0037000001 0.024999999)
(0.0032 -0.0037000001 0.025)
(0.0030999999 -0.0036000001 0.024999999)
(0.0032 -0.0036000001 0.024999999)
(0.0028000002 -0.0035000003 0.0081925531)
(0.0028000001 -0.0035000001 0.016525887)
(0.0028 -0.0035000001 0.025000002)
(0.0043 -0.0053000734 0.025)
(0.0044 -0.0053000734 0.025)
(0.0043 -0.0052000401 0.025)
(0.0044 -0.0052000401 0.025)
(0.0040999999 -0.0051000387 0.0081922481)
(0.0042000001 -0.0051000388 0.0081922485)
(0.0040999999 -0.0050000173 0.0081923854)
(0.0042000001 -0.0050000174 0.0081923859)
(0.0043 -0.0051000388 0.0081922525)
(0.0043999998 -0.0051000388 0.0081922533)
(0.0043 -0.0050000174 0.00819239)
(0.0041 -0.0049000068 0.008192471)
(0.0042000001 -0.0049000068 0.0081924717)
(0.0041 -0.0048000022 0.008192516)
(0.0042000001 -0.0048000022 0.0081925172)
(0.0043 -0.0049000068 0.0081924755)
(0.0043 -0.0048000022 0.0081925204)
(-0.00010000001 -0.0056995707 0.033463662)
(-1.9340684e-11 -0.0056995707 0.033463662)
(-0.00010000001 -0.0056000343 0.03346922)
(-2.0103574e-11 -0.0056000343 0.033469219)
(-9.9999956e-05 -0.0056991905 0.04179543)
(6.9944637e-12 -0.0056991905 0.041795429)
(-9.9999964e-05 -0.005599946 0.041802018)
(-9.1563812e-12 -0.005599946 0.041802016)
(-0.0012000001 -0.0055001465 0.033472518)
(-0.0012000001 -0.0054001321 0.033474014)
(-0.0012000003 -0.0055001755 0.04180584)
(-0.0012000003 -0.0054001858 0.041807503)
(0.00029999993 -0.0060771736 0.041780845)
(0.00039999993 -0.0060771736 0.041780845)
(0.00029999998 -0.0059873065 0.041777481)
(0.00039999999 -0.0059873065 0.041777481)
(0.00049999979 -0.0062465757 0.033418774)
(0.00059999979 -0.0062465757 0.033418774)
(0.00049999988 -0.0061655268 0.033444445)
(0.00059999988 -0.0061655268 0.033444444)
(0.00049999988 -0.0062450643 0.041759121)
(0.00059999989 -0.0062450643 0.04175912)
(0.00049999992 -0.0061629339 0.041780825)
(0.00059999995 -0.0061629339 0.041780825)
(0.00069999981 -0.0062465757 0.033418772)
(0.00079999989 -0.0062465757 0.03341877)
(0.00069999989 -0.0061655268 0.033444443)
(0.00079999991 -0.0061655268 0.033444442)
(0.00069999991 -0.0062450643 0.041759119)
(0.00079999993 -0.0062450643 0.041759119)
(0.00069999995 -0.0061629339 0.041780823)
(0.00079999993 -0.0061629339 0.041780823)
(0.00049999992 -0.006080044 0.03344895)
(0.00059999991 -0.006080044 0.03344895)
(0.00049999994 -0.0059897473 0.033448072)
(0.00059999993 -0.0059897473 0.033448072)
(0.00049999994 -0.0060771736 0.041780845)
(0.00059999995 -0.0060771736 0.041780845)
(0.00049999998 -0.0059873065 0.041777481)
(0.00059999997 -0.0059873065 0.041777481)
(0.00069999991 -0.006080044 0.03344895)
(0.00079999992 -0.006080044 0.033448949)
(0.00069999992 -0.0059897473 0.033448071)
(0.00079999993 -0.0059897473 0.033448071)
(0.00069999994 -0.0060771736 0.041780844)
(0.00079999993 -0.0060771736 0.041780844)
(0.00069999997 -0.0059873065 0.041777481)
(0.00079999997 -0.0059873065 0.041777481)
(0.0021 -0.0062465757 0.033418768)
(0.0022 -0.0062465757 0.033418768)
(0.0021 -0.0061655268 0.03344444)
(0.0022 -0.0061655268 0.033444441)
(0.0021 -0.0062450643 0.041759118)
(0.0022 -0.0062450643 0.041759118)
(0.0021 -0.0061629339 0.041780822)
(0.0022 -0.0061629339 0.041780823)
(0.0023000001 -0.0062465757 0.033418769)
(0.0024000001 -0.0062465757 0.033418768)
(0.0023 -0.0061655268 0.033444441)
(0.0024 -0.0061655268 0.033444441)
(0.0023000001 -0.0062450643 0.041759118)
(0.0024000001 -0.0062450643 0.041759118)
(0.0023 -0.0061629339 0.041780823)
(0.0024 -0.0061629339 0.041780822)
(0.0021 -0.006080044 0.033448948)
(0.0022 -0.006080044 0.033448948)
(0.0020999999 -0.0059897473 0.03344807)
(0.0022 -0.0059897473 0.033448071)
(0.0020999999 -0.0060771736 0.041780843)
(0.0021999999 -0.0060771736 0.041780844)
(0.0020999999 -0.0059873065 0.04177748)
(0.0021999999 -0.0059873065 0.041777481)
(0.0023 -0.006080044 0.033448949)
(0.0024 -0.006080044 0.033448948)
(0.0023 -0.0059897473 0.033448071)
(0.0024 -0.0059897473 0.033448071)
(0.0023 -0.0060771736 0.041780844)
(0.0024 -0.0060771736 0.041780844)
(0.0023 -0.0059873065 0.041777481)
(0.0024 -0.0059873065 0.041777481)
(0.0017 -0.0058954112 0.033450415)
(0.0018 -0.0058954112 0.033450416)
(0.0017 -0.0057982979 0.033456576)
(0.0018 -0.0057982979 0.033456577)
(0.0017 -0.0058937435 0.041779618)
(0.0018 -0.0058937435 0.041779618)
(0.0017 -0.0057973831 0.041786932)
(0.0017999999 -0.0057973831 0.041786932)
(0.0018999999 -0.0058954112 0.033450416)
(0.0019999999 -0.0058954112 0.033450416)
(0.0018999999 -0.0057982979 0.033456577)
(0.0019999999 -0.0057982979 0.033456578)
(0.0019 -0.0058937435 0.041779618)
(0.0019999999 -0.0058937434 0.041779619)
(0.0018999999 -0.0057973831 0.041786933)
(0.0019999999 -0.0057973831 0.041786933)
(0.00049999993 -0.0047000005 0.033474125)
(0.00059999988 -0.0047000005 0.033474127)
(0.00049999996 -0.0046000001 0.033474119)
(0.0005999999 -0.0046000001 0.03347412)
(0.00049999978 -0.0047000006 0.041807458)
(0.00059999966 -0.0047000006 0.041807461)
(0.00049999986 -0.0046000001 0.041807452)
(0.0005999997 -0.0046000001 0.041807454)
(0.00069999986 -0.0047000005 0.033474128)
(0.00079999988 -0.0047000005 0.033474128)
(0.00069999989 -0.0046000001 0.033474121)
(0.00079999991 -0.0046000001 0.033474122)
(0.00069999966 -0.0047000006 0.041807461)
(0.00079999969 -0.0047000006 0.041807461)
(0.00069999969 -0.0046000001 0.041807456)
(0.00079999977 -0.0046000001 0.041807457)
(0.00049999998 -0.0045 0.033474116)
(0.00059999994 -0.0045 0.033474117)
(0.00049999996 -0.0044999999 0.041807451)
(0.00059999979 -0.0044999999 0.041807452)
(0.00069999993 -0.0045 0.033474119)
(0.00079999996 -0.0045 0.033474119)
(0.00079999999 -0.0044 0.033474118)
(0.00069999977 -0.0044999999 0.041807456)
(0.00079999991 -0.0045 0.041807457)
(0.00080000002 -0.0044 0.041807453)
(0.0023 -0.0047000007 0.041807461)
(0.0024 -0.0047000007 0.041807464)
(0.0023 -0.0046000001 0.041807456)
(0.0024000001 -0.0046000001 0.041807458)
(0.0020999999 -0.0044999999 0.03347412)
(0.0022 -0.0045 0.033474119)
(0.0020999999 -0.0044 0.033474117)
(0.0022 -0.0044 0.033474117)
(0.0020999999 -0.0044999998 0.041807457)
(0.0022 -0.0044999999 0.041807454)
(0.0020999999 -0.0043999999 0.041807452)
(0.0022 -0.0043999999 0.04180745)
(0.0023 -0.0045 0.033474118)
(0.0024000001 -0.0045 0.033474119)
(0.0023 -0.0044 0.033474116)
(0.0024000001 -0.0044 0.033474117)
(0.0023 -0.0044999999 0.041807455)
(0.0024000001 -0.0044999999 0.041807456)
(0.0023 -0.0043999999 0.04180745)
(0.0024000001 -0.0043999999 0.041807452)
(0.0017000001 -0.0043 0.033474112)
(0.0017999999 -0.0043 0.033474112)
(0.0017000001 -0.0042 0.033474115)
(0.0018 -0.0042000001 0.033474114)
(0.0017000002 -0.0043 0.041807444)
(0.0017999998 -0.0043 0.041807444)
(0.0017000002 -0.0042000002 0.041807448)
(0.0017999999 -0.0042000002 0.041807448)
(0.0018999999 -0.0043 0.033474114)
(0.0019999999 -0.0043 0.033474116)
(0.0018999999 -0.0042000001 0.033474116)
(0.0019999999 -0.0042000001 0.033474118)
(0.0018999996 -0.0043000001 0.041807448)
(0.0019999997 -0.0043000001 0.041807451)
(0.0018999997 -0.0042000003 0.041807451)
(0.0019999998 -0.0042000003 0.041807455)
(0.0018 -0.0041000001 0.033474117)
(0.0018 -0.0041000002 0.041807451)
(0.0018999999 -0.0041000001 0.033474118)
(0.0019999999 -0.0041000001 0.03347412)
(0.002 -0.004 0.033474119)
(0.0018999998 -0.0041000002 0.041807454)
(0.0019999998 -0.0041000002 0.041807458)
(0.0019999999 -0.004 0.041807457)
(0.0037000001 -0.0062465757 0.033418771)
(0.0038000001 -0.0062465757 0.033418772)
(0.0037 -0.0061655268 0.033444442)
(0.0038000001 -0.0061655268 0.033444442)
(0.0037 -0.0062450643 0.041759119)
(0.0038000001 -0.0062450643 0.041759119)
(0.0037 -0.0061629339 0.041780823)
(0.0038000001 -0.0061629339 0.041780823)
(0.0039000001 -0.0062465757 0.03341877)
(0.0040000001 -0.0062465757 0.033418766)
(0.0039000001 -0.0061655268 0.033444441)
(0.0040000001 -0.0061655268 0.033444439)
(0.0039000001 -0.0062450643 0.041759117)
(0.0040000001 -0.0062450643 0.041759115)
(0.0039000001 -0.0061629339 0.041780822)
(0.0040000001 -0.0061629339 0.041780821)
(0.0037 -0.006080044 0.033448949)
(0.0038 -0.006080044 0.033448949)
(0.0037 -0.0059897473 0.033448071)
(0.0038 -0.0059897473 0.033448071)
(0.0037 -0.0060771736 0.041780844)
(0.0038 -0.0060771736 0.041780844)
(0.0037 -0.0059873065 0.041777481)
(0.0038 -0.0059873065 0.041777481)
(0.0039 -0.006080044 0.033448948)
(0.004 -0.006080044 0.033448947)
(0.0039 -0.0059897473 0.033448071)
(0.004 -0.0059897473 0.03344807)
(0.0039000001 -0.0060771736 0.041780843)
(0.0040000001 -0.0060771736 0.041780843)
(0.0039 -0.0059873065 0.041777481)
(0.0040000001 -0.0059873065 0.04177748)
(0.0032999999 -0.0058954112 0.033450416)
(0.0033999999 -0.0058954112 0.033450417)
(0.0032999999 -0.0057982979 0.033456577)
(0.0033999999 -0.0057982979 0.033456578)
(0.0032999999 -0.0058937434 0.041779619)
(0.0033999999 -0.0058937434 0.041779619)
(0.0032999999 -0.005797383 0.041786933)
(0.0033999999 -0.005797383 0.041786934)
(0.0034999999 -0.0058954112 0.033450417)
(0.0036 -0.0058954112 0.033450417)
(0.0034999999 -0.0057982979 0.033456578)
(0.0036 -0.0057982979 0.033456579)
(0.0034999999 -0.0058937434 0.041779619)
(0.0035999999 -0.0058937434 0.041779619)
(0.0034999999 -0.005797383 0.041786933)
(0.0035999999 -0.005797383 0.041786934)
(0.0032999999 -0.0056995707 0.033463662)
(0.0033999999 -0.0056995707 0.033463662)
(0.0032999999 -0.0056000343 0.033469219)
(0.0033999999 -0.0056000343 0.033469219)
(0.0032999999 -0.0056991905 0.041795429)
(0.0033999999 -0.0056991905 0.04179543)
(0.0032999999 -0.005599946 0.041802016)
(0.0033999998 -0.005599946 0.041802017)
(0.0034999999 -0.0056995707 0.033463663)
(0.0036 -0.0056995707 0.033463663)
(0.0034999999 -0.0056000343 0.03346922)
(0.0036 -0.0056000343 0.033469221)
(0.0034999999 -0.0056991905 0.04179543)
(0.0036 -0.0056991905 0.041795431)
(0.0034999999 -0.005599946 0.041802018)
(0.0036 -0.005599946 0.041802019)
(0.0039000001 -0.0045 0.041807454)
(0.0039999999 -0.0045000001 0.041807455)
(0.0039000001 -0.0043999999 0.04180745)
(0.004 -0.0044 0.041807451)
(0.0033 -0.0043000001 0.033474114)
(0.0034 -0.0043000001 0.033474112)
(0.0033 -0.0042000001 0.033474116)
(0.0034 -0.0042000002 0.033474114)
(0.0033000001 -0.0043000001 0.041807449)
(0.0034000001 -0.0043000002 0.041807445)
(0.0033000001 -0.0042000003 0.041807453)
(0.0034000001 -0.0042000004 0.041807448)
(0.0035 -0.0043000001 0.033474112)
(0.0036 -0.0043000001 0.033474114)
(0.0035 -0.0042000002 0.033474114)
(0.0036 -0.0042000002 0.033474115)
(0.0034999999 -0.0043000002 0.041807445)
(0.0035999999 -0.0043000001 0.041807449)
(0.0035 -0.0042000004 0.041807448)
(0.0035999999 -0.0042000004 0.041807451)
(0.0033 -0.0041000001 0.033474119)
(0.0034 -0.0041000002 0.033474117)
(0.0033 -0.0040000001 0.03347412)
(0.0034000001 -0.0040000001 0.033474119)
(0.0033000001 -0.0041000003 0.041807455)
(0.0034000001 -0.0041000005 0.041807451)
(0.0033000001 -0.0040000002 0.041807457)
(0.0034000002 -0.0040000003 0.041807454)
(0.0035 -0.0041000002 0.033474116)
(0.0036 -0.0041000002 0.033474117)
(0.0035000001 -0.0040000002 0.033474118)
(0.0036000001 -0.0040000002 0.033474119)
(0.0035 -0.0041000005 0.041807451)
(0.0036 -0.0041000005 0.041807454)
(0.0035000001 -0.0040000003 0.041807454)
(0.0036000001 -0.0040000004 0.041807457)
(-0.00070000011 -0.0062450643 0.0082408907)
(-0.0007000001 -0.006162934 0.0082191833)
(-0.00060000011 -0.0062450643 0.0082408897)
(-0.00060000006 -0.0061629339 0.0082191817)
(-0.00050000007 -0.0062450643 0.0082408902)
(-0.00049999997 -0.0061629339 0.0082191822)
(-0.00040000001 -0.0062450643 0.008240892)
(-0.00039999995 -0.006162934 0.0082191848)
(-0.0007000001 -0.0060771736 0.0082191601)
(-0.00060000005 -0.0060771736 0.0082191583)
(-0.00070000008 -0.0059873065 0.0082225219)
(-0.00060000003 -0.0059873065 0.0082225199)
(-0.00049999993 -0.0060771736 0.0082191588)
(-0.00039999993 -0.0060771736 0.0082191617)
(-0.00049999992 -0.0059873065 0.0082225204)
(-0.00039999992 -0.0059873065 0.0082225233)
(-0.00070000012 -0.0062465757 0.016581247)
(-0.00060000015 -0.0062465757 0.016581243)
(-0.00070000007 -0.0061655268 0.016555569)
(-0.00060000006 -0.0061655268 0.016555567)
(-0.0007000001 -0.0062471469 0.025000017)
(-0.0006000001 -0.0062471469 0.025000012)
(-0.00070000006 -0.006166523 0.025000009)
(-0.00060000005 -0.006166523 0.025000008)
(-0.00050000013 -0.0062465757 0.016581242)
(-0.00040000001 -0.0062465757 0.016581243)
(-0.00050000003 -0.0061655268 0.016555568)
(-0.0004 -0.0061655268 0.016555569)
(-0.00050000007 -0.0062471469 0.025000008)
(-0.00039999998 -0.0062471469 0.02500001)
(-0.00050000003 -0.006166523 0.025000008)
(-0.0004 -0.006166523 0.025000008)
(-0.00070000003 -0.006080044 0.016551058)
(-0.00060000002 -0.006080044 0.016551057)
(-0.00070000001 -0.0059897473 0.016551933)
(-0.00060000001 -0.0059897473 0.016551932)
(-0.00070000003 -0.0060811694 0.025000005)
(-0.00060000003 -0.0060811694 0.025000005)
(-0.00070000001 -0.0059907263 0.025000002)
(-0.00060000002 -0.0059907263 0.025000002)
(-0.0005 -0.006080044 0.016551057)
(-0.00039999999 -0.006080044 0.016551059)
(-0.00049999998 -0.0059897473 0.016551932)
(-0.00039999999 -0.0059897473 0.016551934)
(-0.00050000002 -0.0060811694 0.025000005)
(-0.00040000001 -0.0060811694 0.025000005)
(-0.00050000001 -0.0059907263 0.025000003)
(-0.00040000002 -0.0059907263 0.025000003)
(-0.00029999996 -0.0062450643 0.0082408919)
(-0.00030000003 -0.006162934 0.0082191848)
(-0.00019999993 -0.0062450643 0.0082408894)
(-0.00020000004 -0.006162934 0.0082191821)
(-9.9999939e-05 -0.0062450643 0.0082408891)
(-9.9999973e-05 -0.006162934 0.0082191819)
(3.3068557e-11 -0.0062450643 0.0082408911)
(1.5936153e-11 -0.006162934 0.0082191841)
(-0.00050000008 -0.0047000004 0.0081925396)
(-0.00040000028 -0.0047000004 0.0081925401)
(-0.0005000001 -0.0045999999 0.0081925491)
(-0.00040000031 -0.0045999999 0.0081925494)
(-0.00070000013 -0.0045 0.0081925506)
(-0.00060000005 -0.0045 0.0081925506)
(-0.00050000012 -0.0045 0.0081925544)
(-0.00040000034 -0.0045 0.0081925545)
(-0.00070000005 -0.0047000004 0.016525871)
(-0.00060000005 -0.0047000004 0.016525872)
(-0.00070000005 -0.0046000001 0.01652588)
(-0.00060000006 -0.0046000001 0.016525881)
(-0.00070000002 -0.0047000004 0.024999998)
(-0.00060000005 -0.0047000004 0.024999999)
(-0.00070000001 -0.0046000001 0.025)
(-0.00060000004 -0.0046000001 0.025)
(-0.00050000008 -0.0047000004 0.016525873)
(-0.00040000014 -0.0047000004 0.016525874)
(-0.0005000001 -0.0046000001 0.016525882)
(-0.00040000016 -0.0046000001 0.016525883)
(-0.00050000007 -0.0047000004 0.025)
(-0.00040000009 -0.0047000004 0.025)
(-0.00050000007 -0.0046000001 0.025000001)
(-0.0004000001 -0.0046000001 0.025000001)
(-0.00070000004 -0.0045000001 0.016525885)
(-0.00060000006 -0.0045000001 0.016525885)
(-0.00070000001 -0.0045 0.025000001)
(-0.00060000004 -0.0045000001 0.025000001)
(-0.0005000001 -0.0045000001 0.016525887)
(-0.00040000017 -0.0045 0.016525887)
(-0.00050000007 -0.0045000001 0.025000002)
(-0.0004000001 -0.0045 0.025000002)
(-0.00030000036 -0.0047000004 0.0081925371)
(-0.00020000022 -0.0047000004 0.0081925351)
(-0.0003000004 -0.0045999999 0.008192546)
(-0.00020000023 -0.0046 0.008192543)
(-9.9999927e-05 -0.0047000005 0.0081925352)
(3.172499e-10 -0.0047000005 0.0081925385)
(-9.9999906e-05 -0.0046000001 0.008192543)
(3.2076475e-10 -0.0046000001 0.0081925463)
(-0.00030000042 -0.0045 0.0081925506)
(-0.00020000022 -0.0045 0.0081925457)
(-9.9999877e-05 -0.0045 0.0081925436)
(3.2461258e-10 -0.0045000001 0.0081925459)
(-0.00030000016 -0.0047000004 0.016525872)
(-0.00020000009 -0.0047000004 0.01652587)
(-0.00030000018 -0.0046000001 0.016525881)
(-0.00020000011 -0.0046000001 0.016525879)
(-0.00030000009 -0.0047000004 0.025)
(-0.00020000006 -0.0047000004 0.024999999)
(-0.0003000001 -0.0046000001 0.025)
(-0.00020000007 -0.0046000001 0.025)
(-9.9999975e-05 -0.0047000004 0.016525871)
(1.1341467e-10 -0.0047000004 0.016525873)
(-9.9999984e-05 -0.0046000001 0.016525878)
(1.0604289e-10 -0.0046000001 0.01652588)
(-0.00010000001 -0.0047000004 0.024999999)
(2.8925188e-11 -0.0047000003 0.025)
(-0.00010000002 -0.0046000001 0.025)
(2.4434774e-11 -0.0046000001 0.025)
(0.00089999999 -0.0051000387 0.0081922471)
(0.0010000002 -0.0051000387 0.0081922485)
(0.00090000009 -0.0050000173 0.0081923845)
(0.0010000003 -0.0050000174 0.0081923866)
(0.0011000002 -0.0051000387 0.0081922518)
(0.0012 -0.0051000387 0.0081922556)
(0.0011000002 -0.0050000174 0.0081923898)
(0.0011999999 -0.0050000173 0.0081923929)
(0.00090000016 -0.0049000068 0.0081924698)
(0.0010000003 -0.0049000068 0.0081924723)
(0.00090000021 -0.0048000022 0.0081925147)
(0.0010000003 -0.0048000022 0.0081925172)
(0.0011000002 -0.0049000068 0.0081924759)
(0.0011999999 -0.0049000068 0.0081924778)
(0.0011000002 -0.0048000022 0.0081925208)
(0.0011999998 -0.0048000022 0.0081925219)
(0.00089999998 -0.0051000252 0.016525632)
(0.001 -0.0051000253 0.016525632)
(0.00090000001 -0.0050000114 0.016525741)
(0.0010000001 -0.0050000114 0.016525742)
(0.00089999995 -0.0051000196 0.025000001)
(0.00099999998 -0.0051000196 0.025000001)
(0.00089999996 -0.0050000087 0.025000001)
(0.00099999999 -0.0050000087 0.025000001)
(0.0011 -0.0051000252 0.016525635)
(0.0011999999 -0.0051000252 0.016525637)
(0.0011 -0.0050000114 0.016525745)
(0.0011999999 -0.0050000114 0.016525747)
(0.0011 -0.0051000196 0.025000002)
(0.0011999999 -0.0051000196 0.025000003)
(0.0011 -0.0050000087 0.025000001)
(0.0011999999 -0.0050000087 0.025000003)
(0.00090000005 -0.0049000046 0.016525813)
(0.0010000001 -0.0049000046 0.016525814)
(0.00090000007 -0.0048000016 0.016525852)
(0.0010000001 -0.0048000016 0.016525854)
(0.00089999998 -0.0049000035 0.025)
(0.001 -0.0049000035 0.025)
(0.00089999999 -0.0048000012 0.025)
(0.001 -0.0048000012 0.025)
(0.0011 -0.0049000046 0.016525817)
(0.0011999999 -0.0049000046 0.016525818)
(0.0011 -0.0048000016 0.016525856)
(0.0011999999 -0.0048000016 0.016525857)
(0.0011 -0.0049000035 0.025000001)
(0.0011999999 -0.0049000035 0.025000002)
(0.0011 -0.0048000012 0.025000001)
(0.0012 -0.0048000012 0.025000002)
(0.0012999996 -0.0051000387 0.0081922559)
(0.0013999993 -0.0051000387 0.0081922524)
(0.0012999996 -0.0050000173 0.0081923925)
(0.0013999993 -0.0050000173 0.0081923894)
(0.0014999993 -0.0051000387 0.0081922489)
(0.0015999996 -0.0051000387 0.0081922452)
(0.0014999993 -0.0050000174 0.0081923862)
(0.0015999996 -0.0050000174 0.0081923831)
(0.0012999995 -0.0049000068 0.0081924764)
(0.0013999994 -0.0049000068 0.0081924736)
(0.0012999995 -0.0048000022 0.0081925197)
(0.0013999994 -0.0048000022 0.0081925169)
(0.0014999994 -0.0049000068 0.0081924715)
(0.0015999996 -0.0049000068 0.0081924697)
(0.0014999995 -0.0048000022 0.0081925161)
(0.0015999996 -0.0048000022 0.0081925158)
(0.0012999998 -0.0051000252 0.016525638)
(0.0013999997 -0.0051000252 0.016525636)
(0.0012999998 -0.0050000114 0.016525747)
(0.0013999997 -0.0050000114 0.016525745)
(0.0025000004 -0.004900007 0.0081924733)
(0.0026000003 -0.004900007 0.0081924772)
(0.0025000004 -0.0048000024 0.008192518)
(0.0026000003 -0.0048000025 0.0081925217)
(0.0027000001 -0.004900007 0.0081924776)
(0.0028 -0.0049000069 0.0081924742)
(0.0027000001 -0.0048000024 0.0081925222)
(0.0027999999 -0.0048000024 0.0081925192)
(0.0025000001 -0.0051000253 0.016525633)
(0.0026000001 -0.0051000253 0.016525635)
(0.0025000001 -0.0050000115 0.016525743)
(0.0026000001 -0.0050000115 0.016525745)
(0.0025000001 -0.0051000196 0.025000001)
(0.0026000001 -0.0051000196 0.025000002)
(0.0025000001 -0.0050000088 0.025000001)
(0.0026000001 -0.0050000088 0.025000002)
(0.0027000001 -0.0051000253 0.016525636)
(0.0028 -0.0051000253 0.016525634)
(0.0027000001 -0.0050000115 0.016525746)
(0.0028 -0.0050000115 0.016525744)
(0.0027 -0.0051000197 0.025000002)
(0.0028 -0.0051000197 0.025000001)
(0.0027 -0.0050000088 0.025000002)
(0.0028 -0.0050000088 0.025000002)
(0.0025000002 -0.0049000047 0.016525815)
(0.0026000001 -0.0049000047 0.016525818)
(0.0025000002 -0.0048000017 0.016525854)
(0.0026000002 -0.0048000017 0.016525857)
(0.0025000001 -0.0049000036 0.025000001)
(0.0026000001 -0.0049000036 0.025000002)
(0.0025000001 -0.0048000013 0.025000001)
(0.0026000001 -0.0048000013 0.025000002)
(0.0027000001 -0.0049000047 0.016525818)
(0.0028 -0.0049000047 0.016525817)
(0.0027000001 -0.0048000017 0.016525857)
(0.0028 -0.0048000017 0.016525856)
(0.0027000001 -0.0049000036 0.025000002)
(0.0028 -0.0049000036 0.025000002)
(0.0027000001 -0.0048000013 0.025000002)
(0.0028 -0.0048000013 0.025000002)
(0.0029000001 -0.0051000387 0.0081922483)
(0.0030000002 -0.0051000387 0.0081922495)
(0.0029000001 -0.0050000174 0.0081923859)
(0.0030000002 -0.0050000173 0.008192387)
(0.0031000002 -0.0051000387 0.0081922512)
(0.0032 -0.0051000387 0.0081922538)
(0.0031000002 -0.0050000173 0.0081923892)
(0.0032 -0.0050000173 0.0081923918)
(0.0029 -0.0049000069 0.0081924715)
(0.0030000002 -0.0049000068 0.0081924721)
(0.0029 -0.0048000023 0.0081925162)
(0.0030000001 -0.0048000023 0.0081925166)
(0.0031000002 -0.0049000068 0.0081924751)
(0.0032 -0.0049000068 0.008192478)
(0.0031000002 -0.0048000022 0.0081925202)
(0.0032 -0.0048000022 0.0081925234)
(0.0029 -0.0051000253 0.016525633)
(0.003 -0.0051000253 0.016525633)
(0.0029 -0.0050000114 0.016525742)
(0.003 -0.0050000114 0.016525743)
(0.0029 -0.0051000197 0.025000001)
(0.003 -0.0051000197 0.025)
(0.0029 -0.0050000088 0.025000001)
(0.003 -0.0050000088 0.025)
(0.0031 -0.0051000253 0.016525634)
(0.0031999999 -0.0051000253 0.016525635)
(0.0031 -0.0050000114 0.016525744)
(0.0032 -0.0050000114 0.016525745)
(0.0031 -0.0051000197 0.025)
(0.0032 -0.0051000197 0.025)
(0.0031 -0.0050000088 0.025000001)
(0.0032 -0.0050000087 0.025000001)
(0.0029 -0.0049000047 0.016525815)
(0.003 -0.0049000046 0.016525815)
(0.0029 -0.0048000017 0.016525854)
(0.003 -0.0048000017 0.016525854)
(0.0028999999 -0.0035000003 0.0081925525)
(0.0029999997 -0.0035000003 0.0081925485)
(0.0029 -0.0034000002 0.0081925486)
(0.0029999997 -0.0034000002 0.008192546)
(0.0030999998 -0.0035000002 0.0081925442)
(0.0032 -0.0035 0.0081925433)
(0.0030999998 -0.0034000001 0.0081925432)
(0.0032 -0.0033999999 0.0081925443)
(0.0029999998 -0.0032999999 0.0081925465)
(0.0030999998 -0.0032999999 0.0081925433)
(0.0032 -0.0032999998 0.0081925445)
(0.0029 -0.0035000001 0.016525886)
(0.0029999999 -0.0035000001 0.016525883)
(0.0029 -0.0034000001 0.016525884)
(0.0029999999 -0.0034000001 0.016525882)
(0.0029 -0.0035000001 0.025000002)
(0.003 -0.0035000001 0.024999999)
(0.0029 -0.0034000001 0.025)
(0.003 -0.0034000001 0.024999999)
(0.0030999999 -0.0035000001 0.01652588)
(0.0031999999 -0.0035 0.01652588)
(0.0030999999 -0.0034 0.01652588)
(0.0031999999 -0.0034 0.01652588)
(0.0030999999 -0.0035000001 0.024999998)
(0.0031999999 -0.0035000001 0.024999999)
(0.0030999999 -0.0034000001 0.024999998)
(0.0031999999 -0.0034 0.024999998)
(0.0029999999 -0.0033 0.016525882)
(0.003 -0.0033 0.024999999)
(0.0030999999 -0.0033 0.01652588)
(0.0031999999 -0.0032999999 0.016525881)
(0.0031 -0.0033 0.024999998)
(0.0031999999 -0.0033 0.024999999)
(0.0041 -0.0051000253 0.016525633)
(0.0042 -0.0051000253 0.016525633)
(0.0041 -0.0050000114 0.016525742)
(0.0042 -0.0050000114 0.016525742)
(0.0041 -0.0051000196 0.025000001)
(0.0042 -0.0051000196 0.025000001)
(0.0041000001 -0.0050000087 0.025000001)
(0.0042000001 -0.0050000087 0.025)
(0.0043 -0.0051000253 0.016525634)
(0.0043999999 -0.0051000253 0.016525634)
(0.0043 -0.0050000114 0.016525744)
(0.0043 -0.0051000196 0.025)
(0.0044 -0.0051000196 0.025)
(0.0043 -0.0050000087 0.025)
(0.0041 -0.0049000046 0.016525814)
(0.0042 -0.0049000046 0.016525814)
(0.0041 -0.0048000016 0.016525854)
(0.0042 -0.0048000016 0.016525854)
(0.0041 -0.0049000035 0.025)
(0.0042000001 -0.0049000035 0.025)
(0.0041 -0.0048000013 0.025000001)
(0.0042000001 -0.0048000013 0.025)
(0.0043 -0.0049000046 0.016525816)
(0.0043 -0.0048000016 0.016525855)
(0.0043 -0.0049000035 0.025)
(0.0043 -0.0048000012 0.025)
(-0.0011000001 -0.0055001464 0.033472519)
(-0.001 -0.0055001464 0.033472519)
(-0.0011000001 -0.0054001321 0.033474015)
(-0.001 -0.0054001321 0.033474015)
(-0.0011000002 -0.0055001755 0.041805842)
(-0.001 -0.0055001755 0.041805842)
(-0.0011000001 -0.0054001858 0.041807505)
(-0.00099999996 -0.0054001858 0.041807505)
(-0.00089999999 -0.0055001464 0.033472518)
(-0.0008 -0.0055001464 0.033472517)
(-0.00089999999 -0.0054001321 0.033474013)
(-0.00080000001 -0.0054001321 0.033474013)
(-0.00089999995 -0.0055001755 0.041805839)
(-0.00080000003 -0.0055001755 0.041805838)
(-0.00089999993 -0.0054001858 0.041807501)
(-0.00080000006 -0.0054001858 0.0418075)
(-0.0011000001 -0.0053000884 0.033474474)
(-0.001 -0.0053000884 0.033474474)
(-0.0011 -0.0052000502 0.033474485)
(-0.001 -0.0052000502 0.033474485)
(-0.0011000001 -0.0053001315 0.041807959)
(-0.00099999992 -0.0053001315 0.041807958)
(-0.0011000001 -0.0052000765 0.041807915)
(-0.00099999991 -0.0052000765 0.041807915)
(-0.00089999998 -0.0053000884 0.033474472)
(-0.00080000002 -0.0053000884 0.033474471)
(-0.00089999998 -0.0052000502 0.033474483)
(-0.00080000001 -0.0052000502 0.033474482)
(-0.00089999989 -0.0053001314 0.041807954)
(-0.00080000005 -0.0053001314 0.041807953)
(-0.00089999985 -0.0052000764 0.041807911)
(-0.0008 -0.0052000764 0.041807909)
(9.9999945e-05 -0.0058954112 0.033450417)
(0.00019999994 -0.0058954112 0.033450417)
(9.9999952e-05 -0.0057982979 0.033456577)
(0.00019999994 -0.0057982979 0.033456577)
(9.9999939e-05 -0.0058937435 0.041779619)
(0.00019999996 -0.0058937435 0.041779619)
(9.9999944e-05 -0.0057973831 0.041786933)
(0.00019999993 -0.0057973831 0.041786933)
(0.00029999994 -0.0058954112 0.033450417)
(0.00039999995 -0.0058954112 0.033450417)
(0.00029999994 -0.0057982979 0.033456577)
(0.00039999994 -0.0057982979 0.033456577)
(0.00029999998 -0.0058937435 0.041779619)
(0.00039999998 -0.0058937435 0.041779619)
(0.00029999993 -0.0057973831 0.041786933)
(0.00039999993 -0.0057973831 0.041786933)
(9.9999954e-05 -0.0056995707 0.033463661)
(0.00019999993 -0.0056995707 0.033463661)
(9.9999945e-05 -0.0056000343 0.033469218)
(0.00019999991 -0.0056000343 0.033469219)
(9.9999928e-05 -0.0056991905 0.041795429)
(0.00019999988 -0.0056991905 0.04179543)
(9.9999869e-05 -0.005599946 0.041802016)
(0.00019999981 -0.005599946 0.041802017)
(0.00029999992 -0.0056995707 0.033463661)
(0.00039999991 -0.0056995707 0.033463661)
(0.0002999999 -0.0056000343 0.033469219)
(0.00039999988 -0.0056000343 0.033469219)
(0.00029999987 -0.0056991905 0.04179543)
(0.00039999986 -0.0056991905 0.041795429)
(0.0002999998 -0.005599946 0.041802017)
(0.00039999978 -0.005599946 0.041802016)
(0.00049999994 -0.0058954112 0.033450417)
(0.00059999993 -0.0058954112 0.033450417)
(0.00049999993 -0.0057982979 0.033456577)
(0.00059999992 -0.0057982979 0.033456578)
(0.00049999997 -0.0058937435 0.041779619)
(0.00059999996 -0.0058937434 0.041779619)
(0.00049999991 -0.0057973831 0.041786933)
(0.00059999989 -0.0057973831 0.041786933)
(0.00069999993 -0.0058954112 0.033450417)
(0.00079999993 -0.0058954112 0.033450417)
(0.00069999992 -0.0057982979 0.033456578)
(0.00079999993 -0.0057982979 0.033456578)
(0.00069999995 -0.0058937434 0.041779619)
(0.00079999997 -0.0058937434 0.041779619)
(0.00069999989 -0.0057973831 0.041786933)
(0.00079999992 -0.0057973831 0.041786934)
(0.0004999999 -0.0056995707 0.033463662)
(0.00059999989 -0.0056995707 0.033463662)
(0.00049999986 -0.0056000343 0.033469219)
(0.00059999984 -0.0056000343 0.03346922)
(0.00049999983 -0.0056991905 0.041795429)
(0.0005999998 -0.0056991905 0.04179543)
(0.00049999972 -0.005599946 0.041802016)
(0.00059999967 -0.005599946 0.041802017)
(0.00069999989 -0.0056995707 0.033463662)
(0.00079999991 -0.0056995707 0.033463663)
(0.00069999984 -0.0056000343 0.03346922)
(0.00079999988 -0.0056000343 0.03346922)
(0.00069999981 -0.0056991905 0.04179543)
(0.00079999986 -0.0056991905 0.041795431)
(0.00069999969 -0.005599946 0.041802018)
(0.00079999977 -0.005599946 0.041802019)
(0.0016999999 -0.0056995707 0.033463661)
(0.0017999999 -0.0056995707 0.033463661)
(0.0016999999 -0.0056000343 0.033469218)
(0.0017999999 -0.0056000343 0.033469218)
(0.0016999999 -0.0056991905 0.041795429)
(0.0017999999 -0.0056991905 0.041795429)
(0.0016999998 -0.005599946 0.041802017)
(0.0017999998 -0.005599946 0.041802016)
(0.0018999999 -0.0056995707 0.033463661)
(0.0019999999 -0.0056995707 0.033463662)
(0.0018999999 -0.0056000343 0.033469219)
(0.0019999999 -0.0056000343 0.03346922)
(0.0018999998 -0.0056991905 0.041795429)
(0.0019999998 -0.0056991905 0.04179543)
(0.0018999997 -0.005599946 0.041802016)
(0.0019999997 -0.005599946 0.041802017)
(0.0020999999 -0.0058954112 0.033450417)
(0.0022 -0.0058954112 0.033450417)
(0.0020999999 -0.0057982979 0.033456578)
(0.0021999999 -0.0057982979 0.033456578)
(0.0020999999 -0.0058937434 0.041779619)
(0.0022 -0.0058937434 0.041779619)
(0.0020999999 -0.0057973831 0.041786934)
(0.0021999999 -0.0057973831 0.041786934)
(0.0023 -0.0058954112 0.033450417)
(0.0024 -0.0058954112 0.033450417)
(0.0023 -0.0057982979 0.033456578)
(0.0024 -0.0057982979 0.033456578)
(0.0023 -0.0058937434 0.041779619)
(0.0024 -0.0058937434 0.041779619)
(0.0023 -0.0057973831 0.041786934)
(0.0024 -0.005797383 0.041786933)
(0.0020999999 -0.0056995707 0.033463662)
(0.0021999999 -0.0056995707 0.033463663)
(0.0020999999 -0.0056000343 0.03346922)
(0.0021999999 -0.0056000343 0.03346922)
(0.0020999998 -0.0056991905 0.041795431)
(0.0021999999 -0.0056991905 0.041795431)
(0.0020999997 -0.005599946 0.041802018)
(0.0021999998 -0.005599946 0.041802018)
(0.0022999999 -0.0056995707 0.033463663)
(0.0024 -0.0056995707 0.033463662)
(0.0022999999 -0.0056000343 0.03346922)
(0.0023999999 -0.0056000343 0.03346922)
(0.0022999999 -0.0056991905 0.04179543)
(0.0024 -0.0056991905 0.04179543)
(0.0022999998 -0.005599946 0.041802018)
(0.0023999999 -0.005599946 0.041802018)
(0.0020999999 -0.0043 0.033474117)
(0.0022 -0.0043 0.033474116)
(0.0021 -0.0042000001 0.033474119)
(0.0022 -0.0042000001 0.033474118)
(0.0020999999 -0.0043000001 0.041807452)
(0.0022 -0.0043000001 0.041807449)
(0.0020999999 -0.0042000003 0.041807455)
(0.0022 -0.0042000003 0.041807452)
(0.0023 -0.0043 0.033474116)
(0.0024 -0.0043 0.033474117)
(0.0023 -0.0042000001 0.033474118)
(0.0024 -0.0042 0.033474119)
(0.0023 -0.0043000001 0.041807449)
(0.0024 -0.0043000001 0.041807451)
(0.0022999999 -0.0042000002 0.041807451)
(0.0024 -0.0042000002 0.041807454)
(0.0021 -0.0041 0.03347412)
(0.0022 -0.0041 0.033474119)
(0.0021 -0.004 0.03347412)
(0.0022 -0.0039999999 0.033474119)
(0.0021 -0.0041000002 0.041807458)
(0.0022 -0.0041000001 0.041807455)
(0.0021 -0.0039999999 0.041807458)
(0.0022 -0.0039999998 0.041807455)
(0.0023 -0.0041 0.03347412)
(0.0024 -0.0041 0.033474121)
(0.0023 -0.0039999999 0.033474119)
(0.0024 -0.0039999999 0.033474121)
(0.0022999999 -0.0041000001 0.041807455)
(0.0023999999 -0.0041 0.041807458)
(0.0022999999 -0.0039999998 0.041807455)
(0.0023999999 -0.0039999997 0.041807458)
(0.0037 -0.0058954112 0.033450418)
(0.0038 -0.0058954112 0.033450417)
(0.0037 -0.0057982979 0.033456579)
(0.0038 -0.0057982979 0.033456578)
(0.0037 -0.0058937434 0.04177962)
(0.0038000001 -0.0058937434 0.04177962)
(0.0037 -0.005797383 0.041786935)
(0.0038000001 -0.005797383 0.041786934)
(0.0039 -0.0058954112 0.033450417)
(0.004 -0.0058954112 0.033450416)
(0.0039 -0.0057982979 0.033456577)
(0.004 -0.0057982979 0.033456577)
(0.0039000001 -0.0058937434 0.041779619)
(0.0040000001 -0.0058937434 0.041779618)
(0.0039000001 -0.0057973831 0.041786932)
(0.004 -0.0057973831 0.041786932)
(0.0037 -0.0056995707 0.033463663)
(0.0038 -0.0056995707 0.033463662)
(0.0037000001 -0.0056000343 0.03346922)
(0.0038000001 -0.0056000343 0.033469219)
(0.0037000001 -0.0056991905 0.041795431)
(0.0038000001 -0.0056991905 0.04179543)
(0.0037000001 -0.005599946 0.041802019)
(0.0038000002 -0.005599946 0.041802017)
(0.0039 -0.0056995707 0.033463661)
(0.004 -0.0056995707 0.033463661)
(0.0039 -0.0056000343 0.033469218)
(0.004 -0.0056000343 0.033469218)
(0.0039000001 -0.0056991905 0.041795428)
(0.0039999999 -0.0056991905 0.041795428)
(0.0039000001 -0.005599946 0.041802015)
(0.0039999999 -0.005599946 0.041802016)
(0.0037000001 -0.0043000001 0.033474115)
(0.0038000001 -0.0043000001 0.033474115)
(0.0037000001 -0.0042000002 0.033474116)
(0.0038000001 -0.0042000001 0.033474116)
(0.0037000001 -0.0043000001 0.041807451)
(0.0038000002 -0.0043 0.041807449)
(0.0037000001 -0.0042000003 0.041807452)
(0.0038000002 -0.0042000003 0.04180745)
(0.0039000001 -0.0043000001 0.033474115)
(0.004 -0.0043000001 0.033474116)
(0.0039000001 -0.0042000001 0.033474116)
(0.004 -0.0042000001 0.033474117)
(0.0039000001 -0.0043 0.041807447)
(0.004 -0.0043 0.041807448)
(0.0039000001 -0.0042000002 0.041807448)
(0.004 -0.0042000002 0.04180745)
(0.0037000001 -0.0041000002 0.033474118)
(0.0038000001 -0.0041000002 0.033474118)
(0.0037000001 -0.0040000002 0.033474119)
(0.0038000001 -0.0040000001 0.033474119)
(0.0037000001 -0.0041000005 0.041807454)
(0.0038000001 -0.0041000004 0.041807452)
(0.0037000001 -0.0040000003 0.041807456)
(0.0038000001 -0.0040000002 0.041807455)
(0.0039000001 -0.0041000001 0.033474118)
(0.0040000001 -0.0041000001 0.033474119)
(0.0039000001 -0.0040000001 0.03347412)
(0.0040000001 -0.004 0.033474121)
(0.0039000001 -0.0041000003 0.041807453)
(0.0040000001 -0.0041000002 0.041807455)
(0.0039000001 -0.0040000001 0.041807457)
(0.0040000002 -0.004 0.041807458)
(0.0041 -0.0047000006 0.03347413)
(0.0042000001 -0.0047000006 0.03347413)
(0.0041 -0.0046000002 0.033474124)
(0.0042000001 -0.0046000002 0.033474123)
(-0.00030000004 -0.0060771736 0.0082191618)
(-0.00020000006 -0.0060771736 0.0082191592)
(-0.00030000003 -0.0059873065 0.0082225235)
(-0.00020000006 -0.0059873065 0.008222521)
(-9.999999e-05 -0.0060771736 0.008219159)
(-7.9528927e-12 -0.0060771736 0.0082191614)
(-9.9999994e-05 -0.0059873065 0.0082225209)
(-1.8052011e-11 -0.0059873065 0.0082225233)
(-0.0002999999 -0.0062465757 0.016581245)
(-0.0001999999 -0.0062465757 0.016581244)
(-0.00029999998 -0.0061655268 0.016555569)
(-0.00019999999 -0.0061655268 0.016555568)
(-0.00029999991 -0.0062471469 0.025000014)
(-0.00019999993 -0.0062471469 0.025000014)
(-0.00029999998 -0.006166523 0.025000009)
(-0.00019999998 -0.006166523 0.025000008)
(-9.9999971e-05 -0.0062465757 0.016581242)
(3.0482663e-11 -0.0062465757 0.016581242)
(-9.9999998e-05 -0.0061655268 0.016555568)
(2.1665768e-13 -0.0061655268 0.016555568)
(-9.9999989e-05 -0.0062471469 0.025000009)
(2.6741475e-11 -0.0062471469 0.025000008)
(-9.9999995e-05 -0.006166523 0.025000008)
(1.8748487e-12 -0.006166523 0.025000007)
(-0.00030000001 -0.006080044 0.016551059)
(-0.00020000002 -0.006080044 0.016551058)
(-0.00030000001 -0.0059897473 0.016551934)
(-0.00020000003 -0.0059897473 0.016551933)
(-0.00030000001 -0.0060811694 0.025000006)
(-0.00020000002 -0.0060811694 0.025000005)
(-0.00030000002 -0.0059907263 0.025000003)
(-0.00020000003 -0.0059907263 0.025000003)
(-0.00010000002 -0.006080044 0.016551057)
(-3.1555268e-11 -0.006080044 0.016551058)
(-0.00010000003 -0.0059897473 0.016551933)
(-4.4730866e-11 -0.0059897473 0.016551933)
(-0.00010000002 -0.0060811694 0.025000005)
(-3.2310447e-11 -0.0060811694 0.025000005)
(-0.00010000004 -0.0059907263 0.025000003)
(-4.8192729e-11 -0.0059907263 0.025000003)
(-0.00070000005 -0.0058937434 0.0082203826)
(-0.0006 -0.0058937434 0.0082203807)
(-0.00070000002 -0.005797383 0.0082130678)
(-0.00059999998 -0.0057973831 0.0082130661)
(-0.0004999999 -0.0058937435 0.0082203811)
(-0.00039999991 -0.0058937435 0.0082203839)
(-0.00049999989 -0.0057973831 0.0082130666)
(-0.00039999991 -0.0057973831 0.0082130693)
(-0.00069999999 -0.0056991905 0.0082045709)
(-0.00059999995 -0.0056991905 0.0082045694)
(-0.00069999996 -0.005599946 0.008197983)
(-0.0005999999 -0.005599946 0.0081979821)
(-0.00049999988 -0.0056991905 0.00820457)
(-0.00039999992 -0.0056991905 0.0082045728)
(-0.00049999986 -0.005599946 0.0081979832)
(-0.00039999994 -0.005599946 0.0081979856)
(-0.00069999999 -0.0058954112 0.016549585)
(-0.00059999999 -0.0058954112 0.016549584)
(-0.00069999998 -0.0057982979 0.016543423)
(-0.00059999998 -0.0057982979 0.016543423)
(-0.0007 -0.0058961015 0.025000001)
(-0.00060000001 -0.0058961015 0.025000001)
(-0.00069999999 -0.0057986962 0.025)
(-0.0006 -0.0057986962 0.025)
(-0.00049999998 -0.0058954112 0.016549585)
(-0.00039999999 -0.0058954112 0.016549586)
(-0.00049999998 -0.0057982979 0.016543423)
(-0.00039999999 -0.0057982979 0.016543424)
(-0.00050000001 -0.0058961015 0.025000001)
(-0.00040000002 -0.0058961015 0.025000002)
(-0.00050000002 -0.0057986962 0.025000001)
(-0.00040000003 -0.0057986962 0.025000001)
(-0.00069999997 -0.0056995707 0.016536339)
(-0.00059999998 -0.0056995707 0.016536338)
(-0.00069999997 -0.0056000343 0.016530781)
(-0.00059999997 -0.0056000343 0.016530781)
(-0.00030000019 -0.0045 0.016525884)
(-0.00020000011 -0.0045 0.016525881)
(-0.00030000011 -0.0045 0.025000001)
(-0.00020000008 -0.0045 0.025)
(-9.9999985e-05 -0.0045 0.016525881)
(1.0243713e-10 -0.0045 0.016525882)
(-0.00010000002 -0.0045 0.025)
(2.3291159e-11 -0.0045 0.025)
(0.0012999999 -0.0051000196 0.025000004)
(0.0013999998 -0.0051000196 0.025000003)
(0.0012999999 -0.0050000087 0.025000003)
(0.0013999998 -0.0050000087 0.025000002)
(0.0014999997 -0.0051000252 0.016525632)
(0.0015999998 -0.0051000253 0.016525629)
(0.0014999997 -0.0050000114 0.016525742)
(0.0015999998 -0.0050000114 0.016525739)
(0.0014999998 -0.0051000196 0.025)
(0.0015999999 -0.0051000196 0.024999998)
(0.0014999998 -0.0050000087 0.025)
(0.0015999999 -0.0050000087 0.024999998)
(0.0012999998 -0.0049000046 0.016525818)
(0.0013999997 -0.0049000046 0.016525816)
(0.0012999998 -0.0048000016 0.016525856)
(0.0013999997 -0.0048000016 0.016525855)
(0.0012999999 -0.0049000035 0.025000002)
(0.0013999999 -0.0049000035 0.025000002)
(0.0012999999 -0.0048000012 0.025000002)
(0.0013999999 -0.0048000012 0.025000001)
(0.0014999997 -0.0049000046 0.016525813)
(0.0015999998 -0.0049000046 0.016525811)
(0.0014999997 -0.0048000016 0.016525853)
(0.0015999998 -0.0048000016 0.016525851)
(0.0014999999 -0.0049000035 0.025)
(0.0015999999 -0.0049000035 0.024999998)
(0.0014999999 -0.0048000012 0.025)
(0.0015999999 -0.0048000012 0.024999998)
(0.0017000001 -0.0062450643 0.008240885)
(0.0017000001 -0.0061629339 0.0082191794)
(0.0018000002 -0.0062450643 0.0082408847)
(0.0018000001 -0.0061629339 0.0082191797)
(0.0029 -0.0049000035 0.025000001)
(0.003 -0.0049000035 0.025000001)
(0.0029 -0.0048000013 0.025000001)
(0.003 -0.0048000013 0.025000001)
(0.0031 -0.0049000046 0.016525817)
(0.0032 -0.0049000046 0.016525818)
(0.0031 -0.0048000016 0.016525857)
(0.0032 -0.0048000016 0.016525859)
(0.0031 -0.0049000035 0.025000001)
(0.0032 -0.0049000035 0.025000002)
(0.0031 -0.0048000012 0.025000002)
(0.0032 -0.0048000012 0.025000003)
(0.00010000031 -0.0047000005 0.0081925425)
(0.00020000015 -0.0047000005 0.0081925417)
(0.00010000029 -0.0046000001 0.0081925499)
(0.00020000013 -0.0046000001 0.0081925496)
(0.00030000015 -0.0047000006 0.0081925374)
(0.00040000034 -0.0047000006 0.0081925373)
(0.00030000013 -0.0046000002 0.0081925455)
(0.00040000031 -0.0046000003 0.0081925449)
(0.00010000027 -0.0045000001 0.0081925492)
(0.0002000001 -0.0045000001 0.0081925493)
(0.0016999998 -0.0047000005 0.0081925355)
(0.0018 -0.0047000006 0.0081925374)
(0.0016999998 -0.0046000001 0.0081925449)
(0.0018 -0.0046000002 0.008192546)
(0.0019 -0.0047000006 0.0081925425)
(0.0019999998 -0.0047000006 0.0081925438)
(0.0019 -0.0046000002 0.0081925503)
(0.0019999998 -0.0046000002 0.0081925507)
(0.0016999999 -0.0045000001 0.0081925464)
(0.0018 -0.0045000001 0.0081925467)
(0.0017 -0.0044 0.0081925446)
(0.0018 -0.0044000001 0.0081925455)
(0.0019 -0.0045000001 0.00819255)
(0.0019999998 -0.0045000001 0.0081925489)
(0.0018999999 -0.0044 0.0081925478)
(0.0019999998 -0.0043999999 0.008192547)
(0.0016999999 -0.0047000005 0.016525871)
(0.0018 -0.0047000005 0.016525872)
(0.0016999999 -0.0046000001 0.016525879)
(0.0018 -0.0046000001 0.01652588)
(0.0017 -0.0047000004 0.024999999)
(0.0017999999 -0.0047000004 0.025)
(0.0017 -0.0046 0.024999999)
(0.0018 -0.0046 0.024999999)
(0.0032999998 -0.0062450643 0.0082408837)
(0.0033 -0.0061629339 0.0082191784)
(0.0033999998 -0.0062450643 0.0082408855)
(0.0034 -0.006162934 0.0082191805)
(0.0034999999 -0.0062450643 0.0082408869)
(0.0035 -0.006162934 0.0082191816)
(0.0036 -0.0062450643 0.0082408865)
(0.0036 -0.0061629339 0.0082191803)
(0.0033 -0.0060771736 0.0082191571)
(0.0034 -0.0060771736 0.0082191595)
(0.0033 -0.0059873065 0.0082225206)
(0.0034 -0.0059873065 0.0082225226)
(0.0032999997 -0.0047000006 0.0081925444)
(0.0033999996 -0.0047000007 0.0081925407)
(0.0032999997 -0.0046000003 0.0081925519)
(0.0033999996 -0.0046000004 0.0081925481)
(0.0034999998 -0.0047000007 0.008192537)
(0.0036000002 -0.0047000008 0.008192537)
(0.0034999998 -0.0046000005 0.0081925443)
(0.0036000002 -0.0046000005 0.0081925443)
(0.0032999998 -0.0045000003 0.008192551)
(0.0033999997 -0.0045000004 0.0081925473)
(0.0032999999 -0.0044000002 0.0081925476)
(0.0033999998 -0.0044000003 0.0081925447)
(0.0034999999 -0.0045000005 0.0081925432)
(0.0036000002 -0.0045000005 0.0081925433)
(0.0034999999 -0.0044000003 0.0081925407)
(0.0036000002 -0.0044000003 0.0081925406)
(0.0032999999 -0.0047000005 0.016525877)
(0.0033999998 -0.0047000005 0.016525875)
(0.0032999999 -0.0046000002 0.016525884)
(0.0033999999 -0.0046000002 0.016525881)
(0.0033 -0.0047000004 0.025000003)
(0.0033999999 -0.0047000004 0.025000001)
(0.0033 -0.0046000001 0.025000002)
(0.0034 -0.0046000001 0.025000001)
(0.0034999999 -0.0047000006 0.016525872)
(0.0036000001 -0.0047000006 0.016525872)
(0.0034999999 -0.0046000003 0.016525879)
(0.0036000001 -0.0046000003 0.016525879)
(0.0035 -0.0047000004 0.025)
(0.0036 -0.0047000005 0.025)
(0.0035 -0.0046000001 0.025)
(0.0036 -0.0046000002 0.025)
(0.0032999999 -0.0045000001 0.016525884)
(0.0033999999 -0.0045000002 0.016525881)
(0.0033 -0.0044000001 0.016525882)
(0.0033999999 -0.0044000001 0.01652588)
(0.0033 -0.0045 0.025)
(0.0034 -0.0045 0.024999999)
(0.0033 -0.0044 0.024999998)
(0.0034 -0.0044 0.024999997)
(-0.0011 -0.0051000253 0.03347437)
(-0.001 -0.0051000252 0.03347437)
(-0.00099999999 -0.0050000114 0.03347426)
(-0.0011000001 -0.0051000387 0.041807754)
(-0.00099999991 -0.0051000387 0.041807754)
(-0.0009999999 -0.0050000173 0.041807616)
(-0.00089999997 -0.0051000252 0.033474368)
(-0.00080000001 -0.0051000252 0.033474366)
(-0.00089999997 -0.0050000114 0.033474258)
(-0.0008 -0.0050000114 0.033474256)
(-0.00089999983 -0.0051000387 0.041807751)
(-0.00079999996 -0.0051000387 0.041807748)
(-0.00089999981 -0.0050000172 0.041807613)
(-0.00079999993 -0.0050000173 0.04180761)
(-0.00099999999 -0.0049000046 0.033474187)
(-0.00099999989 -0.0049000067 0.041807531)
(-0.00089999996 -0.0049000046 0.033474185)
(-0.00079999999 -0.0049000046 0.033474183)
(-0.00089999994 -0.0048000016 0.033474145)
(-0.00079999997 -0.0048000016 0.033474143)
(-0.00089999978 -0.0049000067 0.041807527)
(-0.0007999999 -0.0049000067 0.041807524)
(-0.00089999976 -0.0048000021 0.041807482)
(-0.00079999987 -0.0048000022 0.041807479)
(0.00089999996 -0.0062465757 0.033418771)
(0.00099999998 -0.0062465757 0.033418773)
(0.00089999994 -0.0061655268 0.033444443)
(0.00099999996 -0.0061655268 0.033444443)
(0.00089999996 -0.0062450643 0.04175912)
(0.00099999997 -0.0062450643 0.041759121)
(0.00089999993 -0.0061629339 0.041780824)
(0.00099999996 -0.0061629339 0.041780824)
(0.0011 -0.0062465757 0.033418773)
(0.0011999999 -0.0062465757 0.033418771)
(0.0011 -0.0061655268 0.033444444)
(0.0012 -0.0061655268 0.033444443)
(0.0011 -0.0062450643 0.041759121)
(0.0012 -0.0062450643 0.041759121)
(0.0011 -0.0061629339 0.041780824)
(0.0012 -0.0061629339 0.041780824)
(0.00089999994 -0.006080044 0.03344895)
(0.00099999996 -0.006080044 0.03344895)
(0.00089999994 -0.0059897473 0.033448071)
(0.00099999997 -0.0059897473 0.033448072)
(0.00089999993 -0.0060771736 0.041780844)
(0.00099999997 -0.0060771736 0.041780845)
(0.00089999998 -0.0059873065 0.041777481)
(0.001 -0.0059873065 0.041777481)
(0.0011 -0.006080044 0.03344895)
(0.0012 -0.006080044 0.03344895)
(0.0011 -0.0059897473 0.033448071)
(0.0012 -0.0059897473 0.033448071)
(0.0011 -0.0060771736 0.041780845)
(0.0012 -0.0060771736 0.041780844)
(0.0011 -0.0059873065 0.041777481)
(0.0012 -0.0059873065 0.041777481)
(0.0025000001 -0.0062465757 0.033418768)
(0.0026000001 -0.0062465757 0.033418766)
(0.0025 -0.0061655268 0.03344444)
(0.0026 -0.0061655268 0.033444438)
(0.0025 -0.0062450643 0.041759117)
(0.0026 -0.0062450643 0.041759116)
(0.0025 -0.0061629339 0.041780822)
(0.0026 -0.0061629339 0.041780821)
(0.0027 -0.0062465757 0.033418761)
(0.0028 -0.0062465757 0.033418759)
(0.0027 -0.0061655268 0.033444437)
(0.0028 -0.0061655268 0.033444436)
(0.0027 -0.0062450643 0.041759115)
(0.0028 -0.0062450643 0.041759113)
(0.0027 -0.006162934 0.04178082)
(0.0028 -0.006162934 0.04178082)
(0.0025 -0.006080044 0.033448947)
(0.0026 -0.006080044 0.033448946)
(0.0025 -0.0059897473 0.03344807)
(0.0026 -0.0059897473 0.033448069)
(0.0025 -0.0060771736 0.041780843)
(0.0026 -0.0060771736 0.041780842)
(0.0025 -0.0059873065 0.04177748)
(0.0026 -0.0059873065 0.04177748)
(0.0027 -0.006080044 0.033448946)
(0.0028 -0.006080044 0.033448945)
(0.0027 -0.0059897473 0.033448069)
(0.0028 -0.0059897473 0.033448069)
(0.0027 -0.0060771736 0.041780842)
(0.0028 -0.0060771736 0.041780842)
(0.0027 -0.0059873065 0.041777479)
(0.0028 -0.0059873065 0.04177748)
(0.00089999993 -0.0047000005 0.033474128)
(0.00099999998 -0.0047000005 0.033474128)
(0.00089999996 -0.0046000001 0.033474122)
(0.00099999998 -0.0046000001 0.033474121)
(0.00089999981 -0.0047000006 0.041807464)
(0.001 -0.0047000006 0.041807463)
(0.0008999999 -0.0046000002 0.041807458)
(0.001 -0.0046000002 0.041807456)
(0.0011 -0.0047000005 0.033474127)
(0.0012 -0.0047000005 0.033474128)
(0.0011 -0.0046000001 0.03347412)
(0.0011999999 -0.0046000001 0.033474122)
(0.0011 -0.0047000006 0.04180746)
(0.0011999999 -0.0047000006 0.041807461)
(0.0011 -0.0046000001 0.041807454)
(0.0011999999 -0.0046 0.041807455)
(0.00089999999 -0.0045 0.033474119)
(0.00099999998 -0.0045 0.033474118)
(0.00090000001 -0.0044 0.033474117)
(0.00099999997 -0.0044 0.033474116)
(0.00090000003 -0.0045 0.041807455)
(0.001 -0.0045 0.041807453)
(0.0009000001 -0.0044 0.04180745)
(0.00099999999 -0.0044 0.041807448)
(0.0010999999 -0.0045 0.033474118)
(0.0011999999 -0.0045 0.033474119)
(0.0010999999 -0.0044 0.033474116)
(0.0011999999 -0.0044 0.033474117)
(0.0010999999 -0.0044999999 0.041807452)
(0.0011999998 -0.0044999998 0.041807453)
(0.0010999998 -0.0044 0.041807448)
(0.0011999997 -0.0043999999 0.04180745)
(0.0013 -0.0047000004 0.03347413)
(0.0014 -0.0047000004 0.033474131)
(0.0013 -0.0046 0.033474124)
(0.0014 -0.0046 0.033474124)
(0.0013 -0.0047000005 0.041807466)
(0.0014000002 -0.0047000004 0.041807467)
(0.0012999999 -0.0045999999 0.041807459)
(0.0014000002 -0.0045999998 0.04180746)
(0.0025000001 -0.0047000005 0.033474129)
(0.0026000001 -0.0047000005 0.033474128)
(0.0025000001 -0.0046000001 0.033474121)
(0.0026000001 -0.0046000001 0.033474121)
(0.0025000002 -0.0047000007 0.041807464)
(0.0026000002 -0.0047000006 0.041807461)
(0.0025000002 -0.0046000001 0.041807457)
(0.0026000002 -0.0046 0.041807455)
(0.0027000001 -0.0047000005 0.033474129)
(0.0028000001 -0.0047000004 0.03347413)
(0.0027000001 -0.0046 0.033474122)
(0.0028000001 -0.0046 0.033474122)
(0.0027000002 -0.0047000005 0.041807463)
(0.0028000002 -0.0047000004 0.041807466)
(0.0027000001 -0.0045999999 0.041807457)
(0.0028000002 -0.0045999998 0.041807458)
(0.0025000001 -0.0045 0.033474118)
(0.0026000001 -0.0044999999 0.033474118)
(0.0025000001 -0.0043999999 0.033474116)
(0.0026 -0.0043999999 0.033474116)
(0.0025000002 -0.0044999999 0.041807454)
(0.0026000001 -0.0044999998 0.041807453)
(0.0025000001 -0.0043999999 0.041807449)
(0.0026 -0.0043999998 0.041807449)
(0.0027000001 -0.0044999999 0.033474119)
(0.0028000001 -0.0044999999 0.033474118)
(0.0027 -0.0043999999 0.033474117)
(0.0028000001 -0.0043999999 0.033474117)
(0.0027000001 -0.0044999997 0.041807455)
(0.0028000002 -0.0044999997 0.041807455)
(0.0027 -0.0043999998 0.041807451)
(0.0028000002 -0.0043999998 0.041807452)
(0.0029000001 -0.0047000004 0.033474129)
(0.0030000001 -0.0047000004 0.033474128)
(0.0029000001 -0.0046 0.03347412)
(0.0030000001 -0.0045999999 0.033474119)
(0.0029000003 -0.0047000004 0.041807464)
(0.0030000002 -0.0047000003 0.041807462)
(0.0029000003 -0.0045999997 0.041807456)
(0.0030000002 -0.0045999997 0.041807453)
(0.0031 -0.0047000004 0.033474128)
(0.0032 -0.0047000004 0.03347413)
(0.0031 -0.0045999999 0.03347412)
(0.0032 -0.0046 0.033474121)
(0.0031 -0.0047000003 0.041807462)
(0.0031999999 -0.0047000003 0.041807465)
(0.0031 -0.0045999997 0.041807453)
(0.0032 -0.0045999997 0.041807457)
(0.0029000001 -0.0044999999 0.033474116)
(0.0030000001 -0.0044999998 0.033474114)
(0.0029000001 -0.0043999999 0.033474115)
(0.0030000001 -0.0043999999 0.033474112)
(0.0029000003 -0.0044999996 0.041807452)
(0.0030000002 -0.0044999996 0.041807449)
(0.0029000003 -0.0043999998 0.041807449)
(0.0030000002 -0.0043999998 0.041807445)
(0.0041000001 -0.0062465757 0.033418761)
(0.0042000001 -0.0062465757 0.033418759)
(0.0041000001 -0.0061655268 0.033444436)
(0.0042 -0.0061655268 0.033444435)
(0.0041000001 -0.0062450643 0.041759113)
(0.0042000001 -0.0062450643 0.041759113)
(0.0041000001 -0.0061629339 0.04178082)
(0.0042 -0.0061629339 0.041780819)
(0.0043000001 -0.0062465757 0.03341876)
(0.0044000001 -0.0062465757 0.033418761)
(0.0043 -0.0061655268 0.033444435)
(0.0044000001 -0.0061655268 0.033444435)
(0.0043 -0.0062450643 0.041759113)
(0.0044 -0.0062450643 0.041759113)
(0.0043 -0.0061629339 0.041780819)
(0.0044 -0.0061629339 0.041780819)
(0.0041 -0.006080044 0.033448945)
(0.0042 -0.006080044 0.033448944)
(0.0041 -0.0059897473 0.033448069)
(0.0042 -0.0059897473 0.033448068)
(0.0041 -0.0060771736 0.041780842)
(0.0042 -0.0060771736 0.041780841)
(0.0041 -0.0059873065 0.041777479)
(0.0042 -0.0059873065 0.041777479)
(0.0043 -0.006080044 0.033448944)
(0.0044 -0.006080044 0.033448945)
(0.0043 -0.0059897473 0.033448068)
(0.0044 -0.0059897473 0.033448069)
(0.0043 -0.0060771736 0.041780841)
(0.0044 -0.0060771736 0.041780841)
(0.0043 -0.0059873065 0.041777479)
(0.0044 -0.0059873065 0.04177748)
(0.0045000004 -0.0062465757 0.033418763)
(0.0046000014 -0.0062465758 0.033418765)
(0.0045000003 -0.0061655269 0.033444436)
(0.0046000009 -0.006165527 0.033444438)
(0.0045000002 -0.0062450643 0.041759113)
(0.0046000009 -0.0062450643 0.041759112)
(0.0045000002 -0.006162934 0.041780819)
(0.0046000007 -0.006162934 0.04178082)
(0.0041 -0.0047000008 0.041807465)
(0.0042000002 -0.0047000008 0.041807465)
(0.0041 -0.0046000003 0.041807459)
(0.0042000002 -0.0046000003 0.041807459)
(0.0041 -0.0045000001 0.033474121)
(0.0042000001 -0.0045000001 0.033474121)
(0.0041 -0.0044000001 0.033474119)
(0.0041 -0.0045000001 0.041807458)
(0.0042000002 -0.0045000001 0.041807458)
(0.0041 -0.0044 0.041807455)
(-0.00069999999 -0.0056997532 0.025)
(-0.00060000001 -0.0056997532 0.025)
(-0.00069999999 -0.0056000919 0.025)
(-0.00060000001 -0.0056000919 0.025)
(-0.00049999998 -0.0056995707 0.016536339)
(-0.00040000001 -0.0056995707 0.01653634)
(-0.00049999999 -0.0056000343 0.016530782)
(-0.00040000002 -0.0056000343 0.016530782)
(-0.00050000002 -0.0056997532 0.025)
(-0.00040000004 -0.0056997532 0.025000001)
(-0.00050000003 -0.005600092 0.025)
(-0.00040000005 -0.005600092 0.025000001)
(-0.00030000003 -0.0058937435 0.0082203841)
(-0.00020000005 -0.0058937435 0.0082203817)
(-0.00030000003 -0.0057973831 0.0082130694)
(-0.00020000005 -0.0057973831 0.0082130671)
(-9.9999992e-05 -0.0058937435 0.0082203817)
(-1.8556406e-11 -0.0058937435 0.008220384)
(-9.9999987e-05 -0.0057973831 0.0082130671)
(-1.3463681e-11 -0.0057973831 0.0082130695)
(-0.00030000004 -0.0056991905 0.0082045726)
(-0.00020000006 -0.0056991905 0.0082045701)
(-0.00030000007 -0.005599946 0.0081979851)
(-0.00020000006 -0.005599946 0.0081979823)
(-9.9999978e-05 -0.0056991905 0.0082045703)
(-2.5561348e-12 -0.0056991905 0.0082045729)
(-9.9999955e-05 -0.005599946 0.0081979826)
(2.5167463e-11 -0.005599946 0.0081979856)
(-0.00030000001 -0.0058954112 0.016549586)
(-0.00020000003 -0.0058954112 0.016549585)
(-0.00030000002 -0.0057982979 0.016543424)
(-0.00020000003 -0.0057982979 0.016543424)
(-0.00030000003 -0.0058961015 0.025000002)
(-0.00020000003 -0.0058961015 0.025000002)
(-0.00030000003 -0.0057986962 0.025000001)
(-0.00020000003 -0.0057986962 0.025000001)
(-0.00010000003 -0.0058954112 0.016549585)
(-4.3019058e-11 -0.0058954112 0.016549586)
(-0.00010000002 -0.0057982979 0.016543424)
(-3.4412492e-11 -0.0057982979 0.016543424)
(-0.00010000004 -0.0058961015 0.025000002)
(-4.5570393e-11 -0.0058961015 0.025000001)
(-0.00010000003 -0.0057986962 0.025000001)
(-3.3990267e-11 -0.0057986962 0.025000001)
(-0.00030000003 -0.0056995707 0.01653634)
(-0.00020000003 -0.0056995707 0.016536339)
(-0.00030000005 -0.0056000343 0.016530782)
(-0.00020000004 -0.0056000343 0.016530781)
(-0.00030000004 -0.0056997532 0.025000001)
(-0.00020000003 -0.0056997532 0.025000001)
(-0.00030000006 -0.0056000919 0.025000001)
(-0.00020000004 -0.0056000919 0.025000001)
(-0.00010000002 -0.0056995707 0.016536339)
(-2.3936364e-11 -0.0056995707 0.01653634)
(-0.00010000001 -0.0056000343 0.016530781)
(-1.0670857e-11 -0.0056000343 0.016530782)
(-0.00010000002 -0.0056997532 0.025000001)
(-2.3359644e-11 -0.0056997532 0.025000001)
(-0.00010000002 -0.005600092 0.025000001)
(-1.6827657e-11 -0.005600092 0.025000001)
(0.00010000004 -0.0062450643 0.0082408907)
(9.9999937e-05 -0.006162934 0.0082191836)
(0.00020000008 -0.0062450643 0.0082408881)
(0.00019999995 -0.0061629339 0.0082191805)
(0.00030000011 -0.0062450643 0.0082408873)
(0.00030000006 -0.0061629339 0.00821918)
(0.00040000008 -0.0062450643 0.0082408887)
(0.00040000006 -0.0061629339 0.0082191826)
(9.9999896e-05 -0.0060771736 0.0082191609)
(0.00019999992 -0.0060771736 0.0082191577)
(9.9999882e-05 -0.0059873065 0.0082225228)
(0.00019999991 -0.0059873065 0.0082225196)
(0.00030000005 -0.0060771736 0.0082191574)
(0.00040000007 -0.0060771736 0.0082191604)
(0.00030000005 -0.0059873065 0.0082225194)
(0.00040000009 -0.0059873065 0.0082225225)
(0.00010000011 -0.0062465757 0.016581242)
(0.00020000013 -0.0062465757 0.01658124)
(0.0001 -0.0061655268 0.016555567)
(0.00020000001 -0.0061655268 0.016555565)
(0.0001000001 -0.0062471469 0.02500001)
(0.0002000001 -0.0062471469 0.025000007)
(0.00010000001 -0.006166523 0.025000006)
(0.0002 -0.006166523 0.025000005)
(0.00030000008 -0.0062465756 0.016581238)
(0.00039999998 -0.0062465757 0.016581239)
(0.00030000001 -0.0061655268 0.016555565)
(0.00039999998 -0.0061655268 0.016555566)
(0.0003 -0.0062471469 0.025000005)
(0.00039999986 -0.0062471469 0.025000006)
(0.00029999997 -0.006166523 0.025000005)
(0.00039999993 -0.006166523 0.025000006)
(9.9999952e-05 -0.006080044 0.016551057)
(0.00019999996 -0.006080044 0.016551056)
(9.9999936e-05 -0.0059897473 0.016551933)
(0.00019999995 -0.0059897473 0.016551931)
(9.999996e-05 -0.0060811694 0.025000004)
(0.00019999996 -0.0060811694 0.025000003)
(9.9999942e-05 -0.0059907263 0.025000002)
(0.00019999994 -0.0059907263 0.025000001)
(0.00029999999 -0.006080044 0.016551055)
(0.00039999999 -0.006080044 0.016551057)
(0.00029999999 -0.0059897473 0.016551931)
(0.0004 -0.0059897473 0.016551932)
(0.00029999996 -0.0060811694 0.025000003)
(0.00039999995 -0.0060811694 0.025000004)
(0.00029999995 -0.0059907263 0.025000001)
(0.00039999996 -0.0059907263 0.025000002)
(0.00049999997 -0.0062450643 0.0082408882)
(0.00049999994 -0.006162934 0.0082191831)
(0.0005999999 -0.0062450643 0.0082408868)
(0.00059999987 -0.006162934 0.0082191817)
(0.00069999991 -0.0062450643 0.0082408865)
(0.00069999992 -0.0061629339 0.0082191804)
(0.00079999998 -0.0062450643 0.0082408871)
(0.0008 -0.0061629339 0.0082191809)
(0.00049999995 -0.0060771736 0.0082191614)
(0.00059999985 -0.0060771736 0.0082191598)
(0.00049999997 -0.0059873065 0.0082225237)
(0.00059999985 -0.0059873065 0.0082225222)
(0.0019000001 -0.0062450643 0.0082408844)
(0.0019 -0.006162934 0.0082191799)
(0.002 -0.0062450643 0.0082408844)
(0.002 -0.0061629339 0.0082191797)
(0.0017000001 -0.0060771736 0.0082191578)
(0.0018000001 -0.0060771736 0.0082191588)
(0.0017000001 -0.0059873065 0.0082225204)
(0.0018000001 -0.0059873065 0.0082225221)
(0.0019 -0.0060771736 0.0082191592)
(0.0019999999 -0.0060771736 0.0082191586)
(0.0019 -0.0059873065 0.0082225223)
(0.0019999999 -0.0059873065 0.0082225211)
(0.0017000001 -0.0062465757 0.016581233)
(0.0018000002 -0.0062465757 0.016581233)
(0.0017000001 -0.0061655268 0.016555561)
(0.0018000001 -0.0061655268 0.016555562)
(0.0017000001 -0.0062471469 0.024999997)
(0.0018000001 -0.0062471469 0.024999997)
(0.0017 -0.006166523 0.025)
(0.0018 -0.006166523 0.025)
(0.0019000002 -0.0062465757 0.016581233)
(0.0020000001 -0.0062465756 0.016581233)
(0.0019000001 -0.0061655268 0.016555562)
(0.002 -0.0061655268 0.016555562)
(0.0019000001 -0.0062471469 0.024999998)
(0.002 -0.0062471469 0.024999999)
(0.0019 -0.006166523 0.025)
(0.002 -0.006166523 0.025000001)
(0.0017 -0.006080044 0.016551054)
(0.0018 -0.006080044 0.016551054)
(0.0017 -0.0059897473 0.01655193)
(0.0018 -0.0059897473 0.016551931)
(0.0017 -0.0060811694 0.025)
(0.0018 -0.0060811694 0.025000001)
(0.0017 -0.0059907263 0.025)
(0.0018 -0.0059907263 0.025)
(0.0019 -0.006080044 0.016551055)
(0.002 -0.006080044 0.016551054)
(0.0019 -0.0059897473 0.016551932)
(0.002 -0.0059897473 0.016551931)
(0.0019 -0.0060811694 0.025000001)
(0.002 -0.0060811694 0.025000001)
(0.0019 -0.0059907263 0.025000001)
(0.002 -0.0059907263 0.025000001)
(0.0021 -0.0062450642 0.0082408842)
(0.0021 -0.0061629339 0.0082191785)
(0.0022 -0.0062450643 0.0082408849)
(0.0022000001 -0.0061629339 0.0082191789)
(0.0023000001 -0.0062450643 0.0082408867)
(0.0023000001 -0.006162934 0.0082191814)
(0.0024000001 -0.0062450643 0.0082408856)
(0.0024 -0.006162934 0.0082191809)
(0.0021 -0.0060771736 0.0082191567)
(0.0022000001 -0.0060771736 0.0082191571)
(0.0021 -0.0059873065 0.0082225192)
(0.0022000001 -0.0059873065 0.0082225196)
(0.0023000001 -0.0060771736 0.0082191598)
(0.0024 -0.0060771736 0.0082191596)
(0.0023000001 -0.0059873065 0.0082225224)
(0.0024 -0.0059873065 0.0082225223)
(0.0021 -0.0062465757 0.016581234)
(0.0022 -0.0062465757 0.016581234)
(0.0021 -0.0061655268 0.016555562)
(0.0022 -0.0061655268 0.016555562)
(0.0021 -0.0062471469 0.024999999)
(0.0022 -0.0062471469 0.025)
(0.0021 -0.006166523 0.025000001)
(0.0022 -0.006166523 0.025000002)
(0.0023000001 -0.0062465757 0.016581234)
(0.0024000001 -0.0062465757 0.016581235)
(0.0023 -0.0061655268 0.016555563)
(0.0024 -0.0061655268 0.016555563)
(0.0003000001 -0.0045000001 0.0081925453)
(0.00040000026 -0.0045000002 0.0081925447)
(0.00010000013 -0.0047000004 0.016525875)
(0.0002000001 -0.0047000004 0.016525875)
(0.00010000012 -0.0046000001 0.016525882)
(0.00020000009 -0.0046000001 0.016525882)
(0.00010000004 -0.0047000003 0.025)
(0.00020000004 -0.0047000003 0.025)
(0.00010000004 -0.0046000001 0.025000001)
(0.00020000004 -0.0046000001 0.025000001)
(0.00030000011 -0.0047000005 0.016525873)
(0.00040000015 -0.0047000005 0.016525872)
(0.0003000001 -0.0046000001 0.01652588)
(0.00040000014 -0.0046000002 0.016525879)
(0.00030000004 -0.0047000003 0.025)
(0.00040000004 -0.0047000004 0.024999999)
(0.00030000004 -0.0046000001 0.025)
(0.00040000005 -0.0046000001 0.024999999)
(0.00010000011 -0.0045 0.016525884)
(0.00020000008 -0.0045 0.016525883)
(0.00010000004 -0.0045 0.025000001)
(0.00020000003 -0.0045 0.025000001)
(0.00030000008 -0.0045 0.016525881)
(0.00040000012 -0.0045000001 0.016525881)
(0.00030000004 -0.0045 0.025)
(0.00040000004 -0.0045 0.024999999)
(0.00050000044 -0.0047000006 0.0081925406)
(0.0006000003 -0.0047000006 0.0081925436)
(0.0005000004 -0.0046000003 0.0081925478)
(0.00060000027 -0.0046000003 0.0081925505)
(0.00070000008 -0.0047000006 0.0081925427)
(0.00080000005 -0.0047000006 0.0081925376)
(0.00070000006 -0.0046000002 0.0081925496)
(0.00080000003 -0.0046000002 0.0081925454)
(0.00050000034 -0.0045000002 0.0081925474)
(0.00060000021 -0.0045000002 0.0081925495)
(0.00070000001 -0.0045000001 0.0081925482)
(0.00079999998 -0.0045000001 0.0081925449)
(0.00079999994 -0.0044 0.0081925445)
(0.00050000017 -0.0047000005 0.016525874)
(0.00060000012 -0.0047000005 0.016525875)
(0.00050000015 -0.0046000002 0.016525881)
(0.00060000011 -0.0046000002 0.016525882)
(0.00050000003 -0.0047000004 0.025)
(0.0006 -0.0047000004 0.025000001)
(0.00050000004 -0.0046000001 0.025)
(0.00060000001 -0.0046000001 0.025000001)
(0.00070000006 -0.0047000005 0.016525875)
(0.00080000004 -0.0047000005 0.016525873)
(0.00070000005 -0.0046000001 0.016525882)
(0.00080000004 -0.0046000001 0.01652588)
(0.00069999998 -0.0047000004 0.025000001)
(0.00079999998 -0.0047000004 0.025)
(0.00069999999 -0.0046000001 0.025000001)
(0.00079999999 -0.0046000001 0.025000001)
(0.00050000013 -0.0045000001 0.016525882)
(0.00060000009 -0.0045000001 0.016525883)
(0.00050000004 -0.0045 0.024999999)
(0.00060000001 -0.0045 0.025)
(0.00070000003 -0.0045 0.016525883)
(0.00080000002 -0.0045 0.016525882)
(0.0008 -0.0044 0.016525882)
(0.0019 -0.0047000005 0.016525875)
(0.0019999999 -0.0047000005 0.016525877)
(0.0019 -0.0046000001 0.016525883)
(0.0019999999 -0.0046000001 0.016525883)
(0.0018999999 -0.0047000004 0.025000002)
(0.0019999999 -0.0047000004 0.025000003)
(0.0018999999 -0.0046 0.025000001)
(0.0019999999 -0.0046000001 0.025000002)
(0.0017 -0.0045 0.016525881)
(0.0018 -0.0045 0.016525882)
(0.0017 -0.0044 0.016525881)
(0.0018 -0.0044 0.016525882)
(0.0017 -0.0044999999 0.024999998)
(0.0018 -0.0044999999 0.024999998)
(0.0017 -0.0043999999 0.024999997)
(0.0018 -0.0043999999 0.024999997)
(0.0019 -0.0045 0.016525883)
(0.0019999999 -0.0045 0.016525883)
(0.0018999999 -0.0044 0.016525883)
(0.0019999999 -0.0043999999 0.016525882)
(0.0018999999 -0.0045 0.025)
(0.0019999999 -0.0045 0.025000001)
(0.0018999999 -0.0043999999 0.024999999)
(0.0019999999 -0.0044 0.025)
(0.0020999996 -0.0047000006 0.0081925412)
(0.0021999997 -0.0047000007 0.0081925383)
(0.0020999997 -0.0046000002 0.0081925474)
(0.0021999998 -0.0046000003 0.0081925445)
(0.0023 -0.0047000007 0.0081925354)
(0.0024000003 -0.0047000008 0.0081925356)
(0.0023 -0.0046000003 0.0081925425)
(0.0024000003 -0.0046000003 0.0081925429)
(0.0020999997 -0.0045000001 0.0081925449)
(0.0021999999 -0.0045000001 0.0081925425)
(0.0020999998 -0.0043999999 0.0081925437)
(0.0022 -0.0043999999 0.0081925429)
(0.0023000001 -0.0045000001 0.0081925426)
(0.0024000002 -0.0045 0.0081925442)
(0.0023000001 -0.0043999999 0.0081925456)
(0.0024000001 -0.0043999998 0.0081925472)
(0.0020999999 -0.0047000005 0.016525875)
(0.0021999999 -0.0047000005 0.016525872)
(0.0020999999 -0.0046000001 0.016525881)
(0.0021999999 -0.0046000001 0.016525879)
(0.0020999999 -0.0047000004 0.025000002)
(0.0022 -0.0047000004 0.025000001)
(0.0020999999 -0.0046000001 0.025000002)
(0.0022 -0.0046000001 0.025000001)
(0.0023 -0.0047000005 0.016525871)
(0.0024000001 -0.0047000006 0.016525871)
(0.0023 -0.0046000002 0.016525878)
(0.0024000001 -0.0046000002 0.016525878)
(0.0023 -0.0047000004 0.025)
(0.0024000001 -0.0047000004 0.025)
(0.0023 -0.0046000001 0.025)
(0.0024000001 -0.0046000001 0.025)
(0.0020999999 -0.0045 0.016525882)
(0.0022 -0.0045 0.01652588)
(0.0020999999 -0.0043999999 0.016525881)
(0.0022 -0.0044 0.01652588)
(0.0020999999 -0.0045 0.025000001)
(0.0022 -0.0045 0.025)
(0.0020999999 -0.0044 0.025)
(0.0022 -0.0044 0.024999999)
(0.0023 -0.0045 0.01652588)
(0.0024000001 -0.0045 0.01652588)
(0.0023000001 -0.0044 0.016525881)
(0.0024000001 -0.0043999999 0.016525882)
(0.0023 -0.0045 0.024999999)
(0.0024000001 -0.0045 0.024999999)
(0.0023 -0.0044 0.024999999)
(0.0024000001 -0.0044 0.025)
(0.0017000001 -0.0042999999 0.008192547)
(0.0018 -0.0042999999 0.0081925483)
(0.0017000001 -0.0042 0.0081925531)
(0.0017999999 -0.0041999999 0.0081925539)
(0.0034999999 -0.0060771736 0.0082191598)
(0.0036 -0.0060771736 0.0082191577)
(0.0034999999 -0.0059873065 0.0082225223)
(0.0035999999 -0.0059873065 0.0082225198)
(0.0032999998 -0.0062465757 0.016581236)
(0.0033999998 -0.0062465757 0.016581235)
(0.0032999999 -0.0061655268 0.016555562)
(0.0033999999 -0.0061655268 0.016555563)
(0.0032999998 -0.0062471469 0.025000004)
(0.0033999999 -0.0062471469 0.025000002)
(0.0032999999 -0.006166523 0.025000001)
(0.0033999999 -0.006166523 0.025000002)
(0.0034999999 -0.0062465757 0.016581236)
(0.0036 -0.0062465757 0.016581237)
(0.0035 -0.0061655268 0.016555564)
(0.0036 -0.0061655268 0.016555564)
(0.0034999999 -0.0062471469 0.025000002)
(0.0036 -0.0062471469 0.025000004)
(0.0035 -0.006166523 0.025000002)
(0.0036 -0.006166523 0.025000003)
(0.0033 -0.006080044 0.016551054)
(0.0034 -0.006080044 0.016551055)
(0.0033 -0.0059897473 0.016551931)
(0.0034 -0.0059897473 0.016551933)
(0.0033 -0.0060811694 0.025)
(0.0034 -0.0060811694 0.025000002)
(0.0033 -0.0059907263 0.025000001)
(0.0034 -0.0059907263 0.025000002)
(0.0035 -0.006080044 0.016551056)
(0.0036 -0.006080044 0.016551055)
(0.0035 -0.0059897473 0.016551932)
(0.0036 -0.0059897473 0.016551932)
(0.0035 -0.0060811694 0.025000002)
(0.0036 -0.0060811694 0.025000002)
(0.0035 -0.0059907263 0.025000002)
(0.0036 -0.0059907263 0.025000002)
(0.0037000001 -0.0062450643 0.008240886)
(0.0037000001 -0.0061629339 0.00821918)
(0.0038000002 -0.0062450643 0.0082408862)
(0.0038000001 -0.006162934 0.0082191817)
(0.0039000002 -0.0062450643 0.0082408851)
(0.0039 -0.006162934 0.0082191811)
(0.0040000002 -0.0062450643 0.0082408821)
(0.004 -0.006162934 0.0082191779)
(0.0037000001 -0.0060771736 0.0082191576)
(0.0038000001 -0.0060771736 0.0082191601)
(0.0037000001 -0.0059873065 0.0082225199)
(0.0038000001 -0.0059873065 0.0082225227)
(0.0039 -0.0060771736 0.0082191601)
(0.0039999999 -0.0060771736 0.0082191569)
(0.0039 -0.0059873065 0.008222523)
(0.0039999999 -0.0059873065 0.0082225204)
(0.0037000002 -0.0062465757 0.016581237)
(0.0038000002 -0.0062465757 0.016581238)
(0.0037000001 -0.0061655268 0.016555564)
(0.0038000001 -0.0061655268 0.016555564)
(0.0037000002 -0.0062471469 0.025000005)
(0.0038000002 -0.0062471469 0.025000006)
(0.0037000001 -0.006166523 0.025000003)
(0.0038000001 -0.006166523 0.025000004)
(0.0039000003 -0.0062465757 0.016581237)
(0.0040000003 -0.0062465757 0.016581232)
(0.0039000001 -0.0061655268 0.016555563)
(0.0040000001 -0.0061655268 0.016555561)
(0.0039000002 -0.0062471469 0.025000006)
(0.0040000002 -0.0062471469 0.025)
(0.0039000001 -0.006166523 0.025000002)
(0.0040000001 -0.006166523 0.025)
(0.0037 -0.006080044 0.016551055)
(0.0038000001 -0.006080044 0.016551056)
(0.0037 -0.0059897473 0.016551932)
(0.0038 -0.0059897473 0.016551933)
(0.0037 -0.0060811694 0.025000002)
(0.0038 -0.0060811694 0.025000002)
(0.0037 -0.0059907263 0.025000002)
(0.0038 -0.0059907263 0.025000002)
(0.0039 -0.006080044 0.016551056)
(0.004 -0.006080044 0.016551054)
(0.0039 -0.0059897473 0.016551933)
(0.004 -0.0059897473 0.016551931)
(0.0035 -0.0045000002 0.016525879)
(0.0036000001 -0.0045000002 0.016525879)
(0.0035 -0.0044000001 0.016525878)
(0.0036000001 -0.0044000002 0.016525878)
(0.0035 -0.0045000001 0.024999998)
(0.0036 -0.0045000001 0.024999999)
(0.0035 -0.0044000001 0.024999996)
(0.0036 -0.0044000001 0.024999997)
(0.0037000004 -0.0047000008 0.0081925408)
(0.0038000003 -0.0047000008 0.0081925448)
(0.0037000004 -0.0046000005 0.0081925483)
(0.0038000003 -0.0046000005 0.0081925523)
(0.0039 -0.0047000007 0.0081925449)
(0.0039999999 -0.0047000007 0.00819254)
(0.0039 -0.0046000004 0.0081925525)
(0.0039999999 -0.0046000003 0.0081925483)
(0.0037000004 -0.0045000005 0.0081925472)
(0.0038000003 -0.0045000005 0.0081925514)
(0.0037000004 -0.0044000003 0.0081925445)
(0.0038000002 -0.0044000003 0.0081925486)
(0.0039 -0.0045000004 0.0081925519)
(0.0039999998 -0.0045000004 0.008192549)
(0.0039 -0.0044000003 0.0081925492)
(0.0039999998 -0.0044000003 0.0081925469)
(0.0037000002 -0.0047000006 0.016525874)
(0.0038000001 -0.0047000006 0.016525877)
(0.0037000002 -0.0046000003 0.016525882)
(0.0038000001 -0.0046000003 0.016525884)
(0.0037000001 -0.0047000005 0.025000001)
(0.0038000001 -0.0047000005 0.025000002)
(0.0037000001 -0.0046000002 0.025000001)
(0.0038000001 -0.0046000002 0.025000003)
(0.0039000001 -0.0047000006 0.016525877)
(0.004 -0.0047000006 0.016525875)
(0.0039 -0.0046000003 0.016525885)
(0.004 -0.0046000002 0.016525883)
(0.0039 -0.0047000005 0.025000002)
(0.004 -0.0047000005 0.025000002)
(0.0039 -0.0046000002 0.025000003)
(0.004 -0.0046000002 0.025000002)
(0.0037000002 -0.0045000002 0.016525882)
(0.0038000001 -0.0045000002 0.016525885)
(0.0037000002 -0.0044000002 0.01652588)
(0.0038000001 -0.0044000002 0.016525883)
(0.0037000001 -0.0045000001 0.025)
(0.0038000001 -0.0045000001 0.025000002)
(0.0037000001 -0.0044000001 0.024999999)
(0.0038000001 -0.0044000001 0.025)
(0.0039 -0.0045000002 0.016525885)
(0.004 -0.0045000002 0.016525884)
(0.0039 -0.0044000002 0.016525884)
(0.0039999999 -0.0044000001 0.016525883)
(0.0039 -0.0045000001 0.025000002)
(0.004 -0.0045000001 0.025000002)
(0.0039 -0.0044000001 0.025000001)
(0.004 -0.0044000001 0.025000001)
(0.0033 -0.0043 0.0081925479)
(0.0033999999 -0.0043000001 0.0081925459)
(0.0033000001 -0.0042 0.0081925517)
(0.0034 -0.0042 0.0081925506)
(0.0035 -0.0043000001 0.0081925416)
(0.0036000003 -0.0043000001 0.0081925413)
(0.0035 -0.0042 0.008192546)
(0.0036000003 -0.0042 0.0081925456)
(0.0033000001 -0.0041000001 0.0081925518)
(0.0034 -0.0041000001 0.0081925511)
(0.0033000001 -0.0040000001 0.008192548)
(0.0034 -0.0040000001 0.0081925477)
(-0.00070000001 -0.0055001464 0.033472518)
(-0.00060000002 -0.0055001464 0.033472519)
(-0.00070000003 -0.0054001321 0.033474014)
(-0.00060000003 -0.005400132 0.033474015)
(-0.00070000004 -0.0055001755 0.041805841)
(-0.00059999996 -0.0055001755 0.041805841)
(-0.00070000011 -0.0054001858 0.041807504)
(-0.00060000001 -0.0054001857 0.041807505)
(-0.00050000004 -0.0055001464 0.033472518)
(-0.00040000007 -0.0055001464 0.033472517)
(-0.00050000004 -0.005400132 0.033474014)
(-0.00040000008 -0.005400132 0.033474013)
(-0.00049999998 -0.0055001755 0.041805839)
(-0.00040000011 -0.0055001755 0.041805838)
(-0.00049999998 -0.0054001857 0.041807502)
(-0.00040000011 -0.0054001857 0.0418075)
(-0.00070000005 -0.0053000883 0.033474472)
(-0.00060000005 -0.0053000883 0.033474474)
(-0.00070000005 -0.0052000502 0.033474483)
(-0.00060000006 -0.0052000502 0.033474484)
(-0.00070000015 -0.0053001314 0.041807956)
(-0.00060000008 -0.0053001314 0.041807958)
(-0.00070000016 -0.0052000764 0.041807911)
(-0.00060000014 -0.0052000764 0.041807914)
(-0.00050000005 -0.0053000883 0.033474473)
(-0.00040000007 -0.0053000883 0.033474472)
(-0.00050000005 -0.0052000502 0.033474484)
(-0.00040000006 -0.0052000502 0.033474482)
(-0.00049999999 -0.0053001314 0.041807956)
(-0.00040000005 -0.0053001314 0.041807953)
(-0.00050000001 -0.0052000764 0.041807914)
(-0.00040000002 -0.0052000764 0.04180791)
(0.0012999999 -0.0062465757 0.033418771)
(0.0013999999 -0.0062465757 0.033418771)
(0.0013 -0.0061655268 0.033444442)
(0.0013999999 -0.0061655268 0.033444442)
(0.0013 -0.0062450643 0.04175912)
(0.0013999999 -0.0062450643 0.04175912)
(0.0013 -0.0061629339 0.041780823)
(0.0014 -0.0061629339 0.041780823)
(0.0014999999 -0.0062465757 0.033418769)
(0.0016 -0.0062465757 0.033418768)
(0.0015 -0.0061655268 0.033444441)
(0.0016 -0.0061655268 0.03344444)
(0.0015 -0.0062450643 0.041759119)
(0.0016 -0.0062450643 0.041759118)
(0.0015 -0.0061629339 0.041780823)
(0.0016 -0.006162934 0.041780822)
(0.0013 -0.006080044 0.033448949)
(0.0013999999 -0.006080044 0.033448948)
(0.0013 -0.0059897473 0.033448071)
(0.0013999999 -0.0059897473 0.033448071)
(0.0013 -0.0060771736 0.041780844)
(0.0014 -0.0060771736 0.041780844)
(0.0013 -0.0059873065 0.041777481)
(0.0014 -0.0059873065 0.04177748)
(0.0014999999 -0.006080044 0.033448948)
(0.0016 -0.006080044 0.033448947)
(0.0014999999 -0.0059897473 0.03344807)
(0.0016 -0.0059897473 0.033448069)
(0.0015 -0.0060771736 0.041780843)
(0.0015999999 -0.0060771736 0.041780843)
(0.0015 -0.0059873065 0.04177748)
(0.0016 -0.0059873065 0.04177748)
(0.00089999995 -0.0058954112 0.033450417)
(0.00099999997 -0.0058954112 0.033450417)
(0.00089999995 -0.0057982979 0.033456578)
(0.00099999997 -0.0057982979 0.033456577)
(0.00089999999 -0.0058937434 0.041779619)
(0.001 -0.0058937434 0.041779619)
(0.00089999996 -0.0057973831 0.041786934)
(0.00099999999 -0.0057973831 0.041786933)
(0.0011 -0.0058954112 0.033450417)
(0.0012 -0.0058954112 0.033450417)
(0.0011 -0.0057982979 0.033456578)
(0.0012 -0.0057982979 0.033456578)
(0.0029 -0.0062465757 0.033418759)
(0.003 -0.0062465757 0.033418759)
(0.0029 -0.0061655268 0.033444435)
(0.003 -0.0061655268 0.033444435)
(0.0029 -0.0062450643 0.041759113)
(0.003 -0.0062450643 0.041759113)
(0.0029 -0.006162934 0.041780819)
(0.003 -0.0061629339 0.04178082)
(0.0031 -0.0062465757 0.033418762)
(0.0031999999 -0.0062465757 0.033418767)
(0.0031 -0.0061655268 0.033444436)
(0.0031999999 -0.0061655268 0.033444438)
(0.0031 -0.0062450643 0.041759114)
(0.0032 -0.0062450643 0.041759116)
(0.0031 -0.0061629339 0.04178082)
(0.0032 -0.0061629339 0.041780821)
(0.0029 -0.006080044 0.033448945)
(0.003 -0.006080044 0.033448945)
(0.0029 -0.0059897473 0.033448069)
(0.003 -0.0059897473 0.033448068)
(0.0029 -0.0060771736 0.041780842)
(0.003 -0.0060771736 0.041780842)
(0.0029 -0.0059873065 0.04177748)
(0.003 -0.0059873065 0.041777479)
(0.0031 -0.006080044 0.033448945)
(0.0032 -0.006080044 0.033448946)
(0.0031 -0.0059897473 0.033448068)
(0.0032 -0.0059897473 0.033448069)
(0.0031 -0.0060771736 0.041780842)
(0.0032 -0.0060771736 0.041780842)
(0.0031 -0.0059873065 0.041777479)
(0.0032 -0.0059873065 0.041777479)
(0.0025 -0.0058954112 0.033450416)
(0.0026 -0.0058954112 0.033450416)
(0.0025 -0.0057982979 0.033456577)
(0.0026 -0.0057982979 0.033456577)
(0.0025 -0.0058937434 0.041779619)
(0.0026 -0.0058937434 0.041779618)
(0.0025 -0.005797383 0.041786933)
(0.0026 -0.0057973831 0.041786933)
(0.0027 -0.0058954112 0.033450416)
(0.0028 -0.0058954112 0.033450416)
(0.0027 -0.0057982979 0.033456577)
(0.0028 -0.0057982979 0.033456577)
(0.0027 -0.0058937434 0.041779618)
(0.0028 -0.0058937434 0.041779619)
(0.0027 -0.0057973831 0.041786933)
(0.0028 -0.0057973831 0.041786933)
(0.0025 -0.0056995707 0.033463662)
(0.0026 -0.0056995707 0.033463662)
(0.0025 -0.0056000343 0.03346922)
(0.0026 -0.0056000343 0.033469219)
(0.0025 -0.0056991905 0.04179543)
(0.0026 -0.0056991905 0.041795429)
(0.0024999999 -0.005599946 0.041802017)
(0.0026 -0.005599946 0.041802017)
(0.0027 -0.0056995707 0.033463661)
(0.0027999999 -0.0056995707 0.033463661)
(0.0026999999 -0.0056000343 0.033469219)
(0.0027999999 -0.0056000343 0.033469219)
(0.0015000001 -0.0047000004 0.03347413)
(0.0016000001 -0.0047000004 0.033474128)
(0.0015000001 -0.0046 0.033474122)
(0.0016000001 -0.0045999999 0.03347412)
(0.0015000003 -0.0047000004 0.041807465)
(0.0016000003 -0.0047000004 0.041807463)
(0.0015000004 -0.0045999997 0.041807458)
(0.0016000004 -0.0045999997 0.041807455)
(0.0012999999 -0.0044999999 0.03347412)
(0.0014 -0.0044999999 0.033474121)
(0.0012999999 -0.0043999999 0.033474118)
(0.0014 -0.0043999999 0.033474119)
(0.0012999999 -0.0044999998 0.041807456)
(0.0014000001 -0.0044999997 0.041807457)
(0.0012999998 -0.0043999998 0.041807452)
(0.0014 -0.0043999998 0.041807454)
(0.0015000001 -0.0044999998 0.033474119)
(0.0016000001 -0.0044999998 0.033474116)
(0.0015000001 -0.0043999999 0.033474117)
(0.0016000001 -0.0043999999 0.033474114)
(0.0015000004 -0.0044999996 0.041807454)
(0.0016000004 -0.0044999996 0.041807451)
(0.0015000003 -0.0043999997 0.041807452)
(0.0016000004 -0.0043999997 0.041807448)
(0.0011999998 -0.0043 0.033474117)
(0.0011999997 -0.0043000001 0.04180745)
(0.0031 -0.0044999998 0.033474115)
(0.0032 -0.0044999999 0.033474117)
(0.0031 -0.0043999999 0.033474112)
(0.0032 -0.0043999999 0.033474114)
(0.0031 -0.0044999996 0.041807449)
(0.0032 -0.0044999996 0.041807453)
(0.0031 -0.0043999998 0.041807445)
(0.0032 -0.0043999998 0.041807449)
(0.0025 -0.0043 0.033474116)
(0.0026 -0.0043 0.033474117)
(0.0025 -0.0042 0.033474119)
(0.0026 -0.0042 0.033474119)
(0.0025000001 -0.0043 0.04180745)
(0.0026 -0.0043 0.041807449)
(0.0025 -0.0042000001 0.041807454)
(0.0026 -0.0042000001 0.041807452)
(0.0027 -0.0043 0.033474117)
(0.0028000001 -0.0043 0.033474117)
(0.0027 -0.0042 0.033474119)
(0.0028000001 -0.0042 0.03347412)
(0.0027 -0.0043 0.041807451)
(0.0028000002 -0.0043000001 0.041807452)
(0.0027 -0.0042000002 0.041807454)
(0.0028000002 -0.0042000002 0.041807455)
(0.0025 -0.0041 0.033474121)
(0.0026 -0.0041 0.033474121)
(0.0025000001 -0.0039999999 0.033474121)
(0.0026000001 -0.0039999999 0.03347412)
(0.0025 -0.0041 0.041807458)
(0.0026000001 -0.0041 0.041807456)
(0.0025000001 -0.0039999997 0.041807458)
(0.0026000001 -0.0039999997 0.041807455)
(0.0027 -0.0041 0.033474121)
(0.0028 -0.0041 0.033474121)
(0.0027 -0.0039999999 0.033474121)
(0.0028 -0.0039999999 0.033474121)
(0.0027 -0.0041000001 0.041807457)
(0.0028000001 -0.0041000001 0.041807458)
(0.0027 -0.0039999998 0.041807456)
(0.0028 -0.0039999998 0.041807457)
(0.0045000001 -0.006080044 0.033448946)
(0.0046000005 -0.0060800441 0.033448949)
(0.0045000001 -0.0059897473 0.03344807)
(0.0045000001 -0.0060771736 0.041780842)
(0.0046000005 -0.0060771737 0.041780845)
(0.0045000001 -0.0059873065 0.041777481)
(0.0041 -0.0058954112 0.033450416)
(0.0042 -0.0058954112 0.033450415)
(0.0041 -0.0057982979 0.033456577)
(0.0041999999 -0.0057982979 0.033456577)
(0.0041 -0.0058937434 0.041779618)
(0.0042 -0.0058937434 0.041779618)
(0.0041 -0.0057973831 0.041786933)
(0.0041999999 -0.0057973831 0.041786932)
(0.0043 -0.0058954112 0.033450416)
(0.0044 -0.0058954112 0.033450416)
(0.0043 -0.0057982979 0.033456577)
(0.0044 -0.0057982979 0.033456578)
(0.0043 -0.0058937434 0.041779618)
(0.0044 -0.0058937434 0.041779619)
(0.0042999999 -0.0057973831 0.041786933)
(0.0044 -0.0057973831 0.041786934)
(0.0040999999 -0.0056995707 0.033463661)
(0.0041999999 -0.0056995707 0.033463662)
(0.0040999999 -0.0056000343 0.033469219)
(0.0041999999 -0.0056000343 0.033469219)
(0.0040999999 -0.0056991905 0.041795429)
(0.0041999999 -0.0056991905 0.041795429)
(0.0040999999 -0.005599946 0.041802017)
(0.0041999999 -0.005599946 0.041802018)
(0.0042999999 -0.0056995707 0.033463662)
(0.0044 -0.0056995707 0.033463662)
(0.0043 -0.0056000343 0.033469219)
(0.0044 -0.0056000343 0.03346922)
(0.0042999999 -0.0056991905 0.04179543)
(0.0044 -0.0056991905 0.041795431)
(0.0043 -0.005599946 0.041802017)
(0.0044 -0.0055999461 0.041802018)
(0.0041 -0.0043000001 0.033474118)
(0.0041000001 -0.0042000001 0.033474119)
(0.0041 -0.0043000001 0.041807453)
(0.0041000001 -0.0042000002 0.041807454)
(-0.0012000003 -0.0055001755 0.0081941578)
(-0.0012000003 -0.0054001858 0.0081924962)
(-0.0012000001 -0.0055001464 0.016527481)
(-0.0012000001 -0.0054001321 0.016525986)
(-0.0012000001 -0.0055001481 0.025)
(-0.0012000001 -0.0054001169 0.025)
(-0.0011 -0.0055001755 0.0081941573)
(-0.00099999985 -0.0055001755 0.0081941595)
(-0.0011000001 -0.0054001857 0.008192495)
(-0.00099999992 -0.0054001857 0.0081924966)
(-0.00089999983 -0.0055001754 0.0081941616)
(-0.00079999989 -0.0055001755 0.0081941616)
(-0.00089999987 -0.0054001857 0.0081924987)
(-0.0007999999 -0.0054001857 0.0081924987)
(-0.0011000002 -0.0053001314 0.0081920425)
(-0.001 -0.0053001314 0.0081920434)
(-0.0011000003 -0.0052000765 0.0081920862)
(-0.001 -0.0052000765 0.0081920866)
(0.00069999989 -0.0060771736 0.0082191579)
(0.00080000001 -0.0060771736 0.0082191582)
(0.00069999988 -0.0059873065 0.0082225201)
(0.0008 -0.0059873065 0.0082225199)
(0.00049999989 -0.0062465757 0.016581241)
(0.00059999982 -0.0062465757 0.016581241)
(0.00049999993 -0.0061655268 0.016555567)
(0.00059999989 -0.0061655268 0.016555566)
(0.00049999979 -0.0062471469 0.025000009)
(0.00059999977 -0.0062471469 0.025000009)
(0.00049999989 -0.006166523 0.025000006)
(0.00059999988 -0.006166523 0.025000006)
(0.00069999981 -0.0062465757 0.016581238)
(0.00079999989 -0.0062465757 0.016581236)
(0.0006999999 -0.0061655268 0.016555565)
(0.00079999994 -0.0061655268 0.016555565)
(0.00069999979 -0.0062471469 0.025000006)
(0.00079999988 -0.0062471469 0.025000002)
(0.00069999988 -0.006166523 0.025000005)
(0.00079999992 -0.006166523 0.025000004)
(0.00049999996 -0.006080044 0.016551058)
(0.00059999992 -0.006080044 0.016551057)
(0.00049999997 -0.0059897473 0.016551934)
(0.00059999993 -0.0059897473 0.016551933)
(0.00049999993 -0.0060811694 0.025000004)
(0.00059999992 -0.0060811694 0.025000004)
(0.00049999995 -0.0059907263 0.025000003)
(0.00059999993 -0.0059907263 0.025000003)
(0.00069999992 -0.006080044 0.016551056)
(0.00079999995 -0.006080044 0.016551056)
(0.00069999993 -0.0059897473 0.016551932)
(0.00079999995 -0.0059897473 0.016551932)
(0.00069999991 -0.0060811694 0.025000004)
(0.00079999993 -0.0060811694 0.025000003)
(0.00069999992 -0.0059907263 0.025000002)
(0.00079999993 -0.0059907263 0.025000002)
(9.9999882e-05 -0.0058937435 0.0082203835)
(0.00019999991 -0.0058937435 0.0082203804)
(9.9999883e-05 -0.0057973831 0.0082130691)
(0.00019999991 -0.0057973831 0.0082130659)
(0.00030000006 -0.0058937435 0.0082203801)
(0.00040000012 -0.0058937435 0.0082203829)
(0.00030000006 -0.0057973831 0.0082130653)
(0.00040000014 -0.0057973831 0.0082130677)
(9.9999881e-05 -0.0056991905 0.0082045725)
(0.00019999989 -0.0056991905 0.0082045692)
(9.999989e-05 -0.005599946 0.0081979855)
(0.00019999987 -0.005599946 0.0081979821)
(0.00030000005 -0.0056991905 0.0082045683)
(0.00040000016 -0.0056991905 0.0082045705)
(0.00030000003 -0.005599946 0.0081979807)
(0.00040000017 -0.005599946 0.0081979825)
(9.9999937e-05 -0.0058954112 0.016549585)
(0.00019999995 -0.0058954112 0.016549584)
(9.9999945e-05 -0.0057982979 0.016543424)
(0.00019999995 -0.0057982979 0.016543422)
(9.9999945e-05 -0.0058961015 0.025000001)
(0.00019999995 -0.0058961015 0.025)
(9.9999956e-05 -0.0057986962 0.025)
(0.00019999995 -0.0057986962 0.025)
(0.00029999999 -0.0058954112 0.016549584)
(0.00040000001 -0.0058954112 0.016549585)
(0.0003 -0.0057982979 0.016543422)
(0.00040000002 -0.0057982979 0.016543423)
(0.00029999996 -0.0058961015 0.025)
(0.00039999996 -0.0058961015 0.025000001)
(0.00029999996 -0.0057986962 0.025)
(0.00039999997 -0.0057986962 0.025)
(9.9999953e-05 -0.0056995707 0.016536339)
(0.00019999996 -0.0056995707 0.016536338)
(9.9999963e-05 -0.0056000343 0.016530782)
(0.00019999996 -0.0056000343 0.01653078)
(9.9999965e-05 -0.0056997532 0.025)
(0.00019999996 -0.0056997532 0.025)
(9.999997e-05 -0.005600092 0.025)
(0.00019999996 -0.005600092 0.025)
(0.0003 -0.0056995707 0.016536337)
(0.00040000003 -0.0056995707 0.016536338)
(0.0003 -0.0056000343 0.016530779)
(0.00040000003 -0.0056000343 0.016530781)
(0.00029999996 -0.0056997532 0.024999999)
(0.00039999997 -0.0056997532 0.025)
(0.00029999996 -0.005600092 0.024999999)
(0.00039999996 -0.005600092 0.025)
(0.0023000001 -0.0062471469 0.025)
(0.0024000001 -0.0062471469 0.025000001)
(0.0023 -0.006166523 0.025000002)
(0.0024 -0.006166523 0.025000002)
(0.0021 -0.006080044 0.016551054)
(0.0022 -0.006080044 0.016551054)
(0.0021 -0.0059897473 0.016551931)
(0.0022 -0.0059897473 0.016551931)
(0.0021 -0.0060811694 0.025000001)
(0.0022 -0.0060811694 0.025000002)
(0.0021 -0.0059907263 0.025000001)
(0.0022 -0.0059907263 0.025000001)
(0.0023 -0.006080044 0.016551055)
(0.0024 -0.006080044 0.016551055)
(0.0023 -0.0059897473 0.016551932)
(0.0024 -0.0059897473 0.016551932)
(0.0023 -0.0060811694 0.025000002)
(0.0024 -0.0060811694 0.025000002)
(0.0023 -0.0059907263 0.025000002)
(0.0024 -0.0059907263 0.025000001)
(0.0017000002 -0.0058937434 0.0082203811)
(0.0018000001 -0.0058937434 0.0082203835)
(0.0017000002 -0.005797383 0.0082130661)
(0.0018000002 -0.005797383 0.0082130689)
(0.0019 -0.0058937435 0.0082203839)
(0.0019999999 -0.0058937435 0.0082203823)
(0.0019000001 -0.0057973831 0.0082130698)
(0.0019999999 -0.0057973831 0.0082130682)
(0.0017000002 -0.0056991905 0.0082045691)
(0.0018000002 -0.0056991905 0.0082045718)
(0.0017000002 -0.005599946 0.0081979813)
(0.0018000003 -0.005599946 0.0081979838)
(0.0019000001 -0.0056991905 0.0082045733)
(0.002 -0.0056991905 0.0082045722)
(0.0019000002 -0.005599946 0.0081979862)
(0.002 -0.005599946 0.0081979858)
(0.0017 -0.0058954112 0.016549583)
(0.0018000001 -0.0058954112 0.016549585)
(0.0017 -0.0057982979 0.016543421)
(0.0018000001 -0.0057982979 0.016543423)
(0.0017 -0.0058961015 0.024999999)
(0.0018 -0.0058961015 0.025)
(0.0017 -0.0057986962 0.024999999)
(0.0018 -0.0057986962 0.025)
(0.0019 -0.0058954112 0.016549585)
(0.002 -0.0058954112 0.016549585)
(0.0019 -0.0057982979 0.016543424)
(0.002 -0.0057982979 0.016543424)
(0.0019 -0.0058961015 0.025000001)
(0.002 -0.0058961015 0.025000001)
(0.0019 -0.0057986962 0.025)
(0.002 -0.0057986962 0.025000001)
(0.0017 -0.0056995707 0.016536337)
(0.0018000001 -0.0056995707 0.016536339)
(0.0017 -0.0056000343 0.016530779)
(0.0018000001 -0.0056000343 0.016530781)
(0.0017 -0.0056997532 0.024999999)
(0.0018 -0.0056997532 0.025)
(0.0017 -0.0056000919 0.024999998)
(0.0018 -0.0056000919 0.024999999)
(0.0019 -0.0056995707 0.01653634)
(0.002 -0.0056995707 0.01653634)
(0.0019 -0.0056000343 0.016530783)
(0.002 -0.0056000343 0.016530783)
(0.0019 -0.0056997532 0.025)
(0.002 -0.0056997532 0.025000001)
(0.0019 -0.0056000919 0.025)
(0.002 -0.0056000919 0.025000001)
(0.0021 -0.0058937435 0.0082203804)
(0.0022000001 -0.0058937434 0.0082203807)
(0.0021 -0.0057973831 0.0082130662)
(0.0022000001 -0.0057973831 0.0082130662)
(0.0023000001 -0.0058937434 0.0082203834)
(0.0024 -0.0058937434 0.0082203834)
(0.0023000001 -0.005797383 0.0082130687)
(0.0024 -0.0057973831 0.008213069)
(0.0007 -0.0045 0.025)
(0.0008 -0.0045 0.025)
(0.0008 -0.0044 0.025)
(0.0018999998 -0.0042999998 0.0081925488)
(0.0019999997 -0.0042999998 0.0081925478)
(0.0018999997 -0.0041999999 0.0081925519)
(0.0019999998 -0.0041999999 0.0081925488)
(0.0017999999 -0.0041000001 0.008192555)
(0.0018999997 -0.0041000001 0.0081925518)
(0.0019999998 -0.0041 0.0081925476)
(0.0019999999 -0.0040000001 0.0081925454)
(0.0017 -0.0043 0.016525883)
(0.0018 -0.0043 0.016525883)
(0.0017 -0.0042 0.016525886)
(0.0018 -0.0042 0.016525886)
(0.0017 -0.0043 0.024999998)
(0.0018 -0.0043 0.024999998)
(0.0017 -0.0042 0.025)
(0.0018 -0.0042 0.025)
(0.0018999999 -0.0042999999 0.016525883)
(0.0019999999 -0.0042999999 0.016525883)
(0.0018999999 -0.0042 0.016525885)
(0.0019999999 -0.0042 0.016525883)
(0.0018999999 -0.0043 0.024999999)
(0.0019999999 -0.0043 0.025)
(0.0018999999 -0.0042 0.025)
(0.0019999999 -0.0042 0.025000001)
(0.0018 -0.0041000001 0.016525887)
(0.0018 -0.0041 0.025000001)
(0.0018999999 -0.0041 0.016525885)
(0.0019999999 -0.0041 0.016525883)
(0.002 -0.004 0.016525882)
(0.0019 -0.0041 0.025000001)
(0.002 -0.0041 0.025000001)
(0.002 -0.004 0.025)
(0.0020999999 -0.0042999998 0.0081925461)
(0.0022000001 -0.0042999998 0.008192547)
(0.0021 -0.0041999999 0.0081925465)
(0.0022000002 -0.0042 0.0081925481)
(0.0023000002 -0.0042999998 0.0081925508)
(0.0024000001 -0.0042999998 0.0081925515)
(0.0023000002 -0.0042 0.0081925514)
(0.0024000001 -0.0042 0.0081925512)
(0.0021000001 -0.0041 0.008192545)
(0.0022000002 -0.0041 0.0081925469)
(0.0021000002 -0.004 0.0081925449)
(0.0022000003 -0.0039999999 0.0081925478)
(0.0023000002 -0.0041 0.0081925482)
(0.0024000001 -0.0040999999 0.0081925464)
(0.0023000002 -0.0039999998 0.008192548)
(0.0024000002 -0.0039999998 0.0081925447)
(0.0021 -0.0042999999 0.016525882)
(0.0022 -0.0042999999 0.016525882)
(0.0021 -0.0042 0.016525882)
(0.0022000001 -0.0042 0.016525883)
(0.0021 -0.0043 0.025)
(0.0022 -0.0043 0.025)
(0.0021 -0.0042 0.025)
(0.0022 -0.0042 0.025)
(0.0023000001 -0.0042999999 0.016525884)
(0.0024000001 -0.0042999999 0.016525884)
(0.0023000001 -0.0042 0.016525884)
(0.0024000001 -0.0041999999 0.016525884)
(0.0023 -0.0043 0.025)
(0.0024000001 -0.0043 0.025)
(0.0023000001 -0.0042 0.025000001)
(0.0024000001 -0.0042 0.025000001)
(0.0039 -0.0060811694 0.025000002)
(0.004 -0.0060811694 0.025)
(0.0039 -0.0059907263 0.025000002)
(0.004 -0.0059907263 0.025000001)
(0.0033 -0.0058937434 0.0082203826)
(0.0034 -0.0058937434 0.008220384)
(0.0033000001 -0.0057973831 0.0082130688)
(0.0034 -0.0057973831 0.0082130701)
(0.0034999999 -0.0058937434 0.0082203832)
(0.0036 -0.0058937435 0.0082203809)
(0.0034999999 -0.0057973831 0.0082130689)
(0.0036 -0.0057973831 0.0082130664)
(0.0033000002 -0.0056991905 0.0082045724)
(0.0034 -0.0056991905 0.0082045739)
(0.0033000001 -0.005599946 0.0081979853)
(0.0034 -0.005599946 0.0081979866)
(0.0034999999 -0.0056991905 0.0082045727)
(0.0036 -0.0056991905 0.0082045694)
(0.0034999999 -0.005599946 0.0081979853)
(0.0036 -0.005599946 0.0081979815)
(0.0033 -0.0058954112 0.016549585)
(0.0034 -0.0058954112 0.016549586)
(0.0033 -0.0057982979 0.016543424)
(0.0034 -0.0057982979 0.016543425)
(0.0033 -0.0058961015 0.025000001)
(0.0034 -0.0058961015 0.025000002)
(0.0033 -0.0057986962 0.025000001)
(0.0033999999 -0.0057986962 0.025000002)
(0.0035 -0.0058954112 0.016549586)
(0.0036 -0.0058954112 0.016549585)
(0.0035 -0.0057982979 0.016543425)
(0.0036 -0.0057982979 0.016543423)
(0.0035 -0.0058961015 0.025000002)
(0.0036 -0.0058961015 0.025000001)
(0.0035 -0.0057986962 0.025000002)
(0.0036 -0.0057986962 0.025000001)
(0.0033 -0.0056995707 0.01653634)
(0.0034 -0.0056995707 0.016536341)
(0.0033 -0.0056000343 0.016530783)
(0.0034 -0.0056000343 0.016530783)
(0.0033 -0.0056997532 0.025000001)
(0.0034 -0.0056997532 0.025000001)
(0.0033 -0.0056000919 0.025000001)
(0.0034 -0.0056000919 0.025000001)
(0.0035 -0.0056995707 0.01653634)
(0.0036 -0.0056995707 0.016536339)
(0.0035 -0.0056000343 0.016530782)
(0.0036 -0.0056000343 0.016530781)
(0.0035 -0.0056997532 0.025000001)
(0.0036 -0.0056997532 0.025000001)
(0.0035 -0.0056000919 0.025000001)
(0.0036 -0.0056000919 0.025000001)
(0.0037000001 -0.0058937435 0.0082203808)
(0.0038000001 -0.0058937435 0.0082203837)
(0.0037000001 -0.0057973831 0.0082130661)
(0.0038000002 -0.0057973831 0.0082130688)
(0.0039 -0.0058937435 0.0082203844)
(0.0039999999 -0.0058937435 0.0082203826)
(0.0039000001 -0.0057973831 0.0082130702)
(0.0039999999 -0.0057973831 0.0082130692)
(0.0037000001 -0.0056991905 0.008204569)
(0.0038000002 -0.0056991905 0.0082045715)
(0.0037000002 -0.005599946 0.008197981)
(0.0038000003 -0.0055999461 0.0081979837)
(0.0039000001 -0.0056991906 0.0082045737)
(0.0039999999 -0.0056991906 0.0082045734)
(0.0039000002 -0.0055999461 0.0081979865)
(0.0039999999 -0.0055999461 0.0081979866)
(0.0035000001 -0.0041000001 0.0081925468)
(0.0036000003 -0.0041000001 0.0081925463)
(0.0035 -0.0040000001 0.0081925437)
(0.0036000002 -0.0040000001 0.0081925433)
(0.0033 -0.0043 0.016525882)
(0.0034 -0.0043000001 0.01652588)
(0.0033 -0.0042 0.016525884)
(0.0034 -0.0042 0.016525883)
(0.0033 -0.0043 0.024999998)
(0.0034 -0.0043000001 0.024999997)
(0.0033 -0.0042000001 0.024999999)
(0.0034 -0.0042000001 0.024999998)
(0.0035 -0.0043000001 0.016525878)
(0.0036000001 -0.0043000001 0.016525878)
(0.0035000001 -0.0042000001 0.01652588)
(0.0036000001 -0.0042000001 0.01652588)
(0.0035 -0.0043000001 0.024999996)
(0.0036000001 -0.0043000001 0.024999996)
(0.0035 -0.0042000001 0.024999997)
(0.0036000001 -0.0042000001 0.024999998)
(0.0033 -0.0041 0.016525884)
(0.0034 -0.0041000001 0.016525883)
(0.0033 -0.004 0.016525883)
(0.0034 -0.004 0.016525883)
(0.0033 -0.0041000001 0.025000001)
(0.0034 -0.0041000001 0.025)
(0.0033 -0.0040000001 0.025000001)
(0.0034 -0.0040000001 0.025)
(0.0035000001 -0.0041000001 0.016525882)
(0.0036000001 -0.0041000001 0.016525881)
(0.0035000001 -0.0040000001 0.016525881)
(0.0036000001 -0.0040000001 0.016525881)
(0.0035 -0.0041000001 0.024999999)
(0.0036000001 -0.0041000001 0.024999999)
(0.0035 -0.0040000001 0.025)
(0.0036000001 -0.0040000001 0.025)
(0.0037000004 -0.0043000001 0.0081925449)
(0.0038000003 -0.0043000001 0.0081925488)
(0.0037000004 -0.0042 0.008192549)
(0.0038000003 -0.0042 0.0081925524)
(0.0039 -0.0043000001 0.008192549)
(0.0039999998 -0.0043000001 0.0081925459)
(0.0039 -0.0042 0.0081925521)
(0.0039999999 -0.0042 0.0081925473)
(0.0037000004 -0.0041000001 0.0081925495)
(0.0038000002 -0.0041000001 0.0081925525)
(0.0037000003 -0.0040000001 0.0081925467)
(0.0038000002 -0.0040000001 0.0081925491)
(0.0039 -0.0041000001 0.0081925519)
(0.004 -0.0041 0.0081925473)
(0.0039 -0.0040000001 0.0081925478)
(0.004 -0.004 0.0081925452)
(0.0037000002 -0.0043000001 0.016525881)
(0.0038000001 -0.0043000001 0.016525883)
(0.0037000002 -0.0042000001 0.016525882)
(0.0038000001 -0.0042000001 0.016525885)
(0.0037000001 -0.0043000001 0.024999998)
(0.0038000001 -0.0043000001 0.024999999)
(0.0037000001 -0.0042000001 0.024999999)
(0.0038000001 -0.0042000001 0.025)
(0.0039 -0.0043000001 0.016525884)
(0.004 -0.0043000001 0.016525882)
(0.0039 -0.0042000001 0.016525885)
(0.004 -0.0042000001 0.016525883)
(0.0039 -0.0043000001 0.025)
(0.004 -0.0043000001 0.025)
(0.0039 -0.0042000001 0.025)
(0.004 -0.0042000001 0.025)
(0.0037000002 -0.0041000001 0.016525883)
(0.0038000001 -0.0041000001 0.016525885)
(0.0037000001 -0.0040000001 0.016525883)
(0.0038000001 -0.004 0.016525884)
(0.0037000001 -0.0041000001 0.025)
(0.0038000001 -0.0041000001 0.025000001)
(0.0037000001 -0.0040000001 0.025000001)
(0.0038000001 -0.0040000001 0.025000001)
(0.0039 -0.0041 0.016525885)
(0.004 -0.0041 0.016525883)
(0.0039 -0.004 0.016525884)
(0.004 -0.004 0.016525883)
(0.0039 -0.0041000001 0.025000001)
(0.004 -0.0041 0.025000001)
(0.0039 -0.004 0.025000001)
(0.004 -0.004 0.025000001)
(-0.00030000009 -0.0055001464 0.033472518)
(-0.00020000006 -0.0055001464 0.033472519)
(-0.0003000001 -0.005400132 0.033474014)
(-0.00020000008 -0.005400132 0.033474015)
(-0.00030000019 -0.0055001755 0.04180584)
(-0.00020000012 -0.0055001755 0.041805842)
(-0.00030000023 -0.0054001857 0.041807502)
(-0.00020000016 -0.0054001857 0.041807505)
(-0.00010000002 -0.0055001464 0.033472519)
(-2.4110461e-11 -0.0055001464 0.033472517)
(-0.00010000003 -0.005400132 0.033474015)
(-2.2632075e-11 -0.0054001321 0.033474013)
(-9.9999991e-05 -0.0055001755 0.041805841)
(-1.1679651e-11 -0.0055001755 0.041805838)
(-0.0001 -0.0054001857 0.041807504)
(-8.7717939e-13 -0.0054001857 0.041807501)
(-0.00030000009 -0.0053000883 0.033474472)
(-0.00020000007 -0.0053000883 0.033474473)
(-0.00030000007 -0.0052000502 0.033474482)
(-0.00020000005 -0.0052000502 0.033474483)
(-0.00030000019 -0.0053001314 0.041807954)
(-0.00020000016 -0.0053001314 0.041807957)
(-0.00030000014 -0.0052000764 0.041807911)
(-0.00020000011 -0.0052000764 0.041807914)
(-0.00010000002 -0.0053000883 0.033474473)
(-1.5047317e-11 -0.0053000883 0.033474472)
(-0.00010000001 -0.0052000502 0.033474483)
(-3.3782487e-12 -0.0052000502 0.033474482)
(-0.0001 -0.0053001314 0.041807957)
(8.6018026e-12 -0.0053001314 0.041807954)
(-9.999997e-05 -0.0052000764 0.041807913)
(2.0089632e-11 -0.0052000764 0.04180791)
(-0.00070000006 -0.0051000252 0.033474367)
(-0.00060000008 -0.0051000252 0.033474368)
(-0.00070000006 -0.0050000114 0.033474256)
(-0.0006000001 -0.0050000114 0.033474258)
(-0.00070000015 -0.0051000387 0.041807749)
(-0.00060000019 -0.0051000387 0.041807752)
(-0.00070000015 -0.0050000173 0.04180761)
(-0.00060000025 -0.0050000173 0.041807613)
(-0.00050000007 -0.0051000252 0.033474369)
(-0.00040000006 -0.0051000252 0.033474367)
(-0.00050000009 -0.0050000114 0.033474258)
(-0.00040000007 -0.0050000114 0.033474258)
(0.0011 -0.0058937434 0.041779619)
(0.0012 -0.0058937434 0.041779619)
(0.0011 -0.0057973831 0.041786933)
(0.0011999999 -0.0057973831 0.041786933)
(0.00089999994 -0.0056995707 0.033463662)
(0.00099999996 -0.0056995707 0.033463662)
(0.00089999992 -0.0056000343 0.03346922)
(0.00099999994 -0.0056000343 0.033469219)
(0.00089999992 -0.0056991905 0.04179543)
(0.00099999996 -0.0056991905 0.04179543)
(0.00089999987 -0.005599946 0.041802018)
(0.00099999992 -0.005599946 0.041802017)
(0.0011 -0.0056995707 0.033463662)
(0.0011999999 -0.0056995707 0.033463662)
(0.0010999999 -0.0056000343 0.033469219)
(0.0011999999 -0.0056000343 0.03346922)
(0.0011 -0.0056991905 0.04179543)
(0.0012 -0.0056991905 0.04179543)
(0.0010999999 -0.005599946 0.041802017)
(0.0011999999 -0.005599946 0.041802018)
(0.0012999999 -0.0058954112 0.033450417)
(0.0013999999 -0.0058954112 0.033450417)
(0.0012999999 -0.0057982979 0.033456578)
(0.0013999999 -0.0057982979 0.033456578)
(0.0012999999 -0.0058937434 0.041779619)
(0.0013999999 -0.0058937434 0.041779619)
(0.0012999999 -0.0057973831 0.041786933)
(0.0013999999 -0.0057973831 0.041786933)
(0.0014999999 -0.0058954112 0.033450416)
(0.0016 -0.0058954112 0.033450415)
(0.0014999999 -0.0057982979 0.033456577)
(0.0016 -0.0057982979 0.033456576)
(0.0015 -0.0058937434 0.041779619)
(0.0016 -0.0058937434 0.041779619)
(0.0015 -0.0057973831 0.041786933)
(0.0016 -0.0057973831 0.041786932)
(0.0012999999 -0.0056995707 0.033463663)
(0.0013999999 -0.0056995707 0.033463662)
(0.0012999999 -0.0056000343 0.033469221)
(0.0013999999 -0.0056000343 0.03346922)
(0.0013 -0.0056991905 0.04179543)
(0.0014 -0.0056991905 0.04179543)
(0.0012999999 -0.005599946 0.041802018)
(0.0014 -0.005599946 0.041802018)
(0.0014999999 -0.0056995707 0.033463661)
(0.0015999999 -0.0056995707 0.03346366)
(0.0014999999 -0.0056000343 0.033469218)
(0.0015999999 -0.0056000343 0.033469218)
(0.0015 -0.0056991905 0.041795429)
(0.0015999999 -0.0056991905 0.041795429)
(0.0014999999 -0.005599946 0.041802015)
(0.0015999999 -0.005599946 0.041802016)
(0.0027 -0.0056991905 0.041795429)
(0.0027999999 -0.0056991905 0.041795429)
(0.0026999999 -0.005599946 0.041802016)
(0.0027999998 -0.005599946 0.041802017)
(0.0029 -0.0058954112 0.033450416)
(0.003 -0.0058954112 0.033450415)
(0.0029 -0.0057982979 0.033456577)
(0.003 -0.0057982979 0.033456577)
(0.0029 -0.0058937434 0.041779619)
(0.003 -0.0058937434 0.041779618)
(0.0029 -0.005797383 0.041786933)
(0.003 -0.005797383 0.041786933)
(0.0031 -0.0058954112 0.033450415)
(0.0031999999 -0.0058954112 0.033450416)
(0.0030999999 -0.0057982979 0.033456577)
(0.0031999999 -0.0057982979 0.033456577)
(0.0031 -0.0058937434 0.041779618)
(0.0031999999 -0.0058937434 0.041779618)
(0.0031 -0.005797383 0.041786932)
(0.0031999999 -0.005797383 0.041786932)
(0.0028999999 -0.0056995707 0.033463662)
(0.0029999999 -0.0056995707 0.033463662)
(0.0028999999 -0.0056000343 0.03346922)
(0.0029999999 -0.0056000343 0.03346922)
(0.0028999999 -0.0056991905 0.04179543)
(0.003 -0.0056991905 0.04179543)
(0.0028999998 -0.005599946 0.041802018)
(0.0029999999 -0.005599946 0.041802018)
(0.0030999999 -0.0056995707 0.033463662)
(0.0031999999 -0.0056995707 0.033463661)
(0.0030999999 -0.0056000343 0.033469219)
(0.0031999999 -0.0056000343 0.033469219)
(0.0031 -0.0056991905 0.04179543)
(0.0031999999 -0.0056991905 0.041795429)
(0.0030999999 -0.005599946 0.041802017)
(0.0031999999 -0.005599946 0.041802016)
(0.0012999999 -0.0043 0.033474118)
(0.0014 -0.0043 0.033474119)
(0.0012999997 -0.0043 0.041807452)
(0.0013999999 -0.0043 0.041807454)
(0.0015000001 -0.0043 0.033474117)
(0.0016000001 -0.0043 0.033474114)
(0.0015000001 -0.0042 0.033474119)
(0.0016000001 -0.0042 0.033474117)
(0.0015000002 -0.0043 0.041807452)
(0.0016000003 -0.0043 0.041807448)
(0.0015000002 -0.0042000001 0.041807456)
(0.0016000003 -0.0042000002 0.041807452)
(0.0029000001 -0.0043 0.033474115)
(0.0030000001 -0.0043 0.033474113)
(0.0029000001 -0.0042000001 0.033474118)
(0.0030000001 -0.0042000001 0.033474116)
(0.0029000003 -0.0043000001 0.041807449)
(0.0030000002 -0.0043000001 0.041807446)
(0.0029000003 -0.0042000002 0.041807453)
(0.0030000002 -0.0042000002 0.04180745)
(0.0031 -0.0043 0.033474113)
(0.0032 -0.0043 0.033474114)
(0.0031 -0.0042000001 0.033474115)
(0.0032 -0.0042000001 0.033474117)
(0.0031 -0.0043000001 0.041807446)
(0.0032 -0.0043000001 0.041807449)
(0.0031 -0.0042000002 0.04180745)
(0.0032 -0.0042000003 0.041807454)
(0.0029 -0.0041 0.03347412)
(0.003 -0.0041 0.033474118)
(0.0029 -0.004 0.03347412)
(0.003 -0.004 0.033474118)
(0.0029000002 -0.0041000001 0.041807456)
(0.0030000001 -0.0041000001 0.041807453)
(0.0029 -0.0039999999 0.041807457)
(0.003 -0.0039999999 0.041807454)
(0.0031 -0.0041000001 0.033474118)
(0.0032 -0.0041000001 0.033474119)
(0.0031 -0.004 0.033474117)
(0.0032 -0.0040000001 0.033474119)
(0.0031 -0.0041000001 0.041807453)
(0.0032 -0.0041000002 0.041807456)
(0.0030999999 -0.0039999999 0.041807452)
(0.0032 -0.004 0.041807456)
(0.0045000001 -0.0058954112 0.033450417)
(0.0045000001 -0.0057982979 0.033456579)
(0.0045000002 -0.0058937434 0.04177962)
(0.0045000001 -0.0057973831 0.041786935)
(0.0033000001 -0.0039000001 0.033474119)
(0.0034000001 -0.0039000001 0.033474119)
(0.0033 -0.0038000001 0.033474118)
(0.0034000001 -0.0038000001 0.033474118)
(0.0033000002 -0.0039000001 0.041807456)
(0.0034000002 -0.0039000001 0.041807454)
(0.0033000001 -0.0038000001 0.041807453)
(0.0034000002 -0.0038000001 0.041807451)
(0.0035000001 -0.0039000001 0.033474118)
(0.0036000001 -0.0039000001 0.033474119)
(0.0035000001 -0.0038000001 0.033474117)
(0.0036000001 -0.0038000001 0.033474117)
(0.0035000002 -0.0039000001 0.041807455)
(0.0036000002 -0.0039000001 0.041807456)
(0.0035000002 -0.0038000001 0.041807451)
(0.0036000003 -0.0038000001 0.041807452)
(-0.00089999993 -0.0053001314 0.0081920463)
(-0.00079999998 -0.0053001314 0.0081920464)
(-0.00089999998 -0.0052000765 0.0081920903)
(-0.00080000006 -0.0052000765 0.0081920904)
(-0.0011 -0.0055001464 0.016527481)
(-0.00099999997 -0.0055001464 0.016527482)
(-0.0011000001 -0.0054001321 0.016525985)
(-0.001 -0.005400132 0.016525986)
(-0.0011 -0.0055001481 0.025)
(-0.001 -0.0055001481 0.025)
(-0.0011 -0.0054001169 0.025)
(-0.001 -0.0054001169 0.025)
(-0.00089999995 -0.0055001464 0.016527483)
(-0.00079999996 -0.0055001464 0.016527483)
(-0.00089999997 -0.005400132 0.016525987)
(-0.00079999997 -0.005400132 0.016525987)
(-0.00089999999 -0.0055001481 0.025)
(-0.00079999999 -0.0055001481 0.025)
(-0.0009 -0.0054001169 0.025)
(-0.0008 -0.0054001169 0.025)
(-0.0011000001 -0.0053000884 0.016525527)
(-0.001 -0.0053000884 0.016525527)
(-0.0011000001 -0.0052000502 0.016525517)
(-0.0010000001 -0.0052000502 0.016525517)
(-0.0011000001 -0.0053000734 0.025000001)
(-0.001 -0.0053000734 0.025)
(-0.0011000001 -0.0052000401 0.025000001)
(-0.001 -0.0052000401 0.025000001)
(-0.0009 -0.0053000884 0.016525528)
(-0.00079999999 -0.0053000883 0.016525528)
(-0.00090000002 -0.0052000502 0.016525518)
(-0.00080000001 -0.0052000502 0.016525518)
(-0.00090000001 -0.0053000734 0.025)
(-0.00080000001 -0.0053000734 0.025)
(-0.00090000001 -0.0052000401 0.025)
(-0.00080000001 -0.00520004 0.025)
(0.0005 -0.0058937435 0.0082203845)
(0.00059999987 -0.0058937435 0.0082203835)
(0.00050000005 -0.0057973831 0.00821307)
(0.00059999989 -0.0057973831 0.0082130697)
(0.00069999987 -0.0058937435 0.0082203811)
(0.00079999998 -0.0058937434 0.0082203806)
(0.00069999985 -0.0057973831 0.0082130669)
(0.00079999995 -0.0057973831 0.0082130659)
(0.00050000009 -0.0056991905 0.0082045733)
(0.0005999999 -0.0056991905 0.0082045736)
(0.00050000011 -0.005599946 0.0081979859)
(0.0005999999 -0.005599946 0.0081979869)
(0.00069999981 -0.0056991905 0.0082045706)
(0.0007999999 -0.0056991905 0.0082045691)
(0.00069999976 -0.005599946 0.0081979841)
(0.0007999998 -0.005599946 0.008197982)
(0.00049999998 -0.0058954112 0.016549586)
(0.00059999994 -0.0058954112 0.016549586)
(0.00049999999 -0.0057982979 0.016543425)
(0.00059999994 -0.0057982979 0.016543425)
(0.00049999996 -0.0058961015 0.025000001)
(0.00059999994 -0.0058961015 0.025000002)
(0.00049999996 -0.0057986962 0.025000001)
(0.00059999994 -0.0057986962 0.025000001)
(0.00069999992 -0.0058954112 0.016549585)
(0.00079999995 -0.0058954112 0.016549584)
(0.00069999992 -0.0057982979 0.016543423)
(0.00079999995 -0.0057982979 0.016543422)
(0.00069999993 -0.0058961015 0.025000001)
(0.00079999994 -0.0058961015 0.025000001)
(0.00069999993 -0.0057986962 0.025000001)
(0.00079999994 -0.0057986962 0.025)
(0.0005 -0.0056995707 0.01653634)
(0.00059999994 -0.0056995707 0.01653634)
(0.00050000001 -0.0056000343 0.016530783)
(0.00059999995 -0.0056000343 0.016530784)
(0.00049999995 -0.0056997532 0.025000001)
(0.00059999993 -0.0056997532 0.025000001)
(0.00049999995 -0.005600092 0.025000001)
(0.00059999992 -0.005600092 0.025000001)
(0.00069999991 -0.0056995707 0.016536339)
(0.00079999993 -0.0056995707 0.016536338)
(0.00069999989 -0.0056000343 0.016530782)
(0.0007999999 -0.0056000343 0.016530781)
(0.00069999993 -0.0056997532 0.025000001)
(0.00079999994 -0.0056997532 0.025)
(0.00069999991 -0.0056000919 0.025000001)
(0.00079999992 -0.0056000919 0.025000001)
(0.0021 -0.0056991905 0.0082045696)
(0.0022000001 -0.0056991905 0.0082045693)
(0.0020999999 -0.005599946 0.0081979825)
(0.0022 -0.005599946 0.0081979816)
(0.0023000001 -0.0056991905 0.0082045717)
(0.0024 -0.0056991905 0.0082045721)
(0.0023000001 -0.005599946 0.0081979839)
(0.0024000001 -0.005599946 0.0081979843)
(0.0021 -0.0058954112 0.016549584)
(0.0022 -0.0058954112 0.016549584)
(0.0021 -0.0057982979 0.016543423)
(0.0022 -0.0057982979 0.016543423)
(0.0021 -0.0058961015 0.025000001)
(0.0022 -0.0058961015 0.025000001)
(0.0021 -0.0057986962 0.025000001)
(0.0022 -0.0057986962 0.025000001)
(0.0023 -0.0058954112 0.016549585)
(0.0024 -0.0058954112 0.016549585)
(0.0023 -0.0057982979 0.016543424)
(0.0024 -0.0057982979 0.016543424)
(0.0023 -0.0058961015 0.025000001)
(0.0024 -0.0058961015 0.025000001)
(0.0023 -0.0057986962 0.025000001)
(0.0024 -0.0057986962 0.025000001)
(0.0021 -0.0056995707 0.016536338)
(0.0022 -0.0056995707 0.016536338)
(0.0021 -0.0056000343 0.016530781)
(0.0022 -0.0056000343 0.016530781)
(0.0021 -0.0056997532 0.025000001)
(0.0022 -0.0056997532 0.025000001)
(0.0020999999 -0.0056000919 0.025000001)
(0.0021999999 -0.0056000919 0.025)
(0.0023 -0.0056995707 0.016536339)
(0.0024 -0.0056995707 0.016536339)
(0.0023 -0.0056000343 0.016530781)
(0.0024 -0.0056000343 0.016530781)
(0.0023 -0.0056997532 0.025000001)
(0.0024 -0.0056997532 0.025000001)
(0.0023 -0.0056000919 0.025)
(0.0024 -0.0056000919 0.025)
(0.0025000001 -0.0062450643 0.0082408832)
(0.0025 -0.0061629339 0.008219178)
(0.0026000002 -0.0062450642 0.0082408818)
(0.0026000001 -0.0061629339 0.0082191772)
(0.0027000001 -0.0062450643 0.0082408814)
(0.0027000001 -0.0061629339 0.0082191784)
(0.0028000001 -0.0062450643 0.0082408808)
(0.0028 -0.0061629339 0.0082191782)
(0.00090000022 -0.0047000005 0.0081925359)
(0.0010000003 -0.0047000005 0.0081925384)
(0.00090000019 -0.0046000001 0.008192545)
(0.0010000003 -0.0046 0.008192548)
(0.0011000001 -0.0047000004 0.0081925417)
(0.0011999998 -0.0047000004 0.0081925424)
(0.0011000001 -0.0045999999 0.0081925512)
(0.0011999998 -0.0045999999 0.0081925517)
(0.00090000012 -0.0045000001 0.0081925464)
(0.0010000002 -0.0045 0.0081925501)
(0.00090000006 -0.0044 0.0081925457)
(0.001 -0.0044 0.0081925491)
(0.0011 -0.0044999999 0.0081925521)
(0.0011999998 -0.0044999999 0.0081925526)
(0.0010999999 -0.0043999999 0.0081925492)
(0.0011999998 -0.0043999999 0.0081925493)
(0.00090000008 -0.0047000005 0.016525872)
(0.0010000001 -0.0047000004 0.016525873)
(0.00090000007 -0.0046000001 0.01652588)
(0.0010000001 -0.0046000001 0.016525881)
(0.0021 -0.0041 0.016525882)
(0.0022000001 -0.0041 0.016525883)
(0.0021000001 -0.004 0.016525882)
(0.0022000001 -0.004 0.016525883)
(0.0021 -0.0041 0.025000001)
(0.0022 -0.0041 0.025000001)
(0.0021 -0.004 0.025000001)
(0.0022000001 -0.004 0.025000001)
(0.0023000001 -0.0041 0.016525883)
(0.0024000001 -0.0040999999 0.016525883)
(0.0023000002 -0.0039999999 0.016525883)
(0.0024000002 -0.0039999999 0.016525882)
(0.0023000001 -0.0041 0.025000001)
(0.0024000001 -0.0041 0.025000002)
(0.0023000001 -0.0039999999 0.025000001)
(0.0024000001 -0.0039999999 0.025000001)
(0.0025000004 -0.0047000008 0.0081925386)
(0.0026000003 -0.0047000008 0.0081925415)
(0.0025000004 -0.0046000002 0.0081925441)
(0.0026000003 -0.0046000002 0.0081925454)
(0.0027000001 -0.0047000008 0.0081925424)
(0.0027999999 -0.0047000007 0.0081925401)
(0.0027000001 -0.0046000001 0.0081925473)
(0.0027999999 -0.0046000001 0.0081925461)
(0.0025000003 -0.0044999999 0.0081925441)
(0.0026000003 -0.0044999998 0.0081925448)
(0.0025000001 -0.0043999997 0.0081925461)
(0.0026000002 -0.0043999997 0.0081925473)
(0.0027000001 -0.0044999998 0.0081925479)
(0.0027999998 -0.0044999998 0.0081925473)
(0.0027000001 -0.0043999997 0.0081925512)
(0.0027999998 -0.0043999997 0.0081925509)
(0.0025000002 -0.0047000006 0.016525872)
(0.0026000002 -0.0047000006 0.016525874)
(0.0025000002 -0.0046000001 0.016525879)
(0.0026000001 -0.0046000001 0.01652588)
(0.0025000001 -0.0047000004 0.025)
(0.0026000001 -0.0047000004 0.025000001)
(0.0025000001 -0.0046000001 0.025)
(0.0026000001 -0.0046000001 0.025000001)
(0.0027000001 -0.0047000005 0.016525875)
(0.0028 -0.0047000005 0.016525874)
(0.0027 -0.0046000001 0.016525881)
(0.0028 -0.0046000001 0.01652588)
(0.0027000001 -0.0047000004 0.025000002)
(0.0028 -0.0047000004 0.025000001)
(0.0027 -0.0046000001 0.025000001)
(0.0028 -0.0046 0.025000001)
(0.0025000001 -0.0045 0.016525881)
(0.0026000001 -0.0044999999 0.016525882)
(0.0025000001 -0.0043999999 0.016525882)
(0.0026000001 -0.0043999999 0.016525883)
(0.0037 -0.0058954112 0.016549585)
(0.0038 -0.0058954112 0.016549586)
(0.0037 -0.0057982979 0.016543423)
(0.0038000001 -0.0057982979 0.016543424)
(0.0037 -0.0058961015 0.025000001)
(0.0038 -0.0058961015 0.025000002)
(0.0037 -0.0057986962 0.025000001)
(0.0038 -0.0057986962 0.025000001)
(0.0039 -0.0058954112 0.016549586)
(0.004 -0.0058954112 0.016549585)
(0.0039 -0.0057982979 0.016543425)
(0.004 -0.0057982979 0.016543424)
(0.0039 -0.0058961015 0.025000001)
(0.004 -0.0058961015 0.025000001)
(0.0039 -0.0057986962 0.025000001)
(0.004 -0.0057986962 0.025000001)
(0.0037000001 -0.0056995707 0.016536338)
(0.0038000001 -0.0056995707 0.016536339)
(0.0037000001 -0.0056000343 0.01653078)
(0.0038000001 -0.0056000343 0.016530782)
(0.0037 -0.0056997532 0.025000001)
(0.0038 -0.0056997532 0.025000001)
(0.0037000001 -0.005600092 0.025000001)
(0.0038000001 -0.005600092 0.025000001)
(0.0039 -0.0056995707 0.016536341)
(0.004 -0.0056995707 0.01653634)
(0.0039000001 -0.0056000343 0.016530783)
(0.004 -0.0056000343 0.016530783)
(0.0039 -0.0056997532 0.025000001)
(0.004 -0.0056997532 0.025000001)
(0.0039 -0.005600092 0.025000001)
(0.004 -0.005600092 0.025000001)
(0.0041000002 -0.0062450643 0.0082408805)
(0.0041000001 -0.0061629339 0.0082191766)
(0.0042000002 -0.0062450643 0.0082408802)
(0.0042000001 -0.0061629339 0.0082191768)
(0.0043000001 -0.0062450642 0.0082408795)
(0.0043 -0.0061629339 0.0082191765)
(0.0044000001 -0.0062450643 0.0082408816)
(0.0044 -0.006162934 0.008219178)
(0.0041 -0.0060771736 0.0082191557)
(0.0042000001 -0.0060771736 0.0082191563)
(0.0041 -0.0059873065 0.008222519)
(0.0042 -0.0059873065 0.0082225195)
(0.0043 -0.0060771736 0.0082191571)
(0.0044 -0.0060771736 0.0082191575)
(0.0043 -0.0059873065 0.008222521)
(0.0043999999 -0.0059873065 0.008222521)
(0.0041000003 -0.0062465757 0.016581227)
(0.0042000002 -0.0062465756 0.016581224)
(0.0041000001 -0.0061655268 0.016555558)
(0.0042000001 -0.0061655268 0.016555557)
(0.0041 -0.0047000006 0.0081925372)
(0.0042000001 -0.0047000005 0.0081925382)
(0.0041 -0.0046000002 0.0081925456)
(0.0042000001 -0.0046 0.0081925461)
(0.0040999999 -0.0045000002 0.0081925469)
(0.0042 -0.0044999999 0.0081925477)
(0.0040999998 -0.0044000002 0.0081925458)
(0.0041 -0.0047000005 0.016525873)
(0.0042 -0.0047000005 0.016525873)
(0.0041 -0.0046000002 0.016525881)
(0.0042 -0.0046000001 0.016525881)
(0.0041 -0.0047000004 0.025000001)
(0.0042 -0.0047000004 0.025000001)
(0.0041 -0.0046000002 0.025000002)
(0.0042 -0.0046000001 0.025000002)
(0.0041 -0.0045000001 0.016525883)
(0.0042 -0.0045 0.016525884)
(0.0040999999 -0.0044000001 0.016525883)
(0.0041 -0.0045000001 0.025000002)
(0.0042 -0.0045000001 0.025000002)
(0.0041 -0.0044000001 0.025000001)
(-0.00050000008 -0.0051000387 0.041807752)
(-0.00040000005 -0.0051000386 0.041807749)
(-0.00050000017 -0.0050000173 0.041807615)
(-0.0004000001 -0.0050000173 0.041807612)
(-0.00070000006 -0.0049000046 0.033474183)
(-0.0006000001 -0.0049000046 0.033474185)
(-0.00070000004 -0.0048000016 0.033474144)
(-0.00060000008 -0.0048000016 0.033474145)
(-0.00070000014 -0.0049000068 0.041807524)
(-0.00060000026 -0.0049000068 0.041807527)
(-0.0007000001 -0.0048000022 0.041807479)
(-0.0006000002 -0.0048000022 0.041807483)
(-0.0005000001 -0.0049000046 0.033474186)
(-0.00040000008 -0.0049000046 0.033474185)
(-0.00050000009 -0.0048000017 0.033474146)
(-0.00040000008 -0.0048000017 0.033474145)
(-0.00050000019 -0.0049000068 0.041807529)
(-0.00040000011 -0.0049000069 0.041807527)
(-0.00050000013 -0.0048000023 0.041807484)
(-0.00040000009 -0.0048000023 0.041807481)
(-0.00030000006 -0.0051000252 0.033474367)
(-0.00020000003 -0.0051000252 0.033474368)
(-0.00030000006 -0.0050000114 0.033474257)
(-0.00020000002 -0.0050000114 0.033474258)
(-0.00030000009 -0.0051000386 0.04180775)
(-0.00020000003 -0.0051000387 0.041807752)
(-0.00030000009 -0.0050000173 0.041807612)
(-0.0002 -0.0050000173 0.041807614)
(-9.999999e-05 -0.0051000252 0.033474368)
(8.9482186e-12 -0.0051000252 0.033474367)
(-9.9999981e-05 -0.0050000114 0.033474257)
(1.6466293e-11 -0.0050000113 0.033474257)
(-9.9999919e-05 -0.0051000387 0.041807751)
(3.7590271e-11 -0.0051000386 0.041807748)
(-9.9999892e-05 -0.0050000173 0.041807613)
(5.4060815e-11 -0.0050000173 0.04180761)
(-0.00030000007 -0.0049000046 0.033474185)
(-0.00020000003 -0.0049000046 0.033474185)
(-0.00030000008 -0.0048000017 0.033474145)
(-0.00020000005 -0.0048000016 0.033474146)
(-0.00030000012 -0.0049000068 0.041807526)
(-0.00020000004 -0.0049000068 0.041807529)
(-0.00030000014 -0.0048000023 0.041807481)
(-0.00020000009 -0.0048000023 0.041807484)
(-9.9999987e-05 -0.0049000046 0.033474185)
(1.5481068e-11 -0.0049000046 0.033474184)
(-0.0001 -0.0048000016 0.033474145)
(7.9759424e-12 -0.0048000016 0.033474144)
(-9.999991e-05 -0.0049000068 0.041807528)
(5.8765905e-11 -0.0049000067 0.041807525)
(-9.9999943e-05 -0.0048000023 0.041807483)
(5.0334833e-11 -0.0048000022 0.04180748)
(9.9999937e-05 -0.0055001464 0.033472517)
(0.0001999999 -0.0055001464 0.033472517)
(9.9999941e-05 -0.0054001321 0.033474013)
(0.0001999999 -0.0054001321 0.033474014)
(9.9999834e-05 -0.0055001755 0.041805838)
(0.00019999974 -0.0055001755 0.04180584)
(9.9999841e-05 -0.0054001857 0.0418075)
(0.00019999975 -0.0054001857 0.041807503)
(0.00029999988 -0.0055001464 0.033472517)
(0.00039999985 -0.0055001464 0.033472517)
(0.00029999988 -0.0054001321 0.033474013)
(0.00039999985 -0.0054001321 0.033474013)
(0.00029999973 -0.0055001755 0.04180584)
(0.0003999997 -0.0055001755 0.041805839)
(0.00029999975 -0.0054001858 0.041807503)
(0.00039999969 -0.0054001858 0.041807501)
(9.9999953e-05 -0.0053000883 0.033474472)
(0.00019999992 -0.0053000883 0.033474472)
(9.9999966e-05 -0.0052000502 0.033474482)
(0.00019999994 -0.0052000502 0.033474483)
(9.9999861e-05 -0.0053001314 0.041807953)
(0.00019999981 -0.0053001314 0.041807956)
(9.9999876e-05 -0.0052000764 0.04180791)
(0.00019999984 -0.0052000764 0.041807913)
(0.00029999991 -0.0053000883 0.033474472)
(0.00039999987 -0.0053000883 0.033474471)
(0.00029999993 -0.0052000502 0.033474483)
(0.00039999989 -0.0052000502 0.033474481)
(0.00029999985 -0.0053001314 0.041807956)
(0.00039999978 -0.0053001314 0.041807953)
(0.00029999992 -0.0052000764 0.041807913)
(0.00039999985 -0.0052000764 0.041807909)
(0.0016999999 -0.0055001464 0.033472517)
(0.0017999999 -0.0055001464 0.033472517)
(0.0016999999 -0.005400132 0.033474013)
(0.0017999999 -0.005400132 0.033474013)
(0.0016999998 -0.0055001755 0.041805839)
(0.0017999997 -0.0055001755 0.041805839)
(0.0016999998 -0.0054001857 0.041807502)
(0.0017999998 -0.0054001857 0.041807501)
(0.0018999999 -0.0055001464 0.033472517)
(0.0019999998 -0.0055001464 0.033472518)
(0.0018999999 -0.005400132 0.033474013)
(0.0019999998 -0.005400132 0.033474015)
(0.0018999997 -0.0055001755 0.041805839)
(0.0019999996 -0.0055001755 0.04180584)
(0.0018999997 -0.0054001857 0.041807501)
(0.0019999996 -0.0054001857 0.041807503)
(0.0016999999 -0.0053000883 0.033474471)
(0.0017999999 -0.0053000883 0.033474471)
(0.0016999999 -0.0052000502 0.033474481)
(0.0017999999 -0.0052000502 0.033474481)
(0.0016999999 -0.0053001314 0.041807955)
(0.0017999999 -0.0053001314 0.041807953)
(0.0017 -0.0052000764 0.041807912)
(0.0017999999 -0.0052000764 0.041807909)
(0.0018999999 -0.0053000883 0.033474472)
(0.0019999999 -0.0053000883 0.033474474)
(0.0018999999 -0.0052000502 0.033474482)
(0.0019999999 -0.0052000502 0.033474484)
(0.0018999997 -0.0053001314 0.041807954)
(0.0019999997 -0.0053001314 0.041807957)
(0.0018999997 -0.0052000764 0.04180791)
(0.0019999997 -0.0052000764 0.041807914)
(0.0020999998 -0.0055001464 0.033472519)
(0.0021999999 -0.0055001464 0.033472519)
(0.0020999998 -0.005400132 0.033474015)
(0.0021999999 -0.005400132 0.033474015)
(0.0022 -0.0038999999 0.033474117)
(0.0022 -0.0038999997 0.041807451)
(0.0023 -0.0038999998 0.033474117)
(0.0024 -0.0038999998 0.033474119)
(0.0023 -0.0037999999 0.033474116)
(0.0024 -0.0037999998 0.033474117)
(0.0022999999 -0.0038999996 0.041807451)
(0.0023999999 -0.0038999996 0.041807455)
(0.0022999999 -0.0037999997 0.041807448)
(0.0023999999 -0.0037999997 0.041807452)
(0.0032999999 -0.0055001464 0.033472517)
(0.0033999999 -0.0055001464 0.033472518)
(0.0032999999 -0.0054001321 0.033474013)
(0.0033999999 -0.0054001321 0.033474013)
(0.0032999998 -0.0055001755 0.041805839)
(0.0033999998 -0.0055001755 0.041805839)
(0.0032999999 -0.0054001858 0.041807501)
(0.0033999998 -0.0054001858 0.041807502)
(0.0034999999 -0.0055001464 0.033472519)
(0.0036 -0.0055001464 0.03347252)
(0.0035 -0.0054001321 0.033474015)
(0.0036 -0.0054001321 0.033474016)
(0.0034999998 -0.0055001755 0.041805841)
(0.0036 -0.0055001755 0.041805843)
(0.0034999998 -0.0054001858 0.041807504)
(0.0036 -0.0054001858 0.041807506)
(0.0033 -0.0053000884 0.033474471)
(0.0033999999 -0.0053000884 0.033474471)
(0.0033 -0.0052000502 0.033474481)
(0.0034 -0.0052000502 0.033474482)
(0.0032999999 -0.0053001315 0.041807953)
(0.0033999998 -0.0053001315 0.041807954)
(0.0033 -0.0052000765 0.04180791)
(0.0033999999 -0.0052000765 0.041807911)
(0.0035 -0.0053000884 0.033474473)
(0.0036000001 -0.0053000884 0.033474474)
(0.0035 -0.0052000502 0.033474483)
(0.0036000001 -0.0052000502 0.033474484)
(0.0034999999 -0.0053001314 0.041807956)
(0.0036 -0.0053001314 0.041807958)
(0.0034999999 -0.0052000765 0.041807912)
(0.0036 -0.0052000765 0.041807914)
(0.0037000001 -0.0055001464 0.033472519)
(0.0038000001 -0.0055001464 0.033472518)
(0.0037000001 -0.0054001321 0.033474015)
(0.0038000001 -0.0054001321 0.033474013)
(0.0037000002 -0.0055001755 0.041805842)
(0.0038000002 -0.0055001755 0.041805839)
(0.0037000002 -0.0054001858 0.041807505)
(0.0038000002 -0.0054001858 0.041807501)
(0.0039 -0.0055001464 0.033472517)
(0.004 -0.0055001464 0.033472518)
(0.0039000001 -0.0054001321 0.033474013)
(0.004 -0.0054001321 0.033474014)
(0.0039000001 -0.0055001755 0.041805838)
(0.0039999999 -0.0055001755 0.041805839)
(0.0039000001 -0.0054001858 0.0418075)
(0.004 -0.0054001858 0.041807503)
(0.0037000001 -0.0053000884 0.033474473)
(0.0038000001 -0.0053000884 0.033474472)
(0.0037000001 -0.0052000502 0.033474483)
(0.0038000001 -0.0052000502 0.033474482)
(0.0033 -0.0037000001 0.033474118)
(0.0034000001 -0.0037000001 0.033474118)
(0.0033 -0.0036000001 0.033474119)
(0.0034000001 -0.0036000001 0.033474119)
(0.0033000001 -0.0037000002 0.041807454)
(0.0034000002 -0.0037000002 0.041807451)
(0.0033 -0.0036000002 0.041807457)
(0.0034000001 -0.0036000001 0.041807456)
(0.0035000001 -0.0037000001 0.033474117)
(0.0036000001 -0.0037000001 0.033474116)
(0.0035000001 -0.0036000001 0.033474119)
(0.0036000002 -0.0036 0.033474118)
(0.0035000002 -0.0037000002 0.041807451)
(0.0036000003 -0.0037000002 0.041807452)
(0.0035000003 -0.0036000001 0.041807456)
(0.0036000004 -0.0036000001 0.041807455)
(0.0037000001 -0.0039000001 0.033474118)
(0.0038000001 -0.0039000001 0.033474118)
(0.0037000001 -0.0038000001 0.033474116)
(0.0038000001 -0.0038 0.033474116)
(0.0037000001 -0.0039000001 0.041807454)
(0.0038 -0.0039 0.041807453)
(0.0037000002 -0.0038 0.041807449)
(0.0038000001 -0.0038 0.041807449)
(0.0039000001 -0.0039 0.033474119)
(0.0039000001 -0.0038 0.033474118)
(0.0039000001 -0.0038999999 0.041807456)
(0.0039000001 -0.0037999999 0.041807453)
(0.0037000001 -0.0037000001 0.033474115)
(0.0038000001 -0.0037 0.033474116)
(0.0037000001 -0.0036 0.033474116)
(0.0037000002 -0.0037000001 0.041807448)
(0.0038000001 -0.0037000001 0.041807449)
(0.0037000003 -0.0036000001 0.041807452)
(-0.0011000003 -0.0051000388 0.0081922476)
(-0.0010000001 -0.0051000388 0.0081922478)
(-0.0010000001 -0.0050000174 0.0081923849)
(-0.0009 -0.0051000388 0.0081922516)
(-0.00080000009 -0.0051000388 0.0081922518)
(-0.00090000001 -0.0050000174 0.0081923887)
(-0.0008000001 -0.0050000174 0.008192389)
(-0.0010000001 -0.0049000069 0.0081924696)
(-0.00090000002 -0.0049000069 0.0081924735)
(-0.00080000012 -0.0049000069 0.0081924738)
(-0.00090000002 -0.0048000022 0.0081925175)
(-0.00080000013 -0.0048000022 0.0081925178)
(-0.0011000001 -0.0051000253 0.016525632)
(-0.0010000001 -0.0051000253 0.016525632)
(-0.0010000001 -0.0050000115 0.016525742)
(-0.0011000001 -0.0051000196 0.025000001)
(-0.001 -0.0051000196 0.025000001)
(-0.001 -0.0050000087 0.025000001)
(-0.00090000003 -0.0051000253 0.016525633)
(-0.00080000003 -0.0051000253 0.016525633)
(-0.00090000004 -0.0050000115 0.016525743)
(-0.00080000004 -0.0050000115 0.016525743)
(-0.00090000002 -0.0051000196 0.025000001)
(-0.00080000002 -0.0051000196 0.025)
(-0.00090000002 -0.0050000087 0.025)
(-0.00080000002 -0.0050000087 0.025)
(-0.0010000001 -0.0049000046 0.016525813)
(-0.001 -0.0049000035 0.025)
(-0.00090000004 -0.0049000046 0.016525814)
(-0.00080000005 -0.0049000046 0.016525814)
(-0.00090000004 -0.0048000016 0.016525853)
(-0.00080000005 -0.0048000016 0.016525853)
(-0.00090000002 -0.0049000035 0.025)
(-0.00080000002 -0.0049000035 0.024999999)
(-0.00090000001 -0.0048000012 0.024999999)
(-0.00080000001 -0.0048000012 0.024999998)
(0.00090000001 -0.0062450643 0.0082408877)
(0.00090000001 -0.0061629339 0.0082191823)
(0.00099999998 -0.0062450643 0.0082408877)
(0.00099999997 -0.0061629339 0.0082191819)
(0.0011 -0.0062450643 0.0082408876)
(0.0011 -0.0061629339 0.0082191805)
(0.0012 -0.0062450643 0.0082408876)
(0.0012 -0.0061629339 0.0082191807)
(0.00090000003 -0.0060771736 0.0082191603)
(0.00099999997 -0.0060771736 0.0082191602)
(0.00090000005 -0.0059873065 0.0082225222)
(0.00099999999 -0.0059873065 0.0082225225)
(0.0011 -0.0060771736 0.0082191582)
(0.0012 -0.0060771736 0.0082191583)
(0.0011 -0.0059873065 0.0082225206)
(0.0012 -0.0059873065 0.008222521)
(0.00089999998 -0.0062465757 0.016581237)
(0.00099999998 -0.0062465757 0.016581239)
(0.00089999998 -0.0061655268 0.016555565)
(0.00099999999 -0.0061655268 0.016555565)
(0.00089999998 -0.0062471469 0.025000003)
(0.00099999999 -0.0062471469 0.025000006)
(0.00089999995 -0.006166523 0.025000004)
(0.00099999998 -0.006166523 0.025000005)
(0.0011 -0.0062465757 0.016581238)
(0.0012 -0.0062465757 0.016581238)
(0.0011 -0.0061655268 0.016555565)
(0.0012 -0.0061655268 0.016555565)
(0.0011 -0.0062471469 0.025000005)
(0.0011999999 -0.0062471469 0.025000004)
(0.0011 -0.006166523 0.025000005)
(0.0012 -0.006166523 0.025000004)
(0.00089999998 -0.006080044 0.016551057)
(0.00099999999 -0.006080044 0.016551057)
(0.00089999998 -0.0059897473 0.016551932)
(0.00099999999 -0.0059897473 0.016551933)
(0.00089999995 -0.0060811694 0.025000003)
(0.00099999997 -0.0060811694 0.025000004)
(0.00089999995 -0.0059907263 0.025000002)
(0.00099999997 -0.0059907263 0.025000002)
(0.0011 -0.006080044 0.016551056)
(0.0012 -0.006080044 0.016551056)
(0.0011 -0.0059897473 0.016551932)
(0.0012 -0.0059897473 0.016551932)
(0.0011 -0.0060811694 0.025000004)
(0.0012 -0.0060811694 0.025000003)
(0.0011 -0.0059907263 0.025000002)
(0.0012 -0.0059907263 0.025000002)
(0.0013 -0.0062450643 0.008240888)
(0.0013 -0.006162934 0.0082191819)
(0.0014 -0.0062450643 0.0082408876)
(0.0013999999 -0.006162934 0.0082191814)
(0.0015 -0.0062450643 0.0082408865)
(0.0015 -0.0061629339 0.0082191797)
(0.0016000001 -0.0062450643 0.0082408854)
(0.0016 -0.0061629339 0.0082191791)
(0.0013 -0.0060771736 0.0082191603)
(0.0013999999 -0.0060771736 0.0082191597)
(0.0012999999 -0.0059873065 0.0082225231)
(0.0013999998 -0.0059873065 0.0082225223)
(0.0014999999 -0.0060771736 0.008219157)
(0.0016 -0.0060771736 0.0082191564)
(0.0014999998 -0.0059873065 0.0082225189)
(0.0016 -0.0059873065 0.0082225182)
(0.0012999999 -0.0062465757 0.016581238)
(0.0013999999 -0.0062465757 0.016581236)
(0.0013 -0.0061655268 0.016555565)
(0.0013999999 -0.0061655268 0.016555564)
(0.0012999999 -0.0062471469 0.025000004)
(0.0013999999 -0.0062471469 0.025000002)
(0.0012999999 -0.006166523 0.025000004)
(0.0013999999 -0.006166523 0.025000003)
(0.0025 -0.0060771736 0.0082191565)
(0.0026000001 -0.0060771736 0.0082191559)
(0.0025 -0.0059873065 0.0082225194)
(0.0026000001 -0.0059873065 0.008222519)
(0.0027000001 -0.0060771736 0.0082191582)
(0.0028 -0.0060771736 0.0082191583)
(0.0027000001 -0.0059873065 0.0082225215)
(0.0028 -0.0059873065 0.0082225218)
(0.0025000002 -0.0062465757 0.016581234)
(0.0026000001 -0.0062465757 0.016581232)
(0.0025 -0.0061655268 0.016555561)
(0.0026 -0.0061655268 0.01655556)
(0.0025000001 -0.0062471469 0.025000002)
(0.0026000001 -0.0062471469 0.024999999)
(0.0025 -0.006166523 0.025000001)
(0.0026 -0.006166523 0.024999999)
(0.0027000001 -0.0062465757 0.016581228)
(0.0028 -0.0062465757 0.016581225)
(0.0027 -0.0061655268 0.016555559)
(0.0028 -0.0061655268 0.016555558)
(0.0027 -0.0062471469 0.024999993)
(0.0028 -0.0062471469 0.024999989)
(0.0027 -0.006166523 0.024999997)
(0.0028 -0.006166523 0.024999996)
(0.0025 -0.006080044 0.016551053)
(0.0026 -0.006080044 0.016551053)
(0.0025 -0.0059897473 0.01655193)
(0.0026 -0.0059897473 0.01655193)
(0.0025 -0.0060811694 0.025000001)
(0.0026 -0.0060811694 0.025)
(0.0025 -0.0059907263 0.025)
(0.0026 -0.0059907263 0.025)
(0.0027 -0.006080044 0.016551053)
(0.0028 -0.006080044 0.016551052)
(0.0027 -0.0059897473 0.016551931)
(0.0028 -0.0059897473 0.016551931)
(0.0027 -0.0060811694 0.024999999)
(0.0028 -0.0060811694 0.024999998)
(0.0027 -0.0059907263 0.025)
(0.0028 -0.0059907263 0.024999999)
(0.0029000001 -0.0062450642 0.0082408799)
(0.0029 -0.0061629339 0.0082191761)
(0.0030000001 -0.0062450642 0.00824088)
(0.003 -0.0061629339 0.0082191757)
(0.0031 -0.0062450642 0.0082408816)
(0.0031 -0.0061629339 0.0082191777)
(0.0031999999 -0.0062450643 0.008240883)
(0.0032 -0.0061629339 0.0082191782)
(0.0028999999 -0.0060771736 0.0082191557)
(0.003 -0.0060771736 0.008219155)
(0.0028999999 -0.0059873065 0.0082225195)
(0.003 -0.0059873065 0.0082225187)
(0.0031 -0.0060771736 0.0082191569)
(0.0032 -0.0060771736 0.0082191569)
(0.0031 -0.0059873065 0.00822252)
(0.0032 -0.0059873065 0.0082225201)
(0.0029 -0.0062465757 0.016581224)
(0.003 -0.0062465756 0.016581225)
(0.0029 -0.0061655268 0.016555557)
(0.003 -0.0061655268 0.016555556)
(0.0029 -0.0062471469 0.024999988)
(0.003 -0.0062471469 0.024999989)
(0.0029 -0.006166523 0.024999995)
(0.003 -0.006166523 0.024999995)
(0.0030999999 -0.0062465756 0.016581229)
(0.0031999998 -0.0062465757 0.016581234)
(0.0031 -0.0061655268 0.016555558)
(0.0032 -0.0061655268 0.01655556)
(0.0030999999 -0.0062471469 0.024999994)
(0.0031999998 -0.0062471469 0.025000001)
(0.0031 -0.006166523 0.024999997)
(0.0032 -0.006166523 0.024999999)
(0.0029 -0.006080044 0.016551051)
(0.003 -0.006080044 0.016551051)
(0.0029 -0.0059897473 0.01655193)
(0.003 -0.0059897473 0.016551929)
(0.0029 -0.0060811694 0.024999998)
(0.003 -0.0060811694 0.024999997)
(0.0029 -0.0059907263 0.024999999)
(0.003 -0.0059907263 0.024999998)
(0.0009 -0.0047000004 0.025)
(0.001 -0.0047000004 0.025)
(0.0009 -0.0046000001 0.025)
(0.001 -0.0046000001 0.025000001)
(0.0011 -0.0047000004 0.016525875)
(0.0011999999 -0.0047000004 0.016525876)
(0.0011 -0.0046 0.016525883)
(0.0011999999 -0.0046 0.016525884)
(0.0011 -0.0047000004 0.025000001)
(0.0012 -0.0047000003 0.025000002)
(0.0011 -0.0046000001 0.025000001)
(0.0011999999 -0.0046 0.025000002)
(0.00090000004 -0.0045 0.016525882)
(0.001 -0.0045 0.016525884)
(0.00090000001 -0.0044 0.016525883)
(0.00099999999 -0.0044 0.016525884)
(0.0009 -0.0045 0.025)
(0.00099999999 -0.0045 0.025000001)
(0.0009 -0.0044 0.025)
(0.00099999998 -0.0044 0.025)
(0.0011 -0.0045 0.016525885)
(0.0011999999 -0.0044999999 0.016525886)
(0.0010999999 -0.0044 0.016525885)
(0.0011999999 -0.0044 0.016525885)
(0.0011 -0.0045 0.025000001)
(0.0011999999 -0.0045 0.025000002)
(0.0010999999 -0.0044 0.025000001)
(0.0011999999 -0.0044 0.025000001)
(0.0012999995 -0.0047000004 0.0081925399)
(0.0013999995 -0.0047000004 0.0081925371)
(0.0012999996 -0.0045999999 0.0081925492)
(0.0013999996 -0.0045999999 0.0081925465)
(0.0014999996 -0.0047000004 0.0081925372)
(0.0015999996 -0.0047000005 0.0081925376)
(0.0014999996 -0.0046 0.0081925468)
(0.0015999997 -0.0046 0.0081925475)
(0.0012999996 -0.0044999999 0.008192551)
(0.0013999996 -0.0044999999 0.0081925478)
(0.0012999996 -0.0043999999 0.0081925485)
(0.0013999997 -0.0043999999 0.0081925449)
(0.0014999997 -0.0044999999 0.0081925479)
(0.0015999998 -0.0045 0.0081925489)
(0.0014999998 -0.0043999999 0.008192545)
(0.0015999999 -0.0044 0.0081925461)
(0.0012999998 -0.0047000004 0.016525875)
(0.0013999998 -0.0047000004 0.016525873)
(0.0012999998 -0.0046 0.016525883)
(0.0013999998 -0.0046 0.016525881)
(0.0012999999 -0.0047000003 0.025000002)
(0.0013999999 -0.0047000003 0.025000002)
(0.0012999999 -0.0046 0.025000003)
(0.0013999999 -0.0046 0.025000002)
(0.0014999998 -0.0047000004 0.016525872)
(0.0015999998 -0.0047000004 0.016525871)
(0.0014999998 -0.0046 0.016525881)
(0.0015999999 -0.0046000001 0.01652588)
(0.0014999999 -0.0047000003 0.025000001)
(0.0016 -0.0047000003 0.024999999)
(0.0015 -0.0046 0.025000001)
(0.0016 -0.0046 0.025)
(0.0012999998 -0.0044999999 0.016525885)
(0.0013999998 -0.0044999999 0.016525883)
(0.0012999998 -0.0043999999 0.016525884)
(0.0013999999 -0.0043999999 0.016525882)
(0.0012999999 -0.0045 0.025000002)
(0.0013999999 -0.0044999999 0.025000002)
(0.0012999999 -0.0044 0.025000002)
(0.0013999999 -0.0043999999 0.025000001)
(0.0014999999 -0.0044999999 0.016525882)
(0.0015999999 -0.0045 0.016525882)
(0.0014999999 -0.0043999999 0.016525882)
(0.0016 -0.0044 0.016525881)
(0.0015 -0.0044999999 0.025000001)
(0.0016 -0.0044999999 0.024999999)
(0.0015 -0.0043999999 0.025)
(0.0016 -0.0043999999 0.024999998)
(0.0025000001 -0.0045 0.025)
(0.0026000001 -0.0045 0.025)
(0.0025000001 -0.0043999999 0.025)
(0.0026 -0.0043999999 0.025)
(0.0027 -0.0044999999 0.016525883)
(0.0027999999 -0.0044999999 0.016525882)
(0.0027 -0.0043999999 0.016525885)
(0.0027999999 -0.0043999999 0.016525884)
(0.0027 -0.0044999999 0.025000001)
(0.0028 -0.0044999999 0.025)
(0.0027 -0.0043999999 0.025000001)
(0.0028 -0.0043999999 0.025)
(0.0028999999 -0.0047000007 0.008192537)
(0.0030000001 -0.0047000007 0.0081925375)
(0.0028999999 -0.0046000002 0.0081925428)
(0.003 -0.0046000002 0.0081925435)
(0.0031000002 -0.0047000006 0.0081925414)
(0.0032 -0.0047000006 0.0081925449)
(0.0031000001 -0.0046000003 0.0081925477)
(0.0032 -0.0046000003 0.0081925517)
(0.0028999998 -0.0044999999 0.0081925433)
(0.003 -0.0045 0.0081925425)
(0.0028999997 -0.0043999997 0.0081925465)
(0.0029999999 -0.0043999999 0.0081925428)
(0.0031000001 -0.0045000002 0.0081925457)
(0.0032 -0.0045000002 0.0081925503)
(0.0031000001 -0.0044 0.0081925431)
(0.0032000001 -0.0044000001 0.0081925467)
(0.0029 -0.0047000005 0.016525872)
(0.003 -0.0047000005 0.016525873)
(0.0028999999 -0.0046000001 0.016525879)
(0.003 -0.0046000001 0.016525879)
(0.0029 -0.0047000004 0.025000001)
(0.003 -0.0047000004 0.025000001)
(0.0029 -0.0046 0.025)
(0.003 -0.0046 0.024999999)
(0.0031 -0.0047000005 0.016525875)
(0.0032 -0.0047000005 0.016525878)
(0.0031 -0.0046000001 0.016525881)
(0.0032 -0.0046000002 0.016525884)
(0.0031 -0.0047000004 0.025000002)
(0.0032 -0.0047000004 0.025000003)
(0.0031 -0.0046 0.025)
(0.0032 -0.0046000001 0.025000002)
(0.0028999999 -0.0045 0.01652588)
(0.003 -0.0045 0.016525879)
(0.0028999999 -0.0043999999 0.016525882)
(0.0029999999 -0.0043999999 0.016525879)
(0.0029 -0.0044999999 0.024999999)
(0.003 -0.0044999999 0.024999998)
(0.0029 -0.0043999999 0.024999998)
(0.003 -0.0043999999 0.024999997)
(0.0031 -0.0045 0.016525881)
(0.0032 -0.0045000001 0.016525883)
(0.0031 -0.0044 0.01652588)
(0.0032 -0.0044 0.016525881)
(0.0031 -0.0045 0.024999998)
(0.0032 -0.0045 0.025)
(0.0031 -0.0044 0.024999997)
(0.0032 -0.0044 0.024999998)
(0.0025000001 -0.0042999998 0.0081925492)
(0.0026000001 -0.0042999998 0.0081925503)
(0.0025000001 -0.0041999999 0.0081925488)
(0.0026000002 -0.0042 0.00819255)
(0.0027 -0.0042999998 0.0081925545)
(0.0027999998 -0.0042999998 0.0081925545)
(0.0027000001 -0.0042 0.0081925545)
(0.0027999998 -0.0042 0.0081925549)
(0.0025000002 -0.0040999999 0.0081925445)
(0.0026000003 -0.0041 0.0081925461)
(0.0025000004 -0.0039999998 0.0081925435)
(0.0026000004 -0.0039999998 0.0081925456)
(0.0041000002 -0.0062471469 0.024999992)
(0.0042000002 -0.0062471469 0.024999989)
(0.0041000001 -0.006166523 0.024999997)
(0.0042000001 -0.006166523 0.024999995)
(0.0043000002 -0.0062465756 0.016581227)
(0.0044000001 -0.0062465757 0.01658123)
(0.0043000001 -0.0061655268 0.016555557)
(0.0044000001 -0.0061655268 0.016555558)
(0.0043000001 -0.0062471469 0.024999991)
(0.0044000001 -0.0062471469 0.024999995)
(0.0043 -0.006166523 0.024999995)
(0.0044000001 -0.006166523 0.024999996)
(0.0041 -0.006080044 0.016551052)
(0.0042 -0.006080044 0.016551051)
(0.0041 -0.0059897473 0.01655193)
(0.0042 -0.0059897473 0.016551929)
(0.0041 -0.0060811694 0.024999999)
(0.0042 -0.0060811694 0.024999998)
(0.0041 -0.0059907263 0.024999999)
(0.0042 -0.0059907263 0.024999999)
(0.0043 -0.006080044 0.016551052)
(0.0044 -0.006080044 0.016551052)
(0.0043 -0.0059897473 0.01655193)
(0.0044 -0.0059897473 0.01655193)
(0.0043 -0.0060811694 0.024999997)
(0.0044 -0.0060811694 0.024999998)
(0.0043 -0.0059907263 0.024999999)
(0.0044 -0.0059907263 0.024999999)
(0.0045000002 -0.0062450643 0.0082408842)
(0.0045000001 -0.006162934 0.008219179)
(0.0046000009 -0.0062450644 0.0082408859)
(0.0046000006 -0.006162934 0.0082191783)
(0.0045 -0.0060771736 0.0082191565)
(0.0046000004 -0.0060771737 0.0082191538)
(0.0045 -0.0059873065 0.008222519)
(0.0045000004 -0.0062465757 0.016581231)
(0.0046000014 -0.0062465758 0.016581231)
(0.0045000003 -0.0061655269 0.016555559)
(0.0046000009 -0.006165527 0.016555558)
(0.0045000005 -0.006247147 0.024999996)
(0.0046000016 -0.0062471471 0.024999998)
(0.0045000003 -0.006166523 0.024999997)
(0.0046000009 -0.0061665231 0.024999998)
(0.0045000001 -0.006080044 0.016551051)
(0.0046000004 -0.0060800441 0.016551048)
(0.0045 -0.0059897473 0.016551928)
(0.0045000001 -0.0060811694 0.024999998)
(0.0046000005 -0.0060811695 0.024999998)
(0.0045000001 -0.0059907263 0.024999999)
(0.0040999999 -0.0058937435 0.0082203808)
(0.0042 -0.0058937435 0.0082203808)
(0.0040999999 -0.0057973831 0.008213067)
(0.0041999999 -0.0057973831 0.0082130665)
(0.0040999999 -0.0043000002 0.0081925448)
(0.0041 -0.0042 0.0081925448)
(0.0041 -0.0043000001 0.016525882)
(0.0041 -0.0042 0.016525882)
(0.0041 -0.0043000001 0.025)
(0.0041 -0.0042000001 0.025)
(0.00049999982 -0.0055001464 0.033472517)
(0.00059999979 -0.0055001464 0.033472518)
(0.0004999998 -0.0054001321 0.033474013)
(0.00059999975 -0.005400132 0.033474014)
(0.0004999996 -0.0055001755 0.041805838)
(0.00059999952 -0.0055001755 0.04180584)
(0.00049999954 -0.0054001858 0.041807501)
(0.00059999943 -0.0054001857 0.041807502)
(0.00069999979 -0.0055001464 0.033472519)
(0.00079999984 -0.0055001464 0.03347252)
(0.00069999976 -0.005400132 0.033474016)
(0.00079999981 -0.005400132 0.033474016)
(0.00069999953 -0.0055001755 0.041805841)
(0.00079999965 -0.0055001755 0.041805842)
(0.00069999944 -0.0054001857 0.041807504)
(0.00079999958 -0.0054001857 0.041807505)
(0.0004999998 -0.0053000883 0.033474471)
(0.00059999975 -0.0053000883 0.033474473)
(0.00049999982 -0.0052000501 0.033474482)
(0.00059999977 -0.0052000501 0.033474483)
(0.00049999957 -0.0053001314 0.041807953)
(0.00059999944 -0.0053001314 0.041807955)
(0.00049999961 -0.0052000764 0.041807909)
(0.00059999949 -0.0052000764 0.041807913)
(0.00069999975 -0.0053000883 0.033474475)
(0.0007999998 -0.0053000883 0.033474475)
(0.00069999976 -0.0052000501 0.033474485)
(0.00079999981 -0.0052000501 0.033474485)
(0.00069999946 -0.0053001314 0.041807957)
(0.00079999957 -0.0053001314 0.041807958)
(0.00069999952 -0.0052000764 0.041807913)
(0.0007999996 -0.0052000764 0.041807914)
(9.9999976e-05 -0.0051000252 0.033474367)
(0.00019999996 -0.0051000252 0.033474368)
(9.9999983e-05 -0.0050000113 0.033474257)
(0.00019999997 -0.0050000113 0.033474258)
(9.9999886e-05 -0.0051000386 0.041807749)
(0.00019999986 -0.0051000386 0.041807752)
(9.9999896e-05 -0.0050000172 0.041807611)
(0.00019999987 -0.0050000172 0.041807614)
(0.00029999995 -0.0051000252 0.033474367)
(0.00039999991 -0.0051000252 0.033474366)
(0.00029999996 -0.0050000113 0.033474257)
(0.00039999993 -0.0050000113 0.033474256)
(0.00029999994 -0.0051000386 0.041807752)
(0.00039999988 -0.0051000386 0.041807748)
(0.00029999996 -0.0050000172 0.041807614)
(0.0003999999 -0.0050000172 0.04180761)
(9.9999987e-05 -0.0049000045 0.033474184)
(0.00019999997 -0.0049000045 0.033474185)
(9.9999988e-05 -0.0048000016 0.033474145)
(0.00019999998 -0.0048000016 0.033474146)
(9.9999903e-05 -0.0049000067 0.041807525)
(0.00019999988 -0.0049000067 0.041807528)
(9.9999907e-05 -0.0048000022 0.04180748)
(0.00019999989 -0.0048000022 0.041807483)
(0.0020999996 -0.0055001755 0.041805841)
(0.0021999997 -0.0055001755 0.041805841)
(0.0020999997 -0.0054001857 0.041807504)
(0.0021999997 -0.0054001857 0.041807503)
(0.0022999999 -0.0055001464 0.033472519)
(0.0023999999 -0.0055001464 0.033472519)
(0.0022999999 -0.005400132 0.033474014)
(0.0023999999 -0.0054001321 0.033474015)
(0.0022999997 -0.0055001755 0.041805841)
(0.0023999998 -0.0055001755 0.041805841)
(0.0022999997 -0.0054001858 0.041807503)
(0.0023999998 -0.0054001858 0.041807505)
(0.0020999999 -0.0053000883 0.033474474)
(0.0021999999 -0.0053000883 0.033474473)
(0.0020999999 -0.0052000502 0.033474484)
(0.0021999999 -0.0052000502 0.033474483)
(0.0020999998 -0.0053001314 0.041807957)
(0.0021999998 -0.0053001314 0.041807955)
(0.0020999999 -0.0052000764 0.041807914)
(0.0021999999 -0.0052000764 0.041807911)
(0.0022999999 -0.0053000883 0.033474473)
(0.0023999999 -0.0053000884 0.033474474)
(0.0022999999 -0.0052000502 0.033474483)
(0.0024 -0.0052000502 0.033474484)
(0.0022999998 -0.0053001314 0.041807955)
(0.0023999999 -0.0053001314 0.041807958)
(0.0022999999 -0.0052000765 0.041807911)
(0.0023999999 -0.0052000765 0.041807914)
(0.0016999999 -0.0051000252 0.033474366)
(0.0017999999 -0.0051000252 0.033474366)
(0.0017 -0.0050000114 0.033474256)
(0.0017999999 -0.0050000114 0.033474255)
(0.0017 -0.0051000387 0.04180775)
(0.0017999999 -0.0051000387 0.041807747)
(0.0017 -0.0050000174 0.041807612)
(0.0018 -0.0050000174 0.04180761)
(0.0018999999 -0.0051000252 0.033474367)
(0.0019999999 -0.0051000252 0.033474369)
(0.0018999999 -0.0050000114 0.033474257)
(0.0019999999 -0.0050000114 0.033474259)
(0.0018999998 -0.0051000387 0.041807748)
(0.0019999998 -0.0051000387 0.041807753)
(0.0018999998 -0.0050000173 0.041807611)
(0.0019999998 -0.0050000173 0.041807615)
(0.0017 -0.0049000046 0.033474183)
(0.0017999999 -0.0049000046 0.033474183)
(0.0017 -0.0048000016 0.033474144)
(0.0017999999 -0.0048000016 0.033474144)
(0.0017000001 -0.0049000069 0.041807526)
(0.0017999999 -0.0049000069 0.041807524)
(0.0017000001 -0.0048000023 0.041807481)
(0.0017999999 -0.0048000023 0.04180748)
(0.0018999999 -0.0049000046 0.033474185)
(0.0019999999 -0.0049000046 0.033474187)
(0.0018999999 -0.0048000016 0.033474146)
(0.0019999999 -0.0048000016 0.033474148)
(0.0018999998 -0.0049000068 0.041807526)
(0.0019999998 -0.0049000068 0.041807529)
(0.0018999997 -0.0048000023 0.041807482)
(0.0019999997 -0.0048000023 0.041807485)
(0.0037000002 -0.0053001314 0.041807957)
(0.0038000002 -0.0053001314 0.041807953)
(0.0037000002 -0.0052000765 0.041807914)
(0.0038000002 -0.0052000765 0.04180791)
(0.0039000001 -0.0053000884 0.033474472)
(0.004 -0.0053000884 0.033474473)
(0.0039000001 -0.0052000502 0.033474482)
(0.0040000001 -0.0052000502 0.033474484)
(0.0039000001 -0.0053001314 0.041807953)
(0.004 -0.0053001314 0.041807957)
(0.0039000001 -0.0052000765 0.04180791)
(0.004 -0.0052000765 0.041807914)
(0.0033 -0.0051000253 0.033474367)
(0.0034 -0.0051000253 0.033474366)
(0.0033 -0.0050000115 0.033474257)
(0.0034 -0.0050000115 0.033474257)
(0.0032999999 -0.0051000388 0.04180775)
(0.0033999999 -0.0051000388 0.041807749)
(0.0032999999 -0.0050000174 0.041807613)
(0.0033999999 -0.0050000174 0.041807612)
(0.0035 -0.0051000253 0.033474367)
(0.0036000001 -0.0051000253 0.033474368)
(0.0035 -0.0050000115 0.033474257)
(0.0036 -0.0050000115 0.033474257)
(0.0034999999 -0.0051000388 0.04180775)
(0.0036 -0.0051000388 0.041807753)
(0.0034999999 -0.0050000174 0.041807611)
(0.0036 -0.0050000175 0.041807614)
(0.0033 -0.0049000047 0.033474186)
(0.0034 -0.0049000047 0.033474185)
(0.0033 -0.0048000016 0.033474148)
(0.0034 -0.0048000017 0.033474147)
(0.0032999999 -0.0049000069 0.041807529)
(0.0033999999 -0.0049000069 0.041807527)
(0.0032999999 -0.0048000022 0.041807485)
(0.0034 -0.0048000023 0.041807483)
(0.0035 -0.0049000047 0.033474184)
(0.0036 -0.0049000047 0.033474185)
(0.0035 -0.0048000017 0.033474146)
(0.0036 -0.0048000017 0.033474146)
(0.0034999999 -0.004900007 0.041807526)
(0.0035999999 -0.004900007 0.041807528)
(0.0034999999 -0.0048000024 0.041807482)
(0.0035999999 -0.0048000024 0.041807483)
(0.0032999999 -0.0035000001 0.033474119)
(0.0034 -0.0035 0.03347412)
(0.0032999999 -0.0034000001 0.033474118)
(0.0034 -0.0034 0.03347412)
(0.0032999998 -0.0035000001 0.041807455)
(0.0034 -0.0035 0.041807457)
(0.0032999997 -0.0034000001 0.041807453)
(0.0034 -0.0034 0.041807455)
(0.0035000001 -0.0035 0.03347412)
(0.0036000002 -0.0035 0.033474118)
(0.0035000001 -0.0034 0.033474119)
(0.0035000003 -0.0035 0.041807457)
(0.0036000004 -0.0035 0.041807455)
(0.0035000003 -0.0034 0.041807454)
(0.0032999999 -0.0033000001 0.033474119)
(0.0034 -0.0033 0.03347412)
(0.0032999997 -0.0033000002 0.041807453)
(0.0033999999 -0.0033000002 0.041807455)
(0.0037000001 -0.0035 0.033474116)
(0.0037000003 -0.0035 0.041807451)
(-0.0006999999 -0.0055001755 0.0081941597)
(-0.00059999984 -0.0055001755 0.0081941597)
(-0.00069999988 -0.0054001857 0.008192497)
(-0.00059999983 -0.0054001857 0.0081924975)
(-0.00049999986 -0.0055001755 0.0081941615)
(-0.00039999998 -0.0055001755 0.0081941629)
(-0.00049999989 -0.0054001857 0.0081925)
(-0.00040000004 -0.0054001857 0.0081925001)
(-0.00069999996 -0.0053001314 0.008192044)
(-0.00059999987 -0.0053001314 0.0081920444)
(-0.00070000004 -0.0052000765 0.0081920872)
(-0.00059999992 -0.0052000765 0.0081920875)
(-0.00049999992 -0.0053001314 0.0081920475)
(-0.00040000008 -0.0053001314 0.0081920471)
(-0.00049999994 -0.0052000764 0.0081920909)
(-0.00040000008 -0.0052000764 0.0081920904)
(-0.00069999996 -0.0055001464 0.016527482)
(-0.00059999997 -0.0055001464 0.016527482)
(-0.00069999997 -0.005400132 0.016525986)
(-0.00059999997 -0.005400132 0.016525987)
(-0.0007 -0.0055001481 0.025)
(-0.00060000002 -0.0055001481 0.025)
(-0.00070000001 -0.0054001169 0.025)
(-0.00060000002 -0.0054001169 0.025000001)
(-0.0005 -0.0055001464 0.016527483)
(-0.00040000004 -0.0055001464 0.016527484)
(-0.00050000001 -0.005400132 0.016525988)
(-0.00040000005 -0.005400132 0.016525987)
(-0.00050000004 -0.0055001481 0.025000001)
(-0.00040000006 -0.0055001481 0.025)
(-0.00050000004 -0.0054001169 0.025000001)
(-0.00040000007 -0.0054001169 0.025)
(-0.00069999999 -0.0053000883 0.016525528)
(-0.00059999998 -0.0053000883 0.016525528)
(-0.00070000001 -0.0052000502 0.016525518)
(-0.0006 -0.0052000502 0.016525518)
(-0.00070000001 -0.0053000734 0.025)
(-0.00060000002 -0.0053000733 0.025000001)
(-0.00070000002 -0.00520004 0.025)
(-0.00060000003 -0.00520004 0.025000001)
(-0.00050000001 -0.0053000883 0.016525529)
(-0.00040000005 -0.0053000883 0.016525529)
(-0.00050000002 -0.0052000502 0.016525519)
(-0.00040000005 -0.0052000502 0.016525518)
(-0.00050000004 -0.0053000733 0.025000001)
(-0.00040000006 -0.0053000733 0.025)
(-0.00050000004 -0.00520004 0.025000001)
(-0.00040000005 -0.00520004 0.025)
(-0.00030000009 -0.0055001755 0.0081941615)
(-0.00020000005 -0.0055001755 0.0081941591)
(-0.00030000009 -0.0054001857 0.0081924974)
(-0.00019999997 -0.0054001857 0.0081924959)
(-9.9999924e-05 -0.0055001755 0.0081941596)
(6.5015592e-11 -0.0055001755 0.0081941625)
(-9.9999837e-05 -0.0054001858 0.0081924971)
(1.6413149e-10 -0.0054001858 0.0081924993)
(-0.00030000006 -0.0053001314 0.0081920432)
(-0.00019999985 -0.0053001314 0.0081920421)
(-0.00030000005 -0.0052000764 0.0081920863)
(-0.0001999998 -0.0052000764 0.0081920847)
(-9.9999673e-05 -0.0053001314 0.008192044)
(3.4326739e-10 -0.0053001314 0.0081920461)
(-9.9999571e-05 -0.0052000764 0.0081920867)
(4.7304313e-10 -0.0052000764 0.0081920894)
(-0.00030000006 -0.0055001464 0.016527483)
(-0.00020000003 -0.0055001464 0.016527482)
(-0.00030000006 -0.005400132 0.016525986)
(-0.00020000001 -0.005400132 0.016525985)
(-0.00030000007 -0.0055001481 0.025)
(-0.00020000004 -0.0055001481 0.025)
(-0.00030000007 -0.0054001169 0.025)
(-0.00020000004 -0.0054001169 0.025)
(0.0015 -0.0062465757 0.016581234)
(0.0016000001 -0.0062465757 0.016581233)
(0.0015 -0.0061655268 0.016555562)
(0.0016 -0.0061655268 0.016555561)
(0.0014999999 -0.0062471469 0.025)
(0.0016 -0.0062471469 0.024999999)
(0.0015 -0.006166523 0.025000002)
(0.0016 -0.006166523 0.025)
(0.0012999999 -0.006080044 0.016551056)
(0.0013999999 -0.006080044 0.016551056)
(0.0012999999 -0.0059897473 0.016551933)
(0.0013999999 -0.0059897473 0.016551932)
(0.0012999999 -0.0060811694 0.025000003)
(0.0013999999 -0.0060811694 0.025000002)
(0.0012999999 -0.0059907263 0.025000002)
(0.0013999999 -0.0059907263 0.025000001)
(0.0014999999 -0.006080044 0.016551054)
(0.0016 -0.006080044 0.016551053)
(0.0014999999 -0.0059897473 0.01655193)
(0.0016 -0.0059897473 0.016551929)
(0.0014999999 -0.0060811694 0.025000001)
(0.0016 -0.0060811694 0.025)
(0.0014999999 -0.0059907263 0.025)
(0.0016 -0.0059907263 0.024999999)
(0.00090000005 -0.0058937434 0.0082203826)
(0.001 -0.0058937434 0.008220383)
(0.00090000004 -0.005797383 0.0082130672)
(0.0010000001 -0.005797383 0.0082130678)
(0.0011 -0.0058937434 0.0082203817)
(0.0012 -0.0058937435 0.0082203824)
(0.0011000001 -0.0057973831 0.0082130675)
(0.0012 -0.0057973831 0.0082130687)
(0.00090000003 -0.0056991905 0.0082045695)
(0.0010000001 -0.0056991905 0.0082045701)
(0.00089999996 -0.005599946 0.0081979812)
(0.0010000001 -0.005599946 0.0081979817)
(0.0011000001 -0.0056991905 0.0082045712)
(0.0012 -0.0056991905 0.0082045731)
(0.0011000002 -0.005599946 0.0081979841)
(0.0012 -0.005599946 0.008197987)
(0.00089999998 -0.0058954112 0.016549585)
(0.001 -0.0058954112 0.016549585)
(0.00089999999 -0.0057982979 0.016543423)
(0.001 -0.0057982979 0.016543423)
(0.00089999996 -0.0058961015 0.025000001)
(0.00099999997 -0.0058961015 0.025000001)
(0.00089999996 -0.0057986962 0.025)
(0.00099999998 -0.0057986962 0.025)
(0.0011 -0.0058954112 0.016549585)
(0.0012 -0.0058954112 0.016549586)
(0.0011 -0.0057982979 0.016543424)
(0.0012 -0.0057982979 0.016543425)
(0.0011 -0.0058961015 0.025000001)
(0.0012 -0.0058961015 0.025000002)
(0.0011 -0.0057986962 0.025000001)
(0.0012 -0.0057986962 0.025000001)
(0.00089999998 -0.0056995707 0.016536337)
(0.001 -0.0056995707 0.016536338)
(0.00089999996 -0.0056000343 0.01653078)
(0.001 -0.0056000343 0.01653078)
(0.00089999996 -0.0056997532 0.025)
(0.00099999998 -0.0056997532 0.025)
(0.00089999995 -0.0056000919 0.025)
(0.00099999997 -0.0056000919 0.025)
(0.0011 -0.0056995707 0.016536339)
(0.0012 -0.0056995707 0.016536341)
(0.0011 -0.0056000343 0.016530782)
(0.0011999999 -0.0056000343 0.016530784)
(0.0011 -0.0056997532 0.025)
(0.0011999999 -0.0056997532 0.025000001)
(0.0011 -0.0056000919 0.025)
(0.0011999999 -0.0056000919 0.025000002)
(0.0012999999 -0.0058937435 0.0082203844)
(0.0013999998 -0.0058937434 0.0082203832)
(0.0012999999 -0.0057973831 0.0082130703)
(0.0013999997 -0.0057973831 0.0082130687)
(0.0031 -0.006080044 0.016551051)
(0.0032 -0.006080044 0.016551052)
(0.0031 -0.0059897473 0.016551929)
(0.0032 -0.0059897473 0.01655193)
(0.0031 -0.0060811694 0.024999998)
(0.0032 -0.0060811694 0.024999999)
(0.0031 -0.0059907263 0.024999999)
(0.0032 -0.0059907263 0.024999999)
(0.0025 -0.0058937434 0.0082203808)
(0.0026000001 -0.0058937434 0.0082203805)
(0.0025 -0.0057973831 0.0082130667)
(0.0026000001 -0.0057973831 0.0082130663)
(0.0027000001 -0.0058937434 0.0082203829)
(0.0028 -0.0058937434 0.0082203834)
(0.0027000001 -0.0057973831 0.0082130684)
(0.0028 -0.0057973831 0.0082130691)
(0.0025 -0.0056991905 0.0082045705)
(0.0026000001 -0.0056991905 0.0082045699)
(0.0025000001 -0.005599946 0.0081979832)
(0.0026000001 -0.005599946 0.0081979829)
(0.0027000001 -0.0056991905 0.0082045714)
(0.0028 -0.0056991905 0.0082045722)
(0.0027000001 -0.005599946 0.0081979838)
(0.0028 -0.005599946 0.0081979845)
(0.0025 -0.0058954112 0.016549584)
(0.0026 -0.0058954112 0.016549584)
(0.0025 -0.0057982979 0.016543423)
(0.0026 -0.0057982979 0.016543423)
(0.0025 -0.0058961015 0.025)
(0.0026 -0.0058961015 0.025)
(0.0025 -0.0057986962 0.025)
(0.0026 -0.0057986962 0.025)
(0.0027 -0.0058954112 0.016549584)
(0.0028 -0.0058954112 0.016549585)
(0.0027 -0.0057982979 0.016543423)
(0.0028 -0.0057982979 0.016543424)
(0.0027 -0.0058961015 0.025)
(0.0028 -0.0058961015 0.025)
(0.0027 -0.0057986962 0.025)
(0.0028 -0.0057986962 0.025)
(0.0025 -0.0056995707 0.016536339)
(0.0026 -0.0056995707 0.016536338)
(0.0025 -0.0056000343 0.016530781)
(0.0026 -0.0056000343 0.016530781)
(0.0025 -0.0056997532 0.025)
(0.0026 -0.0056997532 0.025)
(0.0025 -0.0056000919 0.025)
(0.0026 -0.0056000919 0.025)
(0.0027 -0.0056995707 0.016536339)
(0.0028 -0.0056995707 0.016536339)
(0.0027 -0.0056000343 0.016530782)
(0.0028 -0.0056000343 0.016530782)
(0.0027 -0.0056997532 0.025)
(0.0027999999 -0.0056997532 0.025)
(0.0027 -0.0056000919 0.025)
(0.0027999999 -0.0056000919 0.025)
(0.0028999999 -0.0058937434 0.0082203817)
(0.0029999999 -0.0058937434 0.0082203808)
(0.0028999999 -0.0057973831 0.0082130677)
(0.0029999999 -0.005797383 0.0082130668)
(0.0031 -0.0058937434 0.0082203811)
(0.0032 -0.0058937434 0.0082203814)
(0.0031 -0.005797383 0.0082130664)
(0.0032000001 -0.0057973831 0.0082130668)
(0.0028999999 -0.0056991905 0.0082045711)
(0.003 -0.0056991905 0.00820457)
(0.0029 -0.005599946 0.0081979837)
(0.003 -0.005599946 0.0081979825)
(0.0011999997 -0.0042999999 0.0081925496)
(0.0011999998 -0.0043 0.016525885)
(0.0011999999 -0.0043 0.025000002)
(0.0012999997 -0.0042999999 0.0081925487)
(0.0013999997 -0.0042999998 0.0081925451)
(0.0015 -0.0042999998 0.008192545)
(0.0016000001 -0.0042999999 0.0081925465)
(0.0015 -0.0041999999 0.0081925473)
(0.0016000002 -0.0041999999 0.0081925502)
(0.0012999998 -0.0043 0.016525884)
(0.0013999999 -0.0042999999 0.016525883)
(0.0012999999 -0.0043 0.025000001)
(0.0013999999 -0.0043 0.025000001)
(0.0015 -0.0042999999 0.016525882)
(0.0016 -0.0042999999 0.016525882)
(0.0015 -0.0042 0.016525883)
(0.0016 -0.0042 0.016525884)
(0.0027000001 -0.0041 0.0081925507)
(0.0027999998 -0.0041000001 0.0081925518)
(0.0027000003 -0.0039999998 0.0081925488)
(0.0027999999 -0.0039999999 0.0081925496)
(0.0025000001 -0.0042999999 0.016525884)
(0.0026000001 -0.0042999999 0.016525885)
(0.0025000001 -0.0041999999 0.016525884)
(0.0026000001 -0.0041999999 0.016525885)
(0.0025000001 -0.0043 0.025000001)
(0.0026 -0.0042999999 0.025000001)
(0.0025000001 -0.0042 0.025000002)
(0.0026 -0.0042 0.025000002)
(0.0027 -0.0042999999 0.016525887)
(0.0027999999 -0.0042999999 0.016525887)
(0.0027 -0.0042 0.016525887)
(0.0027999999 -0.0042 0.016525888)
(0.0027 -0.0042999999 0.025000002)
(0.0028 -0.0043 0.025000002)
(0.0027 -0.0042 0.025000003)
(0.0028 -0.0042 0.025000003)
(0.0025000001 -0.0040999999 0.016525883)
(0.0026000001 -0.0040999999 0.016525884)
(0.0025000002 -0.0039999999 0.016525882)
(0.0026000002 -0.0039999999 0.016525883)
(0.0025000001 -0.0040999999 0.025000002)
(0.0026000001 -0.0040999999 0.025000002)
(0.0025000001 -0.0039999999 0.025000002)
(0.0026000001 -0.0039999999 0.025000002)
(0.0027 -0.0041 0.016525886)
(0.0027999999 -0.0041 0.016525886)
(0.0027000001 -0.0039999999 0.016525885)
(0.0028 -0.0039999999 0.016525885)
(0.0027 -0.0041 0.025000003)
(0.0028 -0.0041 0.025000003)
(0.0027 -0.0039999999 0.025000003)
(0.0028 -0.0039999999 0.025000003)
(0.0028999997 -0.0042999998 0.0081925505)
(0.0029999998 -0.0042999999 0.0081925456)
(0.0028999996 -0.0042 0.0081925512)
(0.0029999998 -0.0042 0.0081925471)
(0.0031000001 -0.0042999999 0.0081925439)
(0.0032000002 -0.0042999999 0.0081925462)
(0.0031 -0.0042 0.0081925465)
(0.0032000002 -0.0041999999 0.0081925492)
(0.0028999996 -0.0041000002 0.0081925488)
(0.0029999997 -0.0041000001 0.0081925454)
(0.0028999997 -0.004 0.0081925468)
(0.0029999997 -0.0040000001 0.008192543)
(0.0031 -0.0041000001 0.0081925454)
(0.0032000002 -0.0041000001 0.0081925488)
(0.0030999999 -0.0040000001 0.0081925419)
(0.0032000001 -0.0040000001 0.0081925445)
(0.0028999999 -0.0042999999 0.016525884)
(0.0029999999 -0.0042999999 0.016525881)
(0.0028999999 -0.0042 0.016525885)
(0.0029999999 -0.0042 0.016525882)
(0.0029 -0.0043 0.025)
(0.003 -0.0043 0.024999997)
(0.0029 -0.0042 0.025000001)
(0.003 -0.0042 0.024999999)
(0.0031 -0.0043 0.01652588)
(0.0032 -0.0043 0.016525881)
(0.0031 -0.0042 0.016525881)
(0.0032 -0.0042 0.016525883)
(0.0031 -0.0043 0.024999997)
(0.0032 -0.0043 0.024999998)
(0.0031 -0.0042 0.024999998)
(0.0032 -0.0042 0.024999999)
(0.0028999999 -0.0041 0.016525884)
(0.0029999999 -0.0041 0.016525881)
(0.0028999999 -0.004 0.016525883)
(0.0029999999 -0.004 0.01652588)
(0.0029 -0.0041 0.025000002)
(0.003 -0.0041 0.025)
(0.0029 -0.004 0.025000001)
(0.0029999999 -0.004 0.025)
(0.0031 -0.0041 0.016525881)
(0.0032 -0.0041 0.016525883)
(0.0030999999 -0.004 0.01652588)
(0.0032 -0.004 0.016525881)
(0.0043 -0.0058937435 0.0082203823)
(0.0043999999 -0.0058937435 0.0082203823)
(0.0043 -0.0057973831 0.0082130676)
(0.0044 -0.0057973831 0.0082130676)
(0.0040999999 -0.0056991906 0.0082045707)
(0.0041999999 -0.0056991906 0.0082045699)
(0.0040999998 -0.0055999461 0.0081979838)
(0.0041999998 -0.0055999461 0.0081979828)
(0.0042999999 -0.0056991905 0.0082045707)
(0.0044 -0.0056991905 0.0082045707)
(0.0042999999 -0.0055999461 0.0081979835)
(0.0043999999 -0.0055999461 0.0081979834)
(0.0041 -0.0058954112 0.016549584)
(0.0042 -0.0058954112 0.016549584)
(0.0041 -0.0057982979 0.016543423)
(0.0042 -0.0057982979 0.016543423)
(0.0041 -0.0058961015 0.025)
(0.0042 -0.0058961015 0.025)
(0.0041 -0.0057986962 0.025)
(0.0042 -0.0057986962 0.025)
(0.0043 -0.0058954112 0.016549584)
(0.0044 -0.0058954112 0.016549584)
(0.0043 -0.0057982979 0.016543423)
(0.0044 -0.0057982979 0.016543423)
(0.0043 -0.0058961015 0.025)
(0.0044 -0.0058961015 0.025)
(0.0043 -0.0057986962 0.025)
(0.0044 -0.0057986962 0.025)
(0.0040999999 -0.0056995707 0.016536339)
(0.0041999999 -0.0056995707 0.016536338)
(0.0040999999 -0.0056000343 0.016530782)
(0.0041999999 -0.0056000343 0.016530781)
(0.0041 -0.0056997532 0.025)
(0.0042 -0.0056997532 0.025)
(0.0041 -0.005600092 0.025)
(0.0042 -0.005600092 0.025)
(0.0043 -0.0056995707 0.016536338)
(0.0044 -0.0056995707 0.016536338)
(0.0042999999 -0.0056000343 0.016530781)
(0.0043999999 -0.0056000343 0.016530781)
(0.0043 -0.0056997532 0.025)
(0.0044 -0.0056997532 0.025)
(0.0043 -0.005600092 0.025)
(0.0044 -0.005600092 0.025)
(0.0045 -0.0058937435 0.0082203807)
(0.0045 -0.0057973831 0.0082130667)
(0.0045 -0.0058954112 0.016549583)
(0.0045 -0.0057982979 0.016543422)
(0.0045 -0.0058961015 0.025)
(0.0045 -0.0057986962 0.025)
(-0.0013000001 -0.0062465757 0.033418767)
(-0.0012000001 -0.0062465757 0.03341877)
(-0.0013000001 -0.0061655268 0.033444439)
(-0.0012000001 -0.0061655268 0.033444441)
(-0.0013 -0.0062450643 0.041759116)
(-0.0012 -0.0062450643 0.041759118)
(-0.0013 -0.006162934 0.041780821)
(-0.0012 -0.0061629339 0.041780822)
(-0.0013000001 -0.006080044 0.033448946)
(-0.0012000001 -0.006080044 0.033448947)
(-0.0013000001 -0.0059897473 0.033448069)
(-0.0012000001 -0.0059897473 0.033448069)
(-0.0013 -0.0060771736 0.041780842)
(-0.0012 -0.0060771736 0.041780843)
(-0.0013 -0.0059873065 0.04177748)
(-0.0012 -0.0059873065 0.04177748)
(-0.0011000002 -0.0062465757 0.033418773)
(-0.0010000002 -0.0062465757 0.033418778)
(-0.0011000001 -0.0061655268 0.033444443)
(-0.0010000001 -0.0061655268 0.033444445)
(-0.0011000001 -0.0062450643 0.04175912)
(-0.0010000001 -0.0062450643 0.041759122)
(-0.0011000001 -0.0061629339 0.041780823)
(-0.0010000001 -0.0061629339 0.041780824)
(-0.00090000019 -0.0062465757 0.033418781)
(-0.00080000013 -0.0062465757 0.033418781)
(-0.00090000008 -0.0061655268 0.033444446)
(-0.00080000006 -0.0061655268 0.033444447)
(-0.00090000007 -0.0062450643 0.041759123)
(-0.00080000004 -0.0062450643 0.041759123)
(-0.00090000006 -0.0061629339 0.041780825)
(-0.00080000006 -0.0061629339 0.041780825)
(-0.0011000001 -0.006080044 0.033448948)
(-0.001 -0.006080044 0.033448949)
(-0.0011000001 -0.0059897473 0.03344807)
(-0.001 -0.0059897473 0.033448071)
(-0.0011 -0.0060771736 0.041780844)
(-0.001 -0.0060771736 0.041780844)
(-0.0011 -0.0059873065 0.04177748)
(-0.001 -0.0059873065 0.041777481)
(-0.00090000004 -0.006080044 0.03344895)
(-0.00080000004 -0.006080044 0.03344895)
(-0.00090000002 -0.0059897473 0.033448071)
(-0.00080000003 -0.0059897473 0.033448071)
(-0.00090000003 -0.0060771736 0.041780844)
(-0.00080000005 -0.0060771736 0.041780845)
(-0.00090000002 -0.0059873065 0.04177748)
(-0.00080000006 -0.0059873065 0.04177748)
(-0.00079999995 -0.0047000004 0.033474125)
(-0.00079999994 -0.0046000001 0.033474118)
(-0.00079999983 -0.0047000005 0.041807458)
(-0.00079999981 -0.0046000001 0.041807451)
(-0.00079999994 -0.0045 0.033474117)
(-0.00079999983 -0.0044999999 0.041807451)
(0.00029999998 -0.0049000045 0.033474185)
(0.00039999995 -0.0049000045 0.033474183)
(0.00029999999 -0.0048000016 0.033474145)
(0.00039999997 -0.0048000016 0.033474144)
(0.00029999998 -0.0049000067 0.041807528)
(0.00039999993 -0.0049000067 0.041807524)
(0.0003 -0.0048000022 0.041807483)
(0.00039999995 -0.0048000022 0.041807479)
(0.00049999984 -0.0051000252 0.033474366)
(0.00059999979 -0.0051000252 0.033474368)
(0.00049999987 -0.0050000113 0.033474256)
(0.00059999981 -0.0050000113 0.033474258)
(0.00049999965 -0.0051000386 0.041807748)
(0.00059999954 -0.0051000386 0.041807751)
(0.00049999968 -0.0050000172 0.04180761)
(0.00059999958 -0.0050000172 0.041807613)
(0.00069999978 -0.0051000252 0.033474369)
(0.00079999982 -0.0051000252 0.03347437)
(0.0006999998 -0.0050000113 0.033474259)
(0.00079999983 -0.0050000113 0.033474259)
(0.00069999958 -0.0051000386 0.041807752)
(0.00079999962 -0.0051000386 0.041807751)
(0.00069999961 -0.0050000172 0.041807613)
(0.00079999963 -0.0050000172 0.041807613)
(0.00049999989 -0.0049000045 0.033474183)
(0.00059999984 -0.0049000045 0.033474185)
(0.00049999991 -0.0048000016 0.033474143)
(0.00059999986 -0.0048000016 0.033474145)
(0.00049999972 -0.0049000067 0.041807524)
(0.00059999961 -0.0049000067 0.041807527)
(0.00049999975 -0.0048000022 0.041807479)
(0.00059999964 -0.0048000022 0.041807482)
(0.00069999982 -0.0049000045 0.033474185)
(0.00079999985 -0.0049000046 0.033474186)
(0.00069999984 -0.0048000016 0.033474146)
(0.00079999986 -0.0048000016 0.033474146)
(0.00069999964 -0.0049000067 0.041807527)
(0.00079999965 -0.0049000067 0.041807526)
(0.00069999966 -0.0048000022 0.041807482)
(0.00079999967 -0.0048000022 0.041807482)
(0.0020999999 -0.0051000252 0.033474369)
(0.0021999999 -0.0051000252 0.033474368)
(0.0020999999 -0.0050000114 0.033474259)
(0.0022 -0.0050000114 0.033474258)
(0.0020999999 -0.0051000387 0.041807753)
(0.0022 -0.0051000387 0.041807749)
(0.0020999999 -0.0050000173 0.041807615)
(0.0022 -0.0050000173 0.041807612)
(0.0023 -0.0051000253 0.033474368)
(0.0024 -0.0051000253 0.033474369)
(0.0023 -0.0050000114 0.033474258)
(0.0024 -0.0050000114 0.033474259)
(0.0022999999 -0.0051000387 0.041807749)
(0.0023999999 -0.0051000387 0.041807753)
(0.0022999999 -0.0050000174 0.041807612)
(0.0024 -0.0050000174 0.041807615)
(0.0020999999 -0.0049000046 0.033474187)
(0.0022 -0.0049000046 0.033474186)
(0.0020999999 -0.0048000016 0.033474148)
(0.0022 -0.0048000017 0.033474147)
(0.0020999999 -0.0049000068 0.04180753)
(0.0022 -0.0049000068 0.041807526)
(0.0020999999 -0.0048000023 0.041807486)
(0.0022 -0.0048000023 0.041807483)
(0.0023 -0.0049000046 0.033474185)
(0.0024 -0.0049000047 0.033474186)
(0.0023 -0.0048000017 0.033474146)
(0.0024000001 -0.0048000017 0.033474147)
(0.0022999999 -0.0049000069 0.041807526)
(0.0024 -0.0049000069 0.041807529)
(0.0023 -0.0048000023 0.041807481)
(0.0024 -0.0048000024 0.041807484)
(0.0025000001 -0.0038999998 0.033474119)
(0.0026000001 -0.0038999998 0.033474118)
(0.0025000001 -0.0037999998 0.033474117)
(0.0026 -0.0037999998 0.033474116)
(0.0025000001 -0.0038999996 0.041807455)
(0.0026000001 -0.0038999996 0.041807452)
(0.0025000001 -0.0037999997 0.041807452)
(0.0026000001 -0.0037999996 0.041807449)
(0.0027 -0.0038999998 0.033474118)
(0.0028 -0.0038999999 0.033474119)
(0.0027 -0.0037999998 0.033474117)
(0.0028 -0.0037999999 0.033474118)
(0.0037000001 -0.0051000253 0.033474367)
(0.0038000001 -0.0051000253 0.033474366)
(0.0037000001 -0.0050000115 0.033474257)
(0.0038000001 -0.0050000115 0.033474256)
(0.0037000002 -0.0051000388 0.041807752)
(0.0038000002 -0.0051000387 0.041807748)
(0.0037000002 -0.0050000174 0.041807614)
(0.0038000002 -0.0050000174 0.04180761)
(0.0039000001 -0.0051000253 0.033474367)
(0.0040000001 -0.0051000253 0.033474368)
(0.0039000001 -0.0050000115 0.033474256)
(0.004 -0.0050000114 0.033474258)
(0.0039000001 -0.0051000387 0.041807748)
(0.004 -0.0051000387 0.041807751)
(0.0039 -0.0050000174 0.04180761)
(0.0039999999 -0.0050000174 0.041807613)
(0.0037000001 -0.0049000047 0.033474185)
(0.0038000001 -0.0049000047 0.033474184)
(0.0037 -0.0048000017 0.033474146)
(0.0038 -0.0048000018 0.033474145)
(0.0037000001 -0.004900007 0.041807528)
(0.0038000001 -0.004900007 0.041807524)
(0.0037 -0.0048000025 0.041807484)
(0.0038 -0.0048000025 0.041807481)
(0.0039 -0.0049000047 0.033474184)
(0.004 -0.0049000047 0.033474185)
(0.0039 -0.0048000018 0.033474145)
(0.004 -0.0048000017 0.033474146)
(0.0039 -0.004900007 0.041807524)
(0.0039999999 -0.0049000069 0.041807527)
(0.0038999999 -0.0048000025 0.041807479)
(0.0039999999 -0.0048000025 0.041807482)
(-9.9999991e-05 -0.0055001464 0.016527482)
(1.2867165e-11 -0.0055001464 0.016527484)
(-9.9999952e-05 -0.0054001321 0.016525986)
(5.728282e-11 -0.0054001321 0.016525987)
(-0.00010000002 -0.0055001481 0.025000001)
(-9.8782827e-12 -0.0055001481 0.025000001)
(-0.00010000001 -0.0054001169 0.025)
(3.09031e-12 -0.0054001169 0.025)
(-0.00030000004 -0.0053000883 0.016525527)
(-0.00019999997 -0.0053000883 0.016525526)
(-0.00030000003 -0.0052000502 0.016525516)
(-0.00019999994 -0.0052000502 0.016525515)
(-0.00030000006 -0.0053000733 0.025)
(-0.00020000003 -0.0053000733 0.025)
(-0.00030000005 -0.00520004 0.025)
(-0.00020000001 -0.00520004 0.024999999)
(-9.9999898e-05 -0.0053000883 0.016525527)
(1.1709029e-10 -0.0053000883 0.016525529)
(-9.9999857e-05 -0.0052000502 0.016525516)
(1.6611493e-10 -0.0052000502 0.016525518)
(-9.999999e-05 -0.0053000734 0.025)
(2.185128e-11 -0.0053000734 0.025)
(-9.9999972e-05 -0.00520004 0.025)
(4.0507823e-11 -0.00520004 0.025)
(-0.00070000007 -0.0051000388 0.0081922485)
(-0.00059999994 -0.0051000387 0.0081922487)
(-0.00070000009 -0.0050000174 0.0081923858)
(-0.00059999996 -0.0050000174 0.008192386)
(-0.00049999996 -0.0051000387 0.0081922522)
(-0.0004000001 -0.0051000387 0.0081922519)
(-0.00049999998 -0.0050000174 0.0081923897)
(-0.00040000013 -0.0050000173 0.0081923896)
(-0.00070000011 -0.0049000069 0.0081924707)
(-0.00059999999 -0.0049000068 0.0081924711)
(-0.00070000013 -0.0048000022 0.0081925147)
(-0.00060000001 -0.0048000022 0.0081925151)
(-0.00050000001 -0.0049000068 0.0081924749)
(-0.00040000018 -0.0049000068 0.008192475)
(-0.00050000005 -0.0048000022 0.0081925191)
(-0.00040000023 -0.0048000022 0.0081925195)
(-0.00070000002 -0.0051000253 0.016525633)
(-0.00060000001 -0.0051000253 0.016525633)
(-0.00070000003 -0.0050000114 0.016525742)
(-0.00060000002 -0.0050000114 0.016525742)
(-0.00070000003 -0.0051000196 0.025)
(-0.00060000004 -0.0051000196 0.025000001)
(-0.00070000003 -0.0050000087 0.025)
(-0.00060000004 -0.0050000087 0.025)
(-0.00050000002 -0.0051000252 0.016525634)
(-0.00040000005 -0.0051000252 0.016525633)
(-0.00050000003 -0.0050000114 0.016525743)
(-0.00040000006 -0.0050000114 0.016525743)
(-0.00050000005 -0.0051000196 0.025000001)
(-0.00040000005 -0.0051000196 0.025)
(-0.00050000005 -0.0050000087 0.025000001)
(-0.00040000006 -0.0050000087 0.025)
(-0.00070000005 -0.0049000046 0.016525813)
(-0.00060000003 -0.0049000046 0.016525814)
(-0.00070000005 -0.0048000016 0.016525852)
(-0.00060000005 -0.0048000016 0.016525853)
(-0.00070000004 -0.0049000035 0.024999999)
(-0.00060000005 -0.0049000035 0.024999999)
(-0.00070000003 -0.0048000012 0.024999998)
(-0.00060000005 -0.0048000013 0.024999999)
(-0.00050000005 -0.0049000046 0.016525815)
(-0.00040000009 -0.0049000046 0.016525815)
(-0.00050000007 -0.0048000016 0.016525854)
(-0.00040000011 -0.0048000016 0.016525855)
(-0.00050000006 -0.0049000035 0.025)
(-0.00040000007 -0.0049000035 0.025)
(-0.00050000007 -0.0048000013 0.025)
(-0.00040000008 -0.0048000013 0.025)
(-0.00030000009 -0.0051000387 0.0081922482)
(-0.00019999985 -0.0051000386 0.0081922458)
(-0.00030000015 -0.0050000173 0.0081923862)
(-0.00019999994 -0.0050000173 0.0081923833)
(0.0014999998 -0.0058937434 0.0082203796)
(0.0016 -0.0058937434 0.0082203788)
(0.0014999998 -0.005797383 0.0082130649)
(0.0016 -0.005797383 0.008213064)
(0.0012999998 -0.0056991905 0.0082045741)
(0.0013999996 -0.0056991905 0.0082045719)
(0.0012999997 -0.005599946 0.0081979872)
(0.0013999996 -0.005599946 0.0081979839)
(0.0014999997 -0.0056991905 0.0082045679)
(0.0016 -0.0056991905 0.008204567)
(0.0014999997 -0.005599946 0.0081979803)
(0.0015999999 -0.005599946 0.0081979796)
(0.0012999999 -0.0058954112 0.016549586)
(0.0013999999 -0.0058954112 0.016549585)
(0.0012999999 -0.0057982979 0.016543425)
(0.0013999999 -0.0057982979 0.016543424)
(0.0012999999 -0.0058961015 0.025000002)
(0.0013999999 -0.0058961015 0.025000001)
(0.0012999999 -0.0057986962 0.025000001)
(0.0013999999 -0.0057986962 0.025000001)
(0.0014999999 -0.0058954112 0.016549583)
(0.0016 -0.0058954112 0.016549582)
(0.0014999999 -0.0057982979 0.016543421)
(0.0016 -0.0057982979 0.01654342)
(0.0014999999 -0.0058961015 0.024999999)
(0.0016 -0.0058961015 0.024999999)
(0.0014999999 -0.0057986962 0.024999999)
(0.0016 -0.0057986962 0.024999998)
(0.0012999999 -0.0056995707 0.016536341)
(0.0013999998 -0.0056995707 0.016536339)
(0.0012999998 -0.0056000343 0.016530784)
(0.0013999998 -0.0056000343 0.016530782)
(0.0012999999 -0.0056997532 0.025000002)
(0.0013999999 -0.0056997532 0.025000001)
(0.0012999999 -0.0056000919 0.025000002)
(0.0013999999 -0.0056000919 0.025000001)
(0.0014999998 -0.0056995707 0.016536337)
(0.0015999999 -0.0056995707 0.016536336)
(0.0014999998 -0.0056000343 0.016530779)
(0.0015999999 -0.0056000343 0.016530778)
(0.0014999999 -0.0056997532 0.024999999)
(0.0015999999 -0.0056997532 0.024999998)
(0.0014999999 -0.0056000919 0.024999999)
(0.0015999999 -0.0056000919 0.024999998)
(9.9999931e-05 -0.0055001755 0.0081941627)
(0.00019999988 -0.0055001755 0.0081941601)
(0.00010000004 -0.0054001858 0.0081925002)
(0.00019999994 -0.0054001858 0.0081924984)
(0.0003 -0.0055001755 0.0081941577)
(0.00040000018 -0.0055001755 0.0081941588)
(0.00030000002 -0.0054001858 0.0081924952)
(0.00040000021 -0.0054001857 0.0081924956)
(0.0031000001 -0.0056991905 0.0082045695)
(0.0032000002 -0.0056991905 0.0082045704)
(0.0031000001 -0.005599946 0.0081979824)
(0.0032000002 -0.005599946 0.0081979838)
(0.0029 -0.0058954112 0.016549584)
(0.003 -0.0058954112 0.016549583)
(0.0029 -0.0057982979 0.016543423)
(0.003 -0.0057982979 0.016543422)
(0.0029 -0.0058961015 0.024999999)
(0.003 -0.0058961015 0.024999999)
(0.0029 -0.0057986962 0.025)
(0.003 -0.0057986962 0.025)
(0.0031 -0.0058954112 0.016549583)
(0.0032 -0.0058954112 0.016549584)
(0.0031 -0.0057982979 0.016543422)
(0.0032 -0.0057982979 0.016543423)
(0.0031 -0.0058961015 0.024999999)
(0.0032 -0.0058961015 0.025)
(0.0031 -0.0057986962 0.025)
(0.0032 -0.0057986962 0.025)
(0.0028999999 -0.0056995707 0.016536339)
(0.003 -0.0056995707 0.016536338)
(0.0028999999 -0.0056000343 0.016530781)
(0.003 -0.0056000343 0.016530781)
(0.0028999999 -0.0056997532 0.025)
(0.0029999999 -0.0056997532 0.025)
(0.0028999999 -0.0056000919 0.025)
(0.0029999999 -0.0056000919 0.025)
(0.0031 -0.0056995707 0.016536338)
(0.0032 -0.0056995707 0.016536339)
(0.0031 -0.0056000343 0.016530781)
(0.0032 -0.0056000343 0.016530782)
(0.0030999999 -0.0056997532 0.025)
(0.0032 -0.0056997532 0.025)
(0.0030999999 -0.0056000919 0.025)
(0.0032 -0.0056000919 0.025)
(0.0017000001 -0.0055001754 0.0081941581)
(0.0018000003 -0.0055001755 0.0081941604)
(0.0017000001 -0.0054001857 0.0081924948)
(0.0018000003 -0.0054001857 0.0081924975)
(0.0019000002 -0.0055001755 0.0081941636)
(0.002 -0.0055001755 0.0081941638)
(0.0019000002 -0.0054001857 0.0081925012)
(0.002 -0.0054001858 0.0081925018)
(0.0017 -0.0053001314 0.0081920411)
(0.0018000002 -0.0053001314 0.0081920445)
(0.0017 -0.0052000764 0.008192084)
(0.0018000002 -0.0052000765 0.0081920879)
(0.0019000002 -0.0053001314 0.0081920486)
(0.0019999999 -0.0053001314 0.0081920496)
(0.0019000002 -0.0052000765 0.0081920922)
(0.0019999999 -0.0052000765 0.0081920933)
(0.0015 -0.0043 0.025)
(0.0016 -0.0043 0.024999999)
(0.0015 -0.0042 0.025000001)
(0.0016 -0.0042 0.025)
(0.0031 -0.0041 0.024999999)
(0.0032 -0.0041 0.025)
(0.0031 -0.004 0.024999999)
(0.0032 -0.004 0.025)
(0.0033000001 -0.0055001755 0.0081941626)
(0.0033999999 -0.0055001755 0.0081941634)
(0.0032999999 -0.0054001858 0.0081925003)
(0.0033999998 -0.0054001858 0.0081924999)
(0.0034999998 -0.0055001755 0.0081941618)
(0.0035999999 -0.0055001755 0.0081941579)
(0.0034999998 -0.0054001858 0.0081924976)
(0.0036 -0.0054001858 0.0081924944)
(0.0032999998 -0.0053001315 0.0081920481)
(0.0033999997 -0.0053001314 0.0081920458)
(0.0032999997 -0.0052000765 0.0081920918)
(0.0033999996 -0.0052000765 0.0081920883)
(0.0034999997 -0.0053001314 0.0081920425)
(0.0036 -0.0053001315 0.0081920408)
(0.0034999997 -0.0052000765 0.0081920845)
(0.0036000001 -0.0052000765 0.0081920837)
(0.0033 -0.0055001464 0.016527484)
(0.0034 -0.0055001464 0.016527484)
(0.0032999999 -0.0054001321 0.016525988)
(0.0033999999 -0.0054001321 0.016525987)
(0.0033 -0.0055001481 0.025)
(0.0034 -0.0055001481 0.025000001)
(0.0033 -0.0054001169 0.025)
(0.0034 -0.0054001169 0.025)
(0.0035 -0.0055001464 0.016527483)
(0.0036 -0.0055001464 0.016527481)
(0.0034999999 -0.0054001321 0.016525986)
(0.0036 -0.0054001321 0.016525985)
(0.0035 -0.0055001481 0.025000001)
(0.0036 -0.0055001481 0.025)
(0.0035 -0.0054001169 0.025)
(0.0036 -0.0054001169 0.025)
(0.0033000001 -0.0038999999 0.0081925477)
(0.0034 -0.0039 0.0081925477)
(0.0033 -0.0037999999 0.008192551)
(0.0034 -0.0037999999 0.0081925511)
(0.0035 -0.0039 0.0081925439)
(0.0036000002 -0.0039 0.0081925437)
(0.0035 -0.0037999999 0.0081925474)
(0.0036000002 -0.0037999999 0.0081925474)
(0.0033 -0.0037000001 0.0081925511)
(0.0033999999 -0.0037000001 0.008192551)
(0.0033 -0.0036000001 0.0081925474)
(0.0033999999 -0.0036 0.0081925471)
(0.0035 -0.0037 0.0081925472)
(0.0036000002 -0.0037 0.0081925471)
(0.0035 -0.0036 0.0081925433)
(0.0036000002 -0.0036 0.0081925431)
(0.0033 -0.0039 0.016525883)
(0.0034 -0.0039 0.016525883)
(0.0033 -0.0038 0.016525884)
(0.0034 -0.0038 0.016525884)
(0.0033 -0.0039 0.025)
(0.0034 -0.0039000001 0.025000001)
(0.0033 -0.0038 0.025)
(0.0034 -0.0038 0.025000001)
(0.0035 -0.0039 0.016525881)
(0.0036000001 -0.0039 0.016525881)
(0.0035 -0.0038 0.016525882)
(0.0036000001 -0.0038 0.016525882)
(0.0035000001 -0.0039000001 0.025)
(0.0036000001 -0.0039000001 0.025)
(0.0035000001 -0.0038 0.025)
(0.0036000001 -0.0038 0.025)
(0.0033 -0.0037 0.016525884)
(0.0034 -0.0037 0.016525884)
(0.0033 -0.0036 0.016525882)
(0.0034 -0.0036 0.016525882)
(0.0033 -0.0037000001 0.025000001)
(0.0034 -0.0037 0.025000001)
(0.0033 -0.0036000001 0.025)
(0.0034 -0.0036 0.025000001)
(0.0035 -0.0037 0.016525882)
(0.0036000001 -0.0037 0.016525882)
(0.0035 -0.0036 0.016525881)
(0.0036000001 -0.0036 0.01652588)
(0.0035000001 -0.0037 0.025)
(0.0036000001 -0.0037 0.024999999)
(0.0035000001 -0.0036 0.025)
(0.0036000001 -0.0036 0.024999999)
(0.0037000002 -0.0039 0.0081925474)
(0.0038000001 -0.0039 0.0081925488)
(0.0037000002 -0.0037999999 0.0081925512)
(0.0038 -0.0037999999 0.0081925518)
(0.0039 -0.0038999999 0.0081925466)
(0.0038999999 -0.0037999999 0.0081925488)
(-0.0012000001 -0.0058954112 0.033450416)
(-0.0012000001 -0.0057982979 0.033456577)
(-0.0012000001 -0.0058937435 0.041779618)
(-0.0012000001 -0.0057973831 0.041786933)
(-0.0012000001 -0.0056995707 0.033463662)
(-0.0012000001 -0.0056000343 0.033469219)
(-0.0012000002 -0.0056991905 0.04179543)
(-0.0012000003 -0.005599946 0.041802017)
(-0.0011000001 -0.0058954112 0.033450416)
(-0.001 -0.0058954112 0.033450416)
(-0.0011000001 -0.0057982979 0.033456577)
(-0.001 -0.0057982979 0.033456577)
(-0.0011000001 -0.0058937435 0.041779619)
(-0.001 -0.0058937435 0.041779619)
(-0.0011000001 -0.0057973831 0.041786933)
(-0.001 -0.0057973831 0.041786933)
(-0.00090000002 -0.0058954112 0.033450416)
(-0.00080000002 -0.0058954112 0.033450416)
(-0.0009 -0.0057982979 0.033456577)
(-0.0008 -0.0057982979 0.033456577)
(0.00089999989 -0.0055001464 0.033472519)
(0.00099999992 -0.0055001464 0.033472518)
(0.00089999988 -0.005400132 0.033474016)
(0.00099999992 -0.005400132 0.033474014)
(0.00089999981 -0.0055001755 0.041805842)
(0.00099999987 -0.0055001755 0.04180584)
(0.00089999976 -0.0054001857 0.041807505)
(0.00099999987 -0.0054001857 0.041807503)
(0.0010999999 -0.0055001464 0.033472518)
(0.0011999999 -0.0055001464 0.033472519)
(0.0010999999 -0.005400132 0.033474014)
(0.0011999999 -0.005400132 0.033474015)
(0.0010999998 -0.0055001755 0.041805839)
(0.0011999998 -0.0055001755 0.04180584)
(0.0010999998 -0.0054001857 0.041807502)
(0.0011999997 -0.0054001857 0.041807503)
(0.00089999988 -0.0053000883 0.033474475)
(0.00099999993 -0.0053000883 0.033474473)
(0.00089999989 -0.0052000501 0.033474485)
(0.00099999994 -0.0052000501 0.033474484)
(0.00089999977 -0.0053001314 0.041807959)
(0.00099999993 -0.0053001314 0.041807957)
(0.00089999977 -0.0052000764 0.041807916)
(0.00099999998 -0.0052000764 0.041807915)
(0.0010999999 -0.0053000883 0.033474473)
(0.0011999999 -0.0053000883 0.033474474)
(0.0010999999 -0.0052000501 0.033474483)
(0.0011999999 -0.0052000502 0.033474484)
(0.0010999999 -0.0053001314 0.041807954)
(0.0011999998 -0.0053001314 0.041807955)
(0.0011 -0.0052000764 0.041807911)
(0.0011999998 -0.0052000764 0.041807911)
(0.0024999999 -0.0055001464 0.033472519)
(0.0025999999 -0.0055001464 0.033472518)
(0.0025 -0.0054001321 0.033474015)
(0.0026 -0.0054001321 0.033474014)
(0.0024999999 -0.0055001755 0.041805841)
(0.0025999999 -0.0055001755 0.041805839)
(0.0025 -0.0054001858 0.041807504)
(0.0026 -0.0054001858 0.041807502)
(0.0026999999 -0.0055001464 0.033472517)
(0.0027999999 -0.0055001464 0.033472518)
(0.0026999999 -0.0054001321 0.033474013)
(0.0027999999 -0.0054001321 0.033474014)
(0.0026999998 -0.0055001755 0.041805838)
(0.0027999997 -0.0055001755 0.041805839)
(0.0026999999 -0.0054001858 0.0418075)
(0.0027999998 -0.0054001858 0.041807502)
(0.0025 -0.0053000884 0.033474474)
(0.0026 -0.0053000884 0.033474472)
(0.0025 -0.0052000502 0.033474484)
(0.0026 -0.0052000502 0.033474483)
(0.0025000001 -0.0053001315 0.041807958)
(0.0026000001 -0.0053001315 0.041807954)
(0.0025000001 -0.0052000765 0.041807914)
(0.0026000001 -0.0052000765 0.041807911)
(0.0027 -0.0053000884 0.033474472)
(0.0027999999 -0.0053000884 0.033474472)
(0.0027 -0.0052000502 0.033474482)
(0.0027999999 -0.0052000503 0.033474483)
(0.0026999999 -0.0053001315 0.041807953)
(0.0027999998 -0.0053001315 0.041807954)
(0.0027 -0.0052000765 0.04180791)
(0.0027999998 -0.0052000765 0.041807912)
(0.0028999999 -0.0055001464 0.033472519)
(0.0029999999 -0.0055001464 0.033472519)
(0.0028999999 -0.0054001321 0.033474015)
(0.0029999999 -0.0054001321 0.033474015)
(0.0028999998 -0.0055001755 0.041805841)
(0.0029999999 -0.0055001755 0.041805842)
(0.0028999998 -0.0054001858 0.041807504)
(0.0029999999 -0.0054001858 0.041807505)
(0.0030999999 -0.0055001464 0.033472518)
(0.0031999999 -0.0055001464 0.033472517)
(0.0031 -0.0054001321 0.033474014)
(0.0032 -0.0054001321 0.033474013)
(0.0030999999 -0.0055001755 0.04180584)
(0.0031999999 -0.0055001755 0.041805839)
(0.0031 -0.0054001858 0.041807503)
(0.0032 -0.0054001858 0.041807501)
(0.0027 -0.0038999996 0.041807452)
(0.0027999999 -0.0038999997 0.041807454)
(0.0027 -0.0037999997 0.041807449)
(0.0027999999 -0.0037999998 0.041807452)
(0.0025 -0.0036999999 0.033474116)
(0.0026 -0.0036999999 0.033474116)
(0.0026 -0.0035999999 0.033474117)
(0.0025000001 -0.0036999999 0.041807451)
(0.0026 -0.0036999998 0.041807449)
(0.0025999999 -0.0035999999 0.041807452)
(0.0027 -0.0036999999 0.033474118)
(0.0028 -0.0036999999 0.033474119)
(0.0027 -0.0035999999 0.033474118)
(0.0028 -0.0036 0.03347412)
(0.0026999999 -0.0036999998 0.041807451)
(0.0028 -0.0036999999 0.041807455)
(0.0026999999 -0.0035999998 0.041807453)
(0.0027999999 -0.0035999999 0.041807456)
(0.0029 -0.0038999999 0.033474118)
(0.003 -0.0039 0.033474117)
(0.0029 -0.0037999999 0.033474118)
(0.003 -0.0038 0.033474116)
(0.0029 -0.0038999998 0.041807453)
(0.003 -0.0038999999 0.04180745)
(0.0029 -0.0037999999 0.041807452)
(0.003 -0.0038 0.041807449)
(0.0031 -0.0039 0.033474116)
(0.0032 -0.0039 0.033474118)
(0.0031 -0.0038 0.033474116)
(0.0032 -0.0038000001 0.033474117)
(0.0030999999 -0.0039 0.041807449)
(0.0032 -0.0039 0.041807454)
(0.0030999999 -0.0038000001 0.041807449)
(0.0031999999 -0.0038000001 0.041807453)
(0.0029 -0.0037 0.033474119)
(0.003 -0.0037 0.033474117)
(0.0029 -0.0036 0.033474119)
(0.003 -0.0036000001 0.033474117)
(0.0029000001 -0.0037 0.041807455)
(0.0030000001 -0.0037000001 0.041807452)
(0.0029000001 -0.0035999999 0.041807455)
(0.0030000001 -0.0036 0.041807451)
(0.0031 -0.0037000001 0.033474116)
(0.0032 -0.0037000001 0.033474118)
(0.0030999999 -0.0036000001 0.033474116)
(0.0031999999 -0.0036000001 0.033474118)
(0.0030999999 -0.0037000002 0.041807452)
(0.0031999999 -0.0037000002 0.041807455)
(0.0030999999 -0.0036000001 0.041807451)
(0.0031999998 -0.0036000001 0.041807455)
(0.0041 -0.0055001464 0.033472518)
(0.0042 -0.0055001464 0.033472519)
(0.0041 -0.0054001321 0.033474015)
(0.0042 -0.0054001321 0.033474015)
(0.0040999999 -0.0055001755 0.041805841)
(0.0042 -0.0055001755 0.041805841)
(0.0041 -0.0054001858 0.041807504)
(0.0042000001 -0.0054001858 0.041807504)
(0.0043 -0.0055001465 0.033472518)
(0.0044 -0.0055001465 0.033472518)
(0.0043 -0.0054001321 0.033474014)
(0.0044 -0.0054001321 0.033474013)
(0.0043000001 -0.0055001755 0.04180584)
(0.0044000001 -0.0055001755 0.04180584)
(0.0043000002 -0.0054001858 0.041807503)
(0.0044000001 -0.0054001858 0.041807501)
(0.0041000001 -0.0053000884 0.033474474)
(0.0042000001 -0.0053000884 0.033474473)
(0.0041000001 -0.0052000502 0.033474485)
(0.0042000001 -0.0052000502 0.033474484)
(0.0041000001 -0.0053001314 0.041807958)
(0.0042000002 -0.0053001314 0.041807957)
(0.0041000002 -0.0052000764 0.041807915)
(0.0042000003 -0.0052000764 0.041807913)
(0.0043000001 -0.0053000884 0.033474472)
(0.0044 -0.0053000884 0.033474471)
(0.0043000001 -0.0052000502 0.033474482)
(0.0044 -0.0052000502 0.033474481)
(0.0043000002 -0.0053001315 0.041807955)
(0.0044000001 -0.0053001315 0.041807952)
(0.0043000003 -0.0052000765 0.041807911)
(0.0044000001 -0.0052000765 0.041807908)
(-9.9999584e-05 -0.0051000386 0.008192247)
(5.0492691e-10 -0.0051000386 0.0081922504)
(-9.999964e-05 -0.0050000172 0.0081923839)
(4.9044312e-10 -0.0050000172 0.0081923876)
(-0.00030000022 -0.0049000068 0.0081924718)
(-0.00020000003 -0.0049000067 0.008192469)
(-0.0003000003 -0.0048000022 0.0081925165)
(-0.00020000015 -0.0048000021 0.0081925143)
(-9.9999737e-05 -0.0049000067 0.0081924692)
(4.3617497e-10 -0.0049000066 0.0081924726)
(-9.9999862e-05 -0.0048000021 0.0081925139)
(3.6000058e-10 -0.0048000021 0.0081925168)
(-0.00030000003 -0.0051000252 0.016525631)
(-0.00019999994 -0.0051000252 0.01652563)
(-0.00030000005 -0.0050000114 0.016525741)
(-0.00019999997 -0.0050000114 0.01652574)
(-0.00030000004 -0.0051000196 0.024999999)
(-0.0002 -0.0051000196 0.024999999)
(-0.00030000004 -0.0050000087 0.024999999)
(-0.0002 -0.0050000087 0.024999999)
(-9.9999847e-05 -0.0051000252 0.016525631)
(1.8746607e-10 -0.0051000252 0.016525633)
(-9.9999864e-05 -0.0050000113 0.01652574)
(1.8409803e-10 -0.0050000113 0.016525742)
(-9.9999961e-05 -0.0051000196 0.024999999)
(5.3000078e-11 -0.0051000196 0.025)
(-9.9999961e-05 -0.0050000087 0.024999999)
(5.628949e-11 -0.0050000086 0.025)
(-0.00030000008 -0.0049000046 0.016525813)
(-0.00020000001 -0.0049000046 0.016525812)
(-0.00030000012 -0.0048000016 0.016525853)
(-0.00020000006 -0.0048000016 0.016525851)
(-0.00030000005 -0.0049000035 0.024999999)
(-0.00020000002 -0.0049000035 0.024999999)
(-0.00030000007 -0.0048000012 0.024999999)
(-0.00020000004 -0.0048000012 0.024999999)
(-9.9999901e-05 -0.0049000045 0.016525812)
(1.6295094e-10 -0.0049000045 0.016525814)
(-9.9999944e-05 -0.0048000016 0.016525852)
(1.3434829e-10 -0.0048000015 0.016525854)
(-9.9999973e-05 -0.0049000034 0.024999999)
(5.0401849e-11 -0.0049000034 0.024999999)
(-9.9999992e-05 -0.0048000012 0.024999999)
(3.9081536e-11 -0.0048000012 0.024999999)
(0.0001000002 -0.0053001314 0.0081920479)
(0.00020000004 -0.0053001314 0.0081920466)
(0.00010000032 -0.0052000764 0.0081920918)
(0.00020000011 -0.0052000764 0.0081920907)
(0.00030000007 -0.0053001314 0.0081920426)
(0.00040000025 -0.0053001314 0.0081920426)
(0.0003000001 -0.0052000764 0.0081920862)
(0.00040000029 -0.0052000764 0.0081920859)
(9.9999983e-05 -0.0055001464 0.016527483)
(0.00019999997 -0.0055001464 0.016527482)
(0.00010000002 -0.0054001321 0.016525988)
(0.0002 -0.0054001321 0.016525986)
(9.9999976e-05 -0.0055001481 0.025)
(0.00019999996 -0.0055001481 0.025)
(9.9999989e-05 -0.0054001169 0.025)
(0.00019999997 -0.0054001169 0.025)
(0.0003 -0.0055001464 0.016527481)
(0.00040000004 -0.0055001464 0.016527481)
(0.00030000002 -0.0054001321 0.016525985)
(0.00040000006 -0.0054001321 0.016525985)
(0.00029999996 -0.0055001481 0.024999999)
(0.00039999996 -0.0055001481 0.024999999)
(0.00029999997 -0.0054001169 0.024999999)
(0.00039999996 -0.0054001169 0.024999999)
(0.00010000008 -0.0053000883 0.01652553)
(0.00020000003 -0.0053000883 0.016525528)
(0.00010000012 -0.0052000502 0.016525519)
(0.00020000007 -0.0052000502 0.016525518)
(0.00010000001 -0.0053000734 0.025000001)
(0.00019999999 -0.0053000734 0.025)
(0.00010000002 -0.00520004 0.025000001)
(0.0002 -0.00520004 0.025)
(0.00030000004 -0.0053000883 0.016525527)
(0.00040000008 -0.0053000883 0.016525527)
(0.00030000006 -0.0052000502 0.016525516)
(0.0004000001 -0.0052000502 0.016525516)
(0.00029999998 -0.0053000734 0.024999999)
(0.00039999997 -0.0053000733 0.024999999)
(0.00029999999 -0.00520004 0.024999999)
(0.00039999999 -0.00520004 0.024999999)
(0.00050000015 -0.0055001755 0.008194163)
(0.00059999992 -0.0055001755 0.0081941646)
(0.00050000023 -0.0054001857 0.0081925)
(0.0006 -0.0054001858 0.0081925024)
(0.00069999972 -0.0055001755 0.0081941625)
(0.0007999997 -0.0055001755 0.00819416)
(0.00069999974 -0.0054001858 0.0081925011)
(0.00079999966 -0.0054001857 0.0081924982)
(0.0005000003 -0.0053001314 0.0081920465)
(0.0006000001 -0.0053001314 0.0081920497)
(0.00050000036 -0.0052000764 0.0081920894)
(0.00060000017 -0.0052000764 0.0081920931)
(0.00069999981 -0.0053001314 0.0081920492)
(0.00079999968 -0.0053001314 0.0081920457)
(0.00069999987 -0.0052000764 0.008192093)
(0.00079999974 -0.0052000764 0.008192089)
(0.00050000003 -0.0055001464 0.016527484)
(0.00059999995 -0.0055001464 0.016527485)
(0.00050000005 -0.005400132 0.016525988)
(0.00059999997 -0.005400132 0.01652599)
(0.00049999994 -0.0055001481 0.025)
(0.00059999991 -0.0055001481 0.025000002)
(0.00049999994 -0.0054001169 0.025)
(0.00059999991 -0.0054001169 0.025000002)
(0.00069999988 -0.0055001464 0.016527484)
(0.00079999987 -0.0055001464 0.016527482)
(0.00069999989 -0.0054001321 0.016525989)
(0.00079999986 -0.005400132 0.016525987)
(0.0006999999 -0.0055001481 0.025000002)
(0.00079999991 -0.0055001481 0.025000001)
(0.00069999989 -0.0054001169 0.025000002)
(0.0007999999 -0.0054001169 0.025000002)
(0.00050000008 -0.0053000883 0.016525529)
(0.0006 -0.0053000883 0.016525532)
(0.0005000001 -0.0052000502 0.016525519)
(0.00060000003 -0.0052000502 0.016525521)
(0.0017 -0.0055001464 0.01652748)
(0.0018000001 -0.0055001464 0.016527482)
(0.0017 -0.005400132 0.016525984)
(0.0018 -0.005400132 0.016525986)
(0.0016999999 -0.0055001481 0.024999998)
(0.0018 -0.0055001481 0.024999999)
(0.0016999999 -0.0054001169 0.024999998)
(0.0018 -0.0054001169 0.024999999)
(0.0019 -0.0055001464 0.016527484)
(0.002 -0.0055001464 0.016527484)
(0.0019 -0.005400132 0.016525988)
(0.002 -0.005400132 0.016525989)
(0.0019 -0.0055001481 0.025)
(0.0019999999 -0.0055001481 0.025000001)
(0.0019 -0.0054001169 0.025000001)
(0.0019999999 -0.0054001169 0.025000002)
(0.0016999999 -0.0053000883 0.016525525)
(0.0018 -0.0053000883 0.016525527)
(0.0016999999 -0.0052000502 0.016525514)
(0.0018 -0.0052000502 0.016525517)
(0.0016999999 -0.0053000733 0.024999998)
(0.0018 -0.0053000733 0.024999999)
(0.0016999999 -0.00520004 0.024999998)
(0.0018 -0.00520004 0.024999999)
(0.0019 -0.0053000883 0.01652553)
(0.002 -0.0053000883 0.016525531)
(0.0019 -0.0052000502 0.01652552)
(0.0019999999 -0.0052000502 0.016525521)
(0.0019 -0.0053000733 0.025000001)
(0.0019999999 -0.0053000733 0.025000002)
(0.0019 -0.00520004 0.025000001)
(0.0019999999 -0.00520004 0.025000002)
(0.0020999999 -0.0055001755 0.0081941601)
(0.0022 -0.0055001755 0.0081941587)
(0.0020999998 -0.0054001858 0.0081924985)
(0.0021999999 -0.0054001858 0.0081924965)
(0.0023000001 -0.0055001755 0.0081941602)
(0.0024000001 -0.0055001755 0.0081941604)
(0.0023 -0.0054001857 0.0081924964)
(0.0024000001 -0.0054001857 0.0081924961)
(0.0020999997 -0.0053001314 0.0081920468)
(0.0021999997 -0.0053001314 0.0081920445)
(0.0020999997 -0.0052000765 0.0081920909)
(0.0021999996 -0.0052000765 0.0081920884)
(0.0022999998 -0.0053001314 0.008192043)
(0.0024000001 -0.0053001314 0.0081920418)
(0.0022999997 -0.0052000764 0.008192086)
(0.0024 -0.0052000765 0.0081920846)
(0.0021 -0.0055001464 0.016527483)
(0.0022 -0.0055001464 0.016527482)
(0.0020999999 -0.005400132 0.016525988)
(0.0021999999 -0.005400132 0.016525986)
(0.0020999999 -0.0055001481 0.025000001)
(0.0021999999 -0.0055001481 0.025)
(0.0020999999 -0.0054001169 0.025000001)
(0.0021999999 -0.0054001169 0.025)
(0.0023 -0.0055001464 0.016527482)
(0.0024 -0.0055001464 0.016527482)
(0.0023 -0.005400132 0.016525985)
(0.0024 -0.005400132 0.016525985)
(0.0023 -0.0055001481 0.025)
(0.0024 -0.0055001481 0.025)
(0.0023 -0.0054001169 0.025)
(0.0024 -0.0054001169 0.025)
(0.0020999999 -0.0053000883 0.01652553)
(0.0021999999 -0.0053000883 0.016525528)
(0.0020999999 -0.0052000502 0.01652552)
(0.0021999999 -0.0052000502 0.016525518)
(0.0020999999 -0.0053000733 0.025000002)
(0.0021999999 -0.0053000733 0.025000001)
(0.0020999999 -0.00520004 0.025000002)
(0.0021999999 -0.00520004 0.025000001)
(0.0022999999 -0.0053000883 0.016525527)
(0.0024 -0.0053000883 0.016525526)
(0.0022999999 -0.0052000502 0.016525516)
(0.0024 -0.0052000502 0.016525516)
(0.0023 -0.0053000734 0.025)
(0.0024 -0.0053000734 0.025)
(0.0023 -0.00520004 0.025)
(0.0024 -0.00520004 0.025)
(0.0022000003 -0.0038999999 0.0081925506)
(0.0023000002 -0.0038999998 0.0081925512)
(0.0024000003 -0.0038999998 0.0081925473)
(0.0023000002 -0.0038 0.0081925512)
(0.0024000002 -0.0037999999 0.0081925481)
(0.0022000001 -0.0039 0.016525883)
(0.0022000001 -0.0038999999 0.025)
(0.0023000002 -0.0038999999 0.016525884)
(0.0024000002 -0.0038999999 0.016525883)
(0.0023000002 -0.0037999999 0.016525884)
(0.0024000002 -0.0037999999 0.016525883)
(0.0023000001 -0.0038999999 0.025)
(0.0024000001 -0.0038999999 0.025000001)
(0.0023000001 -0.0037999999 0.025)
(0.0024000001 -0.0037999999 0.025)
(0.0032999999 -0.0053000884 0.01652553)
(0.0033999999 -0.0053000884 0.016525528)
(0.0032999999 -0.0052000502 0.016525519)
(0.0033999999 -0.0052000502 0.016525517)
(0.0033 -0.0053000734 0.025)
(0.0034 -0.0053000734 0.025)
(0.0033 -0.0052000401 0.025)
(0.0034 -0.0052000401 0.024999999)
(0.0034999999 -0.0053000884 0.016525526)
(0.0036 -0.0053000884 0.016525525)
(0.0034999999 -0.0052000502 0.016525515)
(0.0036000001 -0.0052000502 0.016525514)
(0.0035 -0.0053000734 0.025)
(0.0036000001 -0.0053000734 0.025)
(0.0035 -0.0052000401 0.024999999)
(0.0036000001 -0.0052000401 0.024999999)
(0.0037000002 -0.0055001755 0.0081941576)
(0.0038000003 -0.0055001755 0.0081941607)
(0.0037000002 -0.0054001858 0.008192495)
(0.0038000004 -0.0054001858 0.0081924984)
(0.0039000002 -0.0055001755 0.0081941638)
(0.004 -0.0055001755 0.008194164)
(0.0039000002 -0.0054001858 0.0081925013)
(0.004 -0.0054001858 0.0081925009)
(0.0037000003 -0.0053001315 0.0081920427)
(0.0038000004 -0.0053001315 0.0081920465)
(0.0037000003 -0.0052000765 0.0081920866)
(0.0038000003 -0.0052000765 0.0081920906)
(0.0039000002 -0.0053001315 0.0081920486)
(0.004 -0.0053001315 0.0081920472)
(0.0039000001 -0.0052000765 0.0081920921)
(0.0039999999 -0.0052000765 0.00819209)
(0.0037000001 -0.0055001464 0.016527481)
(0.0038000001 -0.0055001465 0.016527483)
(0.0037000001 -0.0054001321 0.016525985)
(0.0038000002 -0.0054001321 0.016525987)
(0.0037000001 -0.0055001481 0.025)
(0.0038000001 -0.0055001481 0.025)
(0.0037000001 -0.0054001169 0.025)
(0.0038000001 -0.005400117 0.025)
(0.0039000001 -0.0055001465 0.016527484)
(0.004 -0.0055001465 0.016527484)
(0.0039000001 -0.0054001321 0.016525988)
(0.004 -0.0054001321 0.016525988)
(0.0039000001 -0.0055001481 0.025000001)
(0.004 -0.0055001481 0.025000001)
(0.0039000001 -0.005400117 0.025000001)
(0.004 -0.005400117 0.025000001)
(0.0037000001 -0.0053000884 0.016525526)
(0.0038000002 -0.0053000884 0.016525529)
(0.0037000002 -0.0052000502 0.016525516)
(0.0038000002 -0.0052000502 0.016525519)
(0.0037000001 -0.0053000734 0.025)
(0.0038000001 -0.0053000734 0.025)
(0.0037000001 -0.0052000401 0.024999999)
(0.0038000001 -0.0052000401 0.025)
(0.0039000001 -0.0053000884 0.01652553)
(0.004 -0.0053000884 0.01652553)
(0.0039000001 -0.0052000502 0.01652552)
(0.004 -0.0052000502 0.016525519)
(0.0039000001 -0.0053000734 0.025000001)
(0.004 -0.0053000734 0.025000001)
(0.0039000001 -0.0052000401 0.025000001)
(0.0040000001 -0.0052000401 0.025000001)
(0.0032999997 -0.0051000387 0.0081922532)
(0.0033999996 -0.0051000387 0.0081922493)
(0.0032999997 -0.0050000173 0.0081923911)
(0.0033999996 -0.0050000173 0.008192387)
(0.0034999997 -0.0051000387 0.0081922453)
(0.0036000001 -0.0051000387 0.0081922448)
(0.0034999998 -0.0050000173 0.0081923829)
(0.0036000001 -0.0050000173 0.0081923825)
(0.0037000002 -0.0037 0.0081925509)
(0.0038 -0.0037 0.0081925514)
(0.0037000002 -0.0035999999 0.0081925467)
(0.0037000001 -0.0039 0.016525883)
(0.0038000001 -0.0039 0.016525884)
(0.0037000001 -0.0038 0.016525884)
(0.0038 -0.0038 0.016525884)
(0.0037000001 -0.0039000001 0.025)
(0.0038 -0.0039 0.025000001)
(0.0037000001 -0.0038 0.025)
(0.0038 -0.0038 0.025)
(0.0039 -0.0039 0.016525883)
(0.0039 -0.0038 0.016525883)
(0.0039 -0.0039 0.025000001)
(0.0039 -0.0038 0.025)
(0.0037000001 -0.0037 0.016525883)
(0.0038 -0.0037 0.016525884)
(0.0037000001 -0.0035999999 0.016525882)
(0.0037000001 -0.0037 0.024999999)
(0.0038 -0.0037 0.025)
(0.0037000001 -0.0036 0.024999999)
(0.0033 -0.0034999999 0.0081925466)
(0.0034 -0.0034999998 0.0081925466)
(0.0033 -0.0033999998 0.008192549)
(0.0034 -0.0033999997 0.0081925497)
(0.0035 -0.0034999998 0.0081925428)
(0.0036000002 -0.0034999997 0.0081925425)
(0.0035 -0.0033999997 0.008192546)
(0.0033 -0.0032999997 0.0081925492)
(0.0034 -0.0032999997 0.0081925496)
(0.0033 -0.0035 0.016525882)
(0.0034 -0.0034999999 0.016525882)
(0.0033 -0.0033999999 0.016525882)
(0.0034 -0.0033999999 0.016525883)
(0.0033 -0.0035 0.025)
(0.0034 -0.0035 0.025000001)
(0.0033 -0.0034 0.025)
(0.0034 -0.0034 0.025000001)
(0.0035 -0.0034999999 0.016525881)
(0.0036000001 -0.0034999999 0.01652588)
(0.0035 -0.0033999999 0.016525882)
(0.0035000001 -0.0035 0.025)
(0.0036000001 -0.0035 0.024999999)
(0.0035000001 -0.0034 0.025000001)
(0.0033 -0.0032999999 0.016525883)
(0.0034 -0.0032999999 0.016525884)
(-0.00090000005 -0.0058937435 0.041779618)
(-0.00080000006 -0.0058937435 0.041779619)
(-0.00090000001 -0.0057973831 0.041786933)
(-0.00080000001 -0.0057973831 0.041786933)
(-0.0011000001 -0.0056995707 0.033463662)
(-0.001 -0.0056995707 0.033463662)
(-0.0011000001 -0.0056000343 0.03346922)
(-0.001 -0.0056000343 0.03346922)
(-0.0011000001 -0.0056991905 0.041795431)
(-0.001 -0.0056991905 0.04179543)
(-0.0011000002 -0.005599946 0.041802019)
(-0.001 -0.005599946 0.041802019)
(-0.00089999999 -0.0056995707 0.033463662)
(-0.00079999998 -0.0056995707 0.033463661)
(-0.00089999999 -0.0056000343 0.033469219)
(-0.00079999999 -0.0056000343 0.033469219)
(-0.00089999995 -0.0056991905 0.041795429)
(-0.00079999995 -0.0056991905 0.041795429)
(-0.00089999994 -0.005599946 0.041802017)
(-0.00079999996 -0.005599946 0.041802016)
(-0.00070000007 -0.0062465757 0.03341878)
(-0.00060000004 -0.0062465757 0.033418778)
(-0.00070000004 -0.0061655268 0.033444447)
(-0.00060000003 -0.0061655268 0.033444446)
(-0.00070000002 -0.0062450643 0.041759124)
(-0.00059999999 -0.0062450643 0.041759123)
(-0.00070000005 -0.0061629339 0.041780825)
(-0.00060000004 -0.0061629339 0.041780825)
(-0.00050000001 -0.0062465757 0.033418776)
(-0.00039999997 -0.0062465757 0.033418776)
(-0.00050000002 -0.0061655268 0.033444446)
(-0.00040000001 -0.0061655268 0.033444446)
(-0.00049999998 -0.0062450643 0.041759123)
(-0.00039999996 -0.0062450643 0.041759123)
(-0.00050000004 -0.0061629339 0.041780825)
(-0.00040000003 -0.0061629339 0.041780826)
(-0.00070000002 -0.0047000005 0.033474125)
(-0.00060000006 -0.0047000005 0.033474127)
(-0.0007 -0.0046000001 0.033474119)
(-0.00060000004 -0.0046000001 0.03347412)
(-0.00070000006 -0.0047000005 0.041807458)
(-0.00060000014 -0.0047000006 0.041807463)
(-0.00070000003 -0.0046 0.041807452)
(-0.0006000001 -0.0046000001 0.041807456)
(-0.00050000007 -0.0047000005 0.033474128)
(-0.00040000008 -0.0047000005 0.033474127)
(-0.00050000005 -0.0046000001 0.033474121)
(-0.00040000008 -0.0046000001 0.03347412)
(-0.00050000006 -0.0047000006 0.041807463)
(-0.00040000006 -0.0047000007 0.04180746)
(-0.00050000002 -0.0046000001 0.041807457)
(-0.00040000004 -0.0046000002 0.041807454)
(-0.00069999999 -0.0045 0.033474117)
(-0.00060000003 -0.0045 0.033474118)
(-0.00070000002 -0.0044999999 0.041807451)
(-0.00060000008 -0.0044999999 0.041807454)
(-0.00050000005 -0.0045 0.033474119)
(-0.00040000008 -0.0045 0.033474118)
(-0.00049999999 -0.0045 0.041807455)
(-0.00040000003 -0.0045 0.041807452)
(0.0012999999 -0.0055001464 0.03347252)
(0.0013999999 -0.0055001464 0.033472519)
(0.0012999999 -0.005400132 0.033474016)
(0.0013999999 -0.005400132 0.033474016)
(0.0012999998 -0.0055001755 0.041805842)
(0.0013999999 -0.0055001755 0.041805842)
(0.0012999998 -0.0054001857 0.041807505)
(0.0013999999 -0.0054001857 0.041807505)
(0.0014999999 -0.0055001464 0.033472517)
(0.0015999999 -0.0055001464 0.033472516)
(0.0014999999 -0.005400132 0.033474014)
(0.0015999999 -0.005400132 0.033474013)
(0.0014999999 -0.0055001755 0.041805838)
(0.0015999998 -0.0055001755 0.041805838)
(0.0015 -0.0054001857 0.041807501)
(0.0015999999 -0.0054001857 0.041807501)
(0.0012999999 -0.0053000883 0.033474475)
(0.0013999999 -0.0053000883 0.033474475)
(0.0012999999 -0.0052000502 0.033474486)
(0.0013999999 -0.0052000502 0.033474485)
(0.0012999998 -0.0053001314 0.041807958)
(0.0014 -0.0053001314 0.041807958)
(0.0012999998 -0.0052000764 0.041807915)
(0.0014 -0.0052000764 0.041807915)
(0.0014999999 -0.0053000883 0.033474473)
(0.0015999999 -0.0053000883 0.033474471)
(0.0014999999 -0.0052000502 0.033474483)
(0.0015999999 -0.0052000502 0.033474482)
(0.0015 -0.0053001314 0.041807954)
(0.0015999999 -0.0053001314 0.041807954)
(0.0015 -0.0052000764 0.041807911)
(0.0016 -0.0052000764 0.041807911)
(0.00089999989 -0.0051000252 0.03347437)
(0.00099999995 -0.0051000252 0.033474369)
(0.0008999999 -0.0050000113 0.033474259)
(0.00099999996 -0.0050000113 0.033474259)
(0.00089999976 -0.0051000386 0.041807754)
(0.00099999997 -0.0051000386 0.041807753)
(0.00089999976 -0.0050000172 0.041807616)
(0.00099999997 -0.0050000172 0.041807615)
(0.0011 -0.0051000252 0.033474368)
(0.0011999999 -0.0051000252 0.033474369)
(0.0011 -0.0050000114 0.033474258)
(0.0011999999 -0.0050000114 0.033474258)
(0.0011 -0.0051000386 0.041807749)
(0.0011999998 -0.0051000386 0.041807749)
(0.0011 -0.0050000172 0.041807611)
(0.0011999999 -0.0050000173 0.041807611)
(0.0008999999 -0.0049000046 0.033474186)
(0.00099999996 -0.0049000046 0.033474186)
(0.00089999991 -0.0048000016 0.033474147)
(0.00099999997 -0.0048000016 0.033474146)
(0.00089999977 -0.0049000067 0.041807529)
(0.00099999997 -0.0049000068 0.041807529)
(0.00089999978 -0.0048000022 0.041807485)
(0.00099999998 -0.0048000023 0.041807484)
(0.0011 -0.0049000046 0.033474185)
(0.0011999999 -0.0049000046 0.033474186)
(0.0011 -0.0048000016 0.033474145)
(0.0012 -0.0048000016 0.033474146)
(0.0011 -0.0049000068 0.041807525)
(0.0011999999 -0.0049000068 0.041807526)
(0.0011 -0.0048000023 0.04180748)
(0.0011999999 -0.0048000023 0.041807481)
(0.0028999999 -0.0053000884 0.033474474)
(0.003 -0.0053000884 0.033474474)
(0.0029 -0.0052000503 0.033474484)
(0.003 -0.0052000503 0.033474484)
(0.0028999998 -0.0053001315 0.041807958)
(0.003 -0.0053001315 0.041807958)
(0.0028999999 -0.0052000765 0.041807915)
(0.0030000001 -0.0052000766 0.041807914)
(0.0031 -0.0053000884 0.033474472)
(0.0032 -0.0053000884 0.033474471)
(0.0031 -0.0052000503 0.033474482)
(0.0032 -0.0052000502 0.033474481)
(0.0031000002 -0.0053001315 0.041807955)
(0.0032000001 -0.0053001315 0.041807953)
(0.0031000002 -0.0052000765 0.041807911)
(0.0032000001 -0.0052000765 0.04180791)
(0.0025000001 -0.0051000253 0.033474369)
(0.0026000001 -0.0051000253 0.033474368)
(0.0025000001 -0.0050000115 0.033474259)
(0.0026000001 -0.0050000115 0.033474258)
(0.0025000001 -0.0051000388 0.041807753)
(0.0026000001 -0.0051000388 0.041807749)
(0.0025000001 -0.0050000174 0.041807615)
(0.0026000002 -0.0050000174 0.041807612)
(0.0027 -0.0051000253 0.033474368)
(0.0028 -0.0051000253 0.033474369)
(0.0027000001 -0.0050000115 0.033474258)
(0.0028 -0.0050000115 0.033474259)
(0.0027 -0.0051000388 0.041807749)
(0.0027999999 -0.0051000388 0.041807752)
(0.0027000001 -0.0050000174 0.041807612)
(0.0028000001 -0.0050000174 0.041807615)
(0.0025000001 -0.0049000047 0.033474187)
(0.0026000001 -0.0049000047 0.033474186)
(0.0025000001 -0.0048000017 0.033474147)
(0.0026000001 -0.0048000017 0.033474147)
(0.0025000002 -0.0049000069 0.041807529)
(0.0026000002 -0.0049000069 0.041807526)
(0.0025000002 -0.0048000024 0.041807484)
(0.0026000002 -0.0048000023 0.041807482)
(0.0027000001 -0.0049000047 0.033474186)
(0.0028000001 -0.0049000047 0.033474187)
(0.0027000001 -0.0048000017 0.033474147)
(0.0028000001 -0.0048000016 0.033474148)
(0.0027000001 -0.0049000069 0.041807527)
(0.0028000002 -0.0049000069 0.041807529)
(0.0027000002 -0.0048000023 0.041807483)
(0.0028000002 -0.0048000023 0.041807485)
(0.0028 -0.0035 0.033474119)
(0.0028 -0.0034999999 0.041807454)
(0.0029 -0.0035 0.033474117)
(0.003 -0.0035000001 0.033474115)
(0.0029000001 -0.0034000001 0.033474117)
(0.003 -0.0034000001 0.033474114)
(0.0029000001 -0.0035 0.041807452)
(0.0030000001 -0.0035 0.041807447)
(0.0029000002 -0.0034000002 0.041807451)
(0.0030000001 -0.0034000002 0.041807447)
(0.0030999999 -0.0035000001 0.033474114)
(0.0031999999 -0.0035000001 0.033474116)
(0.0030999999 -0.0034000001 0.033474114)
(0.0031999999 -0.0034000001 0.033474116)
(0.0030999998 -0.0035000001 0.041807447)
(0.0031999997 -0.0035000001 0.041807452)
(0.0030999998 -0.0034000002 0.041807447)
(0.0031999997 -0.0034000002 0.04180745)
(0.003 -0.0033000001 0.033474116)
(0.0041000001 -0.0051000253 0.03347437)
(0.0042000001 -0.0051000253 0.033474369)
(0.0041000001 -0.0050000114 0.033474259)
(0.0042000001 -0.0050000114 0.033474259)
(0.0041000002 -0.0051000387 0.041807754)
(0.0042000003 -0.0051000387 0.041807752)
(0.0041000001 -0.0050000174 0.041807616)
(0.0042000003 -0.0050000173 0.041807615)
(0.0043000001 -0.0051000253 0.033474367)
(0.0044 -0.0051000253 0.033474365)
(0.0043000001 -0.0050000114 0.033474256)
(0.0043000004 -0.0051000387 0.041807749)
(0.0044000001 -0.0051000387 0.041807746)
(0.0043000004 -0.0050000173 0.041807611)
(0.0041000001 -0.0049000047 0.033474187)
(0.0042000001 -0.0049000046 0.033474186)
(0.0041 -0.0048000017 0.033474148)
(0.0042000001 -0.0048000017 0.033474147)
(0.0041000001 -0.0049000069 0.04180753)
(0.0042000003 -0.0049000069 0.041807529)
(0.0041 -0.0048000024 0.041807485)
(0.0042000003 -0.0048000024 0.041807485)
(0.0043000001 -0.0049000046 0.033474184)
(0.0043000001 -0.0048000017 0.033474145)
(0.0043000004 -0.0049000068 0.041807525)
(0.0043000004 -0.0048000024 0.041807481)
(-0.0013000001 -0.0062450643 0.0082408839)
(-0.0013 -0.0061629339 0.0082191796)
(-0.0012000002 -0.0062450643 0.0082408855)
(-0.0012000001 -0.0061629339 0.0082191804)
(-0.0013 -0.0060771736 0.0082191584)
(-0.0012000001 -0.0060771736 0.0082191586)
(-0.0013 -0.0059873065 0.0082225212)
(-0.0012000001 -0.0059873065 0.008222521)
(-0.0013000002 -0.0062465757 0.016581233)
(-0.0012000002 -0.0062465757 0.016581236)
(-0.0013000001 -0.0061655268 0.016555561)
(-0.0012000001 -0.0061655268 0.016555562)
(-0.0013000001 -0.0062471469 0.025)
(-0.0012000002 -0.0062471469 0.025000003)
(-0.0013000001 -0.006166523 0.024999999)
(-0.0012000001 -0.006166523 0.025000001)
(-0.0013000001 -0.006080044 0.016551053)
(-0.0012000001 -0.006080044 0.016551054)
(-0.0013000001 -0.0059897473 0.01655193)
(-0.0012000001 -0.0059897473 0.01655193)
(-0.0013000001 -0.0060811694 0.024999999)
(-0.0012000001 -0.0060811694 0.025)
(-0.0013000001 -0.0059907263 0.024999999)
(-0.0012000001 -0.0059907263 0.025)
(-0.00080000013 -0.0047000004 0.0081925385)
(-0.00080000012 -0.0045999999 0.0081925483)
(-0.0008000001 -0.0045 0.0081925542)
(0.00049999995 -0.0053000733 0.025)
(0.00059999991 -0.0053000733 0.025000002)
(0.00049999996 -0.00520004 0.025)
(0.00059999992 -0.00520004 0.025000002)
(0.00069999991 -0.0053000883 0.016525532)
(0.00079999987 -0.0053000883 0.016525529)
(0.00069999993 -0.0052000502 0.016525521)
(0.0007999999 -0.0052000502 0.016525519)
(0.00069999989 -0.0053000733 0.025000003)
(0.0007999999 -0.0053000733 0.025000002)
(0.0006999999 -0.00520004 0.025000003)
(0.0007999999 -0.00520004 0.025000002)
(0.00010000036 -0.0051000386 0.0081922531)
(0.00020000014 -0.0051000386 0.0081922521)
(0.00010000037 -0.0050000172 0.0081923906)
(0.00020000016 -0.0050000172 0.0081923897)
(0.00030000013 -0.0051000386 0.0081922476)
(0.00040000031 -0.0051000386 0.0081922472)
(0.00030000015 -0.0050000172 0.0081923852)
(0.00040000033 -0.0050000173 0.0081923847)
(0.00010000035 -0.0049000067 0.0081924761)
(0.00020000016 -0.0049000067 0.0081924755)
(0.00010000033 -0.0048000021 0.0081925211)
(0.00020000016 -0.0048000021 0.0081925206)
(0.00030000016 -0.0049000067 0.008192471)
(0.00040000034 -0.0049000067 0.0081924704)
(0.00030000016 -0.0048000022 0.0081925163)
(0.00040000035 -0.0048000022 0.0081925156)
(0.00010000015 -0.0051000252 0.016525634)
(0.00020000009 -0.0051000252 0.016525634)
(0.00010000015 -0.0050000113 0.016525744)
(0.0002000001 -0.0050000113 0.016525743)
(0.00010000004 -0.0051000196 0.025000001)
(0.00020000002 -0.0051000196 0.025)
(0.00010000004 -0.0050000086 0.025)
(0.00020000003 -0.0050000086 0.025)
(0.00030000008 -0.0051000252 0.016525632)
(0.00040000011 -0.0051000252 0.016525631)
(0.00030000009 -0.0050000113 0.016525741)
(0.00040000013 -0.0050000113 0.016525741)
(0.00030000001 -0.0051000196 0.024999999)
(0.0004 -0.0051000196 0.024999999)
(0.00030000002 -0.0050000086 0.024999999)
(0.00040000001 -0.0050000086 0.024999999)
(0.00010000015 -0.0049000045 0.016525816)
(0.00020000011 -0.0049000045 0.016525816)
(0.00010000014 -0.0048000015 0.016525856)
(0.00020000011 -0.0048000016 0.016525855)
(0.00010000005 -0.0049000034 0.025)
(0.00020000003 -0.0049000034 0.025)
(0.00010000004 -0.0048000012 0.025)
(0.00020000004 -0.0048000012 0.025)
(0.0003000001 -0.0049000045 0.016525814)
(0.00040000014 -0.0049000046 0.016525813)
(0.00030000011 -0.0048000016 0.016525853)
(0.00040000015 -0.0048000016 0.016525853)
(0.00030000003 -0.0049000034 0.024999999)
(0.00040000002 -0.0049000034 0.024999998)
(0.00030000004 -0.0048000012 0.024999999)
(0.00040000004 -0.0048000012 0.024999999)
(0.00050000039 -0.0051000387 0.0081922506)
(0.00060000021 -0.0051000387 0.0081922543)
(0.00050000041 -0.0050000173 0.008192388)
(0.00060000024 -0.0050000173 0.0081923915)
(0.00069999992 -0.0051000387 0.0081922541)
(0.00079999982 -0.0051000387 0.0081922495)
(0.00069999997 -0.0050000173 0.0081923911)
(0.00079999991 -0.0050000173 0.0081923863)
(0.00050000043 -0.0049000068 0.0081924736)
(0.00060000028 -0.0049000068 0.0081924769)
(0.00050000044 -0.0048000022 0.0081925188)
(0.0006000003 -0.0048000022 0.0081925219)
(0.0017 -0.0051000387 0.0081922452)
(0.0018000002 -0.0051000387 0.0081922492)
(0.0016999999 -0.0050000174 0.0081923828)
(0.0018000002 -0.0050000173 0.0081923863)
(0.0019000001 -0.0051000387 0.0081922536)
(0.0019999998 -0.0051000387 0.0081922547)
(0.0019000001 -0.0050000173 0.008192391)
(0.0019999998 -0.0050000173 0.0081923922)
(0.0016999999 -0.0049000068 0.0081924685)
(0.0018000001 -0.0049000068 0.0081924712)
(0.0016999998 -0.0048000022 0.0081925138)
(0.0018 -0.0048000022 0.0081925159)
(0.0019000001 -0.0049000068 0.0081924764)
(0.0019999998 -0.0049000068 0.0081924777)
(0.0019 -0.0048000022 0.0081925213)
(0.0019999998 -0.0048000022 0.0081925226)
(0.0016999999 -0.0051000252 0.016525629)
(0.0018 -0.0051000252 0.016525632)
(0.0016999999 -0.0050000114 0.016525739)
(0.0018 -0.0050000114 0.016525741)
(0.0016999999 -0.0051000196 0.024999998)
(0.0018 -0.0051000196 0.024999999)
(0.0016999999 -0.0050000087 0.024999997)
(0.0018 -0.0050000087 0.024999998)
(0.0019 -0.0051000252 0.016525635)
(0.0019999999 -0.0051000252 0.016525636)
(0.0019 -0.0050000114 0.016525744)
(0.0019999999 -0.0050000114 0.016525746)
(0.0019 -0.0051000196 0.025000001)
(0.0019999999 -0.0051000196 0.025000002)
(0.0019 -0.0050000087 0.025)
(0.0019999999 -0.0050000087 0.025000002)
(0.0016999999 -0.0049000046 0.016525811)
(0.0018 -0.0049000046 0.016525813)
(0.0016999999 -0.0048000016 0.016525851)
(0.0018 -0.0048000016 0.016525853)
(0.0016999999 -0.0049000035 0.024999997)
(0.0018 -0.0049000035 0.024999998)
(0.0016999999 -0.0048000012 0.024999998)
(0.0017999999 -0.0048000012 0.024999999)
(0.0019 -0.0049000046 0.016525817)
(0.0019999999 -0.0049000046 0.016525818)
(0.0019 -0.0048000016 0.016525856)
(0.0019999999 -0.0048000016 0.016525858)
(0.0018999999 -0.0049000035 0.025)
(0.0019999999 -0.0049000035 0.025000002)
(0.0018999999 -0.0048000012 0.025000001)
(0.0019999999 -0.0048000012 0.025000002)
(0.0020999996 -0.0051000387 0.0081922523)
(0.0021999996 -0.0051000387 0.0081922497)
(0.0020999996 -0.0050000173 0.0081923897)
(0.0021999996 -0.0050000173 0.008192387)
(0.0022999997 -0.0051000387 0.0081922467)
(0.0024000001 -0.0051000387 0.0081922461)
(0.0022999998 -0.0050000174 0.0081923838)
(0.0024000001 -0.0050000174 0.0081923838)
(0.0020999996 -0.0049000068 0.0081924751)
(0.0021999996 -0.0049000068 0.0081924723)
(0.0020999996 -0.0048000023 0.0081925199)
(0.0021999996 -0.0048000023 0.008192517)
(0.0022999998 -0.0049000069 0.0081924692)
(0.0024000002 -0.0049000069 0.0081924695)
(0.0022999999 -0.0048000024 0.008192514)
(0.0024000002 -0.0048000024 0.0081925143)
(0.0020999999 -0.0051000252 0.016525635)
(0.0021999998 -0.0051000253 0.016525633)
(0.0020999998 -0.0050000114 0.016525745)
(0.0021999998 -0.0050000114 0.016525742)
(0.0020999999 -0.0051000196 0.025000002)
(0.0021999999 -0.0051000196 0.025000001)
(0.0020999999 -0.0050000087 0.025000002)
(0.0021999999 -0.0050000087 0.025)
(0.0032999997 -0.0049000068 0.0081924773)
(0.0033999996 -0.0049000068 0.0081924731)
(0.0032999997 -0.0048000022 0.008192523)
(0.0033999996 -0.0048000022 0.0081925188)
(0.0034999998 -0.0049000068 0.0081924689)
(0.0036000001 -0.0049000068 0.0081924686)
(0.0034999998 -0.0048000023 0.0081925147)
(0.0036000002 -0.0048000023 0.0081925145)
(0.0032999999 -0.0051000253 0.016525634)
(0.0033999998 -0.0051000253 0.016525632)
(0.0032999999 -0.0050000114 0.016525744)
(0.0033999998 -0.0050000114 0.016525742)
(0.0033 -0.0051000196 0.025)
(0.0033999999 -0.0051000196 0.024999999)
(0.0032999999 -0.0050000087 0.025)
(0.0033999999 -0.0050000087 0.024999999)
(0.0034999999 -0.0051000253 0.016525629)
(0.0036000001 -0.0051000253 0.016525629)
(0.0034999999 -0.0050000114 0.016525739)
(0.0036000001 -0.0050000114 0.016525739)
(0.0035 -0.0051000196 0.024999998)
(0.0036000001 -0.0051000196 0.024999998)
(0.0035 -0.0050000087 0.024999998)
(0.0036 -0.0050000087 0.024999998)
(0.0032999999 -0.0049000046 0.016525818)
(0.0033999998 -0.0049000046 0.016525815)
(0.0032999999 -0.0048000016 0.016525858)
(0.0033999998 -0.0048000016 0.016525855)
(0.0032999999 -0.0049000035 0.025000001)
(0.0033999999 -0.0049000035 0.025)
(0.0032999999 -0.0048000013 0.025000002)
(0.0033999999 -0.0048000013 0.025000001)
(0.0034999999 -0.0049000046 0.016525812)
(0.0036000001 -0.0049000046 0.016525811)
(0.0034999999 -0.0048000017 0.016525852)
(0.0036000001 -0.0048000017 0.016525852)
(0.0035 -0.0049000035 0.024999998)
(0.0036 -0.0049000035 0.024999998)
(0.0035 -0.0048000013 0.024999999)
(0.0036 -0.0048000013 0.024999999)
(0.0037000004 -0.0051000387 0.0081922482)
(0.0038000003 -0.0051000387 0.0081922523)
(0.0037000004 -0.0050000173 0.0081923861)
(0.0038000003 -0.0050000174 0.0081923903)
(0.0039000001 -0.0051000387 0.0081922535)
(0.0039999999 -0.0051000387 0.008192251)
(0.0039000001 -0.0050000174 0.0081923911)
(0.0039999999 -0.0050000174 0.0081923884)
(0.0037000004 -0.0049000068 0.0081924724)
(0.0038000003 -0.0049000068 0.0081924765)
(0.0037000004 -0.0048000023 0.0081925183)
(0.0038000003 -0.0048000023 0.0081925223)
(0.0039000001 -0.0049000068 0.008192477)
(0.0039999999 -0.0049000068 0.0081924737)
(0.0039 -0.0048000023 0.0081925226)
(0.0039999999 -0.0048000023 0.0081925184)
(0.0037000002 -0.0051000253 0.016525631)
(0.0038000002 -0.0051000253 0.016525634)
(0.0037000002 -0.0050000114 0.016525741)
(0.0038000002 -0.0050000114 0.016525744)
(0.0037000001 -0.0051000196 0.024999999)
(0.0038000001 -0.0051000196 0.025)
(0.0037000001 -0.0050000087 0.024999999)
(0.0038000001 -0.0050000087 0.025)
(0.0039000001 -0.0051000253 0.016525635)
(0.004 -0.0051000253 0.016525634)
(0.0039000001 -0.0050000114 0.016525745)
(0.004 -0.0050000114 0.016525743)
(0.0039000001 -0.0051000196 0.025000001)
(0.0040000001 -0.0051000196 0.025000001)
(0.0039000001 -0.0050000087 0.025)
(0.0040000001 -0.0050000087 0.025000001)
(0.0037000002 -0.0049000046 0.016525814)
(0.0038000002 -0.0049000046 0.016525816)
(0.0037000002 -0.0048000017 0.016525854)
(0.0038000002 -0.0048000017 0.016525857)
(0.0037000001 -0.0049000035 0.024999999)
(0.0038000001 -0.0049000035 0.025)
(0.0037000001 -0.0048000013 0.025)
(0.0038000001 -0.0048000013 0.025000001)
(0.0032999999 -0.0033 0.025000001)
(0.0034 -0.0033 0.025000002)
(0.0037000003 -0.0034999997 0.0081925457)
(0.0037000001 -0.0034999999 0.016525882)
(0.0037000001 -0.0035 0.024999999)
(-0.00070000004 -0.006080044 0.033448951)
(-0.00060000004 -0.006080044 0.033448951)
(-0.00070000004 -0.0059897473 0.033448071)
(-0.00060000004 -0.0059897473 0.033448072)
(-0.00070000006 -0.0060771736 0.041780845)
(-0.00060000006 -0.0060771736 0.041780845)
(-0.00070000009 -0.0059873065 0.041777481)
(-0.00060000009 -0.0059873065 0.041777481)
(-0.00050000003 -0.006080044 0.033448951)
(-0.00040000003 -0.006080044 0.033448951)
(-0.00050000004 -0.0059897473 0.033448072)
(-0.00040000004 -0.0059897473 0.033448072)
(-0.00050000006 -0.0060771736 0.041780845)
(-0.00040000006 -0.0060771736 0.041780845)
(-0.00050000009 -0.0059873065 0.041777481)
(-0.00040000009 -0.0059873065 0.041777481)
(-0.00029999994 -0.0062465757 0.033418779)
(-0.00019999993 -0.0062465757 0.033418779)
(-0.00029999999 -0.0061655268 0.033444447)
(-0.00019999998 -0.0061655268 0.033444447)
(-0.00029999994 -0.0062450643 0.041759123)
(-0.00019999993 -0.0062450643 0.041759123)
(-0.00030000002 -0.0061629339 0.041780826)
(-0.00020000001 -0.0061629339 0.041780826)
(-9.9999966e-05 -0.0062465757 0.033418776)
(3.195531e-11 -0.0062465757 0.033418775)
(-9.9999989e-05 -0.0061655268 0.033444446)
(3.2513291e-12 -0.0061655268 0.033444445)
(-9.9999948e-05 -0.0062450643 0.041759123)
(5.045237e-11 -0.0062450643 0.041759122)
(-0.0001 -0.0061629339 0.041780826)
(-2.9737562e-12 -0.0061629339 0.041780825)
(-0.00030000002 -0.006080044 0.033448952)
(-0.00020000002 -0.006080044 0.033448951)
(-0.00030000004 -0.0059897473 0.033448072)
(-0.00020000004 -0.0059897473 0.033448072)
(-0.00030000005 -0.0060771736 0.041780846)
(-0.00020000003 -0.0060771736 0.041780846)
(-0.00030000008 -0.0059873065 0.041777482)
(-0.00020000006 -0.0059873065 0.041777482)
(-0.00010000002 -0.006080044 0.033448951)
(-2.9417494e-11 -0.006080044 0.033448951)
(-0.00010000004 -0.0059897473 0.033448072)
(-4.6252814e-11 -0.0059897473 0.033448072)
(-0.00010000001 -0.0060771736 0.041780846)
(-4.3491591e-12 -0.0060771736 0.041780845)
(-0.00010000003 -0.0059873065 0.041777482)
(-2.1433958e-11 -0.0059873065 0.041777481)
(-0.00030000009 -0.0047000005 0.033474127)
(-0.00020000007 -0.0047000005 0.033474128)
(-0.0003000001 -0.0046000001 0.03347412)
(-0.00020000008 -0.0046000001 0.033474121)
(-0.00030000016 -0.0047000007 0.04180746)
(-0.00020000013 -0.0047000007 0.041807463)
(-0.00030000017 -0.0046000002 0.041807454)
(-0.00020000016 -0.0046000002 0.041807457)
(-0.00010000002 -0.0047000005 0.033474127)
(4.6437149e-13 -0.0047000005 0.033474126)
(-0.00010000003 -0.0046000001 0.033474121)
(4.6476673e-13 -0.0046000001 0.03347412)
(-9.9999974e-05 -0.0047000007 0.041807462)
(3.9006583e-11 -0.0047000006 0.041807459)
(-9.9999996e-05 -0.0046000002 0.041807456)
(4.1044581e-11 -0.0046000002 0.041807452)
(-0.0003000001 -0.0045 0.033474118)
(-0.00020000009 -0.0045 0.033474119)
(-0.00030000018 -0.0045 0.041807453)
(-0.00020000017 -0.0045 0.041807457)
(-0.00010000003 -0.0045 0.03347412)
(9.7983471e-12 -0.0045 0.033474119)
(-9.9999992e-05 -0.0045000001 0.041807457)
(7.3425614e-11 -0.0045000001 0.041807454)
(0.0012999999 -0.0051000252 0.03347437)
(0.0013999999 -0.0051000252 0.03347437)
(0.0012999999 -0.0050000114 0.03347426)
(0.0013999999 -0.0050000114 0.03347426)
(0.0012999998 -0.0051000386 0.041807753)
(0.0014 -0.0051000387 0.041807753)
(0.0012999999 -0.0050000173 0.041807615)
(0.0014 -0.0050000173 0.041807615)
(0.0014999999 -0.0051000252 0.033474368)
(0.0015999999 -0.0051000252 0.033474366)
(0.0015 -0.0050000114 0.033474258)
(0.0016 -0.0050000114 0.033474256)
(0.0015000001 -0.0051000387 0.04180775)
(0.0016 -0.0051000387 0.04180775)
(0.0015000001 -0.0050000173 0.041807612)
(0.0016000001 -0.0050000173 0.041807612)
(0.0012999999 -0.0049000046 0.033474187)
(0.0014 -0.0049000046 0.033474187)
(0.0013 -0.0048000016 0.033474148)
(0.0014 -0.0048000016 0.033474149)
(0.0012999999 -0.0049000068 0.04180753)
(0.0014000001 -0.0049000068 0.04180753)
(0.0012999999 -0.0048000022 0.041807485)
(0.0014000001 -0.0048000022 0.041807486)
(0.0015 -0.0049000046 0.033474186)
(0.0016 -0.0049000046 0.033474184)
(0.0015 -0.0048000016 0.033474147)
(0.0016 -0.0048000016 0.033474145)
(0.0015000002 -0.0049000068 0.041807527)
(0.0016000001 -0.0049000068 0.041807526)
(0.0015000003 -0.0048000022 0.041807484)
(0.0016000002 -0.0048000022 0.041807483)
(0.0029 -0.0051000253 0.033474369)
(0.003 -0.0051000253 0.033474368)
(0.0029 -0.0050000115 0.033474259)
(0.003 -0.0050000115 0.033474258)
(0.0029 -0.0051000388 0.041807753)
(0.0030000001 -0.0051000388 0.041807751)
(0.0029000002 -0.0050000174 0.041807614)
(0.0030000001 -0.0050000174 0.041807612)
(0.0031 -0.0051000253 0.033474367)
(0.0032 -0.0051000253 0.033474367)
(0.0031 -0.0050000115 0.033474257)
(0.0032 -0.0050000115 0.033474257)
(0.0031000001 -0.0051000388 0.041807749)
(0.0032 -0.0051000388 0.041807749)
(0.0031 -0.0050000174 0.041807611)
(0.0031999999 -0.0050000174 0.041807612)
(0.0029000001 -0.0049000047 0.033474187)
(0.0030000001 -0.0049000047 0.033474186)
(0.0029000001 -0.0048000016 0.033474147)
(0.0030000001 -0.0048000016 0.033474146)
(0.0029000002 -0.0049000069 0.041807528)
(0.0030000002 -0.0049000069 0.041807526)
(0.0029000003 -0.0048000022 0.041807484)
(0.0030000002 -0.0048000022 0.041807482)
(0.0031 -0.0049000046 0.033474185)
(0.0032 -0.0049000046 0.033474186)
(0.0031 -0.0048000016 0.033474147)
(0.0032 -0.0048000016 0.033474148)
(0.0031 -0.0049000068 0.041807526)
(0.0031999999 -0.0049000069 0.041807527)
(0.0031 -0.0048000022 0.041807482)
(0.0031999999 -0.0048000022 0.041807484)
(0.0030000001 -0.0033000002 0.04180745)
(0.0030999999 -0.0033000001 0.033474115)
(0.0031999999 -0.0033000001 0.033474117)
(0.0030999998 -0.0033000002 0.04180745)
(0.0031999996 -0.0033000002 0.041807452)
(-0.0011000002 -0.0062450642 0.008240886)
(-0.0011000001 -0.0061629339 0.0082191792)
(-0.0010000001 -0.0062450643 0.0082408878)
(-0.00099999998 -0.0061629339 0.0082191804)
(-0.0009000001 -0.0062450643 0.0082408909)
(-0.00089999995 -0.006162934 0.0082191838)
(-0.00080000009 -0.0062450643 0.0082408919)
(-0.00080000004 -0.006162934 0.0082191848)
(-0.0011000001 -0.0060771736 0.0082191567)
(-0.00099999992 -0.0060771736 0.0082191575)
(-0.0011 -0.0059873065 0.0082225188)
(-0.00099999989 -0.0059873065 0.0082225195)
(-0.0008999999 -0.0060771736 0.0082191608)
(-0.00080000002 -0.0060771736 0.0082191618)
(-0.00089999987 -0.0059873065 0.0082225227)
(-0.00079999999 -0.0059873065 0.0082225236)
(-0.0011000002 -0.0062465757 0.016581239)
(-0.0010000002 -0.0062465757 0.016581243)
(-0.0011000001 -0.0061655268 0.016555564)
(-0.0010000001 -0.0061655268 0.016555566)
(-0.0011000002 -0.0062471469 0.025000007)
(-0.0010000003 -0.0062471469 0.025000013)
(-0.0011000001 -0.006166523 0.025000004)
(-0.0010000001 -0.006166523 0.025000006)
(-0.00090000021 -0.0062465757 0.016581247)
(-0.00080000014 -0.0062465757 0.016581249)
(-0.00090000005 -0.0061655268 0.016555569)
(-0.00080000006 -0.0061655268 0.01655557)
(-0.00090000024 -0.0062471469 0.025000018)
(-0.00080000016 -0.0062471469 0.025000019)
(-0.00090000008 -0.006166523 0.025000009)
(-0.00080000007 -0.006166523 0.025000009)
(-0.0011 -0.006080044 0.016551054)
(-0.00099999999 -0.006080044 0.016551055)
(-0.0011 -0.0059897473 0.01655193)
(-0.00099999997 -0.0059897473 0.016551931)
(-0.0011000001 -0.0060811694 0.025000002)
(-0.001 -0.0060811694 0.025000003)
(-0.0011 -0.0059907263 0.025)
(-0.001 -0.0059907263 0.025000001)
(-0.00089999998 -0.006080044 0.016551058)
(-0.00080000001 -0.006080044 0.016551058)
(-0.00089999996 -0.0059897473 0.016551933)
(-0.00079999999 -0.0059897473 0.016551934)
(-0.00090000002 -0.0060811694 0.025000004)
(-0.00080000002 -0.0060811694 0.025000005)
(-0.0009 -0.0059907263 0.025000002)
(-0.0008 -0.0059907263 0.025000002)
(-0.0012000001 -0.0058937434 0.0082203817)
(-0.0012000001 -0.005797383 0.0082130666)
(-0.0012000001 -0.0056991905 0.0082045688)
(-0.0012000002 -0.005599946 0.0081979806)
(-0.00080000004 -0.0047000004 0.016525872)
(-0.00080000003 -0.0046 0.016525881)
(-0.0008 -0.0047000004 0.024999998)
(-0.00079999999 -0.0046000001 0.025)
(-0.00080000002 -0.0045 0.016525886)
(-0.00079999999 -0.0045 0.025000001)
(0.00070000003 -0.0049000068 0.0081924763)
(0.00079999998 -0.0049000068 0.0081924714)
(0.00070000007 -0.0048000022 0.0081925211)
(0.00080000003 -0.0048000022 0.0081925162)
(0.00050000012 -0.0051000252 0.016525633)
(0.00060000005 -0.0051000252 0.016525636)
(0.00050000014 -0.0050000114 0.016525743)
(0.00060000008 -0.0050000114 0.016525745)
(0.00049999998 -0.0051000196 0.025)
(0.00059999994 -0.0051000196 0.025000002)
(0.00049999999 -0.0050000087 0.025)
(0.00059999996 -0.0050000087 0.025000001)
(0.00069999996 -0.0051000252 0.016525636)
(0.00079999993 -0.0051000252 0.016525634)
(0.00069999999 -0.0050000114 0.016525745)
(0.00079999997 -0.0050000114 0.016525743)
(0.00069999991 -0.0051000196 0.025000003)
(0.00079999992 -0.0051000196 0.025000002)
(0.00069999993 -0.0050000087 0.025000002)
(0.00079999993 -0.0050000087 0.025000001)
(0.00050000015 -0.0049000046 0.016525815)
(0.0006000001 -0.0049000046 0.016525817)
(0.00050000017 -0.0048000016 0.016525855)
(0.00060000012 -0.0048000016 0.016525857)
(0.00050000001 -0.0049000034 0.024999999)
(0.00059999998 -0.0049000035 0.025)
(0.00050000002 -0.0048000012 0.024999999)
(0.00059999999 -0.0048000012 0.025)
(0.00070000002 -0.0049000046 0.016525817)
(0.0008 -0.0049000046 0.016525814)
(0.00070000005 -0.0048000016 0.016525856)
(0.00080000003 -0.0048000016 0.016525854)
(0.00069999995 -0.0049000035 0.025000001)
(0.00079999995 -0.0049000035 0.025)
(0.00069999997 -0.0048000012 0.025000001)
(0.00079999997 -0.0048000012 0.025)
(0.00089999986 -0.0055001755 0.0081941576)
(0.0010000001 -0.0055001755 0.0081941579)
(0.00089999981 -0.0054001857 0.0081924948)
(0.0010000001 -0.0054001857 0.0081924949)
(0.0011000002 -0.0055001755 0.0081941613)
(0.0012 -0.0055001755 0.0081941649)
(0.0011000002 -0.0054001857 0.0081924988)
(0.0012 -0.0054001857 0.0081925028)
(0.00089999982 -0.0053001314 0.0081920421)
(0.0010000001 -0.0053001314 0.0081920423)
(0.00089999988 -0.0052000765 0.0081920857)
(0.0010000001 -0.0052000765 0.0081920863)
(0.0022999999 -0.0051000253 0.016525631)
(0.0024 -0.0051000253 0.016525631)
(0.0022999999 -0.0050000114 0.01652574)
(0.0024000001 -0.0050000115 0.016525741)
(0.0023 -0.0051000196 0.025)
(0.0024 -0.0051000196 0.025)
(0.0023 -0.0050000087 0.025)
(0.0024 -0.0050000087 0.025)
(0.0020999998 -0.0049000046 0.016525817)
(0.0021999999 -0.0049000046 0.016525814)
(0.0020999999 -0.0048000016 0.016525856)
(0.0021999999 -0.0048000017 0.016525854)
(0.0020999999 -0.0049000035 0.025000002)
(0.0022 -0.0049000035 0.025)
(0.0020999999 -0.0048000013 0.025000002)
(0.0022 -0.0048000013 0.025)
(0.0023 -0.0049000047 0.016525812)
(0.0024000001 -0.0049000047 0.016525813)
(0.0023 -0.0048000017 0.016525852)
(0.0024000001 -0.0048000017 0.016525852)
(0.0023 -0.0049000035 0.024999999)
(0.0024000001 -0.0049000035 0.025)
(0.0023 -0.0048000013 0.024999999)
(0.0024000001 -0.0048000013 0.025)
(0.0025000002 -0.0055001755 0.00819416)
(0.0026000002 -0.0055001755 0.0081941603)
(0.0025000003 -0.0054001857 0.0081924967)
(0.0026000003 -0.0054001858 0.0081924984)
(0.0027000002 -0.0055001755 0.0081941613)
(0.0028000001 -0.0055001755 0.0081941618)
(0.0027000002 -0.0054001858 0.0081924999)
(0.0028000001 -0.0054001858 0.0081924997)
(0.0025000003 -0.0053001314 0.0081920431)
(0.0026000003 -0.0053001314 0.0081920466)
(0.0025000003 -0.0052000765 0.0081920866)
(0.0026000003 -0.0052000765 0.008192091)
(0.0027000002 -0.0053001314 0.0081920484)
(0.0028 -0.0053001314 0.008192047)
(0.0027000001 -0.0052000765 0.0081920924)
(0.0028 -0.0052000765 0.0081920895)
(0.0025 -0.0055001464 0.016527482)
(0.0026 -0.0055001464 0.016527483)
(0.0025000001 -0.005400132 0.016525986)
(0.0026000001 -0.0054001321 0.016525987)
(0.0025 -0.0055001481 0.025)
(0.0026 -0.0055001481 0.025)
(0.0025 -0.0054001169 0.025)
(0.0026 -0.0054001169 0.025000001)
(0.0027 -0.0055001464 0.016527483)
(0.0028 -0.0055001464 0.016527483)
(0.0027 -0.0054001321 0.016525988)
(0.0028 -0.0054001321 0.016525988)
(0.0025000004 -0.0038999997 0.0081925458)
(0.0026000005 -0.0038999996 0.0081925478)
(0.0025000004 -0.0037999998 0.0081925471)
(0.0026000005 -0.0037999997 0.0081925491)
(0.0027000004 -0.0038999996 0.0081925499)
(0.0028000001 -0.0038999997 0.0081925509)
(0.0027000005 -0.0037999997 0.0081925519)
(0.0028000002 -0.0037999997 0.0081925544)
(0.0025000003 -0.0036999999 0.008192546)
(0.0026000005 -0.0036999999 0.0081925496)
(0.0026000005 -0.0036000001 0.0081925484)
(0.0027000005 -0.0036999999 0.0081925543)
(0.0028000002 -0.0036999999 0.0081925576)
(0.0027000005 -0.0036000002 0.0081925537)
(0.0028000002 -0.0036000002 0.0081925572)
(0.0025000002 -0.0038999998 0.016525882)
(0.0026000002 -0.0038999998 0.016525883)
(0.0025000002 -0.0037999999 0.016525883)
(0.0026000002 -0.0037999998 0.016525884)
(0.0025000001 -0.0038999999 0.025000001)
(0.0026000001 -0.0038999999 0.025000001)
(0.0025000001 -0.0037999999 0.025)
(0.0026000001 -0.0037999999 0.025000001)
(0.0027000002 -0.0038999998 0.016525885)
(0.0028 -0.0038999999 0.016525886)
(0.0027000002 -0.0037999999 0.016525887)
(0.0028000001 -0.0037999999 0.016525888)
(0.0027000001 -0.0038999999 0.025000002)
(0.0028 -0.0038999999 0.025000003)
(0.0027000001 -0.0037999999 0.025000002)
(0.0028 -0.0037999999 0.025000003)
(0.0025000002 -0.0036999999 0.016525882)
(0.0026000002 -0.0036999999 0.016525885)
(0.0026000002 -0.0036 0.016525884)
(0.0025000001 -0.0036999999 0.025)
(0.0026000001 -0.0036999999 0.025000001)
(0.0026000001 -0.0036 0.025000001)
(0.0027000002 -0.0036999999 0.016525888)
(0.0028000001 -0.0037 0.01652589)
(0.0027000002 -0.0036000001 0.016525887)
(0.0028000001 -0.0036000001 0.01652589)
(0.0027000001 -0.0036999999 0.025000003)
(0.0028 -0.0037 0.025000004)
(0.0027000001 -0.0036 0.025000003)
(0.0028 -0.0036 0.025000004)
(0.0028999997 -0.0038999998 0.0081925485)
(0.0029999996 -0.0038999999 0.0081925444)
(0.0028999998 -0.0037999997 0.008192553)
(0.0029999996 -0.0037999998 0.0081925487)
(0.0039000001 -0.0049000046 0.016525817)
(0.004 -0.0049000046 0.016525816)
(0.0039000001 -0.0048000017 0.016525857)
(0.004 -0.0048000017 0.016525855)
(0.0039000001 -0.0049000035 0.025)
(0.004 -0.0049000035 0.025)
(0.0039000001 -0.0048000013 0.025000001)
(0.004 -0.0048000013 0.025000001)
(0.0040999998 -0.0055001755 0.0081941614)
(0.0041999998 -0.0055001755 0.0081941605)
(0.0040999999 -0.0054001858 0.0081924984)
(0.0041999999 -0.0054001858 0.0081924978)
(0.0042999998 -0.0055001755 0.0081941609)
(0.0043999998 -0.0055001756 0.0081941609)
(0.0042999998 -0.0054001858 0.008192499)
(0.0043999998 -0.0054001859 0.0081924992)
(0.0040999999 -0.0053001315 0.0081920445)
(0.0042 -0.0053001315 0.0081920444)
(0.0040999999 -0.0052000765 0.0081920872)
(0.0042 -0.0052000765 0.0081920873)
(0.0042999999 -0.0053001315 0.0081920472)
(0.0043999998 -0.0053001315 0.0081920476)
(0.0043 -0.0052000765 0.0081920911)
(0.0043999998 -0.0052000765 0.0081920919)
(0.0040999999 -0.0055001465 0.016527483)
(0.0041999999 -0.0055001465 0.016527483)
(0.0041 -0.0054001321 0.016525987)
(0.0041999999 -0.0054001321 0.016525987)
(0.0041 -0.0055001481 0.025000001)
(0.0042 -0.0055001481 0.025)
(0.0041 -0.005400117 0.025000001)
(0.0042 -0.005400117 0.025000001)
(0.0042999999 -0.0055001465 0.016527483)
(0.0043999999 -0.0055001465 0.016527482)
(0.0042999999 -0.0054001321 0.016525987)
(0.0043999999 -0.0054001321 0.016525987)
(0.0043 -0.0055001481 0.025)
(0.0044 -0.0055001481 0.025)
(0.0043 -0.005400117 0.025)
(0.0044 -0.005400117 0.025)
(0.0041 -0.0053000884 0.016525529)
(0.0042 -0.0053000884 0.016525528)
(0.0041 -0.0052000502 0.016525518)
(0.0042 -0.0052000503 0.016525518)
(0.0041 -0.0053000734 0.025000001)
(0.0042 -0.0053000734 0.025000001)
(0.0041 -0.0052000401 0.025000001)
(0.0042 -0.0052000401 0.025000001)
(0.0043 -0.0053000884 0.016525529)
(0.0043999999 -0.0053000884 0.016525529)
(0.0043 -0.0052000503 0.016525519)
(0.0043999999 -0.0052000503 0.016525519)
(-0.00070000003 -0.0058954112 0.033450417)
(-0.00060000004 -0.0058954112 0.033450417)
(-0.00070000001 -0.0057982979 0.033456577)
(-0.00060000002 -0.0057982979 0.033456577)
(-0.00070000008 -0.0058937435 0.041779619)
(-0.00060000009 -0.0058937435 0.041779619)
(-0.00070000002 -0.0057973831 0.041786933)
(-0.00060000003 -0.0057973831 0.041786933)
(-0.00050000005 -0.0058954112 0.033450417)
(-0.00040000005 -0.0058954112 0.033450417)
(-0.00050000004 -0.0057982979 0.033456578)
(-0.00040000005 -0.0057982979 0.033456578)
(-0.0005000001 -0.0058937435 0.041779619)
(-0.0004000001 -0.0058937434 0.041779619)
(-0.00050000004 -0.0057973831 0.041786933)
(-0.00040000005 -0.0057973831 0.041786933)
(-0.00069999999 -0.0056995707 0.033463662)
(-0.00060000001 -0.0056995707 0.033463662)
(-0.00069999999 -0.0056000343 0.033469219)
(-0.0006 -0.0056000343 0.033469219)
(-0.00069999995 -0.0056991905 0.04179543)
(-0.00059999995 -0.0056991905 0.04179543)
(-0.00069999996 -0.005599946 0.041802018)
(-0.00059999993 -0.005599946 0.041802018)
(-0.00050000002 -0.0056995707 0.033463662)
(-0.00040000004 -0.0056995707 0.033463662)
(-0.00050000003 -0.0056000343 0.033469219)
(-0.00040000005 -0.0056000343 0.033469219)
(-0.00049999997 -0.0056991905 0.041795429)
(-0.00040000001 -0.0056991905 0.041795429)
(-0.00049999996 -0.005599946 0.041802016)
(-0.00040000004 -0.005599946 0.041802016)
(-0.00030000005 -0.0058954112 0.033450418)
(-0.00020000004 -0.0058954112 0.033450418)
(-0.00030000004 -0.0057982979 0.033456578)
(-0.00020000003 -0.0057982979 0.033456578)
(-0.0003000001 -0.0058937434 0.04177962)
(-0.00020000007 -0.0058937434 0.04177962)
(-0.00030000006 -0.0057973831 0.041786934)
(-0.00020000003 -0.0057973831 0.041786934)
(-0.00010000004 -0.0058954112 0.033450417)
(-4.5310516e-11 -0.0058954112 0.033450417)
(-0.00010000002 -0.0057982979 0.033456578)
(-3.0789097e-11 -0.0057982979 0.033456578)
(-0.00010000005 -0.0058937434 0.04177962)
(-4.9615812e-11 -0.0058937435 0.041779619)
(-9.9999999e-05 -0.0057973831 0.041786934)
(-1.566612e-11 -0.0057973831 0.041786933)
(-0.00030000004 -0.0056995707 0.033463662)
(-0.00020000003 -0.0056995707 0.033463663)
(-0.00030000006 -0.0056000343 0.03346922)
(-0.00020000004 -0.0056000343 0.03346922)
(-0.00030000002 -0.0056991905 0.04179543)
(-0.00019999999 -0.0056991905 0.041795431)
(-0.00030000007 -0.005599946 0.041802017)
(-0.00020000003 -0.005599946 0.041802018)
(0.00010000009 -0.0062465757 0.033418775)
(0.00020000006 -0.0062465757 0.033418774)
(0.0001 -0.0061655268 0.033444445)
(0.00019999999 -0.0061655268 0.033444444)
(0.00010000007 -0.0062450643 0.041759122)
(0.00020000004 -0.0062450642 0.041759122)
(9.9999987e-05 -0.0061629339 0.041780825)
(0.00019999996 -0.0061629339 0.041780825)
(0.00029999994 -0.0062465756 0.033418773)
(0.00039999983 -0.0062465757 0.033418774)
(0.00029999995 -0.0061655268 0.033444444)
(0.00039999991 -0.0061655268 0.033444444)
(0.00029999996 -0.0062450642 0.041759122)
(0.0003999999 -0.0062450643 0.041759121)
(0.00029999993 -0.0061629339 0.041780825)
(0.00039999991 -0.0061629339 0.041780825)
(9.999996e-05 -0.006080044 0.03344895)
(0.00019999995 -0.006080044 0.03344895)
(9.9999944e-05 -0.0059897473 0.033448071)
(0.00019999994 -0.0059897473 0.033448071)
(9.9999976e-05 -0.0060771736 0.041780845)
(0.00019999994 -0.0060771736 0.041780845)
(9.9999967e-05 -0.0059873065 0.041777481)
(0.00019999997 -0.0059873065 0.041777481)
(0.00029999994 -0.006080044 0.03344895)
(0.00039999993 -0.006080044 0.03344895)
(0.00029999994 -0.0059897473 0.033448071)
(0.00039999994 -0.0059897473 0.033448071)
(0.0017000001 -0.0062465757 0.033418766)
(0.0018000001 -0.0062465757 0.033418766)
(0.0017 -0.0061655268 0.033444439)
(0.0018 -0.0061655268 0.033444439)
(0.0017000001 -0.0062450643 0.041759118)
(0.0018000001 -0.0062450643 0.041759118)
(0.0017 -0.006162934 0.041780822)
(0.0018 -0.006162934 0.041780822)
(0.0019000001 -0.0062465757 0.033418766)
(0.002 -0.0062465757 0.033418767)
(0.0019 -0.0061655268 0.033444439)
(0.002 -0.0061655268 0.03344444)
(0.0019000001 -0.0062450643 0.041759117)
(0.002 -0.0062450643 0.041759117)
(0.0019 -0.006162934 0.041780822)
(0.002 -0.0061629339 0.041780822)
(0.0017 -0.006080044 0.033448947)
(0.0018 -0.006080044 0.033448947)
(0.0017 -0.0059897473 0.033448069)
(0.0018 -0.0059897473 0.03344807)
(0.0016999999 -0.0060771736 0.041780843)
(0.0018 -0.0060771736 0.041780843)
(0.0017 -0.0059873065 0.04177748)
(0.0018 -0.0059873065 0.04177748)
(0.0019 -0.006080044 0.033448947)
(0.002 -0.006080044 0.033448947)
(0.0019 -0.0059897473 0.03344807)
(0.0019999999 -0.0059897473 0.03344807)
(0.0019 -0.0060771736 0.041780843)
(0.0019999999 -0.0060771736 0.041780843)
(0.0019 -0.0059873065 0.04177748)
(0.0019999999 -0.0059873065 0.04177748)
(9.9999989e-05 -0.0047000005 0.033474126)
(0.00019999999 -0.0047000005 0.033474127)
(9.9999994e-05 -0.0046000001 0.033474119)
(0.00019999999 -0.0046000001 0.03347412)
(9.9999911e-05 -0.0047000006 0.041807458)
(0.00019999991 -0.0047000006 0.041807462)
(9.9999925e-05 -0.0046000002 0.041807452)
(0.00019999991 -0.0046000002 0.041807455)
(0.0003 -0.0047000005 0.033474127)
(0.00039999999 -0.0047000004 0.033474126)
(0.00030000001 -0.0046000001 0.033474121)
(0.0004 -0.0046000001 0.033474119)
(0.00030000002 -0.0047000006 0.041807462)
(0.00039999999 -0.0047000005 0.041807459)
(0.00030000002 -0.0046000001 0.041807456)
(0.00040000003 -0.0046 0.041807454)
(0.00010000001 -0.0045 0.033474118)
(0.00019999999 -0.0045 0.033474119)
(9.9999972e-05 -0.0045000001 0.041807453)
(0.0001999999 -0.0045000001 0.041807455)
(0.0003 -0.0045 0.033474119)
(0.00040000001 -0.0045 0.033474118)
(0.00029999997 -0.0045 0.041807456)
(0.00040000005 -0.0044999999 0.041807454)
(0.0017 -0.0047000004 0.033474126)
(0.0017999999 -0.0047000004 0.033474126)
(0.0017 -0.0046 0.033474118)
(0.0017999999 -0.0046 0.033474118)
(0.0017000001 -0.0047000004 0.04180746)
(0.0017999998 -0.0047000004 0.04180746)
(0.0017000001 -0.0045999997 0.041807452)
(0.0017999998 -0.0045999998 0.041807452)
(0.0018999998 -0.0047000004 0.033474129)
(0.0019999998 -0.0047000004 0.03347413)
(0.0018999998 -0.0046 0.033474121)
(0.0019999998 -0.0046 0.033474123)
(0.0018999996 -0.0047000004 0.041807463)
(0.0019999996 -0.0047000005 0.041807465)
(0.0018999996 -0.0045999998 0.041807455)
(0.0019999996 -0.0045999999 0.041807459)
(0.0017 -0.0044999998 0.033474114)
(0.0017999999 -0.0044999998 0.033474114)
(0.0017000001 -0.0043999999 0.033474112)
(0.0017999999 -0.0043999999 0.033474112)
(0.0017000002 -0.0044999996 0.041807447)
(0.0017999998 -0.0044999996 0.041807448)
(0.0017000002 -0.0043999997 0.041807444)
(0.0017999998 -0.0043999997 0.041807444)
(0.0018999998 -0.0044999999 0.033474117)
(0.0019999998 -0.0044999999 0.033474119)
(0.0018999998 -0.0043999999 0.033474114)
(0.0019999999 -0.0043999999 0.033474117)
(0.0018999996 -0.0044999996 0.041807451)
(0.0019999997 -0.0044999997 0.041807455)
(0.0018999996 -0.0043999998 0.041807448)
(0.0019999997 -0.0043999998 0.041807452)
(0.0020999999 -0.0047000005 0.03347413)
(0.0022 -0.0047000005 0.033474129)
(0.0020999999 -0.0046 0.033474123)
(0.0022 -0.0046000001 0.033474122)
(0.0020999998 -0.0047000006 0.041807466)
(0.0022 -0.0047000006 0.041807462)
(0.0020999998 -0.0046 0.041807459)
(0.0022 -0.0046000001 0.041807456)
(0.0023 -0.0047000005 0.033474128)
(0.0024000001 -0.0047000005 0.033474128)
(0.0023 -0.0046000001 0.033474121)
(0.0024000001 -0.0046000001 0.033474122)
(0.0032999999 -0.0062465757 0.033418769)
(0.0033999999 -0.0062465757 0.033418769)
(0.0032999999 -0.0061655268 0.03344444)
(0.0034 -0.0061655268 0.03344444)
(0.0032999999 -0.0062450643 0.041759117)
(0.0034 -0.0062450643 0.041759118)
(0.0033 -0.0061629339 0.041780822)
(0.0034 -0.0061629339 0.041780822)
(0.0035 -0.0062465757 0.033418769)
(0.0036000001 -0.0062465757 0.03341877)
(0.0035 -0.0061655268 0.033444441)
(0.0036 -0.0061655268 0.033444441)
(0.0035 -0.0062450643 0.041759118)
(0.0036 -0.0062450643 0.041759119)
(0.0035 -0.0061629339 0.041780822)
(0.0036 -0.0061629339 0.041780823)
(0.0033 -0.006080044 0.033448947)
(0.0034 -0.006080044 0.033448948)
(0.0032999999 -0.0059897473 0.03344807)
(0.0033999999 -0.0059897473 0.033448071)
(0.0033 -0.0060771736 0.041780843)
(0.0034 -0.0060771736 0.041780843)
(0.0033 -0.0059873065 0.04177748)
(0.0034 -0.0059873065 0.04177748)
(0.0035 -0.006080044 0.033448948)
(0.0036 -0.006080044 0.033448948)
(0.0034999999 -0.0059897473 0.033448071)
(0.0036 -0.0059897473 0.033448071)
(0.0035 -0.0060771736 0.041780843)
(0.0036 -0.0060771736 0.041780844)
(0.0034999999 -0.0059873065 0.04177748)
(0.0035999999 -0.0059873065 0.04177748)
(0.0033 -0.0047000004 0.03347413)
(0.0034 -0.0047000005 0.033474129)
(0.0033 -0.0046 0.033474122)
(0.0034 -0.0046 0.03347412)
(0.0033 -0.0047000004 0.041807466)
(0.0034 -0.0047000005 0.041807463)
(0.0033000001 -0.0045999998 0.041807458)
(0.0034000001 -0.0045999999 0.041807454)
(0.0035 -0.0047000005 0.033474128)
(0.0036 -0.0047000005 0.033474129)
(0.0035 -0.0046000001 0.03347412)
(0.0036 -0.0046000001 0.033474122)
(0.0034999999 -0.0047000006 0.041807462)
(0.0035999999 -0.0047000007 0.041807464)
(0.0034999999 -0.0045999999 0.041807454)
(0.0035999999 -0.0046 0.041807458)
(0.0033 -0.0044999999 0.033474117)
(0.0034 -0.0044999999 0.033474116)
(0.0033 -0.0043999999 0.033474114)
(0.0034 -0.0044 0.033474113)
(0.0033000001 -0.0044999997 0.041807453)
(0.0034000001 -0.0044999997 0.04180745)
(0.0033000001 -0.0043999998 0.041807449)
(0.0034000001 -0.0043999999 0.041807446)
(0.0035 -0.0045 0.033474116)
(0.0036 -0.0045 0.033474118)
(0.0035 -0.0044 0.033474113)
(0.0036 -0.0044 0.033474115)
(0.0034999999 -0.0044999997 0.04180745)
(0.0035999999 -0.0044999998 0.041807455)
(0.0034999999 -0.0043999999 0.041807446)
(0.0035999999 -0.0043999999 0.041807451)
(0.0037 -0.0047000006 0.033474129)
(0.0038 -0.0047000006 0.033474128)
(0.0037 -0.0046000002 0.033474123)
(0.0038 -0.0046000002 0.033474122)
(0.0037 -0.0047000008 0.041807464)
(0.0038 -0.0047000009 0.041807462)
(0.0037 -0.0046000002 0.041807459)
(0.0038000001 -0.0046000003 0.041807456)
(0.0039 -0.0047000006 0.033474127)
(0.004 -0.0047000006 0.033474128)
(0.0039 -0.0046000002 0.033474121)
(0.004 -0.0046000002 0.033474122)
(0.0038999999 -0.0047000009 0.041807459)
(0.0039999999 -0.0047000009 0.041807461)
(0.0039 -0.0046000003 0.041807455)
(0.0039999999 -0.0046000004 0.041807456)
(0.0037000001 -0.0045 0.03347412)
(0.0038000001 -0.0045000001 0.03347412)
(0.0037000001 -0.0044 0.033474117)
(0.0038000001 -0.0044 0.033474117)
(0.0037000001 -0.0044999999 0.041807457)
(0.0038000002 -0.0045 0.041807455)
(0.0037000001 -0.0043999999 0.041807453)
(0.0038000002 -0.0043999999 0.041807452)
(0.0039 -0.0045000001 0.033474119)
(0.004 -0.0045000001 0.03347412)
(0.0039 -0.0044 0.033474117)
(0.004 -0.0044000001 0.033474118)
(-9.9999778e-05 -0.0056991739 0.050000001)
(1.094082e-10 -0.0056991739 0.050000001)
(-9.9999777e-05 -0.0056000941 0.050000001)
(1.4215364e-10 -0.0056000941 0.050000001)
(-0.0012000007 -0.0055003306 0.050000001)
(-0.0012000006 -0.0054002924 0.050000001)
(0.00029999983 -0.0060744442 0.050000001)
(0.00039999986 -0.0060744442 0.050000001)
(0.00030000019 -0.0059852093 0.050000001)
(0.00040000024 -0.0059852093 0.050000001)
(0.00049999966 -0.006325 0.041697521)
(0.00059999964 -0.006325 0.041697521)
(0.00049999983 -0.0061602827 0.050000001)
(0.00060000022 -0.0061602827 0.050000001)
(0.00069999968 -0.006325 0.041697521)
(0.00079999974 -0.006325 0.041697521)
(0.00070000022 -0.0061602827 0.050000001)
(0.00079999982 -0.0061602827 0.050000001)
(0.00049999987 -0.0060744442 0.050000001)
(0.00059999986 -0.0060744442 0.050000001)
(0.00050000023 -0.0059852093 0.050000001)
(0.00060000021 -0.0059852093 0.050000001)
(0.00069999984 -0.0060744442 0.050000001)
(0.00079999982 -0.0060744442 0.050000001)
(0.00070000019 -0.0059852093 0.050000001)
(0.00080000019 -0.0059852093 0.050000001)
(0.0021000002 -0.006325 0.041697516)
(0.0022000002 -0.006325 0.041697517)
(0.0021000002 -0.0061602827 0.050000001)
(0.0022000002 -0.0061602827 0.050000001)
(0.0023000002 -0.006325 0.041697518)
(0.0024000003 -0.006325 0.041697516)
(0.0023000002 -0.0061602827 0.050000001)
(0.0024000002 -0.0061602827 0.050000001)
(0.0020999998 -0.0060744442 0.050000001)
(0.0021999998 -0.0060744441 0.050000001)
(0.0020999997 -0.0059852093 0.050000001)
(0.0021999998 -0.0059852093 0.050000001)
(0.0023000002 -0.0060744441 0.050000001)
(0.0024000002 -0.0060744442 0.050000001)
(0.0022999998 -0.0059852093 0.050000001)
(0.0023999999 -0.0059852093 0.050000001)
(0.0017000001 -0.0058925372 0.050000001)
(0.0018000001 -0.0058925372 0.050000001)
(0.0016999999 -0.0057969267 0.050000001)
(0.0017999999 -0.0057969267 0.050000001)
(0.0019 -0.0058925372 0.050000001)
(0.002 -0.0058925372 0.050000001)
(0.0018999998 -0.0057969267 0.050000001)
(0.0019999998 -0.0057969267 0.050000001)
(0.00049999939 -0.0047000001 0.050000001)
(0.00059999917 -0.0047000001 0.050000001)
(0.0004999995 -0.0046000003 0.050000001)
(0.00059999923 -0.0046000003 0.050000001)
(0.00069999971 -0.0047000001 0.050000001)
(0.00079999923 -0.0047000001 0.050000001)
(0.0006999992 -0.0046000003 0.050000001)
(0.00079999935 -0.0046000003 0.050000001)
(0.00050000021 -0.0044999995 0.050000001)
(0.00059999937 -0.0044999996 0.050000001)
(0.00069999934 -0.0044999996 0.050000001)
(0.00080000013 -0.0044999996 0.050000001)
(0.00080000031 -0.0043999997 0.050000001)
(0.0022999997 -0.0047000002 0.050000001)
(0.0023999998 -0.0047000002 0.050000001)
(0.0022999997 -0.0046000003 0.050000001)
(0.0023999999 -0.0046000003 0.050000001)
(0.0021 -0.0044999994 0.050000001)
(0.0022000003 -0.0044999995 0.050000001)
(0.0021 -0.0043999995 0.050000001)
(0.0022000003 -0.0043999996 0.050000001)
(0.0022999998 -0.0044999995 0.050000001)
(0.0024000004 -0.0044999995 0.050000001)
(0.0022999998 -0.0043999996 0.050000001)
(0.0024000004 -0.0043999995 0.050000001)
(0.0017000006 -0.0043000004 0.050000001)
(0.0017999995 -0.0043000004 0.050000001)
(0.0017000006 -0.0042000006 0.050000001)
(0.0017999995 -0.0042000007 0.050000001)
(0.0018999991 -0.0043000004 0.050000001)
(0.0019999992 -0.0043000005 0.050000001)
(0.0018999992 -0.0042000007 0.050000001)
(0.0019999993 -0.0042000007 0.050000001)
(0.0017999997 -0.0041000006 0.050000001)
(0.0018999993 -0.0041000006 0.050000001)
(0.0019999994 -0.0041000006 0.050000001)
(0.0019999995 -0.0039999997 0.050000001)
(0.0036999999 -0.006325 0.041697516)
(0.0038000003 -0.006325 0.041697515)
(0.0037000002 -0.0061602827 0.050000001)
(0.0038000002 -0.0061602827 0.050000001)
(0.0039000003 -0.006325 0.041697513)
(0.0040000003 -0.006325 0.041697511)
(0.0039000003 -0.0061602827 0.050000001)
(0.0040000003 -0.0061602827 0.050000001)
(0.0037000001 -0.0060744441 0.050000001)
(0.0038000002 -0.0060744441 0.050000001)
(0.0036999998 -0.0059852093 0.050000001)
(0.0037999999 -0.0059852093 0.050000001)
(0.0038999999 -0.0060744441 0.050000001)
(0.0039999999 -0.0060744442 0.050000001)
(0.0038999999 -0.0059852093 0.050000001)
(0.0040000003 -0.0059852093 0.050000001)
(0.0032999997 -0.0058925371 0.050000001)
(0.0033999997 -0.0058925371 0.050000001)
(0.0032999997 -0.0057969267 0.050000001)
(0.0034 -0.0057969267 0.050000001)
(0.0034999997 -0.0058925371 0.050000001)
(0.0035999997 -0.0058925371 0.050000001)
(0.0035 -0.0057969267 0.050000001)
(0.0035999997 -0.0057969267 0.050000001)
(0.0032999999 -0.0056991739 0.050000001)
(0.0033999999 -0.0056991739 0.050000001)
(0.0032999999 -0.0056000941 0.050000001)
(0.0033999998 -0.0056000941 0.050000001)
(0.0034999999 -0.0056991739 0.050000001)
(0.0036 -0.0056991739 0.050000001)
(0.0034999998 -0.0056000941 0.050000001)
(0.0035999996 -0.0056000941 0.050000001)
(0.0039000003 -0.0044999998 0.050000001)
(0.0039999996 -0.0044999999 0.050000001)
(0.0039000004 -0.0043999996 0.050000001)
(0.0039999996 -0.0043999997 0.050000001)
(0.0033000004 -0.0043000005 0.050000001)
(0.0034000004 -0.0043000005 0.050000001)
(0.0033000004 -0.0042000008 0.050000001)
(0.0034000004 -0.0042000009 0.050000001)
(0.0034999996 -0.0043000005 0.050000001)
(0.0035999996 -0.0043000004 0.050000001)
(0.0034999996 -0.0042000009 0.050000001)
(0.0035999996 -0.0042000009 0.050000001)
(0.0033000004 -0.0041000008 0.050000001)
(0.0034000005 -0.004100001 0.050000001)
(0.0033000005 -0.0040000006 0.050000001)
(0.0034000005 -0.0040000007 0.050000001)
(0.0034999997 -0.0041000011 0.050000001)
(0.0035999997 -0.004100001 0.050000001)
(0.0034999998 -0.0040000008 0.050000001)
(0.0035999998 -0.0040000008 0.050000001)
(-0.0011000005 -0.0055003306 0.050000001)
(-0.0010000002 -0.0055003306 0.050000001)
(-0.0011000004 -0.0054002924 0.050000001)
(-0.00099999952 -0.0054002924 0.050000001)
(-0.00089999965 -0.0055003306 0.050000001)
(-0.00080000037 -0.0055003305 0.050000001)
(-0.00089999954 -0.0054002924 0.050000001)
(-0.00080000036 -0.0054002924 0.050000001)
(-0.0011000004 -0.0053001888 0.050000001)
(-0.00099999951 -0.0053001888 0.050000001)
(-0.0011000004 -0.005200102 0.050000001)
(-0.00099999955 -0.0052001019 0.050000001)
(-0.00089999952 -0.0053001888 0.050000001)
(-0.00080000037 -0.0053001888 0.050000001)
(-0.00089999951 -0.0052001019 0.050000001)
(-0.00079999978 -0.0052001019 0.050000001)
(9.999967e-05 -0.0058925372 0.050000001)
(0.00020000003 -0.0058925372 0.050000001)
(9.999999e-05 -0.0057969268 0.050000001)
(0.00019999992 -0.0057969268 0.050000001)
(0.00030000007 -0.0058925372 0.050000001)
(0.00040000009 -0.0058925372 0.050000001)
(0.00029999993 -0.0057969268 0.050000001)
(0.00039999994 -0.0057969268 0.050000001)
(9.9999914e-05 -0.0056991739 0.050000001)
(0.00019999981 -0.0056991739 0.050000001)
(9.999942e-05 -0.0056000941 0.050000001)
(0.00019999977 -0.0056000941 0.050000001)
(0.00029999981 -0.0056991739 0.050000001)
(0.00039999981 -0.0056991739 0.050000001)
(0.00029999977 -0.0056000941 0.050000001)
(0.00039999974 -0.0056000941 0.050000001)
(0.00050000007 -0.0058925372 0.050000001)
(0.00060000003 -0.0058925372 0.050000001)
(0.0004999999 -0.0057969268 0.050000001)
(0.00059999984 -0.0057969267 0.050000001)
(0.00070000002 -0.0058925372 0.050000001)
(0.00080000005 -0.0058925372 0.050000001)
(0.00069999982 -0.0057969267 0.050000001)
(0.00079999989 -0.0057969267 0.050000001)
(0.00049999975 -0.0056991739 0.050000001)
(0.00059999967 -0.0056991739 0.050000001)
(0.00049999964 -0.0056000941 0.050000001)
(0.00059999954 -0.0056000941 0.050000001)
(0.00069999966 -0.0056991739 0.050000001)
(0.00079999976 -0.0056991739 0.050000001)
(0.00069999954 -0.0056000941 0.050000001)
(0.00079999968 -0.0056000941 0.050000001)
(0.0016999998 -0.0056991739 0.050000001)
(0.0017999998 -0.0056991739 0.050000001)
(0.0016999998 -0.0056000941 0.050000001)
(0.0017999998 -0.0056000941 0.050000001)
(0.0018999997 -0.0056991739 0.050000001)
(0.0019999996 -0.0056991739 0.050000001)
(0.0018999996 -0.0056000941 0.050000001)
(0.0019999991 -0.0056000941 0.050000001)
(0.0021 -0.0058925372 0.050000001)
(0.0022000001 -0.0058925372 0.050000001)
(0.0020999998 -0.0057969267 0.050000001)
(0.0022 -0.0057969267 0.050000001)
(0.0023000002 -0.0058925372 0.050000001)
(0.0024000002 -0.0058925372 0.050000001)
(0.0023000001 -0.0057969267 0.050000001)
(0.0024000001 -0.0057969267 0.050000001)
(0.0020999997 -0.0056991739 0.050000001)
(0.0021999998 -0.0056991739 0.050000001)
(0.0020999996 -0.0056000941 0.050000001)
(0.0021999998 -0.0056000941 0.050000001)
(0.0023 -0.0056991739 0.050000001)
(0.0024 -0.0056991739 0.050000001)
(0.0022999999 -0.0056000941 0.050000001)
(0.0024 -0.0056000941 0.050000001)
(0.0021000001 -0.0043000005 0.050000001)
(0.0022000003 -0.0043000005 0.050000001)
(0.0021000002 -0.0042000007 0.050000001)
(0.0022000003 -0.0042000007 0.050000001)
(0.0022999997 -0.0043000005 0.050000001)
(0.0023999997 -0.0043000004 0.050000001)
(0.0022999996 -0.0042000006 0.050000001)
(0.0023999996 -0.0042000006 0.050000001)
(0.0021000002 -0.0041000005 0.050000001)
(0.0022000003 -0.0041000005 0.050000001)
(0.0021000003 -0.0039999995 0.050000001)
(0.0022000003 -0.0039999994 0.050000001)
(0.0022999996 -0.0041000004 0.050000001)
(0.0023999996 -0.0041000003 0.050000001)
(0.0022999996 -0.0039999994 0.050000001)
(0.0023999996 -0.0039999993 0.050000001)
(0.0036999998 -0.0058925371 0.050000001)
(0.0038000003 -0.0058925371 0.050000001)
(0.0037000002 -0.0057969267 0.050000001)
(0.0038000003 -0.0057969267 0.050000001)
(0.0039000003 -0.0058925372 0.050000001)
(0.0040000002 -0.0058925372 0.050000001)
(0.0039000002 -0.0057969267 0.050000001)
(0.0040000001 -0.0057969267 0.050000001)
(0.0037000002 -0.0056991739 0.050000001)
(0.0038000003 -0.0056991739 0.050000001)
(0.0037000003 -0.0056000941 0.050000001)
(0.0038000005 -0.0056000941 0.050000001)
(0.0039000003 -0.0056991739 0.050000001)
(0.0039999997 -0.0056991739 0.050000001)
(0.0038999999 -0.0056000941 0.050000001)
(0.0039999997 -0.0056000941 0.050000001)
(0.0037000004 -0.0042999998 0.050000001)
(0.0038000006 -0.0042999997 0.050000001)
(0.0036999999 -0.0042000008 0.050000001)
(0.0038000006 -0.0042000007 0.050000001)
(0.0039000005 -0.0042999997 0.050000001)
(0.0039999997 -0.0042999998 0.050000001)
(0.0039000005 -0.0042000006 0.050000001)
(0.0039999997 -0.0042000006 0.050000001)
(0.0037000004 -0.004100001 0.050000001)
(0.0038000005 -0.0041000009 0.050000001)
(0.0037000004 -0.0040000008 0.050000001)
(0.0037999998 -0.0040000006 0.050000001)
(0.0038999998 -0.0041000007 0.050000001)
(0.0039999998 -0.0041000006 0.050000001)
(0.0038999998 -0.0040000004 0.050000001)
(0.0040000005 -0.0039999997 0.050000001)
(-0.0011000005 -0.0051000478 0.050000001)
(-0.00099999957 -0.0051000477 0.050000001)
(-0.00099999957 -0.0050000194 0.050000001)
(-0.00089999947 -0.0051000477 0.050000001)
(-0.00079999971 -0.0051000477 0.050000001)
(-0.00089999941 -0.0050000194 0.050000001)
(-0.00079999963 -0.0050000194 0.050000001)
(-0.00099999954 -0.0049000064 0.050000001)
(-0.00089999935 -0.0049000065 0.050000001)
(-0.00079999956 -0.0049000065 0.050000001)
(-0.00089999929 -0.0048000014 0.050000001)
(-0.00079999949 -0.0048000014 0.050000001)
(0.00089999977 -0.006325 0.041697521)
(0.00099999977 -0.006325 0.041697522)
(0.00089999981 -0.0061602827 0.050000001)
(0.00099999983 -0.0061602827 0.050000001)
(0.0010999998 -0.006325 0.041697522)
(0.0011999997 -0.006325 0.041697521)
(0.0010999999 -0.0061602827 0.050000001)
(0.0011999998 -0.0061602827 0.050000001)
(0.00089999982 -0.0060744442 0.050000001)
(0.00099999983 -0.0060744442 0.050000001)
(0.00090000019 -0.0059852093 0.050000001)
(0.0010000002 -0.0059852093 0.050000001)
(0.0011000002 -0.0060744442 0.050000001)
(0.0012000002 -0.0060744442 0.050000001)
(0.0011000002 -0.0059852093 0.050000001)
(0.0012000002 -0.0059852093 0.050000001)
(0.0024999999 -0.006325 0.041697514)
(0.0025999998 -0.006325 0.041697512)
(0.0025000002 -0.0061602827 0.050000001)
(0.0026000002 -0.0061602827 0.050000001)
(0.0026999998 -0.006325 0.04169751)
(0.0027999997 -0.006325 0.041697508)
(0.0027000001 -0.0061602827 0.050000001)
(0.0028000002 -0.0061602827 0.050000001)
(0.0025000002 -0.0060744442 0.050000001)
(0.0026000002 -0.0060744442 0.050000001)
(0.0024999998 -0.0059852093 0.050000001)
(0.0025999998 -0.0059852093 0.050000001)
(0.0026999998 -0.0060744442 0.050000001)
(0.0027999998 -0.0060744442 0.050000001)
(0.0026999998 -0.0059852093 0.050000001)
(0.0027999998 -0.0059852093 0.050000001)
(0.00089999945 -0.0047000002 0.050000001)
(0.0010000003 -0.0047000002 0.050000001)
(0.00089999959 -0.0046000004 0.050000001)
(0.0010000003 -0.0046000004 0.050000001)
(0.0011000003 -0.0047000002 0.050000001)
(0.0011999996 -0.0047000002 0.050000001)
(0.0011000002 -0.0046000004 0.050000001)
(0.0011999995 -0.0045999997 0.050000001)
(0.00090000035 -0.0044999996 0.050000001)
(0.0010000004 -0.0044999996 0.050000001)
(0.00090000046 -0.0043999997 0.050000001)
(0.00099999977 -0.0043999997 0.050000001)
(0.0010999996 -0.0044999996 0.050000001)
(0.0011999994 -0.0044999995 0.050000001)
(0.0010999995 -0.0043999996 0.050000001)
(0.0011999993 -0.0043999996 0.050000001)
(0.0012999997 -0.0047000001 0.050000001)
(0.0014000006 -0.0046999999 0.050000001)
(0.0012999996 -0.0046000001 0.050000001)
(0.0014000006 -0.0045999993 0.050000001)
(0.0025000006 -0.0047000002 0.050000001)
(0.0026000006 -0.0047000002 0.050000001)
(0.0025000005 -0.0046000003 0.050000001)
(0.0026000005 -0.0046000003 0.050000001)
(0.0026999999 -0.0047000001 0.050000001)
(0.0028000005 -0.0046999999 0.050000001)
(0.0026999998 -0.0045999996 0.050000001)
(0.0028000005 -0.0045999994 0.050000001)
(0.0025000005 -0.0044999995 0.050000001)
(0.0025999998 -0.0044999994 0.050000001)
(0.0025000004 -0.0043999994 0.050000001)
(0.0025999998 -0.0043999994 0.050000001)
(0.0026999997 -0.0044999993 0.050000001)
(0.0028000005 -0.0044999992 0.050000001)
(0.0026999997 -0.0043999994 0.050000001)
(0.0028000005 -0.0043999994 0.050000001)
(0.0029000007 -0.0046999997 0.050000001)
(0.0030000006 -0.0046999996 0.050000001)
(0.0029000007 -0.0045999991 0.050000001)
(0.0030000006 -0.004599999 0.050000001)
(0.0030999997 -0.0046999996 0.050000001)
(0.0031999996 -0.0046999997 0.050000001)
(0.0030999998 -0.004599999 0.050000001)
(0.0031999997 -0.0045999991 0.050000001)
(0.0029000007 -0.0044999991 0.050000001)
(0.0030000006 -0.004499999 0.050000001)
(0.0029000007 -0.0043999994 0.050000001)
(0.0030000006 -0.0043999994 0.050000001)
(0.0041000003 -0.006325 0.041697509)
(0.0042000002 -0.006325 0.041697508)
(0.0041000003 -0.0061602827 0.050000001)
(0.0042000002 -0.0061602827 0.050000001)
(0.0043000002 -0.006325 0.041697507)
(0.0044000002 -0.006325 0.041697509)
(0.0043000002 -0.0061602827 0.050000001)
(0.0044000001 -0.0061602827 0.050000001)
(0.0040999999 -0.0060744442 0.050000001)
(0.0041999998 -0.0060744441 0.050000001)
(0.0041000002 -0.0059852093 0.050000001)
(0.0042000002 -0.0059852093 0.050000001)
(0.0042999998 -0.0060744441 0.050000001)
(0.0043999998 -0.0060744441 0.050000001)
(0.0042999998 -0.0059852093 0.050000001)
(0.0043999998 -0.0059852093 0.050000001)
(0.0044999999 -0.006325 0.041697513)
(0.0046000008 -0.006325 0.041697518)
(0.0044999998 -0.0061602827 0.050000001)
(0.0046000001 -0.0061602827 0.050000001)
(0.0040999997 -0.0047000005 0.050000001)
(0.0042000007 -0.0047000004 0.050000001)
(0.0040999997 -0.0046000008 0.050000001)
(0.0042000007 -0.0046000001 0.050000001)
(0.0040999997 -0.0045 0.050000001)
(0.0042000006 -0.0044999999 0.050000001)
(0.0040999997 -0.0043999998 0.050000001)
(-0.00070000039 -0.0055003305 0.050000001)
(-0.00059999971 -0.0055003305 0.050000001)
(-0.00070000044 -0.0054002923 0.050000001)
(-0.00059999971 -0.0054002923 0.050000001)
(-0.0004999997 -0.0055003305 0.050000001)
(-0.00040000046 -0.0055003305 0.050000001)
(-0.00049999962 -0.0054002923 0.050000001)
(-0.00040000038 -0.0054002923 0.050000001)
(-0.00070000051 -0.0053001887 0.050000001)
(-0.00060000035 -0.0053001887 0.050000001)
(-0.00070000055 -0.0052001019 0.050000001)
(-0.00060000044 -0.0052001019 0.050000001)
(-0.00049999961 -0.0053001887 0.050000001)
(-0.00039999973 -0.0053001887 0.050000001)
(-0.00049999967 -0.0052001019 0.050000001)
(-0.00039999972 -0.0052001019 0.050000001)
(0.0012999997 -0.006325 0.041697522)
(0.0013999997 -0.006325 0.041697521)
(0.0012999998 -0.0061602827 0.050000001)
(0.0013999997 -0.0061602827 0.050000001)
(0.0014999997 -0.006325 0.04169752)
(0.0015999997 -0.006325 0.041697519)
(0.0014999998 -0.0061602827 0.050000001)
(0.0015999998 -0.0061602827 0.050000001)
(0.0013000001 -0.0060744442 0.050000001)
(0.0014000001 -0.0060744442 0.050000001)
(0.0013000001 -0.0059852093 0.050000001)
(0.0014000001 -0.0059852093 0.050000001)
(0.0015000002 -0.0060744442 0.050000001)
(0.0015999998 -0.0060744442 0.050000001)
(0.0015000001 -0.0059852093 0.050000001)
(0.0016000002 -0.0059852093 0.050000001)
(0.0009000001 -0.0058925372 0.050000001)
(0.0010000001 -0.0058925372 0.050000001)
(0.0009 -0.0057969267 0.050000001)
(0.0010000001 -0.0057969267 0.050000001)
(0.0029000002 -0.006325 0.041697508)
(0.0030000002 -0.006325 0.041697508)
(0.0028999998 -0.0061602827 0.050000001)
(0.0029999998 -0.0061602827 0.050000001)
(0.0031000001 -0.006325 0.041697509)
(0.0032000001 -0.006325 0.041697511)
(0.0030999998 -0.0061602827 0.050000001)
(0.0031999998 -0.0061602827 0.050000001)
(0.0028999998 -0.0060744442 0.050000001)
(0.0029999998 -0.0060744442 0.050000001)
(0.0029000002 -0.0059852093 0.050000001)
(0.0030000002 -0.0059852093 0.050000001)
(0.0031000002 -0.0060744442 0.050000001)
(0.0032000002 -0.0060744442 0.050000001)
(0.0031000002 -0.0059852093 0.050000001)
(0.0032000001 -0.0059852093 0.050000001)
(0.0025000002 -0.0058925372 0.050000001)
(0.0026000002 -0.0058925372 0.050000001)
(0.0025000001 -0.0057969267 0.050000001)
(0.0026000001 -0.0057969267 0.050000001)
(0.0027000002 -0.0058925372 0.050000001)
(0.0028000002 -0.0058925372 0.050000001)
(0.0027000001 -0.0057969267 0.050000001)
(0.0028 -0.0057969267 0.050000001)
(0.0025 -0.0056991739 0.050000001)
(0.0026 -0.0056991739 0.050000001)
(0.0025000001 -0.0056000941 0.050000001)
(0.0026000001 -0.0056000941 0.050000001)
(0.0015000008 -0.0046999998 0.050000001)
(0.0016000008 -0.0046999998 0.050000001)
(0.0015000009 -0.0045999992 0.050000001)
(0.0016000009 -0.0045999991 0.050000001)
(0.0012999995 -0.0044999994 0.050000001)
(0.0014000005 -0.0044999992 0.050000001)
(0.0012999994 -0.0043999995 0.050000001)
(0.0013999998 -0.0043999994 0.050000001)
(0.0015000009 -0.004499999 0.050000001)
(0.0016000009 -0.004499999 0.050000001)
(0.0015000008 -0.0043999993 0.050000001)
(0.0016000009 -0.0043999993 0.050000001)
(0.0011999992 -0.0043000004 0.050000001)
(0.0030999998 -0.004499999 0.050000001)
(0.0031999997 -0.0044999991 0.050000001)
(0.0030999998 -0.0043999994 0.050000001)
(0.0031999997 -0.0043999994 0.050000001)
(0.0025000004 -0.0043000003 0.050000001)
(0.0025999998 -0.0043000003 0.050000001)
(0.0025000003 -0.0042000005 0.050000001)
(0.0025999998 -0.0042000005 0.050000001)
(0.0026999998 -0.0043000003 0.050000001)
(0.0028 -0.0043000004 0.050000001)
(0.0026999998 -0.0042000006 0.050000001)
(0.0028000006 -0.0042000006 0.050000001)
(0.0025000003 -0.0041000003 0.050000001)
(0.0026000003 -0.0041000003 0.050000001)
(0.0025000003 -0.0039999993 0.050000001)
(0.0026000004 -0.0039999993 0.050000001)
(0.0026999998 -0.0041000004 0.050000001)
(0.0028000005 -0.0041000004 0.050000001)
(0.0026999997 -0.0039999994 0.050000001)
(0.0027999997 -0.0039999994 0.050000001)
(0.0044999999 -0.0060744441 0.050000001)
(0.0046000002 -0.0060744442 0.050000001)
(0.0045 -0.0059852093 0.050000001)
(0.0041000001 -0.0058925372 0.050000001)
(0.0042000001 -0.0058925372 0.050000001)
(0.0041 -0.0057969267 0.050000001)
(0.0042 -0.0057969267 0.050000001)
(0.0043000001 -0.0058925372 0.050000001)
(0.0044000002 -0.0058925372 0.050000001)
(0.0042999997 -0.0057969267 0.050000001)
(0.0043999998 -0.0057969267 0.050000001)
(0.0040999997 -0.0056991739 0.050000001)
(0.0041999997 -0.0056991739 0.050000001)
(0.0040999997 -0.0056000941 0.050000001)
(0.0041999998 -0.0056000941 0.050000001)
(0.0042999998 -0.0056991739 0.050000001)
(0.0043999998 -0.005699174 0.050000001)
(0.0042999998 -0.0056000942 0.050000001)
(0.0043999998 -0.0056000942 0.050000001)
(0.0040999997 -0.0042999999 0.050000001)
(0.0040999998 -0.0042000006 0.050000001)
(-0.00030000062 -0.0055003305 0.050000001)
(-0.00020000049 -0.0055003305 0.050000001)
(-0.00030000059 -0.0054002923 0.050000001)
(-0.00020000051 -0.0054002923 0.050000001)
(-9.9999738e-05 -0.0055003305 0.050000001)
(2.3222593e-10 -0.0055003305 0.050000001)
(-9.999971e-05 -0.0054002923 0.050000001)
(2.9682955e-10 -0.0054002923 0.050000001)
(-0.00030000054 -0.0053001887 0.050000001)
(-0.00020000051 -0.0053001887 0.050000001)
(-0.0003000005 -0.0052001019 0.050000001)
(-0.00020000049 -0.0052001019 0.050000001)
(-9.999972e-05 -0.0053001887 0.050000001)
(3.0185713e-10 -0.0053001887 0.050000001)
(-9.9999716e-05 -0.0052001019 0.050000001)
(2.9676863e-10 -0.0052001019 0.050000001)
(-0.00070000055 -0.0051000477 0.050000001)
(-0.00060000054 -0.0051000477 0.050000001)
(-0.00070000053 -0.0050000194 0.050000001)
(-0.00060000063 -0.0050000195 0.050000001)
(0.0010999998 -0.0058925372 0.050000001)
(0.0011999998 -0.0058925372 0.050000001)
(0.0011000002 -0.0057969267 0.050000001)
(0.0011999998 -0.0057969267 0.050000001)
(0.0008999999 -0.0056991739 0.050000001)
(0.00099999999 -0.0056991739 0.050000001)
(0.00089999985 -0.0056000941 0.050000001)
(0.00099999994 -0.0056000941 0.050000001)
(0.0011 -0.0056991739 0.050000001)
(0.0012000001 -0.0056991739 0.050000001)
(0.0010999999 -0.0056000941 0.050000001)
(0.0011999999 -0.0056000941 0.050000001)
(0.0012999998 -0.0058925372 0.050000001)
(0.0013999998 -0.0058925372 0.050000001)
(0.0012999998 -0.0057969267 0.050000001)
(0.0013999998 -0.0057969267 0.050000001)
(0.0014999997 -0.0058925372 0.050000001)
(0.0016000001 -0.0058925372 0.050000001)
(0.0015000001 -0.0057969267 0.050000001)
(0.0016 -0.0057969267 0.050000001)
(0.0013000001 -0.0056991739 0.050000001)
(0.0014000002 -0.0056991739 0.050000001)
(0.0013 -0.0056000941 0.050000001)
(0.0014000002 -0.0056000941 0.050000001)
(0.0015000001 -0.0056991739 0.050000001)
(0.0015999999 -0.0056991739 0.050000001)
(0.0015000001 -0.0056000941 0.050000001)
(0.0015999994 -0.0056000941 0.050000001)
(0.0027 -0.0056991739 0.050000001)
(0.0027999999 -0.0056991739 0.050000001)
(0.0027 -0.0056000941 0.050000001)
(0.0027999994 -0.0056000941 0.050000001)
(0.0029000002 -0.0058925372 0.050000001)
(0.0030000002 -0.0058925371 0.050000001)
(0.0029000001 -0.0057969267 0.050000001)
(0.0030000001 -0.0057969267 0.050000001)
(0.0030999998 -0.0058925371 0.050000001)
(0.0031999997 -0.0058925371 0.050000001)
(0.0031000001 -0.0057969267 0.050000001)
(0.0032000001 -0.0057969267 0.050000001)
(0.0028999999 -0.0056991739 0.050000001)
(0.003 -0.0056991739 0.050000001)
(0.0028999999 -0.0056000941 0.050000001)
(0.003 -0.0056000941 0.050000001)
(0.0031000001 -0.0056991739 0.050000001)
(0.0032 -0.0056991739 0.050000001)
(0.0031000001 -0.0056000941 0.050000001)
(0.0032 -0.0056000941 0.050000001)
(0.0012999993 -0.0043000003 0.050000001)
(0.0013999997 -0.0043000003 0.050000001)
(0.0015000007 -0.0043000003 0.050000001)
(0.0016000009 -0.0043000003 0.050000001)
(0.0015000006 -0.0042000005 0.050000001)
(0.0016000008 -0.0042000006 0.050000001)
(0.0029000008 -0.0043000004 0.050000001)
(0.0030000006 -0.0043000005 0.050000001)
(0.0029000008 -0.0042000007 0.050000001)
(0.0030000006 -0.0042000007 0.050000001)
(0.0030999998 -0.0043000005 0.050000001)
(0.0031999997 -0.0043000005 0.050000001)
(0.0030999998 -0.0042000007 0.050000001)
(0.0031999997 -0.0042000007 0.050000001)
(0.0029000006 -0.0041000005 0.050000001)
(0.0030000005 -0.0041000005 0.050000001)
(0.0028999998 -0.0039999995 0.050000001)
(0.0030000004 -0.0039999996 0.050000001)
(0.0030999997 -0.0040999999 0.050000001)
(0.0031999997 -0.0041 0.050000001)
(0.0030999996 -0.0039999997 0.050000001)
(0.0031999997 -0.0039999998 0.050000001)
(0.0045000004 -0.0058925372 0.050000001)
(0.0045000003 -0.0057969267 0.050000001)
(0.0033000005 -0.0038999998 0.050000001)
(0.0034000006 -0.0038999998 0.050000001)
(0.0033000005 -0.0037999998 0.050000001)
(0.0034000006 -0.0037999998 0.050000001)
(0.0035 -0.0038999999 0.050000001)
(0.0036000005 -0.0038999999 0.050000001)
(0.0035000001 -0.0037999998 0.050000001)
(0.0036000007 -0.0037999998 0.050000001)
(-0.00049999979 -0.0051000477 0.050000001)
(-0.00039999976 -0.0051000477 0.050000001)
(-0.00050000049 -0.0050000195 0.050000001)
(-0.00039999983 -0.0050000195 0.050000001)
(-0.00070000051 -0.0049000066 0.050000001)
(-0.00060000068 -0.0049000067 0.050000001)
(-0.00070000045 -0.0048000015 0.050000001)
(-0.00060000063 -0.0048000016 0.050000001)
(-0.00050000057 -0.0049000067 0.050000001)
(-0.00039999988 -0.0049000068 0.050000001)
(-0.00049999995 -0.0048000018 0.050000001)
(-0.00039999987 -0.0048000018 0.050000001)
(-0.00030000046 -0.0051000477 0.050000001)
(-0.00019999984 -0.0051000477 0.050000001)
(-0.00030000041 -0.0050000195 0.050000001)
(-0.00019999974 -0.0050000195 0.050000001)
(-9.9999659e-05 -0.0051000477 0.050000001)
(3.1567829e-10 -0.0051000477 0.050000001)
(-9.9999576e-05 -0.0050000194 0.050000001)
(3.5144028e-10 -0.0050000194 0.050000001)
(-0.00030000041 -0.0049000068 0.050000001)
(-0.00020000027 -0.0049000067 0.050000001)
(-0.00030000045 -0.0048000018 0.050000001)
(-0.00020000034 -0.0048000018 0.050000001)
(-9.9999542e-05 -0.0049000066 0.050000001)
(3.7226588e-10 -0.0049000066 0.050000001)
(-9.9999586e-05 -0.0048000017 0.050000001)
(3.6326495e-10 -0.0048000016 0.050000001)
(9.9999457e-05 -0.0055003305 0.050000001)
(0.00019999932 -0.0055003305 0.050000001)
(9.9999514e-05 -0.0054002923 0.050000001)
(0.00019999942 -0.0054002923 0.050000001)
(0.00029999933 -0.0055003305 0.050000001)
(0.00039999981 -0.0055003305 0.050000001)
(0.00029999948 -0.0054002923 0.050000001)
(0.00039999938 -0.0054002923 0.050000001)
(9.9999537e-05 -0.0053001887 0.050000001)
(0.00019999949 -0.0053001887 0.050000001)
(9.9999539e-05 -0.0052001019 0.050000001)
(0.00019999951 -0.0052001019 0.050000001)
(0.00030000016 -0.0053001887 0.050000001)
(0.00040000004 -0.0053001887 0.050000001)
(0.00030000019 -0.0052001018 0.050000001)
(0.00040000008 -0.0052001018 0.050000001)
(0.0016999994 -0.0055003305 0.050000001)
(0.0017999993 -0.0055003305 0.050000001)
(0.0016999995 -0.0054002923 0.050000001)
(0.0018 -0.0054002923 0.050000001)
(0.0018999992 -0.0055003305 0.050000001)
(0.0019999991 -0.0055003305 0.050000001)
(0.0018999992 -0.0054002923 0.050000001)
(0.0019999992 -0.0054002923 0.050000001)
(0.0017000002 -0.0053001887 0.050000001)
(0.0018000001 -0.0053001887 0.050000001)
(0.0017000003 -0.0052001019 0.050000001)
(0.0018000001 -0.0052001019 0.050000001)
(0.0018999993 -0.0053001887 0.050000001)
(0.0019999993 -0.0053001887 0.050000001)
(0.0018999993 -0.0052001019 0.050000001)
(0.0019999993 -0.0052001019 0.050000001)
(0.0022000003 -0.0038999992 0.050000001)
(0.0022999996 -0.0038999991 0.050000001)
(0.0023999996 -0.003899999 0.050000001)
(0.0022999996 -0.0037999992 0.050000001)
(0.0023999996 -0.0037999992 0.050000001)
(0.0032999995 -0.0055003305 0.050000001)
(0.0033999993 -0.0055003305 0.050000001)
(0.0032999997 -0.0054002923 0.050000001)
(0.0033999995 -0.0054002923 0.050000001)
(0.0034999994 -0.0055003305 0.050000001)
(0.0035999997 -0.0055003305 0.050000001)
(0.0034999995 -0.0054002923 0.050000001)
(0.0035999998 -0.0054002923 0.050000001)
(0.0032999999 -0.0053001888 0.050000001)
(0.0033999996 -0.0053001888 0.050000001)
(0.0032999998 -0.005200102 0.050000001)
(0.0033999996 -0.005200102 0.050000001)
(0.0034999996 -0.0053001888 0.050000001)
(0.0035999998 -0.0053001888 0.050000001)
(0.0034999996 -0.005200102 0.050000001)
(0.0035999998 -0.005200102 0.050000001)
(0.0037000005 -0.0055003305 0.050000001)
(0.0038000006 -0.0055003305 0.050000001)
(0.0037000007 -0.0054002923 0.050000001)
(0.0038000006 -0.0054002923 0.050000001)
(0.0039000004 -0.0055003305 0.050000001)
(0.0039999997 -0.0055003305 0.050000001)
(0.0038999998 -0.0054002923 0.050000001)
(0.0039999997 -0.0054002923 0.050000001)
(0.0033000004 -0.0037000005 0.050000001)
(0.0034000006 -0.0037000005 0.050000001)
(0.0033000002 -0.0036000005 0.050000001)
(0.0034000005 -0.0036000005 0.050000001)
(0.0035000001 -0.0037000005 0.050000001)
(0.0036000008 -0.0037000005 0.050000001)
(0.0035000002 -0.0036000005 0.050000001)
(0.0036000008 -0.0036000005 0.050000001)
(0.0037000005 -0.0038999998 0.050000001)
(0.0037999998 -0.0038999997 0.050000001)
(0.0037000006 -0.0037999997 0.050000001)
(0.0037999998 -0.0037999997 0.050000001)
(0.0038999998 -0.0038999996 0.050000001)
(0.0038999998 -0.0037999996 0.050000001)
(0.0037000006 -0.0037000005 0.050000001)
(0.0037999998 -0.0037000004 0.050000001)
(0.0037000007 -0.0036000005 0.050000001)
(0.00049999907 -0.0055003305 0.050000001)
(0.00059999892 -0.0055003305 0.050000001)
(0.00049999908 -0.0054002923 0.050000001)
(0.00059999885 -0.0054002923 0.050000001)
(0.00069999894 -0.0055003305 0.050000001)
(0.00079999915 -0.0055003305 0.050000001)
(0.00069999888 -0.0054002923 0.050000001)
(0.00079999916 -0.0054002923 0.050000001)
(0.00049999911 -0.0053001887 0.050000001)
(0.00059999884 -0.0053001887 0.050000001)
(0.00049999914 -0.0052001018 0.050000001)
(0.0005999989 -0.0052001018 0.050000001)
(0.00069999888 -0.0053001887 0.050000001)
(0.00079999916 -0.0053001887 0.050000001)
(0.0006999995 -0.0052001018 0.050000001)
(0.00079999914 -0.0052001018 0.050000001)
(9.9999542e-05 -0.0051000477 0.050000001)
(0.00019999951 -0.0051000477 0.050000001)
(9.9999551e-05 -0.0050000194 0.050000001)
(0.00019999952 -0.0050000194 0.050000001)
(0.00030000021 -0.0051000476 0.050000001)
(0.0004000001 -0.0051000476 0.050000001)
(0.00030000023 -0.0050000193 0.050000001)
(0.00040000014 -0.0050000193 0.050000001)
(9.9999561e-05 -0.0049000065 0.050000001)
(0.00019999953 -0.0049000065 0.050000001)
(9.9999569e-05 -0.0048000016 0.050000001)
(0.00019999955 -0.0048000016 0.050000001)
(0.0020999992 -0.0055003305 0.050000001)
(0.0021999993 -0.0055003305 0.050000001)
(0.0020999994 -0.0054002923 0.050000001)
(0.0021999994 -0.0054002923 0.050000001)
(0.0022999994 -0.0055003305 0.050000001)
(0.0023999995 -0.0055003305 0.050000001)
(0.0022999994 -0.0054002923 0.050000001)
(0.0023999995 -0.0054002923 0.050000001)
(0.0021000001 -0.0053001887 0.050000001)
(0.0022000001 -0.0053001887 0.050000001)
(0.0021000001 -0.0052001019 0.050000001)
(0.0022000002 -0.0052001019 0.050000001)
(0.0022999995 -0.0053001888 0.050000001)
(0.0023999996 -0.0053001888 0.050000001)
(0.0022999995 -0.0052001019 0.050000001)
(0.0023999996 -0.005200102 0.050000001)
(0.0017000003 -0.0051000478 0.050000001)
(0.0018000002 -0.0051000478 0.050000001)
(0.0017000004 -0.0050000196 0.050000001)
(0.0018000002 -0.0050000196 0.050000001)
(0.0018999994 -0.0051000478 0.050000001)
(0.0019999994 -0.0051000478 0.050000001)
(0.0018999994 -0.0050000196 0.050000001)
(0.0019999994 -0.0050000195 0.050000001)
(0.0017000004 -0.0049000068 0.050000001)
(0.0018000002 -0.0049000068 0.050000001)
(0.0017000004 -0.0048000017 0.050000001)
(0.0017999996 -0.0048000017 0.050000001)
(0.0018999994 -0.0049000068 0.050000001)
(0.0019999994 -0.0049000068 0.050000001)
(0.0018999993 -0.0048000017 0.050000001)
(0.0019999993 -0.0048000017 0.050000001)
(0.0037000007 -0.0053001888 0.050000001)
(0.0038000007 -0.0053001888 0.050000001)
(0.0037000007 -0.005200102 0.050000001)
(0.0038000006 -0.0052001019 0.050000001)
(0.0038999998 -0.0053001888 0.050000001)
(0.0039999997 -0.0053001887 0.050000001)
(0.0038999998 -0.0052001019 0.050000001)
(0.0039999998 -0.0052001019 0.050000001)
(0.0032999997 -0.0051000479 0.050000001)
(0.0034000001 -0.0051000479 0.050000001)
(0.0032999996 -0.0050000197 0.050000001)
(0.0034000002 -0.0050000197 0.050000001)
(0.0034999995 -0.0051000479 0.050000001)
(0.0035999998 -0.0051000479 0.050000001)
(0.0034999996 -0.0050000197 0.050000001)
(0.0035999997 -0.0050000197 0.050000001)
(0.0032999996 -0.0049000068 0.050000001)
(0.0034000002 -0.0049000069 0.050000001)
(0.0032999996 -0.0048000017 0.050000001)
(0.0034000003 -0.0048000018 0.050000001)
(0.0034999996 -0.0049000069 0.050000001)
(0.0035999997 -0.004900007 0.050000001)
(0.0034999996 -0.0048000019 0.050000001)
(0.0035999996 -0.004800002 0.050000001)
(0.0032999995 -0.0034999998 0.050000001)
(0.0033999998 -0.0034999998 0.050000001)
(0.0032999993 -0.0033999999 0.050000001)
(0.0033999997 -0.0033999998 0.050000001)
(0.0035000008 -0.0034999997 0.050000001)
(0.0036000009 -0.0034999997 0.050000001)
(0.0035000008 -0.0033999997 0.050000001)
(0.0032999992 -0.0033000006 0.050000001)
(0.0033999997 -0.0033000005 0.050000001)
(0.0037000007 -0.0034999997 0.050000001)
(-0.0012999999 -0.006325 0.041697512)
(-0.0011999999 -0.006325 0.041697515)
(-0.0013000001 -0.0061602827 0.050000001)
(-0.0012000002 -0.0061602827 0.050000001)
(-0.0012999998 -0.0060744442 0.050000001)
(-0.0011999998 -0.0060744442 0.050000001)
(-0.0012999999 -0.0059852093 0.050000001)
(-0.0011999999 -0.0059852093 0.050000001)
(-0.0010999999 -0.006325 0.041697518)
(-0.00099999994 -0.006325 0.041697521)
(-0.0011000002 -0.0061602827 0.050000001)
(-0.0010000002 -0.0061602827 0.050000001)
(-0.00089999992 -0.006325 0.041697524)
(-0.00079999987 -0.006325 0.041697525)
(-0.00090000025 -0.0061602827 0.050000001)
(-0.00080000026 -0.0061602827 0.050000001)
(-0.0010999998 -0.0060744442 0.050000001)
(-0.00099999985 -0.0060744442 0.050000001)
(-0.0010999999 -0.0059852093 0.050000001)
(-0.00099999987 -0.0059852093 0.050000001)
(-0.00089999987 -0.0060744442 0.050000001)
(-0.00079999989 -0.0060744442 0.050000001)
(-0.00089999985 -0.0059852093 0.050000001)
(-0.00080000026 -0.0059852093 0.050000001)
(-0.00079999943 -0.0046999999 0.050000001)
(-0.0007999994 -0.0046000001 0.050000001)
(-0.00079999943 -0.0044999996 0.050000001)
(0.00030000025 -0.0049000065 0.050000001)
(0.00040000017 -0.0049000065 0.050000001)
(0.00030000028 -0.0048000016 0.050000001)
(0.00040000021 -0.0048000016 0.050000001)
(0.00049999919 -0.0051000476 0.050000001)
(0.00059999899 -0.0051000476 0.050000001)
(0.00049999925 -0.0050000193 0.050000001)
(0.00059999906 -0.0050000193 0.050000001)
(0.00069999958 -0.0051000476 0.050000001)
(0.00079999914 -0.0051000476 0.050000001)
(0.00069999965 -0.0050000193 0.050000001)
(0.00079999915 -0.0050000193 0.050000001)
(0.00049999929 -0.0049000065 0.050000001)
(0.00059999912 -0.0049000066 0.050000001)
(0.00049999934 -0.0048000016 0.050000001)
(0.00059999915 -0.0048000016 0.050000001)
(0.00069999969 -0.0049000066 0.050000001)
(0.00079999918 -0.0049000066 0.050000001)
(0.00069999971 -0.0048000016 0.050000001)
(0.00079999919 -0.0048000017 0.050000001)
(0.0021000002 -0.0051000478 0.050000001)
(0.0022000002 -0.0051000478 0.050000001)
(0.0021000002 -0.0050000195 0.050000001)
(0.0022000003 -0.0050000195 0.050000001)
(0.0022999996 -0.0051000478 0.050000001)
(0.0023999996 -0.0051000478 0.050000001)
(0.0022999996 -0.0050000196 0.050000001)
(0.0023999997 -0.0050000196 0.050000001)
(0.0021000002 -0.0049000068 0.050000001)
(0.0022000003 -0.0049000068 0.050000001)
(0.0020999996 -0.0048000017 0.050000001)
(0.0022000003 -0.0048000018 0.050000001)
(0.0022999997 -0.0049000068 0.050000001)
(0.0023999997 -0.0049000068 0.050000001)
(0.0022999997 -0.0048000018 0.050000001)
(0.0023999998 -0.0048000018 0.050000001)
(0.0025000004 -0.003899999 0.050000001)
(0.0026000004 -0.003899999 0.050000001)
(0.0025000004 -0.0037999992 0.050000001)
(0.0026000004 -0.0037999992 0.050000001)
(0.0037000006 -0.0051000479 0.050000001)
(0.0038000006 -0.0051000478 0.050000001)
(0.0037000005 -0.0050000197 0.050000001)
(0.0038000005 -0.0050000197 0.050000001)
(0.0038999998 -0.0051000478 0.050000001)
(0.0039999998 -0.0051000478 0.050000001)
(0.0038999997 -0.0050000196 0.050000001)
(0.0039999997 -0.0050000196 0.050000001)
(0.0037000004 -0.004900007 0.050000001)
(0.0038000004 -0.004900007 0.050000001)
(0.0036999998 -0.0048000021 0.050000001)
(0.0038000004 -0.0048000021 0.050000001)
(0.0038999996 -0.0049000069 0.050000001)
(0.0039999995 -0.0049000069 0.050000001)
(0.0038999996 -0.0048000021 0.050000001)
(0.0039999994 -0.004800002 0.050000001)
(-0.0012 -0.0058925372 0.050000001)
(-0.0012000001 -0.0057969268 0.050000001)
(-0.0012000002 -0.005699174 0.050000001)
(-0.0012000007 -0.0056000942 0.050000001)
(-0.0011000003 -0.0058925372 0.050000001)
(-0.0010000002 -0.0058925372 0.050000001)
(-0.0011 -0.0057969268 0.050000001)
(-0.00099999985 -0.0057969268 0.050000001)
(0.00089999995 -0.0055003305 0.050000001)
(0.0010000001 -0.0055003305 0.050000001)
(0.00089999953 -0.0054002923 0.050000001)
(0.00099999972 -0.0054002923 0.050000001)
(0.0010999994 -0.0055003305 0.050000001)
(0.0011999994 -0.0055003305 0.050000001)
(0.0010999996 -0.0054002923 0.050000001)
(0.0011999994 -0.0054002923 0.050000001)
(0.00089999956 -0.0053001887 0.050000001)
(0.0010000004 -0.0053001887 0.050000001)
(0.00089999948 -0.0052001018 0.050000001)
(0.0010000003 -0.0052001018 0.050000001)
(0.0011000003 -0.0053001887 0.050000001)
(0.0011999994 -0.0053001887 0.050000001)
(0.0011000003 -0.0052001018 0.050000001)
(0.0011999995 -0.0052001018 0.050000001)
(0.0024999997 -0.0055003305 0.050000001)
(0.0025999998 -0.0055003305 0.050000001)
(0.0025000003 -0.0054002924 0.050000001)
(0.0026000004 -0.0054002924 0.050000001)
(0.0026999996 -0.0055003305 0.050000001)
(0.0027999994 -0.0055003305 0.050000001)
(0.0026999996 -0.0054002924 0.050000001)
(0.0027999994 -0.0054002924 0.050000001)
(0.0025000004 -0.0053001888 0.050000001)
(0.0026000005 -0.0053001888 0.050000001)
(0.0025000004 -0.005200102 0.050000001)
(0.0026000005 -0.005200102 0.050000001)
(0.0027000002 -0.0053001888 0.050000001)
(0.0027999994 -0.0053001888 0.050000001)
(0.0026999997 -0.005200102 0.050000001)
(0.0027999995 -0.0052001021 0.050000001)
(0.0028999993 -0.0055003305 0.050000001)
(0.0029999995 -0.0055003305 0.050000001)
(0.0028999994 -0.0054002924 0.050000001)
(0.0029999997 -0.0054002924 0.050000001)
(0.0031000002 -0.0055003305 0.050000001)
(0.0031999996 -0.0055003305 0.050000001)
(0.0031 -0.0054002924 0.050000001)
(0.0032 -0.0054002924 0.050000001)
(0.0026999997 -0.0038999991 0.050000001)
(0.0027999996 -0.0038999992 0.050000001)
(0.0026999997 -0.0037999992 0.050000001)
(0.0027999997 -0.0037999993 0.050000001)
(0.0025000003 -0.0037000001 0.050000001)
(0.0026000003 -0.0037 0.050000001)
(0.0026000001 -0.0036000001 0.050000001)
(0.0026999996 -0.0037 0.050000001)
(0.0027999997 -0.0037000001 0.050000001)
(0.0026999995 -0.0035999995 0.050000001)
(0.0027999997 -0.0035999995 0.050000001)
(0.0028999997 -0.0038999994 0.050000001)
(0.0030000003 -0.0038999996 0.050000001)
(0.0029000004 -0.0038000001 0.050000001)
(0.0030000003 -0.0038000003 0.050000001)
(0.0030999996 -0.0038999997 0.050000001)
(0.0031999997 -0.0038999997 0.050000001)
(0.0030999996 -0.0038000004 0.050000001)
(0.0031999996 -0.0038000004 0.050000001)
(0.0029000005 -0.0037000002 0.050000001)
(0.0030000004 -0.0037000004 0.050000001)
(0.0029000005 -0.0035999996 0.050000001)
(0.0030000004 -0.0035999997 0.050000001)
(0.0030999996 -0.0037000005 0.050000001)
(0.0031999996 -0.0037000005 0.050000001)
(0.0030999995 -0.0035999998 0.050000001)
(0.0031999994 -0.0035999999 0.050000001)
(0.0040999997 -0.0055003305 0.050000001)
(0.0042000004 -0.0055003305 0.050000001)
(0.0040999998 -0.0054002923 0.050000001)
(0.0042 -0.0054002924 0.050000001)
(0.0043000004 -0.0055003306 0.050000001)
(0.0044000003 -0.0055003306 0.050000001)
(0.0043000005 -0.0054002924 0.050000001)
(0.0044000003 -0.0054002924 0.050000001)
(0.0041000005 -0.0053001887 0.050000001)
(0.0042000007 -0.0053001888 0.050000001)
(0.0041000006 -0.0052001019 0.050000001)
(0.0042000009 -0.0052001019 0.050000001)
(0.0043000006 -0.0053001888 0.050000001)
(0.0044000003 -0.0053001888 0.050000001)
(0.0043000008 -0.0052001019 0.050000001)
(0.0044000004 -0.0052001019 0.050000001)
(-0.00090000015 -0.0058925372 0.050000001)
(-0.00080000015 -0.0058925372 0.050000001)
(-0.00090000011 -0.0057969268 0.050000001)
(-0.00080000009 -0.0057969268 0.050000001)
(-0.0011000001 -0.005699174 0.050000001)
(-0.00099999988 -0.005699174 0.050000001)
(-0.0011000005 -0.0056000942 0.050000001)
(-0.00099999982 -0.0056000942 0.050000001)
(-0.00089999977 -0.005699174 0.050000001)
(-0.00079999977 -0.005699174 0.050000001)
(-0.00089999976 -0.0056000942 0.050000001)
(-0.00079999984 -0.0056000942 0.050000001)
(-0.00069999982 -0.006325 0.041697526)
(-0.00059999981 -0.006325 0.041697526)
(-0.00070000027 -0.0061602827 0.050000001)
(-0.00060000027 -0.0061602827 0.050000001)
(-0.00049999978 -0.006325 0.041697526)
(-0.00039999972 -0.006325 0.041697527)
(-0.00050000027 -0.0061602827 0.050000001)
(-0.00040000028 -0.0061602827 0.050000001)
(-0.00070000037 -0.0046999999 0.050000001)
(-0.00060000052 -0.0047000001 0.050000001)
(-0.00070000031 -0.0046000002 0.050000001)
(-0.00060000042 -0.0045999997 0.050000001)
(-0.00049999984 -0.0047000002 0.050000001)
(-0.00039999981 -0.0047000003 0.050000001)
(-0.00049999973 -0.0046000003 0.050000001)
(-0.00039999976 -0.0046000004 0.050000001)
(-0.0007000003 -0.0044999995 0.050000001)
(-0.00060000039 -0.0044999996 0.050000001)
(-0.00049999969 -0.0044999996 0.050000001)
(-0.00039999975 -0.0044999997 0.050000001)
(0.0012999995 -0.0055003305 0.050000001)
(0.0014000002 -0.0055003305 0.050000001)
(0.0012999994 -0.0054002923 0.050000001)
(0.0014000002 -0.0054002923 0.050000001)
(0.0015000002 -0.0055003305 0.050000001)
(0.0015999995 -0.0055003305 0.050000001)
(0.0015000003 -0.0054002923 0.050000001)
(0.0015999996 -0.0054002923 0.050000001)
(0.0012999994 -0.0053001887 0.050000001)
(0.0014000002 -0.0053001887 0.050000001)
(0.0012999995 -0.0052001019 0.050000001)
(0.0014000003 -0.0052001019 0.050000001)
(0.0015000003 -0.0053001887 0.050000001)
(0.0015999997 -0.0053001887 0.050000001)
(0.0015000004 -0.0052001019 0.050000001)
(0.0015999997 -0.0052001019 0.050000001)
(0.00089999941 -0.0051000476 0.050000001)
(0.0010000003 -0.0051000476 0.050000001)
(0.00089999938 -0.0050000193 0.050000001)
(0.0010000003 -0.0050000193 0.050000001)
(0.0011000003 -0.0051000476 0.050000001)
(0.0011999995 -0.0051000477 0.050000001)
(0.0011000003 -0.0050000194 0.050000001)
(0.0011999995 -0.0050000194 0.050000001)
(0.00089999938 -0.0049000066 0.050000001)
(0.0010000003 -0.0049000066 0.050000001)
(0.0008999994 -0.0048000017 0.050000001)
(0.0010000003 -0.0048000017 0.050000001)
(0.0011000003 -0.0049000066 0.050000001)
(0.0011999996 -0.0049000066 0.050000001)
(0.0011000003 -0.0048000017 0.050000001)
(0.0011999996 -0.0048000017 0.050000001)
(0.0028999995 -0.0053001888 0.050000001)
(0.0030000005 -0.0053001888 0.050000001)
(0.0028999996 -0.0052001021 0.050000001)
(0.0030000005 -0.0052001021 0.050000001)
(0.0031000008 -0.0053001888 0.050000001)
(0.0032000007 -0.0053001888 0.050000001)
(0.0031000007 -0.0052001021 0.050000001)
(0.0032000001 -0.005200102 0.050000001)
(0.0025000005 -0.0051000479 0.050000001)
(0.0026000005 -0.0051000479 0.050000001)
(0.0025000005 -0.0050000196 0.050000001)
(0.0026000005 -0.0050000196 0.050000001)
(0.0026999997 -0.0051000479 0.050000001)
(0.0027999995 -0.0051000479 0.050000001)
(0.0026999998 -0.0050000196 0.050000001)
(0.0028000002 -0.0050000196 0.050000001)
(0.0025000005 -0.0049000068 0.050000001)
(0.0026000006 -0.0049000068 0.050000001)
(0.0025000006 -0.0048000018 0.050000001)
(0.0026000006 -0.0048000018 0.050000001)
(0.0026999999 -0.0049000068 0.050000001)
(0.0028000004 -0.0049000068 0.050000001)
(0.0026999999 -0.0048000018 0.050000001)
(0.0028000005 -0.0048000017 0.050000001)
(0.0027999997 -0.0034999996 0.050000001)
(0.0029000005 -0.0034999997 0.050000001)
(0.0030000004 -0.0034999998 0.050000001)
(0.0029000006 -0.0034000005 0.050000001)
(0.0030000004 -0.0034000006 0.050000001)
(0.0030999995 -0.0034999998 0.050000001)
(0.0031999993 -0.0034999998 0.050000001)
(0.0030999994 -0.0034000006 0.050000001)
(0.0031999992 -0.0034000005 0.050000001)
(0.0041000001 -0.0051000477 0.050000001)
(0.0042000009 -0.0051000477 0.050000001)
(0.0040999999 -0.0050000195 0.050000001)
(0.0042000009 -0.0050000195 0.050000001)
(0.0043000009 -0.0051000477 0.050000001)
(0.0044000004 -0.0051000477 0.050000001)
(0.0043000009 -0.0050000195 0.050000001)
(0.0040999998 -0.0049000068 0.050000001)
(0.0042000008 -0.0049000068 0.050000001)
(0.0040999997 -0.004800002 0.050000001)
(0.0042000007 -0.0048000019 0.050000001)
(0.0043000009 -0.0049000067 0.050000001)
(0.0043000009 -0.0048000018 0.050000001)
(-0.00069999991 -0.0060744442 0.050000001)
(-0.00059999991 -0.0060744442 0.050000001)
(-0.00070000029 -0.0059852093 0.050000001)
(-0.0006000003 -0.0059852093 0.050000001)
(-0.00049999991 -0.0060744442 0.050000001)
(-0.00039999991 -0.0060744442 0.050000001)
(-0.00050000028 -0.0059852093 0.050000001)
(-0.00040000027 -0.0059852093 0.050000001)
(-0.00029999971 -0.006325 0.041697527)
(-0.00019999974 -0.006325 0.041697526)
(-0.00030000028 -0.0061602827 0.050000001)
(-0.00020000026 -0.0061602827 0.050000001)
(-9.9999777e-05 -0.006325 0.041697525)
(2.0165116e-10 -0.006325 0.041697525)
(-0.00010000024 -0.0061602827 0.050000001)
(-2.1412448e-10 -0.0061602827 0.050000001)
(-0.00029999991 -0.0060744442 0.050000001)
(-0.00019999989 -0.0060744442 0.050000001)
(-0.00030000027 -0.0059852093 0.050000001)
(-0.00020000026 -0.0059852093 0.050000001)
(-9.9999858e-05 -0.0060744442 0.050000001)
(1.588637e-10 -0.0060744442 0.050000001)
(-9.9999857e-05 -0.0059852093 0.050000001)
(1.2263203e-10 -0.0059852093 0.050000001)
(-0.00030000049 -0.0047000003 0.050000001)
(-0.00020000044 -0.0047000003 0.050000001)
(-0.00030000052 -0.0046000005 0.050000001)
(-0.00020000051 -0.0046000005 0.050000001)
(-9.9999658e-05 -0.0047000002 0.050000001)
(3.4256396e-10 -0.0047000001 0.050000001)
(-9.9999709e-05 -0.0046000005 0.050000001)
(3.399382e-10 -0.0046000005 0.050000001)
(-0.00030000055 -0.0044999997 0.050000001)
(-0.00020000054 -0.0044999997 0.050000001)
(-9.9999721e-05 -0.0045000003 0.050000001)
(3.8693418e-10 -0.0045000003 0.050000001)
(0.0012999995 -0.0051000477 0.050000001)
(0.0014000003 -0.0051000477 0.050000001)
(0.0012999995 -0.0050000194 0.050000001)
(0.0014000003 -0.0050000195 0.050000001)
(0.0015000004 -0.0051000477 0.050000001)
(0.0015999998 -0.0051000478 0.050000001)
(0.0015000005 -0.0050000195 0.050000001)
(0.0015999998 -0.0050000196 0.050000001)
(0.0012999996 -0.0049000067 0.050000001)
(0.0014000004 -0.0049000067 0.050000001)
(0.0012999996 -0.0048000017 0.050000001)
(0.0014000005 -0.0048000016 0.050000001)
(0.0015000005 -0.0049000067 0.050000001)
(0.0015999999 -0.0049000068 0.050000001)
(0.0015000007 -0.0048000016 0.050000001)
(0.0016000006 -0.0048000017 0.050000001)
(0.0029000002 -0.0051000479 0.050000001)
(0.0030000005 -0.005100048 0.050000001)
(0.0029000004 -0.0050000197 0.050000001)
(0.0030000005 -0.0050000197 0.050000001)
(0.0031 -0.0051000479 0.050000001)
(0.0031999999 -0.0051000479 0.050000001)
(0.0030999998 -0.0050000197 0.050000001)
(0.0031999997 -0.0050000196 0.050000001)
(0.0029000005 -0.0049000068 0.050000001)
(0.0030000005 -0.0049000067 0.050000001)
(0.0029000006 -0.0048000016 0.050000001)
(0.0030000006 -0.0048000015 0.050000001)
(0.0030999998 -0.0049000067 0.050000001)
(0.0031999996 -0.0049000068 0.050000001)
(0.0030999997 -0.0048000015 0.050000001)
(0.0031999996 -0.0048000016 0.050000001)
(0.0030000005 -0.0033000006 0.050000001)
(0.0030999994 -0.0033000006 0.050000001)
(0.0031999991 -0.0033000006 0.050000001)
(-0.00070000018 -0.0058925372 0.050000001)
(-0.00060000018 -0.0058925372 0.050000001)
(-0.00070000011 -0.0057969268 0.050000001)
(-0.0006000001 -0.0057969267 0.050000001)
(-0.00050000016 -0.0058925372 0.050000001)
(-0.00040000015 -0.0058925372 0.050000001)
(-0.0005000001 -0.0057969268 0.050000001)
(-0.00040000013 -0.0057969267 0.050000001)
(-0.00069999975 -0.0056991739 0.050000001)
(-0.00059999971 -0.0056991739 0.050000001)
(-0.00069999982 -0.0056000941 0.050000001)
(-0.00059999972 -0.0056000941 0.050000001)
(-0.00049999974 -0.0056991739 0.050000001)
(-0.00039999985 -0.0056991739 0.050000001)
(-0.00049999976 -0.0056000941 0.050000001)
(-0.00039999994 -0.0056000941 0.050000001)
(-0.00030000016 -0.0058925372 0.050000001)
(-0.00020000016 -0.0058925372 0.050000001)
(-0.00030000015 -0.0057969267 0.050000001)
(-0.00020000013 -0.0057969267 0.050000001)
(-0.00010000019 -0.0058925372 0.050000001)
(-2.5592966e-10 -0.0058925372 0.050000001)
(-9.9999769e-05 -0.0057969267 0.050000001)
(1.2779608e-10 -0.0057969268 0.050000001)
(-0.00029999989 -0.0056991739 0.050000001)
(-0.00019999982 -0.0056991739 0.050000001)
(-0.00030000004 -0.0056000941 0.050000001)
(-0.00019999992 -0.0056000941 0.050000001)
(0.00010000021 -0.006325 0.041697524)
(0.00020000025 -0.006325 0.041697523)
(9.9999802e-05 -0.0061602827 0.050000001)
(0.00019999981 -0.0061602827 0.050000001)
(0.00029999977 -0.006325 0.041697523)
(0.00039999972 -0.006325 0.041697522)
(0.00029999981 -0.0061602827 0.050000001)
(0.00039999981 -0.0061602827 0.050000001)
(0.00010000017 -0.0060744442 0.050000001)
(0.00019999979 -0.0060744442 0.050000001)
(0.0001000001 -0.0059852093 0.050000001)
(0.00020000013 -0.0059852093 0.050000001)
(0.0017000002 -0.006325 0.041697517)
(0.0018000002 -0.006325 0.041697516)
(0.0016999998 -0.0061602827 0.050000001)
(0.0017999998 -0.0061602827 0.050000001)
(0.0019000002 -0.006325 0.041697516)
(0.0020000002 -0.006325 0.041697515)
(0.0019000002 -0.0061602828 0.050000001)
(0.0020000002 -0.0061602827 0.050000001)
(0.0016999998 -0.0060744442 0.050000001)
(0.0017999999 -0.0060744442 0.050000001)
(0.0017000002 -0.0059852093 0.050000001)
(0.0018000002 -0.0059852093 0.050000001)
(0.0018999998 -0.0060744442 0.050000001)
(0.0019999998 -0.0060744442 0.050000001)
(0.0019000002 -0.0059852093 0.050000001)
(0.0020000002 -0.0059852093 0.050000001)
(9.9999578e-05 -0.0047000001 0.050000001)
(0.00019999957 -0.0047000001 0.050000001)
(9.9999609e-05 -0.0046000004 0.050000001)
(0.00019999959 -0.0046000004 0.050000001)
(0.00030000031 -0.0047000001 0.050000001)
(0.00040000027 -0.0047000001 0.050000001)
(0.00030000033 -0.0046000003 0.050000001)
(0.00040000034 -0.0045999997 0.050000001)
(9.9999679e-05 -0.0045000003 0.050000001)
(0.00019999961 -0.0045000003 0.050000001)
(0.00029999974 -0.0045000002 0.050000001)
(0.0004000004 -0.0044999995 0.050000001)
(0.0017000005 -0.0046999999 0.050000001)
(0.0017999995 -0.0046999999 0.050000001)
(0.0017000005 -0.0045999992 0.050000001)
(0.0017999994 -0.0045999992 0.050000001)
(0.0018999992 -0.0046999999 0.050000001)
(0.0019999992 -0.0047 0.050000001)
(0.0018999991 -0.0045999992 0.050000001)
(0.0019999991 -0.0045999994 0.050000001)
(0.0017000006 -0.004499999 0.050000001)
(0.0017999994 -0.004499999 0.050000001)
(0.0017000006 -0.0043999993 0.050000001)
(0.0017999994 -0.0043999993 0.050000001)
(0.001899999 -0.0044999991 0.050000001)
(0.0019999991 -0.0044999992 0.050000001)
(0.0018999991 -0.0043999994 0.050000001)
(0.0019999991 -0.0043999995 0.050000001)
(0.0020999995 -0.0047000001 0.050000001)
(0.0022000003 -0.0047000002 0.050000001)
(0.0021 -0.0046000001 0.050000001)
(0.0022000003 -0.0046000002 0.050000001)
(0.0033000001 -0.006325 0.041697514)
(0.0034000001 -0.006325 0.041697517)
(0.0032999998 -0.0061602827 0.050000001)
(0.0034000002 -0.0061602827 0.050000001)
(0.0035000002 -0.006325 0.041697518)
(0.0035999998 -0.006325 0.041697518)
(0.0035000002 -0.0061602827 0.050000001)
(0.0036000002 -0.0061602827 0.050000001)
(0.0033000002 -0.0060744441 0.050000001)
(0.0034000002 -0.0060744441 0.050000001)
(0.0033000001 -0.0059852093 0.050000001)
(0.0034000001 -0.0059852093 0.050000001)
(0.0035000001 -0.0060744441 0.050000001)
(0.0036000001 -0.0060744441 0.050000001)
(0.0035000001 -0.0059852093 0.050000001)
(0.0035999997 -0.0059852093 0.050000001)
(0.0033000003 -0.0046999999 0.050000001)
(0.0034000003 -0.0047 0.050000001)
(0.0033000004 -0.0045999993 0.050000001)
(0.0034000004 -0.0045999994 0.050000001)
(0.0034999996 -0.0047000001 0.050000001)
(0.0035999996 -0.0047000003 0.050000001)
(0.0034999996 -0.0045999995 0.050000001)
(0.0035999996 -0.0045999996 0.050000001)
(0.0033000005 -0.0044999992 0.050000001)
(0.0034000004 -0.0044999992 0.050000001)
(0.0033000005 -0.0043999994 0.050000001)
(0.0034000004 -0.0043999994 0.050000001)
(0.0034999996 -0.0044999993 0.050000001)
(0.0035999995 -0.0044999994 0.050000001)
(0.0034999996 -0.0043999994 0.050000001)
(0.0035999996 -0.0043999994 0.050000001)
(0.0036999997 -0.0047000005 0.050000001)
(0.0038000004 -0.0047000006 0.050000001)
(0.0037000003 -0.0046000004 0.050000001)
(0.0038000004 -0.0046000006 0.050000001)
(0.0039000001 -0.0047000006 0.050000001)
(0.0039999994 -0.0047000006 0.050000001)
(0.0038999997 -0.0046000007 0.050000001)
(0.0039999995 -0.0046000008 0.050000001)
(0.0037000003 -0.0044999995 0.050000001)
(0.0038000005 -0.0044999996 0.050000001)
(0.0037000004 -0.0043999994 0.050000001)
(0.0038000006 -0.0043999995 0.050000001)
(0.00049999952 -0.006325 0.03336419)
(0.00059999951 -0.006325 0.033364185)
(0.00050000017 -0.006243398 0.050000001)
(0.0006000002 -0.006243398 0.050000001)
(0.00069999954 -0.006325 0.033364183)
(0.00080000008 -0.006325 0.033364186)
(0.00070000021 -0.0062433979 0.050000001)
(0.00080000018 -0.0062433979 0.050000001)
(0.0020999998 -0.006325 0.033364188)
(0.0021999998 -0.006325 0.03336419)
(0.0020999998 -0.0062433979 0.050000001)
(0.0021999998 -0.0062433979 0.050000001)
(0.0023000004 -0.006325 0.033364189)
(0.0024000004 -0.006325 0.033364187)
(0.0022999998 -0.0062433979 0.050000001)
(0.0023999998 -0.0062433979 0.050000001)
(0.0037000004 -0.006325 0.03336419)
(0.0038 -0.006325 0.033364188)
(0.0036999998 -0.0062433979 0.050000001)
(0.0037999998 -0.0062433979 0.050000001)
(0.0039 -0.006325 0.033364182)
(0.0039999999 -0.006325 0.033364177)
(0.0038999998 -0.0062433979 0.050000001)
(0.0039999999 -0.0062433979 0.050000001)
(-0.00069999988 -0.0062433979 0)
(-0.00059999984 -0.0062433979 0)
(-0.00049999976 -0.0062433979 0)
(-0.00039999977 -0.006243398 0)
(-0.00069999996 -0.006325 0.016635838)
(-0.00060000044 -0.006325 0.016635837)
(-0.0006999998 -0.006325 0.025000047)
(-0.00060000027 -0.006325 0.024999996)
(-0.00050000036 -0.006325 0.016635837)
(-0.0004000002 -0.006325 0.016635836)
(-0.0005000002 -0.006325 0.024999994)
(-0.00039999959 -0.006325 0.024999991)
(-0.00030000024 -0.006243398 0)
(-0.00020000025 -0.0062433979 0)
(-9.9999787e-05 -0.0062433979 0)
(1.995627e-10 -0.006243398 0)
(-0.00029999958 -0.006325 0.016635835)
(-0.00019999956 -0.006325 0.016635835)
(-0.00029999955 -0.006325 0.025000039)
(-0.00020000009 -0.006325 0.025000039)
(-0.00010000007 -0.006325 0.016635835)
(-9.8102365e-11 -0.006325 0.016635833)
(-0.00010000005 -0.006325 0.02499999)
(-7.7463485e-11 -0.006325 0.024999989)
(0.0016999998 -0.0062433979 0)
(0.0017999998 -0.0062433979 0)
(0.0032999998 -0.0062433979 0)
(0.0034000002 -0.006243398 0)
(0.0034999998 -0.006243398 0)
(0.0035999998 -0.0062433979 0)
(0.00090000012 -0.006325 0.033364189)
(0.0010000002 -0.006325 0.033364189)
(0.00090000017 -0.0062433979 0.050000001)
(0.0010000002 -0.0062433979 0.050000001)
(0.0011000002 -0.006325 0.033364193)
(0.0012000001 -0.006325 0.033364194)
(0.0011000002 -0.0062433979 0.050000001)
(0.0012000002 -0.0062433979 0.050000001)
(0.0025000004 -0.006325 0.033364182)
(0.0026000003 -0.006325 0.033364176)
(0.0024999998 -0.0062433979 0.050000001)
(0.0025999998 -0.0062433979 0.050000001)
(0.0027000002 -0.006325 0.033364173)
(0.0028000001 -0.006325 0.03336417)
(0.0026999998 -0.0062433979 0.050000001)
(0.0028000002 -0.0062433979 0.050000001)
(0.0040999999 -0.006325 0.03336417)
(0.0042000003 -0.006325 0.033364169)
(0.0040999998 -0.0062433979 0.050000001)
(0.0041999998 -0.0062433979 0.050000001)
(0.0043000002 -0.006325 0.033364171)
(0.0043999998 -0.006325 0.033364176)
(0.0042999998 -0.0062433979 0.050000001)
(0.0044000002 -0.0062433979 0.050000001)
(0.0045000001 -0.006325 0.033364181)
(0.0046000014 -0.006325 0.033364186)
(0.0044999998 -0.0062433979 0.050000001)
(0.0046 -0.0062433979 0.050000001)
(9.9999717e-05 -0.006243398 0)
(0.00019999973 -0.0062433979 0)
(0.00030000024 -0.0062433979 0)
(0.00040000026 -0.006243398 0)
(0.00010000038 -0.006325 0.016635834)
(0.00020000037 -0.006325 0.016635835)
(0.0001000004 -0.006325 0.025000037)
(0.00020000029 -0.006325 0.024999992)
(0.00030000029 -0.006325 0.016635833)
(0.00040000014 -0.006325 0.016635831)
(0.00030000014 -0.006325 0.024999991)
(0.00039999945 -0.006325 0.024999987)
(0.00049999976 -0.006243398 0)
(0.00060000009 -0.006243398 0)
(0.00070000015 -0.0062433979 0)
(0.00080000021 -0.0062433979 0)
(0.0018999998 -0.006243398 0)
(0.0019999998 -0.0062433979 0)
(0.0017000005 -0.006325 0.016635822)
(0.0018000005 -0.006325 0.01663582)
(0.0016999998 -0.006325 0.024999979)
(0.0018000004 -0.006325 0.024999976)
(0.0019000005 -0.006325 0.016635824)
(0.0019999999 -0.006325 0.016635824)
(0.0019000004 -0.006325 0.024999982)
(0.0020000004 -0.006325 0.024999983)
(0.0020999998 -0.0062433979 0)
(0.0022000003 -0.0062433979 0)
(0.0023000002 -0.006243398 0)
(0.0023999997 -0.006243398 0)
(0.0020999998 -0.006325 0.016635824)
(0.0021999998 -0.006325 0.016635826)
(0.0020999998 -0.006325 0.024999985)
(0.0022000004 -0.006325 0.024999988)
(0.0023000004 -0.006325 0.016635825)
(0.0024000005 -0.006325 0.016635824)
(0.0032999994 -0.006325 0.016635823)
(0.0033999994 -0.006325 0.016635824)
(0.0033 -0.006325 0.025000032)
(0.0034 -0.006325 0.024999985)
(0.0034999995 -0.006325 0.016635824)
(0.0036000003 -0.006325 0.016635825)
(0.0034999996 -0.006325 0.024999984)
(0.0035999998 -0.006325 0.025000033)
(0.0036999999 -0.0062433979 0)
(0.0037999999 -0.006243398 0)
(0.0038999998 -0.006243398 0)
(0.0039999998 -0.006243398 0)
(0.0037000005 -0.006325 0.016635825)
(0.0038000007 -0.006325 0.016635824)
(0.0037000005 -0.006325 0.024999987)
(0.0038 -0.006325 0.025000034)
(0.0039000007 -0.006325 0.016635819)
(0.0040000007 -0.006325 0.016635813)
(0.0039000006 -0.006325 0.025000026)
(0.0040000006 -0.006325 0.025000018)
(0.0013000001 -0.006325 0.033364194)
(0.0014 -0.006325 0.033364194)
(0.0013000002 -0.0062433979 0.050000001)
(0.0014000001 -0.0062433979 0.050000001)
(0.0015000001 -0.006325 0.033364191)
(0.0016000002 -0.006325 0.033364189)
(0.0015000002 -0.0062433979 0.050000001)
(0.0016000002 -0.0062433979 0.050000001)
(0.0029000001 -0.006325 0.03336417)
(0.0030000001 -0.006325 0.033364172)
(0.0029000002 -0.0062433979 0.050000001)
(0.0030000002 -0.0062433979 0.050000001)
(0.0031000001 -0.006325 0.033364175)
(0.0032 -0.006325 0.03336418)
(0.0031000002 -0.0062433979 0.050000001)
(0.0032000002 -0.0062433979 0.050000001)
(0.00049999999 -0.006325 0.016635827)
(0.00059999942 -0.006325 0.016635822)
(0.00049999938 -0.006325 0.02500003)
(0.00059999993 -0.006325 0.025000021)
(0.00069999944 -0.006325 0.01663582)
(0.00079999951 -0.006325 0.016635822)
(0.00069999936 -0.006325 0.025000018)
(0.00079999999 -0.006325 0.024999975)
(0.0022999999 -0.006325 0.024999985)
(0.0024 -0.006325 0.024999983)
(0.0025000001 -0.0062433979 0)
(0.0026000002 -0.0062433979 0)
(0.0027000002 -0.0062433979 0)
(0.0028000002 -0.006243398 0)
(0.0041000002 -0.0062433979 0)
(0.0041999999 -0.0062433979 0)
(0.0042999998 -0.006243398 0)
(0.0044000002 -0.006243398 0)
(0.0041000007 -0.006325 0.016635809)
(0.0042000006 -0.006325 0.016635806)
(0.0009000002 -0.0062433979 0)
(0.0010000001 -0.0062433979 0)
(0.0011000002 -0.0062433979 0)
(0.0012000002 -0.006243398 0)
(0.00090000007 -0.006325 0.016635825)
(0.00099999966 -0.006325 0.016635827)
(0.00090000009 -0.006325 0.024999979)
(0.0010000002 -0.006325 0.02500003)
(0.0011000002 -0.006325 0.01663583)
(0.0012000002 -0.006325 0.016635832)
(0.0010999996 -0.006325 0.024999988)
(0.0011999995 -0.006325 0.024999989)
(0.0012999998 -0.006243398 0)
(0.0013999998 -0.006243398 0)
(0.0014999998 -0.0062433979 0)
(0.0015999998 -0.0062433979 0)
(0.0012999997 -0.006325 0.016635831)
(0.0013999997 -0.006325 0.01663583)
(0.0013000001 -0.006325 0.024999989)
(0.0014000001 -0.006325 0.024999991)
(0.0025000006 -0.006325 0.016635819)
(0.0026000005 -0.006325 0.016635815)
(0.0025000005 -0.006325 0.025000024)
(0.0025999998 -0.006325 0.025000016)
(0.0026999999 -0.006325 0.01663581)
(0.0027999998 -0.006325 0.016635807)
(0.0027000002 -0.006325 0.024999965)
(0.0028000002 -0.006325 0.024999963)
(0.0029000001 -0.0062433979 0)
(0.0030000002 -0.0062433979 0)
(0.0031000002 -0.0062433979 0)
(0.0031999998 -0.0062433979 0)
(0.0028999998 -0.006325 0.016635807)
(0.0030000003 -0.006325 0.016635809)
(0.0029000002 -0.006325 0.024999963)
(0.0029999996 -0.006325 0.024999965)
(0.0031000001 -0.006325 0.016635813)
(0.0031999995 -0.006325 0.01663582)
(0.0030999995 -0.006325 0.024999971)
(0.0031999994 -0.006325 0.025000026)
(0.0041000005 -0.006325 0.024999962)
(0.0042000004 -0.006325 0.024999959)
(0.0043000004 -0.006325 0.01663581)
(0.0043999999 -0.006325 0.016635814)
(0.0042999998 -0.006325 0.024999966)
(0.0044000004 -0.006325 0.025000021)
(0.0044999998 -0.0062433979 0)
(0.0045999999 -0.0062433979 0)
(0.0045000002 -0.006325 0.016635816)
(0.0046000014 -0.006325 0.016635818)
(0.0045000008 -0.006325 0.024999978)
(0.0046000022 -0.006325 0.024999982)
(0.0015000003 -0.006325 0.016635827)
(0.0016000004 -0.006325 0.016635824)
(0.0014999995 -0.006325 0.024999985)
(0.0015999996 -0.006325 0.024999982)
(-0.0013000003 -0.006325 0.033364181)
(-0.0012000003 -0.006325 0.033364185)
(-0.0012999998 -0.006243398 0.050000001)
(-0.0011999998 -0.0062433979 0.050000001)
(-0.0011000004 -0.006325 0.033364193)
(-0.0010000005 -0.006325 0.033364197)
(-0.0010999998 -0.0062433979 0.050000001)
(-0.00099999983 -0.0062433979 0.050000001)
(-0.00090000048 -0.006325 0.033364202)
(-0.00080000039 -0.006325 0.033364203)
(-0.00089999984 -0.0062433979 0.050000001)
(-0.00079999985 -0.0062433979 0.050000001)
(-0.00070000027 -0.006325 0.033364202)
(-0.00060000019 -0.006325 0.033364201)
(-0.00069999985 -0.0062433979 0.050000001)
(-0.00059999985 -0.0062433979 0.050000001)
(-0.00050000014 -0.006325 0.0333642)
(-0.00040000012 -0.006325 0.033364198)
(-0.00049999985 -0.0062433979 0.050000001)
(-0.00039999985 -0.0062433979 0.050000001)
(-0.0012999998 -0.0062433979 0)
(-0.0012000003 -0.0062433979 0)
(-0.0013000001 -0.006325 0.016635819)
(-0.0012000007 -0.006325 0.016635823)
(-0.0012999999 -0.006325 0.024999978)
(-0.0012000005 -0.006325 0.025000028)
(-0.00030000012 -0.006325 0.033364199)
(-0.00019999964 -0.006325 0.033364199)
(-0.00029999986 -0.0062433979 0.050000001)
(-0.00019999985 -0.0062433979 0.050000001)
(-0.00010000014 -0.006325 0.033364197)
(-1.6676887e-10 -0.006325 0.033364197)
(-9.9999846e-05 -0.0062433979 0.050000001)
(1.6417162e-10 -0.0062433979 0.050000001)
(-0.0011000003 -0.0062433979 0)
(-0.00099999976 -0.0062433979 0)
(-0.00089999974 -0.0062433979 0)
(-0.00079999982 -0.006243398 0)
(-0.0011000007 -0.006325 0.01663583)
(-0.0010000006 -0.006325 0.016635835)
(-0.0011 -0.006325 0.024999991)
(-0.0010000006 -0.006325 0.025000045)
(-0.00090000056 -0.006325 0.016635837)
(-0.00079999999 -0.006325 0.01663584)
(-0.00090000059 -0.006325 0.025000049)
(-0.00080000051 -0.006325 0.025000052)
(0.00010000029 -0.006325 0.033364196)
(0.00020000025 -0.006325 0.033364196)
(0.00010000018 -0.0062433979 0.050000001)
(0.00020000018 -0.0062433979 0.050000001)
(0.00029999968 -0.006325 0.033364195)
(0.00039999959 -0.006325 0.033364192)
(0.00030000016 -0.0062433979 0.050000001)
(0.00040000015 -0.0062433979 0.050000001)
(0.0017000003 -0.006325 0.033364185)
(0.0018000003 -0.006325 0.033364184)
(0.0017000002 -0.006243398 0.050000001)
(0.0018000002 -0.006243398 0.050000001)
(0.0019000003 -0.006325 0.033364185)
(0.0019999998 -0.006325 0.033364186)
(0.0019000002 -0.006243398 0.050000001)
(0.0019999998 -0.006243398 0.050000001)
(0.0032999995 -0.006325 0.033364186)
(0.0033999996 -0.006325 0.033364188)
(0.0032999998 -0.0062433979 0.050000001)
(0.0033999998 -0.0062433979 0.050000001)
(0.0035000002 -0.006325 0.033364189)
(0.0036000003 -0.006325 0.033364189)
(0.0034999999 -0.0062433979 0.050000001)
(0.0035999998 -0.0062433979 0.050000001)
(-0.0011000001 -0.0058925371 0)
(-0.00099999955 -0.0058925371 0)
(-0.0011000001 -0.0057969267 0)
(-0.00099999948 -0.0057969267 0)
(-0.00089999951 -0.0058925371 0)
(-0.00080000007 -0.0058925371 0)
(-0.00089999947 -0.0057969267 0)
(-0.00080000002 -0.0057969267 0)
(-0.0010999997 -0.0056991739 0)
(-0.00099999945 -0.0056991739 0)
(-0.0010999997 -0.0056000941 0)
(-0.00099999946 -0.0056000941 0)
(-0.00089999946 -0.0056991739 0)
(-0.00080000002 -0.0056991739 0)
(-0.00089999945 -0.0056000941 0)
(-0.00080000002 -0.0056000941 0)
(-0.00070000047 -0.0046999998 0)
(-0.00059999974 -0.0046999998 0)
(-0.00070000047 -0.0045999994 0)
(-0.00059999976 -0.0045999994 0)
(0.0011000006 -0.0053001887 0)
(0.0012000003 -0.0053001887 0)
(0.0011000006 -0.0052001019 0)
(0.0012000003 -0.0052001019 0)
(0.0012999992 -0.0055003305 0)
(0.0013999989 -0.0055003305 0)
(0.0012999991 -0.0054002923 0)
(0.0013999987 -0.0054002923 0)
(0.0014999995 -0.0055003305 0)
(0.0016 -0.0055003305 0)
(0.0014999993 -0.0054002923 0)
(0.0015999998 -0.0054002923 0)
(0.0012999991 -0.0053001887 0)
(0.0013999986 -0.0053001887 0)
(0.0012999991 -0.0052001019 0)
(0.0013999986 -0.0052001019 0)
(0.0014999986 -0.0053001887 0)
(0.0015999991 -0.0053001887 0)
(0.0014999986 -0.0052001019 0)
(0.001599999 -0.0052001019 0)
(0.0029000003 -0.0055003305 0)
(0.0030000004 -0.0055003305 0)
(0.0029000001 -0.0054002923 0)
(0.0030000003 -0.0054002923 0)
(0.0031000005 -0.0055003305 0)
(0.0032000005 -0.0055003305 0)
(0.0031000004 -0.0054002924 0)
(0.0032000003 -0.0054002924 0)
(0.0028999995 -0.0053001888 0)
(0.0030000003 -0.0053001888 0)
(0.0029000002 -0.0052001019 0)
(0.0030000004 -0.005200102 0)
(0.0031000004 -0.0053001888 0)
(0.0032000002 -0.0053001888 0)
(0.0031000004 -0.005200102 0)
(0.0032000002 -0.005200102 0)
(0.0025000008 -0.0051000479 0)
(0.0026000008 -0.0051000479 0)
(0.0025000008 -0.0050000197 0)
(0.0026000008 -0.0050000197 0)
(0.0026999999 -0.0051000478 0)
(0.0027999997 -0.0051000478 0)
(0.0026999999 -0.0050000197 0)
(0.0027999997 -0.0050000196 0)
(0.0030999994 -0.0038999995 0)
(0.0032000004 -0.0038999996 0)
(0.0030999993 -0.0037999995 0)
(0.0032000003 -0.0037999996 0)
(0.0028999994 -0.0036999996 0)
(0.0029999991 -0.0036999996 0)
(0.0028999995 -0.0036000006 0)
(0.0029999992 -0.0036000006 0)
(0.0030999993 -0.0036999997 0)
(0.0032000002 -0.0037000004 0)
(0.0030999993 -0.0036000006 0)
(0.0032000002 -0.0036000005 0)
(0.0028000007 -0.0035000009 0)
(0.0040999996 -0.0051000479 0)
(0.0042000004 -0.0051000479 0)
(0.0040999996 -0.0050000195 0)
(0.0042000004 -0.0050000195 0)
(0.0043000003 -0.0051000479 0)
(0.0043999994 -0.0051000479 0)
(0.0043000003 -0.0050000195 0)
(0.0040999996 -0.0049000066 0)
(0.0042000004 -0.0049000066 0)
(0.0041000002 -0.0048000016 0)
(0.0042000004 -0.0048000015 0)
(0.0043000003 -0.0049000066 0)
(0.0043000003 -0.0048000015 0)
(-0.00070000047 -0.006325 0.0083024977)
(-0.0007000003 -0.0061602827 0)
(-0.00060000048 -0.006325 0.0083024984)
(-0.00060000023 -0.0061602827 0)
(-0.00050000043 -0.006325 0.008302498)
(-0.00049999971 -0.0061602827 0)
(-0.00040000029 -0.006325 0.0083024981)
(-0.00039999973 -0.0061602827 0)
(-0.00070000033 -0.0060744442 0)
(-0.00060000025 -0.0060744442 0)
(-0.00070000032 -0.0059852093 0)
(-0.00060000024 -0.0059852093 0)
(-0.00049999966 -0.0060744442 0)
(-0.00039999967 -0.0060744442 0)
(-0.00049999964 -0.0059852093 0)
(-0.00039999965 -0.0059852093 0)
(-0.00029999965 -0.006325 0.008302498)
(-0.00030000025 -0.0061602828 0)
(-0.00019999961 -0.006325 0.0083024986)
(-0.00020000027 -0.0061602827 0)
(-9.999965e-05 -0.006325 0.0083024991)
(-9.9999787e-05 -0.0061602827 0)
(-1.8762721e-10 -0.006325 0.008302498)
(1.8578324e-10 -0.0061602828 0)
(-0.00049999982 -0.0046999998 0)
(-0.0004000007 -0.0046999998 0)
(-0.00049999986 -0.0045999994 0)
(-0.00040000076 -0.0045999994 0)
(-0.00070000047 -0.0044999996 0)
(-0.00059999977 -0.0044999996 0)
(-0.00049999988 -0.0044999996 0)
(-0.00040000081 -0.0044999996 0)
(-0.00030000084 -0.0046999998 0)
(-0.00020000056 -0.0046999998 0)
(-0.00030000091 -0.0045999994 0)
(-0.00020000062 -0.0045999995 0)
(-0.00010000005 -0.0046999998 0)
(8.6148491e-10 -0.0046999999 0)
(-9.999951e-05 -0.0046000002 0)
(8.3190253e-10 -0.0046000003 0)
(-0.00030000095 -0.0044999996 0)
(-0.00020000063 -0.0044999996 0)
(-9.9999505e-05 -0.0045000003 0)
(8.2665525e-10 -0.0045000003 0)
(0.00090000015 -0.0051000478 0)
(0.0010000006 -0.0051000478 0)
(0.00090000032 -0.0050000196 0)
(0.0010000007 -0.0050000196 0)
(0.0011000007 -0.0051000478 0)
(0.0012000003 -0.0051000478 0)
(0.0011000007 -0.0050000196 0)
(0.0012000002 -0.0050000196 0)
(0.00090000049 -0.0049000067 0)
(0.0010000008 -0.0049000067 0)
(0.00090000059 -0.0048000016 0)
(0.0010000008 -0.0048000015 0)
(0.0011000007 -0.0049000067 0)
(0.0011999996 -0.0049000067 0)
(0.0011000006 -0.0048000015 0)
(0.0011999995 -0.0048000015 0)
(0.0012999991 -0.0051000478 0)
(0.0013999986 -0.0051000478 0)
(0.0012999991 -0.0050000196 0)
(0.0013999987 -0.0050000196 0)
(0.0014999986 -0.0051000478 0)
(0.0015999991 -0.0051000478 0)
(0.0014999987 -0.0050000196 0)
(0.0015999991 -0.0050000196 0)
(0.001299999 -0.0049000067 0)
(0.0013999987 -0.0049000067 0)
(0.001299999 -0.0048000015 0)
(0.0013999989 -0.0048000015 0)
(0.0014999988 -0.0049000067 0)
(0.0015999991 -0.0049000067 0)
(0.0014999995 -0.0048000016 0)
(0.0015999991 -0.0048000016 0)
(0.0025000009 -0.0049000069 0)
(0.0026000008 -0.004900007 0)
(0.002500001 -0.004800002 0)
(0.0026000008 -0.004800002 0)
(0.0026999999 -0.004900007 0)
(0.0027999997 -0.0049000069 0)
(0.0026999999 -0.004800002 0)
(0.0027999996 -0.0048000019 0)
(0.0029000004 -0.0051000478 0)
(0.0030000006 -0.0051000478 0)
(0.0029000005 -0.0050000196 0)
(0.0030000007 -0.0050000195 0)
(0.0031000005 -0.0051000478 0)
(0.0032000002 -0.0051000478 0)
(0.0031000006 -0.0050000195 0)
(0.0032000003 -0.0050000194 0)
(0.0028999999 -0.0049000068 0)
(0.0030000007 -0.0049000067 0)
(0.0028999998 -0.0048000018 0)
(0.0030000006 -0.0048000017 0)
(0.0031000007 -0.0049000066 0)
(0.0032000003 -0.0049000065 0)
(0.0031000006 -0.0048000016 0)
(0.0032000003 -0.0048000015 0)
(0.0028999995 -0.0035000009 0)
(0.0029999992 -0.0035000008 0)
(0.0028999996 -0.0034000006 0)
(0.0029999993 -0.0034000006 0)
(0.0030999993 -0.0035000006 0)
(0.0032000002 -0.0034999998 0)
(0.0030999994 -0.0034000004 0)
(0.0032000002 -0.0033999996 0)
(0.0029999994 -0.0032999996 0)
(0.0030999994 -0.0033000001 0)
(0.0032000002 -0.0032999994 0)
(-0.00030000026 -0.0060744442 0)
(-0.00020000029 -0.0060744442 0)
(-0.00030000024 -0.0059852093 0)
(-0.00020000028 -0.0059852093 0)
(-9.9999772e-05 -0.0060744442 0)
(1.8989456e-10 -0.0060744442 0)
(-9.9999773e-05 -0.0059852093 0)
(1.7987688e-10 -0.0059852093 0)
(-0.00070000024 -0.0058925372 0)
(-0.00060000018 -0.0058925372 0)
(-0.00070000016 -0.0057969267 0)
(-0.00060000011 -0.0057969267 0)
(-0.00049999963 -0.0058925372 0)
(-0.00039999965 -0.0058925372 0)
(-0.0004999996 -0.0057969267 0)
(-0.00039999964 -0.0057969267 0)
(-0.00070000011 -0.0056991739 0)
(-0.00060000005 -0.0056991739 0)
(-0.00070000004 -0.0056000941 0)
(-0.00059999997 -0.0056000941 0)
(-0.00049999954 -0.0056991739 0)
(-0.00039999962 -0.0056991739 0)
(-0.00049999949 -0.0056000941 0)
(-0.00039999965 -0.0056000941 0)
(0.0017000006 -0.006325 0.0083024891)
(0.0017000002 -0.0061602827 0)
(0.0018000006 -0.006325 0.0083024885)
(0.0018000002 -0.0061602827 0)
(0.00010000077 -0.0046999999 0)
(0.00019999993 -0.0047 0)
(0.00010000074 -0.0046000004 0)
(0.0001999999 -0.0045999998 0)
(0.00029999993 -0.0047 0)
(0.00040000081 -0.0047000001 0)
(0.0002999999 -0.0045999999 0)
(0.00040000076 -0.0046000005 0)
(0.00010000072 -0.0045000004 0)
(0.00019999986 -0.0045000004 0)
(0.0016999995 -0.0046999999 0)
(0.0018000003 -0.0047 0)
(0.0016999995 -0.0045999997 0)
(0.0018000003 -0.0046000004 0)
(0.0019000003 -0.0047000001 0)
(0.0019999994 -0.0047000001 0)
(0.0019000003 -0.0045999999 0)
(0.0019999994 -0.0046000005 0)
(0.0016999996 -0.0045000004 0)
(0.0018000003 -0.0045000005 0)
(0.0016999997 -0.0044000004 0)
(0.0018000003 -0.0044000004 0)
(0.0019000003 -0.0045000005 0)
(0.0019999994 -0.0045000004 0)
(0.0019000002 -0.0044000003 0)
(0.0019999994 -0.0043999996 0)
(0.0032999994 -0.006325 0.0083024869)
(0.0033000002 -0.0061602827 0)
(0.0033999994 -0.006325 0.0083024879)
(0.0034000002 -0.0061602828 0)
(0.0034999995 -0.006325 0.0083024879)
(0.0035000001 -0.0061602827 0)
(0.0035999997 -0.006325 0.008302488)
(0.0035999998 -0.0061602827 0)
(0.0033000002 -0.0060744442 0)
(0.0034000002 -0.0060744442 0)
(0.0033000003 -0.0059852093 0)
(0.0034000002 -0.0059852093 0)
(0.0032999992 -0.0047000001 0)
(0.0033999991 -0.0047000002 0)
(0.0032999993 -0.0046000001 0)
(0.0033999991 -0.0046000007 0)
(0.0034999994 -0.0047000002 0)
(0.0036000006 -0.0047000002 0)
(0.0034999994 -0.0046000008 0)
(0.0036000006 -0.0046000008 0)
(0.0032999994 -0.0045000008 0)
(0.0033999992 -0.0045000009 0)
(0.0032999996 -0.0044000006 0)
(0.0033999994 -0.0044000007 0)
(0.0034999995 -0.0045000009 0)
(0.0036000006 -0.004500001 0)
(0.0034999996 -0.0044000008 0)
(0.0036000006 -0.0044000008 0)
(-0.00030000021 -0.0058925372 0)
(-0.00020000025 -0.0058925372 0)
(-0.0003000002 -0.0057969267 0)
(-0.00020000024 -0.0057969267 0)
(-9.9999784e-05 -0.0058925372 0)
(1.6366931e-10 -0.0058925372 0)
(-9.9999775e-05 -0.0057969268 0)
(1.6614525e-10 -0.0057969268 0)
(-0.00030000023 -0.0056991739 0)
(-0.00020000026 -0.0056991739 0)
(-0.00030000031 -0.0056000941 0)
(-0.00020000029 -0.0056000941 0)
(-9.999975e-05 -0.0056991739 0)
(1.8630681e-10 -0.005699174 0)
(-9.9999699e-05 -0.0056000941 0)
(2.3741274e-10 -0.0056000941 0)
(0.00010000033 -0.006325 0.0083024975)
(9.9999661e-05 -0.0061602827 0)
(0.0002000004 -0.006325 0.0083024973)
(0.00019999969 -0.0061602827 0)
(0.00030000041 -0.006325 0.0083024964)
(0.00030000026 -0.0061602827 0)
(0.00040000033 -0.006325 0.0083024956)
(0.00040000031 -0.0061602827 0)
(9.9999613e-05 -0.0060744442 0)
(0.00019999965 -0.0060744442 0)
(9.9999606e-05 -0.0059852093 0)
(0.00019999965 -0.0059852093 0)
(0.0003000003 -0.0060744442 0)
(0.00040000037 -0.0060744442 0)
(0.00030000032 -0.0059852093 0)
(0.00040000042 -0.0059852093 0)
(0.00050000022 -0.006325 0.0083024944)
(0.00049999976 -0.0061602828 0)
(0.00060000012 -0.006325 0.0083024936)
(0.00059999965 -0.0061602827 0)
(0.00069999961 -0.006325 0.0083024925)
(0.00069999973 -0.0061602827 0)
(0.00080000012 -0.006325 0.0083024922)
(0.00080000024 -0.0061602827 0)
(0.00049999977 -0.0060744442 0)
(0.0005999996 -0.0060744442 0)
(0.00049999983 -0.0059852093 0)
(0.00059999961 -0.0059852093 0)
(0.0019000005 -0.006325 0.0083024883)
(0.0019000001 -0.0061602828 0)
(0.0020000003 -0.006325 0.0083024891)
(0.0020000001 -0.0061602827 0)
(0.0017000003 -0.0060744441 0)
(0.0018000003 -0.0060744442 0)
(0.0017000004 -0.0059852093 0)
(0.0018 -0.0059852093 0)
(0.0019000001 -0.0060744442 0)
(0.0019999996 -0.0060744442 0)
(0.0018999998 -0.0059852093 0)
(0.0019999996 -0.0059852093 0)
(0.0020999997 -0.006325 0.0083024894)
(0.0020999998 -0.0061602827 0)
(0.0021999997 -0.006325 0.0083024886)
(0.0022000003 -0.0061602827 0)
(0.0022999998 -0.006325 0.0083024884)
(0.0023000003 -0.0061602827 0)
(0.0024000004 -0.006325 0.0083024882)
(0.0023999997 -0.0061602827 0)
(0.0020999997 -0.0060744442 0)
(0.0022000003 -0.0060744442 0)
(0.0020999998 -0.0059852093 0)
(0.0022000004 -0.0059852093 0)
(0.0023000003 -0.0060744442 0)
(0.0023999997 -0.0060744442 0)
(0.0023000004 -0.0059852093 0)
(0.0023999998 -0.0059852093 0)
(0.00029999985 -0.0045000005 0)
(0.00040000068 -0.0045000006 0)
(0.00050000098 -0.0047000001 0)
(0.00060000075 -0.0047000001 0)
(0.00050000091 -0.0046000006 0)
(0.00060000069 -0.0046000005 0)
(0.00069999982 -0.0047000001 0)
(0.00079999978 -0.0047 0)
(0.00069999979 -0.0046000004 0)
(0.00079999976 -0.0046000003 0)
(0.00050000078 -0.0045000006 0)
(0.00060000055 -0.0045000005 0)
(0.00069999969 -0.0045000004 0)
(0.0007999997 -0.0045000003 0)
(0.00079999965 -0.0043999996 0)
(0.0020999991 -0.0047000001 0)
(0.0021999993 -0.0047000002 0)
(0.0020999992 -0.0046000005 0)
(0.0021999994 -0.0046000005 0)
(0.0022999997 -0.0047000002 0)
(0.0024000008 -0.0047000003 0)
(0.0022999998 -0.0046000005 0)
(0.0024000008 -0.0046000005 0)
(0.0020999993 -0.0045000003 0)
(0.0021999995 -0.0045000004 0)
(0.0020999994 -0.0043999995 0)
(0.0022000003 -0.0043999995 0)
(0.0023000004 -0.0045000004 0)
(0.0024000006 -0.0045000003 0)
(0.0023000005 -0.0043999995 0)
(0.0023999999 -0.0043999994 0)
(0.0017000005 -0.0042999996 0)
(0.0018000003 -0.0042999996 0)
(0.0017000005 -0.0041999996 0)
(0.0017999996 -0.0041999996 0)
(0.0034999997 -0.0060744442 0)
(0.0035999997 -0.0060744442 0)
(0.0034999996 -0.0059852093 0)
(0.0035999997 -0.0059852093 0)
(0.0037000004 -0.006325 0.0083024882)
(0.0037000003 -0.0061602827 0)
(0.0038000006 -0.006325 0.0083024873)
(0.0038000003 -0.0061602827 0)
(0.0039000007 -0.006325 0.0083024857)
(0.0038999998 -0.0061602828 0)
(0.0040000007 -0.006325 0.0083024836)
(0.0039999997 -0.0061602828 0)
(0.0037000003 -0.0060744442 0)
(0.0038000004 -0.0060744442 0)
(0.0037000003 -0.0059852093 0)
(0.0038000004 -0.0059852093 0)
(0.0038999998 -0.0060744442 0)
(0.0039999997 -0.0060744442 0)
(0.0038999998 -0.0059852093 0)
(0.0039999997 -0.0059852094 0)
(0.0037000009 -0.0047000003 0)
(0.0038000007 -0.0047000003 0)
(0.0037000009 -0.0046000008 0)
(0.0038000007 -0.0046000008 0)
(0.0038999997 -0.0047000002 0)
(0.0039999995 -0.0047000001 0)
(0.0038999997 -0.0046000008 0)
(0.0039999994 -0.0046000007 0)
(0.0037000009 -0.004500001 0)
(0.0038000007 -0.004500001 0)
(0.0037000009 -0.0044000008 0)
(0.0038000007 -0.0044000008 0)
(0.0038999996 -0.0045000009 0)
(0.0039999993 -0.0045000008 0)
(0.0038999996 -0.0044000008 0)
(0.0039999993 -0.0044000007 0)
(0.0033000003 -0.0042999997 0)
(0.0033999996 -0.0042999998 0)
(0.0033000005 -0.0041999996 0)
(0.0033999997 -0.0041999997 0)
(0.0034999997 -0.0042999998 0)
(0.0036000007 -0.0042999999 0)
(0.0034999998 -0.0041999997 0)
(0.0036000007 -0.0041999998 0)
(0.0033000005 -0.0041000004 0)
(0.0033999997 -0.0041000004 0)
(0.0033000005 -0.0040000004 0)
(0.0033999997 -0.0040000004 0)
(-0.0012000007 -0.0055003305 0)
(-0.0012000008 -0.0054002923 0)
(-0.0010999998 -0.0055003305 0)
(-0.00099999953 -0.0055003305 0)
(-0.0010999999 -0.0054002923 0)
(-0.00099999965 -0.0054002923 0)
(-0.00089999948 -0.0055003305 0)
(-0.00080000005 -0.0055003305 0)
(-0.00089999958 -0.0054002923 0)
(-0.00079999962 -0.0054002923 0)
(-0.0011000006 -0.0053001888 0)
(-0.00099999974 -0.0053001888 0)
(-0.0011000007 -0.005200102 0)
(-0.00099999978 -0.005200102 0)
(0.00069999969 -0.0060744442 0)
(0.00080000028 -0.0060744441 0)
(0.00069999964 -0.0059852093 0)
(0.00080000024 -0.0059852093 0)
(9.999962e-05 -0.0058925372 0)
(0.00019999966 -0.0058925372 0)
(9.9999615e-05 -0.0057969268 0)
(0.00019999964 -0.0057969268 0)
(0.00030000031 -0.0058925372 0)
(0.00040000045 -0.0058925372 0)
(0.00030000029 -0.0057969268 0)
(0.00040000047 -0.0057969267 0)
(9.9999573e-05 -0.005699174 0)
(0.00019999957 -0.005699174 0)
(9.9999547e-05 -0.0056000942 0)
(0.0001999995 -0.0056000942 0)
(0.00030000025 -0.0056991739 0)
(0.00040000048 -0.0056991739 0)
(0.00030000023 -0.0056000941 0)
(0.0004000005 -0.0056000941 0)
(0.0017000005 -0.0058925371 0)
(0.0018000005 -0.0058925372 0)
(0.0017000005 -0.0057969267 0)
(0.0018000006 -0.0057969267 0)
(0.0018999999 -0.0058925372 0)
(0.0019999997 -0.0058925372 0)
(0.0019 -0.0057969267 0)
(0.0019999998 -0.0057969267 0)
(0.0017000006 -0.0056991739 0)
(0.0018000007 -0.0056991739 0)
(0.0017000006 -0.0056000941 0)
(0.0018000007 -0.0056000941 0)
(0.0019000001 -0.0056991739 0)
(0.0019999998 -0.0056991739 0)
(0.0019000006 -0.0056000941 0)
(0.0019999998 -0.0056000941 0)
(0.0020999998 -0.0058925372 0)
(0.0022000004 -0.0058925372 0)
(0.0020999998 -0.0057969267 0)
(0.0022000003 -0.0057969267 0)
(0.0023000004 -0.0058925372 0)
(0.0023999998 -0.0058925372 0)
(0.0023000004 -0.0057969267 0)
(0.0023999999 -0.0057969267 0)
(0.0018999994 -0.0042999995 0)
(0.0019999993 -0.0042999994 0)
(0.0018999993 -0.0041999995 0)
(0.0019999993 -0.0041999995 0)
(0.0017999995 -0.0041000005 0)
(0.0018999993 -0.0041000004 0)
(0.0019999994 -0.0041000003 0)
(0.0019999995 -0.0040000005 0)
(0.0020999995 -0.0042999994 0)
(0.0022000004 -0.0042999995 0)
(0.0020999997 -0.0042000001 0)
(0.0022000005 -0.0042000002 0)
(0.0023000005 -0.0042999995 0)
(0.0023999998 -0.0042999995 0)
(0.0023000006 -0.0042000002 0)
(0.0023999999 -0.0042000002 0)
(0.0021000004 -0.0040999997 0)
(0.0022000007 -0.0041000002 0)
(0.0021000005 -0.0039999997 0)
(0.0022000007 -0.0039999996 0)
(0.0023 -0.0041000002 0)
(0.0024 -0.0041000002 0)
(0.0023000001 -0.0039999995 0)
(0.0024000001 -0.0039999995 0)
(0.0033 -0.0058925372 0)
(0.0033999999 -0.0058925372 0)
(0.0033000005 -0.0057969267 0)
(0.0033999999 -0.0057969267 0)
(0.0034999997 -0.0058925372 0)
(0.0035999997 -0.0058925372 0)
(0.0034999997 -0.0057969267 0)
(0.0035999997 -0.0057969268 0)
(0.0033000005 -0.0056991739 0)
(0.0034000003 -0.0056991739 0)
(0.0033000005 -0.0056000941 0)
(0.0034000002 -0.0056000941 0)
(0.0034999996 -0.0056991739 0)
(0.0035999997 -0.005699174 0)
(0.0034999995 -0.0056000941 0)
(0.0035999996 -0.0056000942 0)
(0.0037000004 -0.0058925372 0)
(0.0038000004 -0.0058925372 0)
(0.0037000004 -0.0057969268 0)
(0.0038000005 -0.0057969268 0)
(0.0038999999 -0.0058925372 0)
(0.0039999997 -0.0058925372 0)
(0.0039 -0.0057969268 0)
(0.0039999997 -0.0057969268 0)
(0.0037000004 -0.005699174 0)
(0.0038000006 -0.005699174 0)
(0.0037000004 -0.0056000942 0)
(0.0038000007 -0.0056000942 0)
(0.0039000004 -0.005699174 0)
(0.0039999997 -0.005699174 0)
(0.0039000005 -0.0056000942 0)
(0.0039999997 -0.0056000942 0)
(0.0034999998 -0.0041000004 0)
(0.0036000007 -0.0041000005 0)
(0.0034999998 -0.0040000004 0)
(0.0036000006 -0.0040000004 0)
(0.0037000009 -0.0042999999 0)
(0.0038000007 -0.0042999999 0)
(0.0037000009 -0.0041999998 0)
(0.0038000007 -0.0041999998 0)
(0.0038999997 -0.0042999999 0)
(0.0039999994 -0.0042999999 0)
(0.0038999997 -0.0041999998 0)
(0.0039999996 -0.0041999998 0)
(0.0037000009 -0.0041000005 0)
(0.0038000007 -0.0041000005 0)
(0.0037000008 -0.0040000004 0)
(0.0038000005 -0.0040000004 0)
(0.0038999997 -0.0041000004 0)
(0.0039999997 -0.0041000003 0)
(0.0038999997 -0.0040000004 0)
(0.0039999997 -0.0040000003 0)
(-0.00089999967 -0.0053001888 0)
(-0.00080000031 -0.0053001888 0)
(-0.00089999969 -0.005200102 0)
(-0.00080000036 -0.005200102 0)
(0.00049999991 -0.0058925372 0)
(0.00059999966 -0.0058925372 0)
(0.00050000034 -0.0057969268 0)
(0.00059999968 -0.0057969268 0)
(0.00069999961 -0.0058925372 0)
(0.00080000015 -0.0058925372 0)
(0.00069999957 -0.0057969268 0)
(0.00080000006 -0.0057969267 0)
(0.00050000038 -0.0056991739 0)
(0.00059999965 -0.0056991739 0)
(0.00050000045 -0.0056000941 0)
(0.00059999963 -0.0056000941 0)
(0.00069999945 -0.0056991739 0)
(0.00079999993 -0.0056991739 0)
(0.00069999932 -0.0056000941 0)
(0.00079999977 -0.0056000941 0)
(0.0020999997 -0.0056991739 0)
(0.0022000003 -0.0056991739 0)
(0.0020999997 -0.0056000941 0)
(0.0022000003 -0.0056000941 0)
(0.0023000004 -0.0056991739 0)
(0.0023999999 -0.0056991739 0)
(0.0023000005 -0.0056000941 0)
(0.0024 -0.0056000941 0)
(0.0025000005 -0.006325 0.0083024871)
(0.0024999997 -0.0061602827 0)
(0.0026000005 -0.006325 0.0083024858)
(0.0026000002 -0.0061602827 0)
(0.0027000005 -0.006325 0.0083024835)
(0.0027000003 -0.0061602827 0)
(0.0028000005 -0.006325 0.0083024814)
(0.0027999998 -0.0061602827 0)
(0.00090000062 -0.0046999999 0)
(0.0010000008 -0.0046999998 0)
(0.00090000058 -0.0045999997 0)
(0.0010000007 -0.0045999995 0)
(0.0011000005 -0.0046999998 0)
(0.0011999995 -0.0046999997 0)
(0.0011000004 -0.0045999994 0)
(0.0011999994 -0.0045999994 0)
(0.00090000049 -0.0045000003 0)
(0.0010000006 -0.0045000002 0)
(0.00090000039 -0.0044000003 0)
(0.0010000004 -0.0044000003 0)
(0.0011000003 -0.0045000001 0)
(0.0011999994 -0.0045000001 0)
(0.0010999996 -0.0043999996 0)
(0.0011999999 -0.0044000001 0)
(0.002500001 -0.0047000004 0)
(0.0026000009 -0.0047000004 0)
(0.0025000009 -0.0046000005 0)
(0.0026000008 -0.0046000004 0)
(0.0026999999 -0.0047000004 0)
(0.0027999996 -0.0047000003 0)
(0.0027000005 -0.0046000004 0)
(0.0027999995 -0.0046000004 0)
(0.0025000002 -0.0044999996 0)
(0.0026000007 -0.0044999994 0)
(0.0024999999 -0.0043999993 0)
(0.0026000005 -0.0043999992 0)
(0.0027000004 -0.0044999994 0)
(0.0027999995 -0.0044999994 0)
(0.0027000003 -0.0043999992 0)
(0.0027999994 -0.0043999992 0)
(0.0041000007 -0.006325 0.008302482)
(0.0041000002 -0.0061602827 0)
(0.0042000006 -0.006325 0.0083024809)
(0.0041999999 -0.0061602827 0)
(0.0043000004 -0.006325 0.0083024816)
(0.0042999999 -0.0061602827 0)
(0.0043999998 -0.006325 0.0083024822)
(0.0044000002 -0.0061602827 0)
(0.0041000002 -0.0060744442 0)
(0.0042000003 -0.0060744442 0)
(0.0041000001 -0.0059852093 0)
(0.0042000002 -0.0059852093 0)
(0.0043000003 -0.0060744442 0)
(0.0043999997 -0.0060744442 0)
(0.0043000002 -0.0059852093 0)
(0.0043999997 -0.0059852093 0)
(0.0041000001 -0.0047 0)
(0.0042000004 -0.0046999999 0)
(0.0041000001 -0.0045999998 0)
(0.0042000003 -0.0045999996 0)
(0.0040999994 -0.0045000005 0)
(0.0042000003 -0.0044999997 0)
(0.0040999994 -0.0044000006 0)
(-0.0011000007 -0.005100048 0)
(-0.0009999998 -0.005100048 0)
(-0.00099999981 -0.0050000197 0)
(-0.0008999997 -0.0051000479 0)
(-0.00080000039 -0.0051000479 0)
(-0.00089999972 -0.0050000197 0)
(-0.00080000042 -0.0050000197 0)
(-0.00099999982 -0.0049000068 0)
(-0.00089999973 -0.0049000068 0)
(-0.00080000044 -0.0049000068 0)
(-0.00089999973 -0.0048000015 0)
(-0.00080000046 -0.0048000016 0)
(0.00090000014 -0.006325 0.0083024935)
(0.00089999986 -0.0061602827 0)
(0.00099999969 -0.006325 0.0083024939)
(0.00099999976 -0.0061602827 0)
(0.0010999997 -0.006325 0.0083024942)
(0.0010999998 -0.0061602827 0)
(0.0012000002 -0.006325 0.008302495)
(0.0012000002 -0.0061602827 0)
(0.00090000031 -0.0060744441 0)
(0.00099999979 -0.0060744442 0)
(0.00090000032 -0.0059852093 0)
(0.00099999985 -0.0059852093 0)
(0.0010999998 -0.0060744442 0)
(0.0012000003 -0.0060744442 0)
(0.0010999998 -0.0059852093 0)
(0.0012000003 -0.0059852093 0)
(0.0013000003 -0.006325 0.0083024949)
(0.0013000002 -0.0061602828 0)
(0.0013999998 -0.006325 0.0083024929)
(0.0014000001 -0.0061602827 0)
(0.0015000004 -0.006325 0.0083024915)
(0.0015000001 -0.0061602827 0)
(0.0016000005 -0.006325 0.0083024905)
(0.0016000002 -0.0061602827 0)
(0.0013000002 -0.0060744442 0)
(0.0013999996 -0.0060744442 0)
(0.0013000001 -0.0059852093 0)
(0.0013999995 -0.0059852093 0)
(0.0014999996 -0.0060744441 0)
(0.0016000002 -0.0060744441 0)
(0.0014999995 -0.0059852093 0)
(0.0016000002 -0.0059852093 0)
(0.0024999997 -0.0060744442 0)
(0.0026000003 -0.0060744442 0)
(0.0024999998 -0.0059852093 0)
(0.0026000003 -0.0059852093 0)
(0.0027000003 -0.0060744442 0)
(0.0027999998 -0.0060744442 0)
(0.0027000004 -0.0059852093 0)
(0.0027999998 -0.0059852093 0)
(0.0029000004 -0.006325 0.0083024806)
(0.0028999997 -0.0061602827 0)
(0.0029999999 -0.006325 0.0083024814)
(0.0030000001 -0.0061602827 0)
(0.0030999997 -0.006325 0.0083024841)
(0.0031000002 -0.0061602827 0)
(0.0031999996 -0.006325 0.0083024859)
(0.0031999998 -0.0061602827 0)
(0.0028999997 -0.0060744442 0)
(0.0030000001 -0.0060744441 0)
(0.0028999996 -0.0059852093 0)
(0.0030000001 -0.0059852093 0)
(0.0031000002 -0.0060744441 0)
(0.0031999998 -0.0060744441 0)
(0.0031000002 -0.0059852093 0)
(0.0031999999 -0.0059852093 0)
(0.0012999991 -0.0046999997 0)
(0.001399999 -0.0046999998 0)
(0.0012999991 -0.0045999994 0)
(0.001399999 -0.0045999994 0)
(0.0014999996 -0.0046999998 0)
(0.0015999992 -0.0046999999 0)
(0.0014999997 -0.0045999995 0)
(0.0015999993 -0.0045999996 0)
(0.0012999991 -0.0045000001 0)
(0.0013999991 -0.0045000001 0)
(0.0012999992 -0.0044000001 0)
(0.0013999992 -0.0044000001 0)
(0.0014999998 -0.0045000002 0)
(0.0015999994 -0.0045000003 0)
(0.0015 -0.0043999996 0)
(0.0015999996 -0.0044000002 0)
(0.0028999996 -0.0047000002 0)
(0.0030000005 -0.0047000001 0)
(0.0028999995 -0.0046000004 0)
(0.0030000004 -0.0046000004 0)
(0.0031000006 -0.0047000001 0)
(0.0032000003 -0.0047000001 0)
(0.0031000005 -0.0046000005 0)
(0.0032000003 -0.0046000006 0)
(0.0028999994 -0.0044999995 0)
(0.0030000002 -0.0045000003 0)
(0.0028999993 -0.0043999993 0)
(0.0029999995 -0.0043999995 0)
(0.0031000005 -0.0045000005 0)
(0.0032000003 -0.0045000006 0)
(0.0031000004 -0.0044000003 0)
(0.0032000004 -0.0044000004 0)
(0.0024999998 -0.0042999994 0)
(0.0026000005 -0.0042999993 0)
(0.0024999999 -0.0042000002 0)
(0.0026000005 -0.0042000002 0)
(0.0027000003 -0.0042999993 0)
(0.0027999993 -0.0042999994 0)
(0.0027000003 -0.0042000003 0)
(0.0027999993 -0.0042000003 0)
(0.0025000001 -0.0041000002 0)
(0.0026000007 -0.0041000003 0)
(0.0025000008 -0.0039999994 0)
(0.002600001 -0.0039999994 0)
(0.0045 -0.006325 0.0083024814)
(0.0044999997 -0.0061602827 0)
(0.0046000008 -0.006325 0.0083024789)
(0.0046 -0.0061602828 0)
(0.0044999997 -0.0060744442 0)
(0.0045999999 -0.0060744442 0)
(0.0044999997 -0.0059852093 0)
(0.0040999997 -0.0058925372 0)
(0.0042000001 -0.0058925372 0)
(0.0040999996 -0.0057969268 0)
(0.0042 -0.0057969268 0)
(0.0040999995 -0.0043000005 0)
(0.0041000003 -0.0041999998 0)
(-0.0007 -0.0055003305 0)
(-0.0005999994 -0.0055003305 0)
(-0.00069999954 -0.0054002923 0)
(-0.00059999943 -0.0054002923 0)
(-0.00049999949 -0.0055003305 0)
(-0.00039999972 -0.0055003305 0)
(-0.00049999954 -0.0054002923 0)
(-0.00040000035 -0.0054002923 0)
(-0.00070000024 -0.0053001888 0)
(-0.00059999952 -0.0053001887 0)
(-0.00070000032 -0.005200102 0)
(-0.00059999958 -0.005200102 0)
(-0.0004999996 -0.0053001887 0)
(-0.00040000038 -0.0053001887 0)
(-0.00049999963 -0.0052001019 0)
(-0.00040000039 -0.0052001019 0)
(-0.00030000037 -0.0055003305 0)
(-0.00020000024 -0.0055003305 0)
(-0.00030000036 -0.0054002923 0)
(-0.00020000009 -0.0054002923 0)
(-9.9999544e-05 -0.0055003305 0)
(4.0754107e-10 -0.0055003305 0)
(-9.9999841e-05 -0.0054002923 0)
(1.3873892e-10 -0.0054002923 0)
(-0.00030000032 -0.0053001887 0)
(-0.00019999937 -0.0053001887 0)
(-0.00030000031 -0.0052001019 0)
(-0.00019999932 -0.0052001019 0)
(-9.9999042e-05 -0.0053001887 0)
(9.6663567e-10 -0.0053001887 0)
(-9.9998943e-05 -0.0052001019 0)
(1.0945983e-09 -0.0052001019 0)
(0.00090000029 -0.0058925371 0)
(0.00099999993 -0.0058925371 0)
(0.00090000025 -0.0057969267 0)
(0.001 -0.0057969267 0)
(0.0010999999 -0.0058925372 0)
(0.0012000002 -0.0058925372 0)
(0.0011 -0.0057969267 0)
(0.0012000002 -0.0057969267 0)
(0.00090000016 -0.0056991739 0)
(0.0010000004 -0.0056991739 0)
(0.00090000003 -0.0056000941 0)
(0.0010000004 -0.0056000941 0)
(0.0011000005 -0.0056991739 0)
(0.0012000002 -0.0056991739 0)
(0.0011000005 -0.0056000941 0)
(0.0012000002 -0.0056000941 0)
(0.0013 -0.0058925372 0)
(0.0013999994 -0.0058925372 0)
(0.0012999999 -0.0057969267 0)
(0.0013999993 -0.0057969267 0)
(0.0024999998 -0.0058925372 0)
(0.0026000003 -0.0058925372 0)
(0.0024999998 -0.0057969267 0)
(0.0026000003 -0.0057969267 0)
(0.0027000004 -0.0058925372 0)
(0.0027999998 -0.0058925372 0)
(0.0027000004 -0.0057969267 0)
(0.0027999999 -0.0057969267 0)
(0.0024999999 -0.0056991739 0)
(0.0026 -0.0056991739 0)
(0.0025000001 -0.0056000941 0)
(0.0026000001 -0.0056000941 0)
(0.0027000005 -0.0056991739 0)
(0.0028 -0.0056991739 0)
(0.0027000001 -0.0056000941 0)
(0.0028 -0.0056000941 0)
(0.0028999997 -0.0058925372 0)
(0.0029999997 -0.0058925372 0)
(0.0028999998 -0.0057969267 0)
(0.0029999998 -0.0057969267 0)
(0.0030999999 -0.0058925372 0)
(0.0032 -0.0058925372 0)
(0.0031 -0.0057969267 0)
(0.0032000001 -0.0057969267 0)
(0.0028999999 -0.0056991739 0)
(0.0029999999 -0.0056991739 0)
(0.0028999999 -0.0056000941 0)
(0.003 -0.0056000941 0)
(0.0011999998 -0.0042999996 0)
(0.0012999992 -0.0042999995 0)
(0.0013999993 -0.0042999995 0)
(0.0015000002 -0.0042999995 0)
(0.0016000005 -0.0042999995 0)
(0.0015000004 -0.0041999996 0)
(0.0016000006 -0.0041999996 0)
(0.0027000005 -0.0041000003 0)
(0.0027999994 -0.0041000005 0)
(0.0027000007 -0.0039999995 0)
(0.0027999996 -0.0040000002 0)
(0.0028999991 -0.0042999994 0)
(0.0029999994 -0.0042999995 0)
(0.0028999991 -0.0042000003 0)
(0.0029999993 -0.0042000003 0)
(0.0031000004 -0.0042999995 0)
(0.0032000005 -0.0042999996 0)
(0.0031000004 -0.0041999997 0)
(0.0032000006 -0.0041999996 0)
(0.0028999991 -0.0041000005 0)
(0.0029999993 -0.0041000005 0)
(0.0028999992 -0.0040000004 0)
(0.0029999992 -0.0040000004 0)
(0.0031000003 -0.0041000004 0)
(0.0032000006 -0.0041000004 0)
(0.0031000002 -0.0040000004 0)
(0.0032000005 -0.0040000004 0)
(0.0043000001 -0.0058925372 0)
(0.0043999997 -0.0058925372 0)
(0.0043 -0.0057969268 0)
(0.0044 -0.0057969268 0)
(0.0040999995 -0.005699174 0)
(0.0041999999 -0.005699174 0)
(0.0040999994 -0.0056000942 0)
(0.0041999999 -0.0056000942 0)
(0.0042999999 -0.005699174 0)
(0.0043999999 -0.005699174 0)
(0.0042999999 -0.0056000942 0)
(0.0043999998 -0.0056000942 0)
(0.0044999998 -0.0058925372 0)
(0.0045000001 -0.0057969268 0)
(-0.00070000036 -0.0051000479 0)
(-0.00059999961 -0.0051000478 0)
(-0.0007000004 -0.0050000196 0)
(-0.00059999965 -0.0050000196 0)
(-0.00049999964 -0.0051000478 0)
(-0.00040000041 -0.0051000478 0)
(-0.00049999967 -0.0050000196 0)
(-0.00040000046 -0.0050000195 0)
(-0.00070000043 -0.0049000068 0)
(-0.00059999968 -0.0049000068 0)
(-0.00070000046 -0.0048000016 0)
(-0.00059999972 -0.0048000016 0)
(-0.00049999971 -0.0049000067 0)
(-0.00040000054 -0.0049000067 0)
(-0.00049999977 -0.0048000016 0)
(-0.00040000062 -0.0048000016 0)
(-0.00030000035 -0.0051000478 0)
(-0.00019999994 -0.0051000477 0)
(-0.00030000046 -0.0050000195 0)
(-0.00020000008 -0.0050000194 0)
(0.0014999995 -0.0058925372 0)
(0.0016000002 -0.0058925371 0)
(0.0014999994 -0.0057969267 0)
(0.0016000002 -0.0057969267 0)
(0.0012999998 -0.0056991739 0)
(0.0013999992 -0.0056991739 0)
(0.0012999993 -0.0056000941 0)
(0.001399999 -0.0056000941 0)
(0.0014999993 -0.0056991739 0)
(0.0016000002 -0.0056991739 0)
(0.0014999992 -0.0056000941 0)
(0.0016000001 -0.0056000941 0)
(9.9999647e-05 -0.0055003305 0)
(0.00019999953 -0.0055003305 0)
(9.9999881e-05 -0.0054002923 0)
(0.00019999966 -0.0054002923 0)
(0.00029999971 -0.0055003305 0)
(0.00040000056 -0.0055003305 0)
(0.00029999976 -0.0054002923 0)
(0.00040000065 -0.0054002923 0)
(0.0031000001 -0.0056991739 0)
(0.0032000006 -0.0056991739 0)
(0.0031000006 -0.0056000941 0)
(0.0032000006 -0.0056000941 0)
(0.0017000005 -0.0055003304 0)
(0.0018000007 -0.0055003305 0)
(0.0017000004 -0.0054002923 0)
(0.0018000007 -0.0054002923 0)
(0.0019000006 -0.0055003305 0)
(0.0019999998 -0.0055003305 0)
(0.0019000007 -0.0054002923 0)
(0.0019999997 -0.0054002923 0)
(0.0017000003 -0.0053001887 0)
(0.0018000007 -0.0053001887 0)
(0.0017000003 -0.0052001019 0)
(0.0018000007 -0.0052001019 0)
(0.0019000006 -0.0053001888 0)
(0.0019999997 -0.0053001888 0)
(0.0019000006 -0.0052001019 0)
(0.0019999996 -0.0052001019 0)
(0.0033000003 -0.0055003305 0)
(0.0034 -0.0055003305 0)
(0.0033 -0.0054002924 0)
(0.0033999998 -0.0054002924 0)
(0.0034999994 -0.0055003305 0)
(0.0035999995 -0.0055003305 0)
(0.0034999992 -0.0054002924 0)
(0.0035999996 -0.0054002924 0)
(0.0032999993 -0.0053001888 0)
(0.003399999 -0.0053001888 0)
(0.0032999992 -0.005200102 0)
(0.003399999 -0.0052001019 0)
(0.0034999992 -0.0053001888 0)
(0.0036000002 -0.0053001888 0)
(0.0034999992 -0.0052001019 0)
(0.0036000003 -0.005200102 0)
(0.0033000004 -0.0038999996 0)
(0.0033999997 -0.0038999996 0)
(0.0033000004 -0.0037999996 0)
(0.0033999996 -0.0037999996 0)
(0.0034999997 -0.0038999996 0)
(0.0036000006 -0.0038999996 0)
(0.0034999997 -0.0037999996 0)
(0.0036000005 -0.0037999996 0)
(0.0033000003 -0.0037000004 0)
(0.0033999996 -0.0037000004 0)
(0.0033000003 -0.0036000004 0)
(0.0033999996 -0.0036000003 0)
(0.0034999997 -0.0037000003 0)
(0.0036000005 -0.0037000003 0)
(0.0034999997 -0.0036000003 0)
(0.0036000005 -0.0036000002 0)
(0.0037000006 -0.0038999997 0)
(0.0037999998 -0.0038999997 0)
(0.0037000005 -0.0037999996 0)
(0.0037999997 -0.0037999996 0)
(0.0038999996 -0.0038999997 0)
(0.0038999996 -0.0037999997 0)
(-9.9998959e-05 -0.0051000477 0)
(1.1269875e-09 -0.0051000476 0)
(-9.999905e-05 -0.0050000194 0)
(1.1051995e-09 -0.0050000193 0)
(-0.00030000059 -0.0049000066 0)
(-0.00020000025 -0.0049000066 0)
(-0.00030000073 -0.0048000015 0)
(-0.00020000042 -0.0048000014 0)
(-9.9999188e-05 -0.0049000065 0)
(1.0414282e-09 -0.0049000064 0)
(-9.999992e-05 -0.0048000014 0)
(9.4584146e-10 -0.0048000014 0)
(0.00010000067 -0.0053001887 0)
(0.0001999998 -0.0053001887 0)
(0.00010000079 -0.0052001019 0)
(0.00019999988 -0.0052001019 0)
(0.00029999983 -0.0053001887 0)
(0.00040000071 -0.0053001887 0)
(0.00029999988 -0.0052001019 0)
(0.00040000075 -0.0052001019 0)
(0.00050000058 -0.0055003305 0)
(0.00059999969 -0.0055003305 0)
(0.00050000073 -0.0054002923 0)
(0.00059999983 -0.0054002923 0)
(0.00069999928 -0.0055003305 0)
(0.00079999916 -0.0055003305 0)
(0.00069999936 -0.0054002923 0)
(0.00079999915 -0.0054002923 0)
(0.00050000084 -0.0053001887 0)
(0.00060000052 -0.0053001888 0)
(0.00050000089 -0.0052001019 0)
(0.00060000059 -0.0052001019 0)
(0.00069999945 -0.0053001888 0)
(0.0007999992 -0.0053001888 0)
(0.00069999951 -0.0052001019 0)
(0.00079999925 -0.0052001019 0)
(0.0020999995 -0.0055003305 0)
(0.0022000002 -0.0055003305 0)
(0.0020999994 -0.0054002923 0)
(0.0022 -0.0054002923 0)
(0.0023000004 -0.0055003305 0)
(0.0024000001 -0.0055003305 0)
(0.0023000002 -0.0054002923 0)
(0.0024000006 -0.0054002923 0)
(0.0020999993 -0.0053001888 0)
(0.0021999992 -0.0053001888 0)
(0.0020999992 -0.0052001019 0)
(0.0021999991 -0.0052001019 0)
(0.0022999994 -0.0053001887 0)
(0.0023999999 -0.0053001887 0)
(0.0022999993 -0.0052001019 0)
(0.0023999998 -0.0052001019 0)
(0.0022000008 -0.0038999996 0)
(0.0023000001 -0.0038999995 0)
(0.0024000001 -0.0038999994 0)
(0.0023000001 -0.0038000002 0)
(0.0024000001 -0.0038000001 0)
(0.0037000005 -0.0055003306 0)
(0.0038000007 -0.0055003306 0)
(0.0037000006 -0.0054002924 0)
(0.0038000008 -0.0054002924 0)
(0.0039000006 -0.0055003306 0)
(0.0039999997 -0.0055003306 0)
(0.0039000007 -0.0054002924 0)
(0.0039999997 -0.0054002924 0)
(0.0037000007 -0.0053001888 0)
(0.0038000009 -0.0053001889 0)
(0.0037000008 -0.005200102 0)
(0.0038000009 -0.005200102 0)
(0.0039000001 -0.0053001889 0)
(0.0039999997 -0.0053001889 0)
(0.0039 -0.005200102 0)
(0.0039999997 -0.005200102 0)
(0.0032999992 -0.0051000477 0)
(0.003399999 -0.0051000477 0)
(0.0032999992 -0.0050000194 0)
(0.003399999 -0.0050000194 0)
(0.0034999992 -0.0051000478 0)
(0.0036000004 -0.0051000478 0)
(0.0034999993 -0.0050000194 0)
(0.0036000005 -0.0050000195 0)
(0.0037000005 -0.0037000003 0)
(0.0037999997 -0.0037000003 0)
(0.0037000006 -0.0036000002 0)
(0.0033000003 -0.0034999996 0)
(0.0033999996 -0.0034999994 0)
(0.0033000003 -0.0033999994 0)
(0.0033999996 -0.0033999993 0)
(0.0034999997 -0.0034999994 0)
(0.0036000006 -0.0034999993 0)
(0.0034999998 -0.0033999992 0)
(0.0033000003 -0.0032999998 0)
(0.0033999997 -0.0032999998 0)
(-0.0013000006 -0.006325 0.0083024855)
(-0.0012999998 -0.0061602827 0)
(-0.0012000006 -0.006325 0.008302489)
(-0.0012000003 -0.0061602827 0)
(-0.0012999998 -0.0060744441 0)
(-0.0012000003 -0.0060744441 0)
(-0.0012999999 -0.0059852093 0)
(-0.0012000003 -0.0059852093 0)
(-0.00080000046 -0.0046999997 0)
(-0.00080000045 -0.0045999993 0)
(-0.00080000043 -0.0044999996 0)
(0.00010000084 -0.0051000476 0)
(0.00019999992 -0.0051000477 0)
(0.00010000086 -0.0050000193 0)
(0.00019999995 -0.0050000193 0)
(0.00029999991 -0.0051000477 0)
(0.00040000078 -0.0051000477 0)
(0.00029999993 -0.0050000194 0)
(0.0004000008 -0.0050000194 0)
(0.00010000085 -0.0049000064 0)
(0.00019999995 -0.0049000065 0)
(0.00010000081 -0.0048000014 0)
(0.00019999995 -0.0048000014 0)
(0.00029999995 -0.0049000065 0)
(0.00040000082 -0.0049000065 0)
(0.00029999995 -0.0048000015 0)
(0.00040000083 -0.0048000015 0)
(0.00050000092 -0.0051000478 0)
(0.00060000063 -0.0051000478 0)
(0.00050000095 -0.0050000195 0)
(0.00060000067 -0.0050000195 0)
(0.00069999956 -0.0051000478 0)
(0.00079999934 -0.0051000478 0)
(0.00069999964 -0.0050000195 0)
(0.00079999948 -0.0050000195 0)
(0.00050000097 -0.0049000066 0)
(0.00060000071 -0.0049000066 0)
(0.00050000099 -0.0048000016 0)
(0.00060000075 -0.0048000016 0)
(0.0017000003 -0.0051000478 0)
(0.0018000007 -0.0051000478 0)
(0.0017000003 -0.0050000196 0)
(0.0018000007 -0.0050000195 0)
(0.0019000006 -0.0051000478 0)
(0.0019999995 -0.0051000478 0)
(0.0019000005 -0.0050000195 0)
(0.0019999995 -0.0050000195 0)
(0.0016999996 -0.0049000067 0)
(0.0018000006 -0.0049000067 0)
(0.0016999995 -0.0048000016 0)
(0.0018000004 -0.0048000016 0)
(0.0019000005 -0.0049000066 0)
(0.0019999994 -0.0049000066 0)
(0.0019000004 -0.0048000016 0)
(0.0019999994 -0.0048000016 0)
(0.0020999991 -0.0051000478 0)
(0.002199999 -0.0051000478 0)
(0.0020999991 -0.0050000195 0)
(0.002199999 -0.0050000195 0)
(0.0022999993 -0.0051000478 0)
(0.0024000003 -0.0051000478 0)
(0.0022999993 -0.0050000196 0)
(0.0024000004 -0.0050000196 0)
(0.002099999 -0.0049000067 0)
(0.002199999 -0.0049000067 0)
(0.0020999991 -0.0048000016 0)
(0.0021999991 -0.0048000017 0)
(0.0022999994 -0.0049000068 0)
(0.0024000005 -0.0049000069 0)
(0.0022999996 -0.0048000018 0)
(0.0024000007 -0.0048000019 0)
(0.0032999992 -0.0049000065 0)
(0.003399999 -0.0049000065 0)
(0.0032999992 -0.0048000015 0)
(0.003399999 -0.0048000015 0)
(0.0034999993 -0.0049000066 0)
(0.0036000005 -0.0049000066 0)
(0.0034999994 -0.0048000016 0)
(0.0036000005 -0.0048000016 0)
(0.0037000008 -0.0051000478 0)
(0.0038000008 -0.0051000478 0)
(0.0037000009 -0.0050000195 0)
(0.0038000008 -0.0050000195 0)
(0.0038999999 -0.0051000479 0)
(0.0039999996 -0.0051000479 0)
(0.0038999998 -0.0050000195 0)
(0.0039999995 -0.0050000195 0)
(0.0037000009 -0.0049000066 0)
(0.0038000008 -0.0049000067 0)
(0.0037000009 -0.0048000017 0)
(0.0038000008 -0.0048000017 0)
(0.0038999998 -0.0049000067 0)
(0.0039999995 -0.0049000067 0)
(0.0038999998 -0.0048000016 0)
(0.0039999995 -0.0048000016 0)
(0.0037000007 -0.0034999993 0)
(-0.0011000006 -0.006325 0.0083024914)
(-0.0011000003 -0.0061602827 0)
(-0.0010000006 -0.006325 0.0083024936)
(-0.00099999972 -0.0061602827 0)
(-0.0009000005 -0.006325 0.0083024953)
(-0.00089999967 -0.0061602827 0)
(-0.00080000047 -0.006325 0.0083024966)
(-0.00080000019 -0.0061602827 0)
(-0.0011000003 -0.0060744441 0)
(-0.00099999966 -0.0060744441 0)
(-0.0011000002 -0.0059852093 0)
(-0.00099999961 -0.0059852093 0)
(-0.0008999996 -0.0060744441 0)
(-0.00080000018 -0.0060744442 0)
(-0.00089999955 -0.0059852093 0)
(-0.00080000015 -0.0059852093 0)
(-0.0012000003 -0.0058925371 0)
(-0.0012000004 -0.0057969267 0)
(-0.0012000001 -0.0056991739 0)
(-0.0012000006 -0.0056000941 0)
(0.00069999973 -0.0049000066 0)
(0.00079999962 -0.0049000067 0)
(0.00069999979 -0.0048000016 0)
(0.00079999973 -0.0048000016 0)
(0.00089999942 -0.0055003305 0)
(0.0010000004 -0.0055003305 0)
(0.0008999994 -0.0054002923 0)
(0.0010000004 -0.0054002923 0)
(0.0011000006 -0.0055003305 0)
(0.0012000003 -0.0055003305 0)
(0.0011000006 -0.0054002923 0)
(0.0012000003 -0.0054002923 0)
(0.00089999942 -0.0053001887 0)
(0.0010000004 -0.0053001887 0)
(0.00089999947 -0.005200102 0)
(0.0010000005 -0.005200102 0)
(0.0025000002 -0.0055003305 0)
(0.0026000003 -0.0055003305 0)
(0.0025000009 -0.0054002923 0)
(0.0026000009 -0.0054002923 0)
(0.0027000007 -0.0055003305 0)
(0.0028000004 -0.0055003305 0)
(0.0027000006 -0.0054002923 0)
(0.0028000002 -0.0054002923 0)
(0.0025000008 -0.0053001887 0)
(0.0026000009 -0.0053001888 0)
(0.0025000008 -0.005200102 0)
(0.0026000009 -0.005200102 0)
(0.0027000006 -0.0053001888 0)
(0.0027999996 -0.0053001888 0)
(0.0027 -0.0052001019 0)
(0.0027999996 -0.0052001019 0)
(0.0025000009 -0.0038999993 0)
(0.0026000011 -0.0038999992 0)
(0.0025000009 -0.0037999994 0)
(0.0026000012 -0.0037999993 0)
(0.0027000009 -0.0038999992 0)
(0.0028000004 -0.0038999993 0)
(0.002700001 -0.0037999992 0)
(0.0028000005 -0.0037999992 0)
(0.0025000003 -0.0037000002 0)
(0.0026000011 -0.0036999996 0)
(0.0026000011 -0.0036000005 0)
(0.0027000011 -0.0036999995 0)
(0.0028000006 -0.0036999995 0)
(0.0027000011 -0.0036000006 0)
(0.0028000007 -0.0036000006 0)
(0.0028999993 -0.0038999994 0)
(0.0029999991 -0.0038999995 0)
(0.0028999994 -0.0037999993 0)
(0.0029999991 -0.0037999994 0)
(0.0040999995 -0.0055003306 0)
(0.0041999995 -0.0055003306 0)
(0.0040999996 -0.0054002924 0)
(0.0041999996 -0.0054002924 0)
(0.0042999994 -0.0055003306 0)
(0.0043999994 -0.0055003306 0)
(0.0042999996 -0.0054002924 0)
(0.0043999995 -0.0054002924 0)
(0.0040999997 -0.0053001889 0)
(0.0042000003 -0.0053001889 0)
(0.0040999997 -0.005200102 0)
(0.0042000004 -0.005200102 0)
(0.0043000003 -0.0053001889 0)
(0.0043999995 -0.0053001889 0)
(0.0043000003 -0.0052001021 0)
(0.0043999994 -0.0052001021 0)
(0.0005 -0.006325 0.050000001)
(0.0006 -0.006325 0.050000001)
(0.0007 -0.006325 0.050000001)
(0.0008 -0.006325 0.050000001)
(0.0021 -0.006325 0.050000001)
(0.0022 -0.006325 0.050000001)
(0.0023 -0.006325 0.050000001)
(0.0024 -0.006325 0.050000001)
(0.0037 -0.006325 0.050000001)
(0.0038 -0.006325 0.050000001)
(0.0039 -0.006325 0.050000001)
(0.004 -0.006325 0.050000001)
(-0.0007 -0.006325 -7.0343988e-47)
(-0.0006 -0.006325 -7.0349785e-47)
(-0.0005 -0.006325 -7.0355581e-47)
(-0.0004 -0.006325 -7.0361378e-47)
(-0.0003 -0.006325 -7.0367174e-47)
(-0.0002 -0.006325 -7.0372971e-47)
(-0.0001 -0.006325 -7.0378768e-47)
(1.0722759e-16 -0.006325 -7.0384564e-47)
(0.0017 -0.006325 -7.0483105e-47)
(0.0018 -0.006325 -7.0488902e-47)
(0.0033 -0.006325 -7.057585e-47)
(0.0034 -0.006325 -7.0581646e-47)
(0.0035 -0.006325 -7.0587443e-47)
(0.0036 -0.006325 -7.0593239e-47)
(0.0009 -0.006325 0.050000001)
(0.001 -0.006325 0.050000001)
(0.0011 -0.006325 0.050000001)
(0.0012 -0.006325 0.050000001)
(0.0025 -0.006325 0.050000001)
(0.0026 -0.006325 0.050000001)
(0.0027 -0.006325 0.050000001)
(0.0028 -0.006325 0.050000001)
(0.0041 -0.006325 0.050000001)
(0.0042 -0.006325 0.050000001)
(0.0043 -0.006325 0.050000001)
(0.0044 -0.006325 0.050000001)
(0.0045 -0.006325 0.050000001)
(0.0046 -0.006325 0.050000001)
(0.0001 -0.006325 -7.0390361e-47)
(0.0002 -0.006325 -7.0396157e-47)
(0.0003 -0.006325 -7.0401954e-47)
(0.0004 -0.006325 -7.040775e-47)
(0.0005 -0.006325 -7.0413547e-47)
(0.0006 -0.006325 -7.0419343e-47)
(0.0007 -0.006325 -7.042514e-47)
(0.0008 -0.006325 -7.0430936e-47)
(0.0019 -0.006325 -7.0494698e-47)
(0.002 -0.006325 -7.0500495e-47)
(0.0021 -0.006325 -7.0506291e-47)
(0.0022 -0.006325 -7.0512088e-47)
(0.0023 -0.006325 -7.0517884e-47)
(0.0024 -0.006325 -7.0523681e-47)
(0.0037 -0.006325 -7.0599036e-47)
(0.0038 -0.006325 -7.0604833e-47)
(0.0039 -0.006325 -7.0610629e-47)
(0.004 -0.006325 -7.0616426e-47)
(0.0013 -0.006325 0.050000001)
(0.0014 -0.006325 0.050000001)
(0.0015 -0.006325 0.050000001)
(0.0016 -0.006325 0.050000001)
(0.0029 -0.006325 0.050000001)
(0.003 -0.006325 0.050000001)
(0.0031 -0.006325 0.050000001)
(0.0032 -0.006325 0.050000001)
(0.0025 -0.006325 -7.0529478e-47)
(0.0026 -0.006325 -7.0535274e-47)
(0.0027 -0.006325 -7.0541071e-47)
(0.0028 -0.006325 -7.0546867e-47)
(0.0041 -0.006325 -7.0622222e-47)
(0.0042 -0.006325 -7.0628019e-47)
(0.0043 -0.006325 -7.0633815e-47)
(0.0044 -0.006325 -7.0639612e-47)
(0.0009 -0.006325 -7.0436733e-47)
(0.001 -0.006325 -7.0442529e-47)
(0.0011 -0.006325 -7.0448326e-47)
(0.0012 -0.006325 -7.0454123e-47)
(0.0013 -0.006325 -7.0459919e-47)
(0.0014 -0.006325 -7.0465716e-47)
(0.0015 -0.006325 -7.0471512e-47)
(0.0016 -0.006325 -7.0477309e-47)
(0.0029 -0.006325 -7.0552664e-47)
(0.003 -0.006325 -7.055846e-47)
(0.0031 -0.006325 -7.0564257e-47)
(0.0032 -0.006325 -7.0570053e-47)
(0.0045 -0.006325 -7.0645408e-47)
(0.0046 -0.006325 -7.0651205e-47)
(-0.0013 -0.006325 0.050000001)
(-0.0012 -0.006325 0.050000001)
(-0.0011 -0.006325 0.050000001)
(-0.001 -0.006325 0.050000001)
(-0.0009 -0.006325 0.050000001)
(-0.0008 -0.006325 0.050000001)
(-0.0007 -0.006325 0.050000001)
(-0.0006 -0.006325 0.050000001)
(-0.0005 -0.006325 0.050000001)
(-0.0004 -0.006325 0.050000001)
(-0.0013 -0.006325 -7.0309209e-47)
(-0.0012 -0.006325 -7.0315006e-47)
(-0.0003 -0.006325 0.050000001)
(-0.0002 -0.006325 0.050000001)
(-0.0001 -0.006325 0.050000001)
(5.5002931e-17 -0.006325 0.050000001)
(-0.0011 -0.006325 -7.0320802e-47)
(-0.001 -0.006325 -7.0326599e-47)
(-0.0009 -0.006325 -7.0332395e-47)
(-0.0008 -0.006325 -7.0338192e-47)
(0.0001 -0.006325 0.050000001)
(0.0002 -0.006325 0.050000001)
(0.0003 -0.006325 0.050000001)
(0.0004 -0.006325 0.050000001)
(0.0017 -0.006325 0.050000001)
(0.0018 -0.006325 0.050000001)
(0.0019 -0.006325 0.050000001)
(0.002 -0.006325 0.050000001)
(0.0033 -0.006325 0.050000001)
(0.0034 -0.006325 0.050000001)
(0.0035 -0.006325 0.050000001)
(0.0036 -0.006325 0.050000001)
)


// ************************************************************************* //
