solid cladding_max_z
  facet normal 0 0 1
    outer loop
      vertex -0.00270371 -0.00295058 3.6826
      vertex -0.0030888 -0.00337083 3.6826
      vertex -0.00257244 -0.00306571 3.6826
    endloop
  endfacet
  facet normal 0 0 1
    outer loop
      vertex -0.0030888 -0.00337083 3.6826
      vertex -0.00293882 -0.00350236 3.6826
      vertex -0.00257244 -0.00306571 3.6826
    endloop
  endfacet
  facet normal 0 0 1
    outer loop
      vertex -0.00257244 -0.00306571 3.6826
      vertex -0.00293882 -0.00350236 3.6826
      vertex -0.00243626 -0.003175 3.6826
    endloop
  endfacet
  facet normal 0 0 1
    outer loop
      vertex -0.00293882 -0.00350236 3.6826
      vertex -0.00278326 -0.00362721 3.6826
      vertex -0.00243626 -0.003175 3.6826
    endloop
  endfacet
  facet normal 0 0 1
    outer loop
      vertex -0.00243626 -0.003175 3.6826
      vertex -0.00278326 -0.00362721 3.6826
      vertex -0.00229545 -0.00327825 3.6826
    endloop
  endfacet
  facet normal 0 0 1
    outer loop
      vertex -0.00278326 -0.00362721 3.6826
      vertex -0.00262239 -0.00374516 3.6826
      vertex -0.00229545 -0.00327825 3.6826
    endloop
  endfacet
  facet normal 0 0 1
    outer loop
      vertex -0.00229545 -0.00327825 3.6826
      vertex -0.00262239 -0.00374516 3.6826
      vertex -0.00215027 -0.00337525 3.6826
    endloop
  endfacet
  facet normal 0 0 1
    outer loop
      vertex -0.00262239 -0.00374516 3.6826
      vertex -0.00245653 -0.00385599 3.6826
      vertex -0.00215027 -0.00337525 3.6826
    endloop
  endfacet
  facet normal 0 0 1
    outer loop
      vertex -0.00215027 -0.00337525 3.6826
      vertex -0.00245653 -0.00385599 3.6826
      vertex -0.002001 -0.00346583 3.6826
    endloop
  endfacet
  facet normal 0 0 1
    outer loop
      vertex -0.00245653 -0.00385599 3.6826
      vertex -0.002286 -0.00395947 3.6826
      vertex -0.002001 -0.00346583 3.6826
    endloop
  endfacet
  facet normal 0 0 1
    outer loop
      vertex -0.002001 -0.00346583 3.6826
      vertex -0.002286 -0.00395947 3.6826
      vertex -0.00184792 -0.00354982 3.6826
    endloop
  endfacet
  facet normal 0 0 1
    outer loop
      vertex -0.002286 -0.00395947 3.6826
      vertex -0.00211111 -0.00405541 3.6826
      vertex -0.00184792 -0.00354982 3.6826
    endloop
  endfacet
  facet normal 0 0 1
    outer loop
      vertex -0.00184792 -0.00354982 3.6826
      vertex -0.00211111 -0.00405541 3.6826
      vertex -0.00169132 -0.00362704 3.6826
    endloop
  endfacet
  facet normal 0 0 1
    outer loop
      vertex -0.00211111 -0.00405541 3.6826
      vertex -0.00193221 -0.00414364 3.6826
      vertex -0.00169132 -0.00362704 3.6826
    endloop
  endfacet
  facet normal 0 0 1
    outer loop
      vertex -0.00169132 -0.00362704 3.6826
      vertex -0.00193221 -0.00414364 3.6826
      vertex -0.0015315 -0.00369737 3.6826
    endloop
  endfacet
  facet normal 0 0 1
    outer loop
      vertex -0.00193221 -0.00414364 3.6826
      vertex -0.00174963 -0.00422398 3.6826
      vertex -0.0015315 -0.00369737 3.6826
    endloop
  endfacet
  facet normal 0 0 1
    outer loop
      vertex -0.0015315 -0.00369737 3.6826
      vertex -0.00174963 -0.00422398 3.6826
      vertex -0.00136876 -0.00376065 3.6826
    endloop
  endfacet
  facet normal 0 0 1
    outer loop
      vertex -0.00174963 -0.00422398 3.6826
      vertex -0.00156372 -0.00429627 3.6826
      vertex -0.00136876 -0.00376065 3.6826
    endloop
  endfacet
  facet normal 0 0 1
    outer loop
      vertex -0.00136876 -0.00376065 3.6826
      vertex -0.00156372 -0.00429627 3.6826
      vertex -0.00120342 -0.00381678 3.6826
    endloop
  endfacet
  facet normal 0 0 1
    outer loop
      vertex -0.00156372 -0.00429627 3.6826
      vertex -0.00137483 -0.00436039 3.6826
      vertex -0.00120342 -0.00381678 3.6826
    endloop
  endfacet
  facet normal 0 0 1
    outer loop
      vertex -0.00120342 -0.00381678 3.6826
      vertex -0.00137483 -0.00436039 3.6826
      vertex -0.00103579 -0.00386564 3.6826
    endloop
  endfacet
  facet normal 0 0 1
    outer loop
      vertex -0.00137483 -0.00436039 3.6826
      vertex -0.00118332 -0.00441621 3.6826
      vertex -0.00103579 -0.00386564 3.6826
    endloop
  endfacet
  facet normal 0 0 1
    outer loop
      vertex -0.00103579 -0.00386564 3.6826
      vertex -0.00118332 -0.00441621 3.6826
      vertex -0.000866191 -0.00390714 3.6826
    endloop
  endfacet
  facet normal 0 0 1
    outer loop
      vertex -0.00118332 -0.00441621 3.6826
      vertex -0.000989562 -0.00446363 3.6826
      vertex -0.000866191 -0.00390714 3.6826
    endloop
  endfacet
  facet normal 0 0 1
    outer loop
      vertex -0.000866191 -0.00390714 3.6826
      vertex -0.000989562 -0.00446363 3.6826
      vertex -0.00069494 -0.0039412 3.6826
    endloop
  endfacet
  facet normal 0 0 1
    outer loop
      vertex -0.000989562 -0.00446363 3.6826
      vertex -0.000793919 -0.00450254 3.6826
      vertex -0.00069494 -0.0039412 3.6826
    endloop
  endfacet
  facet normal 0 0 1
    outer loop
      vertex -0.00069494 -0.0039412 3.6826
      vertex -0.000793919 -0.00450254 3.6826
      vertex -0.000522366 -0.00396776 3.6826
    endloop
  endfacet
  facet normal 0 0 1
    outer loop
      vertex -0.000793919 -0.00450254 3.6826
      vertex -0.000596766 -0.00453289 3.6826
      vertex -0.000522366 -0.00396776 3.6826
    endloop
  endfacet
  facet normal 0 0 1
    outer loop
      vertex -0.000522366 -0.00396776 3.6826
      vertex -0.000596766 -0.00453289 3.6826
      vertex -0.000348797 -0.00398677 3.6826
    endloop
  endfacet
  facet normal 0 0 1
    outer loop
      vertex -0.000596766 -0.00453289 3.6826
      vertex -0.000398476 -0.0045546 3.6826
      vertex -0.000348797 -0.00398677 3.6826
    endloop
  endfacet
  facet normal 0 0 1
    outer loop
      vertex -0.000348797 -0.00398677 3.6826
      vertex -0.000398476 -0.0045546 3.6826
      vertex -0.000174565 -0.00399819 3.6826
    endloop
  endfacet
  facet normal 0 0 1
    outer loop
      vertex -0.000398476 -0.0045546 3.6826
      vertex -0.000199428 -0.00456765 3.6826
      vertex -0.000174565 -0.00399819 3.6826
    endloop
  endfacet
  facet normal 0 0 1
    outer loop
      vertex -0.000174565 -0.00399819 3.6826
      vertex -0.000199428 -0.00456765 3.6826
      vertex -1.16632e-18 -0.004002 3.6826
    endloop
  endfacet
  facet normal 0 0 1
    outer loop
      vertex -0.000199428 -0.00456765 3.6826
      vertex -1.33243e-18 -0.004572 3.6826
      vertex -1.16632e-18 -0.004002 3.6826
    endloop
  endfacet
  facet normal 0 0 1
    outer loop
      vertex -1.16632e-18 -0.004002 3.6826
      vertex -1.33243e-18 -0.004572 3.6826
      vertex 0.000174565 -0.00399819 3.6826
    endloop
  endfacet
  facet normal 0 0 1
    outer loop
      vertex -1.33243e-18 -0.004572 3.6826
      vertex 0.000199428 -0.00456765 3.6826
      vertex 0.000174565 -0.00399819 3.6826
    endloop
  endfacet
  facet normal 0 0 1
    outer loop
      vertex 0.000174565 -0.00399819 3.6826
      vertex 0.000199428 -0.00456765 3.6826
      vertex 0.000348797 -0.00398677 3.6826
    endloop
  endfacet
  facet normal 0 0 1
    outer loop
      vertex 0.000199428 -0.00456765 3.6826
      vertex 0.000398476 -0.0045546 3.6826
      vertex 0.000348797 -0.00398677 3.6826
    endloop
  endfacet
  facet normal 0 0 1
    outer loop
      vertex 0.000348797 -0.00398677 3.6826
      vertex 0.000398476 -0.0045546 3.6826
      vertex 0.000522366 -0.00396776 3.6826
    endloop
  endfacet
  facet normal 0 0 1
    outer loop
      vertex 0.000398476 -0.0045546 3.6826
      vertex 0.000596766 -0.00453289 3.6826
      vertex 0.000522366 -0.00396776 3.6826
    endloop
  endfacet
  facet normal 0 0 1
    outer loop
      vertex 0.000522366 -0.00396776 3.6826
      vertex 0.000596766 -0.00453289 3.6826
      vertex 0.00069494 -0.0039412 3.6826
    endloop
  endfacet
  facet normal 0 0 1
    outer loop
      vertex 0.000596766 -0.00453289 3.6826
      vertex 0.000793919 -0.00450254 3.6826
      vertex 0.00069494 -0.0039412 3.6826
    endloop
  endfacet
  facet normal 0 0 1
    outer loop
      vertex 0.00069494 -0.0039412 3.6826
      vertex 0.000793919 -0.00450254 3.6826
      vertex 0.000866191 -0.00390714 3.6826
    endloop
  endfacet
  facet normal 0 0 1
    outer loop
      vertex 0.000793919 -0.00450254 3.6826
      vertex 0.000989562 -0.00446363 3.6826
      vertex 0.000866191 -0.00390714 3.6826
    endloop
  endfacet
  facet normal 0 0 1
    outer loop
      vertex 0.000866191 -0.00390714 3.6826
      vertex 0.000989562 -0.00446363 3.6826
      vertex 0.00103579 -0.00386564 3.6826
    endloop
  endfacet
  facet normal 0 0 1
    outer loop
      vertex 0.000989562 -0.00446363 3.6826
      vertex 0.00118332 -0.00441621 3.6826
      vertex 0.00103579 -0.00386564 3.6826
    endloop
  endfacet
  facet normal 0 0 1
    outer loop
      vertex 0.00103579 -0.00386564 3.6826
      vertex 0.00118332 -0.00441621 3.6826
      vertex 0.00120342 -0.00381678 3.6826
    endloop
  endfacet
  facet normal 0 0 1
    outer loop
      vertex 0.00118332 -0.00441621 3.6826
      vertex 0.00137483 -0.00436039 3.6826
      vertex 0.00120342 -0.00381678 3.6826
    endloop
  endfacet
  facet normal 0 0 1
    outer loop
      vertex 0.00120342 -0.00381678 3.6826
      vertex 0.00137483 -0.00436039 3.6826
      vertex 0.00136876 -0.00376065 3.6826
    endloop
  endfacet
  facet normal 0 0 1
    outer loop
      vertex 0.00137483 -0.00436039 3.6826
      vertex 0.00156372 -0.00429627 3.6826
      vertex 0.00136876 -0.00376065 3.6826
    endloop
  endfacet
  facet normal 0 0 1
    outer loop
      vertex 0.00136876 -0.00376065 3.6826
      vertex 0.00156372 -0.00429627 3.6826
      vertex 0.0015315 -0.00369737 3.6826
    endloop
  endfacet
  facet normal 0 0 1
    outer loop
      vertex 0.00156372 -0.00429627 3.6826
      vertex 0.00174963 -0.00422398 3.6826
      vertex 0.0015315 -0.00369737 3.6826
    endloop
  endfacet
  facet normal 0 0 1
    outer loop
      vertex 0.0015315 -0.00369737 3.6826
      vertex 0.00174963 -0.00422398 3.6826
      vertex 0.00169132 -0.00362704 3.6826
    endloop
  endfacet
  facet normal 0 0 1
    outer loop
      vertex 0.00174963 -0.00422398 3.6826
      vertex 0.00193221 -0.00414364 3.6826
      vertex 0.00169132 -0.00362704 3.6826
    endloop
  endfacet
  facet normal 0 0 1
    outer loop
      vertex 0.00169132 -0.00362704 3.6826
      vertex 0.00193221 -0.00414364 3.6826
      vertex 0.00184792 -0.00354982 3.6826
    endloop
  endfacet
  facet normal 0 0 1
    outer loop
      vertex 0.00193221 -0.00414364 3.6826
      vertex 0.00211111 -0.00405541 3.6826
      vertex 0.00184792 -0.00354982 3.6826
    endloop
  endfacet
  facet normal 0 0 1
    outer loop
      vertex 0.00184792 -0.00354982 3.6826
      vertex 0.00211111 -0.00405541 3.6826
      vertex 0.002001 -0.00346583 3.6826
    endloop
  endfacet
  facet normal 0 0 1
    outer loop
      vertex 0.00211111 -0.00405541 3.6826
      vertex 0.002286 -0.00395947 3.6826
      vertex 0.002001 -0.00346583 3.6826
    endloop
  endfacet
  facet normal 0 0 1
    outer loop
      vertex 0.002001 -0.00346583 3.6826
      vertex 0.002286 -0.00395947 3.6826
      vertex 0.00215027 -0.00337525 3.6826
    endloop
  endfacet
  facet normal 0 0 1
    outer loop
      vertex 0.002286 -0.00395947 3.6826
      vertex 0.00245653 -0.00385599 3.6826
      vertex 0.00215027 -0.00337525 3.6826
    endloop
  endfacet
  facet normal 0 0 1
    outer loop
      vertex 0.00215027 -0.00337525 3.6826
      vertex 0.00245653 -0.00385599 3.6826
      vertex 0.00229545 -0.00327825 3.6826
    endloop
  endfacet
  facet normal 0 0 1
    outer loop
      vertex 0.00245653 -0.00385599 3.6826
      vertex 0.00262239 -0.00374516 3.6826
      vertex 0.00229545 -0.00327825 3.6826
    endloop
  endfacet
  facet normal 0 0 1
    outer loop
      vertex 0.00229545 -0.00327825 3.6826
      vertex 0.00262239 -0.00374516 3.6826
      vertex 0.00243626 -0.003175 3.6826
    endloop
  endfacet
  facet normal 0 0 1
    outer loop
      vertex 0.00262239 -0.00374516 3.6826
      vertex 0.00278326 -0.00362721 3.6826
      vertex 0.00243626 -0.003175 3.6826
    endloop
  endfacet
  facet normal 0 0 1
    outer loop
      vertex 0.00243626 -0.003175 3.6826
      vertex 0.00278326 -0.00362721 3.6826
      vertex 0.00257244 -0.00306571 3.6826
    endloop
  endfacet
  facet normal 0 0 1
    outer loop
      vertex 0.00278326 -0.00362721 3.6826
      vertex 0.00293882 -0.00350236 3.6826
      vertex 0.00257244 -0.00306571 3.6826
    endloop
  endfacet
  facet normal 0 0 1
    outer loop
      vertex 0.00257244 -0.00306571 3.6826
      vertex 0.00293882 -0.00350236 3.6826
      vertex 0.00270371 -0.00295058 3.6826
    endloop
  endfacet
  facet normal 0 0 1
    outer loop
      vertex 0.00293882 -0.00350236 3.6826
      vertex 0.0030888 -0.00337083 3.6826
      vertex 0.00270371 -0.00295058 3.6826
    endloop
  endfacet
  facet normal 0 0 1
    outer loop
      vertex 0.00270371 -0.00295058 3.6826
      vertex 0.0030888 -0.00337083 3.6826
      vertex 0.00282984 -0.00282984 3.6826
    endloop
  endfacet
  facet normal 0 0 1
    outer loop
      vertex 0.0030888 -0.00337083 3.6826
      vertex 0.00323289 -0.00323289 3.6826
      vertex 0.00282984 -0.00282984 3.6826
    endloop
  endfacet
  facet normal 0 0 1
    outer loop
      vertex 0.00282984 -0.00282984 3.6826
      vertex 0.00323289 -0.00323289 3.6826
      vertex 0.00295058 -0.00270371 3.6826
    endloop
  endfacet
  facet normal 0 0 1
    outer loop
      vertex 0.00323289 -0.00323289 3.6826
      vertex 0.00337083 -0.0030888 3.6826
      vertex 0.00295058 -0.00270371 3.6826
    endloop
  endfacet
  facet normal 0 0 1
    outer loop
      vertex 0.00295058 -0.00270371 3.6826
      vertex 0.00337083 -0.0030888 3.6826
      vertex 0.00306571 -0.00257244 3.6826
    endloop
  endfacet
  facet normal 0 0 1
    outer loop
      vertex 0.00337083 -0.0030888 3.6826
      vertex 0.00350236 -0.00293882 3.6826
      vertex 0.00306571 -0.00257244 3.6826
    endloop
  endfacet
  facet normal 0 0 1
    outer loop
      vertex 0.00306571 -0.00257244 3.6826
      vertex 0.00350236 -0.00293882 3.6826
      vertex 0.003175 -0.00243626 3.6826
    endloop
  endfacet
  facet normal 0 0 1
    outer loop
      vertex 0.00350236 -0.00293882 3.6826
      vertex 0.00362721 -0.00278326 3.6826
      vertex 0.003175 -0.00243626 3.6826
    endloop
  endfacet
  facet normal 0 0 1
    outer loop
      vertex 0.003175 -0.00243626 3.6826
      vertex 0.00362721 -0.00278326 3.6826
      vertex 0.00327825 -0.00229545 3.6826
    endloop
  endfacet
  facet normal 0 0 1
    outer loop
      vertex 0.00362721 -0.00278326 3.6826
      vertex 0.00374516 -0.00262239 3.6826
      vertex 0.00327825 -0.00229545 3.6826
    endloop
  endfacet
  facet normal 0 0 1
    outer loop
      vertex 0.00327825 -0.00229545 3.6826
      vertex 0.00374516 -0.00262239 3.6826
      vertex 0.00337525 -0.00215027 3.6826
    endloop
  endfacet
  facet normal 0 0 1
    outer loop
      vertex 0.00374516 -0.00262239 3.6826
      vertex 0.00385599 -0.00245653 3.6826
      vertex 0.00337525 -0.00215027 3.6826
    endloop
  endfacet
  facet normal 0 0 1
    outer loop
      vertex 0.00337525 -0.00215027 3.6826
      vertex 0.00385599 -0.00245653 3.6826
      vertex 0.00346583 -0.002001 3.6826
    endloop
  endfacet
  facet normal 0 0 1
    outer loop
      vertex 0.00385599 -0.00245653 3.6826
      vertex 0.00395947 -0.002286 3.6826
      vertex 0.00346583 -0.002001 3.6826
    endloop
  endfacet
  facet normal 0 0 1
    outer loop
      vertex 0.00346583 -0.002001 3.6826
      vertex 0.00395947 -0.002286 3.6826
      vertex 0.00354982 -0.00184792 3.6826
    endloop
  endfacet
  facet normal 0 0 1
    outer loop
      vertex 0.00395947 -0.002286 3.6826
      vertex 0.00405541 -0.00211111 3.6826
      vertex 0.00354982 -0.00184792 3.6826
    endloop
  endfacet
  facet normal 0 0 1
    outer loop
      vertex 0.00354982 -0.00184792 3.6826
      vertex 0.00405541 -0.00211111 3.6826
      vertex 0.00362704 -0.00169132 3.6826
    endloop
  endfacet
  facet normal 0 0 1
    outer loop
      vertex 0.00405541 -0.00211111 3.6826
      vertex 0.00414364 -0.00193221 3.6826
      vertex 0.00362704 -0.00169132 3.6826
    endloop
  endfacet
  facet normal 0 0 1
    outer loop
      vertex 0.00362704 -0.00169132 3.6826
      vertex 0.00414364 -0.00193221 3.6826
      vertex 0.00369737 -0.0015315 3.6826
    endloop
  endfacet
  facet normal 0 0 1
    outer loop
      vertex 0.00414364 -0.00193221 3.6826
      vertex 0.00422398 -0.00174963 3.6826
      vertex 0.00369737 -0.0015315 3.6826
    endloop
  endfacet
  facet normal 0 0 1
    outer loop
      vertex 0.00369737 -0.0015315 3.6826
      vertex 0.00422398 -0.00174963 3.6826
      vertex 0.00376065 -0.00136876 3.6826
    endloop
  endfacet
  facet normal 0 0 1
    outer loop
      vertex 0.00422398 -0.00174963 3.6826
      vertex 0.00429627 -0.00156372 3.6826
      vertex 0.00376065 -0.00136876 3.6826
    endloop
  endfacet
  facet normal 0 0 1
    outer loop
      vertex 0.00376065 -0.00136876 3.6826
      vertex 0.00429627 -0.00156372 3.6826
      vertex 0.00381678 -0.00120342 3.6826
    endloop
  endfacet
  facet normal 0 0 1
    outer loop
      vertex 0.00429627 -0.00156372 3.6826
      vertex 0.00436039 -0.00137483 3.6826
      vertex 0.00381678 -0.00120342 3.6826
    endloop
  endfacet
  facet normal 0 0 1
    outer loop
      vertex 0.00381678 -0.00120342 3.6826
      vertex 0.00436039 -0.00137483 3.6826
      vertex 0.00386564 -0.00103579 3.6826
    endloop
  endfacet
  facet normal 0 0 1
    outer loop
      vertex 0.00436039 -0.00137483 3.6826
      vertex 0.00441621 -0.00118332 3.6826
      vertex 0.00386564 -0.00103579 3.6826
    endloop
  endfacet
  facet normal 0 0 1
    outer loop
      vertex 0.00386564 -0.00103579 3.6826
      vertex 0.00441621 -0.00118332 3.6826
      vertex 0.00390714 -0.000866191 3.6826
    endloop
  endfacet
  facet normal 0 0 1
    outer loop
      vertex 0.00441621 -0.00118332 3.6826
      vertex 0.00446363 -0.000989562 3.6826
      vertex 0.00390714 -0.000866191 3.6826
    endloop
  endfacet
  facet normal 0 0 1
    outer loop
      vertex 0.00390714 -0.000866191 3.6826
      vertex 0.00446363 -0.000989562 3.6826
      vertex 0.0039412 -0.00069494 3.6826
    endloop
  endfacet
  facet normal 0 0 1
    outer loop
      vertex 0.00446363 -0.000989562 3.6826
      vertex 0.00450254 -0.000793919 3.6826
      vertex 0.0039412 -0.00069494 3.6826
    endloop
  endfacet
  facet normal 0 0 1
    outer loop
      vertex 0.0039412 -0.00069494 3.6826
      vertex 0.00450254 -0.000793919 3.6826
      vertex 0.00396776 -0.000522366 3.6826
    endloop
  endfacet
  facet normal 0 0 1
    outer loop
      vertex 0.00450254 -0.000793919 3.6826
      vertex 0.00453289 -0.000596766 3.6826
      vertex 0.00396776 -0.000522366 3.6826
    endloop
  endfacet
  facet normal 0 0 1
    outer loop
      vertex 0.00396776 -0.000522366 3.6826
      vertex 0.00453289 -0.000596766 3.6826
      vertex 0.00398677 -0.000348797 3.6826
    endloop
  endfacet
  facet normal 0 0 1
    outer loop
      vertex 0.00453289 -0.000596766 3.6826
      vertex 0.0045546 -0.000398476 3.6826
      vertex 0.00398677 -0.000348797 3.6826
    endloop
  endfacet
  facet normal 0 0 1
    outer loop
      vertex 0.00398677 -0.000348797 3.6826
      vertex 0.0045546 -0.000398476 3.6826
      vertex 0.00399819 -0.000174565 3.6826
    endloop
  endfacet
  facet normal 0 0 1
    outer loop
      vertex 0.0045546 -0.000398476 3.6826
      vertex 0.00456765 -0.000199428 3.6826
      vertex 0.00399819 -0.000174565 3.6826
    endloop
  endfacet
  facet normal 0 0 1
    outer loop
      vertex 0.00399819 -0.000174565 3.6826
      vertex 0.00456765 -0.000199428 3.6826
      vertex 0.004002 2.45052e-19 3.6826
    endloop
  endfacet
  facet normal 0 0 1
    outer loop
      vertex 0.00456765 -0.000199428 3.6826
      vertex 0.004572 2.79954e-19 3.6826
      vertex 0.004002 2.45052e-19 3.6826
    endloop
  endfacet
  facet normal 0 0 1
    outer loop
      vertex 0.004002 2.45052e-19 3.6826
      vertex 0.004572 2.79954e-19 3.6826
      vertex 0.00399819 0.000174565 3.6826
    endloop
  endfacet
  facet normal 0 0 1
    outer loop
      vertex 0.004572 2.79954e-19 3.6826
      vertex 0.00456765 0.000199428 3.6826
      vertex 0.00399819 0.000174565 3.6826
    endloop
  endfacet
  facet normal 0 0 1
    outer loop
      vertex 0.00399819 0.000174565 3.6826
      vertex 0.00456765 0.000199428 3.6826
      vertex 0.00398677 0.000348797 3.6826
    endloop
  endfacet
  facet normal 0 0 1
    outer loop
      vertex 0.00456765 0.000199428 3.6826
      vertex 0.0045546 0.000398476 3.6826
      vertex 0.00398677 0.000348797 3.6826
    endloop
  endfacet
  facet normal 0 0 1
    outer loop
      vertex 0.00398677 0.000348797 3.6826
      vertex 0.0045546 0.000398476 3.6826
      vertex 0.00396776 0.000522366 3.6826
    endloop
  endfacet
  facet normal 0 0 1
    outer loop
      vertex 0.0045546 0.000398476 3.6826
      vertex 0.00453289 0.000596766 3.6826
      vertex 0.00396776 0.000522366 3.6826
    endloop
  endfacet
  facet normal 0 0 1
    outer loop
      vertex 0.00396776 0.000522366 3.6826
      vertex 0.00453289 0.000596766 3.6826
      vertex 0.0039412 0.00069494 3.6826
    endloop
  endfacet
  facet normal 0 0 1
    outer loop
      vertex 0.00453289 0.000596766 3.6826
      vertex 0.00450254 0.000793919 3.6826
      vertex 0.0039412 0.00069494 3.6826
    endloop
  endfacet
  facet normal 0 0 1
    outer loop
      vertex 0.0039412 0.00069494 3.6826
      vertex 0.00450254 0.000793919 3.6826
      vertex 0.00390714 0.000866191 3.6826
    endloop
  endfacet
  facet normal 0 0 1
    outer loop
      vertex 0.00450254 0.000793919 3.6826
      vertex 0.00446363 0.000989562 3.6826
      vertex 0.00390714 0.000866191 3.6826
    endloop
  endfacet
  facet normal 0 0 1
    outer loop
      vertex 0.00390714 0.000866191 3.6826
      vertex 0.00446363 0.000989562 3.6826
      vertex 0.00386564 0.00103579 3.6826
    endloop
  endfacet
  facet normal 0 0 1
    outer loop
      vertex 0.00446363 0.000989562 3.6826
      vertex 0.00441621 0.00118332 3.6826
      vertex 0.00386564 0.00103579 3.6826
    endloop
  endfacet
  facet normal 0 0 1
    outer loop
      vertex 0.00386564 0.00103579 3.6826
      vertex 0.00441621 0.00118332 3.6826
      vertex 0.00381678 0.00120342 3.6826
    endloop
  endfacet
  facet normal 0 0 1
    outer loop
      vertex 0.00441621 0.00118332 3.6826
      vertex 0.00436039 0.00137483 3.6826
      vertex 0.00381678 0.00120342 3.6826
    endloop
  endfacet
  facet normal 0 0 1
    outer loop
      vertex 0.00381678 0.00120342 3.6826
      vertex 0.00436039 0.00137483 3.6826
      vertex 0.00376065 0.00136876 3.6826
    endloop
  endfacet
  facet normal 0 0 1
    outer loop
      vertex 0.00436039 0.00137483 3.6826
      vertex 0.00429627 0.00156372 3.6826
      vertex 0.00376065 0.00136876 3.6826
    endloop
  endfacet
  facet normal 0 0 1
    outer loop
      vertex 0.00376065 0.00136876 3.6826
      vertex 0.00429627 0.00156372 3.6826
      vertex 0.00369737 0.0015315 3.6826
    endloop
  endfacet
  facet normal 0 0 1
    outer loop
      vertex 0.00429627 0.00156372 3.6826
      vertex 0.00422398 0.00174963 3.6826
      vertex 0.00369737 0.0015315 3.6826
    endloop
  endfacet
  facet normal 0 0 1
    outer loop
      vertex 0.00369737 0.0015315 3.6826
      vertex 0.00422398 0.00174963 3.6826
      vertex 0.00362704 0.00169132 3.6826
    endloop
  endfacet
  facet normal 0 0 1
    outer loop
      vertex 0.00422398 0.00174963 3.6826
      vertex 0.00414364 0.00193221 3.6826
      vertex 0.00362704 0.00169132 3.6826
    endloop
  endfacet
  facet normal 0 0 1
    outer loop
      vertex 0.00362704 0.00169132 3.6826
      vertex 0.00414364 0.00193221 3.6826
      vertex 0.00354982 0.00184792 3.6826
    endloop
  endfacet
  facet normal 0 0 1
    outer loop
      vertex 0.00414364 0.00193221 3.6826
      vertex 0.00405541 0.00211111 3.6826
      vertex 0.00354982 0.00184792 3.6826
    endloop
  endfacet
  facet normal 0 0 1
    outer loop
      vertex 0.00354982 0.00184792 3.6826
      vertex 0.00405541 0.00211111 3.6826
      vertex 0.00346583 0.002001 3.6826
    endloop
  endfacet
  facet normal 0 0 1
    outer loop
      vertex 0.00405541 0.00211111 3.6826
      vertex 0.00395947 0.002286 3.6826
      vertex 0.00346583 0.002001 3.6826
    endloop
  endfacet
  facet normal 0 0 1
    outer loop
      vertex 0.00346583 0.002001 3.6826
      vertex 0.00395947 0.002286 3.6826
      vertex 0.00337525 0.00215027 3.6826
    endloop
  endfacet
  facet normal 0 0 1
    outer loop
      vertex 0.00395947 0.002286 3.6826
      vertex 0.00385599 0.00245653 3.6826
      vertex 0.00337525 0.00215027 3.6826
    endloop
  endfacet
  facet normal 0 0 1
    outer loop
      vertex 0.00337525 0.00215027 3.6826
      vertex 0.00385599 0.00245653 3.6826
      vertex 0.00327825 0.00229545 3.6826
    endloop
  endfacet
  facet normal 0 0 1
    outer loop
      vertex 0.00385599 0.00245653 3.6826
      vertex 0.00374516 0.00262239 3.6826
      vertex 0.00327825 0.00229545 3.6826
    endloop
  endfacet
  facet normal 0 0 1
    outer loop
      vertex 0.00327825 0.00229545 3.6826
      vertex 0.00374516 0.00262239 3.6826
      vertex 0.003175 0.00243626 3.6826
    endloop
  endfacet
  facet normal 0 0 1
    outer loop
      vertex 0.00374516 0.00262239 3.6826
      vertex 0.00362721 0.00278326 3.6826
      vertex 0.003175 0.00243626 3.6826
    endloop
  endfacet
  facet normal 0 0 1
    outer loop
      vertex 0.003175 0.00243626 3.6826
      vertex 0.00362721 0.00278326 3.6826
      vertex 0.00306571 0.00257244 3.6826
    endloop
  endfacet
  facet normal 0 0 1
    outer loop
      vertex 0.00362721 0.00278326 3.6826
      vertex 0.00350236 0.00293882 3.6826
      vertex 0.00306571 0.00257244 3.6826
    endloop
  endfacet
  facet normal 0 0 1
    outer loop
      vertex 0.00306571 0.00257244 3.6826
      vertex 0.00350236 0.00293882 3.6826
      vertex 0.00295058 0.00270371 3.6826
    endloop
  endfacet
  facet normal 0 0 1
    outer loop
      vertex 0.00350236 0.00293882 3.6826
      vertex 0.00337083 0.0030888 3.6826
      vertex 0.00295058 0.00270371 3.6826
    endloop
  endfacet
  facet normal 0 0 1
    outer loop
      vertex 0.00295058 0.00270371 3.6826
      vertex 0.00337083 0.0030888 3.6826
      vertex 0.00282984 0.00282984 3.6826
    endloop
  endfacet
  facet normal 0 0 1
    outer loop
      vertex 0.00337083 0.0030888 3.6826
      vertex 0.00323289 0.00323289 3.6826
      vertex 0.00282984 0.00282984 3.6826
    endloop
  endfacet
  facet normal 0 0 1
    outer loop
      vertex 0.00282984 0.00282984 3.6826
      vertex 0.00323289 0.00323289 3.6826
      vertex 0.00270371 0.00295058 3.6826
    endloop
  endfacet
  facet normal 0 0 1
    outer loop
      vertex 0.00323289 0.00323289 3.6826
      vertex 0.0030888 0.00337083 3.6826
      vertex 0.00270371 0.00295058 3.6826
    endloop
  endfacet
  facet normal 0 0 1
    outer loop
      vertex 0.00270371 0.00295058 3.6826
      vertex 0.0030888 0.00337083 3.6826
      vertex 0.00257244 0.00306571 3.6826
    endloop
  endfacet
  facet normal 0 0 1
    outer loop
      vertex 0.0030888 0.00337083 3.6826
      vertex 0.00293882 0.00350236 3.6826
      vertex 0.00257244 0.00306571 3.6826
    endloop
  endfacet
  facet normal 0 0 1
    outer loop
      vertex 0.00257244 0.00306571 3.6826
      vertex 0.00293882 0.00350236 3.6826
      vertex 0.00243626 0.003175 3.6826
    endloop
  endfacet
  facet normal 0 0 1
    outer loop
      vertex 0.00293882 0.00350236 3.6826
      vertex 0.00278326 0.00362721 3.6826
      vertex 0.00243626 0.003175 3.6826
    endloop
  endfacet
  facet normal 0 0 1
    outer loop
      vertex 0.00243626 0.003175 3.6826
      vertex 0.00278326 0.00362721 3.6826
      vertex 0.00229545 0.00327825 3.6826
    endloop
  endfacet
  facet normal 0 0 1
    outer loop
      vertex 0.00278326 0.00362721 3.6826
      vertex 0.00262239 0.00374516 3.6826
      vertex 0.00229545 0.00327825 3.6826
    endloop
  endfacet
  facet normal 0 0 1
    outer loop
      vertex 0.00229545 0.00327825 3.6826
      vertex 0.00262239 0.00374516 3.6826
      vertex 0.00215027 0.00337525 3.6826
    endloop
  endfacet
  facet normal 0 0 1
    outer loop
      vertex 0.00262239 0.00374516 3.6826
      vertex 0.00245653 0.00385599 3.6826
      vertex 0.00215027 0.00337525 3.6826
    endloop
  endfacet
  facet normal 0 0 1
    outer loop
      vertex 0.00215027 0.00337525 3.6826
      vertex 0.00245653 0.00385599 3.6826
      vertex 0.002001 0.00346583 3.6826
    endloop
  endfacet
  facet normal 0 0 1
    outer loop
      vertex 0.00245653 0.00385599 3.6826
      vertex 0.002286 0.00395947 3.6826
      vertex 0.002001 0.00346583 3.6826
    endloop
  endfacet
  facet normal 0 0 1
    outer loop
      vertex 0.002001 0.00346583 3.6826
      vertex 0.002286 0.00395947 3.6826
      vertex 0.00184792 0.00354982 3.6826
    endloop
  endfacet
  facet normal 0 0 1
    outer loop
      vertex 0.002286 0.00395947 3.6826
      vertex 0.00211111 0.00405541 3.6826
      vertex 0.00184792 0.00354982 3.6826
    endloop
  endfacet
  facet normal 0 0 1
    outer loop
      vertex 0.00184792 0.00354982 3.6826
      vertex 0.00211111 0.00405541 3.6826
      vertex 0.00169132 0.00362704 3.6826
    endloop
  endfacet
  facet normal 0 0 1
    outer loop
      vertex 0.00211111 0.00405541 3.6826
      vertex 0.00193221 0.00414364 3.6826
      vertex 0.00169132 0.00362704 3.6826
    endloop
  endfacet
  facet normal 0 0 1
    outer loop
      vertex 0.00169132 0.00362704 3.6826
      vertex 0.00193221 0.00414364 3.6826
      vertex 0.0015315 0.00369737 3.6826
    endloop
  endfacet
  facet normal 0 0 1
    outer loop
      vertex 0.00193221 0.00414364 3.6826
      vertex 0.00174963 0.00422398 3.6826
      vertex 0.0015315 0.00369737 3.6826
    endloop
  endfacet
  facet normal 0 0 1
    outer loop
      vertex 0.0015315 0.00369737 3.6826
      vertex 0.00174963 0.00422398 3.6826
      vertex 0.00136876 0.00376065 3.6826
    endloop
  endfacet
  facet normal 0 0 1
    outer loop
      vertex 0.00174963 0.00422398 3.6826
      vertex 0.00156372 0.00429627 3.6826
      vertex 0.00136876 0.00376065 3.6826
    endloop
  endfacet
  facet normal 0 0 1
    outer loop
      vertex 0.00136876 0.00376065 3.6826
      vertex 0.00156372 0.00429627 3.6826
      vertex 0.00120342 0.00381678 3.6826
    endloop
  endfacet
  facet normal 0 0 1
    outer loop
      vertex 0.00156372 0.00429627 3.6826
      vertex 0.00137483 0.00436039 3.6826
      vertex 0.00120342 0.00381678 3.6826
    endloop
  endfacet
  facet normal 0 0 1
    outer loop
      vertex 0.00120342 0.00381678 3.6826
      vertex 0.00137483 0.00436039 3.6826
      vertex 0.00103579 0.00386564 3.6826
    endloop
  endfacet
  facet normal 0 0 1
    outer loop
      vertex 0.00137483 0.00436039 3.6826
      vertex 0.00118332 0.00441621 3.6826
      vertex 0.00103579 0.00386564 3.6826
    endloop
  endfacet
  facet normal 0 0 1
    outer loop
      vertex 0.00103579 0.00386564 3.6826
      vertex 0.00118332 0.00441621 3.6826
      vertex 0.000866191 0.00390714 3.6826
    endloop
  endfacet
  facet normal 0 0 1
    outer loop
      vertex 0.00118332 0.00441621 3.6826
      vertex 0.000989562 0.00446363 3.6826
      vertex 0.000866191 0.00390714 3.6826
    endloop
  endfacet
  facet normal 0 0 1
    outer loop
      vertex 0.000866191 0.00390714 3.6826
      vertex 0.000989562 0.00446363 3.6826
      vertex 0.00069494 0.0039412 3.6826
    endloop
  endfacet
  facet normal 0 0 1
    outer loop
      vertex 0.000989562 0.00446363 3.6826
      vertex 0.000793919 0.00450254 3.6826
      vertex 0.00069494 0.0039412 3.6826
    endloop
  endfacet
  facet normal 0 0 1
    outer loop
      vertex 0.00069494 0.0039412 3.6826
      vertex 0.000793919 0.00450254 3.6826
      vertex 0.000522366 0.00396776 3.6826
    endloop
  endfacet
  facet normal 0 0 1
    outer loop
      vertex 0.000793919 0.00450254 3.6826
      vertex 0.000596766 0.00453289 3.6826
      vertex 0.000522366 0.00396776 3.6826
    endloop
  endfacet
  facet normal 0 0 1
    outer loop
      vertex 0.000522366 0.00396776 3.6826
      vertex 0.000596766 0.00453289 3.6826
      vertex 0.000348797 0.00398677 3.6826
    endloop
  endfacet
  facet normal 0 0 1
    outer loop
      vertex 0.000596766 0.00453289 3.6826
      vertex 0.000398476 0.0045546 3.6826
      vertex 0.000348797 0.00398677 3.6826
    endloop
  endfacet
  facet normal 0 0 1
    outer loop
      vertex 0.000348797 0.00398677 3.6826
      vertex 0.000398476 0.0045546 3.6826
      vertex 0.000174565 0.00399819 3.6826
    endloop
  endfacet
  facet normal 0 0 1
    outer loop
      vertex 0.000398476 0.0045546 3.6826
      vertex 0.000199428 0.00456765 3.6826
      vertex 0.000174565 0.00399819 3.6826
    endloop
  endfacet
  facet normal 0 0 1
    outer loop
      vertex 0.000174565 0.00399819 3.6826
      vertex 0.000199428 0.00456765 3.6826
      vertex 1.11078e-19 0.004002 3.6826
    endloop
  endfacet
  facet normal 0 0 1
    outer loop
      vertex 0.000199428 0.00456765 3.6826
      vertex 1.26898e-19 0.004572 3.6826
      vertex 1.11078e-19 0.004002 3.6826
    endloop
  endfacet
  facet normal 0 0 1
    outer loop
      vertex 1.11078e-19 0.004002 3.6826
      vertex 1.26898e-19 0.004572 3.6826
      vertex -0.000174565 0.00399819 3.6826
    endloop
  endfacet
  facet normal 0 0 1
    outer loop
      vertex 1.26898e-19 0.004572 3.6826
      vertex -0.000199428 0.00456765 3.6826
      vertex -0.000174565 0.00399819 3.6826
    endloop
  endfacet
  facet normal 0 0 1
    outer loop
      vertex -0.000174565 0.00399819 3.6826
      vertex -0.000199428 0.00456765 3.6826
      vertex -0.000348797 0.00398677 3.6826
    endloop
  endfacet
  facet normal 0 0 1
    outer loop
      vertex -0.000199428 0.00456765 3.6826
      vertex -0.000398476 0.0045546 3.6826
      vertex -0.000348797 0.00398677 3.6826
    endloop
  endfacet
  facet normal 0 0 1
    outer loop
      vertex -0.000348797 0.00398677 3.6826
      vertex -0.000398476 0.0045546 3.6826
      vertex -0.000522366 0.00396776 3.6826
    endloop
  endfacet
  facet normal 0 0 1
    outer loop
      vertex -0.000398476 0.0045546 3.6826
      vertex -0.000596766 0.00453289 3.6826
      vertex -0.000522366 0.00396776 3.6826
    endloop
  endfacet
  facet normal 0 0 1
    outer loop
      vertex -0.000522366 0.00396776 3.6826
      vertex -0.000596766 0.00453289 3.6826
      vertex -0.00069494 0.0039412 3.6826
    endloop
  endfacet
  facet normal 0 0 1
    outer loop
      vertex -0.000596766 0.00453289 3.6826
      vertex -0.000793919 0.00450254 3.6826
      vertex -0.00069494 0.0039412 3.6826
    endloop
  endfacet
  facet normal 0 0 1
    outer loop
      vertex -0.00069494 0.0039412 3.6826
      vertex -0.000793919 0.00450254 3.6826
      vertex -0.000866191 0.00390714 3.6826
    endloop
  endfacet
  facet normal 0 0 1
    outer loop
      vertex -0.000793919 0.00450254 3.6826
      vertex -0.000989562 0.00446363 3.6826
      vertex -0.000866191 0.00390714 3.6826
    endloop
  endfacet
  facet normal 0 0 1
    outer loop
      vertex -0.000866191 0.00390714 3.6826
      vertex -0.000989562 0.00446363 3.6826
      vertex -0.00103579 0.00386564 3.6826
    endloop
  endfacet
  facet normal 0 0 1
    outer loop
      vertex -0.000989562 0.00446363 3.6826
      vertex -0.00118332 0.00441621 3.6826
      vertex -0.00103579 0.00386564 3.6826
    endloop
  endfacet
  facet normal 0 0 1
    outer loop
      vertex -0.00103579 0.00386564 3.6826
      vertex -0.00118332 0.00441621 3.6826
      vertex -0.00120342 0.00381678 3.6826
    endloop
  endfacet
  facet normal 0 0 1
    outer loop
      vertex -0.00118332 0.00441621 3.6826
      vertex -0.00137483 0.00436039 3.6826
      vertex -0.00120342 0.00381678 3.6826
    endloop
  endfacet
  facet normal 0 0 1
    outer loop
      vertex -0.00120342 0.00381678 3.6826
      vertex -0.00137483 0.00436039 3.6826
      vertex -0.00136876 0.00376065 3.6826
    endloop
  endfacet
  facet normal 0 0 1
    outer loop
      vertex -0.00137483 0.00436039 3.6826
      vertex -0.00156372 0.00429627 3.6826
      vertex -0.00136876 0.00376065 3.6826
    endloop
  endfacet
  facet normal 0 0 1
    outer loop
      vertex -0.00136876 0.00376065 3.6826
      vertex -0.00156372 0.00429627 3.6826
      vertex -0.0015315 0.00369737 3.6826
    endloop
  endfacet
  facet normal 0 0 1
    outer loop
      vertex -0.00156372 0.00429627 3.6826
      vertex -0.00174963 0.00422398 3.6826
      vertex -0.0015315 0.00369737 3.6826
    endloop
  endfacet
  facet normal 0 0 1
    outer loop
      vertex -0.0015315 0.00369737 3.6826
      vertex -0.00174963 0.00422398 3.6826
      vertex -0.00169132 0.00362704 3.6826
    endloop
  endfacet
  facet normal 0 0 1
    outer loop
      vertex -0.00174963 0.00422398 3.6826
      vertex -0.00193221 0.00414364 3.6826
      vertex -0.00169132 0.00362704 3.6826
    endloop
  endfacet
  facet normal 0 0 1
    outer loop
      vertex -0.00169132 0.00362704 3.6826
      vertex -0.00193221 0.00414364 3.6826
      vertex -0.00184792 0.00354982 3.6826
    endloop
  endfacet
  facet normal 0 0 1
    outer loop
      vertex -0.00193221 0.00414364 3.6826
      vertex -0.00211111 0.00405541 3.6826
      vertex -0.00184792 0.00354982 3.6826
    endloop
  endfacet
  facet normal 0 0 1
    outer loop
      vertex -0.00184792 0.00354982 3.6826
      vertex -0.00211111 0.00405541 3.6826
      vertex -0.002001 0.00346583 3.6826
    endloop
  endfacet
  facet normal 0 0 1
    outer loop
      vertex -0.00211111 0.00405541 3.6826
      vertex -0.002286 0.00395947 3.6826
      vertex -0.002001 0.00346583 3.6826
    endloop
  endfacet
  facet normal 0 0 1
    outer loop
      vertex -0.002001 0.00346583 3.6826
      vertex -0.002286 0.00395947 3.6826
      vertex -0.00215027 0.00337525 3.6826
    endloop
  endfacet
  facet normal 0 0 1
    outer loop
      vertex -0.002286 0.00395947 3.6826
      vertex -0.00245653 0.00385599 3.6826
      vertex -0.00215027 0.00337525 3.6826
    endloop
  endfacet
  facet normal 0 0 1
    outer loop
      vertex -0.00215027 0.00337525 3.6826
      vertex -0.00245653 0.00385599 3.6826
      vertex -0.00229545 0.00327825 3.6826
    endloop
  endfacet
  facet normal 0 0 1
    outer loop
      vertex -0.00245653 0.00385599 3.6826
      vertex -0.00262239 0.00374516 3.6826
      vertex -0.00229545 0.00327825 3.6826
    endloop
  endfacet
  facet normal 0 0 1
    outer loop
      vertex -0.00229545 0.00327825 3.6826
      vertex -0.00262239 0.00374516 3.6826
      vertex -0.00243626 0.003175 3.6826
    endloop
  endfacet
  facet normal 0 0 1
    outer loop
      vertex -0.00262239 0.00374516 3.6826
      vertex -0.00278326 0.00362721 3.6826
      vertex -0.00243626 0.003175 3.6826
    endloop
  endfacet
  facet normal 0 0 1
    outer loop
      vertex -0.00243626 0.003175 3.6826
      vertex -0.00278326 0.00362721 3.6826
      vertex -0.00257244 0.00306571 3.6826
    endloop
  endfacet
  facet normal 0 0 1
    outer loop
      vertex -0.00278326 0.00362721 3.6826
      vertex -0.00293882 0.00350236 3.6826
      vertex -0.00257244 0.00306571 3.6826
    endloop
  endfacet
  facet normal 0 0 1
    outer loop
      vertex -0.00257244 0.00306571 3.6826
      vertex -0.00293882 0.00350236 3.6826
      vertex -0.00270371 0.00295058 3.6826
    endloop
  endfacet
  facet normal 0 0 1
    outer loop
      vertex -0.00293882 0.00350236 3.6826
      vertex -0.0030888 0.00337083 3.6826
      vertex -0.00270371 0.00295058 3.6826
    endloop
  endfacet
  facet normal 0 0 1
    outer loop
      vertex -0.00270371 0.00295058 3.6826
      vertex -0.0030888 0.00337083 3.6826
      vertex -0.00282984 0.00282984 3.6826
    endloop
  endfacet
  facet normal 0 0 1
    outer loop
      vertex -0.0030888 0.00337083 3.6826
      vertex -0.00323289 0.00323289 3.6826
      vertex -0.00282984 0.00282984 3.6826
    endloop
  endfacet
  facet normal 0 0 1
    outer loop
      vertex -0.00282984 0.00282984 3.6826
      vertex -0.00323289 0.00323289 3.6826
      vertex -0.00295058 0.00270371 3.6826
    endloop
  endfacet
  facet normal 0 0 1
    outer loop
      vertex -0.00323289 0.00323289 3.6826
      vertex -0.00337083 0.0030888 3.6826
      vertex -0.00295058 0.00270371 3.6826
    endloop
  endfacet
  facet normal 0 0 1
    outer loop
      vertex -0.00295058 0.00270371 3.6826
      vertex -0.00337083 0.0030888 3.6826
      vertex -0.00306571 0.00257244 3.6826
    endloop
  endfacet
  facet normal 0 0 1
    outer loop
      vertex -0.00337083 0.0030888 3.6826
      vertex -0.00350236 0.00293882 3.6826
      vertex -0.00306571 0.00257244 3.6826
    endloop
  endfacet
  facet normal 0 0 1
    outer loop
      vertex -0.00306571 0.00257244 3.6826
      vertex -0.00350236 0.00293882 3.6826
      vertex -0.003175 0.00243626 3.6826
    endloop
  endfacet
  facet normal 0 0 1
    outer loop
      vertex -0.00350236 0.00293882 3.6826
      vertex -0.00362721 0.00278326 3.6826
      vertex -0.003175 0.00243626 3.6826
    endloop
  endfacet
  facet normal 0 0 1
    outer loop
      vertex -0.003175 0.00243626 3.6826
      vertex -0.00362721 0.00278326 3.6826
      vertex -0.00327825 0.00229545 3.6826
    endloop
  endfacet
  facet normal 0 0 1
    outer loop
      vertex -0.00362721 0.00278326 3.6826
      vertex -0.00374516 0.00262239 3.6826
      vertex -0.00327825 0.00229545 3.6826
    endloop
  endfacet
  facet normal 0 0 1
    outer loop
      vertex -0.00327825 0.00229545 3.6826
      vertex -0.00374516 0.00262239 3.6826
      vertex -0.00337525 0.00215027 3.6826
    endloop
  endfacet
  facet normal 0 0 1
    outer loop
      vertex -0.00374516 0.00262239 3.6826
      vertex -0.00385599 0.00245653 3.6826
      vertex -0.00337525 0.00215027 3.6826
    endloop
  endfacet
  facet normal 0 0 1
    outer loop
      vertex -0.00337525 0.00215027 3.6826
      vertex -0.00385599 0.00245653 3.6826
      vertex -0.00346583 0.002001 3.6826
    endloop
  endfacet
  facet normal 0 0 1
    outer loop
      vertex -0.00385599 0.00245653 3.6826
      vertex -0.00395947 0.002286 3.6826
      vertex -0.00346583 0.002001 3.6826
    endloop
  endfacet
  facet normal 0 0 1
    outer loop
      vertex -0.00346583 0.002001 3.6826
      vertex -0.00395947 0.002286 3.6826
      vertex -0.00354982 0.00184792 3.6826
    endloop
  endfacet
  facet normal 0 0 1
    outer loop
      vertex -0.00395947 0.002286 3.6826
      vertex -0.00405541 0.00211111 3.6826
      vertex -0.00354982 0.00184792 3.6826
    endloop
  endfacet
  facet normal 0 0 1
    outer loop
      vertex -0.00354982 0.00184792 3.6826
      vertex -0.00405541 0.00211111 3.6826
      vertex -0.00362704 0.00169132 3.6826
    endloop
  endfacet
  facet normal 0 0 1
    outer loop
      vertex -0.00405541 0.00211111 3.6826
      vertex -0.00414364 0.00193221 3.6826
      vertex -0.00362704 0.00169132 3.6826
    endloop
  endfacet
  facet normal 0 0 1
    outer loop
      vertex -0.00362704 0.00169132 3.6826
      vertex -0.00414364 0.00193221 3.6826
      vertex -0.00369737 0.0015315 3.6826
    endloop
  endfacet
  facet normal 0 0 1
    outer loop
      vertex -0.00414364 0.00193221 3.6826
      vertex -0.00422398 0.00174963 3.6826
      vertex -0.00369737 0.0015315 3.6826
    endloop
  endfacet
  facet normal 0 0 1
    outer loop
      vertex -0.00369737 0.0015315 3.6826
      vertex -0.00422398 0.00174963 3.6826
      vertex -0.00376065 0.00136876 3.6826
    endloop
  endfacet
  facet normal 0 0 1
    outer loop
      vertex -0.00422398 0.00174963 3.6826
      vertex -0.00429627 0.00156372 3.6826
      vertex -0.00376065 0.00136876 3.6826
    endloop
  endfacet
  facet normal 0 0 1
    outer loop
      vertex -0.00376065 0.00136876 3.6826
      vertex -0.00429627 0.00156372 3.6826
      vertex -0.00381678 0.00120342 3.6826
    endloop
  endfacet
  facet normal 0 0 1
    outer loop
      vertex -0.00429627 0.00156372 3.6826
      vertex -0.00436039 0.00137483 3.6826
      vertex -0.00381678 0.00120342 3.6826
    endloop
  endfacet
  facet normal 0 0 1
    outer loop
      vertex -0.00381678 0.00120342 3.6826
      vertex -0.00436039 0.00137483 3.6826
      vertex -0.00386564 0.00103579 3.6826
    endloop
  endfacet
  facet normal 0 0 1
    outer loop
      vertex -0.00436039 0.00137483 3.6826
      vertex -0.00441621 0.00118332 3.6826
      vertex -0.00386564 0.00103579 3.6826
    endloop
  endfacet
  facet normal 0 0 1
    outer loop
      vertex -0.00386564 0.00103579 3.6826
      vertex -0.00441621 0.00118332 3.6826
      vertex -0.00390714 0.000866191 3.6826
    endloop
  endfacet
  facet normal 0 0 1
    outer loop
      vertex -0.00441621 0.00118332 3.6826
      vertex -0.00446363 0.000989562 3.6826
      vertex -0.00390714 0.000866191 3.6826
    endloop
  endfacet
  facet normal 0 0 1
    outer loop
      vertex -0.00390714 0.000866191 3.6826
      vertex -0.00446363 0.000989562 3.6826
      vertex -0.0039412 0.00069494 3.6826
    endloop
  endfacet
  facet normal 0 0 1
    outer loop
      vertex -0.00446363 0.000989562 3.6826
      vertex -0.00450254 0.000793919 3.6826
      vertex -0.0039412 0.00069494 3.6826
    endloop
  endfacet
  facet normal 0 0 1
    outer loop
      vertex -0.0039412 0.00069494 3.6826
      vertex -0.00450254 0.000793919 3.6826
      vertex -0.00396776 0.000522366 3.6826
    endloop
  endfacet
  facet normal 0 0 1
    outer loop
      vertex -0.00450254 0.000793919 3.6826
      vertex -0.00453289 0.000596766 3.6826
      vertex -0.00396776 0.000522366 3.6826
    endloop
  endfacet
  facet normal 0 0 1
    outer loop
      vertex -0.00396776 0.000522366 3.6826
      vertex -0.00453289 0.000596766 3.6826
      vertex -0.00398677 0.000348797 3.6826
    endloop
  endfacet
  facet normal 0 0 1
    outer loop
      vertex -0.00453289 0.000596766 3.6826
      vertex -0.0045546 0.000398476 3.6826
      vertex -0.00398677 0.000348797 3.6826
    endloop
  endfacet
  facet normal 0 0 1
    outer loop
      vertex -0.00398677 0.000348797 3.6826
      vertex -0.0045546 0.000398476 3.6826
      vertex -0.00399819 0.000174565 3.6826
    endloop
  endfacet
  facet normal 0 0 1
    outer loop
      vertex -0.0045546 0.000398476 3.6826
      vertex -0.00456765 0.000199428 3.6826
      vertex -0.00399819 0.000174565 3.6826
    endloop
  endfacet
  facet normal 0 0 1
    outer loop
      vertex -0.00399819 0.000174565 3.6826
      vertex -0.00456765 0.000199428 3.6826
      vertex -0.004002 1.41137e-18 3.6826
    endloop
  endfacet
  facet normal 0 0 1
    outer loop
      vertex -0.00456765 0.000199428 3.6826
      vertex -0.004572 1.61239e-18 3.6826
      vertex -0.004002 1.41137e-18 3.6826
    endloop
  endfacet
  facet normal 0 0 1
    outer loop
      vertex -0.004002 1.41137e-18 3.6826
      vertex -0.004572 1.61239e-18 3.6826
      vertex -0.00399819 -0.000174565 3.6826
    endloop
  endfacet
  facet normal 0 0 1
    outer loop
      vertex -0.004572 1.61239e-18 3.6826
      vertex -0.00456765 -0.000199428 3.6826
      vertex -0.00399819 -0.000174565 3.6826
    endloop
  endfacet
  facet normal 0 0 1
    outer loop
      vertex -0.00399819 -0.000174565 3.6826
      vertex -0.00456765 -0.000199428 3.6826
      vertex -0.00398677 -0.000348797 3.6826
    endloop
  endfacet
  facet normal 0 0 1
    outer loop
      vertex -0.00456765 -0.000199428 3.6826
      vertex -0.0045546 -0.000398476 3.6826
      vertex -0.00398677 -0.000348797 3.6826
    endloop
  endfacet
  facet normal 0 0 1
    outer loop
      vertex -0.00398677 -0.000348797 3.6826
      vertex -0.0045546 -0.000398476 3.6826
      vertex -0.00396776 -0.000522366 3.6826
    endloop
  endfacet
  facet normal 0 0 1
    outer loop
      vertex -0.0045546 -0.000398476 3.6826
      vertex -0.00453289 -0.000596766 3.6826
      vertex -0.00396776 -0.000522366 3.6826
    endloop
  endfacet
  facet normal 0 0 1
    outer loop
      vertex -0.00396776 -0.000522366 3.6826
      vertex -0.00453289 -0.000596766 3.6826
      vertex -0.0039412 -0.00069494 3.6826
    endloop
  endfacet
  facet normal 0 0 1
    outer loop
      vertex -0.00453289 -0.000596766 3.6826
      vertex -0.00450254 -0.000793919 3.6826
      vertex -0.0039412 -0.00069494 3.6826
    endloop
  endfacet
  facet normal 0 0 1
    outer loop
      vertex -0.0039412 -0.00069494 3.6826
      vertex -0.00450254 -0.000793919 3.6826
      vertex -0.00390714 -0.000866191 3.6826
    endloop
  endfacet
  facet normal 0 0 1
    outer loop
      vertex -0.00450254 -0.000793919 3.6826
      vertex -0.00446363 -0.000989562 3.6826
      vertex -0.00390714 -0.000866191 3.6826
    endloop
  endfacet
  facet normal 0 0 1
    outer loop
      vertex -0.00390714 -0.000866191 3.6826
      vertex -0.00446363 -0.000989562 3.6826
      vertex -0.00386564 -0.00103579 3.6826
    endloop
  endfacet
  facet normal 0 0 1
    outer loop
      vertex -0.00446363 -0.000989562 3.6826
      vertex -0.00441621 -0.00118332 3.6826
      vertex -0.00386564 -0.00103579 3.6826
    endloop
  endfacet
  facet normal 0 0 1
    outer loop
      vertex -0.00386564 -0.00103579 3.6826
      vertex -0.00441621 -0.00118332 3.6826
      vertex -0.00381678 -0.00120342 3.6826
    endloop
  endfacet
  facet normal 0 0 1
    outer loop
      vertex -0.00441621 -0.00118332 3.6826
      vertex -0.00436039 -0.00137483 3.6826
      vertex -0.00381678 -0.00120342 3.6826
    endloop
  endfacet
  facet normal 0 0 1
    outer loop
      vertex -0.00381678 -0.00120342 3.6826
      vertex -0.00436039 -0.00137483 3.6826
      vertex -0.00376065 -0.00136876 3.6826
    endloop
  endfacet
  facet normal 0 0 1
    outer loop
      vertex -0.00436039 -0.00137483 3.6826
      vertex -0.00429627 -0.00156372 3.6826
      vertex -0.00376065 -0.00136876 3.6826
    endloop
  endfacet
  facet normal 0 0 1
    outer loop
      vertex -0.00376065 -0.00136876 3.6826
      vertex -0.00429627 -0.00156372 3.6826
      vertex -0.00369737 -0.0015315 3.6826
    endloop
  endfacet
  facet normal 0 0 1
    outer loop
      vertex -0.00429627 -0.00156372 3.6826
      vertex -0.00422398 -0.00174963 3.6826
      vertex -0.00369737 -0.0015315 3.6826
    endloop
  endfacet
  facet normal 0 0 1
    outer loop
      vertex -0.00369737 -0.0015315 3.6826
      vertex -0.00422398 -0.00174963 3.6826
      vertex -0.00362704 -0.00169132 3.6826
    endloop
  endfacet
  facet normal 0 0 1
    outer loop
      vertex -0.00422398 -0.00174963 3.6826
      vertex -0.00414364 -0.00193221 3.6826
      vertex -0.00362704 -0.00169132 3.6826
    endloop
  endfacet
  facet normal 0 0 1
    outer loop
      vertex -0.00362704 -0.00169132 3.6826
      vertex -0.00414364 -0.00193221 3.6826
      vertex -0.00354982 -0.00184792 3.6826
    endloop
  endfacet
  facet normal 0 0 1
    outer loop
      vertex -0.00414364 -0.00193221 3.6826
      vertex -0.00405541 -0.00211111 3.6826
      vertex -0.00354982 -0.00184792 3.6826
    endloop
  endfacet
  facet normal 0 0 1
    outer loop
      vertex -0.00354982 -0.00184792 3.6826
      vertex -0.00405541 -0.00211111 3.6826
      vertex -0.00346583 -0.002001 3.6826
    endloop
  endfacet
  facet normal 0 0 1
    outer loop
      vertex -0.00405541 -0.00211111 3.6826
      vertex -0.00395947 -0.002286 3.6826
      vertex -0.00346583 -0.002001 3.6826
    endloop
  endfacet
  facet normal 0 0 1
    outer loop
      vertex -0.00346583 -0.002001 3.6826
      vertex -0.00395947 -0.002286 3.6826
      vertex -0.00337525 -0.00215027 3.6826
    endloop
  endfacet
  facet normal 0 0 1
    outer loop
      vertex -0.00395947 -0.002286 3.6826
      vertex -0.00385599 -0.00245653 3.6826
      vertex -0.00337525 -0.00215027 3.6826
    endloop
  endfacet
  facet normal 0 0 1
    outer loop
      vertex -0.00337525 -0.00215027 3.6826
      vertex -0.00385599 -0.00245653 3.6826
      vertex -0.00327825 -0.00229545 3.6826
    endloop
  endfacet
  facet normal 0 0 1
    outer loop
      vertex -0.00385599 -0.00245653 3.6826
      vertex -0.00374516 -0.00262239 3.6826
      vertex -0.00327825 -0.00229545 3.6826
    endloop
  endfacet
  facet normal 0 0 1
    outer loop
      vertex -0.00327825 -0.00229545 3.6826
      vertex -0.00374516 -0.00262239 3.6826
      vertex -0.003175 -0.00243626 3.6826
    endloop
  endfacet
  facet normal 0 0 1
    outer loop
      vertex -0.00374516 -0.00262239 3.6826
      vertex -0.00362721 -0.00278326 3.6826
      vertex -0.003175 -0.00243626 3.6826
    endloop
  endfacet
  facet normal 0 0 1
    outer loop
      vertex -0.003175 -0.00243626 3.6826
      vertex -0.00362721 -0.00278326 3.6826
      vertex -0.00306571 -0.00257244 3.6826
    endloop
  endfacet
  facet normal 0 0 1
    outer loop
      vertex -0.00362721 -0.00278326 3.6826
      vertex -0.00350236 -0.00293882 3.6826
      vertex -0.00306571 -0.00257244 3.6826
    endloop
  endfacet
  facet normal 0 0 1
    outer loop
      vertex -0.00306571 -0.00257244 3.6826
      vertex -0.00350236 -0.00293882 3.6826
      vertex -0.00295058 -0.00270371 3.6826
    endloop
  endfacet
  facet normal 0 0 1
    outer loop
      vertex -0.00350236 -0.00293882 3.6826
      vertex -0.00337083 -0.0030888 3.6826
      vertex -0.00295058 -0.00270371 3.6826
    endloop
  endfacet
  facet normal 0 0 1
    outer loop
      vertex -0.00295058 -0.00270371 3.6826
      vertex -0.00337083 -0.0030888 3.6826
      vertex -0.00282984 -0.00282984 3.6826
    endloop
  endfacet
  facet normal 0 0 1
    outer loop
      vertex -0.00337083 -0.0030888 3.6826
      vertex -0.00323289 -0.00323289 3.6826
      vertex -0.00282984 -0.00282984 3.6826
    endloop
  endfacet
  facet normal 0 0 1
    outer loop
      vertex -0.00282984 -0.00282984 3.6826
      vertex -0.00323289 -0.00323289 3.6826
      vertex -0.00270371 -0.00295058 3.6826
    endloop
  endfacet
  facet normal 0 0 1
    outer loop
      vertex -0.00323289 -0.00323289 3.6826
      vertex -0.0030888 -0.00337083 3.6826
      vertex -0.00270371 -0.00295058 3.6826
    endloop
  endfacet
endsolid cladding_max_z
solid fuel_cladding_boundary
  facet normal -0.999762 0.0218154 0
    outer loop
      vertex -0.004002 2.45052e-19 -0.025
      vertex -0.00399819 0.000174565 3.6826
      vertex -0.00399819 0.000174565 -0.025
    endloop
  endfacet
  facet normal -0.997859 0.0654036 0
    outer loop
      vertex -0.00399819 0.000174565 3.6826
      vertex -0.00398677 0.000348797 3.6826
      vertex -0.00399819 0.000174565 -0.025
    endloop
  endfacet
  facet normal -0.997859 0.0654036 0
    outer loop
      vertex -0.00399819 0.000174565 -0.025
      vertex -0.00398677 0.000348797 3.6826
      vertex -0.00398677 0.000348797 -0.025
    endloop
  endfacet
  facet normal -0.994056 0.108866 0
    outer loop
      vertex -0.00398677 0.000348797 3.6826
      vertex -0.00396776 0.000522366 3.6826
      vertex -0.00398677 0.000348797 -0.025
    endloop
  endfacet
  facet normal -0.994056 0.108866 0
    outer loop
      vertex -0.00398677 0.000348797 -0.025
      vertex -0.00396776 0.000522366 3.6826
      vertex -0.00396776 0.000522366 -0.025
    endloop
  endfacet
  facet normal -0.988361 0.152124 0
    outer loop
      vertex -0.00396776 0.000522366 3.6826
      vertex -0.0039412 0.00069494 3.6826
      vertex -0.00396776 0.000522366 -0.025
    endloop
  endfacet
  facet normal -0.988361 0.152124 0
    outer loop
      vertex -0.00396776 0.000522366 -0.025
      vertex -0.0039412 0.00069494 3.6826
      vertex -0.0039412 0.00069494 -0.025
    endloop
  endfacet
  facet normal -0.980785 0.195091 0
    outer loop
      vertex -0.0039412 0.00069494 3.6826
      vertex -0.00390714 0.000866191 3.6826
      vertex -0.0039412 0.00069494 -0.025
    endloop
  endfacet
  facet normal -0.980785 0.195091 0
    outer loop
      vertex -0.0039412 0.00069494 -0.025
      vertex -0.00390714 0.000866191 3.6826
      vertex -0.00390714 0.000866191 -0.025
    endloop
  endfacet
  facet normal -0.971342 0.237685 0
    outer loop
      vertex -0.00390714 0.000866191 3.6826
      vertex -0.00386564 0.00103579 3.6826
      vertex -0.00390714 0.000866191 -0.025
    endloop
  endfacet
  facet normal -0.971342 0.237685 0
    outer loop
      vertex -0.00390714 0.000866191 -0.025
      vertex -0.00386564 0.00103579 3.6826
      vertex -0.00386564 0.00103579 -0.025
    endloop
  endfacet
  facet normal -0.96005 0.279829 0
    outer loop
      vertex -0.00386564 0.00103579 3.6826
      vertex -0.00381678 0.00120342 3.6826
      vertex -0.00386564 0.00103579 -0.025
    endloop
  endfacet
  facet normal -0.96005 0.279829 0
    outer loop
      vertex -0.00386564 0.00103579 -0.025
      vertex -0.00381678 0.00120342 3.6826
      vertex -0.00381678 0.00120342 -0.025
    endloop
  endfacet
  facet normal -0.94693 0.32144 0
    outer loop
      vertex -0.00381678 0.00120342 3.6826
      vertex -0.00376065 0.00136876 3.6826
      vertex -0.00381678 0.00120342 -0.025
    endloop
  endfacet
  facet normal -0.94693 0.32144 0
    outer loop
      vertex -0.00381678 0.00120342 -0.025
      vertex -0.00376065 0.00136876 3.6826
      vertex -0.00376065 0.00136876 -0.025
    endloop
  endfacet
  facet normal -0.932008 0.362437 0
    outer loop
      vertex -0.00376065 0.00136876 3.6826
      vertex -0.00369737 0.0015315 3.6826
      vertex -0.00376065 0.00136876 -0.025
    endloop
  endfacet
  facet normal -0.932008 0.362437 0
    outer loop
      vertex -0.00376065 0.00136876 -0.025
      vertex -0.00369737 0.0015315 3.6826
      vertex -0.00369737 0.0015315 -0.025
    endloop
  endfacet
  facet normal -0.915311 0.402748 0
    outer loop
      vertex -0.00369737 0.0015315 3.6826
      vertex -0.00362704 0.00169132 3.6826
      vertex -0.00369737 0.0015315 -0.025
    endloop
  endfacet
  facet normal -0.915311 0.402748 0
    outer loop
      vertex -0.00369737 0.0015315 -0.025
      vertex -0.00362704 0.00169132 3.6826
      vertex -0.00362704 0.00169132 -0.025
    endloop
  endfacet
  facet normal -0.896873 0.442289 0
    outer loop
      vertex -0.00362704 0.00169132 3.6826
      vertex -0.00354982 0.00184792 3.6826
      vertex -0.00362704 0.00169132 -0.025
    endloop
  endfacet
  facet normal -0.896873 0.442289 0
    outer loop
      vertex -0.00362704 0.00169132 -0.025
      vertex -0.00354982 0.00184792 3.6826
      vertex -0.00354982 0.00184792 -0.025
    endloop
  endfacet
  facet normal -0.876727 0.480988 0
    outer loop
      vertex -0.00354982 0.00184792 3.6826
      vertex -0.00346583 0.002001 3.6826
      vertex -0.00354982 0.00184792 -0.025
    endloop
  endfacet
  facet normal -0.876727 0.480988 0
    outer loop
      vertex -0.00354982 0.00184792 -0.025
      vertex -0.00346583 0.002001 3.6826
      vertex -0.00346583 0.002001 -0.025
    endloop
  endfacet
  facet normal -0.854912 0.518774 0
    outer loop
      vertex -0.00346583 0.002001 3.6826
      vertex -0.00337525 0.00215027 3.6826
      vertex -0.00346583 0.002001 -0.025
    endloop
  endfacet
  facet normal -0.854912 0.518774 0
    outer loop
      vertex -0.00346583 0.002001 -0.025
      vertex -0.00337525 0.00215027 3.6826
      vertex -0.00337525 0.00215027 -0.025
    endloop
  endfacet
  facet normal -0.83147 0.55557 0
    outer loop
      vertex -0.00337525 0.00215027 3.6826
      vertex -0.00327825 0.00229545 3.6826
      vertex -0.00337525 0.00215027 -0.025
    endloop
  endfacet
  facet normal -0.83147 0.55557 0
    outer loop
      vertex -0.00337525 0.00215027 -0.025
      vertex -0.00327825 0.00229545 3.6826
      vertex -0.00327825 0.00229545 -0.025
    endloop
  endfacet
  facet normal -0.806445 0.59131 0
    outer loop
      vertex -0.00327825 0.00229545 3.6826
      vertex -0.003175 0.00243626 3.6826
      vertex -0.00327825 0.00229545 -0.025
    endloop
  endfacet
  facet normal -0.806445 0.59131 0
    outer loop
      vertex -0.00327825 0.00229545 -0.025
      vertex -0.003175 0.00243626 3.6826
      vertex -0.003175 0.00243626 -0.025
    endloop
  endfacet
  facet normal -0.779885 0.625923 0
    outer loop
      vertex -0.003175 0.00243626 3.6826
      vertex -0.00306571 0.00257244 3.6826
      vertex -0.003175 0.00243626 -0.025
    endloop
  endfacet
  facet normal -0.779885 0.625923 0
    outer loop
      vertex -0.003175 0.00243626 -0.025
      vertex -0.00306571 0.00257244 3.6826
      vertex -0.00306571 0.00257244 -0.025
    endloop
  endfacet
  facet normal -0.751839 0.659346 0
    outer loop
      vertex -0.00306571 0.00257244 3.6826
      vertex -0.00295058 0.00270371 3.6826
      vertex -0.00306571 0.00257244 -0.025
    endloop
  endfacet
  facet normal -0.751839 0.659346 0
    outer loop
      vertex -0.00306571 0.00257244 -0.025
      vertex -0.00295058 0.00270371 3.6826
      vertex -0.00295058 0.00270371 -0.025
    endloop
  endfacet
  facet normal -0.722364 0.691513 0
    outer loop
      vertex -0.00295058 0.00270371 3.6826
      vertex -0.00282984 0.00282984 3.6826
      vertex -0.00295058 0.00270371 -0.025
    endloop
  endfacet
  facet normal -0.722364 0.691513 0
    outer loop
      vertex -0.00295058 0.00270371 -0.025
      vertex -0.00282984 0.00282984 3.6826
      vertex -0.00282984 0.00282984 -0.025
    endloop
  endfacet
  facet normal -0.691513 0.722364 0
    outer loop
      vertex -0.00282984 0.00282984 3.6826
      vertex -0.00270371 0.00295058 3.6826
      vertex -0.00282984 0.00282984 -0.025
    endloop
  endfacet
  facet normal -0.691513 0.722364 0
    outer loop
      vertex -0.00282984 0.00282984 -0.025
      vertex -0.00270371 0.00295058 3.6826
      vertex -0.00270371 0.00295058 -0.025
    endloop
  endfacet
  facet normal -0.659346 0.751839 0
    outer loop
      vertex -0.00270371 0.00295058 3.6826
      vertex -0.00257244 0.00306571 3.6826
      vertex -0.00270371 0.00295058 -0.025
    endloop
  endfacet
  facet normal -0.659346 0.751839 0
    outer loop
      vertex -0.00270371 0.00295058 -0.025
      vertex -0.00257244 0.00306571 3.6826
      vertex -0.00257244 0.00306571 -0.025
    endloop
  endfacet
  facet normal -0.625923 0.779885 0
    outer loop
      vertex -0.00257244 0.00306571 3.6826
      vertex -0.00243626 0.003175 3.6826
      vertex -0.00257244 0.00306571 -0.025
    endloop
  endfacet
  facet normal -0.625923 0.779885 0
    outer loop
      vertex -0.00257244 0.00306571 -0.025
      vertex -0.00243626 0.003175 3.6826
      vertex -0.00243626 0.003175 -0.025
    endloop
  endfacet
  facet normal -0.59131 0.806445 0
    outer loop
      vertex -0.00243626 0.003175 3.6826
      vertex -0.00229545 0.00327825 3.6826
      vertex -0.00243626 0.003175 -0.025
    endloop
  endfacet
  facet normal -0.59131 0.806445 0
    outer loop
      vertex -0.00243626 0.003175 -0.025
      vertex -0.00229545 0.00327825 3.6826
      vertex -0.00229545 0.00327825 -0.025
    endloop
  endfacet
  facet normal -0.55557 0.83147 0
    outer loop
      vertex -0.00229545 0.00327825 3.6826
      vertex -0.00215027 0.00337525 3.6826
      vertex -0.00229545 0.00327825 -0.025
    endloop
  endfacet
  facet normal -0.55557 0.83147 0
    outer loop
      vertex -0.00229545 0.00327825 -0.025
      vertex -0.00215027 0.00337525 3.6826
      vertex -0.00215027 0.00337525 -0.025
    endloop
  endfacet
  facet normal -0.518774 0.854912 0
    outer loop
      vertex -0.00215027 0.00337525 3.6826
      vertex -0.002001 0.00346583 3.6826
      vertex -0.00215027 0.00337525 -0.025
    endloop
  endfacet
  facet normal -0.518774 0.854912 0
    outer loop
      vertex -0.00215027 0.00337525 -0.025
      vertex -0.002001 0.00346583 3.6826
      vertex -0.002001 0.00346583 -0.025
    endloop
  endfacet
  facet normal -0.480988 0.876727 0
    outer loop
      vertex -0.002001 0.00346583 3.6826
      vertex -0.00184792 0.00354982 3.6826
      vertex -0.002001 0.00346583 -0.025
    endloop
  endfacet
  facet normal -0.480988 0.876727 0
    outer loop
      vertex -0.002001 0.00346583 -0.025
      vertex -0.00184792 0.00354982 3.6826
      vertex -0.00184792 0.00354982 -0.025
    endloop
  endfacet
  facet normal -0.442289 0.896873 0
    outer loop
      vertex -0.00184792 0.00354982 3.6826
      vertex -0.00169132 0.00362704 3.6826
      vertex -0.00184792 0.00354982 -0.025
    endloop
  endfacet
  facet normal -0.442289 0.896873 0
    outer loop
      vertex -0.00184792 0.00354982 -0.025
      vertex -0.00169132 0.00362704 3.6826
      vertex -0.00169132 0.00362704 -0.025
    endloop
  endfacet
  facet normal -0.402748 0.915311 0
    outer loop
      vertex -0.00169132 0.00362704 3.6826
      vertex -0.0015315 0.00369737 3.6826
      vertex -0.00169132 0.00362704 -0.025
    endloop
  endfacet
  facet normal -0.402748 0.915311 0
    outer loop
      vertex -0.00169132 0.00362704 -0.025
      vertex -0.0015315 0.00369737 3.6826
      vertex -0.0015315 0.00369737 -0.025
    endloop
  endfacet
  facet normal -0.362437 0.932008 0
    outer loop
      vertex -0.0015315 0.00369737 3.6826
      vertex -0.00136876 0.00376065 3.6826
      vertex -0.0015315 0.00369737 -0.025
    endloop
  endfacet
  facet normal -0.362437 0.932008 0
    outer loop
      vertex -0.0015315 0.00369737 -0.025
      vertex -0.00136876 0.00376065 3.6826
      vertex -0.00136876 0.00376065 -0.025
    endloop
  endfacet
  facet normal -0.32144 0.94693 0
    outer loop
      vertex -0.00136876 0.00376065 3.6826
      vertex -0.00120342 0.00381678 3.6826
      vertex -0.00136876 0.00376065 -0.025
    endloop
  endfacet
  facet normal -0.32144 0.94693 0
    outer loop
      vertex -0.00136876 0.00376065 -0.025
      vertex -0.00120342 0.00381678 3.6826
      vertex -0.00120342 0.00381678 -0.025
    endloop
  endfacet
  facet normal -0.279829 0.96005 0
    outer loop
      vertex -0.00120342 0.00381678 3.6826
      vertex -0.00103579 0.00386564 3.6826
      vertex -0.00120342 0.00381678 -0.025
    endloop
  endfacet
  facet normal -0.279829 0.96005 0
    outer loop
      vertex -0.00120342 0.00381678 -0.025
      vertex -0.00103579 0.00386564 3.6826
      vertex -0.00103579 0.00386564 -0.025
    endloop
  endfacet
  facet normal -0.237685 0.971342 0
    outer loop
      vertex -0.00103579 0.00386564 3.6826
      vertex -0.000866191 0.00390714 3.6826
      vertex -0.00103579 0.00386564 -0.025
    endloop
  endfacet
  facet normal -0.237685 0.971342 0
    outer loop
      vertex -0.00103579 0.00386564 -0.025
      vertex -0.000866191 0.00390714 3.6826
      vertex -0.000866191 0.00390714 -0.025
    endloop
  endfacet
  facet normal -0.195091 0.980785 0
    outer loop
      vertex -0.000866191 0.00390714 3.6826
      vertex -0.00069494 0.0039412 3.6826
      vertex -0.000866191 0.00390714 -0.025
    endloop
  endfacet
  facet normal -0.195091 0.980785 0
    outer loop
      vertex -0.000866191 0.00390714 -0.025
      vertex -0.00069494 0.0039412 3.6826
      vertex -0.00069494 0.0039412 -0.025
    endloop
  endfacet
  facet normal -0.152124 0.988361 0
    outer loop
      vertex -0.00069494 0.0039412 3.6826
      vertex -0.000522366 0.00396776 3.6826
      vertex -0.00069494 0.0039412 -0.025
    endloop
  endfacet
  facet normal -0.152124 0.988361 0
    outer loop
      vertex -0.00069494 0.0039412 -0.025
      vertex -0.000522366 0.00396776 3.6826
      vertex -0.000522366 0.00396776 -0.025
    endloop
  endfacet
  facet normal -0.108866 0.994056 0
    outer loop
      vertex -0.000522366 0.00396776 3.6826
      vertex -0.000348797 0.00398677 3.6826
      vertex -0.000522366 0.00396776 -0.025
    endloop
  endfacet
  facet normal -0.108866 0.994056 0
    outer loop
      vertex -0.000522366 0.00396776 -0.025
      vertex -0.000348797 0.00398677 3.6826
      vertex -0.000348797 0.00398677 -0.025
    endloop
  endfacet
  facet normal -0.0654036 0.997859 0
    outer loop
      vertex -0.000348797 0.00398677 3.6826
      vertex -0.000174565 0.00399819 3.6826
      vertex -0.000348797 0.00398677 -0.025
    endloop
  endfacet
  facet normal -0.0654036 0.997859 0
    outer loop
      vertex -0.000348797 0.00398677 -0.025
      vertex -0.000174565 0.00399819 3.6826
      vertex -0.000174565 0.00399819 -0.025
    endloop
  endfacet
  facet normal -0.0218154 0.999762 0
    outer loop
      vertex -0.000174565 0.00399819 3.6826
      vertex -2.45052e-19 0.004002 3.6826
      vertex -0.000174565 0.00399819 -0.025
    endloop
  endfacet
  facet normal -0.0218154 0.999762 0
    outer loop
      vertex -0.000174565 0.00399819 -0.025
      vertex -2.45052e-19 0.004002 3.6826
      vertex -2.45052e-19 0.004002 -0.025
    endloop
  endfacet
  facet normal 0.0218154 0.999762 0
    outer loop
      vertex -2.45052e-19 0.004002 3.6826
      vertex 0.000174565 0.00399819 3.6826
      vertex -2.45052e-19 0.004002 -0.025
    endloop
  endfacet
  facet normal 0.0218154 0.999762 0
    outer loop
      vertex -2.45052e-19 0.004002 -0.025
      vertex 0.000174565 0.00399819 3.6826
      vertex 0.000174565 0.00399819 -0.025
    endloop
  endfacet
  facet normal 0.0654036 0.997859 0
    outer loop
      vertex 0.000174565 0.00399819 3.6826
      vertex 0.000348797 0.00398677 3.6826
      vertex 0.000174565 0.00399819 -0.025
    endloop
  endfacet
  facet normal 0.0654036 0.997859 0
    outer loop
      vertex 0.000174565 0.00399819 -0.025
      vertex 0.000348797 0.00398677 3.6826
      vertex 0.000348797 0.00398677 -0.025
    endloop
  endfacet
  facet normal 0.108866 0.994056 0
    outer loop
      vertex 0.000348797 0.00398677 3.6826
      vertex 0.000522366 0.00396776 3.6826
      vertex 0.000348797 0.00398677 -0.025
    endloop
  endfacet
  facet normal 0.108866 0.994056 0
    outer loop
      vertex 0.000348797 0.00398677 -0.025
      vertex 0.000522366 0.00396776 3.6826
      vertex 0.000522366 0.00396776 -0.025
    endloop
  endfacet
  facet normal 0.152124 0.988361 0
    outer loop
      vertex 0.000522366 0.00396776 3.6826
      vertex 0.00069494 0.0039412 3.6826
      vertex 0.000522366 0.00396776 -0.025
    endloop
  endfacet
  facet normal 0.152124 0.988361 0
    outer loop
      vertex 0.000522366 0.00396776 -0.025
      vertex 0.00069494 0.0039412 3.6826
      vertex 0.00069494 0.0039412 -0.025
    endloop
  endfacet
  facet normal 0.195091 0.980785 0
    outer loop
      vertex 0.00069494 0.0039412 3.6826
      vertex 0.000866191 0.00390714 3.6826
      vertex 0.00069494 0.0039412 -0.025
    endloop
  endfacet
  facet normal 0.195091 0.980785 0
    outer loop
      vertex 0.00069494 0.0039412 -0.025
      vertex 0.000866191 0.00390714 3.6826
      vertex 0.000866191 0.00390714 -0.025
    endloop
  endfacet
  facet normal 0.237685 0.971342 0
    outer loop
      vertex 0.000866191 0.00390714 3.6826
      vertex 0.00103579 0.00386564 3.6826
      vertex 0.000866191 0.00390714 -0.025
    endloop
  endfacet
  facet normal 0.237685 0.971342 0
    outer loop
      vertex 0.000866191 0.00390714 -0.025
      vertex 0.00103579 0.00386564 3.6826
      vertex 0.00103579 0.00386564 -0.025
    endloop
  endfacet
  facet normal 0.279829 0.96005 0
    outer loop
      vertex 0.00103579 0.00386564 3.6826
      vertex 0.00120342 0.00381678 3.6826
      vertex 0.00103579 0.00386564 -0.025
    endloop
  endfacet
  facet normal 0.279829 0.96005 0
    outer loop
      vertex 0.00103579 0.00386564 -0.025
      vertex 0.00120342 0.00381678 3.6826
      vertex 0.00120342 0.00381678 -0.025
    endloop
  endfacet
  facet normal 0.32144 0.94693 0
    outer loop
      vertex 0.00120342 0.00381678 3.6826
      vertex 0.00136876 0.00376065 3.6826
      vertex 0.00120342 0.00381678 -0.025
    endloop
  endfacet
  facet normal 0.32144 0.94693 0
    outer loop
      vertex 0.00120342 0.00381678 -0.025
      vertex 0.00136876 0.00376065 3.6826
      vertex 0.00136876 0.00376065 -0.025
    endloop
  endfacet
  facet normal 0.362437 0.932008 0
    outer loop
      vertex 0.00136876 0.00376065 3.6826
      vertex 0.0015315 0.00369737 3.6826
      vertex 0.00136876 0.00376065 -0.025
    endloop
  endfacet
  facet normal 0.362437 0.932008 0
    outer loop
      vertex 0.00136876 0.00376065 -0.025
      vertex 0.0015315 0.00369737 3.6826
      vertex 0.0015315 0.00369737 -0.025
    endloop
  endfacet
  facet normal 0.402748 0.915311 0
    outer loop
      vertex 0.0015315 0.00369737 3.6826
      vertex 0.00169132 0.00362704 3.6826
      vertex 0.0015315 0.00369737 -0.025
    endloop
  endfacet
  facet normal 0.402748 0.915311 0
    outer loop
      vertex 0.0015315 0.00369737 -0.025
      vertex 0.00169132 0.00362704 3.6826
      vertex 0.00169132 0.00362704 -0.025
    endloop
  endfacet
  facet normal 0.442289 0.896873 0
    outer loop
      vertex 0.00169132 0.00362704 3.6826
      vertex 0.00184792 0.00354982 3.6826
      vertex 0.00169132 0.00362704 -0.025
    endloop
  endfacet
  facet normal 0.442289 0.896873 0
    outer loop
      vertex 0.00169132 0.00362704 -0.025
      vertex 0.00184792 0.00354982 3.6826
      vertex 0.00184792 0.00354982 -0.025
    endloop
  endfacet
  facet normal 0.480988 0.876727 0
    outer loop
      vertex 0.00184792 0.00354982 3.6826
      vertex 0.002001 0.00346583 3.6826
      vertex 0.00184792 0.00354982 -0.025
    endloop
  endfacet
  facet normal 0.480988 0.876727 0
    outer loop
      vertex 0.00184792 0.00354982 -0.025
      vertex 0.002001 0.00346583 3.6826
      vertex 0.002001 0.00346583 -0.025
    endloop
  endfacet
  facet normal 0.518774 0.854912 0
    outer loop
      vertex 0.002001 0.00346583 3.6826
      vertex 0.00215027 0.00337525 3.6826
      vertex 0.002001 0.00346583 -0.025
    endloop
  endfacet
  facet normal 0.518774 0.854912 0
    outer loop
      vertex 0.002001 0.00346583 -0.025
      vertex 0.00215027 0.00337525 3.6826
      vertex 0.00215027 0.00337525 -0.025
    endloop
  endfacet
  facet normal 0.55557 0.83147 0
    outer loop
      vertex 0.00215027 0.00337525 3.6826
      vertex 0.00229545 0.00327825 3.6826
      vertex 0.00215027 0.00337525 -0.025
    endloop
  endfacet
  facet normal 0.55557 0.83147 0
    outer loop
      vertex 0.00215027 0.00337525 -0.025
      vertex 0.00229545 0.00327825 3.6826
      vertex 0.00229545 0.00327825 -0.025
    endloop
  endfacet
  facet normal 0.59131 0.806445 0
    outer loop
      vertex 0.00229545 0.00327825 3.6826
      vertex 0.00243626 0.003175 3.6826
      vertex 0.00229545 0.00327825 -0.025
    endloop
  endfacet
  facet normal 0.59131 0.806445 0
    outer loop
      vertex 0.00229545 0.00327825 -0.025
      vertex 0.00243626 0.003175 3.6826
      vertex 0.00243626 0.003175 -0.025
    endloop
  endfacet
  facet normal 0.625923 0.779885 0
    outer loop
      vertex 0.00243626 0.003175 3.6826
      vertex 0.00257244 0.00306571 3.6826
      vertex 0.00243626 0.003175 -0.025
    endloop
  endfacet
  facet normal 0.625923 0.779885 0
    outer loop
      vertex 0.00243626 0.003175 -0.025
      vertex 0.00257244 0.00306571 3.6826
      vertex 0.00257244 0.00306571 -0.025
    endloop
  endfacet
  facet normal 0.659346 0.751839 0
    outer loop
      vertex 0.00257244 0.00306571 3.6826
      vertex 0.00270371 0.00295058 3.6826
      vertex 0.00257244 0.00306571 -0.025
    endloop
  endfacet
  facet normal 0.659346 0.751839 0
    outer loop
      vertex 0.00257244 0.00306571 -0.025
      vertex 0.00270371 0.00295058 3.6826
      vertex 0.00270371 0.00295058 -0.025
    endloop
  endfacet
  facet normal 0.691513 0.722364 0
    outer loop
      vertex 0.00270371 0.00295058 3.6826
      vertex 0.00282984 0.00282984 3.6826
      vertex 0.00270371 0.00295058 -0.025
    endloop
  endfacet
  facet normal 0.691513 0.722364 0
    outer loop
      vertex 0.00270371 0.00295058 -0.025
      vertex 0.00282984 0.00282984 3.6826
      vertex 0.00282984 0.00282984 -0.025
    endloop
  endfacet
  facet normal 0.722364 0.691513 0
    outer loop
      vertex 0.00282984 0.00282984 3.6826
      vertex 0.00295058 0.00270371 3.6826
      vertex 0.00282984 0.00282984 -0.025
    endloop
  endfacet
  facet normal 0.722364 0.691513 0
    outer loop
      vertex 0.00282984 0.00282984 -0.025
      vertex 0.00295058 0.00270371 3.6826
      vertex 0.00295058 0.00270371 -0.025
    endloop
  endfacet
  facet normal 0.751839 0.659346 0
    outer loop
      vertex 0.00295058 0.00270371 3.6826
      vertex 0.00306571 0.00257244 3.6826
      vertex 0.00295058 0.00270371 -0.025
    endloop
  endfacet
  facet normal 0.751839 0.659346 0
    outer loop
      vertex 0.00295058 0.00270371 -0.025
      vertex 0.00306571 0.00257244 3.6826
      vertex 0.00306571 0.00257244 -0.025
    endloop
  endfacet
  facet normal 0.779885 0.625923 0
    outer loop
      vertex 0.00306571 0.00257244 3.6826
      vertex 0.003175 0.00243626 3.6826
      vertex 0.00306571 0.00257244 -0.025
    endloop
  endfacet
  facet normal 0.779885 0.625923 0
    outer loop
      vertex 0.00306571 0.00257244 -0.025
      vertex 0.003175 0.00243626 3.6826
      vertex 0.003175 0.00243626 -0.025
    endloop
  endfacet
  facet normal 0.806445 0.59131 0
    outer loop
      vertex 0.003175 0.00243626 3.6826
      vertex 0.00327825 0.00229545 3.6826
      vertex 0.003175 0.00243626 -0.025
    endloop
  endfacet
  facet normal 0.806445 0.59131 0
    outer loop
      vertex 0.003175 0.00243626 -0.025
      vertex 0.00327825 0.00229545 3.6826
      vertex 0.00327825 0.00229545 -0.025
    endloop
  endfacet
  facet normal 0.83147 0.55557 0
    outer loop
      vertex 0.00327825 0.00229545 3.6826
      vertex 0.00337525 0.00215027 3.6826
      vertex 0.00327825 0.00229545 -0.025
    endloop
  endfacet
  facet normal 0.83147 0.55557 0
    outer loop
      vertex 0.00327825 0.00229545 -0.025
      vertex 0.00337525 0.00215027 3.6826
      vertex 0.00337525 0.00215027 -0.025
    endloop
  endfacet
  facet normal 0.854912 0.518774 0
    outer loop
      vertex 0.00337525 0.00215027 3.6826
      vertex 0.00346583 0.002001 3.6826
      vertex 0.00337525 0.00215027 -0.025
    endloop
  endfacet
  facet normal 0.854912 0.518774 0
    outer loop
      vertex 0.00337525 0.00215027 -0.025
      vertex 0.00346583 0.002001 3.6826
      vertex 0.00346583 0.002001 -0.025
    endloop
  endfacet
  facet normal 0.876727 0.480988 0
    outer loop
      vertex 0.00346583 0.002001 3.6826
      vertex 0.00354982 0.00184792 3.6826
      vertex 0.00346583 0.002001 -0.025
    endloop
  endfacet
  facet normal 0.876727 0.480988 0
    outer loop
      vertex 0.00346583 0.002001 -0.025
      vertex 0.00354982 0.00184792 3.6826
      vertex 0.00354982 0.00184792 -0.025
    endloop
  endfacet
  facet normal 0.896873 0.442289 0
    outer loop
      vertex 0.00354982 0.00184792 3.6826
      vertex 0.00362704 0.00169132 3.6826
      vertex 0.00354982 0.00184792 -0.025
    endloop
  endfacet
  facet normal 0.896873 0.442289 0
    outer loop
      vertex 0.00354982 0.00184792 -0.025
      vertex 0.00362704 0.00169132 3.6826
      vertex 0.00362704 0.00169132 -0.025
    endloop
  endfacet
  facet normal 0.915311 0.402748 0
    outer loop
      vertex 0.00362704 0.00169132 3.6826
      vertex 0.00369737 0.0015315 3.6826
      vertex 0.00362704 0.00169132 -0.025
    endloop
  endfacet
  facet normal 0.915311 0.402748 0
    outer loop
      vertex 0.00362704 0.00169132 -0.025
      vertex 0.00369737 0.0015315 3.6826
      vertex 0.00369737 0.0015315 -0.025
    endloop
  endfacet
  facet normal 0.932008 0.362437 0
    outer loop
      vertex 0.00369737 0.0015315 3.6826
      vertex 0.00376065 0.00136876 3.6826
      vertex 0.00369737 0.0015315 -0.025
    endloop
  endfacet
  facet normal 0.932008 0.362437 0
    outer loop
      vertex 0.00369737 0.0015315 -0.025
      vertex 0.00376065 0.00136876 3.6826
      vertex 0.00376065 0.00136876 -0.025
    endloop
  endfacet
  facet normal 0.94693 0.32144 0
    outer loop
      vertex 0.00376065 0.00136876 3.6826
      vertex 0.00381678 0.00120342 3.6826
      vertex 0.00376065 0.00136876 -0.025
    endloop
  endfacet
  facet normal 0.94693 0.32144 0
    outer loop
      vertex 0.00376065 0.00136876 -0.025
      vertex 0.00381678 0.00120342 3.6826
      vertex 0.00381678 0.00120342 -0.025
    endloop
  endfacet
  facet normal 0.96005 0.279829 0
    outer loop
      vertex 0.00381678 0.00120342 3.6826
      vertex 0.00386564 0.00103579 3.6826
      vertex 0.00381678 0.00120342 -0.025
    endloop
  endfacet
  facet normal 0.96005 0.279829 0
    outer loop
      vertex 0.00381678 0.00120342 -0.025
      vertex 0.00386564 0.00103579 3.6826
      vertex 0.00386564 0.00103579 -0.025
    endloop
  endfacet
  facet normal 0.971342 0.237685 0
    outer loop
      vertex 0.00386564 0.00103579 3.6826
      vertex 0.00390714 0.000866191 3.6826
      vertex 0.00386564 0.00103579 -0.025
    endloop
  endfacet
  facet normal 0.971342 0.237685 0
    outer loop
      vertex 0.00386564 0.00103579 -0.025
      vertex 0.00390714 0.000866191 3.6826
      vertex 0.00390714 0.000866191 -0.025
    endloop
  endfacet
  facet normal 0.980785 0.195091 0
    outer loop
      vertex 0.00390714 0.000866191 3.6826
      vertex 0.0039412 0.00069494 3.6826
      vertex 0.00390714 0.000866191 -0.025
    endloop
  endfacet
  facet normal 0.980785 0.195091 0
    outer loop
      vertex 0.00390714 0.000866191 -0.025
      vertex 0.0039412 0.00069494 3.6826
      vertex 0.0039412 0.00069494 -0.025
    endloop
  endfacet
  facet normal 0.988361 0.152124 0
    outer loop
      vertex 0.0039412 0.00069494 3.6826
      vertex 0.00396776 0.000522366 3.6826
      vertex 0.0039412 0.00069494 -0.025
    endloop
  endfacet
  facet normal 0.988361 0.152124 0
    outer loop
      vertex 0.0039412 0.00069494 -0.025
      vertex 0.00396776 0.000522366 3.6826
      vertex 0.00396776 0.000522366 -0.025
    endloop
  endfacet
  facet normal 0.994056 0.108866 0
    outer loop
      vertex 0.00396776 0.000522366 3.6826
      vertex 0.00398677 0.000348797 3.6826
      vertex 0.00396776 0.000522366 -0.025
    endloop
  endfacet
  facet normal 0.994056 0.108866 0
    outer loop
      vertex 0.00396776 0.000522366 -0.025
      vertex 0.00398677 0.000348797 3.6826
      vertex 0.00398677 0.000348797 -0.025
    endloop
  endfacet
  facet normal 0.997859 0.0654036 0
    outer loop
      vertex 0.00398677 0.000348797 3.6826
      vertex 0.00399819 0.000174565 3.6826
      vertex 0.00398677 0.000348797 -0.025
    endloop
  endfacet
  facet normal 0.997859 0.0654036 0
    outer loop
      vertex 0.00398677 0.000348797 -0.025
      vertex 0.00399819 0.000174565 3.6826
      vertex 0.00399819 0.000174565 -0.025
    endloop
  endfacet
  facet normal 0.999762 0.0218154 0
    outer loop
      vertex 0.00399819 0.000174565 3.6826
      vertex 0.004002 1.71536e-18 3.6826
      vertex 0.00399819 0.000174565 -0.025
    endloop
  endfacet
  facet normal 0.999762 0.0218154 -5.7499e-21
    outer loop
      vertex 0.00399819 0.000174565 -0.025
      vertex 0.004002 1.71536e-18 3.6826
      vertex 0.004002 7.35155e-19 -0.025
    endloop
  endfacet
  facet normal 0.999762 -0.0218154 5.76751e-21
    outer loop
      vertex 0.004002 1.71536e-18 3.6826
      vertex 0.00399819 -0.000174565 3.6826
      vertex 0.004002 7.35155e-19 -0.025
    endloop
  endfacet
  facet normal 0.999762 -0.0218154 0
    outer loop
      vertex 0.004002 7.35155e-19 -0.025
      vertex 0.00399819 -0.000174565 3.6826
      vertex 0.00399819 -0.000174565 -0.025
    endloop
  endfacet
  facet normal 0.997859 -0.0654036 0
    outer loop
      vertex 0.00399819 -0.000174565 3.6826
      vertex 0.00398677 -0.000348797 3.6826
      vertex 0.00399819 -0.000174565 -0.025
    endloop
  endfacet
  facet normal 0.997859 -0.0654036 0
    outer loop
      vertex 0.00399819 -0.000174565 -0.025
      vertex 0.00398677 -0.000348797 3.6826
      vertex 0.00398677 -0.000348797 -0.025
    endloop
  endfacet
  facet normal 0.994056 -0.108866 0
    outer loop
      vertex 0.00398677 -0.000348797 3.6826
      vertex 0.00396776 -0.000522366 3.6826
      vertex 0.00398677 -0.000348797 -0.025
    endloop
  endfacet
  facet normal 0.994056 -0.108866 0
    outer loop
      vertex 0.00398677 -0.000348797 -0.025
      vertex 0.00396776 -0.000522366 3.6826
      vertex 0.00396776 -0.000522366 -0.025
    endloop
  endfacet
  facet normal 0.988361 -0.152124 0
    outer loop
      vertex 0.00396776 -0.000522366 3.6826
      vertex 0.0039412 -0.00069494 3.6826
      vertex 0.00396776 -0.000522366 -0.025
    endloop
  endfacet
  facet normal 0.988361 -0.152124 0
    outer loop
      vertex 0.00396776 -0.000522366 -0.025
      vertex 0.0039412 -0.00069494 3.6826
      vertex 0.0039412 -0.00069494 -0.025
    endloop
  endfacet
  facet normal 0.980785 -0.195091 0
    outer loop
      vertex 0.0039412 -0.00069494 3.6826
      vertex 0.00390714 -0.000866191 3.6826
      vertex 0.0039412 -0.00069494 -0.025
    endloop
  endfacet
  facet normal 0.980785 -0.195091 0
    outer loop
      vertex 0.0039412 -0.00069494 -0.025
      vertex 0.00390714 -0.000866191 3.6826
      vertex 0.00390714 -0.000866191 -0.025
    endloop
  endfacet
  facet normal 0.971342 -0.237685 0
    outer loop
      vertex 0.00390714 -0.000866191 3.6826
      vertex 0.00386564 -0.00103579 3.6826
      vertex 0.00390714 -0.000866191 -0.025
    endloop
  endfacet
  facet normal 0.971342 -0.237685 0
    outer loop
      vertex 0.00390714 -0.000866191 -0.025
      vertex 0.00386564 -0.00103579 3.6826
      vertex 0.00386564 -0.00103579 -0.025
    endloop
  endfacet
  facet normal 0.96005 -0.279829 0
    outer loop
      vertex 0.00386564 -0.00103579 3.6826
      vertex 0.00381678 -0.00120342 3.6826
      vertex 0.00386564 -0.00103579 -0.025
    endloop
  endfacet
  facet normal 0.96005 -0.279829 0
    outer loop
      vertex 0.00386564 -0.00103579 -0.025
      vertex 0.00381678 -0.00120342 3.6826
      vertex 0.00381678 -0.00120342 -0.025
    endloop
  endfacet
  facet normal 0.94693 -0.32144 0
    outer loop
      vertex 0.00381678 -0.00120342 3.6826
      vertex 0.00376065 -0.00136876 3.6826
      vertex 0.00381678 -0.00120342 -0.025
    endloop
  endfacet
  facet normal 0.94693 -0.32144 0
    outer loop
      vertex 0.00381678 -0.00120342 -0.025
      vertex 0.00376065 -0.00136876 3.6826
      vertex 0.00376065 -0.00136876 -0.025
    endloop
  endfacet
  facet normal 0.932008 -0.362437 0
    outer loop
      vertex 0.00376065 -0.00136876 3.6826
      vertex 0.00369737 -0.0015315 3.6826
      vertex 0.00376065 -0.00136876 -0.025
    endloop
  endfacet
  facet normal 0.932008 -0.362437 0
    outer loop
      vertex 0.00376065 -0.00136876 -0.025
      vertex 0.00369737 -0.0015315 3.6826
      vertex 0.00369737 -0.0015315 -0.025
    endloop
  endfacet
  facet normal 0.915311 -0.402748 0
    outer loop
      vertex 0.00369737 -0.0015315 3.6826
      vertex 0.00362704 -0.00169132 3.6826
      vertex 0.00369737 -0.0015315 -0.025
    endloop
  endfacet
  facet normal 0.915311 -0.402748 0
    outer loop
      vertex 0.00369737 -0.0015315 -0.025
      vertex 0.00362704 -0.00169132 3.6826
      vertex 0.00362704 -0.00169132 -0.025
    endloop
  endfacet
  facet normal 0.896873 -0.442289 0
    outer loop
      vertex 0.00362704 -0.00169132 3.6826
      vertex 0.00354982 -0.00184792 3.6826
      vertex 0.00362704 -0.00169132 -0.025
    endloop
  endfacet
  facet normal 0.896873 -0.442289 0
    outer loop
      vertex 0.00362704 -0.00169132 -0.025
      vertex 0.00354982 -0.00184792 3.6826
      vertex 0.00354982 -0.00184792 -0.025
    endloop
  endfacet
  facet normal 0.876727 -0.480988 0
    outer loop
      vertex 0.00354982 -0.00184792 3.6826
      vertex 0.00346583 -0.002001 3.6826
      vertex 0.00354982 -0.00184792 -0.025
    endloop
  endfacet
  facet normal 0.876727 -0.480988 0
    outer loop
      vertex 0.00354982 -0.00184792 -0.025
      vertex 0.00346583 -0.002001 3.6826
      vertex 0.00346583 -0.002001 -0.025
    endloop
  endfacet
  facet normal 0.854912 -0.518774 0
    outer loop
      vertex 0.00346583 -0.002001 3.6826
      vertex 0.00337525 -0.00215027 3.6826
      vertex 0.00346583 -0.002001 -0.025
    endloop
  endfacet
  facet normal 0.854912 -0.518774 0
    outer loop
      vertex 0.00346583 -0.002001 -0.025
      vertex 0.00337525 -0.00215027 3.6826
      vertex 0.00337525 -0.00215027 -0.025
    endloop
  endfacet
  facet normal 0.83147 -0.55557 0
    outer loop
      vertex 0.00337525 -0.00215027 3.6826
      vertex 0.00327825 -0.00229545 3.6826
      vertex 0.00337525 -0.00215027 -0.025
    endloop
  endfacet
  facet normal 0.83147 -0.55557 0
    outer loop
      vertex 0.00337525 -0.00215027 -0.025
      vertex 0.00327825 -0.00229545 3.6826
      vertex 0.00327825 -0.00229545 -0.025
    endloop
  endfacet
  facet normal 0.806445 -0.59131 0
    outer loop
      vertex 0.00327825 -0.00229545 3.6826
      vertex 0.003175 -0.00243626 3.6826
      vertex 0.00327825 -0.00229545 -0.025
    endloop
  endfacet
  facet normal 0.806445 -0.59131 0
    outer loop
      vertex 0.00327825 -0.00229545 -0.025
      vertex 0.003175 -0.00243626 3.6826
      vertex 0.003175 -0.00243626 -0.025
    endloop
  endfacet
  facet normal 0.779885 -0.625923 0
    outer loop
      vertex 0.003175 -0.00243626 3.6826
      vertex 0.00306571 -0.00257244 3.6826
      vertex 0.003175 -0.00243626 -0.025
    endloop
  endfacet
  facet normal 0.779885 -0.625923 0
    outer loop
      vertex 0.003175 -0.00243626 -0.025
      vertex 0.00306571 -0.00257244 3.6826
      vertex 0.00306571 -0.00257244 -0.025
    endloop
  endfacet
  facet normal 0.751839 -0.659346 0
    outer loop
      vertex 0.00306571 -0.00257244 3.6826
      vertex 0.00295058 -0.00270371 3.6826
      vertex 0.00306571 -0.00257244 -0.025
    endloop
  endfacet
  facet normal 0.751839 -0.659346 0
    outer loop
      vertex 0.00306571 -0.00257244 -0.025
      vertex 0.00295058 -0.00270371 3.6826
      vertex 0.00295058 -0.00270371 -0.025
    endloop
  endfacet
  facet normal 0.722364 -0.691513 0
    outer loop
      vertex 0.00295058 -0.00270371 3.6826
      vertex 0.00282984 -0.00282984 3.6826
      vertex 0.00295058 -0.00270371 -0.025
    endloop
  endfacet
  facet normal 0.722364 -0.691513 0
    outer loop
      vertex 0.00295058 -0.00270371 -0.025
      vertex 0.00282984 -0.00282984 3.6826
      vertex 0.00282984 -0.00282984 -0.025
    endloop
  endfacet
  facet normal 0.691513 -0.722364 0
    outer loop
      vertex 0.00282984 -0.00282984 3.6826
      vertex 0.00270371 -0.00295058 3.6826
      vertex 0.00282984 -0.00282984 -0.025
    endloop
  endfacet
  facet normal 0.691513 -0.722364 0
    outer loop
      vertex 0.00282984 -0.00282984 -0.025
      vertex 0.00270371 -0.00295058 3.6826
      vertex 0.00270371 -0.00295058 -0.025
    endloop
  endfacet
  facet normal 0.659346 -0.751839 0
    outer loop
      vertex 0.00270371 -0.00295058 3.6826
      vertex 0.00257244 -0.00306571 3.6826
      vertex 0.00270371 -0.00295058 -0.025
    endloop
  endfacet
  facet normal 0.659346 -0.751839 0
    outer loop
      vertex 0.00270371 -0.00295058 -0.025
      vertex 0.00257244 -0.00306571 3.6826
      vertex 0.00257244 -0.00306571 -0.025
    endloop
  endfacet
  facet normal 0.625923 -0.779885 0
    outer loop
      vertex 0.00257244 -0.00306571 3.6826
      vertex 0.00243626 -0.003175 3.6826
      vertex 0.00257244 -0.00306571 -0.025
    endloop
  endfacet
  facet normal 0.625923 -0.779885 0
    outer loop
      vertex 0.00257244 -0.00306571 -0.025
      vertex 0.00243626 -0.003175 3.6826
      vertex 0.00243626 -0.003175 -0.025
    endloop
  endfacet
  facet normal 0.59131 -0.806445 0
    outer loop
      vertex 0.00243626 -0.003175 3.6826
      vertex 0.00229545 -0.00327825 3.6826
      vertex 0.00243626 -0.003175 -0.025
    endloop
  endfacet
  facet normal 0.59131 -0.806445 0
    outer loop
      vertex 0.00243626 -0.003175 -0.025
      vertex 0.00229545 -0.00327825 3.6826
      vertex 0.00229545 -0.00327825 -0.025
    endloop
  endfacet
  facet normal 0.55557 -0.83147 0
    outer loop
      vertex 0.00229545 -0.00327825 3.6826
      vertex 0.00215027 -0.00337525 3.6826
      vertex 0.00229545 -0.00327825 -0.025
    endloop
  endfacet
  facet normal 0.55557 -0.83147 0
    outer loop
      vertex 0.00229545 -0.00327825 -0.025
      vertex 0.00215027 -0.00337525 3.6826
      vertex 0.00215027 -0.00337525 -0.025
    endloop
  endfacet
  facet normal 0.518774 -0.854912 0
    outer loop
      vertex 0.00215027 -0.00337525 3.6826
      vertex 0.002001 -0.00346583 3.6826
      vertex 0.00215027 -0.00337525 -0.025
    endloop
  endfacet
  facet normal 0.518774 -0.854912 0
    outer loop
      vertex 0.00215027 -0.00337525 -0.025
      vertex 0.002001 -0.00346583 3.6826
      vertex 0.002001 -0.00346583 -0.025
    endloop
  endfacet
  facet normal 0.480988 -0.876727 0
    outer loop
      vertex 0.002001 -0.00346583 3.6826
      vertex 0.00184792 -0.00354982 3.6826
      vertex 0.002001 -0.00346583 -0.025
    endloop
  endfacet
  facet normal 0.480988 -0.876727 0
    outer loop
      vertex 0.002001 -0.00346583 -0.025
      vertex 0.00184792 -0.00354982 3.6826
      vertex 0.00184792 -0.00354982 -0.025
    endloop
  endfacet
  facet normal 0.442289 -0.896873 0
    outer loop
      vertex 0.00184792 -0.00354982 3.6826
      vertex 0.00169132 -0.00362704 3.6826
      vertex 0.00184792 -0.00354982 -0.025
    endloop
  endfacet
  facet normal 0.442289 -0.896873 0
    outer loop
      vertex 0.00184792 -0.00354982 -0.025
      vertex 0.00169132 -0.00362704 3.6826
      vertex 0.00169132 -0.00362704 -0.025
    endloop
  endfacet
  facet normal 0.402748 -0.915311 0
    outer loop
      vertex 0.00169132 -0.00362704 3.6826
      vertex 0.0015315 -0.00369737 3.6826
      vertex 0.00169132 -0.00362704 -0.025
    endloop
  endfacet
  facet normal 0.402748 -0.915311 0
    outer loop
      vertex 0.00169132 -0.00362704 -0.025
      vertex 0.0015315 -0.00369737 3.6826
      vertex 0.0015315 -0.00369737 -0.025
    endloop
  endfacet
  facet normal 0.362437 -0.932008 0
    outer loop
      vertex 0.0015315 -0.00369737 3.6826
      vertex 0.00136876 -0.00376065 3.6826
      vertex 0.0015315 -0.00369737 -0.025
    endloop
  endfacet
  facet normal 0.362437 -0.932008 0
    outer loop
      vertex 0.0015315 -0.00369737 -0.025
      vertex 0.00136876 -0.00376065 3.6826
      vertex 0.00136876 -0.00376065 -0.025
    endloop
  endfacet
  facet normal 0.32144 -0.94693 0
    outer loop
      vertex 0.00136876 -0.00376065 3.6826
      vertex 0.00120342 -0.00381678 3.6826
      vertex 0.00136876 -0.00376065 -0.025
    endloop
  endfacet
  facet normal 0.32144 -0.94693 0
    outer loop
      vertex 0.00136876 -0.00376065 -0.025
      vertex 0.00120342 -0.00381678 3.6826
      vertex 0.00120342 -0.00381678 -0.025
    endloop
  endfacet
  facet normal 0.279829 -0.96005 0
    outer loop
      vertex 0.00120342 -0.00381678 3.6826
      vertex 0.00103579 -0.00386564 3.6826
      vertex 0.00120342 -0.00381678 -0.025
    endloop
  endfacet
  facet normal 0.279829 -0.96005 0
    outer loop
      vertex 0.00120342 -0.00381678 -0.025
      vertex 0.00103579 -0.00386564 3.6826
      vertex 0.00103579 -0.00386564 -0.025
    endloop
  endfacet
  facet normal 0.237685 -0.971342 0
    outer loop
      vertex 0.00103579 -0.00386564 3.6826
      vertex 0.000866191 -0.00390714 3.6826
      vertex 0.00103579 -0.00386564 -0.025
    endloop
  endfacet
  facet normal 0.237685 -0.971342 0
    outer loop
      vertex 0.00103579 -0.00386564 -0.025
      vertex 0.000866191 -0.00390714 3.6826
      vertex 0.000866191 -0.00390714 -0.025
    endloop
  endfacet
  facet normal 0.195091 -0.980785 0
    outer loop
      vertex 0.000866191 -0.00390714 3.6826
      vertex 0.00069494 -0.0039412 3.6826
      vertex 0.000866191 -0.00390714 -0.025
    endloop
  endfacet
  facet normal 0.195091 -0.980785 0
    outer loop
      vertex 0.000866191 -0.00390714 -0.025
      vertex 0.00069494 -0.0039412 3.6826
      vertex 0.00069494 -0.0039412 -0.025
    endloop
  endfacet
  facet normal 0.152124 -0.988361 0
    outer loop
      vertex 0.00069494 -0.0039412 3.6826
      vertex 0.000522366 -0.00396776 3.6826
      vertex 0.00069494 -0.0039412 -0.025
    endloop
  endfacet
  facet normal 0.152124 -0.988361 0
    outer loop
      vertex 0.00069494 -0.0039412 -0.025
      vertex 0.000522366 -0.00396776 3.6826
      vertex 0.000522366 -0.00396776 -0.025
    endloop
  endfacet
  facet normal 0.108866 -0.994056 0
    outer loop
      vertex 0.000522366 -0.00396776 3.6826
      vertex 0.000348797 -0.00398677 3.6826
      vertex 0.000522366 -0.00396776 -0.025
    endloop
  endfacet
  facet normal 0.108866 -0.994056 0
    outer loop
      vertex 0.000522366 -0.00396776 -0.025
      vertex 0.000348797 -0.00398677 3.6826
      vertex 0.000348797 -0.00398677 -0.025
    endloop
  endfacet
  facet normal 0.0654036 -0.997859 0
    outer loop
      vertex 0.000348797 -0.00398677 3.6826
      vertex 0.000174565 -0.00399819 3.6826
      vertex 0.000348797 -0.00398677 -0.025
    endloop
  endfacet
  facet normal 0.0654036 -0.997859 0
    outer loop
      vertex 0.000348797 -0.00398677 -0.025
      vertex 0.000174565 -0.00399819 3.6826
      vertex 0.000174565 -0.00399819 -0.025
    endloop
  endfacet
  facet normal 0.0218154 -0.999762 0
    outer loop
      vertex 0.000174565 -0.00399819 3.6826
      vertex 7.35155e-19 -0.004002 3.6826
      vertex 0.000174565 -0.00399819 -0.025
    endloop
  endfacet
  facet normal 0.0218154 -0.999762 0
    outer loop
      vertex 0.000174565 -0.00399819 -0.025
      vertex 7.35155e-19 -0.004002 3.6826
      vertex 7.35155e-19 -0.004002 -0.025
    endloop
  endfacet
  facet normal -0.0218154 -0.999762 0
    outer loop
      vertex 7.35155e-19 -0.004002 3.6826
      vertex -0.000174565 -0.00399819 3.6826
      vertex 7.35155e-19 -0.004002 -0.025
    endloop
  endfacet
  facet normal -0.0218154 -0.999762 0
    outer loop
      vertex 7.35155e-19 -0.004002 -0.025
      vertex -0.000174565 -0.00399819 3.6826
      vertex -0.000174565 -0.00399819 -0.025
    endloop
  endfacet
  facet normal -0.0654036 -0.997859 0
    outer loop
      vertex -0.000174565 -0.00399819 3.6826
      vertex -0.000348797 -0.00398677 3.6826
      vertex -0.000174565 -0.00399819 -0.025
    endloop
  endfacet
  facet normal -0.0654036 -0.997859 0
    outer loop
      vertex -0.000174565 -0.00399819 -0.025
      vertex -0.000348797 -0.00398677 3.6826
      vertex -0.000348797 -0.00398677 -0.025
    endloop
  endfacet
  facet normal -0.108866 -0.994056 0
    outer loop
      vertex -0.000348797 -0.00398677 3.6826
      vertex -0.000522366 -0.00396776 3.6826
      vertex -0.000348797 -0.00398677 -0.025
    endloop
  endfacet
  facet normal -0.108866 -0.994056 0
    outer loop
      vertex -0.000348797 -0.00398677 -0.025
      vertex -0.000522366 -0.00396776 3.6826
      vertex -0.000522366 -0.00396776 -0.025
    endloop
  endfacet
  facet normal -0.152124 -0.988361 0
    outer loop
      vertex -0.000522366 -0.00396776 3.6826
      vertex -0.00069494 -0.0039412 3.6826
      vertex -0.000522366 -0.00396776 -0.025
    endloop
  endfacet
  facet normal -0.152124 -0.988361 0
    outer loop
      vertex -0.000522366 -0.00396776 -0.025
      vertex -0.00069494 -0.0039412 3.6826
      vertex -0.00069494 -0.0039412 -0.025
    endloop
  endfacet
  facet normal -0.195091 -0.980785 0
    outer loop
      vertex -0.00069494 -0.0039412 3.6826
      vertex -0.000866191 -0.00390714 3.6826
      vertex -0.00069494 -0.0039412 -0.025
    endloop
  endfacet
  facet normal -0.195091 -0.980785 0
    outer loop
      vertex -0.00069494 -0.0039412 -0.025
      vertex -0.000866191 -0.00390714 3.6826
      vertex -0.000866191 -0.00390714 -0.025
    endloop
  endfacet
  facet normal -0.237685 -0.971342 0
    outer loop
      vertex -0.000866191 -0.00390714 3.6826
      vertex -0.00103579 -0.00386564 3.6826
      vertex -0.000866191 -0.00390714 -0.025
    endloop
  endfacet
  facet normal -0.237685 -0.971342 0
    outer loop
      vertex -0.000866191 -0.00390714 -0.025
      vertex -0.00103579 -0.00386564 3.6826
      vertex -0.00103579 -0.00386564 -0.025
    endloop
  endfacet
  facet normal -0.279829 -0.96005 0
    outer loop
      vertex -0.00103579 -0.00386564 3.6826
      vertex -0.00120342 -0.00381678 3.6826
      vertex -0.00103579 -0.00386564 -0.025
    endloop
  endfacet
  facet normal -0.279829 -0.96005 0
    outer loop
      vertex -0.00103579 -0.00386564 -0.025
      vertex -0.00120342 -0.00381678 3.6826
      vertex -0.00120342 -0.00381678 -0.025
    endloop
  endfacet
  facet normal -0.32144 -0.94693 0
    outer loop
      vertex -0.00120342 -0.00381678 3.6826
      vertex -0.00136876 -0.00376065 3.6826
      vertex -0.00120342 -0.00381678 -0.025
    endloop
  endfacet
  facet normal -0.32144 -0.94693 0
    outer loop
      vertex -0.00120342 -0.00381678 -0.025
      vertex -0.00136876 -0.00376065 3.6826
      vertex -0.00136876 -0.00376065 -0.025
    endloop
  endfacet
  facet normal -0.362437 -0.932008 0
    outer loop
      vertex -0.00136876 -0.00376065 3.6826
      vertex -0.0015315 -0.00369737 3.6826
      vertex -0.00136876 -0.00376065 -0.025
    endloop
  endfacet
  facet normal -0.362437 -0.932008 0
    outer loop
      vertex -0.00136876 -0.00376065 -0.025
      vertex -0.0015315 -0.00369737 3.6826
      vertex -0.0015315 -0.00369737 -0.025
    endloop
  endfacet
  facet normal -0.402748 -0.915311 0
    outer loop
      vertex -0.0015315 -0.00369737 3.6826
      vertex -0.00169132 -0.00362704 3.6826
      vertex -0.0015315 -0.00369737 -0.025
    endloop
  endfacet
  facet normal -0.402748 -0.915311 0
    outer loop
      vertex -0.0015315 -0.00369737 -0.025
      vertex -0.00169132 -0.00362704 3.6826
      vertex -0.00169132 -0.00362704 -0.025
    endloop
  endfacet
  facet normal -0.442289 -0.896873 0
    outer loop
      vertex -0.00169132 -0.00362704 3.6826
      vertex -0.00184792 -0.00354982 3.6826
      vertex -0.00169132 -0.00362704 -0.025
    endloop
  endfacet
  facet normal -0.442289 -0.896873 0
    outer loop
      vertex -0.00169132 -0.00362704 -0.025
      vertex -0.00184792 -0.00354982 3.6826
      vertex -0.00184792 -0.00354982 -0.025
    endloop
  endfacet
  facet normal -0.480988 -0.876727 0
    outer loop
      vertex -0.00184792 -0.00354982 3.6826
      vertex -0.002001 -0.00346583 3.6826
      vertex -0.00184792 -0.00354982 -0.025
    endloop
  endfacet
  facet normal -0.480988 -0.876727 0
    outer loop
      vertex -0.00184792 -0.00354982 -0.025
      vertex -0.002001 -0.00346583 3.6826
      vertex -0.002001 -0.00346583 -0.025
    endloop
  endfacet
  facet normal -0.518774 -0.854912 0
    outer loop
      vertex -0.002001 -0.00346583 3.6826
      vertex -0.00215027 -0.00337525 3.6826
      vertex -0.002001 -0.00346583 -0.025
    endloop
  endfacet
  facet normal -0.518774 -0.854912 0
    outer loop
      vertex -0.002001 -0.00346583 -0.025
      vertex -0.00215027 -0.00337525 3.6826
      vertex -0.00215027 -0.00337525 -0.025
    endloop
  endfacet
  facet normal -0.55557 -0.83147 0
    outer loop
      vertex -0.00215027 -0.00337525 3.6826
      vertex -0.00229545 -0.00327825 3.6826
      vertex -0.00215027 -0.00337525 -0.025
    endloop
  endfacet
  facet normal -0.55557 -0.83147 0
    outer loop
      vertex -0.00215027 -0.00337525 -0.025
      vertex -0.00229545 -0.00327825 3.6826
      vertex -0.00229545 -0.00327825 -0.025
    endloop
  endfacet
  facet normal -0.59131 -0.806445 0
    outer loop
      vertex -0.00229545 -0.00327825 3.6826
      vertex -0.00243626 -0.003175 3.6826
      vertex -0.00229545 -0.00327825 -0.025
    endloop
  endfacet
  facet normal -0.59131 -0.806445 0
    outer loop
      vertex -0.00229545 -0.00327825 -0.025
      vertex -0.00243626 -0.003175 3.6826
      vertex -0.00243626 -0.003175 -0.025
    endloop
  endfacet
  facet normal -0.625923 -0.779885 0
    outer loop
      vertex -0.00243626 -0.003175 3.6826
      vertex -0.00257244 -0.00306571 3.6826
      vertex -0.00243626 -0.003175 -0.025
    endloop
  endfacet
  facet normal -0.625923 -0.779885 0
    outer loop
      vertex -0.00243626 -0.003175 -0.025
      vertex -0.00257244 -0.00306571 3.6826
      vertex -0.00257244 -0.00306571 -0.025
    endloop
  endfacet
  facet normal -0.659346 -0.751839 0
    outer loop
      vertex -0.00257244 -0.00306571 3.6826
      vertex -0.00270371 -0.00295058 3.6826
      vertex -0.00257244 -0.00306571 -0.025
    endloop
  endfacet
  facet normal -0.659346 -0.751839 0
    outer loop
      vertex -0.00257244 -0.00306571 -0.025
      vertex -0.00270371 -0.00295058 3.6826
      vertex -0.00270371 -0.00295058 -0.025
    endloop
  endfacet
  facet normal -0.691513 -0.722364 0
    outer loop
      vertex -0.00270371 -0.00295058 3.6826
      vertex -0.00282984 -0.00282984 3.6826
      vertex -0.00270371 -0.00295058 -0.025
    endloop
  endfacet
  facet normal -0.691513 -0.722364 0
    outer loop
      vertex -0.00270371 -0.00295058 -0.025
      vertex -0.00282984 -0.00282984 3.6826
      vertex -0.00282984 -0.00282984 -0.025
    endloop
  endfacet
  facet normal -0.722364 -0.691513 0
    outer loop
      vertex -0.00282984 -0.00282984 3.6826
      vertex -0.00295058 -0.00270371 3.6826
      vertex -0.00282984 -0.00282984 -0.025
    endloop
  endfacet
  facet normal -0.722364 -0.691513 0
    outer loop
      vertex -0.00282984 -0.00282984 -0.025
      vertex -0.00295058 -0.00270371 3.6826
      vertex -0.00295058 -0.00270371 -0.025
    endloop
  endfacet
  facet normal -0.751839 -0.659346 0
    outer loop
      vertex -0.00295058 -0.00270371 3.6826
      vertex -0.00306571 -0.00257244 3.6826
      vertex -0.00295058 -0.00270371 -0.025
    endloop
  endfacet
  facet normal -0.751839 -0.659346 0
    outer loop
      vertex -0.00295058 -0.00270371 -0.025
      vertex -0.00306571 -0.00257244 3.6826
      vertex -0.00306571 -0.00257244 -0.025
    endloop
  endfacet
  facet normal -0.779885 -0.625923 0
    outer loop
      vertex -0.00306571 -0.00257244 3.6826
      vertex -0.003175 -0.00243626 3.6826
      vertex -0.00306571 -0.00257244 -0.025
    endloop
  endfacet
  facet normal -0.779885 -0.625923 0
    outer loop
      vertex -0.00306571 -0.00257244 -0.025
      vertex -0.003175 -0.00243626 3.6826
      vertex -0.003175 -0.00243626 -0.025
    endloop
  endfacet
  facet normal -0.806445 -0.59131 0
    outer loop
      vertex -0.003175 -0.00243626 3.6826
      vertex -0.00327825 -0.00229545 3.6826
      vertex -0.003175 -0.00243626 -0.025
    endloop
  endfacet
  facet normal -0.806445 -0.59131 0
    outer loop
      vertex -0.003175 -0.00243626 -0.025
      vertex -0.00327825 -0.00229545 3.6826
      vertex -0.00327825 -0.00229545 -0.025
    endloop
  endfacet
  facet normal -0.83147 -0.55557 0
    outer loop
      vertex -0.00327825 -0.00229545 3.6826
      vertex -0.00337525 -0.00215027 3.6826
      vertex -0.00327825 -0.00229545 -0.025
    endloop
  endfacet
  facet normal -0.83147 -0.55557 0
    outer loop
      vertex -0.00327825 -0.00229545 -0.025
      vertex -0.00337525 -0.00215027 3.6826
      vertex -0.00337525 -0.00215027 -0.025
    endloop
  endfacet
  facet normal -0.854912 -0.518774 0
    outer loop
      vertex -0.00337525 -0.00215027 3.6826
      vertex -0.00346583 -0.002001 3.6826
      vertex -0.00337525 -0.00215027 -0.025
    endloop
  endfacet
  facet normal -0.854912 -0.518774 0
    outer loop
      vertex -0.00337525 -0.00215027 -0.025
      vertex -0.00346583 -0.002001 3.6826
      vertex -0.00346583 -0.002001 -0.025
    endloop
  endfacet
  facet normal -0.876727 -0.480988 0
    outer loop
      vertex -0.00346583 -0.002001 3.6826
      vertex -0.00354982 -0.00184792 3.6826
      vertex -0.00346583 -0.002001 -0.025
    endloop
  endfacet
  facet normal -0.876727 -0.480988 0
    outer loop
      vertex -0.00346583 -0.002001 -0.025
      vertex -0.00354982 -0.00184792 3.6826
      vertex -0.00354982 -0.00184792 -0.025
    endloop
  endfacet
  facet normal -0.896873 -0.442289 0
    outer loop
      vertex -0.00354982 -0.00184792 3.6826
      vertex -0.00362704 -0.00169132 3.6826
      vertex -0.00354982 -0.00184792 -0.025
    endloop
  endfacet
  facet normal -0.896873 -0.442289 0
    outer loop
      vertex -0.00354982 -0.00184792 -0.025
      vertex -0.00362704 -0.00169132 3.6826
      vertex -0.00362704 -0.00169132 -0.025
    endloop
  endfacet
  facet normal -0.915311 -0.402748 0
    outer loop
      vertex -0.00362704 -0.00169132 3.6826
      vertex -0.00369737 -0.0015315 3.6826
      vertex -0.00362704 -0.00169132 -0.025
    endloop
  endfacet
  facet normal -0.915311 -0.402748 0
    outer loop
      vertex -0.00362704 -0.00169132 -0.025
      vertex -0.00369737 -0.0015315 3.6826
      vertex -0.00369737 -0.0015315 -0.025
    endloop
  endfacet
  facet normal -0.932008 -0.362437 0
    outer loop
      vertex -0.00369737 -0.0015315 3.6826
      vertex -0.00376065 -0.00136876 3.6826
      vertex -0.00369737 -0.0015315 -0.025
    endloop
  endfacet
  facet normal -0.932008 -0.362437 0
    outer loop
      vertex -0.00369737 -0.0015315 -0.025
      vertex -0.00376065 -0.00136876 3.6826
      vertex -0.00376065 -0.00136876 -0.025
    endloop
  endfacet
  facet normal -0.94693 -0.32144 0
    outer loop
      vertex -0.00376065 -0.00136876 3.6826
      vertex -0.00381678 -0.00120342 3.6826
      vertex -0.00376065 -0.00136876 -0.025
    endloop
  endfacet
  facet normal -0.94693 -0.32144 0
    outer loop
      vertex -0.00376065 -0.00136876 -0.025
      vertex -0.00381678 -0.00120342 3.6826
      vertex -0.00381678 -0.00120342 -0.025
    endloop
  endfacet
  facet normal -0.96005 -0.279829 0
    outer loop
      vertex -0.00381678 -0.00120342 3.6826
      vertex -0.00386564 -0.00103579 3.6826
      vertex -0.00381678 -0.00120342 -0.025
    endloop
  endfacet
  facet normal -0.96005 -0.279829 0
    outer loop
      vertex -0.00381678 -0.00120342 -0.025
      vertex -0.00386564 -0.00103579 3.6826
      vertex -0.00386564 -0.00103579 -0.025
    endloop
  endfacet
  facet normal -0.971342 -0.237685 0
    outer loop
      vertex -0.00386564 -0.00103579 3.6826
      vertex -0.00390714 -0.000866191 3.6826
      vertex -0.00386564 -0.00103579 -0.025
    endloop
  endfacet
  facet normal -0.971342 -0.237685 0
    outer loop
      vertex -0.00386564 -0.00103579 -0.025
      vertex -0.00390714 -0.000866191 3.6826
      vertex -0.00390714 -0.000866191 -0.025
    endloop
  endfacet
  facet normal -0.980785 -0.195091 0
    outer loop
      vertex -0.00390714 -0.000866191 3.6826
      vertex -0.0039412 -0.00069494 3.6826
      vertex -0.00390714 -0.000866191 -0.025
    endloop
  endfacet
  facet normal -0.980785 -0.195091 0
    outer loop
      vertex -0.00390714 -0.000866191 -0.025
      vertex -0.0039412 -0.00069494 3.6826
      vertex -0.0039412 -0.00069494 -0.025
    endloop
  endfacet
  facet normal -0.988361 -0.152124 0
    outer loop
      vertex -0.0039412 -0.00069494 3.6826
      vertex -0.00396776 -0.000522366 3.6826
      vertex -0.0039412 -0.00069494 -0.025
    endloop
  endfacet
  facet normal -0.988361 -0.152124 0
    outer loop
      vertex -0.0039412 -0.00069494 -0.025
      vertex -0.00396776 -0.000522366 3.6826
      vertex -0.00396776 -0.000522366 -0.025
    endloop
  endfacet
  facet normal -0.994056 -0.108866 0
    outer loop
      vertex -0.00396776 -0.000522366 3.6826
      vertex -0.00398677 -0.000348797 3.6826
      vertex -0.00396776 -0.000522366 -0.025
    endloop
  endfacet
  facet normal -0.994056 -0.108866 0
    outer loop
      vertex -0.00396776 -0.000522366 -0.025
      vertex -0.00398677 -0.000348797 3.6826
      vertex -0.00398677 -0.000348797 -0.025
    endloop
  endfacet
  facet normal -0.997859 -0.0654036 0
    outer loop
      vertex -0.00398677 -0.000348797 3.6826
      vertex -0.00399819 -0.000174565 3.6826
      vertex -0.00398677 -0.000348797 -0.025
    endloop
  endfacet
  facet normal -0.997859 -0.0654036 0
    outer loop
      vertex -0.00398677 -0.000348797 -0.025
      vertex -0.00399819 -0.000174565 3.6826
      vertex -0.00399819 -0.000174565 -0.025
    endloop
  endfacet
  facet normal -0.999762 -0.0218154 0
    outer loop
      vertex -0.00399819 -0.000174565 3.6826
      vertex -0.004002 2.45052e-19 3.6826
      vertex -0.00399819 -0.000174565 -0.025
    endloop
  endfacet
  facet normal -0.999762 -0.0218154 0
    outer loop
      vertex -0.00399819 -0.000174565 -0.025
      vertex -0.004002 2.45052e-19 3.6826
      vertex -0.004002 2.45052e-19 -0.025
    endloop
  endfacet
  facet normal -0.999762 0.0218154 0
    outer loop
      vertex -0.004002 2.45052e-19 3.6826
      vertex -0.00399819 0.000174565 3.6826
      vertex -0.004002 2.45052e-19 -0.025
    endloop
  endfacet
endsolid fuel_cladding_boundary
solid cladding_min_z
  facet normal 0 0 -1
    outer loop
      vertex -0.00270371 -0.00295058 -0.025
      vertex -0.0030888 -0.00337083 -0.025
      vertex -0.00282984 -0.00282984 -0.025
    endloop
  endfacet
  facet normal 0 0 -1
    outer loop
      vertex -0.0030888 -0.00337083 -0.025
      vertex -0.00323289 -0.00323289 -0.025
      vertex -0.00282984 -0.00282984 -0.025
    endloop
  endfacet
  facet normal 0 0 -1
    outer loop
      vertex -0.00282984 -0.00282984 -0.025
      vertex -0.00323289 -0.00323289 -0.025
      vertex -0.00295058 -0.00270371 -0.025
    endloop
  endfacet
  facet normal 0 0 -1
    outer loop
      vertex -0.00323289 -0.00323289 -0.025
      vertex -0.00337083 -0.0030888 -0.025
      vertex -0.00295058 -0.00270371 -0.025
    endloop
  endfacet
  facet normal 0 0 -1
    outer loop
      vertex -0.00295058 -0.00270371 -0.025
      vertex -0.00337083 -0.0030888 -0.025
      vertex -0.00306571 -0.00257244 -0.025
    endloop
  endfacet
  facet normal 0 0 -1
    outer loop
      vertex -0.00337083 -0.0030888 -0.025
      vertex -0.00350236 -0.00293882 -0.025
      vertex -0.00306571 -0.00257244 -0.025
    endloop
  endfacet
  facet normal 0 0 -1
    outer loop
      vertex -0.00306571 -0.00257244 -0.025
      vertex -0.00350236 -0.00293882 -0.025
      vertex -0.003175 -0.00243626 -0.025
    endloop
  endfacet
  facet normal 0 0 -1
    outer loop
      vertex -0.00350236 -0.00293882 -0.025
      vertex -0.00362721 -0.00278326 -0.025
      vertex -0.003175 -0.00243626 -0.025
    endloop
  endfacet
  facet normal 0 0 -1
    outer loop
      vertex -0.003175 -0.00243626 -0.025
      vertex -0.00362721 -0.00278326 -0.025
      vertex -0.00327825 -0.00229545 -0.025
    endloop
  endfacet
  facet normal 0 0 -1
    outer loop
      vertex -0.00362721 -0.00278326 -0.025
      vertex -0.00374516 -0.00262239 -0.025
      vertex -0.00327825 -0.00229545 -0.025
    endloop
  endfacet
  facet normal 0 0 -1
    outer loop
      vertex -0.00327825 -0.00229545 -0.025
      vertex -0.00374516 -0.00262239 -0.025
      vertex -0.00337525 -0.00215027 -0.025
    endloop
  endfacet
  facet normal 0 0 -1
    outer loop
      vertex -0.00374516 -0.00262239 -0.025
      vertex -0.00385599 -0.00245653 -0.025
      vertex -0.00337525 -0.00215027 -0.025
    endloop
  endfacet
  facet normal 0 0 -1
    outer loop
      vertex -0.00337525 -0.00215027 -0.025
      vertex -0.00385599 -0.00245653 -0.025
      vertex -0.00346583 -0.002001 -0.025
    endloop
  endfacet
  facet normal 0 0 -1
    outer loop
      vertex -0.00385599 -0.00245653 -0.025
      vertex -0.00395947 -0.002286 -0.025
      vertex -0.00346583 -0.002001 -0.025
    endloop
  endfacet
  facet normal 0 0 -1
    outer loop
      vertex -0.00346583 -0.002001 -0.025
      vertex -0.00395947 -0.002286 -0.025
      vertex -0.00354982 -0.00184792 -0.025
    endloop
  endfacet
  facet normal 0 0 -1
    outer loop
      vertex -0.00395947 -0.002286 -0.025
      vertex -0.00405541 -0.00211111 -0.025
      vertex -0.00354982 -0.00184792 -0.025
    endloop
  endfacet
  facet normal 0 0 -1
    outer loop
      vertex -0.00354982 -0.00184792 -0.025
      vertex -0.00405541 -0.00211111 -0.025
      vertex -0.00362704 -0.00169132 -0.025
    endloop
  endfacet
  facet normal 0 0 -1
    outer loop
      vertex -0.00405541 -0.00211111 -0.025
      vertex -0.00414364 -0.00193221 -0.025
      vertex -0.00362704 -0.00169132 -0.025
    endloop
  endfacet
  facet normal 0 0 -1
    outer loop
      vertex -0.00362704 -0.00169132 -0.025
      vertex -0.00414364 -0.00193221 -0.025
      vertex -0.00369737 -0.0015315 -0.025
    endloop
  endfacet
  facet normal 0 0 -1
    outer loop
      vertex -0.00414364 -0.00193221 -0.025
      vertex -0.00422398 -0.00174963 -0.025
      vertex -0.00369737 -0.0015315 -0.025
    endloop
  endfacet
  facet normal 0 0 -1
    outer loop
      vertex -0.00369737 -0.0015315 -0.025
      vertex -0.00422398 -0.00174963 -0.025
      vertex -0.00376065 -0.00136876 -0.025
    endloop
  endfacet
  facet normal 0 0 -1
    outer loop
      vertex -0.00422398 -0.00174963 -0.025
      vertex -0.00429627 -0.00156372 -0.025
      vertex -0.00376065 -0.00136876 -0.025
    endloop
  endfacet
  facet normal 0 0 -1
    outer loop
      vertex -0.00376065 -0.00136876 -0.025
      vertex -0.00429627 -0.00156372 -0.025
      vertex -0.00381678 -0.00120342 -0.025
    endloop
  endfacet
  facet normal 0 0 -1
    outer loop
      vertex -0.00429627 -0.00156372 -0.025
      vertex -0.00436039 -0.00137483 -0.025
      vertex -0.00381678 -0.00120342 -0.025
    endloop
  endfacet
  facet normal 0 0 -1
    outer loop
      vertex -0.00381678 -0.00120342 -0.025
      vertex -0.00436039 -0.00137483 -0.025
      vertex -0.00386564 -0.00103579 -0.025
    endloop
  endfacet
  facet normal 0 0 -1
    outer loop
      vertex -0.00436039 -0.00137483 -0.025
      vertex -0.00441621 -0.00118332 -0.025
      vertex -0.00386564 -0.00103579 -0.025
    endloop
  endfacet
  facet normal 0 0 -1
    outer loop
      vertex -0.00386564 -0.00103579 -0.025
      vertex -0.00441621 -0.00118332 -0.025
      vertex -0.00390714 -0.000866191 -0.025
    endloop
  endfacet
  facet normal 0 0 -1
    outer loop
      vertex -0.00441621 -0.00118332 -0.025
      vertex -0.00446363 -0.000989562 -0.025
      vertex -0.00390714 -0.000866191 -0.025
    endloop
  endfacet
  facet normal 0 0 -1
    outer loop
      vertex -0.00390714 -0.000866191 -0.025
      vertex -0.00446363 -0.000989562 -0.025
      vertex -0.0039412 -0.00069494 -0.025
    endloop
  endfacet
  facet normal 0 0 -1
    outer loop
      vertex -0.00446363 -0.000989562 -0.025
      vertex -0.00450254 -0.000793919 -0.025
      vertex -0.0039412 -0.00069494 -0.025
    endloop
  endfacet
  facet normal 0 0 -1
    outer loop
      vertex -0.0039412 -0.00069494 -0.025
      vertex -0.00450254 -0.000793919 -0.025
      vertex -0.00396776 -0.000522366 -0.025
    endloop
  endfacet
  facet normal 0 0 -1
    outer loop
      vertex -0.00450254 -0.000793919 -0.025
      vertex -0.00453289 -0.000596766 -0.025
      vertex -0.00396776 -0.000522366 -0.025
    endloop
  endfacet
  facet normal 0 0 -1
    outer loop
      vertex -0.00396776 -0.000522366 -0.025
      vertex -0.00453289 -0.000596766 -0.025
      vertex -0.00398677 -0.000348797 -0.025
    endloop
  endfacet
  facet normal 0 0 -1
    outer loop
      vertex -0.00453289 -0.000596766 -0.025
      vertex -0.0045546 -0.000398476 -0.025
      vertex -0.00398677 -0.000348797 -0.025
    endloop
  endfacet
  facet normal 0 0 -1
    outer loop
      vertex -0.00398677 -0.000348797 -0.025
      vertex -0.0045546 -0.000398476 -0.025
      vertex -0.00399819 -0.000174565 -0.025
    endloop
  endfacet
  facet normal 0 0 -1
    outer loop
      vertex -0.0045546 -0.000398476 -0.025
      vertex -0.00456765 -0.000199428 -0.025
      vertex -0.00399819 -0.000174565 -0.025
    endloop
  endfacet
  facet normal 0 0 -1
    outer loop
      vertex -0.00399819 -0.000174565 -0.025
      vertex -0.00456765 -0.000199428 -0.025
      vertex -0.004002 1.41137e-18 -0.025
    endloop
  endfacet
  facet normal 0 0 -1
    outer loop
      vertex -0.00456765 -0.000199428 -0.025
      vertex -0.004572 1.61239e-18 -0.025
      vertex -0.004002 1.41137e-18 -0.025
    endloop
  endfacet
  facet normal 0 0 -1
    outer loop
      vertex -0.004002 1.41137e-18 -0.025
      vertex -0.004572 1.61239e-18 -0.025
      vertex -0.00399819 0.000174565 -0.025
    endloop
  endfacet
  facet normal 0 0 -1
    outer loop
      vertex -0.004572 1.61239e-18 -0.025
      vertex -0.00456765 0.000199428 -0.025
      vertex -0.00399819 0.000174565 -0.025
    endloop
  endfacet
  facet normal 0 0 -1
    outer loop
      vertex -0.00399819 0.000174565 -0.025
      vertex -0.00456765 0.000199428 -0.025
      vertex -0.00398677 0.000348797 -0.025
    endloop
  endfacet
  facet normal 0 0 -1
    outer loop
      vertex -0.00456765 0.000199428 -0.025
      vertex -0.0045546 0.000398476 -0.025
      vertex -0.00398677 0.000348797 -0.025
    endloop
  endfacet
  facet normal 0 0 -1
    outer loop
      vertex -0.00398677 0.000348797 -0.025
      vertex -0.0045546 0.000398476 -0.025
      vertex -0.00396776 0.000522366 -0.025
    endloop
  endfacet
  facet normal 0 0 -1
    outer loop
      vertex -0.0045546 0.000398476 -0.025
      vertex -0.00453289 0.000596766 -0.025
      vertex -0.00396776 0.000522366 -0.025
    endloop
  endfacet
  facet normal 0 0 -1
    outer loop
      vertex -0.00396776 0.000522366 -0.025
      vertex -0.00453289 0.000596766 -0.025
      vertex -0.0039412 0.00069494 -0.025
    endloop
  endfacet
  facet normal 0 0 -1
    outer loop
      vertex -0.00453289 0.000596766 -0.025
      vertex -0.00450254 0.000793919 -0.025
      vertex -0.0039412 0.00069494 -0.025
    endloop
  endfacet
  facet normal 0 0 -1
    outer loop
      vertex -0.0039412 0.00069494 -0.025
      vertex -0.00450254 0.000793919 -0.025
      vertex -0.00390714 0.000866191 -0.025
    endloop
  endfacet
  facet normal 0 0 -1
    outer loop
      vertex -0.00450254 0.000793919 -0.025
      vertex -0.00446363 0.000989562 -0.025
      vertex -0.00390714 0.000866191 -0.025
    endloop
  endfacet
  facet normal 0 0 -1
    outer loop
      vertex -0.00390714 0.000866191 -0.025
      vertex -0.00446363 0.000989562 -0.025
      vertex -0.00386564 0.00103579 -0.025
    endloop
  endfacet
  facet normal 0 0 -1
    outer loop
      vertex -0.00446363 0.000989562 -0.025
      vertex -0.00441621 0.00118332 -0.025
      vertex -0.00386564 0.00103579 -0.025
    endloop
  endfacet
  facet normal 0 0 -1
    outer loop
      vertex -0.00386564 0.00103579 -0.025
      vertex -0.00441621 0.00118332 -0.025
      vertex -0.00381678 0.00120342 -0.025
    endloop
  endfacet
  facet normal 0 0 -1
    outer loop
      vertex -0.00441621 0.00118332 -0.025
      vertex -0.00436039 0.00137483 -0.025
      vertex -0.00381678 0.00120342 -0.025
    endloop
  endfacet
  facet normal 0 0 -1
    outer loop
      vertex -0.00381678 0.00120342 -0.025
      vertex -0.00436039 0.00137483 -0.025
      vertex -0.00376065 0.00136876 -0.025
    endloop
  endfacet
  facet normal 0 0 -1
    outer loop
      vertex -0.00436039 0.00137483 -0.025
      vertex -0.00429627 0.00156372 -0.025
      vertex -0.00376065 0.00136876 -0.025
    endloop
  endfacet
  facet normal 0 0 -1
    outer loop
      vertex -0.00376065 0.00136876 -0.025
      vertex -0.00429627 0.00156372 -0.025
      vertex -0.00369737 0.0015315 -0.025
    endloop
  endfacet
  facet normal 0 0 -1
    outer loop
      vertex -0.00429627 0.00156372 -0.025
      vertex -0.00422398 0.00174963 -0.025
      vertex -0.00369737 0.0015315 -0.025
    endloop
  endfacet
  facet normal 0 0 -1
    outer loop
      vertex -0.00369737 0.0015315 -0.025
      vertex -0.00422398 0.00174963 -0.025
      vertex -0.00362704 0.00169132 -0.025
    endloop
  endfacet
  facet normal 0 0 -1
    outer loop
      vertex -0.00422398 0.00174963 -0.025
      vertex -0.00414364 0.00193221 -0.025
      vertex -0.00362704 0.00169132 -0.025
    endloop
  endfacet
  facet normal 0 0 -1
    outer loop
      vertex -0.00362704 0.00169132 -0.025
      vertex -0.00414364 0.00193221 -0.025
      vertex -0.00354982 0.00184792 -0.025
    endloop
  endfacet
  facet normal 0 0 -1
    outer loop
      vertex -0.00414364 0.00193221 -0.025
      vertex -0.00405541 0.00211111 -0.025
      vertex -0.00354982 0.00184792 -0.025
    endloop
  endfacet
  facet normal 0 0 -1
    outer loop
      vertex -0.00354982 0.00184792 -0.025
      vertex -0.00405541 0.00211111 -0.025
      vertex -0.00346583 0.002001 -0.025
    endloop
  endfacet
  facet normal 0 0 -1
    outer loop
      vertex -0.00405541 0.00211111 -0.025
      vertex -0.00395947 0.002286 -0.025
      vertex -0.00346583 0.002001 -0.025
    endloop
  endfacet
  facet normal 0 0 -1
    outer loop
      vertex -0.00346583 0.002001 -0.025
      vertex -0.00395947 0.002286 -0.025
      vertex -0.00337525 0.00215027 -0.025
    endloop
  endfacet
  facet normal 0 0 -1
    outer loop
      vertex -0.00395947 0.002286 -0.025
      vertex -0.00385599 0.00245653 -0.025
      vertex -0.00337525 0.00215027 -0.025
    endloop
  endfacet
  facet normal 0 0 -1
    outer loop
      vertex -0.00337525 0.00215027 -0.025
      vertex -0.00385599 0.00245653 -0.025
      vertex -0.00327825 0.00229545 -0.025
    endloop
  endfacet
  facet normal 0 0 -1
    outer loop
      vertex -0.00385599 0.00245653 -0.025
      vertex -0.00374516 0.00262239 -0.025
      vertex -0.00327825 0.00229545 -0.025
    endloop
  endfacet
  facet normal 0 0 -1
    outer loop
      vertex -0.00327825 0.00229545 -0.025
      vertex -0.00374516 0.00262239 -0.025
      vertex -0.003175 0.00243626 -0.025
    endloop
  endfacet
  facet normal 0 0 -1
    outer loop
      vertex -0.00374516 0.00262239 -0.025
      vertex -0.00362721 0.00278326 -0.025
      vertex -0.003175 0.00243626 -0.025
    endloop
  endfacet
  facet normal 0 0 -1
    outer loop
      vertex -0.003175 0.00243626 -0.025
      vertex -0.00362721 0.00278326 -0.025
      vertex -0.00306571 0.00257244 -0.025
    endloop
  endfacet
  facet normal 0 0 -1
    outer loop
      vertex -0.00362721 0.00278326 -0.025
      vertex -0.00350236 0.00293882 -0.025
      vertex -0.00306571 0.00257244 -0.025
    endloop
  endfacet
  facet normal 0 0 -1
    outer loop
      vertex -0.00306571 0.00257244 -0.025
      vertex -0.00350236 0.00293882 -0.025
      vertex -0.00295058 0.00270371 -0.025
    endloop
  endfacet
  facet normal 0 0 -1
    outer loop
      vertex -0.00350236 0.00293882 -0.025
      vertex -0.00337083 0.0030888 -0.025
      vertex -0.00295058 0.00270371 -0.025
    endloop
  endfacet
  facet normal 0 0 -1
    outer loop
      vertex -0.00295058 0.00270371 -0.025
      vertex -0.00337083 0.0030888 -0.025
      vertex -0.00282984 0.00282984 -0.025
    endloop
  endfacet
  facet normal 0 0 -1
    outer loop
      vertex -0.00337083 0.0030888 -0.025
      vertex -0.00323289 0.00323289 -0.025
      vertex -0.00282984 0.00282984 -0.025
    endloop
  endfacet
  facet normal 0 0 -1
    outer loop
      vertex -0.00282984 0.00282984 -0.025
      vertex -0.00323289 0.00323289 -0.025
      vertex -0.00270371 0.00295058 -0.025
    endloop
  endfacet
  facet normal 0 0 -1
    outer loop
      vertex -0.00323289 0.00323289 -0.025
      vertex -0.0030888 0.00337083 -0.025
      vertex -0.00270371 0.00295058 -0.025
    endloop
  endfacet
  facet normal 0 0 -1
    outer loop
      vertex -0.00270371 0.00295058 -0.025
      vertex -0.0030888 0.00337083 -0.025
      vertex -0.00257244 0.00306571 -0.025
    endloop
  endfacet
  facet normal 0 0 -1
    outer loop
      vertex -0.0030888 0.00337083 -0.025
      vertex -0.00293882 0.00350236 -0.025
      vertex -0.00257244 0.00306571 -0.025
    endloop
  endfacet
  facet normal 0 0 -1
    outer loop
      vertex -0.00257244 0.00306571 -0.025
      vertex -0.00293882 0.00350236 -0.025
      vertex -0.00243626 0.003175 -0.025
    endloop
  endfacet
  facet normal 0 0 -1
    outer loop
      vertex -0.00293882 0.00350236 -0.025
      vertex -0.00278326 0.00362721 -0.025
      vertex -0.00243626 0.003175 -0.025
    endloop
  endfacet
  facet normal 0 0 -1
    outer loop
      vertex -0.00243626 0.003175 -0.025
      vertex -0.00278326 0.00362721 -0.025
      vertex -0.00229545 0.00327825 -0.025
    endloop
  endfacet
  facet normal 0 0 -1
    outer loop
      vertex -0.00278326 0.00362721 -0.025
      vertex -0.00262239 0.00374516 -0.025
      vertex -0.00229545 0.00327825 -0.025
    endloop
  endfacet
  facet normal 0 0 -1
    outer loop
      vertex -0.00229545 0.00327825 -0.025
      vertex -0.00262239 0.00374516 -0.025
      vertex -0.00215027 0.00337525 -0.025
    endloop
  endfacet
  facet normal 0 0 -1
    outer loop
      vertex -0.00262239 0.00374516 -0.025
      vertex -0.00245653 0.00385599 -0.025
      vertex -0.00215027 0.00337525 -0.025
    endloop
  endfacet
  facet normal 0 0 -1
    outer loop
      vertex -0.00215027 0.00337525 -0.025
      vertex -0.00245653 0.00385599 -0.025
      vertex -0.002001 0.00346583 -0.025
    endloop
  endfacet
  facet normal 0 0 -1
    outer loop
      vertex -0.00245653 0.00385599 -0.025
      vertex -0.002286 0.00395947 -0.025
      vertex -0.002001 0.00346583 -0.025
    endloop
  endfacet
  facet normal 0 0 -1
    outer loop
      vertex -0.002001 0.00346583 -0.025
      vertex -0.002286 0.00395947 -0.025
      vertex -0.00184792 0.00354982 -0.025
    endloop
  endfacet
  facet normal 0 0 -1
    outer loop
      vertex -0.002286 0.00395947 -0.025
      vertex -0.00211111 0.00405541 -0.025
      vertex -0.00184792 0.00354982 -0.025
    endloop
  endfacet
  facet normal 0 0 -1
    outer loop
      vertex -0.00184792 0.00354982 -0.025
      vertex -0.00211111 0.00405541 -0.025
      vertex -0.00169132 0.00362704 -0.025
    endloop
  endfacet
  facet normal 0 0 -1
    outer loop
      vertex -0.00211111 0.00405541 -0.025
      vertex -0.00193221 0.00414364 -0.025
      vertex -0.00169132 0.00362704 -0.025
    endloop
  endfacet
  facet normal 0 0 -1
    outer loop
      vertex -0.00169132 0.00362704 -0.025
      vertex -0.00193221 0.00414364 -0.025
      vertex -0.0015315 0.00369737 -0.025
    endloop
  endfacet
  facet normal 0 0 -1
    outer loop
      vertex -0.00193221 0.00414364 -0.025
      vertex -0.00174963 0.00422398 -0.025
      vertex -0.0015315 0.00369737 -0.025
    endloop
  endfacet
  facet normal 0 0 -1
    outer loop
      vertex -0.0015315 0.00369737 -0.025
      vertex -0.00174963 0.00422398 -0.025
      vertex -0.00136876 0.00376065 -0.025
    endloop
  endfacet
  facet normal 0 0 -1
    outer loop
      vertex -0.00174963 0.00422398 -0.025
      vertex -0.00156372 0.00429627 -0.025
      vertex -0.00136876 0.00376065 -0.025
    endloop
  endfacet
  facet normal 0 0 -1
    outer loop
      vertex -0.00136876 0.00376065 -0.025
      vertex -0.00156372 0.00429627 -0.025
      vertex -0.00120342 0.00381678 -0.025
    endloop
  endfacet
  facet normal 0 0 -1
    outer loop
      vertex -0.00156372 0.00429627 -0.025
      vertex -0.00137483 0.00436039 -0.025
      vertex -0.00120342 0.00381678 -0.025
    endloop
  endfacet
  facet normal 0 0 -1
    outer loop
      vertex -0.00120342 0.00381678 -0.025
      vertex -0.00137483 0.00436039 -0.025
      vertex -0.00103579 0.00386564 -0.025
    endloop
  endfacet
  facet normal 0 0 -1
    outer loop
      vertex -0.00137483 0.00436039 -0.025
      vertex -0.00118332 0.00441621 -0.025
      vertex -0.00103579 0.00386564 -0.025
    endloop
  endfacet
  facet normal 0 0 -1
    outer loop
      vertex -0.00103579 0.00386564 -0.025
      vertex -0.00118332 0.00441621 -0.025
      vertex -0.000866191 0.00390714 -0.025
    endloop
  endfacet
  facet normal 0 0 -1
    outer loop
      vertex -0.00118332 0.00441621 -0.025
      vertex -0.000989562 0.00446363 -0.025
      vertex -0.000866191 0.00390714 -0.025
    endloop
  endfacet
  facet normal 0 0 -1
    outer loop
      vertex -0.000866191 0.00390714 -0.025
      vertex -0.000989562 0.00446363 -0.025
      vertex -0.00069494 0.0039412 -0.025
    endloop
  endfacet
  facet normal 0 0 -1
    outer loop
      vertex -0.000989562 0.00446363 -0.025
      vertex -0.000793919 0.00450254 -0.025
      vertex -0.00069494 0.0039412 -0.025
    endloop
  endfacet
  facet normal 0 0 -1
    outer loop
      vertex -0.00069494 0.0039412 -0.025
      vertex -0.000793919 0.00450254 -0.025
      vertex -0.000522366 0.00396776 -0.025
    endloop
  endfacet
  facet normal 0 0 -1
    outer loop
      vertex -0.000793919 0.00450254 -0.025
      vertex -0.000596766 0.00453289 -0.025
      vertex -0.000522366 0.00396776 -0.025
    endloop
  endfacet
  facet normal 0 0 -1
    outer loop
      vertex -0.000522366 0.00396776 -0.025
      vertex -0.000596766 0.00453289 -0.025
      vertex -0.000348797 0.00398677 -0.025
    endloop
  endfacet
  facet normal 0 0 -1
    outer loop
      vertex -0.000596766 0.00453289 -0.025
      vertex -0.000398476 0.0045546 -0.025
      vertex -0.000348797 0.00398677 -0.025
    endloop
  endfacet
  facet normal 0 0 -1
    outer loop
      vertex -0.000348797 0.00398677 -0.025
      vertex -0.000398476 0.0045546 -0.025
      vertex -0.000174565 0.00399819 -0.025
    endloop
  endfacet
  facet normal 0 0 -1
    outer loop
      vertex -0.000398476 0.0045546 -0.025
      vertex -0.000199428 0.00456765 -0.025
      vertex -0.000174565 0.00399819 -0.025
    endloop
  endfacet
  facet normal 0 0 -1
    outer loop
      vertex -0.000174565 0.00399819 -0.025
      vertex -0.000199428 0.00456765 -0.025
      vertex 1.11078e-19 0.004002 -0.025
    endloop
  endfacet
  facet normal 0 0 -1
    outer loop
      vertex -0.000199428 0.00456765 -0.025
      vertex 1.26898e-19 0.004572 -0.025
      vertex 1.11078e-19 0.004002 -0.025
    endloop
  endfacet
  facet normal 0 0 -1
    outer loop
      vertex 1.11078e-19 0.004002 -0.025
      vertex 1.26898e-19 0.004572 -0.025
      vertex 0.000174565 0.00399819 -0.025
    endloop
  endfacet
  facet normal 0 0 -1
    outer loop
      vertex 1.26898e-19 0.004572 -0.025
      vertex 0.000199428 0.00456765 -0.025
      vertex 0.000174565 0.00399819 -0.025
    endloop
  endfacet
  facet normal 0 0 -1
    outer loop
      vertex 0.000174565 0.00399819 -0.025
      vertex 0.000199428 0.00456765 -0.025
      vertex 0.000348797 0.00398677 -0.025
    endloop
  endfacet
  facet normal 0 0 -1
    outer loop
      vertex 0.000199428 0.00456765 -0.025
      vertex 0.000398476 0.0045546 -0.025
      vertex 0.000348797 0.00398677 -0.025
    endloop
  endfacet
  facet normal 0 0 -1
    outer loop
      vertex 0.000348797 0.00398677 -0.025
      vertex 0.000398476 0.0045546 -0.025
      vertex 0.000522366 0.00396776 -0.025
    endloop
  endfacet
  facet normal 0 0 -1
    outer loop
      vertex 0.000398476 0.0045546 -0.025
      vertex 0.000596766 0.00453289 -0.025
      vertex 0.000522366 0.00396776 -0.025
    endloop
  endfacet
  facet normal 0 0 -1
    outer loop
      vertex 0.000522366 0.00396776 -0.025
      vertex 0.000596766 0.00453289 -0.025
      vertex 0.00069494 0.0039412 -0.025
    endloop
  endfacet
  facet normal 0 0 -1
    outer loop
      vertex 0.000596766 0.00453289 -0.025
      vertex 0.000793919 0.00450254 -0.025
      vertex 0.00069494 0.0039412 -0.025
    endloop
  endfacet
  facet normal 0 0 -1
    outer loop
      vertex 0.00069494 0.0039412 -0.025
      vertex 0.000793919 0.00450254 -0.025
      vertex 0.000866191 0.00390714 -0.025
    endloop
  endfacet
  facet normal 0 0 -1
    outer loop
      vertex 0.000793919 0.00450254 -0.025
      vertex 0.000989562 0.00446363 -0.025
      vertex 0.000866191 0.00390714 -0.025
    endloop
  endfacet
  facet normal 0 0 -1
    outer loop
      vertex 0.000866191 0.00390714 -0.025
      vertex 0.000989562 0.00446363 -0.025
      vertex 0.00103579 0.00386564 -0.025
    endloop
  endfacet
  facet normal 0 0 -1
    outer loop
      vertex 0.000989562 0.00446363 -0.025
      vertex 0.00118332 0.00441621 -0.025
      vertex 0.00103579 0.00386564 -0.025
    endloop
  endfacet
  facet normal 0 0 -1
    outer loop
      vertex 0.00103579 0.00386564 -0.025
      vertex 0.00118332 0.00441621 -0.025
      vertex 0.00120342 0.00381678 -0.025
    endloop
  endfacet
  facet normal 0 0 -1
    outer loop
      vertex 0.00118332 0.00441621 -0.025
      vertex 0.00137483 0.00436039 -0.025
      vertex 0.00120342 0.00381678 -0.025
    endloop
  endfacet
  facet normal 0 0 -1
    outer loop
      vertex 0.00120342 0.00381678 -0.025
      vertex 0.00137483 0.00436039 -0.025
      vertex 0.00136876 0.00376065 -0.025
    endloop
  endfacet
  facet normal 0 0 -1
    outer loop
      vertex 0.00137483 0.00436039 -0.025
      vertex 0.00156372 0.00429627 -0.025
      vertex 0.00136876 0.00376065 -0.025
    endloop
  endfacet
  facet normal 0 0 -1
    outer loop
      vertex 0.00136876 0.00376065 -0.025
      vertex 0.00156372 0.00429627 -0.025
      vertex 0.0015315 0.00369737 -0.025
    endloop
  endfacet
  facet normal 0 0 -1
    outer loop
      vertex 0.00156372 0.00429627 -0.025
      vertex 0.00174963 0.00422398 -0.025
      vertex 0.0015315 0.00369737 -0.025
    endloop
  endfacet
  facet normal 0 0 -1
    outer loop
      vertex 0.0015315 0.00369737 -0.025
      vertex 0.00174963 0.00422398 -0.025
      vertex 0.00169132 0.00362704 -0.025
    endloop
  endfacet
  facet normal 0 0 -1
    outer loop
      vertex 0.00174963 0.00422398 -0.025
      vertex 0.00193221 0.00414364 -0.025
      vertex 0.00169132 0.00362704 -0.025
    endloop
  endfacet
  facet normal 0 0 -1
    outer loop
      vertex 0.00169132 0.00362704 -0.025
      vertex 0.00193221 0.00414364 -0.025
      vertex 0.00184792 0.00354982 -0.025
    endloop
  endfacet
  facet normal 0 0 -1
    outer loop
      vertex 0.00193221 0.00414364 -0.025
      vertex 0.00211111 0.00405541 -0.025
      vertex 0.00184792 0.00354982 -0.025
    endloop
  endfacet
  facet normal 0 0 -1
    outer loop
      vertex 0.00184792 0.00354982 -0.025
      vertex 0.00211111 0.00405541 -0.025
      vertex 0.002001 0.00346583 -0.025
    endloop
  endfacet
  facet normal 0 0 -1
    outer loop
      vertex 0.00211111 0.00405541 -0.025
      vertex 0.002286 0.00395947 -0.025
      vertex 0.002001 0.00346583 -0.025
    endloop
  endfacet
  facet normal 0 0 -1
    outer loop
      vertex 0.002001 0.00346583 -0.025
      vertex 0.002286 0.00395947 -0.025
      vertex 0.00215027 0.00337525 -0.025
    endloop
  endfacet
  facet normal 0 0 -1
    outer loop
      vertex 0.002286 0.00395947 -0.025
      vertex 0.00245653 0.00385599 -0.025
      vertex 0.00215027 0.00337525 -0.025
    endloop
  endfacet
  facet normal 0 0 -1
    outer loop
      vertex 0.00215027 0.00337525 -0.025
      vertex 0.00245653 0.00385599 -0.025
      vertex 0.00229545 0.00327825 -0.025
    endloop
  endfacet
  facet normal 0 0 -1
    outer loop
      vertex 0.00245653 0.00385599 -0.025
      vertex 0.00262239 0.00374516 -0.025
      vertex 0.00229545 0.00327825 -0.025
    endloop
  endfacet
  facet normal 0 0 -1
    outer loop
      vertex 0.00229545 0.00327825 -0.025
      vertex 0.00262239 0.00374516 -0.025
      vertex 0.00243626 0.003175 -0.025
    endloop
  endfacet
  facet normal 0 0 -1
    outer loop
      vertex 0.00262239 0.00374516 -0.025
      vertex 0.00278326 0.00362721 -0.025
      vertex 0.00243626 0.003175 -0.025
    endloop
  endfacet
  facet normal 0 0 -1
    outer loop
      vertex 0.00243626 0.003175 -0.025
      vertex 0.00278326 0.00362721 -0.025
      vertex 0.00257244 0.00306571 -0.025
    endloop
  endfacet
  facet normal 0 0 -1
    outer loop
      vertex 0.00278326 0.00362721 -0.025
      vertex 0.00293882 0.00350236 -0.025
      vertex 0.00257244 0.00306571 -0.025
    endloop
  endfacet
  facet normal 0 0 -1
    outer loop
      vertex 0.00257244 0.00306571 -0.025
      vertex 0.00293882 0.00350236 -0.025
      vertex 0.00270371 0.00295058 -0.025
    endloop
  endfacet
  facet normal 0 0 -1
    outer loop
      vertex 0.00293882 0.00350236 -0.025
      vertex 0.0030888 0.00337083 -0.025
      vertex 0.00270371 0.00295058 -0.025
    endloop
  endfacet
  facet normal 0 0 -1
    outer loop
      vertex 0.00270371 0.00295058 -0.025
      vertex 0.0030888 0.00337083 -0.025
      vertex 0.00282984 0.00282984 -0.025
    endloop
  endfacet
  facet normal 0 0 -1
    outer loop
      vertex 0.0030888 0.00337083 -0.025
      vertex 0.00323289 0.00323289 -0.025
      vertex 0.00282984 0.00282984 -0.025
    endloop
  endfacet
  facet normal 0 0 -1
    outer loop
      vertex 0.00282984 0.00282984 -0.025
      vertex 0.00323289 0.00323289 -0.025
      vertex 0.00295058 0.00270371 -0.025
    endloop
  endfacet
  facet normal 0 0 -1
    outer loop
      vertex 0.00323289 0.00323289 -0.025
      vertex 0.00337083 0.0030888 -0.025
      vertex 0.00295058 0.00270371 -0.025
    endloop
  endfacet
  facet normal 0 0 -1
    outer loop
      vertex 0.00295058 0.00270371 -0.025
      vertex 0.00337083 0.0030888 -0.025
      vertex 0.00306571 0.00257244 -0.025
    endloop
  endfacet
  facet normal 0 0 -1
    outer loop
      vertex 0.00337083 0.0030888 -0.025
      vertex 0.00350236 0.00293882 -0.025
      vertex 0.00306571 0.00257244 -0.025
    endloop
  endfacet
  facet normal 0 0 -1
    outer loop
      vertex 0.00306571 0.00257244 -0.025
      vertex 0.00350236 0.00293882 -0.025
      vertex 0.003175 0.00243626 -0.025
    endloop
  endfacet
  facet normal 0 0 -1
    outer loop
      vertex 0.00350236 0.00293882 -0.025
      vertex 0.00362721 0.00278326 -0.025
      vertex 0.003175 0.00243626 -0.025
    endloop
  endfacet
  facet normal 0 0 -1
    outer loop
      vertex 0.003175 0.00243626 -0.025
      vertex 0.00362721 0.00278326 -0.025
      vertex 0.00327825 0.00229545 -0.025
    endloop
  endfacet
  facet normal 0 0 -1
    outer loop
      vertex 0.00362721 0.00278326 -0.025
      vertex 0.00374516 0.00262239 -0.025
      vertex 0.00327825 0.00229545 -0.025
    endloop
  endfacet
  facet normal 0 0 -1
    outer loop
      vertex 0.00327825 0.00229545 -0.025
      vertex 0.00374516 0.00262239 -0.025
      vertex 0.00337525 0.00215027 -0.025
    endloop
  endfacet
  facet normal 0 0 -1
    outer loop
      vertex 0.00374516 0.00262239 -0.025
      vertex 0.00385599 0.00245653 -0.025
      vertex 0.00337525 0.00215027 -0.025
    endloop
  endfacet
  facet normal 0 0 -1
    outer loop
      vertex 0.00337525 0.00215027 -0.025
      vertex 0.00385599 0.00245653 -0.025
      vertex 0.00346583 0.002001 -0.025
    endloop
  endfacet
  facet normal 0 0 -1
    outer loop
      vertex 0.00385599 0.00245653 -0.025
      vertex 0.00395947 0.002286 -0.025
      vertex 0.00346583 0.002001 -0.025
    endloop
  endfacet
  facet normal 0 0 -1
    outer loop
      vertex 0.00346583 0.002001 -0.025
      vertex 0.00395947 0.002286 -0.025
      vertex 0.00354982 0.00184792 -0.025
    endloop
  endfacet
  facet normal 0 0 -1
    outer loop
      vertex 0.00395947 0.002286 -0.025
      vertex 0.00405541 0.00211111 -0.025
      vertex 0.00354982 0.00184792 -0.025
    endloop
  endfacet
  facet normal 0 0 -1
    outer loop
      vertex 0.00354982 0.00184792 -0.025
      vertex 0.00405541 0.00211111 -0.025
      vertex 0.00362704 0.00169132 -0.025
    endloop
  endfacet
  facet normal 0 0 -1
    outer loop
      vertex 0.00405541 0.00211111 -0.025
      vertex 0.00414364 0.00193221 -0.025
      vertex 0.00362704 0.00169132 -0.025
    endloop
  endfacet
  facet normal 0 0 -1
    outer loop
      vertex 0.00362704 0.00169132 -0.025
      vertex 0.00414364 0.00193221 -0.025
      vertex 0.00369737 0.0015315 -0.025
    endloop
  endfacet
  facet normal 0 0 -1
    outer loop
      vertex 0.00414364 0.00193221 -0.025
      vertex 0.00422398 0.00174963 -0.025
      vertex 0.00369737 0.0015315 -0.025
    endloop
  endfacet
  facet normal 0 0 -1
    outer loop
      vertex 0.00369737 0.0015315 -0.025
      vertex 0.00422398 0.00174963 -0.025
      vertex 0.00376065 0.00136876 -0.025
    endloop
  endfacet
  facet normal 0 0 -1
    outer loop
      vertex 0.00422398 0.00174963 -0.025
      vertex 0.00429627 0.00156372 -0.025
      vertex 0.00376065 0.00136876 -0.025
    endloop
  endfacet
  facet normal 0 0 -1
    outer loop
      vertex 0.00376065 0.00136876 -0.025
      vertex 0.00429627 0.00156372 -0.025
      vertex 0.00381678 0.00120342 -0.025
    endloop
  endfacet
  facet normal 0 0 -1
    outer loop
      vertex 0.00429627 0.00156372 -0.025
      vertex 0.00436039 0.00137483 -0.025
      vertex 0.00381678 0.00120342 -0.025
    endloop
  endfacet
  facet normal 0 0 -1
    outer loop
      vertex 0.00381678 0.00120342 -0.025
      vertex 0.00436039 0.00137483 -0.025
      vertex 0.00386564 0.00103579 -0.025
    endloop
  endfacet
  facet normal 0 0 -1
    outer loop
      vertex 0.00436039 0.00137483 -0.025
      vertex 0.00441621 0.00118332 -0.025
      vertex 0.00386564 0.00103579 -0.025
    endloop
  endfacet
  facet normal 0 0 -1
    outer loop
      vertex 0.00386564 0.00103579 -0.025
      vertex 0.00441621 0.00118332 -0.025
      vertex 0.00390714 0.000866191 -0.025
    endloop
  endfacet
  facet normal 0 0 -1
    outer loop
      vertex 0.00441621 0.00118332 -0.025
      vertex 0.00446363 0.000989562 -0.025
      vertex 0.00390714 0.000866191 -0.025
    endloop
  endfacet
  facet normal 0 0 -1
    outer loop
      vertex 0.00390714 0.000866191 -0.025
      vertex 0.00446363 0.000989562 -0.025
      vertex 0.0039412 0.00069494 -0.025
    endloop
  endfacet
  facet normal 0 0 -1
    outer loop
      vertex 0.00446363 0.000989562 -0.025
      vertex 0.00450254 0.000793919 -0.025
      vertex 0.0039412 0.00069494 -0.025
    endloop
  endfacet
  facet normal 0 0 -1
    outer loop
      vertex 0.0039412 0.00069494 -0.025
      vertex 0.00450254 0.000793919 -0.025
      vertex 0.00396776 0.000522366 -0.025
    endloop
  endfacet
  facet normal 0 0 -1
    outer loop
      vertex 0.00450254 0.000793919 -0.025
      vertex 0.00453289 0.000596766 -0.025
      vertex 0.00396776 0.000522366 -0.025
    endloop
  endfacet
  facet normal 0 0 -1
    outer loop
      vertex 0.00396776 0.000522366 -0.025
      vertex 0.00453289 0.000596766 -0.025
      vertex 0.00398677 0.000348797 -0.025
    endloop
  endfacet
  facet normal 0 0 -1
    outer loop
      vertex 0.00453289 0.000596766 -0.025
      vertex 0.0045546 0.000398476 -0.025
      vertex 0.00398677 0.000348797 -0.025
    endloop
  endfacet
  facet normal 0 0 -1
    outer loop
      vertex 0.00398677 0.000348797 -0.025
      vertex 0.0045546 0.000398476 -0.025
      vertex 0.00399819 0.000174565 -0.025
    endloop
  endfacet
  facet normal 0 0 -1
    outer loop
      vertex 0.0045546 0.000398476 -0.025
      vertex 0.00456765 0.000199428 -0.025
      vertex 0.00399819 0.000174565 -0.025
    endloop
  endfacet
  facet normal 0 0 -1
    outer loop
      vertex 0.00399819 0.000174565 -0.025
      vertex 0.00456765 0.000199428 -0.025
      vertex 0.004002 2.45052e-19 -0.025
    endloop
  endfacet
  facet normal 0 0 -1
    outer loop
      vertex 0.00456765 0.000199428 -0.025
      vertex 0.004572 2.79954e-19 -0.025
      vertex 0.004002 2.45052e-19 -0.025
    endloop
  endfacet
  facet normal 0 0 -1
    outer loop
      vertex 0.004002 2.45052e-19 -0.025
      vertex 0.004572 2.79954e-19 -0.025
      vertex 0.00399819 -0.000174565 -0.025
    endloop
  endfacet
  facet normal 0 0 -1
    outer loop
      vertex 0.004572 2.79954e-19 -0.025
      vertex 0.00456765 -0.000199428 -0.025
      vertex 0.00399819 -0.000174565 -0.025
    endloop
  endfacet
  facet normal 0 0 -1
    outer loop
      vertex 0.00399819 -0.000174565 -0.025
      vertex 0.00456765 -0.000199428 -0.025
      vertex 0.00398677 -0.000348797 -0.025
    endloop
  endfacet
  facet normal 0 0 -1
    outer loop
      vertex 0.00456765 -0.000199428 -0.025
      vertex 0.0045546 -0.000398476 -0.025
      vertex 0.00398677 -0.000348797 -0.025
    endloop
  endfacet
  facet normal 0 0 -1
    outer loop
      vertex 0.00398677 -0.000348797 -0.025
      vertex 0.0045546 -0.000398476 -0.025
      vertex 0.00396776 -0.000522366 -0.025
    endloop
  endfacet
  facet normal 0 0 -1
    outer loop
      vertex 0.0045546 -0.000398476 -0.025
      vertex 0.00453289 -0.000596766 -0.025
      vertex 0.00396776 -0.000522366 -0.025
    endloop
  endfacet
  facet normal 0 0 -1
    outer loop
      vertex 0.00396776 -0.000522366 -0.025
      vertex 0.00453289 -0.000596766 -0.025
      vertex 0.0039412 -0.00069494 -0.025
    endloop
  endfacet
  facet normal 0 0 -1
    outer loop
      vertex 0.00453289 -0.000596766 -0.025
      vertex 0.00450254 -0.000793919 -0.025
      vertex 0.0039412 -0.00069494 -0.025
    endloop
  endfacet
  facet normal 0 0 -1
    outer loop
      vertex 0.0039412 -0.00069494 -0.025
      vertex 0.00450254 -0.000793919 -0.025
      vertex 0.00390714 -0.000866191 -0.025
    endloop
  endfacet
  facet normal 0 0 -1
    outer loop
      vertex 0.00450254 -0.000793919 -0.025
      vertex 0.00446363 -0.000989562 -0.025
      vertex 0.00390714 -0.000866191 -0.025
    endloop
  endfacet
  facet normal 0 0 -1
    outer loop
      vertex 0.00390714 -0.000866191 -0.025
      vertex 0.00446363 -0.000989562 -0.025
      vertex 0.00386564 -0.00103579 -0.025
    endloop
  endfacet
  facet normal 0 0 -1
    outer loop
      vertex 0.00446363 -0.000989562 -0.025
      vertex 0.00441621 -0.00118332 -0.025
      vertex 0.00386564 -0.00103579 -0.025
    endloop
  endfacet
  facet normal 0 0 -1
    outer loop
      vertex 0.00386564 -0.00103579 -0.025
      vertex 0.00441621 -0.00118332 -0.025
      vertex 0.00381678 -0.00120342 -0.025
    endloop
  endfacet
  facet normal 0 0 -1
    outer loop
      vertex 0.00441621 -0.00118332 -0.025
      vertex 0.00436039 -0.00137483 -0.025
      vertex 0.00381678 -0.00120342 -0.025
    endloop
  endfacet
  facet normal 0 0 -1
    outer loop
      vertex 0.00381678 -0.00120342 -0.025
      vertex 0.00436039 -0.00137483 -0.025
      vertex 0.00376065 -0.00136876 -0.025
    endloop
  endfacet
  facet normal 0 0 -1
    outer loop
      vertex 0.00436039 -0.00137483 -0.025
      vertex 0.00429627 -0.00156372 -0.025
      vertex 0.00376065 -0.00136876 -0.025
    endloop
  endfacet
  facet normal 0 0 -1
    outer loop
      vertex 0.00376065 -0.00136876 -0.025
      vertex 0.00429627 -0.00156372 -0.025
      vertex 0.00369737 -0.0015315 -0.025
    endloop
  endfacet
  facet normal 0 0 -1
    outer loop
      vertex 0.00429627 -0.00156372 -0.025
      vertex 0.00422398 -0.00174963 -0.025
      vertex 0.00369737 -0.0015315 -0.025
    endloop
  endfacet
  facet normal 0 0 -1
    outer loop
      vertex 0.00369737 -0.0015315 -0.025
      vertex 0.00422398 -0.00174963 -0.025
      vertex 0.00362704 -0.00169132 -0.025
    endloop
  endfacet
  facet normal 0 0 -1
    outer loop
      vertex 0.00422398 -0.00174963 -0.025
      vertex 0.00414364 -0.00193221 -0.025
      vertex 0.00362704 -0.00169132 -0.025
    endloop
  endfacet
  facet normal 0 0 -1
    outer loop
      vertex 0.00362704 -0.00169132 -0.025
      vertex 0.00414364 -0.00193221 -0.025
      vertex 0.00354982 -0.00184792 -0.025
    endloop
  endfacet
  facet normal 0 0 -1
    outer loop
      vertex 0.00414364 -0.00193221 -0.025
      vertex 0.00405541 -0.00211111 -0.025
      vertex 0.00354982 -0.00184792 -0.025
    endloop
  endfacet
  facet normal 0 0 -1
    outer loop
      vertex 0.00354982 -0.00184792 -0.025
      vertex 0.00405541 -0.00211111 -0.025
      vertex 0.00346583 -0.002001 -0.025
    endloop
  endfacet
  facet normal 0 0 -1
    outer loop
      vertex 0.00405541 -0.00211111 -0.025
      vertex 0.00395947 -0.002286 -0.025
      vertex 0.00346583 -0.002001 -0.025
    endloop
  endfacet
  facet normal 0 0 -1
    outer loop
      vertex 0.00346583 -0.002001 -0.025
      vertex 0.00395947 -0.002286 -0.025
      vertex 0.00337525 -0.00215027 -0.025
    endloop
  endfacet
  facet normal 0 0 -1
    outer loop
      vertex 0.00395947 -0.002286 -0.025
      vertex 0.00385599 -0.00245653 -0.025
      vertex 0.00337525 -0.00215027 -0.025
    endloop
  endfacet
  facet normal 0 0 -1
    outer loop
      vertex 0.00337525 -0.00215027 -0.025
      vertex 0.00385599 -0.00245653 -0.025
      vertex 0.00327825 -0.00229545 -0.025
    endloop
  endfacet
  facet normal 0 0 -1
    outer loop
      vertex 0.00385599 -0.00245653 -0.025
      vertex 0.00374516 -0.00262239 -0.025
      vertex 0.00327825 -0.00229545 -0.025
    endloop
  endfacet
  facet normal 0 0 -1
    outer loop
      vertex 0.00327825 -0.00229545 -0.025
      vertex 0.00374516 -0.00262239 -0.025
      vertex 0.003175 -0.00243626 -0.025
    endloop
  endfacet
  facet normal 0 0 -1
    outer loop
      vertex 0.00374516 -0.00262239 -0.025
      vertex 0.00362721 -0.00278326 -0.025
      vertex 0.003175 -0.00243626 -0.025
    endloop
  endfacet
  facet normal 0 0 -1
    outer loop
      vertex 0.003175 -0.00243626 -0.025
      vertex 0.00362721 -0.00278326 -0.025
      vertex 0.00306571 -0.00257244 -0.025
    endloop
  endfacet
  facet normal 0 0 -1
    outer loop
      vertex 0.00362721 -0.00278326 -0.025
      vertex 0.00350236 -0.00293882 -0.025
      vertex 0.00306571 -0.00257244 -0.025
    endloop
  endfacet
  facet normal 0 0 -1
    outer loop
      vertex 0.00306571 -0.00257244 -0.025
      vertex 0.00350236 -0.00293882 -0.025
      vertex 0.00295058 -0.00270371 -0.025
    endloop
  endfacet
  facet normal 0 0 -1
    outer loop
      vertex 0.00350236 -0.00293882 -0.025
      vertex 0.00337083 -0.0030888 -0.025
      vertex 0.00295058 -0.00270371 -0.025
    endloop
  endfacet
  facet normal 0 0 -1
    outer loop
      vertex 0.00295058 -0.00270371 -0.025
      vertex 0.00337083 -0.0030888 -0.025
      vertex 0.00282984 -0.00282984 -0.025
    endloop
  endfacet
  facet normal 0 0 -1
    outer loop
      vertex 0.00337083 -0.0030888 -0.025
      vertex 0.00323289 -0.00323289 -0.025
      vertex 0.00282984 -0.00282984 -0.025
    endloop
  endfacet
  facet normal 0 0 -1
    outer loop
      vertex 0.00282984 -0.00282984 -0.025
      vertex 0.00323289 -0.00323289 -0.025
      vertex 0.00270371 -0.00295058 -0.025
    endloop
  endfacet
  facet normal 0 0 -1
    outer loop
      vertex 0.00323289 -0.00323289 -0.025
      vertex 0.0030888 -0.00337083 -0.025
      vertex 0.00270371 -0.00295058 -0.025
    endloop
  endfacet
  facet normal 0 0 -1
    outer loop
      vertex 0.00270371 -0.00295058 -0.025
      vertex 0.0030888 -0.00337083 -0.025
      vertex 0.00257244 -0.00306571 -0.025
    endloop
  endfacet
  facet normal 0 0 -1
    outer loop
      vertex 0.0030888 -0.00337083 -0.025
      vertex 0.00293882 -0.00350236 -0.025
      vertex 0.00257244 -0.00306571 -0.025
    endloop
  endfacet
  facet normal 0 0 -1
    outer loop
      vertex 0.00257244 -0.00306571 -0.025
      vertex 0.00293882 -0.00350236 -0.025
      vertex 0.00243626 -0.003175 -0.025
    endloop
  endfacet
  facet normal 0 0 -1
    outer loop
      vertex 0.00293882 -0.00350236 -0.025
      vertex 0.00278326 -0.00362721 -0.025
      vertex 0.00243626 -0.003175 -0.025
    endloop
  endfacet
  facet normal 0 0 -1
    outer loop
      vertex 0.00243626 -0.003175 -0.025
      vertex 0.00278326 -0.00362721 -0.025
      vertex 0.00229545 -0.00327825 -0.025
    endloop
  endfacet
  facet normal 0 0 -1
    outer loop
      vertex 0.00278326 -0.00362721 -0.025
      vertex 0.00262239 -0.00374516 -0.025
      vertex 0.00229545 -0.00327825 -0.025
    endloop
  endfacet
  facet normal 0 0 -1
    outer loop
      vertex 0.00229545 -0.00327825 -0.025
      vertex 0.00262239 -0.00374516 -0.025
      vertex 0.00215027 -0.00337525 -0.025
    endloop
  endfacet
  facet normal 0 0 -1
    outer loop
      vertex 0.00262239 -0.00374516 -0.025
      vertex 0.00245653 -0.00385599 -0.025
      vertex 0.00215027 -0.00337525 -0.025
    endloop
  endfacet
  facet normal 0 0 -1
    outer loop
      vertex 0.00215027 -0.00337525 -0.025
      vertex 0.00245653 -0.00385599 -0.025
      vertex 0.002001 -0.00346583 -0.025
    endloop
  endfacet
  facet normal 0 0 -1
    outer loop
      vertex 0.00245653 -0.00385599 -0.025
      vertex 0.002286 -0.00395947 -0.025
      vertex 0.002001 -0.00346583 -0.025
    endloop
  endfacet
  facet normal 0 0 -1
    outer loop
      vertex 0.002001 -0.00346583 -0.025
      vertex 0.002286 -0.00395947 -0.025
      vertex 0.00184792 -0.00354982 -0.025
    endloop
  endfacet
  facet normal 0 0 -1
    outer loop
      vertex 0.002286 -0.00395947 -0.025
      vertex 0.00211111 -0.00405541 -0.025
      vertex 0.00184792 -0.00354982 -0.025
    endloop
  endfacet
  facet normal 0 0 -1
    outer loop
      vertex 0.00184792 -0.00354982 -0.025
      vertex 0.00211111 -0.00405541 -0.025
      vertex 0.00169132 -0.00362704 -0.025
    endloop
  endfacet
  facet normal 0 0 -1
    outer loop
      vertex 0.00211111 -0.00405541 -0.025
      vertex 0.00193221 -0.00414364 -0.025
      vertex 0.00169132 -0.00362704 -0.025
    endloop
  endfacet
  facet normal 0 0 -1
    outer loop
      vertex 0.00169132 -0.00362704 -0.025
      vertex 0.00193221 -0.00414364 -0.025
      vertex 0.0015315 -0.00369737 -0.025
    endloop
  endfacet
  facet normal 0 0 -1
    outer loop
      vertex 0.00193221 -0.00414364 -0.025
      vertex 0.00174963 -0.00422398 -0.025
      vertex 0.0015315 -0.00369737 -0.025
    endloop
  endfacet
  facet normal 0 0 -1
    outer loop
      vertex 0.0015315 -0.00369737 -0.025
      vertex 0.00174963 -0.00422398 -0.025
      vertex 0.00136876 -0.00376065 -0.025
    endloop
  endfacet
  facet normal 0 0 -1
    outer loop
      vertex 0.00174963 -0.00422398 -0.025
      vertex 0.00156372 -0.00429627 -0.025
      vertex 0.00136876 -0.00376065 -0.025
    endloop
  endfacet
  facet normal 0 0 -1
    outer loop
      vertex 0.00136876 -0.00376065 -0.025
      vertex 0.00156372 -0.00429627 -0.025
      vertex 0.00120342 -0.00381678 -0.025
    endloop
  endfacet
  facet normal 0 0 -1
    outer loop
      vertex 0.00156372 -0.00429627 -0.025
      vertex 0.00137483 -0.00436039 -0.025
      vertex 0.00120342 -0.00381678 -0.025
    endloop
  endfacet
  facet normal 0 0 -1
    outer loop
      vertex 0.00120342 -0.00381678 -0.025
      vertex 0.00137483 -0.00436039 -0.025
      vertex 0.00103579 -0.00386564 -0.025
    endloop
  endfacet
  facet normal 0 0 -1
    outer loop
      vertex 0.00137483 -0.00436039 -0.025
      vertex 0.00118332 -0.00441621 -0.025
      vertex 0.00103579 -0.00386564 -0.025
    endloop
  endfacet
  facet normal 0 0 -1
    outer loop
      vertex 0.00103579 -0.00386564 -0.025
      vertex 0.00118332 -0.00441621 -0.025
      vertex 0.000866191 -0.00390714 -0.025
    endloop
  endfacet
  facet normal 0 0 -1
    outer loop
      vertex 0.00118332 -0.00441621 -0.025
      vertex 0.000989562 -0.00446363 -0.025
      vertex 0.000866191 -0.00390714 -0.025
    endloop
  endfacet
  facet normal 0 0 -1
    outer loop
      vertex 0.000866191 -0.00390714 -0.025
      vertex 0.000989562 -0.00446363 -0.025
      vertex 0.00069494 -0.0039412 -0.025
    endloop
  endfacet
  facet normal 0 0 -1
    outer loop
      vertex 0.000989562 -0.00446363 -0.025
      vertex 0.000793919 -0.00450254 -0.025
      vertex 0.00069494 -0.0039412 -0.025
    endloop
  endfacet
  facet normal 0 0 -1
    outer loop
      vertex 0.00069494 -0.0039412 -0.025
      vertex 0.000793919 -0.00450254 -0.025
      vertex 0.000522366 -0.00396776 -0.025
    endloop
  endfacet
  facet normal 0 0 -1
    outer loop
      vertex 0.000793919 -0.00450254 -0.025
      vertex 0.000596766 -0.00453289 -0.025
      vertex 0.000522366 -0.00396776 -0.025
    endloop
  endfacet
  facet normal 0 0 -1
    outer loop
      vertex 0.000522366 -0.00396776 -0.025
      vertex 0.000596766 -0.00453289 -0.025
      vertex 0.000348797 -0.00398677 -0.025
    endloop
  endfacet
  facet normal 0 0 -1
    outer loop
      vertex 0.000596766 -0.00453289 -0.025
      vertex 0.000398476 -0.0045546 -0.025
      vertex 0.000348797 -0.00398677 -0.025
    endloop
  endfacet
  facet normal 0 0 -1
    outer loop
      vertex 0.000348797 -0.00398677 -0.025
      vertex 0.000398476 -0.0045546 -0.025
      vertex 0.000174565 -0.00399819 -0.025
    endloop
  endfacet
  facet normal 0 0 -1
    outer loop
      vertex 0.000398476 -0.0045546 -0.025
      vertex 0.000199428 -0.00456765 -0.025
      vertex 0.000174565 -0.00399819 -0.025
    endloop
  endfacet
  facet normal 0 0 -1
    outer loop
      vertex 0.000174565 -0.00399819 -0.025
      vertex 0.000199428 -0.00456765 -0.025
      vertex -1.16632e-18 -0.004002 -0.025
    endloop
  endfacet
  facet normal 0 0 -1
    outer loop
      vertex 0.000199428 -0.00456765 -0.025
      vertex -1.33243e-18 -0.004572 -0.025
      vertex -1.16632e-18 -0.004002 -0.025
    endloop
  endfacet
  facet normal 0 0 -1
    outer loop
      vertex -1.16632e-18 -0.004002 -0.025
      vertex -1.33243e-18 -0.004572 -0.025
      vertex -0.000174565 -0.00399819 -0.025
    endloop
  endfacet
  facet normal 0 0 -1
    outer loop
      vertex -1.33243e-18 -0.004572 -0.025
      vertex -0.000199428 -0.00456765 -0.025
      vertex -0.000174565 -0.00399819 -0.025
    endloop
  endfacet
  facet normal 0 0 -1
    outer loop
      vertex -0.000174565 -0.00399819 -0.025
      vertex -0.000199428 -0.00456765 -0.025
      vertex -0.000348797 -0.00398677 -0.025
    endloop
  endfacet
  facet normal 0 0 -1
    outer loop
      vertex -0.000199428 -0.00456765 -0.025
      vertex -0.000398476 -0.0045546 -0.025
      vertex -0.000348797 -0.00398677 -0.025
    endloop
  endfacet
  facet normal 0 0 -1
    outer loop
      vertex -0.000348797 -0.00398677 -0.025
      vertex -0.000398476 -0.0045546 -0.025
      vertex -0.000522366 -0.00396776 -0.025
    endloop
  endfacet
  facet normal 0 0 -1
    outer loop
      vertex -0.000398476 -0.0045546 -0.025
      vertex -0.000596766 -0.00453289 -0.025
      vertex -0.000522366 -0.00396776 -0.025
    endloop
  endfacet
  facet normal 0 0 -1
    outer loop
      vertex -0.000522366 -0.00396776 -0.025
      vertex -0.000596766 -0.00453289 -0.025
      vertex -0.00069494 -0.0039412 -0.025
    endloop
  endfacet
  facet normal 0 0 -1
    outer loop
      vertex -0.000596766 -0.00453289 -0.025
      vertex -0.000793919 -0.00450254 -0.025
      vertex -0.00069494 -0.0039412 -0.025
    endloop
  endfacet
  facet normal 0 0 -1
    outer loop
      vertex -0.00069494 -0.0039412 -0.025
      vertex -0.000793919 -0.00450254 -0.025
      vertex -0.000866191 -0.00390714 -0.025
    endloop
  endfacet
  facet normal 0 0 -1
    outer loop
      vertex -0.000793919 -0.00450254 -0.025
      vertex -0.000989562 -0.00446363 -0.025
      vertex -0.000866191 -0.00390714 -0.025
    endloop
  endfacet
  facet normal 0 0 -1
    outer loop
      vertex -0.000866191 -0.00390714 -0.025
      vertex -0.000989562 -0.00446363 -0.025
      vertex -0.00103579 -0.00386564 -0.025
    endloop
  endfacet
  facet normal 0 0 -1
    outer loop
      vertex -0.000989562 -0.00446363 -0.025
      vertex -0.00118332 -0.00441621 -0.025
      vertex -0.00103579 -0.00386564 -0.025
    endloop
  endfacet
  facet normal 0 0 -1
    outer loop
      vertex -0.00103579 -0.00386564 -0.025
      vertex -0.00118332 -0.00441621 -0.025
      vertex -0.00120342 -0.00381678 -0.025
    endloop
  endfacet
  facet normal 0 0 -1
    outer loop
      vertex -0.00118332 -0.00441621 -0.025
      vertex -0.00137483 -0.00436039 -0.025
      vertex -0.00120342 -0.00381678 -0.025
    endloop
  endfacet
  facet normal 0 0 -1
    outer loop
      vertex -0.00120342 -0.00381678 -0.025
      vertex -0.00137483 -0.00436039 -0.025
      vertex -0.00136876 -0.00376065 -0.025
    endloop
  endfacet
  facet normal 0 0 -1
    outer loop
      vertex -0.00137483 -0.00436039 -0.025
      vertex -0.00156372 -0.00429627 -0.025
      vertex -0.00136876 -0.00376065 -0.025
    endloop
  endfacet
  facet normal 0 0 -1
    outer loop
      vertex -0.00136876 -0.00376065 -0.025
      vertex -0.00156372 -0.00429627 -0.025
      vertex -0.0015315 -0.00369737 -0.025
    endloop
  endfacet
  facet normal 0 0 -1
    outer loop
      vertex -0.00156372 -0.00429627 -0.025
      vertex -0.00174963 -0.00422398 -0.025
      vertex -0.0015315 -0.00369737 -0.025
    endloop
  endfacet
  facet normal 0 0 -1
    outer loop
      vertex -0.0015315 -0.00369737 -0.025
      vertex -0.00174963 -0.00422398 -0.025
      vertex -0.00169132 -0.00362704 -0.025
    endloop
  endfacet
  facet normal 0 0 -1
    outer loop
      vertex -0.00174963 -0.00422398 -0.025
      vertex -0.00193221 -0.00414364 -0.025
      vertex -0.00169132 -0.00362704 -0.025
    endloop
  endfacet
  facet normal 0 0 -1
    outer loop
      vertex -0.00169132 -0.00362704 -0.025
      vertex -0.00193221 -0.00414364 -0.025
      vertex -0.00184792 -0.00354982 -0.025
    endloop
  endfacet
  facet normal 0 0 -1
    outer loop
      vertex -0.00193221 -0.00414364 -0.025
      vertex -0.00211111 -0.00405541 -0.025
      vertex -0.00184792 -0.00354982 -0.025
    endloop
  endfacet
  facet normal 0 0 -1
    outer loop
      vertex -0.00184792 -0.00354982 -0.025
      vertex -0.00211111 -0.00405541 -0.025
      vertex -0.002001 -0.00346583 -0.025
    endloop
  endfacet
  facet normal 0 0 -1
    outer loop
      vertex -0.00211111 -0.00405541 -0.025
      vertex -0.002286 -0.00395947 -0.025
      vertex -0.002001 -0.00346583 -0.025
    endloop
  endfacet
  facet normal 0 0 -1
    outer loop
      vertex -0.002001 -0.00346583 -0.025
      vertex -0.002286 -0.00395947 -0.025
      vertex -0.00215027 -0.00337525 -0.025
    endloop
  endfacet
  facet normal 0 0 -1
    outer loop
      vertex -0.002286 -0.00395947 -0.025
      vertex -0.00245653 -0.00385599 -0.025
      vertex -0.00215027 -0.00337525 -0.025
    endloop
  endfacet
  facet normal 0 0 -1
    outer loop
      vertex -0.00215027 -0.00337525 -0.025
      vertex -0.00245653 -0.00385599 -0.025
      vertex -0.00229545 -0.00327825 -0.025
    endloop
  endfacet
  facet normal 0 0 -1
    outer loop
      vertex -0.00245653 -0.00385599 -0.025
      vertex -0.00262239 -0.00374516 -0.025
      vertex -0.00229545 -0.00327825 -0.025
    endloop
  endfacet
  facet normal 0 0 -1
    outer loop
      vertex -0.00229545 -0.00327825 -0.025
      vertex -0.00262239 -0.00374516 -0.025
      vertex -0.00243626 -0.003175 -0.025
    endloop
  endfacet
  facet normal 0 0 -1
    outer loop
      vertex -0.00262239 -0.00374516 -0.025
      vertex -0.00278326 -0.00362721 -0.025
      vertex -0.00243626 -0.003175 -0.025
    endloop
  endfacet
  facet normal 0 0 -1
    outer loop
      vertex -0.00243626 -0.003175 -0.025
      vertex -0.00278326 -0.00362721 -0.025
      vertex -0.00257244 -0.00306571 -0.025
    endloop
  endfacet
  facet normal 0 0 -1
    outer loop
      vertex -0.00278326 -0.00362721 -0.025
      vertex -0.00293882 -0.00350236 -0.025
      vertex -0.00257244 -0.00306571 -0.025
    endloop
  endfacet
  facet normal 0 0 -1
    outer loop
      vertex -0.00257244 -0.00306571 -0.025
      vertex -0.00293882 -0.00350236 -0.025
      vertex -0.00270371 -0.00295058 -0.025
    endloop
  endfacet
  facet normal 0 0 -1
    outer loop
      vertex -0.00293882 -0.00350236 -0.025
      vertex -0.0030888 -0.00337083 -0.025
      vertex -0.00270371 -0.00295058 -0.025
    endloop
  endfacet
endsolid cladding_min_z
solid cladding_coolant_boundary
  facet normal -0.999762 0.0218153 0
    outer loop
      vertex -0.004572 2.79954e-19 -0.025
      vertex -0.00456765 0.000199428 3.6826
      vertex -0.00456765 0.000199428 -0.025
    endloop
  endfacet
  facet normal -0.997859 0.0654014 0
    outer loop
      vertex -0.00456765 0.000199428 3.6826
      vertex -0.0045546 0.000398476 3.6826
      vertex -0.00456765 0.000199428 -0.025
    endloop
  endfacet
  facet normal -0.997859 0.0654014 0
    outer loop
      vertex -0.00456765 0.000199428 -0.025
      vertex -0.0045546 0.000398476 3.6826
      vertex -0.0045546 0.000398476 -0.025
    endloop
  endfacet
  facet normal -0.994056 0.108868 0
    outer loop
      vertex -0.0045546 0.000398476 3.6826
      vertex -0.00453289 0.000596766 3.6826
      vertex -0.0045546 0.000398476 -0.025
    endloop
  endfacet
  facet normal -0.994056 0.108868 0
    outer loop
      vertex -0.0045546 0.000398476 -0.025
      vertex -0.00453289 0.000596766 3.6826
      vertex -0.00453289 0.000596766 -0.025
    endloop
  endfacet
  facet normal -0.988362 0.152123 0
    outer loop
      vertex -0.00453289 0.000596766 3.6826
      vertex -0.00450254 0.000793919 3.6826
      vertex -0.00453289 0.000596766 -0.025
    endloop
  endfacet
  facet normal -0.988362 0.152123 0
    outer loop
      vertex -0.00453289 0.000596766 -0.025
      vertex -0.00450254 0.000793919 3.6826
      vertex -0.00450254 0.000793919 -0.025
    endloop
  endfacet
  facet normal -0.980785 0.195091 0
    outer loop
      vertex -0.00450254 0.000793919 3.6826
      vertex -0.00446363 0.000989562 3.6826
      vertex -0.00450254 0.000793919 -0.025
    endloop
  endfacet
  facet normal -0.980785 0.195091 0
    outer loop
      vertex -0.00450254 0.000793919 -0.025
      vertex -0.00446363 0.000989562 3.6826
      vertex -0.00446363 0.000989562 -0.025
    endloop
  endfacet
  facet normal -0.971342 0.237685 0
    outer loop
      vertex -0.00446363 0.000989562 3.6826
      vertex -0.00441621 0.00118332 3.6826
      vertex -0.00446363 0.000989562 -0.025
    endloop
  endfacet
  facet normal -0.971342 0.237685 0
    outer loop
      vertex -0.00446363 0.000989562 -0.025
      vertex -0.00441621 0.00118332 3.6826
      vertex -0.00441621 0.00118332 -0.025
    endloop
  endfacet
  facet normal -0.96005 0.279828 0
    outer loop
      vertex -0.00441621 0.00118332 3.6826
      vertex -0.00436039 0.00137483 3.6826
      vertex -0.00441621 0.00118332 -0.025
    endloop
  endfacet
  facet normal -0.96005 0.279828 0
    outer loop
      vertex -0.00441621 0.00118332 -0.025
      vertex -0.00436039 0.00137483 3.6826
      vertex -0.00436039 0.00137483 -0.025
    endloop
  endfacet
  facet normal -0.94693 0.321439 0
    outer loop
      vertex -0.00436039 0.00137483 3.6826
      vertex -0.00429627 0.00156372 3.6826
      vertex -0.00436039 0.00137483 -0.025
    endloop
  endfacet
  facet normal -0.94693 0.321439 0
    outer loop
      vertex -0.00436039 0.00137483 -0.025
      vertex -0.00429627 0.00156372 3.6826
      vertex -0.00429627 0.00156372 -0.025
    endloop
  endfacet
  facet normal -0.932008 0.362439 0
    outer loop
      vertex -0.00429627 0.00156372 3.6826
      vertex -0.00422398 0.00174963 3.6826
      vertex -0.00429627 0.00156372 -0.025
    endloop
  endfacet
  facet normal -0.932008 0.362439 0
    outer loop
      vertex -0.00429627 0.00156372 -0.025
      vertex -0.00422398 0.00174963 3.6826
      vertex -0.00422398 0.00174963 -0.025
    endloop
  endfacet
  facet normal -0.915311 0.402748 0
    outer loop
      vertex -0.00422398 0.00174963 3.6826
      vertex -0.00414364 0.00193221 3.6826
      vertex -0.00422398 0.00174963 -0.025
    endloop
  endfacet
  facet normal -0.915311 0.402748 0
    outer loop
      vertex -0.00422398 0.00174963 -0.025
      vertex -0.00414364 0.00193221 3.6826
      vertex -0.00414364 0.00193221 -0.025
    endloop
  endfacet
  facet normal -0.896873 0.442288 0
    outer loop
      vertex -0.00414364 0.00193221 3.6826
      vertex -0.00405541 0.00211111 3.6826
      vertex -0.00414364 0.00193221 -0.025
    endloop
  endfacet
  facet normal -0.896873 0.442288 0
    outer loop
      vertex -0.00414364 0.00193221 -0.025
      vertex -0.00405541 0.00211111 3.6826
      vertex -0.00405541 0.00211111 -0.025
    endloop
  endfacet
  facet normal -0.876727 0.480988 0
    outer loop
      vertex -0.00405541 0.00211111 3.6826
      vertex -0.00395947 0.002286 3.6826
      vertex -0.00405541 0.00211111 -0.025
    endloop
  endfacet
  facet normal -0.876727 0.480988 0
    outer loop
      vertex -0.00405541 0.00211111 -0.025
      vertex -0.00395947 0.002286 3.6826
      vertex -0.00395947 0.002286 -0.025
    endloop
  endfacet
  facet normal -0.854912 0.518774 0
    outer loop
      vertex -0.00395947 0.002286 3.6826
      vertex -0.00385599 0.00245653 3.6826
      vertex -0.00395947 0.002286 -0.025
    endloop
  endfacet
  facet normal -0.854912 0.518774 0
    outer loop
      vertex -0.00395947 0.002286 -0.025
      vertex -0.00385599 0.00245653 3.6826
      vertex -0.00385599 0.00245653 -0.025
    endloop
  endfacet
  facet normal -0.83147 0.55557 0
    outer loop
      vertex -0.00385599 0.00245653 3.6826
      vertex -0.00374516 0.00262239 3.6826
      vertex -0.00385599 0.00245653 -0.025
    endloop
  endfacet
  facet normal -0.83147 0.55557 0
    outer loop
      vertex -0.00385599 0.00245653 -0.025
      vertex -0.00374516 0.00262239 3.6826
      vertex -0.00374516 0.00262239 -0.025
    endloop
  endfacet
  facet normal -0.806445 0.591309 0
    outer loop
      vertex -0.00374516 0.00262239 3.6826
      vertex -0.00362721 0.00278326 3.6826
      vertex -0.00374516 0.00262239 -0.025
    endloop
  endfacet
  facet normal -0.806445 0.591309 0
    outer loop
      vertex -0.00374516 0.00262239 -0.025
      vertex -0.00362721 0.00278326 3.6826
      vertex -0.00362721 0.00278326 -0.025
    endloop
  endfacet
  facet normal -0.779884 0.625924 0
    outer loop
      vertex -0.00362721 0.00278326 3.6826
      vertex -0.00350236 0.00293882 3.6826
      vertex -0.00362721 0.00278326 -0.025
    endloop
  endfacet
  facet normal -0.779884 0.625924 0
    outer loop
      vertex -0.00362721 0.00278326 -0.025
      vertex -0.00350236 0.00293882 3.6826
      vertex -0.00350236 0.00293882 -0.025
    endloop
  endfacet
  facet normal -0.75184 0.659346 0
    outer loop
      vertex -0.00350236 0.00293882 3.6826
      vertex -0.00337083 0.0030888 3.6826
      vertex -0.00350236 0.00293882 -0.025
    endloop
  endfacet
  facet normal -0.75184 0.659346 0
    outer loop
      vertex -0.00350236 0.00293882 -0.025
      vertex -0.00337083 0.0030888 3.6826
      vertex -0.00337083 0.0030888 -0.025
    endloop
  endfacet
  facet normal -0.722364 0.691513 0
    outer loop
      vertex -0.00337083 0.0030888 3.6826
      vertex -0.00323289 0.00323289 3.6826
      vertex -0.00337083 0.0030888 -0.025
    endloop
  endfacet
  facet normal -0.722364 0.691513 0
    outer loop
      vertex -0.00337083 0.0030888 -0.025
      vertex -0.00323289 0.00323289 3.6826
      vertex -0.00323289 0.00323289 -0.025
    endloop
  endfacet
  facet normal -0.691513 0.722364 0
    outer loop
      vertex -0.00323289 0.00323289 3.6826
      vertex -0.0030888 0.00337083 3.6826
      vertex -0.00323289 0.00323289 -0.025
    endloop
  endfacet
  facet normal -0.691513 0.722364 0
    outer loop
      vertex -0.00323289 0.00323289 -0.025
      vertex -0.0030888 0.00337083 3.6826
      vertex -0.0030888 0.00337083 -0.025
    endloop
  endfacet
  facet normal -0.659346 0.75184 0
    outer loop
      vertex -0.0030888 0.00337083 3.6826
      vertex -0.00293882 0.00350236 3.6826
      vertex -0.0030888 0.00337083 -0.025
    endloop
  endfacet
  facet normal -0.659346 0.75184 0
    outer loop
      vertex -0.0030888 0.00337083 -0.025
      vertex -0.00293882 0.00350236 3.6826
      vertex -0.00293882 0.00350236 -0.025
    endloop
  endfacet
  facet normal -0.625924 0.779884 0
    outer loop
      vertex -0.00293882 0.00350236 3.6826
      vertex -0.00278326 0.00362721 3.6826
      vertex -0.00293882 0.00350236 -0.025
    endloop
  endfacet
  facet normal -0.625924 0.779884 0
    outer loop
      vertex -0.00293882 0.00350236 -0.025
      vertex -0.00278326 0.00362721 3.6826
      vertex -0.00278326 0.00362721 -0.025
    endloop
  endfacet
  facet normal -0.591309 0.806445 0
    outer loop
      vertex -0.00278326 0.00362721 3.6826
      vertex -0.00262239 0.00374516 3.6826
      vertex -0.00278326 0.00362721 -0.025
    endloop
  endfacet
  facet normal -0.591309 0.806445 0
    outer loop
      vertex -0.00278326 0.00362721 -0.025
      vertex -0.00262239 0.00374516 3.6826
      vertex -0.00262239 0.00374516 -0.025
    endloop
  endfacet
  facet normal -0.55557 0.83147 0
    outer loop
      vertex -0.00262239 0.00374516 3.6826
      vertex -0.00245653 0.00385599 3.6826
      vertex -0.00262239 0.00374516 -0.025
    endloop
  endfacet
  facet normal -0.55557 0.83147 0
    outer loop
      vertex -0.00262239 0.00374516 -0.025
      vertex -0.00245653 0.00385599 3.6826
      vertex -0.00245653 0.00385599 -0.025
    endloop
  endfacet
  facet normal -0.518774 0.854912 0
    outer loop
      vertex -0.00245653 0.00385599 3.6826
      vertex -0.002286 0.00395947 3.6826
      vertex -0.00245653 0.00385599 -0.025
    endloop
  endfacet
  facet normal -0.518774 0.854912 0
    outer loop
      vertex -0.00245653 0.00385599 -0.025
      vertex -0.002286 0.00395947 3.6826
      vertex -0.002286 0.00395947 -0.025
    endloop
  endfacet
  facet normal -0.480988 0.876727 0
    outer loop
      vertex -0.002286 0.00395947 3.6826
      vertex -0.00211111 0.00405541 3.6826
      vertex -0.002286 0.00395947 -0.025
    endloop
  endfacet
  facet normal -0.480988 0.876727 0
    outer loop
      vertex -0.002286 0.00395947 -0.025
      vertex -0.00211111 0.00405541 3.6826
      vertex -0.00211111 0.00405541 -0.025
    endloop
  endfacet
  facet normal -0.442288 0.896873 0
    outer loop
      vertex -0.00211111 0.00405541 3.6826
      vertex -0.00193221 0.00414364 3.6826
      vertex -0.00211111 0.00405541 -0.025
    endloop
  endfacet
  facet normal -0.442288 0.896873 0
    outer loop
      vertex -0.00211111 0.00405541 -0.025
      vertex -0.00193221 0.00414364 3.6826
      vertex -0.00193221 0.00414364 -0.025
    endloop
  endfacet
  facet normal -0.402748 0.915311 0
    outer loop
      vertex -0.00193221 0.00414364 3.6826
      vertex -0.00174963 0.00422398 3.6826
      vertex -0.00193221 0.00414364 -0.025
    endloop
  endfacet
  facet normal -0.402748 0.915311 0
    outer loop
      vertex -0.00193221 0.00414364 -0.025
      vertex -0.00174963 0.00422398 3.6826
      vertex -0.00174963 0.00422398 -0.025
    endloop
  endfacet
  facet normal -0.362439 0.932008 0
    outer loop
      vertex -0.00174963 0.00422398 3.6826
      vertex -0.00156372 0.00429627 3.6826
      vertex -0.00174963 0.00422398 -0.025
    endloop
  endfacet
  facet normal -0.362439 0.932008 0
    outer loop
      vertex -0.00174963 0.00422398 -0.025
      vertex -0.00156372 0.00429627 3.6826
      vertex -0.00156372 0.00429627 -0.025
    endloop
  endfacet
  facet normal -0.321439 0.94693 0
    outer loop
      vertex -0.00156372 0.00429627 3.6826
      vertex -0.00137483 0.00436039 3.6826
      vertex -0.00156372 0.00429627 -0.025
    endloop
  endfacet
  facet normal -0.321439 0.94693 0
    outer loop
      vertex -0.00156372 0.00429627 -0.025
      vertex -0.00137483 0.00436039 3.6826
      vertex -0.00137483 0.00436039 -0.025
    endloop
  endfacet
  facet normal -0.279828 0.96005 0
    outer loop
      vertex -0.00137483 0.00436039 3.6826
      vertex -0.00118332 0.00441621 3.6826
      vertex -0.00137483 0.00436039 -0.025
    endloop
  endfacet
  facet normal -0.279828 0.96005 0
    outer loop
      vertex -0.00137483 0.00436039 -0.025
      vertex -0.00118332 0.00441621 3.6826
      vertex -0.00118332 0.00441621 -0.025
    endloop
  endfacet
  facet normal -0.237685 0.971342 0
    outer loop
      vertex -0.00118332 0.00441621 3.6826
      vertex -0.000989562 0.00446363 3.6826
      vertex -0.00118332 0.00441621 -0.025
    endloop
  endfacet
  facet normal -0.237685 0.971342 0
    outer loop
      vertex -0.00118332 0.00441621 -0.025
      vertex -0.000989562 0.00446363 3.6826
      vertex -0.000989562 0.00446363 -0.025
    endloop
  endfacet
  facet normal -0.195091 0.980785 0
    outer loop
      vertex -0.000989562 0.00446363 3.6826
      vertex -0.000793919 0.00450254 3.6826
      vertex -0.000989562 0.00446363 -0.025
    endloop
  endfacet
  facet normal -0.195091 0.980785 0
    outer loop
      vertex -0.000989562 0.00446363 -0.025
      vertex -0.000793919 0.00450254 3.6826
      vertex -0.000793919 0.00450254 -0.025
    endloop
  endfacet
  facet normal -0.152123 0.988362 0
    outer loop
      vertex -0.000793919 0.00450254 3.6826
      vertex -0.000596766 0.00453289 3.6826
      vertex -0.000793919 0.00450254 -0.025
    endloop
  endfacet
  facet normal -0.152123 0.988362 0
    outer loop
      vertex -0.000793919 0.00450254 -0.025
      vertex -0.000596766 0.00453289 3.6826
      vertex -0.000596766 0.00453289 -0.025
    endloop
  endfacet
  facet normal -0.108868 0.994056 0
    outer loop
      vertex -0.000596766 0.00453289 3.6826
      vertex -0.000398476 0.0045546 3.6826
      vertex -0.000596766 0.00453289 -0.025
    endloop
  endfacet
  facet normal -0.108868 0.994056 0
    outer loop
      vertex -0.000596766 0.00453289 -0.025
      vertex -0.000398476 0.0045546 3.6826
      vertex -0.000398476 0.0045546 -0.025
    endloop
  endfacet
  facet normal -0.0654014 0.997859 0
    outer loop
      vertex -0.000398476 0.0045546 3.6826
      vertex -0.000199428 0.00456765 3.6826
      vertex -0.000398476 0.0045546 -0.025
    endloop
  endfacet
  facet normal -0.0654014 0.997859 0
    outer loop
      vertex -0.000398476 0.0045546 -0.025
      vertex -0.000199428 0.00456765 3.6826
      vertex -0.000199428 0.00456765 -0.025
    endloop
  endfacet
  facet normal -0.0218153 0.999762 0
    outer loop
      vertex -0.000199428 0.00456765 3.6826
      vertex -2.79954e-19 0.004572 3.6826
      vertex -0.000199428 0.00456765 -0.025
    endloop
  endfacet
  facet normal -0.0218153 0.999762 0
    outer loop
      vertex -0.000199428 0.00456765 -0.025
      vertex -2.79954e-19 0.004572 3.6826
      vertex -2.79954e-19 0.004572 -0.025
    endloop
  endfacet
  facet normal 0.0218153 0.999762 0
    outer loop
      vertex -2.79954e-19 0.004572 3.6826
      vertex 0.000199428 0.00456765 3.6826
      vertex -2.79954e-19 0.004572 -0.025
    endloop
  endfacet
  facet normal 0.0218153 0.999762 0
    outer loop
      vertex -2.79954e-19 0.004572 -0.025
      vertex 0.000199428 0.00456765 3.6826
      vertex 0.000199428 0.00456765 -0.025
    endloop
  endfacet
  facet normal 0.0654014 0.997859 0
    outer loop
      vertex 0.000199428 0.00456765 3.6826
      vertex 0.000398476 0.0045546 3.6826
      vertex 0.000199428 0.00456765 -0.025
    endloop
  endfacet
  facet normal 0.0654014 0.997859 0
    outer loop
      vertex 0.000199428 0.00456765 -0.025
      vertex 0.000398476 0.0045546 3.6826
      vertex 0.000398476 0.0045546 -0.025
    endloop
  endfacet
  facet normal 0.108868 0.994056 0
    outer loop
      vertex 0.000398476 0.0045546 3.6826
      vertex 0.000596766 0.00453289 3.6826
      vertex 0.000398476 0.0045546 -0.025
    endloop
  endfacet
  facet normal 0.108868 0.994056 0
    outer loop
      vertex 0.000398476 0.0045546 -0.025
      vertex 0.000596766 0.00453289 3.6826
      vertex 0.000596766 0.00453289 -0.025
    endloop
  endfacet
  facet normal 0.152123 0.988362 0
    outer loop
      vertex 0.000596766 0.00453289 3.6826
      vertex 0.000793919 0.00450254 3.6826
      vertex 0.000596766 0.00453289 -0.025
    endloop
  endfacet
  facet normal 0.152123 0.988362 0
    outer loop
      vertex 0.000596766 0.00453289 -0.025
      vertex 0.000793919 0.00450254 3.6826
      vertex 0.000793919 0.00450254 -0.025
    endloop
  endfacet
  facet normal 0.195091 0.980785 0
    outer loop
      vertex 0.000793919 0.00450254 3.6826
      vertex 0.000989562 0.00446363 3.6826
      vertex 0.000793919 0.00450254 -0.025
    endloop
  endfacet
  facet normal 0.195091 0.980785 0
    outer loop
      vertex 0.000793919 0.00450254 -0.025
      vertex 0.000989562 0.00446363 3.6826
      vertex 0.000989562 0.00446363 -0.025
    endloop
  endfacet
  facet normal 0.237685 0.971342 0
    outer loop
      vertex 0.000989562 0.00446363 3.6826
      vertex 0.00118332 0.00441621 3.6826
      vertex 0.000989562 0.00446363 -0.025
    endloop
  endfacet
  facet normal 0.237685 0.971342 0
    outer loop
      vertex 0.000989562 0.00446363 -0.025
      vertex 0.00118332 0.00441621 3.6826
      vertex 0.00118332 0.00441621 -0.025
    endloop
  endfacet
  facet normal 0.279828 0.96005 0
    outer loop
      vertex 0.00118332 0.00441621 3.6826
      vertex 0.00137483 0.00436039 3.6826
      vertex 0.00118332 0.00441621 -0.025
    endloop
  endfacet
  facet normal 0.279828 0.96005 0
    outer loop
      vertex 0.00118332 0.00441621 -0.025
      vertex 0.00137483 0.00436039 3.6826
      vertex 0.00137483 0.00436039 -0.025
    endloop
  endfacet
  facet normal 0.321439 0.94693 0
    outer loop
      vertex 0.00137483 0.00436039 3.6826
      vertex 0.00156372 0.00429627 3.6826
      vertex 0.00137483 0.00436039 -0.025
    endloop
  endfacet
  facet normal 0.321439 0.94693 0
    outer loop
      vertex 0.00137483 0.00436039 -0.025
      vertex 0.00156372 0.00429627 3.6826
      vertex 0.00156372 0.00429627 -0.025
    endloop
  endfacet
  facet normal 0.362439 0.932008 0
    outer loop
      vertex 0.00156372 0.00429627 3.6826
      vertex 0.00174963 0.00422398 3.6826
      vertex 0.00156372 0.00429627 -0.025
    endloop
  endfacet
  facet normal 0.362439 0.932008 0
    outer loop
      vertex 0.00156372 0.00429627 -0.025
      vertex 0.00174963 0.00422398 3.6826
      vertex 0.00174963 0.00422398 -0.025
    endloop
  endfacet
  facet normal 0.402748 0.915311 0
    outer loop
      vertex 0.00174963 0.00422398 3.6826
      vertex 0.00193221 0.00414364 3.6826
      vertex 0.00174963 0.00422398 -0.025
    endloop
  endfacet
  facet normal 0.402748 0.915311 0
    outer loop
      vertex 0.00174963 0.00422398 -0.025
      vertex 0.00193221 0.00414364 3.6826
      vertex 0.00193221 0.00414364 -0.025
    endloop
  endfacet
  facet normal 0.442288 0.896873 0
    outer loop
      vertex 0.00193221 0.00414364 3.6826
      vertex 0.00211111 0.00405541 3.6826
      vertex 0.00193221 0.00414364 -0.025
    endloop
  endfacet
  facet normal 0.442288 0.896873 0
    outer loop
      vertex 0.00193221 0.00414364 -0.025
      vertex 0.00211111 0.00405541 3.6826
      vertex 0.00211111 0.00405541 -0.025
    endloop
  endfacet
  facet normal 0.480988 0.876727 0
    outer loop
      vertex 0.00211111 0.00405541 3.6826
      vertex 0.002286 0.00395947 3.6826
      vertex 0.00211111 0.00405541 -0.025
    endloop
  endfacet
  facet normal 0.480988 0.876727 0
    outer loop
      vertex 0.00211111 0.00405541 -0.025
      vertex 0.002286 0.00395947 3.6826
      vertex 0.002286 0.00395947 -0.025
    endloop
  endfacet
  facet normal 0.518774 0.854912 0
    outer loop
      vertex 0.002286 0.00395947 3.6826
      vertex 0.00245653 0.00385599 3.6826
      vertex 0.002286 0.00395947 -0.025
    endloop
  endfacet
  facet normal 0.518774 0.854912 0
    outer loop
      vertex 0.002286 0.00395947 -0.025
      vertex 0.00245653 0.00385599 3.6826
      vertex 0.00245653 0.00385599 -0.025
    endloop
  endfacet
  facet normal 0.55557 0.83147 0
    outer loop
      vertex 0.00245653 0.00385599 3.6826
      vertex 0.00262239 0.00374516 3.6826
      vertex 0.00245653 0.00385599 -0.025
    endloop
  endfacet
  facet normal 0.55557 0.83147 0
    outer loop
      vertex 0.00245653 0.00385599 -0.025
      vertex 0.00262239 0.00374516 3.6826
      vertex 0.00262239 0.00374516 -0.025
    endloop
  endfacet
  facet normal 0.591309 0.806445 0
    outer loop
      vertex 0.00262239 0.00374516 3.6826
      vertex 0.00278326 0.00362721 3.6826
      vertex 0.00262239 0.00374516 -0.025
    endloop
  endfacet
  facet normal 0.591309 0.806445 0
    outer loop
      vertex 0.00262239 0.00374516 -0.025
      vertex 0.00278326 0.00362721 3.6826
      vertex 0.00278326 0.00362721 -0.025
    endloop
  endfacet
  facet normal 0.625924 0.779884 0
    outer loop
      vertex 0.00278326 0.00362721 3.6826
      vertex 0.00293882 0.00350236 3.6826
      vertex 0.00278326 0.00362721 -0.025
    endloop
  endfacet
  facet normal 0.625924 0.779884 0
    outer loop
      vertex 0.00278326 0.00362721 -0.025
      vertex 0.00293882 0.00350236 3.6826
      vertex 0.00293882 0.00350236 -0.025
    endloop
  endfacet
  facet normal 0.659346 0.75184 0
    outer loop
      vertex 0.00293882 0.00350236 3.6826
      vertex 0.0030888 0.00337083 3.6826
      vertex 0.00293882 0.00350236 -0.025
    endloop
  endfacet
  facet normal 0.659346 0.75184 0
    outer loop
      vertex 0.00293882 0.00350236 -0.025
      vertex 0.0030888 0.00337083 3.6826
      vertex 0.0030888 0.00337083 -0.025
    endloop
  endfacet
  facet normal 0.691513 0.722364 0
    outer loop
      vertex 0.0030888 0.00337083 3.6826
      vertex 0.00323289 0.00323289 3.6826
      vertex 0.0030888 0.00337083 -0.025
    endloop
  endfacet
  facet normal 0.691513 0.722364 0
    outer loop
      vertex 0.0030888 0.00337083 -0.025
      vertex 0.00323289 0.00323289 3.6826
      vertex 0.00323289 0.00323289 -0.025
    endloop
  endfacet
  facet normal 0.722364 0.691513 0
    outer loop
      vertex 0.00323289 0.00323289 3.6826
      vertex 0.00337083 0.0030888 3.6826
      vertex 0.00323289 0.00323289 -0.025
    endloop
  endfacet
  facet normal 0.722364 0.691513 0
    outer loop
      vertex 0.00323289 0.00323289 -0.025
      vertex 0.00337083 0.0030888 3.6826
      vertex 0.00337083 0.0030888 -0.025
    endloop
  endfacet
  facet normal 0.75184 0.659346 0
    outer loop
      vertex 0.00337083 0.0030888 3.6826
      vertex 0.00350236 0.00293882 3.6826
      vertex 0.00337083 0.0030888 -0.025
    endloop
  endfacet
  facet normal 0.75184 0.659346 0
    outer loop
      vertex 0.00337083 0.0030888 -0.025
      vertex 0.00350236 0.00293882 3.6826
      vertex 0.00350236 0.00293882 -0.025
    endloop
  endfacet
  facet normal 0.779884 0.625924 0
    outer loop
      vertex 0.00350236 0.00293882 3.6826
      vertex 0.00362721 0.00278326 3.6826
      vertex 0.00350236 0.00293882 -0.025
    endloop
  endfacet
  facet normal 0.779884 0.625924 0
    outer loop
      vertex 0.00350236 0.00293882 -0.025
      vertex 0.00362721 0.00278326 3.6826
      vertex 0.00362721 0.00278326 -0.025
    endloop
  endfacet
  facet normal 0.806445 0.591309 0
    outer loop
      vertex 0.00362721 0.00278326 3.6826
      vertex 0.00374516 0.00262239 3.6826
      vertex 0.00362721 0.00278326 -0.025
    endloop
  endfacet
  facet normal 0.806445 0.591309 0
    outer loop
      vertex 0.00362721 0.00278326 -0.025
      vertex 0.00374516 0.00262239 3.6826
      vertex 0.00374516 0.00262239 -0.025
    endloop
  endfacet
  facet normal 0.83147 0.55557 0
    outer loop
      vertex 0.00374516 0.00262239 3.6826
      vertex 0.00385599 0.00245653 3.6826
      vertex 0.00374516 0.00262239 -0.025
    endloop
  endfacet
  facet normal 0.83147 0.55557 0
    outer loop
      vertex 0.00374516 0.00262239 -0.025
      vertex 0.00385599 0.00245653 3.6826
      vertex 0.00385599 0.00245653 -0.025
    endloop
  endfacet
  facet normal 0.854912 0.518774 0
    outer loop
      vertex 0.00385599 0.00245653 3.6826
      vertex 0.00395947 0.002286 3.6826
      vertex 0.00385599 0.00245653 -0.025
    endloop
  endfacet
  facet normal 0.854912 0.518774 0
    outer loop
      vertex 0.00385599 0.00245653 -0.025
      vertex 0.00395947 0.002286 3.6826
      vertex 0.00395947 0.002286 -0.025
    endloop
  endfacet
  facet normal 0.876727 0.480988 0
    outer loop
      vertex 0.00395947 0.002286 3.6826
      vertex 0.00405541 0.00211111 3.6826
      vertex 0.00395947 0.002286 -0.025
    endloop
  endfacet
  facet normal 0.876727 0.480988 0
    outer loop
      vertex 0.00395947 0.002286 -0.025
      vertex 0.00405541 0.00211111 3.6826
      vertex 0.00405541 0.00211111 -0.025
    endloop
  endfacet
  facet normal 0.896873 0.442288 0
    outer loop
      vertex 0.00405541 0.00211111 3.6826
      vertex 0.00414364 0.00193221 3.6826
      vertex 0.00405541 0.00211111 -0.025
    endloop
  endfacet
  facet normal 0.896873 0.442288 0
    outer loop
      vertex 0.00405541 0.00211111 -0.025
      vertex 0.00414364 0.00193221 3.6826
      vertex 0.00414364 0.00193221 -0.025
    endloop
  endfacet
  facet normal 0.915311 0.402748 0
    outer loop
      vertex 0.00414364 0.00193221 3.6826
      vertex 0.00422398 0.00174963 3.6826
      vertex 0.00414364 0.00193221 -0.025
    endloop
  endfacet
  facet normal 0.915311 0.402748 0
    outer loop
      vertex 0.00414364 0.00193221 -0.025
      vertex 0.00422398 0.00174963 3.6826
      vertex 0.00422398 0.00174963 -0.025
    endloop
  endfacet
  facet normal 0.932008 0.362439 0
    outer loop
      vertex 0.00422398 0.00174963 3.6826
      vertex 0.00429627 0.00156372 3.6826
      vertex 0.00422398 0.00174963 -0.025
    endloop
  endfacet
  facet normal 0.932008 0.362439 0
    outer loop
      vertex 0.00422398 0.00174963 -0.025
      vertex 0.00429627 0.00156372 3.6826
      vertex 0.00429627 0.00156372 -0.025
    endloop
  endfacet
  facet normal 0.94693 0.321439 0
    outer loop
      vertex 0.00429627 0.00156372 3.6826
      vertex 0.00436039 0.00137483 3.6826
      vertex 0.00429627 0.00156372 -0.025
    endloop
  endfacet
  facet normal 0.94693 0.321439 0
    outer loop
      vertex 0.00429627 0.00156372 -0.025
      vertex 0.00436039 0.00137483 3.6826
      vertex 0.00436039 0.00137483 -0.025
    endloop
  endfacet
  facet normal 0.96005 0.279828 0
    outer loop
      vertex 0.00436039 0.00137483 3.6826
      vertex 0.00441621 0.00118332 3.6826
      vertex 0.00436039 0.00137483 -0.025
    endloop
  endfacet
  facet normal 0.96005 0.279828 0
    outer loop
      vertex 0.00436039 0.00137483 -0.025
      vertex 0.00441621 0.00118332 3.6826
      vertex 0.00441621 0.00118332 -0.025
    endloop
  endfacet
  facet normal 0.971342 0.237685 0
    outer loop
      vertex 0.00441621 0.00118332 3.6826
      vertex 0.00446363 0.000989562 3.6826
      vertex 0.00441621 0.00118332 -0.025
    endloop
  endfacet
  facet normal 0.971342 0.237685 0
    outer loop
      vertex 0.00441621 0.00118332 -0.025
      vertex 0.00446363 0.000989562 3.6826
      vertex 0.00446363 0.000989562 -0.025
    endloop
  endfacet
  facet normal 0.980785 0.195091 0
    outer loop
      vertex 0.00446363 0.000989562 3.6826
      vertex 0.00450254 0.000793919 3.6826
      vertex 0.00446363 0.000989562 -0.025
    endloop
  endfacet
  facet normal 0.980785 0.195091 0
    outer loop
      vertex 0.00446363 0.000989562 -0.025
      vertex 0.00450254 0.000793919 3.6826
      vertex 0.00450254 0.000793919 -0.025
    endloop
  endfacet
  facet normal 0.988362 0.152123 0
    outer loop
      vertex 0.00450254 0.000793919 3.6826
      vertex 0.00453289 0.000596766 3.6826
      vertex 0.00450254 0.000793919 -0.025
    endloop
  endfacet
  facet normal 0.988362 0.152123 0
    outer loop
      vertex 0.00450254 0.000793919 -0.025
      vertex 0.00453289 0.000596766 3.6826
      vertex 0.00453289 0.000596766 -0.025
    endloop
  endfacet
  facet normal 0.994056 0.108868 0
    outer loop
      vertex 0.00453289 0.000596766 3.6826
      vertex 0.0045546 0.000398476 3.6826
      vertex 0.00453289 0.000596766 -0.025
    endloop
  endfacet
  facet normal 0.994056 0.108868 0
    outer loop
      vertex 0.00453289 0.000596766 -0.025
      vertex 0.0045546 0.000398476 3.6826
      vertex 0.0045546 0.000398476 -0.025
    endloop
  endfacet
  facet normal 0.997859 0.0654014 0
    outer loop
      vertex 0.0045546 0.000398476 3.6826
      vertex 0.00456765 0.000199428 3.6826
      vertex 0.0045546 0.000398476 -0.025
    endloop
  endfacet
  facet normal 0.997859 0.0654014 0
    outer loop
      vertex 0.0045546 0.000398476 -0.025
      vertex 0.00456765 0.000199428 3.6826
      vertex 0.00456765 0.000199428 -0.025
    endloop
  endfacet
  facet normal 0.999762 0.0218153 0
    outer loop
      vertex 0.00456765 0.000199428 3.6826
      vertex 0.004572 1.95968e-18 3.6826
      vertex 0.00456765 0.000199428 -0.025
    endloop
  endfacet
  facet normal 0.999762 0.0218153 -6.57092e-21
    outer loop
      vertex 0.00456765 0.000199428 -0.025
      vertex 0.004572 1.95968e-18 3.6826
      vertex 0.004572 8.39863e-19 -0.025
    endloop
  endfacet
  facet normal 0.999762 -0.0218153 6.58892e-21
    outer loop
      vertex 0.004572 1.95968e-18 3.6826
      vertex 0.00456765 -0.000199428 3.6826
      vertex 0.004572 8.39863e-19 -0.025
    endloop
  endfacet
  facet normal 0.999762 -0.0218153 0
    outer loop
      vertex 0.004572 8.39863e-19 -0.025
      vertex 0.00456765 -0.000199428 3.6826
      vertex 0.00456765 -0.000199428 -0.025
    endloop
  endfacet
  facet normal 0.997859 -0.0654014 0
    outer loop
      vertex 0.00456765 -0.000199428 3.6826
      vertex 0.0045546 -0.000398476 3.6826
      vertex 0.00456765 -0.000199428 -0.025
    endloop
  endfacet
  facet normal 0.997859 -0.0654014 0
    outer loop
      vertex 0.00456765 -0.000199428 -0.025
      vertex 0.0045546 -0.000398476 3.6826
      vertex 0.0045546 -0.000398476 -0.025
    endloop
  endfacet
  facet normal 0.994056 -0.108868 0
    outer loop
      vertex 0.0045546 -0.000398476 3.6826
      vertex 0.00453289 -0.000596766 3.6826
      vertex 0.0045546 -0.000398476 -0.025
    endloop
  endfacet
  facet normal 0.994056 -0.108868 0
    outer loop
      vertex 0.0045546 -0.000398476 -0.025
      vertex 0.00453289 -0.000596766 3.6826
      vertex 0.00453289 -0.000596766 -0.025
    endloop
  endfacet
  facet normal 0.988362 -0.152123 0
    outer loop
      vertex 0.00453289 -0.000596766 3.6826
      vertex 0.00450254 -0.000793919 3.6826
      vertex 0.00453289 -0.000596766 -0.025
    endloop
  endfacet
  facet normal 0.988362 -0.152123 0
    outer loop
      vertex 0.00453289 -0.000596766 -0.025
      vertex 0.00450254 -0.000793919 3.6826
      vertex 0.00450254 -0.000793919 -0.025
    endloop
  endfacet
  facet normal 0.980785 -0.195091 0
    outer loop
      vertex 0.00450254 -0.000793919 3.6826
      vertex 0.00446363 -0.000989562 3.6826
      vertex 0.00450254 -0.000793919 -0.025
    endloop
  endfacet
  facet normal 0.980785 -0.195091 0
    outer loop
      vertex 0.00450254 -0.000793919 -0.025
      vertex 0.00446363 -0.000989562 3.6826
      vertex 0.00446363 -0.000989562 -0.025
    endloop
  endfacet
  facet normal 0.971342 -0.237685 0
    outer loop
      vertex 0.00446363 -0.000989562 3.6826
      vertex 0.00441621 -0.00118332 3.6826
      vertex 0.00446363 -0.000989562 -0.025
    endloop
  endfacet
  facet normal 0.971342 -0.237685 0
    outer loop
      vertex 0.00446363 -0.000989562 -0.025
      vertex 0.00441621 -0.00118332 3.6826
      vertex 0.00441621 -0.00118332 -0.025
    endloop
  endfacet
  facet normal 0.96005 -0.279828 0
    outer loop
      vertex 0.00441621 -0.00118332 3.6826
      vertex 0.00436039 -0.00137483 3.6826
      vertex 0.00441621 -0.00118332 -0.025
    endloop
  endfacet
  facet normal 0.96005 -0.279828 0
    outer loop
      vertex 0.00441621 -0.00118332 -0.025
      vertex 0.00436039 -0.00137483 3.6826
      vertex 0.00436039 -0.00137483 -0.025
    endloop
  endfacet
  facet normal 0.94693 -0.321439 0
    outer loop
      vertex 0.00436039 -0.00137483 3.6826
      vertex 0.00429627 -0.00156372 3.6826
      vertex 0.00436039 -0.00137483 -0.025
    endloop
  endfacet
  facet normal 0.94693 -0.321439 0
    outer loop
      vertex 0.00436039 -0.00137483 -0.025
      vertex 0.00429627 -0.00156372 3.6826
      vertex 0.00429627 -0.00156372 -0.025
    endloop
  endfacet
  facet normal 0.932008 -0.362439 0
    outer loop
      vertex 0.00429627 -0.00156372 3.6826
      vertex 0.00422398 -0.00174963 3.6826
      vertex 0.00429627 -0.00156372 -0.025
    endloop
  endfacet
  facet normal 0.932008 -0.362439 0
    outer loop
      vertex 0.00429627 -0.00156372 -0.025
      vertex 0.00422398 -0.00174963 3.6826
      vertex 0.00422398 -0.00174963 -0.025
    endloop
  endfacet
  facet normal 0.915311 -0.402748 0
    outer loop
      vertex 0.00422398 -0.00174963 3.6826
      vertex 0.00414364 -0.00193221 3.6826
      vertex 0.00422398 -0.00174963 -0.025
    endloop
  endfacet
  facet normal 0.915311 -0.402748 0
    outer loop
      vertex 0.00422398 -0.00174963 -0.025
      vertex 0.00414364 -0.00193221 3.6826
      vertex 0.00414364 -0.00193221 -0.025
    endloop
  endfacet
  facet normal 0.896873 -0.442288 0
    outer loop
      vertex 0.00414364 -0.00193221 3.6826
      vertex 0.00405541 -0.00211111 3.6826
      vertex 0.00414364 -0.00193221 -0.025
    endloop
  endfacet
  facet normal 0.896873 -0.442288 0
    outer loop
      vertex 0.00414364 -0.00193221 -0.025
      vertex 0.00405541 -0.00211111 3.6826
      vertex 0.00405541 -0.00211111 -0.025
    endloop
  endfacet
  facet normal 0.876727 -0.480988 0
    outer loop
      vertex 0.00405541 -0.00211111 3.6826
      vertex 0.00395947 -0.002286 3.6826
      vertex 0.00405541 -0.00211111 -0.025
    endloop
  endfacet
  facet normal 0.876727 -0.480988 0
    outer loop
      vertex 0.00405541 -0.00211111 -0.025
      vertex 0.00395947 -0.002286 3.6826
      vertex 0.00395947 -0.002286 -0.025
    endloop
  endfacet
  facet normal 0.854912 -0.518774 0
    outer loop
      vertex 0.00395947 -0.002286 3.6826
      vertex 0.00385599 -0.00245653 3.6826
      vertex 0.00395947 -0.002286 -0.025
    endloop
  endfacet
  facet normal 0.854912 -0.518774 0
    outer loop
      vertex 0.00395947 -0.002286 -0.025
      vertex 0.00385599 -0.00245653 3.6826
      vertex 0.00385599 -0.00245653 -0.025
    endloop
  endfacet
  facet normal 0.83147 -0.55557 0
    outer loop
      vertex 0.00385599 -0.00245653 3.6826
      vertex 0.00374516 -0.00262239 3.6826
      vertex 0.00385599 -0.00245653 -0.025
    endloop
  endfacet
  facet normal 0.83147 -0.55557 0
    outer loop
      vertex 0.00385599 -0.00245653 -0.025
      vertex 0.00374516 -0.00262239 3.6826
      vertex 0.00374516 -0.00262239 -0.025
    endloop
  endfacet
  facet normal 0.806445 -0.591309 0
    outer loop
      vertex 0.00374516 -0.00262239 3.6826
      vertex 0.00362721 -0.00278326 3.6826
      vertex 0.00374516 -0.00262239 -0.025
    endloop
  endfacet
  facet normal 0.806445 -0.591309 0
    outer loop
      vertex 0.00374516 -0.00262239 -0.025
      vertex 0.00362721 -0.00278326 3.6826
      vertex 0.00362721 -0.00278326 -0.025
    endloop
  endfacet
  facet normal 0.779884 -0.625924 0
    outer loop
      vertex 0.00362721 -0.00278326 3.6826
      vertex 0.00350236 -0.00293882 3.6826
      vertex 0.00362721 -0.00278326 -0.025
    endloop
  endfacet
  facet normal 0.779884 -0.625924 0
    outer loop
      vertex 0.00362721 -0.00278326 -0.025
      vertex 0.00350236 -0.00293882 3.6826
      vertex 0.00350236 -0.00293882 -0.025
    endloop
  endfacet
  facet normal 0.75184 -0.659346 0
    outer loop
      vertex 0.00350236 -0.00293882 3.6826
      vertex 0.00337083 -0.0030888 3.6826
      vertex 0.00350236 -0.00293882 -0.025
    endloop
  endfacet
  facet normal 0.75184 -0.659346 0
    outer loop
      vertex 0.00350236 -0.00293882 -0.025
      vertex 0.00337083 -0.0030888 3.6826
      vertex 0.00337083 -0.0030888 -0.025
    endloop
  endfacet
  facet normal 0.722364 -0.691513 0
    outer loop
      vertex 0.00337083 -0.0030888 3.6826
      vertex 0.00323289 -0.00323289 3.6826
      vertex 0.00337083 -0.0030888 -0.025
    endloop
  endfacet
  facet normal 0.722364 -0.691513 0
    outer loop
      vertex 0.00337083 -0.0030888 -0.025
      vertex 0.00323289 -0.00323289 3.6826
      vertex 0.00323289 -0.00323289 -0.025
    endloop
  endfacet
  facet normal 0.691513 -0.722364 0
    outer loop
      vertex 0.00323289 -0.00323289 3.6826
      vertex 0.0030888 -0.00337083 3.6826
      vertex 0.00323289 -0.00323289 -0.025
    endloop
  endfacet
  facet normal 0.691513 -0.722364 0
    outer loop
      vertex 0.00323289 -0.00323289 -0.025
      vertex 0.0030888 -0.00337083 3.6826
      vertex 0.0030888 -0.00337083 -0.025
    endloop
  endfacet
  facet normal 0.659346 -0.75184 0
    outer loop
      vertex 0.0030888 -0.00337083 3.6826
      vertex 0.00293882 -0.00350236 3.6826
      vertex 0.0030888 -0.00337083 -0.025
    endloop
  endfacet
  facet normal 0.659346 -0.75184 0
    outer loop
      vertex 0.0030888 -0.00337083 -0.025
      vertex 0.00293882 -0.00350236 3.6826
      vertex 0.00293882 -0.00350236 -0.025
    endloop
  endfacet
  facet normal 0.625924 -0.779884 0
    outer loop
      vertex 0.00293882 -0.00350236 3.6826
      vertex 0.00278326 -0.00362721 3.6826
      vertex 0.00293882 -0.00350236 -0.025
    endloop
  endfacet
  facet normal 0.625924 -0.779884 0
    outer loop
      vertex 0.00293882 -0.00350236 -0.025
      vertex 0.00278326 -0.00362721 3.6826
      vertex 0.00278326 -0.00362721 -0.025
    endloop
  endfacet
  facet normal 0.591309 -0.806445 0
    outer loop
      vertex 0.00278326 -0.00362721 3.6826
      vertex 0.00262239 -0.00374516 3.6826
      vertex 0.00278326 -0.00362721 -0.025
    endloop
  endfacet
  facet normal 0.591309 -0.806445 0
    outer loop
      vertex 0.00278326 -0.00362721 -0.025
      vertex 0.00262239 -0.00374516 3.6826
      vertex 0.00262239 -0.00374516 -0.025
    endloop
  endfacet
  facet normal 0.55557 -0.83147 0
    outer loop
      vertex 0.00262239 -0.00374516 3.6826
      vertex 0.00245653 -0.00385599 3.6826
      vertex 0.00262239 -0.00374516 -0.025
    endloop
  endfacet
  facet normal 0.55557 -0.83147 0
    outer loop
      vertex 0.00262239 -0.00374516 -0.025
      vertex 0.00245653 -0.00385599 3.6826
      vertex 0.00245653 -0.00385599 -0.025
    endloop
  endfacet
  facet normal 0.518774 -0.854912 0
    outer loop
      vertex 0.00245653 -0.00385599 3.6826
      vertex 0.002286 -0.00395947 3.6826
      vertex 0.00245653 -0.00385599 -0.025
    endloop
  endfacet
  facet normal 0.518774 -0.854912 0
    outer loop
      vertex 0.00245653 -0.00385599 -0.025
      vertex 0.002286 -0.00395947 3.6826
      vertex 0.002286 -0.00395947 -0.025
    endloop
  endfacet
  facet normal 0.480988 -0.876727 0
    outer loop
      vertex 0.002286 -0.00395947 3.6826
      vertex 0.00211111 -0.00405541 3.6826
      vertex 0.002286 -0.00395947 -0.025
    endloop
  endfacet
  facet normal 0.480988 -0.876727 0
    outer loop
      vertex 0.002286 -0.00395947 -0.025
      vertex 0.00211111 -0.00405541 3.6826
      vertex 0.00211111 -0.00405541 -0.025
    endloop
  endfacet
  facet normal 0.442288 -0.896873 0
    outer loop
      vertex 0.00211111 -0.00405541 3.6826
      vertex 0.00193221 -0.00414364 3.6826
      vertex 0.00211111 -0.00405541 -0.025
    endloop
  endfacet
  facet normal 0.442288 -0.896873 0
    outer loop
      vertex 0.00211111 -0.00405541 -0.025
      vertex 0.00193221 -0.00414364 3.6826
      vertex 0.00193221 -0.00414364 -0.025
    endloop
  endfacet
  facet normal 0.402748 -0.915311 0
    outer loop
      vertex 0.00193221 -0.00414364 3.6826
      vertex 0.00174963 -0.00422398 3.6826
      vertex 0.00193221 -0.00414364 -0.025
    endloop
  endfacet
  facet normal 0.402748 -0.915311 0
    outer loop
      vertex 0.00193221 -0.00414364 -0.025
      vertex 0.00174963 -0.00422398 3.6826
      vertex 0.00174963 -0.00422398 -0.025
    endloop
  endfacet
  facet normal 0.362439 -0.932008 0
    outer loop
      vertex 0.00174963 -0.00422398 3.6826
      vertex 0.00156372 -0.00429627 3.6826
      vertex 0.00174963 -0.00422398 -0.025
    endloop
  endfacet
  facet normal 0.362439 -0.932008 0
    outer loop
      vertex 0.00174963 -0.00422398 -0.025
      vertex 0.00156372 -0.00429627 3.6826
      vertex 0.00156372 -0.00429627 -0.025
    endloop
  endfacet
  facet normal 0.321439 -0.94693 0
    outer loop
      vertex 0.00156372 -0.00429627 3.6826
      vertex 0.00137483 -0.00436039 3.6826
      vertex 0.00156372 -0.00429627 -0.025
    endloop
  endfacet
  facet normal 0.321439 -0.94693 0
    outer loop
      vertex 0.00156372 -0.00429627 -0.025
      vertex 0.00137483 -0.00436039 3.6826
      vertex 0.00137483 -0.00436039 -0.025
    endloop
  endfacet
  facet normal 0.279828 -0.96005 0
    outer loop
      vertex 0.00137483 -0.00436039 3.6826
      vertex 0.00118332 -0.00441621 3.6826
      vertex 0.00137483 -0.00436039 -0.025
    endloop
  endfacet
  facet normal 0.279828 -0.96005 0
    outer loop
      vertex 0.00137483 -0.00436039 -0.025
      vertex 0.00118332 -0.00441621 3.6826
      vertex 0.00118332 -0.00441621 -0.025
    endloop
  endfacet
  facet normal 0.237685 -0.971342 0
    outer loop
      vertex 0.00118332 -0.00441621 3.6826
      vertex 0.000989562 -0.00446363 3.6826
      vertex 0.00118332 -0.00441621 -0.025
    endloop
  endfacet
  facet normal 0.237685 -0.971342 0
    outer loop
      vertex 0.00118332 -0.00441621 -0.025
      vertex 0.000989562 -0.00446363 3.6826
      vertex 0.000989562 -0.00446363 -0.025
    endloop
  endfacet
  facet normal 0.195091 -0.980785 0
    outer loop
      vertex 0.000989562 -0.00446363 3.6826
      vertex 0.000793919 -0.00450254 3.6826
      vertex 0.000989562 -0.00446363 -0.025
    endloop
  endfacet
  facet normal 0.195091 -0.980785 0
    outer loop
      vertex 0.000989562 -0.00446363 -0.025
      vertex 0.000793919 -0.00450254 3.6826
      vertex 0.000793919 -0.00450254 -0.025
    endloop
  endfacet
  facet normal 0.152123 -0.988362 0
    outer loop
      vertex 0.000793919 -0.00450254 3.6826
      vertex 0.000596766 -0.00453289 3.6826
      vertex 0.000793919 -0.00450254 -0.025
    endloop
  endfacet
  facet normal 0.152123 -0.988362 0
    outer loop
      vertex 0.000793919 -0.00450254 -0.025
      vertex 0.000596766 -0.00453289 3.6826
      vertex 0.000596766 -0.00453289 -0.025
    endloop
  endfacet
  facet normal 0.108868 -0.994056 0
    outer loop
      vertex 0.000596766 -0.00453289 3.6826
      vertex 0.000398476 -0.0045546 3.6826
      vertex 0.000596766 -0.00453289 -0.025
    endloop
  endfacet
  facet normal 0.108868 -0.994056 0
    outer loop
      vertex 0.000596766 -0.00453289 -0.025
      vertex 0.000398476 -0.0045546 3.6826
      vertex 0.000398476 -0.0045546 -0.025
    endloop
  endfacet
  facet normal 0.0654014 -0.997859 0
    outer loop
      vertex 0.000398476 -0.0045546 3.6826
      vertex 0.000199428 -0.00456765 3.6826
      vertex 0.000398476 -0.0045546 -0.025
    endloop
  endfacet
  facet normal 0.0654014 -0.997859 0
    outer loop
      vertex 0.000398476 -0.0045546 -0.025
      vertex 0.000199428 -0.00456765 3.6826
      vertex 0.000199428 -0.00456765 -0.025
    endloop
  endfacet
  facet normal 0.0218153 -0.999762 0
    outer loop
      vertex 0.000199428 -0.00456765 3.6826
      vertex 8.39863e-19 -0.004572 3.6826
      vertex 0.000199428 -0.00456765 -0.025
    endloop
  endfacet
  facet normal 0.0218153 -0.999762 0
    outer loop
      vertex 0.000199428 -0.00456765 -0.025
      vertex 8.39863e-19 -0.004572 3.6826
      vertex 8.39863e-19 -0.004572 -0.025
    endloop
  endfacet
  facet normal -0.0218153 -0.999762 0
    outer loop
      vertex 8.39863e-19 -0.004572 3.6826
      vertex -0.000199428 -0.00456765 3.6826
      vertex 8.39863e-19 -0.004572 -0.025
    endloop
  endfacet
  facet normal -0.0218153 -0.999762 0
    outer loop
      vertex 8.39863e-19 -0.004572 -0.025
      vertex -0.000199428 -0.00456765 3.6826
      vertex -0.000199428 -0.00456765 -0.025
    endloop
  endfacet
  facet normal -0.0654014 -0.997859 0
    outer loop
      vertex -0.000199428 -0.00456765 3.6826
      vertex -0.000398476 -0.0045546 3.6826
      vertex -0.000199428 -0.00456765 -0.025
    endloop
  endfacet
  facet normal -0.0654014 -0.997859 0
    outer loop
      vertex -0.000199428 -0.00456765 -0.025
      vertex -0.000398476 -0.0045546 3.6826
      vertex -0.000398476 -0.0045546 -0.025
    endloop
  endfacet
  facet normal -0.108868 -0.994056 0
    outer loop
      vertex -0.000398476 -0.0045546 3.6826
      vertex -0.000596766 -0.00453289 3.6826
      vertex -0.000398476 -0.0045546 -0.025
    endloop
  endfacet
  facet normal -0.108868 -0.994056 0
    outer loop
      vertex -0.000398476 -0.0045546 -0.025
      vertex -0.000596766 -0.00453289 3.6826
      vertex -0.000596766 -0.00453289 -0.025
    endloop
  endfacet
  facet normal -0.152123 -0.988362 0
    outer loop
      vertex -0.000596766 -0.00453289 3.6826
      vertex -0.000793919 -0.00450254 3.6826
      vertex -0.000596766 -0.00453289 -0.025
    endloop
  endfacet
  facet normal -0.152123 -0.988362 0
    outer loop
      vertex -0.000596766 -0.00453289 -0.025
      vertex -0.000793919 -0.00450254 3.6826
      vertex -0.000793919 -0.00450254 -0.025
    endloop
  endfacet
  facet normal -0.195091 -0.980785 0
    outer loop
      vertex -0.000793919 -0.00450254 3.6826
      vertex -0.000989562 -0.00446363 3.6826
      vertex -0.000793919 -0.00450254 -0.025
    endloop
  endfacet
  facet normal -0.195091 -0.980785 0
    outer loop
      vertex -0.000793919 -0.00450254 -0.025
      vertex -0.000989562 -0.00446363 3.6826
      vertex -0.000989562 -0.00446363 -0.025
    endloop
  endfacet
  facet normal -0.237685 -0.971342 0
    outer loop
      vertex -0.000989562 -0.00446363 3.6826
      vertex -0.00118332 -0.00441621 3.6826
      vertex -0.000989562 -0.00446363 -0.025
    endloop
  endfacet
  facet normal -0.237685 -0.971342 0
    outer loop
      vertex -0.000989562 -0.00446363 -0.025
      vertex -0.00118332 -0.00441621 3.6826
      vertex -0.00118332 -0.00441621 -0.025
    endloop
  endfacet
  facet normal -0.279828 -0.96005 0
    outer loop
      vertex -0.00118332 -0.00441621 3.6826
      vertex -0.00137483 -0.00436039 3.6826
      vertex -0.00118332 -0.00441621 -0.025
    endloop
  endfacet
  facet normal -0.279828 -0.96005 0
    outer loop
      vertex -0.00118332 -0.00441621 -0.025
      vertex -0.00137483 -0.00436039 3.6826
      vertex -0.00137483 -0.00436039 -0.025
    endloop
  endfacet
  facet normal -0.321439 -0.94693 0
    outer loop
      vertex -0.00137483 -0.00436039 3.6826
      vertex -0.00156372 -0.00429627 3.6826
      vertex -0.00137483 -0.00436039 -0.025
    endloop
  endfacet
  facet normal -0.321439 -0.94693 0
    outer loop
      vertex -0.00137483 -0.00436039 -0.025
      vertex -0.00156372 -0.00429627 3.6826
      vertex -0.00156372 -0.00429627 -0.025
    endloop
  endfacet
  facet normal -0.362439 -0.932008 0
    outer loop
      vertex -0.00156372 -0.00429627 3.6826
      vertex -0.00174963 -0.00422398 3.6826
      vertex -0.00156372 -0.00429627 -0.025
    endloop
  endfacet
  facet normal -0.362439 -0.932008 0
    outer loop
      vertex -0.00156372 -0.00429627 -0.025
      vertex -0.00174963 -0.00422398 3.6826
      vertex -0.00174963 -0.00422398 -0.025
    endloop
  endfacet
  facet normal -0.402748 -0.915311 0
    outer loop
      vertex -0.00174963 -0.00422398 3.6826
      vertex -0.00193221 -0.00414364 3.6826
      vertex -0.00174963 -0.00422398 -0.025
    endloop
  endfacet
  facet normal -0.402748 -0.915311 0
    outer loop
      vertex -0.00174963 -0.00422398 -0.025
      vertex -0.00193221 -0.00414364 3.6826
      vertex -0.00193221 -0.00414364 -0.025
    endloop
  endfacet
  facet normal -0.442288 -0.896873 0
    outer loop
      vertex -0.00193221 -0.00414364 3.6826
      vertex -0.00211111 -0.00405541 3.6826
      vertex -0.00193221 -0.00414364 -0.025
    endloop
  endfacet
  facet normal -0.442288 -0.896873 0
    outer loop
      vertex -0.00193221 -0.00414364 -0.025
      vertex -0.00211111 -0.00405541 3.6826
      vertex -0.00211111 -0.00405541 -0.025
    endloop
  endfacet
  facet normal -0.480988 -0.876727 0
    outer loop
      vertex -0.00211111 -0.00405541 3.6826
      vertex -0.002286 -0.00395947 3.6826
      vertex -0.00211111 -0.00405541 -0.025
    endloop
  endfacet
  facet normal -0.480988 -0.876727 0
    outer loop
      vertex -0.00211111 -0.00405541 -0.025
      vertex -0.002286 -0.00395947 3.6826
      vertex -0.002286 -0.00395947 -0.025
    endloop
  endfacet
  facet normal -0.518774 -0.854912 0
    outer loop
      vertex -0.002286 -0.00395947 3.6826
      vertex -0.00245653 -0.00385599 3.6826
      vertex -0.002286 -0.00395947 -0.025
    endloop
  endfacet
  facet normal -0.518774 -0.854912 0
    outer loop
      vertex -0.002286 -0.00395947 -0.025
      vertex -0.00245653 -0.00385599 3.6826
      vertex -0.00245653 -0.00385599 -0.025
    endloop
  endfacet
  facet normal -0.55557 -0.83147 0
    outer loop
      vertex -0.00245653 -0.00385599 3.6826
      vertex -0.00262239 -0.00374516 3.6826
      vertex -0.00245653 -0.00385599 -0.025
    endloop
  endfacet
  facet normal -0.55557 -0.83147 0
    outer loop
      vertex -0.00245653 -0.00385599 -0.025
      vertex -0.00262239 -0.00374516 3.6826
      vertex -0.00262239 -0.00374516 -0.025
    endloop
  endfacet
  facet normal -0.591309 -0.806445 0
    outer loop
      vertex -0.00262239 -0.00374516 3.6826
      vertex -0.00278326 -0.00362721 3.6826
      vertex -0.00262239 -0.00374516 -0.025
    endloop
  endfacet
  facet normal -0.591309 -0.806445 0
    outer loop
      vertex -0.00262239 -0.00374516 -0.025
      vertex -0.00278326 -0.00362721 3.6826
      vertex -0.00278326 -0.00362721 -0.025
    endloop
  endfacet
  facet normal -0.625924 -0.779884 0
    outer loop
      vertex -0.00278326 -0.00362721 3.6826
      vertex -0.00293882 -0.00350236 3.6826
      vertex -0.00278326 -0.00362721 -0.025
    endloop
  endfacet
  facet normal -0.625924 -0.779884 0
    outer loop
      vertex -0.00278326 -0.00362721 -0.025
      vertex -0.00293882 -0.00350236 3.6826
      vertex -0.00293882 -0.00350236 -0.025
    endloop
  endfacet
  facet normal -0.659346 -0.75184 0
    outer loop
      vertex -0.00293882 -0.00350236 3.6826
      vertex -0.0030888 -0.00337083 3.6826
      vertex -0.00293882 -0.00350236 -0.025
    endloop
  endfacet
  facet normal -0.659346 -0.75184 0
    outer loop
      vertex -0.00293882 -0.00350236 -0.025
      vertex -0.0030888 -0.00337083 3.6826
      vertex -0.0030888 -0.00337083 -0.025
    endloop
  endfacet
  facet normal -0.691513 -0.722364 0
    outer loop
      vertex -0.0030888 -0.00337083 3.6826
      vertex -0.00323289 -0.00323289 3.6826
      vertex -0.0030888 -0.00337083 -0.025
    endloop
  endfacet
  facet normal -0.691513 -0.722364 0
    outer loop
      vertex -0.0030888 -0.00337083 -0.025
      vertex -0.00323289 -0.00323289 3.6826
      vertex -0.00323289 -0.00323289 -0.025
    endloop
  endfacet
  facet normal -0.722364 -0.691513 0
    outer loop
      vertex -0.00323289 -0.00323289 3.6826
      vertex -0.00337083 -0.0030888 3.6826
      vertex -0.00323289 -0.00323289 -0.025
    endloop
  endfacet
  facet normal -0.722364 -0.691513 0
    outer loop
      vertex -0.00323289 -0.00323289 -0.025
      vertex -0.00337083 -0.0030888 3.6826
      vertex -0.00337083 -0.0030888 -0.025
    endloop
  endfacet
  facet normal -0.75184 -0.659346 0
    outer loop
      vertex -0.00337083 -0.0030888 3.6826
      vertex -0.00350236 -0.00293882 3.6826
      vertex -0.00337083 -0.0030888 -0.025
    endloop
  endfacet
  facet normal -0.75184 -0.659346 0
    outer loop
      vertex -0.00337083 -0.0030888 -0.025
      vertex -0.00350236 -0.00293882 3.6826
      vertex -0.00350236 -0.00293882 -0.025
    endloop
  endfacet
  facet normal -0.779884 -0.625924 0
    outer loop
      vertex -0.00350236 -0.00293882 3.6826
      vertex -0.00362721 -0.00278326 3.6826
      vertex -0.00350236 -0.00293882 -0.025
    endloop
  endfacet
  facet normal -0.779884 -0.625924 0
    outer loop
      vertex -0.00350236 -0.00293882 -0.025
      vertex -0.00362721 -0.00278326 3.6826
      vertex -0.00362721 -0.00278326 -0.025
    endloop
  endfacet
  facet normal -0.806445 -0.591309 0
    outer loop
      vertex -0.00362721 -0.00278326 3.6826
      vertex -0.00374516 -0.00262239 3.6826
      vertex -0.00362721 -0.00278326 -0.025
    endloop
  endfacet
  facet normal -0.806445 -0.591309 0
    outer loop
      vertex -0.00362721 -0.00278326 -0.025
      vertex -0.00374516 -0.00262239 3.6826
      vertex -0.00374516 -0.00262239 -0.025
    endloop
  endfacet
  facet normal -0.83147 -0.55557 0
    outer loop
      vertex -0.00374516 -0.00262239 3.6826
      vertex -0.00385599 -0.00245653 3.6826
      vertex -0.00374516 -0.00262239 -0.025
    endloop
  endfacet
  facet normal -0.83147 -0.55557 0
    outer loop
      vertex -0.00374516 -0.00262239 -0.025
      vertex -0.00385599 -0.00245653 3.6826
      vertex -0.00385599 -0.00245653 -0.025
    endloop
  endfacet
  facet normal -0.854912 -0.518774 0
    outer loop
      vertex -0.00385599 -0.00245653 3.6826
      vertex -0.00395947 -0.002286 3.6826
      vertex -0.00385599 -0.00245653 -0.025
    endloop
  endfacet
  facet normal -0.854912 -0.518774 0
    outer loop
      vertex -0.00385599 -0.00245653 -0.025
      vertex -0.00395947 -0.002286 3.6826
      vertex -0.00395947 -0.002286 -0.025
    endloop
  endfacet
  facet normal -0.876727 -0.480988 0
    outer loop
      vertex -0.00395947 -0.002286 3.6826
      vertex -0.00405541 -0.00211111 3.6826
      vertex -0.00395947 -0.002286 -0.025
    endloop
  endfacet
  facet normal -0.876727 -0.480988 0
    outer loop
      vertex -0.00395947 -0.002286 -0.025
      vertex -0.00405541 -0.00211111 3.6826
      vertex -0.00405541 -0.00211111 -0.025
    endloop
  endfacet
  facet normal -0.896873 -0.442288 0
    outer loop
      vertex -0.00405541 -0.00211111 3.6826
      vertex -0.00414364 -0.00193221 3.6826
      vertex -0.00405541 -0.00211111 -0.025
    endloop
  endfacet
  facet normal -0.896873 -0.442288 0
    outer loop
      vertex -0.00405541 -0.00211111 -0.025
      vertex -0.00414364 -0.00193221 3.6826
      vertex -0.00414364 -0.00193221 -0.025
    endloop
  endfacet
  facet normal -0.915311 -0.402748 0
    outer loop
      vertex -0.00414364 -0.00193221 3.6826
      vertex -0.00422398 -0.00174963 3.6826
      vertex -0.00414364 -0.00193221 -0.025
    endloop
  endfacet
  facet normal -0.915311 -0.402748 0
    outer loop
      vertex -0.00414364 -0.00193221 -0.025
      vertex -0.00422398 -0.00174963 3.6826
      vertex -0.00422398 -0.00174963 -0.025
    endloop
  endfacet
  facet normal -0.932008 -0.362439 0
    outer loop
      vertex -0.00422398 -0.00174963 3.6826
      vertex -0.00429627 -0.00156372 3.6826
      vertex -0.00422398 -0.00174963 -0.025
    endloop
  endfacet
  facet normal -0.932008 -0.362439 0
    outer loop
      vertex -0.00422398 -0.00174963 -0.025
      vertex -0.00429627 -0.00156372 3.6826
      vertex -0.00429627 -0.00156372 -0.025
    endloop
  endfacet
  facet normal -0.94693 -0.321439 0
    outer loop
      vertex -0.00429627 -0.00156372 3.6826
      vertex -0.00436039 -0.00137483 3.6826
      vertex -0.00429627 -0.00156372 -0.025
    endloop
  endfacet
  facet normal -0.94693 -0.321439 0
    outer loop
      vertex -0.00429627 -0.00156372 -0.025
      vertex -0.00436039 -0.00137483 3.6826
      vertex -0.00436039 -0.00137483 -0.025
    endloop
  endfacet
  facet normal -0.96005 -0.279828 0
    outer loop
      vertex -0.00436039 -0.00137483 3.6826
      vertex -0.00441621 -0.00118332 3.6826
      vertex -0.00436039 -0.00137483 -0.025
    endloop
  endfacet
  facet normal -0.96005 -0.279828 0
    outer loop
      vertex -0.00436039 -0.00137483 -0.025
      vertex -0.00441621 -0.00118332 3.6826
      vertex -0.00441621 -0.00118332 -0.025
    endloop
  endfacet
  facet normal -0.971342 -0.237685 0
    outer loop
      vertex -0.00441621 -0.00118332 3.6826
      vertex -0.00446363 -0.000989562 3.6826
      vertex -0.00441621 -0.00118332 -0.025
    endloop
  endfacet
  facet normal -0.971342 -0.237685 0
    outer loop
      vertex -0.00441621 -0.00118332 -0.025
      vertex -0.00446363 -0.000989562 3.6826
      vertex -0.00446363 -0.000989562 -0.025
    endloop
  endfacet
  facet normal -0.980785 -0.195091 0
    outer loop
      vertex -0.00446363 -0.000989562 3.6826
      vertex -0.00450254 -0.000793919 3.6826
      vertex -0.00446363 -0.000989562 -0.025
    endloop
  endfacet
  facet normal -0.980785 -0.195091 0
    outer loop
      vertex -0.00446363 -0.000989562 -0.025
      vertex -0.00450254 -0.000793919 3.6826
      vertex -0.00450254 -0.000793919 -0.025
    endloop
  endfacet
  facet normal -0.988362 -0.152123 0
    outer loop
      vertex -0.00450254 -0.000793919 3.6826
      vertex -0.00453289 -0.000596766 3.6826
      vertex -0.00450254 -0.000793919 -0.025
    endloop
  endfacet
  facet normal -0.988362 -0.152123 0
    outer loop
      vertex -0.00450254 -0.000793919 -0.025
      vertex -0.00453289 -0.000596766 3.6826
      vertex -0.00453289 -0.000596766 -0.025
    endloop
  endfacet
  facet normal -0.994056 -0.108868 0
    outer loop
      vertex -0.00453289 -0.000596766 3.6826
      vertex -0.0045546 -0.000398476 3.6826
      vertex -0.00453289 -0.000596766 -0.025
    endloop
  endfacet
  facet normal -0.994056 -0.108868 0
    outer loop
      vertex -0.00453289 -0.000596766 -0.025
      vertex -0.0045546 -0.000398476 3.6826
      vertex -0.0045546 -0.000398476 -0.025
    endloop
  endfacet
  facet normal -0.997859 -0.0654014 0
    outer loop
      vertex -0.0045546 -0.000398476 3.6826
      vertex -0.00456765 -0.000199428 3.6826
      vertex -0.0045546 -0.000398476 -0.025
    endloop
  endfacet
  facet normal -0.997859 -0.0654014 0
    outer loop
      vertex -0.0045546 -0.000398476 -0.025
      vertex -0.00456765 -0.000199428 3.6826
      vertex -0.00456765 -0.000199428 -0.025
    endloop
  endfacet
  facet normal -0.999762 -0.0218153 0
    outer loop
      vertex -0.00456765 -0.000199428 3.6826
      vertex -0.004572 2.79954e-19 3.6826
      vertex -0.00456765 -0.000199428 -0.025
    endloop
  endfacet
  facet normal -0.999762 -0.0218153 0
    outer loop
      vertex -0.00456765 -0.000199428 -0.025
      vertex -0.004572 2.79954e-19 3.6826
      vertex -0.004572 2.79954e-19 -0.025
    endloop
  endfacet
  facet normal -0.999762 0.0218153 0
    outer loop
      vertex -0.004572 2.79954e-19 3.6826
      vertex -0.00456765 0.000199428 3.6826
      vertex -0.004572 2.79954e-19 -0.025
    endloop
  endfacet
endsolid cladding_coolant_boundary
