/*--------------------------------*- C++ -*----------------------------------*\
| =========                 |                                                 |
| \\      /  F ield         | OpenFOAM: The Open Source CFD Toolbox           |
|  \\    /   O peration     | Version:  2412                                  |
|   \\  /    A nd           | Website:  www.openfoam.com                      |
|    \\/     M anipulation  |                                                 |
\*---------------------------------------------------------------------------*/
FoamFile
{
    version     2.0;
    format      ascii;
    arch        "LSB;label=32;scalar=64";
    class       faceList;
    location    "constant/claddingZone/polyMesh";
    object      faces;
}
// * * * * * * * * * * * * * * * * * * * * * * * * * * * * * * * * * * * * * //


13043
(
4(3657 6264 6355 6327)
4(3657 6327 6326 3656)
4(3656 6263 6264 3657)
4(4122 6333 6327 3657)
4(3657 6264 6267 4122)
4(3655 6325 6327 3657)
4(4121 6332 6325 3655)
4(3655 3657 4122 4121)
4(3654 3656 3657 3655)
4(4119 6330 6323 3653)
4(3653 3655 4121 4119)
4(4117 6328 6330 4119)
4(4118 6329 6328 4117)
4(4117 4119 4120 4118)
4(4117 6328 6322 3652)
4(3652 3653 4119 4117)
4(3638 4117 6328 6320)
4(3638 6320 6311 3176)
4(3176 3652 4117 3638)
4(3639 6321 6320 3638)
4(3638 4117 4118 3639)
4(3636 6318 6320 3638)
4(3637 6319 6318 3636)
4(3636 3638 3639 3637)
4(3636 6318 6310 3175)
4(3175 3176 3638 3636)
4(3195 3636 6318 6314)
4(3195 6314 6309 3174)
4(3174 3175 3636 3195)
4(3196 6315 6314 3195)
4(3195 3636 3637 3196)
4(3193 6312 6314 3195)
4(3194 6313 6312 3193)
4(3193 3195 3196 3194)
4(3173 3174 3195 3193)
4(398 399 6276 6275)
4(398 3193 3194 399)
4(397 6274 6273 396)
4(396 398 399 397)
4(394 396 6273 6271)
4(394 6271 6352 6120)
4(6120 6121 396 394)
4(395 6272 6271 394)
4(394 396 397 395)
4(392 6269 6271 394)
4(393 6270 6269 392)
4(392 394 395 393)
4(392 6269 6351 6119)
4(6119 6120 394 392)
4(5465 392 6269 6344)
4(5465 6344 6338 5445)
4(5445 6119 392 5465)
4(5466 6345 6344 5465)
4(5465 392 393 5466)
4(5463 6342 6344 5465)
4(5464 6343 6342 5463)
4(5463 5465 5466 5464)
4(5463 6342 6337 5444)
4(5444 5445 5465 5463)
4(5461 5463 6342 6340)
4(5461 6340 6336 5443)
4(5443 5444 5463 5461)
4(5461 5463 5464 5462)
4(5460 6339 6335 5442)
4(5442 5443 5461 5460)
4(3108 5442 6335 6307)
4(3108 6307 6306 3107)
4(3107 5441 5442 3108)
4(3589 6317 6307 3108)
4(3108 5442 5460 3589)
4(3106 6305 6307 3108)
4(3106 3108 3589 3588)
4(3106 6305 6304 3105)
4(3105 3107 3108 3106)
4(3102 3105 6304 6301)
4(3102 6301 6298 3099)
4(3099 3104 3105 3102)
4(3103 6302 6301 3102)
4(3102 3105 3106 3103)
4(3100 6299 6301 3102)
4(3100 3102 3103 3101)
4(3100 6299 6297 3098)
4(3098 3099 3102 3100)
4(2575 3098 6297 6294)
4(2575 6294 6293 2574)
4(2574 3097 3098 2575)
4(2575 3098 3100 2576)
4(2573 6292 6291 2572)
4(2572 2574 2575 2573)
4(2570 2572 6291 6289)
4(2570 6289 6350 6066)
4(6066 381 2572 2570)
4(2570 2572 2573 2571)
4(6064 6348 6350 6066)
4(6064 6066 2570 2569)
4(6064 6348 6347 6063)
4(6063 6065 6066 6064)
4(2124 6063 6347 6286)
4(2124 6286 6284 2122)
4(2122 6062 6063 2124)
4(2124 6063 6064 2125)
4(2120 6282 6284 2122)
4(2120 2122 2124 2123)
4(2120 6282 6281 2119)
4(2119 2121 2122 2120)
4(1578 2119 6281 6279)
4(1558 1559 2119 1578)
4(1578 2119 2120 1579)
4(3651 5707 6266 4116)
4(3651 3657 6264 5707)
4(3651 4116 4122 3657)
4(3647 3651 5707 5705)
4(3647 5705 6265 4114)
4(3647 4114 4116 3651)
4(3650 5706 5707 3651)
4(3650 3651 3657 3656)
4(3646 5704 5705 3647)
4(3646 3647 3651 3650)
4(517 5065 5705 3647)
4(516 5064 5065 517)
4(516 517 3647 3646)
4(517 5065 5703 1112)
4(517 1112 4114 3647)
4(513 5063 5702 1110)
4(513 517 5065 5063)
4(513 1110 1112 517)
4(505 5061 5701 1100)
4(505 513 5063 5061)
4(505 1100 1110 513)
4(501 5059 5066 1098)
4(501 505 5061 5059)
4(501 1098 1100 505)
4(5676 501 5059 4108)
4(5676 4108 4112 5700)
4(5676 5700 1098 501)
4(500 501 5059 5058)
4(5675 4107 4108 5676)
4(5675 5676 501 500)
4(504 505 5061 5060)
4(500 501 505 504)
4(512 513 5063 5062)
4(504 505 513 512)
4(512 513 517 516)
4(3649 3651 3657 3655)
4(3648 3650 3651 3649)
4(3649 4115 4121 3655)
4(3649 3651 4116 4115)
4(5672 4106 4111 5698)
4(5672 5676 4108 4106)
4(5672 5698 5700 5676)
4(5664 3635 4110 5688)
4(5664 5672 4106 3635)
4(5664 5688 5698 5672)
4(5660 3633 4109 5686)
4(5660 5664 3635 3633)
4(5660 5686 5688 5664)
4(5636 5660 3633 4100)
4(5636 6230 5686 5660)
4(5636 4100 4104 6230)
4(5659 5660 3633 3632)
4(5635 4099 4100 5636)
4(5635 5636 5660 5659)
4(5663 5664 3635 3634)
4(5659 5660 5664 5663)
4(5671 5672 4106 4105)
4(5663 5664 5672 5671)
4(5671 5672 5676 5675)
4(3643 3664 4119 3653)
4(3643 3649 4115 3664)
4(3662 4117 4119 3664)
4(3662 3663 4118 4117)
4(3662 3664 3665 3663)
4(3642 3662 4117 3652)
4(3642 3643 3664 3662)
4(3191 3662 4117 3638)
4(3172 3642 3662 3191)
4(3172 3191 3638 3176)
4(3191 3662 3663 3192)
4(3191 3192 3639 3638)
4(3658 3662 3663 3659)
4(3187 3191 3662 3658)
4(3187 3658 3659 3188)
4(3187 3188 3192 3191)
4(3658 3660 3661 3659)
4(3658 3662 3664 3660)
4(3645 4113 4115 3649)
4(3645 3647 4114 4113)
4(3645 3649 3651 3647)
4(3641 3645 4113 3660)
4(3641 3660 3664 3643)
4(515 3645 4113 1111)
4(509 1107 3660 3641)
4(509 515 1111 1107)
4(515 517 1112 1111)
4(515 3645 3647 517)
4(1105 3658 3660 1107)
4(1105 1106 3659 3658)
4(1105 1107 1108 1106)
4(3640 3658 3660 3641)
4(508 1105 3658 3640)
4(508 509 1107 1105)
4(3640 3658 3662 3642)
4(3170 3640 3658 3187)
4(3170 3187 3191 3172)
4(492 1105 3658 3187)
4(6246 492 3187 3170)
4(6246 508 1105 492)
4(492 493 3188 3187)
4(492 1105 1106 493)
4(3185 3186 3188 3187)
4(490 3185 3187 492)
4(490 491 3186 3185)
4(490 492 493 491)
4(3189 3190 3192 3191)
4(3185 3186 3190 3189)
4(3185 3189 3191 3187)
4(3189 3636 3638 3191)
4(3189 3190 3637 3636)
4(3171 3189 3636 3175)
4(3171 3172 3191 3189)
4(3183 3189 3636 3195)
4(3168 3183 3195 3174)
4(3168 3171 3189 3183)
4(3183 3184 3196 3195)
4(3183 3189 3190 3184)
4(3181 3193 3195 3183)
4(3181 3182 3194 3193)
4(3181 3183 3184 3182)
4(3167 3168 3183 3181)
4(6136 3181 3182 6137)
4(6136 6137 399 398)
4(3177 3181 3182 3178)
4(6132 3177 3178 6133)
4(6132 6133 6137 6136)
4(3179 3183 3184 3180)
4(3177 3179 3180 3178)
4(3177 3181 3183 3179)
4(3179 3183 3189 3185)
4(3179 3185 3186 3180)
4(3169 3171 3189 3185)
4(3166 3169 3185 3179)
4(3166 3179 3183 3168)
4(3169 3170 3187 3185)
4(6245 490 3185 3169)
4(6245 6246 492 490)
4(484 490 3185 3179)
4(6242 484 3179 3166)
4(6242 6245 490 484)
4(484 485 3180 3179)
4(484 490 491 485)
4(482 3177 3179 484)
4(482 483 3178 3177)
4(482 484 485 483)
4(3165 3177 3179 3166)
4(6241 6242 484 482)
4(5435 482 483 5436)
4(5435 5436 6133 6132)
4(478 482 483 479)
4(5431 478 479 5432)
4(5431 5432 5436 5435)
4(480 484 485 481)
4(478 480 481 479)
4(478 482 484 480)
4(486 490 491 487)
4(480 484 490 486)
4(480 486 487 481)
4(488 492 493 489)
4(486 490 492 488)
4(486 488 489 487)
4(1101 1105 1106 1102)
4(488 492 1105 1101)
4(488 1101 1102 489)
4(1101 1103 1104 1102)
4(1101 1105 1107 1103)
4(511 1109 1111 515)
4(511 513 1110 1109)
4(511 515 517 513)
4(507 511 1109 1103)
4(507 1103 1107 509)
4(503 511 1109 1099)
4(497 1095 1103 507)
4(497 503 1099 1095)
4(503 505 1100 1099)
4(503 511 513 505)
4(1093 1101 1103 1095)
4(1093 1094 1102 1101)
4(1093 1095 1096 1094)
4(506 1101 1103 507)
4(496 1093 1101 506)
4(496 497 1095 1093)
4(506 1101 1105 508)
4(6244 506 1101 488)
4(6244 488 492 6246)
4(6261 1093 1101 488)
4(6238 496 1093 6261)
4(6238 6261 488 6244)
4(6261 1093 1094 6262)
4(6261 6262 489 488)
4(1089 1093 1094 1090)
4(6257 1089 1090 6258)
4(6257 6261 1093 1089)
4(6257 6258 6262 6261)
4(1089 1091 1092 1090)
4(1089 1093 1095 1091)
4(499 1097 1099 503)
4(499 501 1098 1097)
4(499 503 505 501)
4(495 499 1097 1091)
4(495 1091 1095 497)
4(5674 499 1097 5699)
4(5668 5695 1091 495)
4(5668 5674 5699 5695)
4(5674 499 501 5676)
4(5674 5676 5700 5699)
4(5693 5694 1090 1089)
4(5693 1089 1091 5695)
4(5693 5695 5696 5694)
4(5052 6257 1089 5693)
4(5052 5053 6258 6257)
4(5052 5693 5694 5053)
4(6236 6257 1089 494)
4(5667 494 1089 5693)
4(5021 5052 6257 6236)
4(5021 5667 5693 5052)
4(494 496 1093 1089)
4(6236 6257 6261 6238)
4(494 495 1091 1089)
4(5667 5668 5695 5693)
4(3644 3646 3647 3645)
4(514 516 517 515)
4(510 512 513 511)
4(502 504 505 503)
4(498 500 501 499)
4(5673 5675 5676 5674)
4(5670 5672 5676 5674)
4(5669 5671 5672 5670)
4(5670 5672 5698 5697)
4(5670 5697 5699 5674)
4(6243 486 490 6245)
4(6243 6244 488 486)
4(6240 6243 486 480)
4(6240 480 484 6242)
4(6237 6243 486 6259)
4(6253 6259 486 480)
4(6234 6237 6259 6253)
4(6234 6253 480 6240)
4(6259 6261 488 486)
4(6237 6238 6261 6259)
4(6259 6260 487 486)
4(6259 6261 6262 6260)
4(6251 478 479 6252)
4(5419 6251 6252 5420)
4(5419 5420 5432 5431)
4(6253 480 481 6254)
4(6251 6253 6254 6252)
4(6251 478 480 6253)
4(6253 6259 6260 6254)
4(6255 6259 6260 6256)
4(6249 6253 6259 6255)
4(6249 6255 6256 6250)
4(6249 6250 6254 6253)
4(6255 6259 6261 6257)
4(6255 6257 6258 6256)
4(6235 6255 6259 6237)
4(6235 6236 6257 6255)
4(6232 6235 6255 6249)
4(6232 6249 6253 6234)
4(5020 6235 6255 5050)
4(5044 5050 6255 6249)
4(4572 5044 6249 6232)
4(4572 5020 5050 5044)
4(5050 5052 6257 6255)
4(5020 5021 5052 5050)
4(5050 5051 6256 6255)
4(5050 5052 5053 5051)
4(5044 5045 6250 6249)
4(5044 5050 5051 5045)
4(6247 6248 6250 6249)
4(5042 6247 6249 5044)
4(5042 5043 6248 6247)
4(5042 5044 5045 5043)
4(6247 6248 6252 6251)
4(6247 6251 6253 6249)
4(5415 6247 6248 5416)
4(5415 5416 5420 5419)
4(6239 6240 480 478)
4(6233 6234 6253 6251)
4(6231 6232 6249 6247)
4(4571 4572 5044 5042)
4(4468 5042 5043 4469)
4(4468 4469 5416 5415)
4(5038 5042 5043 5039)
4(4464 5038 5039 4465)
4(4464 4465 4469 4468)
4(5040 5044 5045 5041)
4(5038 5040 5041 5039)
4(5038 5042 5044 5040)
4(5046 5050 5051 5047)
4(5040 5044 5050 5046)
4(5040 5046 5047 5041)
4(5048 5052 5053 5049)
4(5046 5050 5052 5048)
4(5046 5048 5049 5047)
4(5689 5693 5694 5690)
4(5048 5052 5693 5689)
4(5048 5689 5690 5049)
4(5689 5691 5692 5690)
4(5689 5693 5695 5691)
4(5681 5689 5691 5683)
4(5681 5683 5684 5682)
4(5681 5682 5690 5689)
4(5662 5687 5697 5670)
4(5662 5664 5688 5687)
4(5662 5670 5672 5664)
4(5666 5691 5697 5670)
4(5057 5683 5691 5666)
4(5057 5662 5687 5683)
4(5666 5691 5695 5668)
4(5665 5689 5693 5667)
4(5665 5666 5691 5689)
4(5019 5665 5689 5048)
4(5019 5048 5052 5021)
4(5056 5665 5689 5681)
4(4568 5036 5048 5019)
4(5036 5681 5689 5048)
4(4568 5056 5681 5036)
4(5056 5057 5683 5681)
4(5055 5057 5683 5679)
4(5054 5055 5679 5677)
4(5677 5679 5683 5681)
4(5054 5677 5681 5056)
4(5658 5662 5687 5685)
4(5055 5658 5685 5679)
4(5658 5660 5686 5685)
4(5658 5662 5664 5660)
4(5634 6229 5685 5658)
4(5634 5636 6230 6229)
4(5634 5658 5660 5636)
4(5628 5655 5679 5055)
4(5628 5634 6229 5655)
4(5653 5655 5679 5677)
4(5627 5653 5677 5054)
4(5627 5628 5655 5653)
4(5677 5678 5680 5679)
4(5653 5654 5678 5677)
4(5653 5655 5656 5654)
4(5677 5678 5682 5681)
4(5632 4098 4103 6228)
4(5632 6228 6230 5636)
4(5632 5636 4100 4098)
4(5624 5648 6228 5632)
4(5624 4096 4102 5648)
4(5624 5632 4098 4096)
4(5661 5663 5664 5662)
4(5018 5046 5050 5020)
4(5018 5019 5048 5046)
4(4570 5018 5046 5040)
4(4570 5040 5044 4572)
4(4567 5018 5046 5034)
4(5028 5034 5046 5040)
4(4564 4567 5034 5028)
4(4564 5028 5040 4570)
4(5034 5036 5048 5046)
4(4567 4568 5036 5034)
4(5036 5048 5049 5037)
4(5034 5036 5037 5035)
4(5034 5035 5047 5046)
4(5036 5681 5682 5037)
4(5032 5036 5681 5677)
4(5032 5677 5678 5033)
4(5032 5033 5037 5036)
4(4566 5054 5677 5032)
4(4566 5032 5036 4568)
4(5016 5653 5677 5032)
4(4985 5016 5032 4566)
4(4985 5627 5653 5016)
4(5016 5017 5033 5032)
4(5016 5653 5654 5017)
4(5030 5031 5033 5032)
4(5014 5030 5032 5016)
4(5014 5015 5031 5030)
4(5014 5016 5017 5015)
4(5030 5031 5035 5034)
4(5030 5034 5036 5032)
4(5028 5040 5041 5029)
4(5026 5028 5029 5027)
4(5026 5038 5040 5028)
4(5026 5027 5039 5038)
4(5028 5034 5035 5029)
4(5024 5028 5034 5030)
4(5024 5030 5031 5025)
4(5024 5025 5029 5028)
4(4565 4567 5034 5030)
4(4562 4565 5030 5024)
4(4562 5024 5028 4564)
4(4565 4566 5032 5030)
4(4984 5014 5030 4565)
4(4984 4985 5016 5014)
4(5008 5014 5030 5024)
4(4981 5008 5024 4562)
4(4981 4984 5014 5008)
4(5008 5009 5025 5024)
4(5008 5014 5015 5009)
4(5022 5023 5025 5024)
4(5006 5022 5024 5008)
4(5006 5007 5023 5022)
4(5006 5008 5009 5007)
4(5022 5023 5027 5026)
4(5022 5026 5028 5024)
4(5630 6227 6228 5632)
4(5622 5647 6227 5630)
4(5622 5624 5648 5647)
4(5622 5630 5632 5624)
4(5630 6227 6229 5634)
4(5630 5634 5636 5632)
4(5626 5630 6227 5651)
4(5626 5651 5655 5628)
4(5616 5643 5651 5626)
4(5616 5622 5647 5643)
4(5625 5649 5651 5626)
4(5615 5641 5649 5625)
4(5641 5643 5651 5649)
4(5615 5616 5643 5641)
4(5649 5651 5655 5653)
4(5625 5649 5653 5627)
4(5649 5650 5654 5653)
4(5649 5651 5652 5650)
4(5012 5016 5653 5649)
4(5012 5649 5650 5013)
4(5012 5013 5017 5016)
4(4983 5625 5649 5012)
4(4983 5012 5016 4985)
4(5000 5641 5649 5012)
4(4560 5000 5012 4983)
4(4560 5615 5641 5000)
4(5641 5649 5650 5642)
4(5000 5001 5013 5012)
4(5000 5641 5642 5001)
4(5641 5643 5644 5642)
4(5637 5639 5640 5638)
4(5637 5641 5643 5639)
4(5637 5638 5642 5641)
4(5618 5622 5647 5645)
4(5614 5618 5645 5639)
4(5614 5639 5643 5616)
4(5620 5624 5648 5646)
4(5618 5622 5624 5620)
4(5618 5620 5646 5645)
4(5620 4094 4101 5646)
4(5620 5624 4096 4094)
4(4528 2664 3164 4552)
4(4528 5620 4094 2664)
4(4528 4552 5646 5620)
4(4092 2662 3163 4550)
4(4092 4528 2664 2662)
4(4092 4550 4552 4528)
4(4084 4092 2662 2660)
4(4084 2660 3162 4540)
4(4084 4540 4550 4092)
4(5631 4097 4098 5632)
4(5631 5632 5636 5635)
4(5623 4095 4096 5624)
4(5623 5624 5632 5631)
4(5619 4093 4094 5620)
4(5619 5620 5624 5623)
4(4527 2663 2664 4528)
4(4527 4528 5620 5619)
4(4091 2661 2662 4092)
4(4091 4092 4528 4527)
4(4083 2659 2660 4084)
4(4083 4084 4092 4091)
4(4080 2658 2660 4084)
4(4079 4080 4084 4083)
4(4079 2657 2658 4080)
4(4080 2658 3161 4538)
4(4080 4538 4540 4084)
4(1653 5608 6226 1677)
4(1653 1677 4538 4080)
4(1653 4080 2658 5608)
4(1649 5604 6225 1675)
4(1649 1653 5608 5604)
4(1649 1675 1677 1653)
4(1084 5590 6224 1665)
4(1084 1649 5604 5590)
4(1084 1665 1675 1649)
4(1080 5586 6223 1663)
4(1080 1084 5590 5586)
4(1080 1663 1665 1084)
4(6198 4512 4524 453)
4(6198 1080 5586 4512)
4(6198 453 1663 1080)
4(6128 394 395 6129)
4(6126 392 394 6128)
4(6126 6127 393 392)
4(6126 6128 6129 6127)
4(6134 396 397 6135)
4(6128 394 396 6134)
4(6128 6134 6135 6129)
4(6134 6136 6137 6135)
4(6116 6128 394 6120)
4(6116 6118 6134 6128)
4(6115 6126 392 6119)
4(6115 6116 6128 6126)
4(5458 6126 392 5465)
4(5440 6115 6126 5458)
4(5440 5458 5465 5445)
4(5458 6126 6127 5459)
4(5458 5459 5466 5465)
4(6122 6126 6127 6123)
4(5454 6122 6123 5455)
4(5454 5458 6126 6122)
4(5454 5455 5459 5458)
4(6124 6128 6129 6125)
4(6122 6124 6125 6123)
4(6122 6126 6128 6124)
4(6130 6134 6135 6131)
4(6124 6128 6134 6130)
4(6124 6130 6131 6125)
4(6130 6132 6133 6131)
4(5433 5434 6131 6130)
4(5433 5435 5436 5434)
4(6114 6117 6130 6124)
4(6114 6124 6128 6116)
4(5427 5433 6130 6124)
4(5402 5427 6124 6114)
4(5402 5404 5433 5427)
4(5427 5428 6125 6124)
4(5427 5433 5434 5428)
4(5425 5426 6123 6122)
4(5425 6122 6124 5427)
4(5425 5427 5428 5426)
4(4910 4911 5422 5421)
4(5409 5421 5422 5410)
4(4900 4910 5421 5409)
4(4900 5409 5410 4901)
4(4900 4901 4911 4910)
4(4914 4915 5426 5425)
4(5421 5425 5426 5422)
4(4910 4914 5425 5421)
4(4910 4911 4915 4914)
4(4914 5454 6122 5425)
4(4914 4915 5455 5454)
4(5438 5454 6122 6113)
4(5401 6113 6122 5425)
4(4489 5401 5425 4914)
4(4489 4914 5454 5438)
4(6113 6115 6126 6122)
4(5438 5454 5458 5440)
4(6113 6114 6124 6122)
4(5401 5402 5427 5425)
4(5429 5430 5434 5433)
4(5429 5431 5432 5430)
4(5423 5427 5433 5429)
4(5423 5429 5430 5424)
4(5423 5424 5428 5427)
4(5400 5403 5429 5423)
4(5400 5423 5427 5402)
4(5411 5417 5429 5423)
4(4919 5411 5423 5400)
4(4919 4921 5417 5411)
4(5417 5418 5430 5429)
4(5417 5419 5420 5418)
4(5411 5412 5424 5423)
4(5411 5417 5418 5412)
4(5421 5422 5424 5423)
4(5409 5421 5423 5411)
4(5409 5411 5412 5410)
4(5421 5425 5427 5423)
4(5399 5421 5425 5401)
4(5399 5400 5423 5421)
4(4487 5399 5421 4910)
4(4487 4910 4914 4489)
4(4918 5399 5421 5409)
4(4479 4918 5409 4900)
4(4479 4900 4910 4487)
4(4918 4919 5411 5409)
4(4917 4919 5411 5407)
4(5405 5407 5411 5409)
4(4916 4917 5407 5405)
4(4916 5405 5409 4918)
4(5407 5413 5417 5411)
4(4917 4920 5413 5407)
4(5413 5414 5418 5417)
4(5413 5415 5416 5414)
4(5405 5406 5408 5407)
4(4460 5407 5408 4461)
4(4458 5405 5407 4460)
4(4458 4459 5406 5405)
4(4458 4460 4461 4459)
4(5407 5411 5412 5408)
4(5405 5406 5410 5409)
4(5407 5413 5414 5408)
4(4466 5413 5414 4467)
4(4460 5407 5413 4466)
4(4460 4466 4467 4461)
4(4466 4468 4469 4467)
4(3992 4460 5407 4917)
4(3992 3994 4466 4460)
4(3991 4458 5405 4916)
4(3991 3992 4460 4458)
4(4477 4896 5405 4916)
4(3582 4458 5405 4896)
4(3555 3582 4896 4477)
4(3555 3991 4458 3582)
4(4896 5405 5409 4900)
4(4477 4896 4900 4479)
4(4896 5405 5406 4897)
4(4896 4897 4901 4900)
4(3582 3583 4897 4896)
4(3582 4458 4459 3583)
4(4894 4895 4897 4896)
4(3580 3581 4895 4894)
4(3580 4894 4896 3582)
4(3580 3582 3583 3581)
4(4898 4899 4901 4900)
4(4894 4898 4900 4896)
4(4894 4895 4899 4898)
4(4908 4909 4911 4910)
4(4898 4899 4909 4908)
4(4898 4908 4910 4900)
4(4912 4913 4915 4914)
4(4908 4912 4914 4910)
4(4908 4909 4913 4912)
4(5452 5453 5455 5454)
4(4912 4913 5453 5452)
4(4912 5452 5454 4914)
4(5456 5457 5459 5458)
4(5452 5456 5458 5454)
4(5452 5453 5457 5456)
4(5456 5457 5464 5463)
4(5456 5463 5465 5458)
4(5450 5461 5463 5456)
4(5450 5456 5457 5451)
4(5439 5444 5463 5456)
4(4927 5439 5456 5450)
4(4927 5450 5461 5443)
4(5439 5440 5458 5456)
4(5437 5452 5456 5439)
4(5437 5438 5454 5452)
4(5447 5452 5456 5450)
4(4924 5437 5452 5447)
4(4924 5447 5450 4927)
4(5447 5452 5453 5448)
4(4906 5447 5452 4912)
4(4906 4912 4913 4907)
4(4488 5437 5452 4912)
4(4485 4906 5447 4924)
4(4485 4488 4912 4906)
4(4488 4489 4914 4912)
4(4926 5449 5460 5442)
4(4926 4927 5450 5449)
4(3096 4926 5449 3587)
4(3096 3587 3589 3108)
4(3096 3108 5442 4926)
4(4923 4926 5449 5446)
4(3092 4923 5446 3585)
4(3092 3096 4926 4923)
4(3092 3585 3587 3096)
4(4923 4924 5447 5446)
4(3094 3106 3108 3096)
4(3094 3096 3587 3586)
4(4484 4905 5446 4923)
4(4484 4485 4906 4905)
4(383 3092 4923 4484)
4(383 4484 4905 391)
4(383 391 3585 3092)
4(3091 3092 4923 4922)
4(382 383 3092 3091)
4(382 4483 4484 383)
4(3095 3096 4926 4925)
4(3091 3092 3096 3095)
4(3095 3096 3108 3107)
4(4486 4908 4912 4488)
4(4486 4487 4910 4908)
4(4903 4908 4912 4906)
4(4482 4486 4908 4903)
4(4482 4903 4906 4485)
4(4903 4908 4909 4904)
4(4892 4903 4908 4898)
4(4892 4898 4899 4893)
4(4478 4486 4908 4898)
4(4475 4478 4898 4892)
4(4475 4892 4903 4482)
4(4478 4479 4900 4898)
4(4476 4894 4898 4478)
4(4476 4477 4896 4894)
4(4889 4894 4898 4892)
4(4472 4476 4894 4889)
4(4472 4889 4892 4475)
4(4889 4894 4895 4890)
4(3574 4889 4894 3580)
4(3574 3580 3581 3575)
4(3554 4476 4894 3580)
4(3551 3574 4889 4472)
4(3551 3554 3580 3574)
4(3554 3555 3582 3580)
4(3553 3555 3582 3578)
4(3576 3578 3582 3580)
4(3552 3576 3580 3554)
4(3552 3553 3578 3576)
4(3989 3991 4458 4454)
4(3578 4454 4458 3582)
4(3553 3989 4454 3578)
4(3990 3992 4460 4456)
4(4454 4456 4460 4458)
4(3989 3990 4456 4454)
4(4456 4462 4466 4460)
4(3990 3993 4462 4456)
4(4569 4570 5040 5038)
4(4563 4564 5028 5026)
4(4009 5026 5027 4010)
4(4009 4010 4465 4464)
4(4005 5022 5023 4006)
4(4005 4006 4010 4009)
4(4561 4562 5024 5022)
4(4980 4981 5008 5006)
4(1549 5006 5007 1550)
4(1549 1550 4006 4005)
4(5002 5006 5007 5003)
4(1545 5002 5003 1546)
4(1545 1546 1550 1549)
4(5004 5008 5009 5005)
4(5002 5006 5008 5004)
4(5002 5004 5005 5003)
4(5010 5014 5015 5011)
4(5004 5008 5014 5010)
4(5004 5010 5011 5005)
4(5010 5014 5016 5012)
4(5010 5012 5013 5011)
4(4982 5010 5014 4984)
4(4982 4983 5012 5010)
4(4979 4982 5010 5004)
4(4979 5004 5008 4981)
4(4559 4982 5010 4998)
4(4556 4992 5004 4979)
4(4992 4998 5010 5004)
4(4556 4559 4998 4992)
4(4998 5000 5012 5010)
4(4559 4560 5000 4998)
4(4998 4999 5011 5010)
4(4998 5000 5001 4999)
4(6194 4508 4523 451)
4(6194 6198 4512 4508)
4(6194 451 453 6198)
4(6186 6194 4508 4494)
4(6186 4494 4522 6210)
4(6186 6210 451 6194)
4(5657 5659 5660 5658)
4(5633 5635 5636 5634)
4(5629 5631 5632 5630)
4(5621 5623 5624 5622)
4(5617 5619 5620 5618)
4(4526 4528 5620 5618)
4(4525 4527 4528 4526)
4(4526 4551 5645 5618)
4(4526 4528 4552 4551)
4(4088 4547 5639 5614)
4(4088 4526 4551 4547)
4(4545 5637 5639 4547)
4(4545 4546 5638 5637)
4(4545 4547 4548 4546)
4(5613 5637 5639 5614)
4(4087 4545 5637 5613)
4(4087 4088 4547 4545)
4(5613 5637 5641 5615)
4(4996 5637 5641 5000)
4(4558 5613 5637 4996)
4(4558 4996 5000 4560)
4(4996 5637 5638 4997)
4(4996 4997 5001 5000)
4(4071 4996 5637 4545)
4(4071 4545 4546 4072)
4(4071 4072 4997 4996)
4(3615 4087 4545 4071)
4(3615 4071 4996 4558)
4(4090 4092 4528 4526)
4(4089 4091 4092 4090)
4(4090 4549 4551 4526)
4(4090 4092 4550 4549)
4(4086 4090 4549 4543)
4(4086 4543 4547 4088)
4(4082 4090 4549 4539)
4(4076 4082 4539 4535)
4(4076 4535 4543 4086)
4(4082 4084 4540 4539)
4(4082 4090 4092 4084)
4(4078 4537 4539 4082)
4(4078 4080 4538 4537)
4(4078 4082 4084 4080)
4(4074 4078 4537 4531)
4(4074 4531 4535 4076)
4(1651 4078 4537 1676)
4(1088 1672 4531 4074)
4(1088 1651 1676 1672)
4(1651 4078 4080 1653)
4(1651 1653 1677 1676)
4(4077 4078 4080 4079)
4(1650 1652 1653 1651)
4(1652 4079 4080 1653)
4(4081 4082 4084 4083)
4(4541 4543 4547 4545)
4(4085 4541 4545 4087)
4(4085 4086 4543 4541)
4(4541 4542 4546 4545)
4(4541 4543 4544 4542)
4(4067 4071 4545 4541)
4(4067 4541 4542 4068)
4(4067 4068 4072 4071)
4(3613 4085 4541 4067)
4(3613 4067 4071 3615)
4(4075 4085 4541 4533)
4(3630 4533 4541 4067)
4(3607 3630 4067 3613)
4(3607 4075 4533 3630)
4(4533 4535 4543 4541)
4(4075 4076 4535 4533)
4(4533 4534 4542 4541)
4(4533 4535 4536 4534)
4(3630 4533 4534 3631)
4(3630 3631 4068 4067)
4(4529 4533 4534 4530)
4(3626 3627 3631 3630)
4(3626 3630 4533 4529)
4(3626 4529 4530 3627)
4(4529 4533 4535 4531)
4(4529 4531 4532 4530)
4(4481 4902 4905 4484)
4(4481 4482 4903 4902)
4(6110 4481 4902 389)
4(6110 389 391 383)
4(6110 383 4484 4481)
4(4474 4481 4902 4891)
4(6090 4474 4891 387)
4(6090 387 389 6110)
4(6090 6110 4481 4474)
4(4474 4475 4892 4891)
4(4471 4472 4889 4490)
4(4471 4490 4891 4474)
4(3550 3573 4490 4471)
4(3550 3551 3574 3573)
4(6086 385 4490 4471)
4(4881 3550 3573 5366)
4(4881 6086 4471 3550)
4(4881 5366 385 6086)
4(6086 6090 4474 4471)
4(6086 385 387 6090)
4(3576 3580 3581 3577)
4(3571 3576 3577 3572)
4(3571 3574 3580 3576)
4(3578 3582 3583 3579)
4(3576 3578 3579 3577)
4(4454 4458 4459 4455)
4(3578 4454 4455 3579)
4(4456 4460 4461 4457)
4(4454 4456 4457 4455)
4(4462 4466 4467 4463)
4(4456 4462 4463 4457)
4(4462 4464 4465 4463)
4(4001 4456 4457 4002)
4(3999 4454 4456 4001)
4(3999 4000 4455 4454)
4(3999 4001 4002 4000)
4(4007 4462 4463 4008)
4(4001 4456 4462 4007)
4(4001 4007 4008 4002)
4(4007 4009 4010 4008)
4(3986 4001 4456 3990)
4(3986 3988 4007 4001)
4(3985 3999 4454 3989)
4(3985 3986 4001 3999)
4(3568 3999 4454 3578)
4(3545 3985 3999 3568)
4(3545 3568 3578 3553)
4(3568 3999 4000 3569)
4(3568 3569 3579 3578)
4(3995 3999 4000 3996)
4(3564 3568 3999 3995)
4(3564 3995 3996 3565)
4(3564 3565 3569 3568)
4(3997 4001 4002 3998)
4(3995 3997 3998 3996)
4(3995 3999 4001 3997)
4(4003 4007 4008 4004)
4(3997 4003 4004 3998)
4(3997 4001 4007 4003)
4(4003 4005 4006 4004)
4(1541 3997 3998 1542)
4(1539 3995 3997 1541)
4(1539 1540 3996 3995)
4(1539 1541 1542 1540)
4(1547 4003 4004 1548)
4(1541 3997 4003 1547)
4(1541 1547 1548 1542)
4(1547 1549 1550 1548)
4(3984 3987 4003 3997)
4(3984 3997 4001 3986)
4(866 1541 3997 3984)
4(866 868 1547 1541)
4(3983 3995 3997 3984)
4(865 1539 3995 3983)
4(865 866 1541 1539)
4(3983 3995 3999 3985)
4(3543 3983 3995 3564)
4(3543 3564 3568 3545)
4(855 1539 3995 3564)
4(344 865 1539 855)
4(344 855 3564 3543)
4(855 856 3565 3564)
4(855 1539 1540 856)
4(3562 3563 3565 3564)
4(853 854 3563 3562)
4(853 855 856 854)
4(853 3562 3564 855)
4(3566 3567 3569 3568)
4(3562 3563 3567 3566)
4(3562 3566 3568 3564)
4(3566 3567 3577 3576)
4(3566 3576 3578 3568)
4(3557 3558 3563 3562)
4(363 853 854 364)
4(363 3557 3562 853)
4(3560 3561 3567 3566)
4(3557 3560 3566 3562)
4(3560 3571 3576 3566)
4(3548 3571 3576 3552)
4(3072 3560 3571 3548)
4(3072 3544 3566 3560)
4(3544 3552 3576 3566)
4(3548 3571 3574 3551)
4(3547 3570 3573 3550)
4(3547 3548 3571 3570)
4(4877 3547 3570 4887)
4(4877 4881 3550 3547)
4(4877 4887 5366 4881)
4(3071 3547 3570 3559)
4(4857 4877 3547 3071)
4(4857 3071 3559 4885)
4(4857 4885 4887 4877)
4(3071 3072 3560 3559)
4(3068 3556 3557 3069)
4(340 3069 3557 363)
4(339 362 3556 3068)
4(339 340 363 362)
4(3069 3072 3560 3557)
4(3068 3556 3559 3071)
4(3542 3544 3566 3562)
4(3069 3542 3562 3557)
4(3544 3566 3568 3545)
4(3542 3543 3564 3562)
4(4978 4979 5004 5002)
4(4990 4992 5004 5002)
4(4555 4556 4992 4990)
4(4992 5004 5005 4993)
4(4990 4992 4993 4991)
4(4990 4991 5003 5002)
4(4992 4998 4999 4993)
4(4994 4998 4999 4995)
4(4988 4992 4998 4994)
4(4988 4994 4995 4989)
4(4988 4989 4993 4992)
4(4994 4998 5000 4996)
4(4994 4996 4997 4995)
4(4557 4994 4998 4559)
4(4557 4558 4996 4994)
4(4554 4557 4994 4988)
4(4554 4988 4992 4556)
4(3614 4557 4994 4069)
4(4063 4069 4994 4988)
4(3611 4063 4988 4554)
4(3611 3614 4069 4063)
4(4069 4071 4996 4994)
4(3614 3615 4071 4069)
4(4069 4070 4995 4994)
4(4069 4071 4072 4070)
4(4063 4064 4989 4988)
4(4063 4069 4070 4064)
4(4986 4987 4989 4988)
4(4061 4986 4988 4063)
4(4061 4063 4064 4062)
4(4061 4062 4987 4986)
4(4986 4990 4992 4988)
4(4986 4987 4991 4990)
4(4553 4554 4988 4986)
4(1533 1534 4991 4990)
4(879 880 1534 1533)
4(879 4986 4987 880)
4(1533 1534 1546 1545)
4(1543 1544 1546 1545)
4(881 882 1544 1543)
4(881 1533 1534 882)
4(1543 1544 1548 1547)
4(1535 1536 1538 1537)
4(875 1537 1538 876)
4(873 875 876 874)
4(873 1535 1537 875)
4(873 874 1536 1535)
4(1537 1541 1542 1538)
4(1535 1539 1541 1537)
4(1535 1536 1540 1539)
4(1537 1541 1547 1543)
4(1537 1543 1544 1538)
4(864 867 1543 1537)
4(864 1537 1541 866)
4(875 881 1543 1537)
4(860 875 1537 864)
4(860 862 881 875)
4(875 881 882 876)
4(877 881 882 878)
4(871 872 876 875)
4(871 875 881 877)
4(871 877 878 872)
4(877 879 880 878)
4(869 870 872 871)
4(6033 6034 870 869)
4(6033 869 871 6035)
4(6035 871 872 6036)
4(6033 6035 6036 6034)
4(869 873 875 871)
4(869 870 874 873)
4(859 873 875 860)
4(857 869 873 859)
4(857 858 871 869)
4(858 860 875 871)
4(863 1535 1537 864)
4(859 873 1535 863)
4(863 1535 1539 865)
4(851 1535 1539 855)
4(342 863 1535 851)
4(342 851 855 344)
4(851 1535 1536 852)
4(851 852 856 855)
4(357 851 1535 873)
4(357 873 874 358)
4(357 358 852 851)
4(334 859 873 357)
4(334 357 851 342)
4(353 869 873 357)
4(332 857 869 353)
4(332 353 357 334)
4(353 869 870 354)
4(353 354 358 357)
4(5357 353 869 6033)
4(5357 5358 354 353)
4(5357 6033 6034 5358)
4(6009 857 869 6033)
4(4844 5357 353 332)
4(4844 6009 6033 5357)
4(6010 858 871 6035)
4(6009 6010 6035 6033)
4(858 871 877 861)
4(6035 6041 877 871)
4(6010 6012 6041 6035)
4(3610 3611 4063 4061)
4(3093 3094 3106 3105)
4(3093 3095 3096 3094)
4(3085 3102 3105 3093)
4(3085 3086 3103 3102)
4(3085 3093 3094 3086)
4(3078 3085 3102 3099)
4(3078 3088 3093 3085)
4(3083 3085 3102 3100)
4(3077 3083 3100 3098)
4(3077 3078 3085 3083)
4(3083 3085 3086 3084)
4(3090 3092 3585 3584)
4(3090 3094 3096 3092)
4(6112 383 391 390)
4(6112 3090 3092 383)
4(6108 6110 389 388)
4(6108 6112 383 6110)
4(6088 6108 6110 6090)
4(6088 6090 387 386)
4(360 361 366 365)
4(349 360 365 355)
4(355 365 366 356)
4(349 355 356 350)
4(365 853 854 366)
4(360 363 853 365)
4(365 853 855 851)
4(365 851 852 366)
4(343 853 855 344)
4(341 365 853 343)
4(341 342 851 365)
4(343 853 3562 3542)
4(340 343 853 363)
4(3081 3089 3093 3085)
4(3075 3087 3089 3081)
4(3075 3081 3085 3078)
4(3089 3093 3094 3090)
4(3081 3089 3090 3082)
4(3081 3082 3086 3085)
4(3089 3091 3092 3090)
4(6111 6112 3090 3089)
4(6111 382 383 6112)
4(6103 6111 3089 3081)
4(6096 6103 3081 3075)
4(6096 6106 6111 6103)
4(6103 6104 3082 3081)
4(6103 6111 6112 6104)
4(3079 3080 3082 3081)
4(6101 3079 3081 6103)
4(6101 6103 6104 6102)
4(3079 3083 3085 3081)
4(2566 2568 3083 3077)
4(3074 3077 3083 3079)
4(2562 3074 3079 2567)
4(2562 2566 3077 3074)
4(2566 2575 3098 3077)
4(2565 3076 3077 2566)
4(2565 2566 2575 2574)
4(3074 3075 3081 3079)
4(6095 6101 3079 3074)
4(6095 6096 6103 6101)
4(5396 2562 3074 6095)
4(5396 6095 6101 5398)
4(2561 2562 3074 3073)
4(5395 5396 2562 2561)
4(5395 6094 6095 5396)
4(2561 2562 2566 2565)
4(2563 2564 2566 2565)
4(2559 2560 2564 2563)
4(2559 2561 2562 2560)
4(2563 2564 2573 2572)
4(2557 2570 2572 2563)
4(2557 2563 2564 2558)
4(6059 6061 2563 2557)
4(6059 2557 2570 6066)
4(2554 2559 2563 2557)
4(6055 2554 2557 6059)
4(6055 6060 2559 2554)
4(2554 2559 2560 2555)
4(5393 2559 2560 5394)
4(5387 2554 2559 5393)
4(5387 5393 5394 5388)
4(5393 5395 5396 5394)
4(6089 6090 4474 4473)
4(6085 4470 4471 6086)
4(6085 6086 6090 6089)
4(6109 6110 4481 4480)
4(6089 6090 6110 6109)
4(6109 6110 383 382)
4(6107 6108 6112 6111)
4(6107 6109 6110 6108)
4(6099 6107 6111 6103)
4(6093 6099 6103 6096)
4(6093 6105 6107 6099)
4(6099 6107 6108 6100)
4(6099 6100 6104 6103)
4(6087 6107 6108 6088)
4(6079 6080 6100 6099)
4(6079 6099 6107 6087)
4(6079 6087 6088 6080)
4(6087 6089 6090 6088)
4(4880 3549 3550 4881)
4(4880 4881 6086 6085)
4(4876 3546 3547 4877)
4(4876 4877 4881 4880)
4(5600 5602 5609 5605)
4(5603 5605 5609 5607)
4(5599 5600 5605 5603)
4(5605 6219 6221 5609)
4(5600 5611 6219 5605)
4(5605 6219 6220 5606)
4(5605 5606 5610 5609)
4(5591 5605 6219 5597)
4(5591 5597 5598 5592)
4(5591 5592 5606 5605)
4(5584 5594 5597 5591)
4(5584 5591 5605 5600)
4(5587 5595 5597 5591)
4(5582 5593 5595 5587)
4(5582 5587 5591 5584)
4(5587 5595 5596 5588)
4(5587 5588 5592 5591)
4(4513 5587 5595 4519)
4(4513 4514 5588 5587)
4(4513 4519 4520 4514)
4(4506 4513 5587 5582)
4(4506 4516 4519 4513)
4(4065 4067 4071 4069)
4(3612 4065 4069 3614)
4(3612 3613 4067 4065)
4(4065 4066 4070 4069)
4(4065 4067 4068 4066)
4(4059 4063 4069 4065)
4(4059 4065 4066 4060)
4(4059 4060 4064 4063)
4(3609 3612 4065 4059)
4(3609 4059 4063 3611)
4(3606 3612 4065 3628)
4(3622 3628 4065 4059)
4(3603 3622 4059 3609)
4(3603 3606 3628 3622)
4(3628 3630 4067 4065)
4(3606 3607 3630 3628)
4(3628 3629 4066 4065)
4(3628 3630 3631 3629)
4(3622 3623 4060 4059)
4(3622 3628 3629 3623)
4(4057 4058 4060 4059)
4(3620 3621 4058 4057)
4(3620 4057 4059 3622)
4(3620 3622 3623 3621)
4(4057 4061 4063 4059)
4(4057 4058 4062 4061)
4(3624 3625 3627 3626)
4(1071 3626 3627 1072)
4(1069 1070 3625 3624)
4(1069 3624 3626 1071)
4(1069 1071 1072 1070)
4(3624 3628 3630 3626)
4(3624 3625 3629 3628)
4(3605 3607 3630 3626)
4(3604 3624 3628 3606)
4(3604 3605 3626 3624)
4(4073 4075 4533 4529)
4(3605 4073 4529 3626)
4(4073 4074 4531 4529)
4(1670 1672 4531 4529)
4(1087 1670 4529 4073)
4(1087 1088 1672 1670)
4(1670 1671 4530 4529)
4(1670 1672 1673 1671)
4(1071 3626 4529 1670)
4(1071 1670 1671 1072)
4(469 1071 3626 3605)
4(469 1087 1670 1071)
4(1648 1652 1653 1649)
4(1646 1648 1649 1647)
4(1647 1649 1653 1651)
4(1652 1653 5608 5607)
4(5603 5607 5608 5604)
4(1648 5603 5604 1649)
4(5603 5605 5606 5604)
4(5589 5603 5605 5591)
4(5589 5590 5604 5603)
4(5589 5591 5592 5590)
4(5583 5584 5591 5589)
4(1083 1648 1649 1084)
4(1081 1083 1084 1082)
4(1082 1084 1649 1647)
4(1083 5589 5590 1084)
4(5585 5589 5590 5586)
4(1079 5585 5586 1080)
4(1079 1080 1084 1083)
4(5585 5589 5591 5587)
4(5585 5587 5588 5586)
4(5581 5582 5587 5585)
4(4511 4513 5587 5585)
4(4505 4506 4513 4511)
4(4511 4512 5586 5585)
4(4511 4513 4514 4512)
4(6197 4511 4512 6198)
4(6197 6198 1080 1079)
4(4507 4511 4512 4508)
4(6193 4507 4508 6194)
4(6193 6194 6198 6197)
4(4509 4513 4514 4510)
4(4507 4509 4510 4508)
4(4507 4511 4513 4509)
4(4509 4513 4519 4517)
4(4509 4517 4518 4510)
4(4504 4515 4517 4509)
4(4504 4509 4513 4506)
4(4495 4501 4517 4509)
4(4052 4495 4509 4504)
4(4052 4498 4501 4495)
4(4495 4496 4510 4509)
4(4495 4501 4502 4496)
4(4493 4507 4509 4495)
4(4493 4494 4508 4507)
4(4493 4495 4496 4494)
4(4503 4507 4509 4504)
4(4051 4052 4495 4493)
4(6185 4493 4494 6186)
4(6185 6186 6194 6193)
4(4053 4493 4494 4054)
4(6182 4054 4494 6186)
4(6181 4053 4054 6182)
4(6181 6182 6186 6185)
4(4055 4495 4496 4056)
4(4053 4055 4056 4054)
4(4053 4493 4495 4055)
4(4055 4495 4501 4499)
4(4055 4499 4500 4056)
4(4050 4497 4499 4055)
4(4050 4055 4495 4052)
4(5529 5535 4499 4055)
4(5522 5529 4055 4050)
4(5522 5532 5535 5529)
4(5529 5530 4056 4055)
4(5529 5535 5536 5530)
4(3608 3609 4059 4057)
4(6043 6044 4062 4061)
4(6039 6040 6044 6043)
4(6039 4057 4058 6040)
4(6043 6044 880 879)
4(6041 6042 878 877)
4(6041 6043 6044 6042)
4(6035 6041 6042 6036)
4(6037 6041 6042 6038)
4(6031 6032 6036 6035)
4(6031 6035 6041 6037)
4(6031 6037 6038 6032)
4(6037 6039 6040 6038)
4(6027 6028 3621 3620)
4(3616 3620 3621 3617)
4(6023 3616 3617 6024)
4(6023 6024 6028 6027)
4(6027 6028 6040 6039)
4(3602 3603 3622 3620)
4(3601 3603 3622 3618)
4(3600 3601 3618 3616)
4(3616 3618 3622 3620)
4(3618 3624 3628 3622)
4(3601 3604 3624 3618)
4(3618 3624 3625 3619)
4(3618 3619 3623 3622)
4(1063 3618 3624 1069)
4(1063 1064 3619 3618)
4(1063 1069 1070 1064)
4(468 3604 3624 1069)
4(465 1063 3618 3601)
4(465 468 1069 1063)
4(468 469 1071 1069)
4(4856 3070 3071 4857)
4(4856 4857 4877 4876)
4(4852 3067 3068 4853)
4(4853 3068 3071 4857)
4(4852 4853 4857 4856)
4(2075 339 3068 4853)
4(2074 2075 4853 4852)
4(2074 338 339 2075)
4(4853 4883 3556 3068)
4(2075 2550 4883 4853)
4(2075 339 362 2550)
4(4853 4883 4885 4857)
4(4855 4884 4885 4857)
4(4851 4853 4883 4882)
4(4851 4855 4857 4853)
4(4875 4886 4887 4877)
4(4855 4875 4877 4857)
4(4879 4888 5366 4881)
4(4875 4879 4881 4877)
4(6084 384 385 6086)
4(4879 6084 6086 4881)
4(6084 6088 6090 6086)
4(6097 6098 6100 6099)
4(6077 6097 6099 6079)
4(6077 6079 6080 6078)
4(6097 6101 6103 6099)
4(6092 6097 6101 6095)
4(6092 6093 6099 6097)
4(5392 6092 6097 5397)
4(5392 5396 6095 6092)
4(6071 6092 6097 6077)
4(5380 6071 6077 5382)
4(5380 5392 6092 6071)
4(6072 6093 6099 6079)
4(6071 6072 6079 6077)
4(6072 6082 6087 6079)
4(6083 6084 6088 6087)
4(6083 6085 6086 6084)
4(6075 6079 6087 6083)
4(6075 6083 6084 6076)
4(6075 6076 6080 6079)
4(6069 6081 6083 6075)
4(6069 6075 6079 6072)
4(4870 4878 6083 6075)
4(4863 4870 6075 6069)
4(4863 4873 4878 4870)
4(4878 4879 6084 6083)
4(4878 4880 4881 4879)
4(4870 4871 6076 6075)
4(4870 4878 4879 4871)
4(6073 6074 6076 6075)
4(4868 6073 6075 4870)
4(4868 4870 4871 4869)
4(6073 6077 6079 6075)
4(6068 6073 6077 6071)
4(6068 6069 6075 6073)
4(5376 6068 6073 5381)
4(5376 5380 6071 6068)
4(4862 6068 6073 4868)
4(4436 5376 6068 4862)
4(4436 4862 4868 4438)
4(4862 4863 4870 4868)
4(5391 6091 6092 5392)
4(5391 5392 5396 5395)
4(5379 6070 6071 5380)
4(5379 5380 5392 5391)
4(5375 6067 6068 5376)
4(5375 5376 5380 5379)
4(4435 4436 5376 5375)
4(4435 4861 4862 4436)
4(5373 5374 5376 5375)
4(4433 4434 5374 5373)
4(4433 4435 4436 4434)
4(5377 5378 5380 5379)
4(5373 5374 5378 5377)
4(5389 5390 5392 5391)
4(5377 5378 5390 5389)
4(5389 5390 5394 5393)
4(2073 4851 4853 2075)
4(2073 2075 2550 2549)
4(337 340 363 360)
4(336 359 362 339)
4(336 337 360 359)
4(337 341 365 360)
4(333 341 365 355)
4(330 333 355 349)
4(330 349 360 337)
4(355 357 851 365)
4(333 334 357 355)
4(355 357 358 356)
4(351 355 357 353)
4(351 353 354 352)
4(351 352 356 355)
4(6182 4054 4521 6208)
4(6182 6208 6210 6186)
4(1028 1645 5540 5528)
4(1024 5524 5539 1643)
4(1024 1028 5528 5524)
4(1024 1643 1645 1028)
4(1028 6182 4054 5528)
4(1028 1645 6208 6182)
4(5527 4053 4054 5528)
4(1027 5527 5528 1028)
4(1027 1028 6182 6181)
4(5527 4053 4055 5529)
4(5527 5529 5530 5528)
4(4049 4053 4055 4050)
4(5521 5522 5529 5527)
4(5525 5533 5535 5529)
4(5520 5531 5533 5525)
4(5520 5525 5529 5522)
4(5525 5533 5534 5526)
4(5525 5526 5530 5529)
4(5511 5525 5533 5517)
4(5511 5512 5526 5525)
4(5511 5517 5518 5512)
4(4963 5511 5525 5520)
4(4963 5514 5517 5511)
4(5523 5525 5529 5527)
4(5519 5520 5525 5523)
4(5523 5524 5528 5527)
4(5523 5525 5526 5524)
4(1016 1040 5538 4969)
4(1012 4965 5537 1038)
4(1012 1016 4969 4965)
4(1012 1038 1040 1016)
4(1016 1024 5524 4969)
4(1016 1040 1643 1024)
4(1023 1024 5524 5523)
4(4968 5523 5524 4969)
4(1015 4968 4969 1016)
4(1015 1016 1024 1023)
4(1023 1024 1028 1027)
4(4968 5511 5525 5523)
4(4962 4963 5511 4968)
4(4968 5511 5512 4969)
4(4966 5511 5512 4967)
4(4964 4965 4969 4968)
4(4964 4968 5511 4966)
4(4964 4966 4967 4965)
4(4966 5511 5517 5515)
4(4966 5515 5516 4967)
4(4961 5513 5515 4966)
4(4961 4966 5511 4963)
4(4039 4045 5515 4966)
4(4032 4039 4966 4961)
4(4032 4042 4045 4039)
4(4039 4040 4967 4966)
4(4039 4045 4046 4040)
4(5508 1012 4965 4038)
4(5508 4038 4492 6166)
4(5508 6166 1038 1012)
4(1011 1012 4965 4964)
4(4037 4964 4965 4038)
4(5507 5508 1012 1011)
4(5507 4037 4038 5508)
4(1011 1012 1016 1015)
4(4960 4961 4966 4964)
4(4037 4039 4966 4964)
4(4031 4032 4039 4037)
4(4037 4039 4040 4038)
4(4035 4039 4040 4036)
4(4033 4035 4036 4034)
4(4033 4037 4039 4035)
4(4033 4034 4038 4037)
4(4035 4039 4045 4043)
4(4035 4043 4044 4036)
4(4030 4041 4043 4035)
4(4030 4035 4039 4032)
4(4021 4027 4043 4035)
4(4014 4021 4035 4030)
4(4014 4024 4027 4021)
4(1078 1080 1084 1082)
4(1077 1079 1080 1078)
4(1082 1664 1665 1084)
4(1078 1662 1664 1082)
4(1078 1080 1663 1662)
4(1647 1674 1675 1649)
4(1082 1664 1674 1647)
4(1647 1674 1676 1651)
4(1086 1647 1674 1668)
4(1086 1668 1672 1088)
4(1076 1660 1668 1086)
4(1076 1082 1664 1660)
4(1085 1666 1668 1086)
4(1075 1658 1666 1085)
4(1658 1660 1668 1666)
4(1075 1076 1660 1658)
4(1666 1668 1672 1670)
4(1085 1666 1670 1087)
4(1666 1667 1671 1670)
4(1666 1668 1669 1667)
4(1067 1071 1670 1666)
4(1067 1666 1667 1068)
4(1067 1068 1072 1071)
4(467 1085 1666 1067)
4(467 1067 1071 469)
4(1055 1658 1666 1067)
4(461 1075 1658 1055)
4(461 1055 1067 467)
4(1658 1666 1667 1659)
4(1055 1658 1659 1056)
4(1055 1056 1068 1067)
4(1658 1660 1661 1659)
4(1654 1656 1657 1655)
4(1654 1658 1660 1656)
4(1654 1655 1659 1658)
4(1074 1078 1662 1656)
4(1074 1656 1660 1076)
4(6196 1078 1662 452)
4(6190 6217 1656 1074)
4(6190 6196 452 6217)
4(6196 1078 1080 6198)
4(6196 6198 453 452)
4(6215 1654 1656 6217)
4(6215 6216 1655 1654)
4(6215 6217 6218 6216)
4(1073 1654 1656 1074)
4(6189 6215 1654 1073)
4(6189 6190 6217 6215)
4(1073 1654 1658 1075)
4(1051 1654 1658 1055)
4(459 1073 1654 1051)
4(459 1051 1055 461)
4(1051 1654 1655 1052)
4(1051 1052 1056 1055)
4(5579 1051 1654 6215)
4(5579 5580 1052 1051)
4(5579 6215 6216 5580)
4(5548 5579 1051 459)
4(5548 6189 6215 5579)
4(6195 6197 6198 6196)
4(331 333 355 351)
4(346 351 355 349)
4(6047 346 349 330)
4(6047 331 351 346)
4(331 332 353 351)
4(5355 5357 353 351)
4(4843 5355 351 331)
4(4843 4844 5357 5355)
4(5355 5356 352 351)
4(5355 5357 5358 5356)
4(346 347 352 351)
4(5349 346 351 5355)
4(5349 5355 5356 5350)
4(5337 5338 5340 5339)
4(2539 5339 5340 2540)
4(2537 2538 5338 5337)
4(2537 5337 5339 2539)
4(2537 2539 2540 2538)
4(5341 5342 5344 5343)
4(5339 5343 5344 5340)
4(5337 5341 5343 5339)
4(5337 5338 5342 5341)
4(5351 5352 5354 5353)
4(5343 5353 5354 5344)
4(5341 5342 5352 5351)
4(5341 5351 5353 5343)
4(5353 5357 5358 5354)
4(5351 5355 5357 5353)
4(5351 5352 5356 5355)
4(6029 6033 6034 6030)
4(5353 6029 6030 5354)
4(5353 5357 6033 6029)
4(6029 6033 6035 6031)
4(6029 6031 6032 6030)
4(6008 6010 6035 6031)
4(5365 6008 6031 6029)
4(5365 6029 6033 6009)
4(6008 6011 6037 6031)
4(6025 6026 6038 6037)
4(6025 6027 6028 6026)
4(6019 6031 6037 6025)
4(6019 6020 6032 6031)
4(6019 6025 6026 6020)
4(5362 6019 6031 6008)
4(5362 5364 6025 6019)
4(6017 6019 6031 6029)
4(5361 6017 6029 5365)
4(5361 5362 6019 6017)
4(6017 6018 6030 6029)
4(6017 6019 6020 6018)
4(5343 5353 6029 6017)
4(5343 6017 6018 5344)
4(4842 5353 6029 5365)
4(4834 5361 6017 5343)
4(4834 5343 5353 4842)
4(4842 5353 5357 4844)
4(1061 1063 3618 3616)
4(464 465 1063 1061)
4(3616 3617 3619 3618)
4(1061 1062 3617 3616)
4(1061 1063 1064 1062)
4(3041 3042 6024 6023)
4(3041 1061 1062 3042)
4(6021 6022 6026 6025)
4(6021 6023 6024 6022)
4(6015 6019 6025 6021)
4(6015 6021 6022 6016)
4(6015 6016 6020 6019)
4(5360 5363 6021 6015)
4(5360 6015 6019 5362)
4(3033 3039 6021 6015)
4(3008 3033 6015 5360)
4(3008 3010 3039 3033)
4(3039 3040 6022 6021)
4(3039 3041 3042 3040)
4(3033 3034 6016 6015)
4(3033 3039 3040 3034)
4(6013 6014 6016 6015)
4(3031 3032 6014 6013)
4(3031 6013 6015 3033)
4(3031 3033 3034 3032)
4(6013 6017 6019 6015)
4(6013 6014 6018 6017)
4(5359 6013 6017 5361)
4(5359 5360 6015 6013)
4(5339 6013 6017 5343)
4(4832 5359 6013 5339)
4(4832 5339 5343 4834)
4(5339 6013 6014 5340)
4(2539 5339 6013 3031)
4(2539 3031 3032 2540)
4(3007 5359 6013 3031)
4(2512 2539 5339 4832)
4(2512 3007 3031 2539)
4(3007 3008 3033 3031)
4(1065 1067 1071 1069)
4(466 1065 1069 468)
4(466 467 1067 1065)
4(1065 1066 1070 1069)
4(1065 1067 1068 1066)
4(1059 1063 1069 1065)
4(1059 1065 1066 1060)
4(1059 1060 1064 1063)
4(463 466 1065 1059)
4(463 1059 1063 465)
4(460 466 1065 1053)
4(476 1053 1065 1059)
4(457 476 1059 463)
4(457 460 1053 476)
4(1053 1055 1067 1065)
4(460 461 1055 1053)
4(1053 1054 1066 1065)
4(1053 1055 1056 1054)
4(476 477 1060 1059)
4(476 1053 1054 477)
4(1057 1058 1060 1059)
4(474 475 1058 1057)
4(474 1057 1059 476)
4(474 476 477 475)
4(1057 1061 1063 1059)
4(1057 1058 1062 1061)
4(462 463 1059 1057)
4(3037 1057 1058 3038)
4(3037 3038 3042 3041)
4(3025 474 475 3026)
4(3025 3026 3038 3037)
4(456 457 476 474)
4(455 457 476 472)
4(454 455 472 470)
4(470 472 476 474)
4(458 460 1053 1049)
4(472 1049 1053 476)
4(455 458 1049 472)
4(1049 1051 1055 1053)
4(458 459 1051 1049)
4(1049 1050 1054 1053)
4(1049 1051 1052 1050)
4(472 1049 1050 473)
4(472 473 477 476)
4(5577 1049 1050 5578)
4(5571 472 1049 5577)
4(5571 5572 473 472)
4(5571 5577 5578 5572)
4(5577 1049 1051 5579)
4(5577 5579 5580 5578)
4(5547 5577 1049 458)
4(5547 5548 5579 5577)
4(5544 5571 472 455)
4(5544 5547 5577 5571)
4(5569 5571 472 470)
4(5543 5544 5571 5569)
4(470 471 473 472)
4(5569 5570 471 470)
4(5569 5571 5572 5570)
4(470 471 475 474)
4(3021 470 471 3022)
4(3021 3022 3026 3025)
4(2015 5569 5570 2016)
4(2015 2016 3022 3021)
4(5565 5569 5570 5566)
4(2011 2012 2016 2015)
4(2011 5565 5566 2012)
4(5567 5571 5572 5568)
4(5565 5567 5568 5566)
4(5565 5569 5571 5567)
4(5573 5577 5578 5574)
4(5567 5571 5577 5573)
4(5567 5573 5574 5568)
4(5575 5579 5580 5576)
4(5573 5575 5576 5574)
4(5573 5577 5579 5575)
4(6211 6215 6216 6212)
4(5575 5579 6215 6211)
4(5575 6211 6212 5576)
4(6211 6213 6214 6212)
4(6211 6215 6217 6213)
4(6192 450 452 6196)
4(6192 6194 451 450)
4(6192 6196 6198 6194)
4(6188 6192 450 6213)
4(6188 6213 6217 6190)
4(6184 6192 450 6209)
4(6178 6205 6213 6188)
4(6178 6184 6209 6205)
4(6184 6186 6210 6209)
4(6184 6192 6194 6186)
4(6203 6211 6213 6205)
4(6203 6204 6212 6211)
4(6203 6205 6206 6204)
4(6187 6211 6213 6188)
4(6177 6203 6211 6187)
4(6177 6178 6205 6203)
4(6187 6211 6215 6189)
4(5546 6187 6211 5575)
4(5546 5575 5579 5548)
4(5563 6203 6211 5575)
4(4977 6177 6203 5563)
4(4977 5563 5575 5546)
4(5563 6203 6204 5564)
4(5563 5564 5576 5575)
4(6199 6203 6204 6200)
4(5559 5563 6203 6199)
4(5559 6199 6200 5560)
4(5559 5560 5564 5563)
4(6199 6201 6202 6200)
4(6199 6203 6205 6201)
4(6180 6207 6209 6184)
4(6180 6182 6208 6207)
4(6180 6184 6186 6182)
4(6176 6180 6207 6201)
4(6176 6201 6205 6178)
4(1026 6180 6207 1644)
4(1020 1026 1644 1047)
4(1020 1047 6201 6176)
4(1026 1028 1645 1644)
4(1026 6180 6182 1028)
4(6057 6059 2557 2556)
4(6057 6064 6066 6059)
4(6053 6055 2554 2553)
4(6053 6057 6059 6055)
4(4426 6055 2554 5387)
4(4424 4426 5387 5386)
4(4424 6053 6055 4426)
4(4426 4428 5393 5387)
4(4422 4427 5389 5384)
4(5384 5389 5393 5387)
4(4422 5384 5387 4426)
4(5371 5377 5389 5384)
4(4414 4416 5377 5371)
4(4414 5371 5384 4422)
4(5384 5385 5390 5389)
4(5371 5377 5378 5372)
4(4420 4422 5384 5383)
4(4420 4424 4426 4422)
4(1573 1574 6053 6052)
4(2551 4423 4424 2552)
4(4423 6052 6053 4424)
4(2551 1573 6052 4423)
4(1576 1577 6057 6056)
4(6052 6056 6057 6053)
4(1573 1576 6056 6052)
4(6056 6063 6064 6057)
4(1576 2124 6063 6056)
4(6056 6058 6059 6057)
4(1571 6051 6056 1576)
4(1571 1576 2124 2122)
4(4874 4875 4879 4878)
4(4874 4876 4877 4875)
4(4866 4870 4878 4874)
4(4866 4874 4875 4867)
4(4866 4867 4871 4870)
4(4860 4872 4874 4866)
4(4860 4866 4870 4863)
4(4451 4854 4874 4866)
4(4444 4451 4866 4860)
4(4444 4849 4854 4451)
4(4854 4855 4875 4874)
4(4854 4856 4857 4855)
4(4451 4452 4867 4866)
4(4451 4854 4855 4452)
4(4864 4865 4867 4866)
4(4449 4864 4866 4451)
4(4449 4451 4452 4450)
4(4864 4868 4870 4866)
4(4859 4864 4868 4862)
4(4859 4860 4866 4864)
4(4432 4859 4864 4437)
4(4432 4436 4862 4859)
4(4443 4859 4864 4449)
4(3974 4432 4859 4443)
4(3974 4443 4449 3976)
4(4443 4444 4451 4449)
4(4850 4851 4855 4854)
4(4850 4852 4853 4851)
4(4447 4451 4854 4850)
4(4447 4850 4851 4448)
4(4447 4448 4452 4451)
4(4441 4453 4850 4447)
4(4441 4447 4451 4444)
4(2064 2072 4850 4447)
4(2057 2064 4447 4441)
4(2057 2067 2072 2064)
4(2072 2073 4851 4850)
4(2072 2074 2075 2073)
4(2064 2065 4448 4447)
4(2064 2072 2073 2065)
4(4445 4446 4448 4447)
4(2062 4445 4447 2064)
4(2062 2064 2065 2063)
4(4445 4449 4451 4447)
4(2071 2075 2550 2548)
4(2069 2071 2548 2547)
4(2069 2073 2075 2071)
4(2071 336 359 2548)
4(2071 2075 339 336)
4(6049 336 359 348)
4(2051 6049 348 2079)
4(2051 2079 2548 2071)
4(2051 2071 336 6049)
4(6049 330 349 348)
4(6046 345 348 6049)
4(6046 6047 346 345)
4(2047 2051 6049 6046)
4(2047 6046 345 2077)
4(2047 2077 2079 2051)
4(2049 2069 2071 2051)
4(2049 2051 2079 2078)
4(4840 6047 346 5349)
4(4839 5348 345 6046)
4(4839 4840 5349 5348)
4(4840 4843 5355 5349)
4(2070 335 336 2071)
4(2070 2071 2075 2074)
4(2050 6048 6049 2051)
4(2050 2051 2071 2070)
4(2046 6045 6046 2047)
4(2046 2047 2051 2050)
4(329 4839 6046 2047)
4(328 4838 4839 329)
4(328 329 2047 2046)
4(4841 5351 5355 4843)
4(4841 4842 5353 5351)
4(5346 5351 5355 5349)
4(4837 4841 5351 5346)
4(4837 5346 5349 4840)
4(5346 5351 5352 5347)
4(5335 5346 5351 5341)
4(5335 5341 5342 5336)
4(4833 4841 5351 5341)
4(4830 4833 5341 5335)
4(4830 5335 5346 4837)
4(4833 4834 5343 5341)
4(4831 5337 5341 4833)
4(4831 4832 5339 5337)
4(4846 5337 5341 5335)
4(4827 4831 5337 4846)
4(4827 4846 5335 4830)
4(4846 5337 5338 4847)
4(2531 4846 5337 2537)
4(2531 2537 2538 2532)
4(2035 4831 5337 2537)
4(2032 2035 2537 2531)
4(2032 2531 4846 4827)
4(2035 2512 2539 2537)
4(2034 2512 2539 2535)
4(2533 2535 2539 2537)
4(2033 2533 2537 2035)
4(2033 2034 2535 2533)
4(3005 3007 3031 3027)
4(2535 3027 3031 2539)
4(2034 3005 3027 2535)
4(3006 3008 3033 3029)
4(3005 3006 3029 3027)
4(3027 3029 3033 3031)
4(3029 3035 3039 3033)
4(3006 3009 3035 3029)
4(3035 3036 3040 3039)
4(3035 3037 3038 3036)
4(3029 3035 3036 3030)
4(3029 3030 3034 3033)
4(3023 3035 3036 3024)
4(3017 3029 3035 3023)
4(3017 3018 3030 3029)
4(3017 3023 3024 3018)
4(3023 3025 3026 3024)
4(2544 3017 3029 3006)
4(2544 2546 3023 3017)
4(3015 3017 3029 3027)
4(2543 3015 3027 3005)
4(2543 2544 3017 3015)
4(3027 3028 3030 3029)
4(3015 3016 3028 3027)
4(3015 3017 3018 3016)
4(3027 3028 3032 3031)
4(2535 3027 3028 2536)
4(2535 2536 2540 2539)
4(2525 2526 2536 2535)
4(2525 2535 3027 3015)
4(2525 3015 3016 2526)
4(3013 3014 3020 3019)
4(2007 3013 3019 2013)
4(2013 3019 3020 2014)
4(2007 2008 3014 3013)
4(2007 2013 2014 2008)
4(3019 3023 3024 3020)
4(3013 3017 3023 3019)
4(3013 3014 3018 3017)
4(3019 3021 3022 3020)
4(2542 2545 3019 3013)
4(2542 3013 3017 2544)
4(1494 2007 3013 2542)
4(1494 1496 2013 2007)
4(2013 2015 2016 2014)
4(2009 2010 2014 2013)
4(2009 2011 2012 2010)
4(2533 2534 2536 2535)
4(2523 2533 2535 2525)
4(2523 2525 2526 2524)
4(2523 2524 2534 2533)
4(2533 2534 2538 2537)
4(2528 2531 2537 2533)
4(2528 2533 2534 2529)
4(2029 2033 2533 2528)
4(2029 2528 2531 2032)
4(2025 2033 2533 2523)
4(2022 2517 2528 2029)
4(2517 2523 2533 2528)
4(2022 2025 2523 2517)
4(2026 2034 2535 2525)
4(2025 2026 2525 2523)
4(2026 2543 3015 2525)
4(2541 2543 3015 3011)
4(2521 3011 3015 2525)
4(2024 2541 3011 2521)
4(2024 2521 2525 2026)
4(3011 3013 3017 3015)
4(2541 2542 3013 3011)
4(3011 3012 3016 3015)
4(3011 3013 3014 3012)
4(2521 3011 3012 2522)
4(2521 2522 2526 2525)
4(2005 3011 3013 2007)
4(2005 2006 3012 3011)
4(2005 2007 2008 2006)
4(1493 2005 3011 2541)
4(1493 1494 2007 2005)
4(1483 2005 3011 2521)
4(796 1483 2521 2024)
4(796 1493 2005 1483)
4(1483 1484 2522 2521)
4(1483 2005 2006 1484)
4(2519 2520 2522 2521)
4(821 2519 2521 1483)
4(821 822 2520 2519)
4(821 1483 1484 822)
4(2519 2520 2524 2523)
4(2519 2523 2525 2521)
4(329 4839 5348 830)
4(329 830 2077 2047)
4(4836 4839 5348 5345)
4(325 4836 5345 828)
4(325 329 4839 4836)
4(325 828 830 329)
4(4836 4837 5346 5345)
4(4829 4848 5345 4836)
4(4829 4830 5335 4848)
4(305 4829 4848 826)
4(305 325 4836 4829)
4(305 826 828 325)
4(4826 4829 4848 4845)
4(301 4826 4845 824)
4(301 305 4829 4826)
4(301 824 826 305)
4(4826 4827 4846 4845)
4(2031 2530 4845 4826)
4(2031 2032 2531 2530)
4(3944 301 4826 2031)
4(3944 3952 824 301)
4(3944 2031 2530 3952)
4(300 301 4826 4825)
4(3943 3944 301 300)
4(3943 2030 2031 3944)
4(304 305 4829 4828)
4(300 301 305 304)
4(324 325 4836 4835)
4(304 305 325 324)
4(324 325 329 328)
4(4431 4858 4859 4432)
4(4431 4432 4436 4435)
4(3973 4442 4443 3974)
4(3973 3974 4432 4431)
4(3970 4440 4443 3974)
4(3969 4439 4440 3970)
4(3969 3970 3974 3973)
4(4440 4445 4449 4443)
4(4440 4441 4447 4445)
4(3970 4440 4445 3975)
4(2056 4440 4445 2062)
4(1522 3970 4440 2056)
4(1522 2056 2062 1524)
4(2056 2057 2064 2062)
4(1521 2055 2056 1522)
4(1521 1522 3970 3969)
4(5368 5373 5377 5371)
4(3958 4415 5373 5368)
4(3958 5368 5371 4414)
4(5368 5373 5374 5369)
4(3981 5368 5373 4433)
4(3981 4433 4434 3982)
4(3064 3981 5368 3958)
4(3064 3066 4433 3981)
4(3956 5367 5368 3958)
4(3062 3064 3981 3980)
4(3062 3956 3958 3064)
4(3960 5370 5371 4414)
4(3956 3960 4414 3958)
4(3960 4420 4422 4414)
4(4429 4433 4434 4430)
4(3978 4429 4430 3979)
4(3978 3981 4433 4429)
4(4429 4431 4432 4430)
4(3971 3972 4430 4429)
4(3971 3973 3974 3972)
4(3965 3978 4429 3971)
4(3965 3971 3972 3966)
4(3060 3978 4429 3065)
4(3052 3965 3978 3060)
4(3052 3054 3971 3965)
4(3060 3978 3981 3064)
4(3058 3060 3978 3977)
4(3058 3062 3064 3060)
4(2116 2117 4420 4419)
4(2101 2116 4419 3959)
4(3959 4419 4420 3960)
4(2101 3959 3960 2102)
4(4419 4423 4424 4420)
4(2116 2551 4423 4419)
4(4423 4424 4426 4425)
4(4419 4421 4422 4420)
4(6052 6053 6055 6054)
4(1567 6050 6052 1573)
4(1567 1573 1576 1571)
4(2114 4418 4423 2551)
4(2114 2551 1573 1567)
4(1568 1569 1571 1570)
4(1565 1567 1571 1569)
4(1564 1566 1567 1565)
4(1564 1565 1569 1568)
4(1569 1571 2122 2120)
4(1568 1569 2120 2119)
4(1569 1571 1576 1575)
4(4021 4022 4036 4035)
4(4021 4027 4028 4022)
4(4019 4020 4034 4033)
4(4019 4033 4035 4021)
4(4019 4021 4022 4020)
4(5504 4034 4491 6164)
4(5504 5508 4038 4034)
4(5504 6164 6166 5508)
4(5496 4020 4048 6154)
4(5496 5504 4034 4020)
4(5496 6154 6164 5504)
4(5492 4016 4047 6152)
4(5492 5496 4020 4016)
4(5492 6152 6154 5496)
4(3136 5492 4016 997)
4(3136 997 1641 3160)
4(3136 3160 6152 5492)
4(1022 1642 1644 1026)
4(1022 1024 1643 1642)
4(1022 1026 1028 1024)
4(1018 1043 1047 1020)
4(1018 1022 1642 1043)
4(1045 6199 6201 1047)
4(1045 1046 6200 6199)
4(1045 1047 1048 1046)
4(6175 6199 6201 6176)
4(1019 1045 6199 6175)
4(1019 1020 1047 1045)
4(6175 6199 6203 6177)
4(4975 6175 6199 5559)
4(4975 5559 5563 4977)
4(447 1045 6199 5559)
4(416 447 5559 4975)
4(416 1019 1045 447)
4(447 448 5560 5559)
4(447 1045 1046 448)
4(5557 5558 5560 5559)
4(445 5557 5559 447)
4(445 446 5558 5557)
4(445 447 448 446)
4(5561 5562 5564 5563)
4(5557 5558 5562 5561)
4(5557 5561 5563 5559)
4(5561 5573 5575 5563)
4(5561 5562 5574 5573)
4(5545 5573 5575 5546)
4(4976 5561 5573 5545)
4(4976 4977 5563 5561)
4(5545 5573 5577 5547)
4(5542 5545 5573 5567)
4(5542 5567 5571 5544)
4(5555 5561 5573 5567)
4(4973 5555 5567 5542)
4(4973 4976 5561 5555)
4(5555 5556 5568 5567)
4(5555 5561 5562 5556)
4(5553 5565 5567 5555)
4(5553 5554 5566 5565)
4(5553 5555 5556 5554)
4(5541 5565 5567 5542)
4(4972 4973 5555 5553)
4(1511 5553 5554 1512)
4(1511 1512 2012 2011)
4(5549 5553 5554 5550)
4(1507 5549 5550 1508)
4(1507 1508 1512 1511)
4(5551 5555 5556 5552)
4(5549 5551 5552 5550)
4(5549 5553 5555 5551)
4(5551 5555 5561 5557)
4(5551 5557 5558 5552)
4(4974 4976 5561 5557)
4(4971 4974 5557 5551)
4(4971 5551 5555 4973)
4(4974 4975 5559 5557)
4(415 445 5557 4974)
4(415 416 447 445)
4(439 445 5557 5551)
4(412 439 5551 4971)
4(412 415 445 439)
4(439 440 5552 5551)
4(439 445 446 440)
4(437 5549 5551 439)
4(437 438 5550 5549)
4(437 439 440 438)
4(4970 5549 5551 4971)
4(411 412 439 437)
4(2930 437 438 2931)
4(2930 2931 1508 1507)
4(433 437 438 434)
4(2926 433 434 2927)
4(2926 2927 2931 2930)
4(435 439 440 436)
4(433 435 436 434)
4(433 437 439 435)
4(441 445 446 442)
4(435 439 445 441)
4(435 441 442 436)
4(443 447 448 444)
4(441 443 444 442)
4(441 445 447 443)
4(1041 1045 1046 1042)
4(443 447 1045 1041)
4(443 1041 1042 444)
4(1041 1045 1047 1043)
4(1041 1043 1044 1042)
4(1017 1041 1045 1019)
4(1017 1018 1043 1041)
4(414 1017 1041 443)
4(414 443 447 416)
4(1007 1017 1041 1033)
4(431 1033 1041 443)
4(6174 1007 1033 431)
4(6174 431 443 414)
4(1008 1018 1043 1035)
4(1033 1035 1043 1041)
4(1007 1008 1035 1033)
4(1014 1022 1642 1039)
4(1008 1014 1039 1035)
4(1014 1016 1040 1039)
4(1014 1022 1024 1016)
4(1010 1037 1039 1014)
4(1010 1012 1038 1037)
4(1010 1014 1016 1012)
4(1006 1031 1035 1008)
4(1006 1010 1037 1031)
4(1033 1034 1042 1041)
4(1033 1035 1036 1034)
4(431 1033 1034 432)
4(431 432 444 443)
4(1029 1033 1034 1030)
4(427 431 1033 1029)
4(427 1029 1030 428)
4(427 428 432 431)
4(1029 1033 1035 1031)
4(1029 1031 1032 1030)
4(449 1029 1033 1007)
4(449 1006 1031 1029)
4(6172 449 1029 427)
4(6172 427 431 6174)
4(5499 449 1029 6159)
4(5483 6159 1029 427)
4(4943 5499 6159 5483)
4(4943 5483 427 6172)
4(5500 1006 1031 6161)
4(6159 6161 1031 1029)
4(5499 5500 6161 6159)
4(5506 1010 1037 6165)
4(5500 5506 6165 6161)
4(5506 1010 1012 5508)
4(5506 5508 6166 6165)
4(1009 1010 1012 1011)
4(5505 5507 5508 5506)
4(1013 1014 1016 1015)
4(1021 1022 1024 1023)
4(1025 1026 1028 1027)
4(6179 6180 6182 6181)
4(6183 6184 6186 6185)
4(6191 6192 6194 6193)
4(4029 4030 4035 4033)
4(5503 4033 4034 5504)
4(5503 5504 5508 5507)
4(5495 4019 4020 5496)
4(5495 5496 5504 5503)
4(4013 4014 4021 4019)
4(4012 4014 4021 4017)
4(4011 4012 4017 4015)
4(4015 4017 4021 4019)
4(4017 4025 4027 4021)
4(4012 4023 4025 4017)
4(4017 4025 4026 4018)
4(4017 4018 4022 4021)
4(998 4017 4025 1004)
4(998 999 4018 4017)
4(998 1004 1005 999)
4(991 998 4017 4012)
4(991 1001 1004 998)
4(996 998 4017 4015)
4(990 991 998 996)
4(4015 4016 4018 4017)
4(996 997 4016 4015)
4(996 998 999 997)
4(4015 4016 4020 4019)
4(5491 4015 4016 5492)
4(5491 5492 5496 5495)
4(3135 3136 5492 5491)
4(3135 996 997 3136)
4(5489 5490 5492 5491)
4(3134 3136 5492 5490)
4(3133 3135 3136 3134)
4(5493 5494 5496 5495)
4(5490 5492 5496 5494)
4(5501 5502 5504 5503)
4(5494 5496 5504 5502)
4(5502 5504 5508 5506)
4(5502 6163 6165 5506)
4(5502 5504 6164 6163)
4(5498 6157 6161 5500)
4(5498 5502 6163 6157)
4(6159 6160 1030 1029)
4(6159 6161 6162 6160)
4(5483 5484 428 427)
4(5483 6159 6160 5484)
4(425 426 428 427)
4(5481 425 427 5483)
4(5481 5482 426 425)
4(5481 5483 5484 5482)
4(429 430 432 431)
4(425 426 430 429)
4(425 429 431 427)
4(429 441 443 431)
4(429 430 442 441)
4(3132 993 1640 3158)
4(3132 3158 3160 3136)
4(3132 3136 997 993)
4(2650 979 1639 3148)
4(2650 3148 3158 3132)
4(2650 3132 993 979)
4(2646 975 1638 3146)
4(2646 3146 3148 2650)
4(2646 2650 979 975)
4(1617 6141 6144 2138)
4(1617 2138 3146 2646)
4(1617 2646 975 6141)
4(1613 6139 6143 2136)
4(1613 1617 6141 6139)
4(1613 2136 2138 1617)
4(1605 1613 6139 5468)
4(1605 1628 2136 1613)
4(3149 3150 3152 3151)
4(3141 3149 3151 3143)
4(3141 3142 3150 3149)
4(3141 3143 3144 3142)
4(3153 3154 3156 3155)
4(3149 3150 3154 3153)
4(3149 3153 3155 3151)
4(5509 5510 6146 6145)
4(3153 5509 6145 3155)
4(3153 3154 5510 5509)
4(6147 6148 6150 6149)
4(5509 5510 6148 6147)
4(5509 6147 6149 6145)
4(6155 6156 6158 6157)
4(6147 6148 6156 6155)
4(6147 6155 6157 6149)
4(6155 6159 6161 6157)
4(6155 6156 6160 6159)
4(5497 6155 6159 5499)
4(5497 5498 6157 6155)
4(5479 6155 6159 5483)
4(4941 5497 6155 5479)
4(4941 5479 5483 4943)
4(5479 6155 6156 5480)
4(5479 5480 5484 5483)
4(4958 5479 6155 6147)
4(4958 4959 5480 5479)
4(4958 6147 6148 4959)
4(5487 5497 6155 6147)
4(4935 4958 5479 4941)
4(4935 5487 6147 4958)
4(5488 5498 6157 6149)
4(5487 5488 6149 6147)
4(5494 5502 6163 6153)
4(5488 5494 6153 6149)
4(5494 5496 6154 6153)
4(5490 6151 6153 5494)
4(5490 5492 6152 6151)
4(5486 5490 6151 6145)
4(5486 6145 6149 5488)
4(3134 5490 6151 3159)
4(2654 3134 3159 3155)
4(2654 3155 6145 5486)
4(3134 3136 3160 3159)
4(2656 3157 3159 3134)
4(2656 3132 3158 3157)
4(2656 3134 3136 3132)
4(2652 2656 3157 3151)
4(2652 3151 3155 2654)
4(2648 2656 3157 3147)
4(2642 2648 3147 3143)
4(2642 3143 3151 2652)
4(2648 2650 3148 3147)
4(2648 2656 3132 2650)
4(2644 3145 3147 2648)
4(2644 2646 3146 3145)
4(2644 2648 2650 2646)
4(2640 2644 3145 3139)
4(2640 3139 3143 2642)
4(1615 2644 3145 2137)
4(1609 1635 3139 2640)
4(1609 1615 2137 1635)
4(1615 2644 2646 1617)
4(1615 1617 2138 2137)
4(2643 2644 2646 2645)
4(1616 2645 2646 1617)
4(1614 1616 1617 1615)
4(2647 2648 2650 2649)
4(2645 2649 2650 2646)
4(2655 2656 3132 3131)
4(2649 3131 3132 2650)
4(3131 3135 3136 3132)
4(992 996 997 993)
4(3131 992 993 3132)
4(994 998 999 995)
4(992 994 995 993)
4(992 996 998 994)
4(994 998 1004 1002)
4(994 1002 1003 995)
4(989 1000 1002 994)
4(989 994 998 991)
4(980 986 1002 994)
4(973 980 994 989)
4(973 983 986 980)
4(980 981 995 994)
4(980 986 987 981)
4(978 992 994 980)
4(978 979 993 992)
4(978 980 981 979)
4(988 992 994 989)
4(972 973 980 978)
4(2649 978 979 2650)
4(974 978 979 975)
4(2645 974 975 2646)
4(976 980 981 977)
4(974 978 980 976)
4(976 980 986 984)
4(971 976 980 973)
4(1616 6140 6141 1617)
4(1612 6138 6139 1613)
4(1612 1613 1617 1616)
4(413 441 443 414)
4(6173 429 441 413)
4(6173 6174 431 429)
4(413 441 445 415)
4(410 413 441 435)
4(410 435 439 412)
4(423 429 441 435)
4(6170 423 435 410)
4(6170 6173 429 423)
4(423 424 436 435)
4(423 429 430 424)
4(421 433 435 423)
4(421 422 434 433)
4(421 423 424 422)
4(409 433 435 410)
4(6169 6170 423 421)
4(2425 421 422 2426)
4(2425 2426 2927 2926)
4(417 421 422 418)
4(2421 417 418 2422)
4(2421 2422 2426 2425)
4(419 423 424 420)
4(417 419 420 418)
4(417 421 423 419)
4(419 423 429 425)
4(419 425 426 420)
4(6171 6173 429 425)
4(6168 6171 425 419)
4(6168 419 423 6170)
4(6171 6172 427 425)
4(4942 5481 425 6171)
4(4942 4943 5483 5481)
4(5475 5481 425 419)
4(4939 5475 419 6168)
4(4939 4942 5481 5475)
4(5475 5476 420 419)
4(5475 5481 5482 5476)
4(5473 417 419 5475)
4(5473 5474 418 417)
4(5473 5475 5476 5474)
4(6167 417 419 6168)
4(4938 4939 5475 5473)
4(1422 5473 5474 1423)
4(1422 1423 2422 2421)
4(5469 5473 5474 5470)
4(1418 5469 5470 1419)
4(1418 1419 1423 1422)
4(5471 5475 5476 5472)
4(5469 5471 5472 5470)
4(5469 5473 5475 5471)
4(5477 5481 5482 5478)
4(5471 5475 5481 5477)
4(5471 5477 5478 5472)
4(5477 5481 5483 5479)
4(5477 5479 5480 5478)
4(4940 5477 5481 4942)
4(4940 4941 5479 5477)
4(4937 4940 5477 5471)
4(4937 5471 5475 4939)
4(4934 4940 5477 4956)
4(4950 4956 5477 5471)
4(4931 4950 5471 4937)
4(4931 4934 4956 4950)
4(4956 4958 5479 5477)
4(4934 4935 4958 4956)
4(4956 4957 5478 5477)
4(4956 4958 4959 4957)
4(4950 4951 5472 5471)
4(4950 4956 4957 4951)
4(4948 5469 5471 4950)
4(4948 4949 5470 5469)
4(4948 4950 4951 4949)
4(4936 5469 5471 4937)
4(4930 4931 4950 4948)
4(1406 4948 4949 1407)
4(1406 1407 1419 1418)
4(4944 4948 4949 4945)
4(1402 4944 4945 1403)
4(1402 1403 1407 1406)
4(4946 4950 4951 4947)
4(4944 4946 4947 4945)
4(4944 4948 4950 4946)
4(4952 4956 4957 4953)
4(4946 4950 4956 4952)
4(4946 4952 4953 4947)
4(4954 4958 4959 4955)
4(4952 4954 4955 4953)
4(4952 4956 4958 4954)
4(4954 4958 6147 5509)
4(4954 5509 5510 4955)
4(5485 5487 6147 5509)
4(4933 5485 5509 4954)
4(4933 4954 4958 4935)
4(5485 5486 6145 5509)
4(2653 3153 5509 5485)
4(2653 2654 3155 3153)
4(2637 3153 5509 4954)
4(2154 2637 4954 4933)
4(2154 2653 3153 2637)
4(2637 2638 4955 4954)
4(2637 3153 3154 2638)
4(2635 4952 4954 2637)
4(2635 2636 4953 4952)
4(2635 2637 2638 2636)
4(4932 4952 4954 4933)
4(2153 2635 4952 4932)
4(2153 2154 2637 2635)
4(4932 4952 4956 4934)
4(4929 4932 4952 4946)
4(4929 4946 4950 4931)
4(2629 2635 4952 4946)
4(2150 2629 4946 4929)
4(2150 2153 2635 2629)
4(2629 2630 4947 4946)
4(2629 2635 2636 2630)
4(2627 4944 4946 2629)
4(2627 2628 4945 4944)
4(2627 2629 2630 2628)
4(4928 4944 4946 4929)
4(2149 2150 2629 2627)
4(4397 2627 2628 4398)
4(4397 4398 1403 1402)
4(2623 2627 2628 2624)
4(4393 2623 2624 4394)
4(4393 4394 4398 4397)
4(2625 2629 2630 2626)
4(2623 2625 2626 2624)
4(2623 2627 2629 2625)
4(2631 2635 2636 2632)
4(2625 2629 2635 2631)
4(2625 2631 2632 2626)
4(2633 2637 2638 2634)
4(2631 2633 2634 2632)
4(2631 2635 2637 2633)
4(2633 2637 3153 3149)
4(2633 3149 3150 2634)
4(2651 2653 3153 3149)
4(2152 2651 3149 2633)
4(2152 2633 2637 2154)
4(2651 2652 3151 3149)
4(2641 3141 3149 2651)
4(2641 2642 3143 3141)
4(2621 3141 3149 2633)
4(2146 2621 2633 2152)
4(2146 2641 3141 2621)
4(2621 3141 3142 2622)
4(2621 2622 2634 2633)
4(3137 3141 3142 3138)
4(2165 2621 3141 3137)
4(2165 3137 3138 2166)
4(2165 2166 2622 2621)
4(3137 3141 3143 3139)
4(3137 3139 3140 3138)
4(2167 2631 2633 2621)
4(2167 2168 2632 2631)
4(2167 2621 2622 2168)
4(2151 2631 2633 2152)
4(2145 2167 2631 2151)
4(2145 2146 2621 2167)
4(2151 2631 2635 2153)
4(2148 2151 2631 2625)
4(2148 2625 2629 2150)
4(2161 2167 2631 2625)
4(2142 2161 2625 2148)
4(2142 2145 2167 2161)
4(2161 2162 2626 2625)
4(2161 2167 2168 2162)
4(2159 2160 2624 2623)
4(2159 2623 2625 2161)
4(2159 2161 2162 2160)
4(4377 4378 2156 2155)
4(955 2155 2156 956)
4(3413 955 956 3414)
4(3413 3414 4378 4377)
4(4381 4382 2160 2159)
4(2155 2159 2160 2156)
4(4377 4378 4382 4381)
4(4381 4382 4394 4393)
4(2147 2148 2625 2623)
4(2141 2142 2161 2159)
4(2140 2142 2161 2157)
4(2139 2140 2157 2155)
4(2155 2157 2161 2159)
4(2143 2145 2167 2163)
4(2157 2163 2167 2161)
4(2140 2143 2163 2157)
4(2144 2146 2621 2165)
4(2163 2165 2621 2167)
4(2143 2144 2165 2163)
4(2639 2641 3141 3137)
4(2144 2639 3137 2165)
4(2639 2640 3139 3137)
4(1633 1635 3139 3137)
4(1608 1633 3137 2639)
4(1608 1609 1635 1633)
4(1633 1634 3138 3137)
4(1633 1635 1636 1634)
4(965 2165 3137 1633)
4(965 966 2166 2165)
4(965 1633 1634 966)
4(934 965 2165 2144)
4(934 1608 1633 965)
4(2068 2069 2073 2072)
4(2068 2070 2071 2069)
4(2060 2064 2072 2068)
4(2060 2068 2069 2061)
4(2060 2061 2065 2064)
4(2054 2066 2068 2060)
4(2054 2060 2064 2057)
4(2040 2048 2068 2060)
4(1530 2040 2060 2054)
4(1530 2043 2048 2040)
4(2048 2068 2069 2049)
4(2040 2041 2061 2060)
4(2040 2048 2049 2041)
4(2048 2050 2051 2049)
4(2045 2047 2051 2049)
4(2044 2045 2049 2048)
4(2044 2046 2047 2045)
4(2045 2047 2077 2076)
4(327 329 830 829)
4(327 2045 2047 329)
4(323 325 828 827)
4(323 327 329 325)
4(303 305 826 825)
4(303 323 325 305)
4(299 301 824 823)
4(299 303 305 301)
4(3942 299 301 3944)
4(3942 3944 3952 3951)
4(2058 2062 2064 2060)
4(2058 2060 2061 2059)
4(2053 2058 2062 2056)
4(2053 2054 2060 2058)
4(1518 2053 2058 1523)
4(1518 1522 2056 2053)
4(1529 2053 2058 2038)
4(844 1518 2053 1529)
4(844 1529 2038 846)
4(2038 2040 2060 2058)
4(1529 1530 2040 2038)
4(2038 2040 2041 2039)
4(2036 2040 2041 2037)
4(1531 2038 2040 2036)
4(1531 2036 2037 1532)
4(2036 2040 2048 2044)
4(2036 2044 2045 2037)
4(1527 2042 2044 2036)
4(1527 2036 2040 1530)
4(326 327 2045 2044)
4(326 328 329 327)
4(318 2036 2044 326)
4(318 319 2037 2036)
4(318 326 327 319)
4(311 318 2036 1527)
4(311 321 326 318)
4(1517 2052 2053 1518)
4(1517 1518 1522 1521)
4(843 844 1518 1517)
4(843 1528 1529 844)
4(1526 1531 2038 1529)
4(1526 1527 2036 1531)
4(840 1526 1531 845)
4(840 844 1529 1526)
4(310 1526 1531 316)
4(6005 310 316 6007)
4(6005 840 1526 310)
4(316 318 2036 1531)
4(310 311 318 316)
4(316 318 319 317)
4(314 318 319 315)
4(312 314 315 313)
4(312 316 318 314)
4(322 326 327 323)
4(314 318 326 322)
4(314 322 323 315)
4(322 324 325 323)
4(308 320 322 314)
4(308 314 318 311)
4(294 302 322 314)
4(287 294 314 308)
4(287 297 302 294)
4(302 303 323 322)
4(302 304 305 303)
4(294 295 315 314)
4(294 302 303 295)
4(292 312 314 294)
4(292 294 295 293)
4(307 312 314 308)
4(286 292 312 307)
4(286 287 294 292)
4(307 312 316 310)
4(6001 307 312 6006)
4(6001 6005 310 307)
4(5989 286 292 5991)
4(5989 6001 307 286)
4(290 294 295 291)
4(288 290 291 289)
4(288 292 294 290)
4(298 302 303 299)
4(290 294 302 298)
4(290 298 299 291)
4(298 300 301 299)
4(284 296 298 290)
4(284 290 294 287)
4(3536 3941 298 290)
4(3529 3536 290 284)
4(3529 3539 3941 3536)
4(3941 3942 299 298)
4(3941 3943 3944 3942)
4(3536 3537 291 290)
4(3536 3941 3942 3537)
4(3534 288 290 3536)
4(3534 3536 3537 3535)
4(283 288 290 284)
4(3528 3534 288 283)
4(3528 3529 3536 3534)
4(283 288 292 286)
4(5985 283 288 5990)
4(5985 5989 286 283)
4(3002 5985 283 3528)
4(3002 3528 3534 3004)
4(2028 2527 2530 2031)
4(2028 2029 2528 2527)
4(3940 2028 2527 3950)
4(3940 3944 2031 2028)
4(3940 3950 3952 3944)
4(2021 2028 2527 2516)
4(3523 3940 2028 2021)
4(3523 2021 2516 3948)
4(3523 3948 3950 3940)
4(2021 2022 2517 2516)
4(2517 2523 2524 2518)
4(2514 2517 2523 2519)
4(2514 2519 2520 2515)
4(2023 2025 2523 2519)
4(2019 2023 2519 2514)
4(2019 2514 2517 2022)
4(2023 2024 2521 2519)
4(795 821 2519 2023)
4(795 796 1483 821)
4(815 821 2519 2514)
4(792 815 2514 2019)
4(792 795 821 815)
4(815 821 822 816)
4(817 818 820 819)
4(809 819 820 810)
4(807 817 819 809)
4(807 808 818 817)
4(807 809 810 808)
4(819 1483 1484 820)
4(817 821 1483 819)
4(817 818 822 821)
4(2001 2005 2006 2002)
4(819 1483 2005 2001)
4(819 2001 2002 820)
4(2003 2007 2008 2004)
4(2001 2005 2007 2003)
4(2001 2003 2004 2002)
4(2003 2007 2013 2009)
4(2003 2009 2010 2004)
4(1492 1495 2009 2003)
4(1492 2003 2007 1494)
4(1509 1510 2010 2009)
4(1509 1511 1512 1510)
4(1503 2003 2009 1509)
4(1503 1504 2004 2003)
4(1503 1509 1510 1504)
4(1488 1503 2003 1492)
4(1488 1490 1509 1503)
4(1491 2001 2003 1492)
4(1487 1501 2001 1491)
4(1501 1503 2003 2001)
4(1487 1488 1503 1501)
4(1491 2001 2005 1493)
4(794 1491 2001 819)
4(794 819 1483 796)
4(809 1501 2001 819)
4(786 1487 1501 809)
4(786 809 819 794)
4(1501 2001 2002 1502)
4(809 1501 1502 810)
4(1501 1503 1504 1502)
4(1499 1503 1504 1500)
4(1497 1499 1500 1498)
4(1497 1501 1503 1499)
4(1497 1498 1502 1501)
4(1505 1509 1510 1506)
4(1499 1503 1509 1505)
4(1499 1505 1506 1500)
4(1505 1507 1508 1506)
4(1486 1489 1505 1499)
4(1486 1499 1503 1488)
4(2922 2928 1505 1499)
4(2408 2922 1499 1486)
4(2408 2410 2928 2922)
4(2928 2929 1506 1505)
4(2928 2930 2931 2929)
4(2922 2923 1500 1499)
4(2922 2928 2929 2923)
4(2920 1497 1499 2922)
4(2920 2921 1498 1497)
4(2920 2922 2923 2921)
4(1485 1497 1499 1486)
4(2407 2920 1497 1485)
4(2407 2408 2922 2920)
4(1485 1497 1501 1487)
4(805 1497 1501 809)
4(784 1485 1497 805)
4(784 805 809 786)
4(805 1497 1498 806)
4(805 806 810 809)
4(1944 805 1497 2920)
4(1944 1945 806 805)
4(1944 2920 2921 1945)
4(1917 1944 805 784)
4(1917 2407 2920 1944)
4(3939 2027 2028 3940)
4(3939 3940 3944 3943)
4(3522 2020 2021 3523)
4(3522 3523 3940 3939)
4(2018 2513 2516 2021)
4(2018 2019 2514 2513)
4(3519 2018 2513 3946)
4(3519 3946 3948 3523)
4(3519 3523 2021 2018)
4(791 2018 2513 814)
4(2506 2972 3946 3519)
4(2506 791 814 2972)
4(2506 3519 2018 791)
4(791 792 815 814)
4(789 792 815 812)
4(788 789 812 811)
4(788 811 814 791)
4(793 795 821 817)
4(789 793 817 812)
4(812 817 821 815)
4(793 794 819 817)
4(785 807 817 793)
4(785 786 809 807)
4(801 807 817 812)
4(281 801 812 789)
4(281 785 807 801)
4(812 813 818 817)
4(801 807 808 802)
4(3541 3940 3950 3949)
4(3541 3942 3944 3940)
4(3521 3523 3948 3947)
4(3521 3541 3940 3523)
4(3517 3519 3946 3945)
4(3517 3521 3523 3519)
4(2504 2506 2972 2971)
4(2504 3517 3519 2506)
4(280 800 811 788)
4(280 281 801 800)
4(2502 2970 811 788)
4(2482 2510 2970 2502)
4(2482 280 800 2510)
4(2482 2502 788 280)
4(2502 2506 791 788)
4(2502 2970 2972 2506)
4(2505 2506 791 790)
4(2501 2502 2506 2505)
4(2501 787 788 2502)
4(3518 3519 2018 2017)
4(2505 2506 3519 3518)
4(3518 3519 3523 3522)
4(2110 4417 4419 2116)
4(2110 2116 2551 2114)
4(2096 3954 3959 2101)
4(2096 2101 2116 2110)
4(3959 4413 4414 3960)
4(3955 3956 3960 3959)
4(3955 3957 3958 3956)
4(2098 3955 3959 2101)
4(2092 3953 3955 2098)
4(2092 2098 2101 2096)
4(2098 3955 3956 2099)
4(3061 3955 3956 3062)
4(911 2098 3955 3061)
4(911 3061 3062 912)
4(3061 3063 3064 3062)
4(906 911 2098 2092)
4(906 3056 3061 911)
4(1562 1568 2119 1578)
4(1555 1557 1568 1562)
4(1562 1568 1569 1563)
4(1565 1567 1573 1572)
4(2112 1565 1567 2114)
4(2112 2114 2551 2118)
4(3050 3052 3965 3964)
4(3050 3058 3060 3052)
4(3048 3052 3965 3962)
4(3046 3048 3962 3961)
4(3046 3050 3052 3048)
4(3962 3967 3971 3965)
4(3048 3053 3967 3962)
4(3967 3971 3972 3968)
4(3962 3967 3968 3963)
4(3967 3969 3970 3968)
4(1519 1520 3968 3967)
4(1519 1521 1522 1520)
4(1513 3962 3967 1519)
4(1513 1519 1520 1514)
4(1459 1513 3962 3048)
4(1459 1978 1519 1513)
4(1457 1459 1513 850)
4(1457 3046 3048 1459)
4(1515 1519 1520 1516)
4(848 1513 1519 1515)
4(848 1515 1516 849)
4(1515 1517 1518 1516)
4(1455 1460 1515 848)
4(1455 848 1513 1459)
4(835 841 1515 848)
4(1447 1449 841 835)
4(1447 835 848 1455)
4(841 842 1516 1515)
4(841 843 844 842)
4(835 841 842 836)
4(837 841 842 838)
4(832 835 841 837)
4(832 837 838 833)
4(839 843 844 840)
4(837 839 840 838)
4(839 1525 1526 840)
4(6004 6005 840 839)
4(6004 309 310 6005)
4(1443 1448 837 832)
4(1443 832 835 1447)
4(5996 6002 837 832)
4(273 5996 832 1443)
4(273 275 6002 5996)
4(6002 837 838 6003)
4(5996 6002 6003 5997)
4(6002 6004 6005 6003)
4(6000 6004 6005 6001)
4(5998 6000 6001 5999)
4(5998 5999 6003 6002)
4(6000 306 307 6001)
4(5988 285 286 5989)
4(5988 5989 6001 6000)
4(5984 282 283 5985)
4(5984 5985 5989 5988)
4(3001 3002 5985 5984)
4(3001 3527 3528 3002)
4(3540 3541 3942 3941)
4(3540 3939 3940 3541)
4(3532 3536 3941 3540)
4(3532 3540 3541 3533)
4(3532 3533 3537 3536)
4(3526 3538 3540 3532)
4(3526 3532 3536 3529)
4(3512 3520 3540 3532)
4(3505 3515 3520 3512)
4(3505 3512 3532 3526)
4(3520 3521 3541 3540)
4(3520 3522 3523 3521)
4(3512 3513 3533 3532)
4(3512 3520 3521 3513)
4(3530 3531 3533 3532)
4(3510 3530 3532 3512)
4(3510 3512 3513 3511)
4(3530 3534 3536 3532)
4(1453 1455 848 847)
4(1453 1457 1459 1455)
4(1445 1447 835 834)
4(1445 1453 1455 1447)
4(1441 1443 832 831)
4(1441 1445 1447 1443)
4(271 273 5996 5995)
4(271 1441 1443 273)
4(269 273 5996 5993)
4(267 269 5993 5992)
4(267 271 273 269)
4(5993 5998 6002 5996)
4(269 274 5998 5993)
4(5986 5987 5999 5998)
4(5986 5988 5989 5987)
4(5993 5994 5999 5998)
4(5980 5993 5998 5986)
4(5980 5986 5987 5981)
4(261 5980 5993 269)
4(261 263 5986 5980)
4(5975 261 5980 5979)
4(5975 267 269 261)
4(5982 5986 5987 5983)
4(5977 5980 5986 5982)
4(5977 5982 5983 5978)
4(5982 5984 5985 5983)
4(2999 3000 5983 5982)
4(2999 3001 3002 3000)
4(5973 262 5982 5977)
4(5973 5977 5980 261)
4(2993 2999 5982 5977)
4(3497 3499 2999 2993)
4(3497 2993 5977 5973)
4(2993 2999 3000 2994)
4(2500 2502 2970 2511)
4(2500 2504 2506 2502)
4(2480 2482 2510 2509)
4(2480 2500 2502 2482)
4(277 280 800 797)
4(2478 277 797 2508)
4(2478 2508 2510 2482)
4(2478 2482 280 277)
4(278 281 801 798)
4(277 278 798 797)
4(783 785 807 803)
4(798 803 807 801)
4(278 783 803 798)
4(803 805 809 807)
4(783 784 805 803)
4(803 804 808 807)
4(803 805 806 804)
4(798 803 804 799)
4(1942 803 804 1943)
4(1936 798 803 1942)
4(1936 1942 1943 1937)
4(1942 803 805 1944)
4(1942 1944 1945 1943)
4(1916 1942 803 783)
4(1916 1917 1944 1942)
4(1913 1936 798 278)
4(1913 1916 1942 1936)
4(1912 1935 797 277)
4(1912 1913 1936 1935)
4(3471 3908 2508 2478)
4(3471 1912 1935 3908)
4(3471 2478 277 1912)
4(2476 2478 2508 2507)
4(2476 2480 2482 2478)
4(3469 2476 2478 3471)
4(3469 3471 3908 3907)
4(2475 2476 2478 2477)
4(3470 2477 2478 3471)
4(3468 3469 2476 2475)
4(3468 3470 3471 3469)
4(2479 2480 2482 2481)
4(2477 2481 2482 2478)
4(2475 2476 2480 2479)
4(2499 2500 2502 2501)
4(2481 2501 2502 2482)
4(2479 2480 2500 2499)
4(2503 2504 2506 2505)
4(2499 2500 2504 2503)
4(3516 3517 3519 3518)
4(2503 2504 3517 3516)
4(3516 3517 3521 3520)
4(3508 3516 3520 3512)
4(3502 3514 3516 3508)
4(3502 3508 3512 3505)
4(3508 3516 3517 3509)
4(3508 3509 3513 3512)
4(2495 3508 3516 2503)
4(2495 2496 3509 3508)
4(2495 2503 2504 2496)
4(2488 2495 3508 3502)
4(2488 2498 2503 2495)
4(2918 2924 2928 2922)
4(2406 2409 2924 2918)
4(2406 2918 2922 2408)
4(2924 2925 2929 2928)
4(2924 2926 2927 2925)
4(2916 2917 2919 2918)
4(2417 2918 2919 2418)
4(2415 2916 2918 2417)
4(2415 2416 2917 2916)
4(2415 2417 2418 2416)
4(2918 2922 2923 2919)
4(2916 2920 2922 2918)
4(2916 2917 2921 2920)
4(2918 2924 2925 2919)
4(2423 2924 2925 2424)
4(2417 2918 2924 2423)
4(2417 2423 2424 2418)
4(2423 2425 2426 2424)
4(2402 2417 2918 2406)
4(2402 2404 2423 2417)
4(2405 2916 2918 2406)
4(2401 2415 2916 2405)
4(2401 2402 2417 2415)
4(2405 2916 2920 2407)
4(1940 2916 2920 1944)
4(1915 2405 2916 1940)
4(1915 1940 1944 1917)
4(1940 2916 2917 1941)
4(1940 1941 1945 1944)
4(1930 1940 2916 2415)
4(1930 2415 2416 1931)
4(1930 1931 1941 1940)
4(1907 2401 2415 1930)
4(1907 1930 1940 1915)
4(2399 2401 2415 2411)
4(1905 2399 2411 1926)
4(1926 2411 2415 1930)
4(1905 1926 1930 1907)
4(2400 2402 2417 2413)
4(2411 2413 2417 2415)
4(2399 2400 2413 2411)
4(2413 2419 2423 2417)
4(2400 2403 2419 2413)
4(2419 2420 2424 2423)
4(2419 2421 2422 2420)
4(2411 2412 2414 2413)
4(1414 2413 2414 1415)
4(1412 2411 2413 1414)
4(1412 1413 2412 2411)
4(1412 1414 1415 1413)
4(2413 2417 2418 2414)
4(2411 2412 2416 2415)
4(2413 2419 2420 2414)
4(1420 2419 2420 1421)
4(1414 2413 2419 1420)
4(1414 1420 1421 1415)
4(1420 1422 1423 1421)
4(748 1414 2413 2400)
4(748 1391 1420 1414)
4(747 1412 2411 2399)
4(747 748 1414 1412)
4(737 1412 2411 1926)
4(251 737 1926 1905)
4(251 747 1412 737)
4(1926 1927 2412 2411)
4(737 738 1927 1926)
4(737 1412 1413 738)
4(1926 1927 1931 1930)
4(1928 1929 1931 1930)
4(1924 1925 1929 1928)
4(1924 1926 1927 1925)
4(1924 1928 1930 1926)
4(1938 1939 1941 1940)
4(1928 1938 1940 1930)
4(1928 1929 1939 1938)
4(1938 1939 1943 1942)
4(1938 1942 1944 1940)
4(1933 1936 1942 1938)
4(1933 1938 1939 1934)
4(1914 1916 1942 1938)
4(1910 1914 1938 1933)
4(1910 1933 1936 1913)
4(1914 1915 1940 1938)
4(1906 1928 1938 1914)
4(1906 1907 1930 1928)
4(1922 1928 1938 1933)
4(1429 1906 1928 1922)
4(1429 1922 1933 1910)
4(1922 1928 1929 1923)
4(1919 1924 1925 1920)
4(1919 1922 1928 1924)
4(735 1924 1925 736)
4(729 1919 1924 735)
4(729 735 736 730)
4(735 1924 1926 737)
4(735 737 738 736)
4(1904 1924 1926 1905)
4(250 735 1924 1904)
4(250 251 737 735)
4(1904 1924 1928 1906)
4(1426 1904 1924 1919)
4(1426 1919 1922 1429)
4(247 729 1919 1426)
4(247 250 735 729)
4(1425 1918 1919 1426)
4(246 247 729 728)
4(246 728 1918 1425)
4(1428 1921 1922 1429)
4(1425 1918 1921 1428)
4(1909 1932 1933 1910)
4(1428 1921 1932 1909)
4(1909 1932 1935 1912)
4(3467 1909 1932 3477)
4(3467 3471 1912 1909)
4(3467 3477 3908 3471)
4(3447 1428 1921 3475)
4(3447 3467 1909 1428)
4(3447 3475 3477 3467)
4(3443 1425 1918 3473)
4(3443 3447 1428 1425)
4(3443 3473 3475 3447)
4(1604 1605 1613 1612)
4(1611 1613 1617 1615)
4(1610 1612 1613 1611)
4(1611 1637 2137 1615)
4(1611 1613 2136 1637)
4(1607 1611 1637 1631)
4(1607 1631 1635 1609)
4(1603 1611 1637 1627)
4(1600 1603 1627 1624)
4(1600 1624 1631 1607)
4(1603 1611 1613 1605)
4(968 1601 1626 1620)
4(968 1620 1624 1600)
4(3118 3596 1620 968)
4(3118 3120 3599 3596)
4(1606 1629 1631 1607)
4(1622 1624 1631 1629)
4(969 1600 1624 1622)
4(969 1622 1629 1606)
4(1629 1631 1635 1633)
4(1606 1629 1633 1608)
4(1629 1630 1634 1633)
4(1629 1631 1632 1630)
4(959 960 962 961)
4(949 961 962 950)
4(947 949 950 948)
4(947 959 961 949)
4(947 948 960 959)
4(963 964 966 965)
4(959 960 964 963)
4(959 963 965 961)
4(961 965 966 962)
4(2163 2164 2166 2165)
4(963 964 2164 2163)
4(963 2163 2165 965)
4(2163 2164 2168 2167)
4(2157 2163 2164 2158)
4(2157 2158 2162 2161)
4(957 2157 2163 963)
4(957 958 2158 2157)
4(957 963 964 958)
4(933 2143 2163 963)
4(930 957 2157 2140)
4(930 933 963 957)
4(933 934 965 963)
4(1416 1417 1421 1420)
4(1416 1418 1419 1417)
4(1410 1414 1420 1416)
4(1410 1416 1417 1411)
4(1410 1411 1415 1414)
4(746 1390 1416 1410)
4(746 1410 1414 748)
4(1398 1404 1416 1410)
4(742 1398 1410 746)
4(742 744 1404 1398)
4(1404 1405 1417 1416)
4(1404 1406 1407 1405)
4(1398 1399 1411 1410)
4(1398 1404 1405 1399)
4(1408 1409 1411 1410)
4(1396 1397 1409 1408)
4(1396 1408 1410 1398)
4(1396 1398 1399 1397)
4(1408 1412 1414 1410)
4(1408 1409 1413 1412)
4(745 1408 1412 747)
4(745 746 1410 1408)
4(733 1408 1412 737)
4(249 745 1408 733)
4(249 733 737 251)
4(733 1408 1409 734)
4(733 734 738 737)
4(723 733 1408 1396)
4(723 1396 1397 724)
4(723 724 734 733)
4(741 745 1408 1396)
4(241 741 1396 723)
4(241 723 733 249)
4(741 742 1398 1396)
4(740 742 1398 1394)
4(739 740 1394 1392)
4(1392 1394 1398 1396)
4(739 1392 1396 741)
4(1394 1400 1404 1398)
4(740 743 1400 1394)
4(1400 1401 1405 1404)
4(1400 1402 1403 1401)
4(1394 1400 1401 1395)
4(1394 1395 1399 1398)
4(4395 1400 1401 4396)
4(4389 1394 1400 4395)
4(4389 4390 1395 1394)
4(4389 4395 4396 4390)
4(4395 4397 4398 4396)
4(4364 4389 1394 740)
4(4364 4366 4395 4389)
4(4387 4389 1394 1392)
4(4363 4387 1392 739)
4(4363 4364 4389 4387)
4(1392 1393 1395 1394)
4(4387 4388 1393 1392)
4(4387 4389 4390 4388)
4(1392 1393 1397 1396)
4(719 723 1396 1392)
4(719 1392 1393 720)
4(719 720 724 723)
4(239 739 1392 719)
4(239 719 723 241)
4(3899 4387 1392 719)
4(3434 3899 719 239)
4(3434 4363 4387 3899)
4(3899 3900 720 719)
4(3899 4387 4388 3900)
4(717 718 720 719)
4(3897 717 719 3899)
4(3897 3899 3900 3898)
4(3897 3898 718 717)
4(721 722 724 723)
4(717 721 723 719)
4(717 718 722 721)
4(731 732 734 733)
4(721 722 732 731)
4(721 731 733 723)
4(731 735 737 733)
4(731 732 736 735)
4(248 731 735 250)
4(248 249 733 731)
4(726 731 735 729)
4(244 248 731 726)
4(244 726 729 247)
4(726 731 732 727)
4(256 726 731 721)
4(256 721 722 257)
4(240 248 731 721)
4(237 240 721 256)
4(237 256 726 244)
4(240 241 723 721)
4(238 717 721 240)
4(238 239 719 717)
4(253 717 721 256)
4(234 253 256 237)
4(234 238 717 253)
4(253 717 718 254)
4(243 725 728 246)
4(243 244 726 725)
4(1903 2376 728 246)
4(1899 243 725 2374)
4(1899 1903 246 243)
4(1899 2374 2376 1903)
4(1903 3443 1425 246)
4(1903 2376 3473 3443)
4(3442 3443 1425 1424)
4(1902 1903 3443 3442)
4(1902 245 246 1903)
4(3446 3447 1428 1427)
4(3442 3443 3447 3446)
4(3466 3467 1909 1908)
4(3446 3447 3467 3466)
4(3470 3471 1912 1911)
4(3466 3467 3471 3470)
4(2477 2478 277 276)
4(2481 2482 280 279)
4(2998 3525 3528 3002)
4(2997 2998 3002 3001)
4(2997 3524 3525 2998)
4(3525 3528 3534 3530)
4(2998 3525 3530 3003)
4(3525 3526 3532 3530)
4(3504 3510 3530 3525)
4(3504 3505 3512 3510)
4(2986 3504 3510 2988)
4(2986 2998 3525 3504)
4(2990 2991 2996 2995)
4(2977 2990 2995 2983)
4(2983 2995 2996 2984)
4(2977 2983 2984 2978)
4(2995 2999 3000 2996)
4(2990 2993 2999 2995)
4(2995 2997 2998 2996)
4(3493 3498 2995 2990)
4(3493 2990 2993 3497)
4(3485 2977 2990 3493)
4(3485 3487 2983 2977)
4(3506 3508 3512 3510)
4(3501 3506 3510 3504)
4(3501 3502 3508 3506)
4(3506 3508 3509 3507)
4(2982 3501 3506 2987)
4(2982 2986 3504 3501)
4(2487 3501 3506 2493)
4(1986 2982 3501 2487)
4(1986 2487 2493 1988)
4(2493 2495 3508 3506)
4(2487 2488 2495 2493)
4(2493 2495 2496 2494)
4(2979 2980 2982 2981)
4(1985 2981 2982 1986)
4(1983 1984 2980 2979)
4(1983 1985 1986 1984)
4(2983 2984 2986 2985)
4(2981 2985 2986 2982)
4(2979 2980 2984 2983)
4(2985 2997 2998 2986)
4(2985 3503 3504 2986)
4(2981 3500 3501 2982)
4(1985 2486 2487 1986)
4(2491 2499 2503 2495)
4(2485 2497 2499 2491)
4(2485 2491 2495 2488)
4(2491 2499 2500 2492)
4(2491 2492 2496 2495)
4(2471 2491 2499 2479)
4(2471 2472 2492 2491)
4(2471 2479 2480 2472)
4(1994 2471 2491 2485)
4(1994 2474 2479 2471)
4(2484 2489 2491 2485)
4(1993 1999 2489 2484)
4(1999 2471 2491 2489)
4(1993 1994 2471 1999)
4(2489 2491 2495 2493)
4(2484 2489 2493 2487)
4(2489 2491 2492 2490)
4(1982 2484 2489 1987)
4(1982 1986 2487 2484)
4(1474 1982 2484 1993)
4(1474 1993 1999 1476)
4(1999 2471 2472 2000)
4(1997 2471 2472 1998)
4(1995 1997 1998 1996)
4(1995 1999 2471 1997)
4(1997 2471 2479 2475)
4(1997 2475 2476 1998)
4(1991 2473 2475 1997)
4(1991 1997 2471 1994)
4(3460 3468 2475 1997)
4(3453 3460 1997 1991)
4(3453 3463 3468 3460)
4(3460 3461 1998 1997)
4(3460 3468 3469 3461)
4(3458 1995 1997 3460)
4(3458 3460 3461 3459)
4(3465 3476 3477 3467)
4(3445 3465 3467 3447)
4(3445 3447 3475 3474)
4(3465 3469 3471 3467)
4(5971 5973 5977 5976)
4(5971 5975 261 5973)
4(3495 3497 2993 2992)
4(3495 5971 5973 3497)
4(3491 3493 2990 2989)
4(3491 3495 3497 3493)
4(3483 3485 2977 2976)
4(3483 3491 3493 3485)
4(2974 2977 2983 2979)
4(2974 2979 2980 2975)
4(3481 3486 2979 2974)
4(3481 2974 2977 3485)
4(1481 1983 2979 2974)
4(1975 1481 2974 3481)
4(1975 1977 1983 1481)
4(1481 1983 1984 1482)
4(3479 2973 2974 3481)
4(1973 1975 1481 1480)
4(1973 3479 3481 1975)
4(3479 3483 3485 3481)
4(1979 1983 1984 1980)
4(1478 1979 1980 1479)
4(1478 1481 1983 1979)
4(1981 1985 1986 1982)
4(1979 1981 1982 1980)
4(1981 2483 2484 1982)
4(1473 1992 1993 1474)
4(1473 1474 1982 1981)
4(1990 1995 1999 1993)
4(1990 1991 1997 1995)
4(1470 1990 1995 1475)
4(1470 1474 1993 1990)
4(3452 1990 1995 3458)
4(2899 1470 1990 3452)
4(2899 3452 3458 2901)
4(3452 3453 3460 3458)
4(3450 3453 3460 3456)
4(3449 3454 3458 3452)
4(3454 3456 3460 3458)
4(3449 3450 3456 3454)
4(3456 3464 3468 3460)
4(3450 3462 3464 3456)
4(3464 3465 3467 3466)
4(3444 3445 3465 3464)
4(3444 3446 3447 3445)
4(3464 3465 3469 3468)
4(3456 3464 3465 3457)
4(3456 3457 3461 3460)
4(2914 3456 3464 3444)
4(2914 2915 3457 3456)
4(2914 3444 3445 2915)
4(2907 2914 3456 3450)
4(2907 3439 3444 2914)
4(1469 1470 1990 1989)
4(2898 2899 1470 1469)
4(2898 3451 3452 2899)
4(1469 1470 1474 1473)
4(1471 1472 1474 1473)
4(1467 1468 1472 1471)
4(1467 1469 1470 1468)
4(1471 1472 1980 1979)
4(1462 1463 1468 1467)
4(2397 1462 1467 2896)
4(2896 1467 1468 2897)
4(2397 2896 2897 2398)
4(1465 1466 1472 1471)
4(1462 1465 1471 1467)
4(1465 1478 1979 1471)
4(1971 1478 1979 1976)
4(1963 1965 1471 1465)
4(1963 1465 1478 1971)
4(1971 1478 1481 1975)
4(1959 1964 1467 1462)
4(1959 1462 1465 1963)
4(2839 2841 2896 2397)
4(2839 2397 1462 1959)
4(2896 2898 2899 2897)
4(2894 2898 2899 2895)
4(2892 2894 2895 2893)
4(2892 2893 2897 2896)
4(2895 3449 3452 2899)
4(2894 3448 3449 2895)
4(2895 3449 3454 2900)
4(3454 3456 3457 3455)
4(2912 3454 3456 2914)
4(2912 2914 2915 2913)
4(2906 2912 3454 3449)
4(2906 2907 2914 2912)
4(2390 2906 2912 2392)
4(2390 2895 3449 2906)
4(2910 2914 2915 2911)
4(2908 2910 2911 2909)
4(2908 2912 2914 2910)
4(3440 3444 3445 3441)
4(2910 2914 3444 3440)
4(2910 3440 3441 2911)
4(3441 3443 3447 3445)
4(3440 3442 3443 3441)
4(3441 3443 3473 3472)
4(1901 3441 3443 1903)
4(1901 1903 2376 2375)
4(236 255 725 243)
4(236 237 256 255)
4(1879 236 255 2372)
4(1879 1899 243 236)
4(1879 2372 2374 1899)
4(233 236 255 252)
4(1875 2370 2372 1879)
4(1875 233 252 2370)
4(1875 1879 236 233)
4(233 234 253 252)
4(3430 234 253 3891)
4(3429 3430 3891 3890)
4(3429 3890 252 233)
4(3433 238 717 3897)
4(3891 3897 717 253)
4(3430 3433 3897 3891)
4(3433 3434 3899 3897)
4(3432 3434 3899 3895)
4(3893 3895 3899 3897)
4(3431 3893 3897 3433)
4(3431 3432 3895 3893)
4(4361 4363 4387 4383)
4(3895 4383 4387 3899)
4(3432 4361 4383 3895)
4(4362 4364 4389 4385)
4(4361 4362 4385 4383)
4(4383 4385 4389 4387)
4(4385 4391 4395 4389)
4(4362 4365 4391 4385)
4(4391 4392 4396 4395)
4(4391 4393 4394 4392)
4(4385 4391 4392 4386)
4(4385 4386 4390 4389)
4(4379 4391 4392 4380)
4(4373 4385 4391 4379)
4(4373 4374 4386 4385)
4(4373 4379 4380 4374)
4(4379 4381 4382 4380)
4(3904 4373 4385 4362)
4(3904 3906 4379 4373)
4(4371 4373 4385 4383)
4(3903 4371 4383 4361)
4(3903 3904 4373 4371)
4(4383 4384 4386 4385)
4(4371 4372 4384 4383)
4(4371 4373 4374 4372)
4(4383 4384 4388 4387)
4(3895 4383 4384 3896)
4(3895 3896 3900 3899)
4(3885 3895 4383 4371)
4(3885 4371 4372 3886)
4(3885 3886 3896 3895)
4(3424 3903 4371 3885)
4(3424 3885 3895 3432)
4(3901 3903 4371 4367)
4(3881 4367 4371 3885)
4(3422 3901 4367 3881)
4(3422 3881 3885 3424)
4(3902 3904 4373 4369)
4(3901 3902 4369 4367)
4(4367 4369 4373 4371)
4(4369 4375 4379 4373)
4(3902 3905 4375 4369)
4(955 957 2157 2155)
4(929 930 957 955)
4(2155 2156 2158 2157)
4(955 957 958 956)
4(953 957 958 954)
4(951 953 954 952)
4(951 955 957 953)
4(951 952 956 955)
4(953 957 963 959)
4(953 959 960 954)
4(931 933 963 959)
4(928 931 959 953)
4(928 953 957 930)
4(932 934 965 961)
4(931 932 961 959)
4(961 1629 1633 965)
4(932 1606 1629 961)
4(961 1629 1630 962)
4(1622 1629 1630 1623)
4(949 961 1629 1622)
4(949 1622 1623 950)
4(1622 1624 1625 1623)
4(1618 1622 1624 1620)
4(1618 1620 1621 1619)
4(1618 1619 1623 1622)
4(967 1618 1622 969)
4(967 968 1620 1618)
4(407 949 1622 969)
4(945 1618 1622 949)
4(405 945 949 407)
4(405 967 1618 945)
4(407 949 961 932)
4(2904 3438 3440 2910)
4(2904 2910 2914 2907)
4(1892 1900 3440 2910)
4(1885 1892 2910 2904)
4(1885 1895 1900 1892)
4(1900 1901 3441 3440)
4(1900 1902 1903 1901)
4(1892 1893 2911 2910)
4(1892 1900 1901 1893)
4(1890 2908 2910 1892)
4(1890 1892 1893 1891)
4(2903 2908 2910 2904)
4(1884 1890 2908 2903)
4(1884 1885 1892 1890)
4(2903 2908 2912 2906)
4(2386 2903 2908 2391)
4(2386 2390 2906 2903)
4(1387 1884 1890 1389)
4(1387 2386 2903 1884)
4(2389 2894 2895 2390)
4(2387 2388 2893 2892)
4(2387 2389 2390 2388)
4(2389 2905 2906 2390)
4(1898 1899 243 242)
4(1878 235 236 1879)
4(1878 1879 1899 1898)
4(1898 1899 1903 1902)
4(1897 1899 1903 1901)
4(1896 1898 1899 1897)
4(1896 1897 1901 1900)
4(1897 1899 2374 2373)
4(1877 1879 2372 2371)
4(1877 1897 1899 1879)
4(1873 1877 1879 1875)
4(1873 1875 2370 2369)
4(3594 3596 1620 1618)
4(3117 3594 1618 967)
4(3117 3118 3596 3594)
4(3594 3595 1619 1618)
4(3594 3596 3597 3595)
4(945 946 1619 1618)
4(2619 2620 946 945)
4(2619 945 1618 3594)
4(2619 3594 3595 2620)
4(945 946 950 949)
4(943 947 949 945)
4(943 944 948 947)
4(943 945 946 944)
4(406 947 949 407)
4(404 943 947 406)
4(404 405 945 943)
4(406 947 959 931)
4(941 947 959 953)
4(403 941 953 928)
4(403 406 947 941)
4(941 942 954 953)
4(941 947 948 942)
4(939 951 953 941)
4(939 940 952 951)
4(939 941 942 940)
4(408 951 953 928)
4(402 403 941 939)
4(3409 951 952 3410)
4(3409 3410 3414 3413)
4(2890 939 940 2891)
4(2890 2891 3410 3409)
4(401 403 941 937)
4(400 401 937 935)
4(935 937 941 939)
4(937 943 947 941)
4(401 404 943 937)
4(937 943 944 938)
4(937 938 942 941)
4(2617 943 944 2618)
4(2611 937 943 2617)
4(2611 2612 938 937)
4(2611 2617 2618 2612)
4(2617 943 945 2619)
4(2617 2619 2620 2618)
4(2588 405 945 2619)
4(2587 2617 943 404)
4(2587 2588 2619 2617)
4(2588 3117 3594 2619)
4(2584 2611 937 401)
4(2584 2587 2617 2611)
4(2609 2611 937 935)
4(2583 2584 2611 2609)
4(935 936 938 937)
4(2609 2610 936 935)
4(2609 2611 2612 2610)
4(935 936 940 939)
4(2886 935 936 2887)
4(2886 2887 2891 2890)
4(4755 2609 2610 4756)
4(4755 4756 2887 2886)
4(2607 2608 2614 2613)
4(2601 2613 2614 2602)
4(2595 2607 2613 2601)
4(2595 2601 2602 2596)
4(2595 2596 2608 2607)
4(2613 2617 2618 2614)
4(2607 2611 2617 2613)
4(2607 2608 2612 2611)
4(2615 2619 2620 2616)
4(2613 2615 2616 2614)
4(2613 2617 2619 2615)
4(3590 3594 3595 3591)
4(2615 2619 3594 3590)
4(2615 3590 3591 2616)
4(3590 3592 3593 3591)
4(3590 3594 3596 3592)
4(3116 3119 3598 3592)
4(3116 3592 3596 3118)
4(3112 3127 3592 3116)
4(3112 3114 3130 3127)
4(3125 3590 3592 3127)
4(3125 3126 3591 3590)
4(3125 3127 3128 3126)
4(3115 3590 3592 3116)
4(3111 3125 3590 3115)
4(3111 3112 3127 3125)
4(3115 3590 3594 3117)
4(2586 3115 3590 2615)
4(2586 2615 2619 2588)
4(2603 3125 3590 2615)
4(2580 3111 3125 2603)
4(2580 2603 2615 2586)
4(2603 3125 3126 2604)
4(2603 2604 2616 2615)
4(3121 3125 3126 3122)
4(2599 2603 3125 3121)
4(2599 3121 3122 2600)
4(2599 2600 2604 2603)
4(3121 3123 3124 3122)
4(3121 3125 3127 3123)
4(3110 3113 3129 3123)
4(3110 3123 3127 3112)
4(1599 2129 3123 3110)
4(2127 3121 3123 2129)
4(2127 2128 3122 3121)
4(3109 3121 3123 3110)
4(1598 2127 3121 3109)
4(3109 3121 3125 3111)
4(2578 3109 3121 2599)
4(2578 2599 2603 2580)
4(1596 2127 3121 2599)
4(923 1596 2599 2578)
4(1596 1597 2600 2599)
4(2597 2598 2600 2599)
4(1594 1595 2598 2597)
4(1594 2597 2599 1596)
4(1594 1596 1597 1595)
4(2601 2602 2604 2603)
4(2597 2598 2602 2601)
4(2597 2601 2603 2599)
4(2601 2613 2615 2603)
4(2585 2613 2615 2586)
4(2579 2601 2613 2585)
4(2579 2580 2603 2601)
4(2585 2613 2617 2587)
4(2582 2585 2613 2607)
4(2582 2607 2611 2584)
4(2135 2595 2607 2582)
4(2135 2579 2601 2595)
4(2581 2605 2607 2582)
4(2134 2135 2595 2593)
4(2593 2595 2607 2605)
4(2605 2607 2611 2609)
4(2605 2607 2608 2606)
4(2605 2606 2610 2609)
4(1588 1589 1595 1594)
4(1584 1585 1589 1588)
4(1584 1588 1594 1590)
4(1590 1594 1595 1591)
4(1584 1590 1591 1585)
4(2591 2592 2598 2597)
4(1588 2591 2597 1594)
4(1588 1589 2592 2591)
4(2591 2595 2601 2597)
4(2591 2592 2596 2595)
4(2577 2579 2601 2597)
4(2133 2577 2597 2591)
4(2133 2591 2595 2135)
4(2577 2578 2599 2597)
4(922 1594 2597 2577)
4(922 923 1596 1594)
4(919 1588 2591 2133)
4(919 922 1594 1588)
4(2132 2589 2591 2133)
4(1586 1588 2591 2589)
4(918 919 1588 1586)
4(2589 2591 2595 2593)
4(2593 2594 2596 2595)
4(2589 2590 2594 2593)
4(2589 2591 2592 2590)
4(2593 2594 2606 2605)
4(4751 4752 2606 2605)
4(4739 2593 2594 4740)
4(4739 4740 4752 4751)
4(4751 4752 4756 4755)
4(4735 2589 2590 4736)
4(4735 4736 4740 4739)
4(3334 3335 1583 1582)
4(924 1582 1583 925)
4(3322 3323 3335 3334)
4(3338 3339 1587 1586)
4(1582 1586 1587 1583)
4(3334 3335 3339 3338)
4(1586 2589 2590 1587)
4(3338 3339 4736 4735)
4(1586 1588 1589 1587)
4(1582 1586 1588 1584)
4(1582 1584 1585 1583)
4(917 919 1588 1584)
4(916 917 1584 1582)
4(920 922 1594 1590)
4(917 920 1590 1584)
4(1590 1592 1596 1594)
4(926 1580 1590 1584)
4(914 926 1584 917)
4(926 927 1585 1584)
4(924 1582 1584 926)
4(1560 1564 1568 1562)
4(1554 1556 1564 1560)
4(2111 2112 1565 1564)
4(2111 2113 2114 2112)
4(1560 1561 1565 1564)
4(2105 1560 1564 2111)
4(2105 2111 2112 2106)
4(2082 2084 2111 2105)
4(2103 2107 2111 2105)
4(2081 2083 2107 2103)
4(2108 2110 2114 2112)
4(2107 2108 2112 2111)
4(2107 2109 2110 2108)
4(2108 2110 2116 2115)
4(2094 2108 2110 2096)
4(2094 2096 2101 2100)
4(2103 2107 2108 2104)
4(2093 2107 2108 2094)
4(2087 2103 2107 2093)
4(2087 2093 2094 2088)
4(2093 2095 2096 2094)
4(1552 2080 2093 2087)
4(2085 2089 2093 2087)
4(1551 1553 2089 2085)
4(2090 2092 2096 2094)
4(2089 2090 2094 2093)
4(2089 2091 2092 2090)
4(2090 2092 2098 2097)
4(904 2090 2092 906)
4(904 906 911 910)
4(2085 2089 2090 2086)
4(903 2089 2090 904)
4(897 903 904 898)
4(897 2085 2089 903)
4(903 905 906 904)
4(3057 3058 3060 3059)
4(3049 3050 3058 3057)
4(3049 3051 3052 3050)
4(3057 3058 3062 3061)
4(908 3057 3061 911)
4(902 3055 3057 908)
4(902 908 911 906)
4(908 3057 3058 909)
4(893 908 3057 3049)
4(893 3049 3050 894)
4(888 3044 3049 893)
4(888 893 908 902)
4(3045 3046 3048 3047)
4(1456 1457 3046 3045)
4(1456 1458 1459 1457)
4(3045 3046 3050 3049)
4(890 3045 3049 893)
4(884 3043 3045 890)
4(884 890 893 888)
4(890 3045 3046 891)
4(2469 890 3045 1456)
4(2469 1456 1457 2470)
4(2464 2469 890 884)
4(2464 1451 1456 2469)
4(885 886 888 887)
4(380 884 888 886)
4(379 883 884 380)
4(379 380 886 885)
4(899 900 902 901)
4(886 888 902 900)
4(885 886 900 899)
4(900 902 906 904)
4(899 900 904 903)
4(900 902 908 907)
4(886 888 893 892)
4(895 897 903 899)
4(895 899 900 896)
4(372 897 903 374)
4(371 373 899 895)
4(380 884 890 889)
4(2462 380 884 2464)
4(2462 2464 2469 2468)
4(1452 1453 1455 1454)
4(1444 1445 1453 1452)
4(1444 1446 1447 1445)
4(1452 1453 1457 1456)
4(2466 1452 1456 2469)
4(2460 1450 1452 2466)
4(2460 2466 2469 2464)
4(2466 1452 1453 2467)
4(2451 2466 1452 1444)
4(2451 1444 1445 2452)
4(2446 1439 1444 2451)
4(2446 2451 2466 2460)
4(1440 1441 1443 1442)
4(270 271 1441 1440)
4(270 272 273 271)
4(1440 1441 1445 1444)
4(2448 1440 1444 2451)
4(2442 1438 1440 2448)
4(2442 2448 2451 2446)
4(2448 1440 1441 2449)
4(1436 2448 1440 270)
4(1436 270 271 1437)
4(1431 265 270 1436)
4(1431 1436 2448 2442)
4(2443 2444 2446 2445)
4(2439 2440 2444 2443)
4(2440 2442 2446 2444)
4(2439 2441 2442 2440)
4(2457 2458 2460 2459)
4(2444 2446 2460 2458)
4(2443 2444 2458 2457)
4(2461 2462 2464 2463)
4(2457 2458 2462 2461)
4(2458 2460 2464 2462)
4(2461 2462 380 379)
4(377 885 899 895)
4(368 370 885 377)
4(377 885 886 378)
4(375 377 885 379)
4(375 379 380 376)
4(367 369 379 375)
4(2455 2461 379 375)
4(1951 1953 2461 2455)
4(2455 2461 2462 2456)
4(3401 3402 3408 3407)
4(2888 3407 3408 2889)
4(2882 3401 3407 2888)
4(2882 2883 3402 3401)
4(2882 2888 2889 2883)
4(3405 3406 3412 3411)
4(3407 3411 3412 3408)
4(3401 3405 3411 3407)
4(3401 3402 3406 3405)
4(4369 4370 4376 4375)
4(3411 4375 4376 3412)
4(3405 4369 4375 3411)
4(3405 3406 4370 4369)
4(4375 4379 4380 4376)
4(4369 4370 4374 4373)
4(4375 4377 4378 4376)
4(3411 3413 3414 3412)
4(2873 3405 4369 3902)
4(2873 2875 3411 3405)
4(3403 3405 4369 4367)
4(2872 3403 4367 3901)
4(2872 2873 3405 3403)
4(4367 4368 4370 4369)
4(3403 3404 4368 4367)
4(3403 3405 3406 3404)
4(4367 4368 4372 4371)
4(3881 4367 4368 3882)
4(3881 3882 3886 3885)
4(2367 3881 4367 3403)
4(2367 3403 3404 2368)
4(2367 2368 3882 3881)
4(2340 2872 3403 2367)
4(2340 2367 3881 3422)
4(3407 3409 3410 3408)
4(2888 2890 2891 2889)
4(2871 3401 3407 2874)
4(2867 2882 3401 2871)
4(2867 2869 2888 2882)
4(2871 3401 3405 2873)
4(3399 3401 3405 3403)
4(2870 3399 3403 2872)
4(2870 2871 3401 3399)
4(3399 3400 3404 3403)
4(3399 3401 3402 3400)
4(2363 2367 3403 3399)
4(2363 3399 3400 2364)
4(2363 2364 2368 2367)
4(2338 2870 3399 2363)
4(2338 2363 2367 2340)
4(2866 2870 3399 2880)
4(2353 2880 3399 2363)
4(2330 2866 2880 2353)
4(2330 2353 2363 2338)
4(2880 2882 3401 3399)
4(2866 2867 2882 2880)
4(2880 2881 3400 3399)
4(2880 2882 2883 2881)
4(2353 2880 2881 2354)
4(2353 2354 2364 2363)
4(2876 2880 2881 2877)
4(2349 2353 2880 2876)
4(2349 2876 2877 2350)
4(2349 2350 2354 2353)
4(2878 2882 2883 2879)
4(2876 2878 2879 2877)
4(2876 2880 2882 2878)
4(2884 2888 2889 2885)
4(2878 2884 2885 2879)
4(2878 2882 2888 2884)
4(2884 2886 2887 2885)
4(4747 2878 2879 4748)
4(4745 2876 2878 4747)
4(4745 4746 2877 2876)
4(4745 4747 4748 4746)
4(4753 2884 2885 4754)
4(4747 2878 2884 4753)
4(4747 4753 4754 4748)
4(4753 4755 4756 4754)
4(2865 2868 2884 2878)
4(2865 2878 2882 2867)
4(4280 4747 2878 2865)
4(4280 4282 4753 4747)
4(2864 2876 2878 2865)
4(4279 4745 2876 2864)
4(4279 4280 4747 4745)
4(2864 2876 2880 2866)
4(2328 2864 2876 2349)
4(2328 2349 2353 2330)
4(4269 4745 2876 2349)
4(3768 4279 4745 4269)
4(3768 4269 2349 2328)
4(4269 4270 2350 2349)
4(4269 4745 4746 4270)
4(2347 2348 2350 2349)
4(4267 4269 4270 4268)
4(4267 2347 2349 4269)
4(4267 4268 2348 2347)
4(2351 2352 2354 2353)
4(2347 2351 2353 2349)
4(2347 2348 2352 2351)
4(2361 2362 2364 2363)
4(2351 2361 2363 2353)
4(2351 2352 2362 2361)
4(2365 2366 2368 2367)
4(2361 2365 2367 2363)
4(2361 2362 2366 2365)
4(3879 3880 3882 3881)
4(2365 3879 3881 2367)
4(2365 2366 3880 3879)
4(3883 3884 3886 3885)
4(3879 3883 3885 3881)
4(3879 3880 3884 3883)
4(3893 3894 3896 3895)
4(3883 3893 3895 3885)
4(3883 3884 3894 3893)
4(3893 3894 3898 3897)
4(3891 3892 3898 3897)
4(3888 3891 3897 3893)
4(3888 3893 3894 3889)
4(3427 3431 3893 3888)
4(3427 3888 3891 3430)
4(3423 3431 3893 3883)
4(3420 3423 3883 3877)
4(3877 3883 3893 3888)
4(3420 3877 3888 3427)
4(3423 3424 3885 3883)
4(3421 3879 3883 3423)
4(3421 3422 3881 3879)
4(3436 3879 3883 3877)
4(3417 3421 3879 3436)
4(3417 3436 3877 3420)
4(3877 3878 3884 3883)
4(3436 3879 3880 3437)
4(3426 3887 3888 3427)
4(3419 3420 3877 3876)
4(3419 3876 3887 3426)
4(3426 3887 3890 3429)
4(4824 5334 3890 3429)
4(4820 3426 3887 5332)
4(4820 4824 3429 3426)
4(4820 5332 5334 4824)
4(4824 1875 233 3429)
4(4824 5334 2370 1875)
4(1874 1875 233 232)
4(4823 3428 3429 4824)
4(4823 4824 1875 1874)
4(1874 1875 1879 1878)
4(2339 2365 3879 3421)
4(2339 2340 2367 2365)
4(2359 2365 3879 3436)
4(2336 2339 2365 2359)
4(2336 2359 3436 3417)
4(2359 2365 2366 2360)
4(4265 4266 4742 4741)
4(4287 4741 4742 4288)
4(3781 4265 4741 4287)
4(3781 3782 4266 4265)
4(3781 4287 4288 3782)
4(4741 4745 4746 4742)
4(4265 4269 4745 4741)
4(4265 4266 4270 4269)
4(4743 4747 4748 4744)
4(4741 4743 4744 4742)
4(4741 4745 4747 4743)
4(4749 4753 4754 4750)
4(4743 4747 4753 4749)
4(4743 4749 4750 4744)
4(4749 4751 4752 4750)
4(4278 4281 4749 4743)
4(4278 4743 4747 4280)
4(4289 4737 4749 4743)
4(4274 4289 4743 4278)
4(4274 4276 4737 4289)
4(4737 4738 4750 4749)
4(4737 4739 4740 4738)
4(4289 4290 4744 4743)
4(4289 4737 4738 4290)
4(4287 4741 4743 4289)
4(4287 4289 4290 4288)
4(4277 4741 4743 4278)
4(4273 4287 4741 4277)
4(4273 4274 4289 4287)
4(4277 4741 4745 4279)
4(3766 4277 4741 4265)
4(3766 4265 4269 3768)
4(3758 4273 4287 3781)
4(3758 3781 4265 3766)
4(4271 4273 4287 4283)
4(3756 3777 3781 3758)
4(3777 4283 4287 3781)
4(3756 4271 4283 3777)
4(4272 4274 4289 4285)
4(4283 4285 4289 4287)
4(4271 4272 4285 4283)
4(4272 4275 4733 4285)
4(4285 4733 4737 4289)
4(4733 4735 4736 4734)
4(4733 4734 4738 4737)
4(3336 3337 4734 4733)
4(3336 3338 3339 3337)
4(3330 3336 4733 4285)
4(3305 3330 4285 4272)
4(3305 3307 3336 3330)
4(4285 4286 4734 4733)
4(3330 3331 4286 4285)
4(3330 3336 3337 3331)
4(4285 4286 4290 4289)
4(4283 4284 4288 4287)
4(4283 4285 4286 4284)
4(4263 4264 4266 4265)
4(3779 4263 4265 3781)
4(3779 3781 3782 3780)
4(3779 3780 4264 4263)
4(4263 4267 4269 4265)
4(4263 4264 4268 4267)
4(3767 4267 4269 3768)
4(3765 4263 4267 3767)
4(3765 3766 4265 4263)
4(2327 2347 2349 2328)
4(3767 4267 2347 2327)
4(2329 2351 2353 2330)
4(2327 2347 2351 2329)
4(2337 2361 2363 2338)
4(2329 2351 2361 2337)
4(2337 2361 2365 2339)
4(2356 2361 2365 2359)
4(2333 2337 2361 2356)
4(2333 2356 2359 2336)
4(2356 2361 2362 2357)
4(2345 2356 2361 2351)
4(2345 2351 2352 2346)
4(1855 2345 2356 2333)
4(1855 2329 2351 2345)
4(2332 2355 2356 2333)
4(1854 2344 2355 2332)
4(1854 1855 2345 2344)
4(2335 2358 2359 2336)
4(2332 2355 2358 2335)
4(3416 3435 3436 3417)
4(2335 2358 3435 3416)
4(3416 3435 3876 3419)
4(4800 5330 3876 3419)
4(4796 4800 3419 3416)
4(4796 5328 5330 4800)
4(4796 3416 3435 5328)
4(4800 4820 3426 3419)
4(4800 5330 5332 4820)
4(4819 4820 3426 3425)
4(4799 3418 3419 4800)
4(4799 4800 4820 4819)
4(4819 4820 4824 4823)
4(4795 3415 3416 4796)
4(4795 4796 4800 4799)
4(3867 2335 3416 4796)
4(3866 2334 2335 3867)
4(3866 3867 4796 4795)
4(2385 2902 2903 2386)
4(2385 2386 2390 2389)
4(1888 1896 1900 1892)
4(1882 1888 1892 1885)
4(1882 1894 1896 1888)
4(1876 1877 1897 1896)
4(1876 1878 1879 1877)
4(1888 1889 1897 1896)
4(1868 1869 1889 1888)
4(1868 1888 1896 1876)
4(1868 1876 1877 1869)
4(1888 1889 1893 1892)
4(1886 1890 1892 1888)
4(1886 1888 1889 1887)
4(1881 1886 1890 1884)
4(1881 1882 1888 1886)
4(1383 1881 1886 1388)
4(1383 1387 1884 1881)
4(1866 1886 1888 1868)
4(1866 1868 1869 1867)
4(1861 1882 1888 1868)
4(1860 1866 1886 1881)
4(1860 1861 1868 1866)
4(1861 1871 1876 1868)
4(1864 1872 1876 1868)
4(1858 1870 1872 1864)
4(1858 1864 1868 1861)
4(1872 1873 1877 1876)
4(1872 1874 1875 1873)
4(1864 1872 1873 1865)
4(1864 1865 1869 1868)
4(4821 1872 1873 4822)
4(4813 1864 1872 4821)
4(4813 4821 4822 4814)
4(4813 4814 1865 1864)
4(4822 4824 1875 1873)
4(4821 4823 4824 4822)
4(4822 4824 5334 5333)
4(4818 4822 4824 4820)
4(4818 4820 5332 5331)
4(2378 2379 2384 2383)
4(1384 2383 2384 1385)
4(1378 2378 2383 1384)
4(1378 1384 1385 1379)
4(2381 2382 2388 2387)
4(2378 2381 2387 2383)
4(2383 2387 2388 2384)
4(2394 2395 2893 2892)
4(2381 2394 2892 2387)
4(2394 2397 2896 2892)
4(2835 2840 2892 2394)
4(2835 2394 2397 2839)
4(2827 2381 2394 2835)
4(2827 2829 2387 2381)
4(2833 2393 2394 2835)
4(2825 2833 2835 2827)
4(2825 2827 2381 2380)
4(2837 2396 2397 2839)
4(2833 2837 2839 2835)
4(1957 1461 1462 1959)
4(2837 1957 1959 2839)
4(1961 1464 1465 1963)
4(1957 1961 1963 1959)
4(1969 1477 1478 1971)
4(1961 1969 1971 1963)
4(1969 1973 1975 1971)
4(1371 1383 1881 1860)
4(1371 1860 1866 1373)
4(1382 1383 1881 1880)
4(1370 1371 1383 1382)
4(1370 1859 1860 1371)
4(1386 1387 1884 1883)
4(1382 1383 1387 1386)
4(1386 1387 2386 2385)
4(4806 4816 4821 4813)
4(4806 4813 1864 1858)
4(4817 4818 4822 4821)
4(4817 4819 4820 4818)
4(4809 4813 4821 4817)
4(4809 4810 4814 4813)
4(4809 4817 4818 4810)
4(4803 4815 4817 4809)
4(4803 4809 4813 4806)
4(4782 4789 4809 4803)
4(4789 4797 4817 4809)
4(4782 4792 4797 4789)
4(4798 4800 4820 4818)
4(4797 4798 4818 4817)
4(4797 4799 4800 4798)
4(4798 4800 5330 5329)
4(4794 4796 5328 5327)
4(4794 4798 4800 4796)
4(3867 2335 2358 3875)
4(3867 3875 5328 4796)
4(3863 2332 2355 3873)
4(3863 3867 2335 2332)
4(3863 3873 3875 3867)
4(3865 3867 3875 3874)
4(3865 4794 4796 3867)
4(3490 3491 3493 3492)
4(3482 3483 3491 3490)
4(3482 3484 3485 3483)
4(3494 3495 3497 3496)
4(3490 3491 3495 3494)
4(5970 5971 5973 5972)
4(3494 3495 5971 5970)
4(5974 5975 261 260)
4(5970 5971 5975 5974)
4(266 267 269 268)
4(5974 5975 267 266)
4(266 267 271 270)
4(1433 266 270 1436)
4(780 264 266 1433)
4(780 1433 1436 1431)
4(1433 266 267 1434)
4(771 1433 266 5974)
4(771 5974 5975 772)
4(766 5969 5974 771)
4(766 771 1433 780)
4(768 5970 5974 771)
4(762 5968 5970 768)
4(762 768 771 766)
4(768 5970 5971 769)
4(4411 768 5970 3494)
4(4411 3494 3495 4412)
4(4406 3489 3494 4411)
4(4406 4411 768 762)
4(4408 3490 3494 4411)
4(4402 3488 3490 4408)
4(4402 4408 4411 4406)
4(4408 3490 3491 4409)
4(3933 4408 3490 3482)
4(3933 3482 3483 3934)
4(3928 2969 3482 3933)
4(3928 3933 4408 4402)
4(2453 2457 2461 2455)
4(1950 1952 2457 2453)
4(2453 2457 2458 2454)
4(2458 2460 2466 2465)
4(2444 2446 2451 2450)
4(2437 2453 2457 2443)
4(2437 2443 2444 2438)
4(1947 1949 2443 2437)
4(2435 2439 2443 2437)
4(1946 1948 2439 2435)
4(2435 2439 2440 2436)
4(2440 2442 2448 2447)
4(782 2440 2442 1431)
4(782 1431 1436 1435)
4(781 2439 2440 782)
4(775 2435 2439 781)
4(775 781 782 776)
4(781 1430 1431 782)
4(752 754 781 775)
4(777 781 782 778)
4(773 775 781 777)
4(773 777 778 774)
4(778 780 1431 782)
4(777 779 780 778)
4(778 780 1433 1432)
4(764 778 780 766)
4(764 766 771 770)
4(751 753 777 773)
4(757 763 777 773)
4(259 750 763 757)
4(763 764 778 777)
4(763 765 766 764)
4(757 763 764 758)
4(755 759 763 757)
4(258 749 759 755)
4(760 762 766 764)
4(759 760 764 763)
4(759 761 762 760)
4(760 762 768 767)
4(4404 760 762 4406)
4(4404 4406 4411 4410)
4(755 759 760 756)
4(4403 759 760 4404)
4(3937 755 759 4403)
4(3937 4403 4404 3938)
4(4403 4405 4406 4404)
4(3914 3916 4403 3937)
4(3843 1854 2344 3871)
4(3843 3863 2332 1854)
4(3843 3871 3873 3863)
4(1851 1854 2344 2341)
4(3839 3869 3871 3843)
4(3839 1851 2341 3869)
4(3839 3843 1854 1851)
4(1852 1855 2345 2342)
4(1851 1852 2342 2341)
4(2342 2347 2351 2345)
4(1852 2327 2347 2342)
4(2342 2347 2348 2343)
4(3787 2342 2347 4267)
4(3787 4267 4268 3788)
4(3764 3787 2342 1852)
4(3764 3767 4267 3787)
4(3763 3786 2341 1851)
4(3763 3764 3787 3786)
4(3784 3787 4267 4263)
4(3784 4263 4264 3785)
4(3761 3765 4263 3784)
4(3761 3784 3787 3764)
4(3757 3765 4263 3779)
4(3773 3779 4263 3784)
4(3754 3757 3779 3773)
4(3754 3773 3784 3761)
4(3757 3758 3781 3779)
4(3775 3777 3781 3779)
4(3755 3775 3779 3757)
4(3755 3756 3777 3775)
4(3777 3781 3782 3778)
4(3775 3776 3780 3779)
4(3775 3777 3778 3776)
4(3777 4283 4284 3778)
4(3328 4283 4284 3329)
4(2807 3777 4283 3328)
4(2807 2808 3778 3777)
4(2807 3328 3329 2808)
4(3328 4283 4285 3330)
4(3328 3330 3331 3329)
4(3304 3328 4283 4271)
4(3304 3305 3330 3328)
4(2780 2807 3777 3756)
4(2780 3304 3328 2807)
4(3478 3479 3483 3482)
4(3478 3480 3481 3479)
4(3930 3933 3482 3478)
4(3930 3478 3479 3931)
4(3924 2968 3478 3930)
4(3924 3930 3933 3928)
4(2966 1972 3478 3930)
4(2961 1967 1972 2966)
4(2961 2966 3930 3924)
4(1972 1973 3479 3478)
4(1972 1974 1975 1973)
4(2966 1972 1973 2967)
4(1968 1972 1973 1969)
4(2963 2966 1972 1968)
4(2963 1968 1969 2964)
4(1968 1970 1971 1969)
4(2957 1966 1968 2963)
4(2957 2963 2966 2961)
4(2948 1960 1968 2963)
4(2943 1955 1960 2948)
4(2943 2948 2963 2957)
4(1960 1961 1969 1968)
4(1960 1962 1963 1961)
4(2948 1960 1961 2949)
4(1956 1960 1961 1957)
4(2945 2948 1960 1956)
4(2945 1956 1957 2946)
4(1956 1958 1959 1957)
4(2939 1954 1956 2945)
4(2939 2945 2948 2943)
4(3833 2836 1956 2945)
4(3828 3833 2945 2939)
4(3828 2831 2836 3833)
4(2836 2837 1957 1956)
4(2836 2838 2839 2837)
4(3833 2836 2837 3834)
4(4400 4402 4408 4407)
4(4400 4404 4406 4402)
4(3926 4400 4402 3928)
4(3926 3928 3933 3932)
4(4399 4400 4402 4401)
4(3925 3926 4400 4399)
4(3925 3927 3928 3926)
4(4399 4400 4404 4403)
4(3935 4399 4403 3937)
4(3913 3915 4399 3935)
4(3935 4399 4400 3936)
4(3919 3935 4399 3925)
4(3919 3925 3926 3920)
4(3910 3912 3925 3919)
4(2936 2937 2939 2938)
4(3826 3828 2939 2937)
4(3825 3826 2937 2936)
4(3825 3827 3828 3826)
4(2940 2941 2943 2942)
4(2937 2939 2943 2941)
4(2936 2937 2941 2940)
4(2954 2955 2957 2956)
4(2941 2943 2957 2955)
4(2940 2941 2955 2954)
4(2958 2959 2961 2960)
4(2955 2957 2961 2959)
4(2954 2955 2959 2958)
4(3921 3922 3924 3923)
4(2959 2961 3924 3922)
4(2958 2959 3922 3921)
4(3922 3924 3928 3926)
4(3921 3922 3926 3925)
4(3922 3924 3930 3929)
4(2959 2961 2966 2965)
4(2955 2957 2963 2962)
4(2941 2943 2948 2947)
4(2937 2939 2945 2944)
4(3826 3828 3833 3832)
4(3824 3828 3833 3830)
4(3822 3826 3828 3824)
4(3822 3824 3830 3829)
4(3830 2832 2836 3833)
4(3824 2830 2832 3830)
4(2832 2833 2835 2834)
4(2824 2825 2833 2832)
4(2824 2826 2827 2825)
4(2832 2833 2837 2836)
4(3830 2832 2833 3831)
4(2823 2827 2381 2378)
4(2821 2823 2378 2377)
4(2821 2825 2827 2823)
4(2823 2828 2383 2378)
4(2383 2385 2386 2384)
4(1384 1386 1387 1385)
4(1847 1378 2378 2823)
4(1847 1849 1384 1378)
4(1845 2821 2823 1847)
4(1845 1847 1378 1377)
4(3815 3830 2832 2824)
4(3815 2824 2825 3816)
4(3810 2819 2824 3815)
4(3810 3815 3830 3824)
4(2820 2821 2825 2824)
4(2820 2822 2823 2821)
4(3812 2820 2824 3815)
4(3806 2818 2820 3812)
4(3806 3812 3815 3810)
4(3812 2820 2821 3813)
4(1844 2820 2821 1845)
4(2816 3812 2820 1844)
4(2816 1844 1845 2817)
4(1844 1846 1847 1845)
4(2323 1839 1844 2816)
4(2323 2816 3812 3806)
4(1843 1847 1378 1375)
4(1841 1843 1375 1374)
4(1841 1845 1847 1843)
4(1375 1380 1384 1378)
4(1843 1848 1380 1375)
4(1380 1381 1385 1384)
4(1380 1382 1383 1381)
4(1375 1380 1381 1376)
4(1368 1380 1381 1369)
4(1362 1375 1380 1368)
4(1362 1368 1369 1363)
4(1368 1370 1371 1369)
4(1357 1362 1375 1843)
4(1357 1837 1368 1362)
4(1355 1357 1362 1361)
4(1355 1841 1843 1357)
4(1857 1860 1866 1862)
4(1367 1857 1862 1372)
4(1367 1371 1860 1857)
4(1862 1864 1868 1866)
4(1857 1858 1864 1862)
4(1862 1864 1865 1863)
4(4811 1862 1864 4813)
4(4811 4813 4814 4812)
4(4805 4811 1862 1857)
4(4805 4806 4813 4811)
4(4358 1367 1857 4805)
4(4358 4805 4811 4360)
4(1366 1367 1857 1856)
4(4357 4358 1367 1366)
4(4357 4804 4805 4358)
4(1366 1367 1371 1370)
4(4802 4807 4809 4803)
4(4781 4787 4807 4802)
4(4787 4789 4809 4807)
4(4781 4782 4789 4787)
4(4807 4809 4813 4811)
4(4802 4807 4811 4805)
4(4807 4809 4810 4808)
4(4354 4802 4807 4359)
4(4354 4358 4805 4802)
4(4342 4354 4802 4781)
4(4342 4781 4787 4344)
4(4789 4809 4810 4790)
4(4787 4789 4790 4788)
4(4789 4797 4798 4790)
4(4793 4797 4798 4794)
4(4785 4789 4797 4793)
4(4785 4786 4790 4789)
4(4785 4793 4794 4786)
4(4793 4795 4796 4794)
4(4779 4791 4793 4785)
4(4779 4785 4789 4782)
4(3849 3856 4785 4779)
4(3856 3864 4793 4785)
4(3849 3859 3864 3856)
4(3862 2331 2332 3863)
4(3862 3863 3867 3866)
4(3842 1853 1854 3843)
4(3842 3843 3863 3862)
4(3332 3334 3335 3333)
4(3332 3333 3337 3336)
4(3320 3321 3333 3332)
4(3320 3322 3323 3321)
4(3303 3326 3332 3306)
4(3314 3320 3332 3326)
4(2812 3314 3326 3303)
4(2812 2814 3320 3314)
4(3326 3332 3336 3330)
4(3303 3326 3330 3305)
4(3326 3332 3333 3327)
4(3326 3327 3331 3330)
4(3314 3315 3327 3326)
4(3314 3320 3321 3315)
4(3324 3325 3327 3326)
4(3312 3324 3326 3314)
4(3312 3313 3325 3324)
4(3312 3314 3315 3313)
4(3324 3325 3329 3328)
4(3324 3328 3330 3326)
4(3861 3863 3873 3872)
4(3861 3865 3867 3863)
4(3841 3843 3871 3870)
4(3841 3861 3863 3843)
4(3837 3839 3869 3868)
4(3837 3841 3843 3839)
4(5290 3839 3869 5957)
4(5288 5290 5957 5956)
4(5288 3837 3839 5290)
4(5290 3839 1851 3763)
4(5290 3763 3786 5957)
4(3838 3839 1851 1850)
4(5289 5290 3839 3838)
4(5289 3762 3763 5290)
4(3838 3839 3843 3842)
4(3760 3783 3786 3763)
4(3760 3761 3784 3783)
4(5286 3760 3783 5955)
4(5286 5955 5957 5290)
4(5286 5290 3763 3760)
4(3773 3779 3780 3774)
4(3770 3773 3779 3775)
4(3770 3775 3776 3771)
4(3751 3755 3775 3770)
4(3751 3770 3773 3754)
4(2779 3755 3775 2805)
4(2799 2805 3775 3770)
4(2285 2779 2805 2799)
4(2285 2799 3770 3751)
4(2805 2807 3777 3775)
4(2779 2780 2807 2805)
4(2805 2806 3776 3775)
4(2805 2807 2808 2806)
4(2799 2805 2806 2800)
4(3753 3772 3773 3754)
4(3750 3769 3772 3753)
4(3750 3751 3770 3769)
4(3753 3772 3783 3760)
4(5266 3753 3772 5294)
4(5266 5294 5955 5286)
4(5266 5286 3760 3753)
4(5262 3750 3769 5292)
4(5262 5292 5294 5266)
4(5262 5266 3753 3750)
4(2796 2797 2802 2801)
4(2791 2801 2802 2792)
4(2785 2796 2801 2791)
4(2785 2791 2792 2786)
4(2801 2805 2806 2802)
4(2796 2799 2805 2801)
4(2803 2807 2808 2804)
4(2801 2803 2804 2802)
4(2801 2805 2807 2803)
4(2803 2807 3328 3324)
4(2803 3324 3325 2804)
4(3302 3304 3328 3324)
4(2287 3302 3324 2803)
4(2287 2803 2807 2780)
4(3302 3303 3326 3324)
4(2811 3312 3324 3302)
4(2811 2812 3314 3312)
4(2793 3312 3324 2803)
4(2279 2793 2803 2287)
4(2279 2811 3312 2793)
4(2793 3312 3313 2794)
4(2793 2794 2804 2803)
4(3308 3312 3313 3309)
4(2789 2790 2794 2793)
4(2789 2793 3312 3308)
4(2789 3308 3309 2790)
4(3310 3314 3315 3311)
4(3308 3310 3311 3309)
4(3308 3312 3314 3310)
4(3316 3320 3321 3317)
4(3310 3314 3320 3316)
4(3310 3316 3317 3311)
4(3316 3318 3319 3317)
4(2810 2813 3316 3310)
4(2810 3310 3314 2812)
4(222 228 3316 3310)
4(197 222 3310 2810)
4(197 199 228 222)
4(228 229 3317 3316)
4(228 230 231 229)
4(222 223 3311 3310)
4(222 228 229 223)
4(220 3308 3310 222)
4(220 222 223 221)
4(220 221 3309 3308)
4(2787 2788 2790 2789)
4(5946 5948 5949 5947)
4(5948 2789 2790 5949)
4(5946 2787 2789 5948)
4(5946 5947 2788 2787)
4(2791 2792 2794 2793)
4(2787 2791 2793 2789)
4(2787 2788 2792 2791)
4(2791 2801 2803 2793)
4(2286 2801 2803 2287)
4(2278 2791 2801 2286)
4(2278 2279 2793 2791)
4(2286 2801 2805 2779)
4(2282 2286 2801 2796)
4(2282 2796 2799 2285)
4(2275 2785 2796 2282)
4(2275 2278 2791 2785)
4(2281 2795 2796 2282)
4(2274 2784 2795 2281)
4(2274 2275 2785 2784)
4(2284 2798 2799 2285)
4(2281 2795 2798 2284)
4(2284 2798 3769 3750)
4(4239 4247 5292 5262)
4(4239 2284 2798 4247)
4(4239 5262 3750 2284)
4(5284 5286 5955 5954)
4(5284 5288 5290 5286)
4(5264 5266 5294 5293)
4(5264 5284 5286 5266)
4(5260 5262 5292 5291)
4(5260 5264 5266 5262)
4(4237 5260 5262 4239)
4(4237 4239 4247 4246)
4(1353 1357 1362 1359)
4(1351 1353 1359 1358)
4(1351 1355 1357 1353)
4(1359 1364 1368 1362)
4(1353 1836 1364 1359)
4(1364 1365 1369 1368)
4(1364 1366 1367 1365)
4(1359 1364 1365 1360)
4(4355 1364 1365 4356)
4(4349 1359 1364 4355)
4(4349 4355 4356 4350)
4(4355 4357 4358 4356)
4(4774 1353 1359 4349)
4(4772 4774 4349 4348)
4(4772 1351 1353 4774)
4(4774 4776 4355 4349)
4(4353 4354 4802 4801)
4(4341 4342 4354 4353)
4(4341 4780 4781 4342)
4(4353 4354 4358 4357)
4(4351 4352 4356 4355)
4(4351 4353 4354 4352)
4(4346 4349 4355 4351)
4(4346 4351 4352 4347)
4(4770 4775 4351 4346)
4(4770 4346 4349 4774)
4(4339 4340 4352 4351)
4(4339 4341 4342 4340)
4(4333 4346 4351 4339)
4(4333 4339 4340 4334)
4(4762 4333 4346 4770)
4(4762 4764 4339 4333)
4(4768 4345 4346 4770)
4(4760 4762 4333 4332)
4(4760 4768 4770 4762)
4(4768 4772 4774 4770)
4(4328 4762 4333 4330)
4(4326 4328 4330 4329)
4(4326 4760 4762 4328)
4(4330 4335 4339 4333)
4(4328 4763 4335 4330)
4(4783 4785 4789 4787)
4(4778 4783 4787 4781)
4(4778 4779 4785 4783)
4(4783 4785 4786 4784)
4(4338 4778 4783 4343)
4(4338 4342 4781 4778)
4(3848 4778 4783 3854)
4(3381 4338 4778 3848)
4(3381 3848 3854 3383)
4(3854 3856 4785 4783)
4(3848 3849 3856 3854)
4(3856 4785 4786 3857)
4(3854 3856 3857 3855)
4(3864 4793 4794 3865)
4(3856 3864 3865 3857)
4(3864 3866 3867 3865)
4(3860 3861 3865 3864)
4(3860 3862 3863 3861)
4(3852 3860 3864 3856)
4(3846 3858 3860 3852)
4(3846 3852 3856 3849)
4(3852 3860 3861 3853)
4(3852 3853 3857 3856)
4(3840 3860 3861 3841)
4(3396 3852 3860 3840)
4(3396 3397 3853 3852)
4(3396 3840 3841 3397)
4(3840 3842 3843 3841)
4(3389 3396 3852 3846)
4(3389 3835 3840 3396)
4(4337 4338 4778 4777)
4(3380 3381 4338 4337)
4(3380 3847 3848 3381)
4(4337 4338 4342 4341)
4(4335 4336 4340 4339)
4(4335 4337 4338 4336)
4(3850 3854 3856 3852)
4(3850 3852 3853 3851)
4(3845 3850 3854 3848)
4(3845 3846 3852 3850)
4(3377 3845 3850 3382)
4(3377 3381 3848 3845)
4(3388 3845 3850 3394)
4(2855 3388 3394 2857)
4(2855 3377 3845 3388)
4(3394 3396 3852 3850)
4(3388 3389 3396 3394)
4(3394 3396 3397 3395)
4(3392 3396 3397 3393)
4(3390 3392 3393 3391)
4(3390 3394 3396 3392)
4(3836 3840 3841 3837)
4(3392 3396 3840 3836)
4(3392 3836 3837 3393)
4(3836 3838 3839 3837)
4(3386 3398 3836 3392)
4(3386 3392 3396 3389)
4(5279 5287 3836 3392)
4(5272 5279 3392 3386)
4(5272 5282 5287 5279)
4(5287 5288 3837 3836)
4(5287 5289 5290 5288)
4(5279 5280 3393 3392)
4(5279 5287 5288 5280)
4(5277 3390 3392 5279)
4(5277 5279 5280 5278)
4(3385 3390 3392 3386)
4(5271 5277 3390 3385)
4(5271 5272 5279 5277)
4(3385 3390 3394 3388)
4(2851 3385 3390 2856)
4(2851 2855 3388 3385)
4(4730 2851 3385 5271)
4(4730 5271 5277 4732)
4(4330 4335 4336 4331)
4(3378 4335 4336 3379)
4(2862 3378 3379 2863)
4(2862 4330 4335 3378)
4(3378 3380 3381 3379)
4(3376 3844 3845 3377)
4(3376 3377 3381 3380)
4(2854 3387 3388 2855)
4(2854 2855 3377 3376)
4(3909 3917 3921 3911)
4(2952 2958 3921 3917)
4(2432 2434 2958 2952)
4(3917 3921 3925 3919)
4(3917 3921 3922 3918)
4(2952 2958 2959 2953)
4(2950 2952 2958 2954)
4(2950 2954 2955 2951)
4(2431 2433 2954 2950)
4(2934 2940 2954 2950)
4(2428 2430 2940 2934)
4(2934 2940 2941 2935)
4(2427 2429 2936 2932)
4(2932 2936 2940 2934)
4(3819 3825 2936 2932)
4(3345 3347 3825 3819)
4(2932 2933 2937 2936)
4(3819 3825 3826 3820)
4(2809 3308 3312 2811)
4(2809 2810 3310 3308)
4(2277 2809 3308 2789)
4(2277 2789 2793 2279)
4(196 2809 3308 220)
4(5948 220 3308 2789)
4(5921 196 220 5948)
4(5921 5948 2789 2277)
4(196 197 222 220)
4(224 225 229 228)
4(224 226 227 225)
4(216 217 219 218)
4(206 218 219 207)
4(204 216 218 206)
4(204 205 217 216)
4(204 206 207 205)
4(218 222 223 219)
4(216 217 221 220)
4(216 220 222 218)
4(218 222 228 224)
4(218 224 225 219)
4(195 198 224 218)
4(195 218 222 197)
4(206 212 224 218)
4(5953 206 218 195)
4(5953 193 212 206)
4(212 213 225 224)
4(212 214 215 213)
4(206 212 213 207)
4(208 212 213 209)
4(202 203 207 206)
4(202 206 212 208)
4(202 208 209 203)
4(208 210 211 209)
4(5942 5943 5945 5944)
4(5934 5944 5945 5935)
4(5932 5933 5943 5942)
4(5932 5942 5944 5934)
4(5932 5934 5935 5933)
4(5944 5948 5949 5945)
4(5942 5946 5948 5944)
4(5942 5943 5947 5946)
4(5948 5949 221 220)
4(5944 5948 220 216)
4(5944 216 217 5945)
4(194 196 220 216)
4(5919 194 216 5944)
4(5919 5944 5948 5921)
4(194 195 218 216)
4(5952 204 216 194)
4(5952 5953 206 204)
4(5934 204 216 5944)
4(5236 5952 204 5934)
4(5236 5934 5944 5919)
4(5934 204 205 5935)
4(200 204 205 201)
4(5930 200 201 5931)
4(5930 5934 204 200)
4(5930 5931 5935 5934)
4(200 204 206 202)
4(200 202 203 201)
4(5951 5953 206 202)
4(5950 5951 202 200)
4(5950 200 204 5952)
4(5951 192 208 202)
4(5223 5224 209 208)
4(5223 5225 5226 5224)
4(5217 202 208 5223)
4(5217 5218 203 202)
4(5217 5223 5224 5218)
4(4705 5217 202 5951)
4(4705 4707 5223 5217)
4(5215 5217 202 200)
4(4704 5215 200 5950)
4(4704 4705 5217 5215)
4(5215 5216 201 200)
4(5215 5217 5218 5216)
4(4694 5930 200 5215)
4(4694 5215 5216 4695)
4(4694 4695 5931 5930)
4(5234 5930 200 5950)
4(4211 4704 5215 4694)
4(4211 4694 5930 5234)
4(5234 5930 5934 5236)
4(5219 5220 5224 5223)
4(5219 5221 5222 5220)
4(5211 5212 5214 5213)
4(4714 5213 5214 4715)
4(4712 4714 4715 4713)
4(4712 5211 5213 4714)
4(4712 4713 5212 5211)
4(5213 5217 5218 5214)
4(5211 5215 5217 5213)
4(5211 5212 5216 5215)
4(5213 5217 5223 5219)
4(5213 5219 5220 5214)
4(4703 4706 5219 5213)
4(4703 5213 5217 4705)
4(4714 5207 5219 5213)
4(4699 4714 5213 4703)
4(4699 4701 5207 4714)
4(5207 5208 5220 5219)
4(5207 5209 5210 5208)
4(4714 5207 5208 4715)
4(5203 5207 5208 5204)
4(4710 4711 4715 4714)
4(4710 4714 5207 5203)
4(4710 5203 5204 4711)
4(5203 5205 5206 5204)
4(4708 4709 4711 4710)
4(108 109 4709 4708)
4(108 4708 4710 110)
4(110 4710 4711 111)
4(108 110 111 109)
4(4708 4712 4714 4710)
4(4708 4709 4713 4712)
4(4698 4712 4714 4699)
4(4696 4708 4712 4698)
4(4696 4697 4710 4708)
4(4697 4699 4714 4710)
4(4702 5211 5213 4703)
4(4698 4712 5211 4702)
4(4702 5211 5215 4704)
4(4690 5211 5215 4694)
4(4209 4702 5211 4690)
4(4209 4690 4694 4211)
4(4690 5211 5212 4691)
4(4690 4691 4695 4694)
4(4224 4690 5211 4712)
4(4224 4712 4713 4225)
4(4224 4225 4691 4690)
4(4201 4698 4712 4224)
4(4201 4224 4690 4209)
4(4220 4708 4712 4224)
4(4199 4696 4708 4220)
4(4199 4220 4224 4201)
4(4220 4708 4709 4221)
4(4220 4221 4225 4224)
4(5810 4220 4708 108)
4(5810 5811 4221 4220)
4(5810 108 109 5811)
4(5820 4696 4708 108)
4(5141 5810 4220 4199)
4(5141 5820 108 5810)
4(5821 4697 4710 110)
4(5820 5821 110 108)
4(4697 4710 5203 4700)
4(110 114 5203 4710)
4(5821 91 114 110)
4(114 115 5204 5203)
4(110 114 115 111)
4(106 110 114 112)
4(106 112 113 107)
4(106 107 111 110)
4(1840 1841 1843 1842)
4(1354 1355 1841 1840)
4(1354 1356 1357 1355)
4(1840 1841 1845 1844)
4(2325 1840 1844 2816)
4(2319 1838 1840 2325)
4(2319 2325 2816 2323)
4(2325 1840 1841 2326)
4(2310 2325 1840 1354)
4(2310 1354 1355 2311)
4(2305 1349 1354 2310)
4(2305 2310 2325 2319)
4(1350 1351 1353 1352)
4(4771 4772 1351 1350)
4(4771 4773 4774 4772)
4(1350 1351 1355 1354)
4(2307 1350 1354 2310)
4(2301 1348 1350 2307)
4(2301 2307 2310 2305)
4(2307 1350 1351 2308)
4(5966 2307 1350 4771)
4(5966 4771 4772 5967)
4(5961 4766 4771 5966)
4(5961 5966 2307 2301)
4(4767 4768 4770 4769)
4(4759 4760 4768 4767)
4(4759 4761 4762 4760)
4(4767 4768 4772 4771)
4(5963 4767 4771 5966)
4(5326 4765 4767 5963)
4(5326 5963 5966 5961)
4(5963 4767 4768 5964)
4(5317 5963 4767 4759)
4(5317 4759 4760 5318)
4(5312 4324 4759 5317)
4(5312 5317 5963 5326)
4(5285 3759 3760 5286)
4(5285 5286 5290 5289)
4(5265 5266 5286 5285)
4(5265 3752 3753 5266)
4(2850 2851 2855 2854)
4(2850 3384 3385 2851)
4(3374 3375 3379 3378)
4(3374 3376 3377 3375)
4(2859 2862 3378 3374)
4(2859 3374 3375 2860)
4(3371 2862 3378 3373)
4(3367 3372 3374 2859)
4(3367 2859 2862 3371)
4(3371 2862 4330 4328)
4(3369 3371 2862 2861)
4(3369 4326 4328 3371)
4(3817 3821 3825 3819)
4(3344 3346 3821 3817)
4(3821 3822 3826 3825)
4(3821 3823 3824 3822)
4(3817 3821 3822 3818)
4(3808 3822 3824 3810)
4(3808 3810 3815 3814)
4(3801 3807 3821 3817)
4(3341 3343 3807 3801)
4(3807 3808 3822 3821)
4(3807 3809 3810 3808)
4(3801 3807 3808 3802)
4(3803 3807 3808 3804)
4(3348 3801 3807 3803)
4(3348 3803 3804 3349)
4(3804 3806 3810 3808)
4(3803 3805 3806 3804)
4(3804 3806 3812 3811)
4(2321 3804 3806 2323)
4(2321 2323 2816 2815)
4(3340 3342 3803 3348)
4(2320 2321 3804 3803)
4(2320 2322 2323 2321)
4(2314 3348 3803 2320)
4(2314 2320 2321 2315)
4(2291 2293 2320 2314)
4(2312 2316 2320 2314)
4(2290 2292 2316 2312)
4(2317 2319 2323 2321)
4(2316 2317 2321 2320)
4(2316 2318 2319 2317)
4(2317 2319 2325 2324)
4(2303 2305 2310 2309)
4(2303 2317 2319 2305)
4(2852 2853 3375 3374)
4(2852 2854 2855 2853)
4(2846 2859 3374 2852)
4(2846 2852 2853 2847)
4(3359 2846 2859 3367)
4(3359 3361 2852 2846)
4(3365 2858 2859 3367)
4(3357 3359 2846 2845)
4(3357 3365 3367 3359)
4(3365 3369 3371 3367)
4(2848 2852 2853 2849)
4(2843 2846 2852 2848)
4(2843 2848 2849 2844)
4(2848 2850 2851 2849)
4(4729 2850 2851 4730)
4(4727 4728 2849 2848)
4(4727 4729 4730 4728)
4(4729 5270 5271 4730)
4(5283 5284 5288 5287)
4(5283 5285 5286 5284)
4(5275 5279 5287 5283)
4(5275 5283 5284 5276)
4(5275 5276 5280 5279)
4(5269 5281 5283 5275)
4(5269 5275 5279 5272)
4(5255 5263 5283 5275)
4(5248 5255 5275 5269)
4(5248 5258 5263 5255)
4(5263 5264 5284 5283)
4(5263 5265 5266 5264)
4(5255 5256 5276 5275)
4(5255 5263 5264 5256)
4(5273 5274 5276 5275)
4(5253 5273 5275 5255)
4(5253 5255 5256 5254)
4(5273 5277 5279 5275)
4(5268 5273 5277 5271)
4(5268 5269 5275 5273)
4(4726 5268 5273 4731)
4(4726 4730 5271 5268)
4(5247 5268 5273 5253)
4(4261 4726 5268 5247)
4(4261 5247 5253 4716)
4(5247 5248 5255 5253)
4(3355 3360 2848 2843)
4(3355 2843 2846 3359)
4(4721 4727 2848 2843)
4(4671 4721 2843 3355)
4(4671 5183 4727 4721)
4(4721 4727 4728 4722)
4(3353 3355 2843 2842)
4(3353 3357 3359 3355)
4(4669 4671 4721 4720)
4(4669 3353 3355 4671)
4(4300 4301 3353 3352)
4(4668 3352 3353 4669)
4(5865 4300 3352 4668)
4(5865 4668 4669 5866)
4(4303 4304 3357 3356)
4(3352 3356 3357 3353)
4(4300 4303 3356 3352)
4(4318 4319 3365 3364)
4(3356 3364 3365 3357)
4(4303 4318 3364 3356)
4(4321 4322 3369 3368)
4(3364 3368 3369 3365)
4(4318 4321 3368 3364)
4(5314 5315 4326 4325)
4(3368 4325 4326 3369)
4(4321 5314 4325 3368)
4(4325 4759 4760 4326)
4(5314 5317 4759 4325)
4(4325 4327 4328 4326)
4(3368 3370 3371 3369)
4(5308 4323 4325 5314)
4(5308 5314 5317 5312)
4(4316 4321 5314 5308)
4(4316 3363 3368 4321)
4(4725 4726 5268 5267)
4(4260 4261 4726 4725)
4(4260 5246 5247 4261)
4(4725 4726 4730 4729)
4(4723 4724 4728 4727)
4(4723 4725 4726 4724)
4(4235 4245 2795 2281)
4(3732 4243 4245 4235)
4(3732 2274 2784 4243)
4(3732 4235 2281 2274)
4(4235 4239 2284 2281)
4(4235 4245 4247 4239)
4(4238 4239 2284 2283)
4(4234 4235 4239 4238)
4(4234 2280 2281 4235)
4(5261 5262 3750 3749)
4(4238 4239 5262 5261)
4(5261 5262 5266 5265)
4(5259 5260 5264 5263)
4(5259 5261 5262 5260)
4(5251 5255 5263 5259)
4(5251 5259 5260 5252)
4(5251 5252 5256 5255)
4(5245 5257 5259 5251)
4(5245 5251 5255 5248)
4(3745 4236 5259 5251)
4(3738 3745 5251 5245)
4(3738 3748 4236 3745)
4(4236 4237 5260 5259)
4(4236 4238 4239 4237)
4(3745 3746 5252 5251)
4(3745 4236 4237 3746)
4(5249 5250 5252 5251)
4(3743 5249 5251 3745)
4(3743 3745 3746 3744)
4(5249 5253 5255 5251)
4(5244 5249 5253 5247)
4(5244 5245 5251 5249)
4(4257 4261 5247 5244)
4(4257 5244 5249 4262)
4(4718 4721 4727 4723)
4(4718 4723 4724 4719)
4(4667 5182 4723 4718)
4(4667 4718 4721 4671)
4(4258 4259 4724 4723)
4(4258 4260 4261 4259)
4(4252 4718 4723 4258)
4(4252 4258 4259 4253)
4(4659 4252 4718 4667)
4(4659 4661 4258 4252)
4(4665 4717 4718 4667)
4(4657 4659 4252 4251)
4(4657 4665 4667 4659)
4(4665 4669 4671 4667)
4(4655 4659 4252 4249)
4(4653 4655 4249 4248)
4(4653 4657 4659 4655)
4(4249 4254 4258 4252)
4(4655 4660 4254 4249)
4(4256 5243 5244 4257)
4(4256 4257 4261 4260)
4(3299 3737 5244 4257)
4(3298 3299 4257 4256)
4(3298 3736 3737 3299)
4(3737 3743 5249 5244)
4(3737 3738 3745 3743)
4(3299 3737 3743 3301)
4(3741 3745 3746 3742)
4(3739 3741 3742 3740)
4(3739 3743 3745 3741)
4(4232 4236 4237 4233)
4(3741 3745 4236 4232)
4(3741 4232 4233 3742)
4(4233 4235 4239 4237)
4(4232 4234 4235 4233)
4(4233 4235 4245 4244)
4(3730 3732 4243 4242)
4(3730 4233 4235 3732)
4(3728 3732 4243 4241)
4(3726 3730 3732 3728)
4(3726 3728 4241 4240)
4(2271 2274 2784 2781)
4(3728 2271 2781 4241)
4(3728 3732 2274 2271)
4(2272 2275 2785 2782)
4(2271 2272 2782 2781)
4(2276 2278 2791 2787)
4(2272 2276 2787 2782)
4(2782 2787 2791 2785)
4(2276 2277 2789 2787)
4(5920 5946 2787 2276)
4(5920 5921 5948 5946)
4(5940 5946 2787 2782)
4(5242 5940 2782 2272)
4(5242 5920 5946 5940)
4(2782 2783 2788 2787)
4(5940 5946 5947 5941)
4(5241 5939 2781 2271)
4(5241 5242 5940 5939)
4(1339 3728 2271 5241)
4(1339 5241 5939 1347)
4(1339 1347 4241 3728)
4(3727 3728 2271 2270)
4(1338 5240 5241 1339)
4(1338 1339 3728 3727)
4(3731 3732 2274 2273)
4(3727 3728 3732 3731)
4(3731 3732 4235 4234)
4(3729 3730 4233 4232)
4(3729 3731 3732 3730)
4(3735 3747 4232 3741)
4(3735 3741 3745 3738)
4(3721 3729 4232 3741)
4(3714 3721 3741 3735)
4(3714 3724 3729 3721)
4(3721 3722 3742 3741)
4(3721 3729 3730 3722)
4(3719 3739 3741 3721)
4(3719 3721 3722 3720)
4(3734 3739 3741 3735)
4(3713 3719 3739 3734)
4(3713 3714 3721 3719)
4(3734 3739 3743 3737)
4(3295 3734 3739 3300)
4(3295 3299 3737 3734)
4(3283 3713 3719 3285)
4(3283 3295 3734 3713)
4(3717 3721 3722 3718)
4(3715 3719 3721 3717)
4(3715 3717 3718 3716)
4(3725 3729 3730 3726)
4(3717 3721 3729 3725)
4(3717 3725 3726 3718)
4(3725 3727 3728 3726)
4(5918 5942 5946 5920)
4(5918 5919 5944 5942)
4(5937 5942 5946 5940)
4(5239 5918 5942 5937)
4(5239 5937 5940 5242)
4(5937 5942 5943 5938)
4(5926 5937 5942 5932)
4(5926 5932 5933 5927)
4(5235 5918 5942 5932)
4(5232 5235 5932 5926)
4(5232 5926 5937 5239)
4(5235 5236 5934 5932)
4(5928 5930 5934 5932)
4(5233 5928 5932 5235)
4(5233 5234 5930 5928)
4(5928 5929 5933 5932)
4(5928 5930 5931 5929)
4(5923 5926 5932 5928)
4(5923 5928 5929 5924)
4(5229 5233 5928 5923)
4(5229 5923 5926 5232)
4(4210 5233 5928 4692)
4(4230 4692 5928 5923)
4(4207 4230 5923 5229)
4(4207 4210 4692 4230)
4(4692 4694 5930 5928)
4(4210 4211 4694 4692)
4(4692 4693 5929 5928)
4(4692 4694 4695 4693)
4(4230 4692 4693 4231)
4(5238 5936 5939 5241)
4(5238 5239 5937 5936)
4(1335 5238 5936 1345)
4(1335 1339 5241 5238)
4(1335 1345 1347 1339)
4(5231 5238 5936 5925)
4(702 5231 5925 1343)
4(702 1335 5238 5231)
4(702 1343 1345 1335)
4(5231 5232 5926 5925)
4(5228 5922 5925 5231)
4(5228 5229 5923 5922)
4(698 5228 5922 1341)
4(698 702 5231 5228)
4(698 1341 1343 702)
4(4206 5228 5922 4229)
4(5913 4206 4229 159)
4(5913 698 5228 4206)
4(5913 159 1341 698)
4(4206 4207 4230 4229)
4(4688 4690 4694 4692)
4(4208 4209 4690 4688)
4(4208 4688 4692 4210)
4(4688 4690 4691 4689)
4(4688 4689 4693 4692)
4(4222 4688 4690 4224)
4(4222 4223 4689 4688)
4(4222 4224 4225 4223)
4(4200 4222 4688 4208)
4(4200 4201 4224 4222)
4(4204 4227 4688 4208)
4(4216 4222 4688 4227)
4(4197 4216 4227 4204)
4(4197 4200 4222 4216)
4(4227 4688 4692 4230)
4(4204 4227 4230 4207)
4(4227 4688 4689 4228)
4(4216 4222 4223 4217)
4(4203 4206 4229 4226)
4(5909 4203 4226 157)
4(5909 5913 4206 4203)
4(5909 157 159 5913)
4(4203 4204 4227 4226)
4(4196 4215 4226 4203)
4(4196 4197 4216 4215)
4(5889 4196 4215 5917)
4(5889 5909 4203 4196)
4(5889 5917 157 5909)
4(4218 4222 4223 4219)
4(4213 4216 4222 4218)
4(4213 4218 4219 4214)
4(4218 4220 4221 4219)
4(4218 4222 4224 4220)
4(5808 4218 4220 5810)
4(5808 5809 4219 4218)
4(5808 5810 5811 5809)
4(4198 4218 4220 4199)
4(5140 5808 4218 4198)
4(5140 5141 5810 5808)
4(4198 4218 4222 4200)
4(4194 4198 4218 4213)
4(4194 4213 4216 4197)
4(5802 5808 4218 4213)
4(5137 5802 4213 4194)
4(5137 5140 5808 5802)
4(5802 5808 5809 5803)
4(2299 2301 2307 2306)
4(2299 2303 2305 2301)
4(5959 2299 2301 5961)
4(5959 5961 5966 5965)
4(2312 2316 2317 2313)
4(2302 2316 2317 2303)
4(2296 2312 2316 2302)
4(2296 2302 2303 2297)
4(2302 2304 2305 2303)
4(1835 2289 2302 2296)
4(2298 2302 2303 2299)
4(2294 2296 2302 2298)
4(2294 2298 2299 2295)
4(2298 2300 2301 2299)
4(1834 2288 2298 2294)
4(5321 5958 2298 2294)
4(5298 5300 5958 5321)
4(5958 5959 2299 2298)
4(5958 5960 5961 5959)
4(5321 5958 5959 5322)
4(5885 5915 4212 4193)
4(5136 4193 4212 5801)
4(653 5136 5801 1301)
4(653 5885 4193 5136)
4(653 1301 5915 5885)
4(4193 4196 4215 4212)
4(5885 5889 4196 4193)
4(5885 5915 5917 5889)
4(4193 4194 4213 4212)
4(5136 5137 5802 5801)
4(5819 5822 112 106)
4(5819 106 110 5821)
4(98 102 112 106)
4(5815 98 106 5819)
4(5815 5817 102 98)
4(98 99 107 106)
4(98 102 103 99)
4(104 105 107 106)
4(96 97 105 104)
4(96 104 106 98)
4(96 98 99 97)
4(104 108 110 106)
4(104 105 109 108)
4(5818 104 108 5820)
4(5818 5819 106 104)
4(5806 104 108 5810)
4(5139 5818 104 5806)
4(5139 5806 5810 5141)
4(5806 104 105 5807)
4(5806 5807 5811 5810)
4(5796 5806 104 96)
4(5796 96 97 5797)
4(5796 5797 5807 5806)
4(5814 5818 104 96)
4(5131 5814 96 5796)
4(5131 5796 5806 5139)
4(5814 5815 98 96)
4(5813 5815 98 94)
4(5812 5813 94 92)
4(92 94 98 96)
4(5812 92 96 5814)
4(94 100 102 98)
4(5813 5816 100 94)
4(94 100 101 95)
4(94 95 99 98)
4(4632 94 100 5120)
4(4632 4633 95 94)
4(4632 5120 5121 4633)
4(4611 4632 94 5813)
4(4611 4613 5120 4632)
4(4630 4632 94 92)
4(4610 4630 92 5812)
4(4610 4611 4632 4630)
4(92 93 95 94)
4(4630 4631 93 92)
4(4630 4632 4633 4631)
4(92 93 97 96)
4(5150 5796 96 92)
4(5150 92 93 5151)
4(5150 5151 5797 5796)
4(5129 5812 92 5150)
4(5129 5150 5796 5131)
4(4157 4630 92 5150)
4(4130 4610 4630 4157)
4(4130 4157 5150 5129)
4(4157 4630 4631 4158)
4(4157 4158 5151 5150)
4(4628 4629 4635 4634)
4(4620 4628 4634 4624)
4(4620 4621 4629 4628)
4(4620 4624 4625 4621)
4(4628 4632 5120 4634)
4(4628 4629 4633 4632)
4(4609 4612 4634 4628)
4(4609 4628 4632 4611)
4(4605 4620 4628 4609)
4(4605 4607 4624 4620)
4(4626 4630 4631 4627)
4(4153 4157 4630 4626)
4(4153 4626 4627 4154)
4(4153 4154 4158 4157)
4(4626 4630 4632 4628)
4(4626 4628 4629 4627)
4(4608 4626 4630 4610)
4(4608 4609 4628 4626)
4(4128 4608 4626 4153)
4(4128 4153 4157 4130)
4(4161 4608 4626 4618)
4(4143 4618 4626 4153)
4(3683 4161 4618 4143)
4(3683 4143 4153 4128)
4(4618 4620 4628 4626)
4(4161 4605 4620 4618)
4(4618 4619 4627 4626)
4(4618 4620 4621 4619)
4(4143 4618 4619 4144)
4(4143 4144 4154 4153)
4(4614 4618 4619 4615)
4(4139 4143 4618 4614)
4(4139 4614 4615 4140)
4(4139 4140 4144 4143)
4(4616 4620 4621 4617)
4(4614 4618 4620 4616)
4(4614 4616 4617 4615)
4(4616 4622 4623 4617)
4(4616 4620 4624 4622)
4(1816 4616 4622 2268)
4(1816 1817 4617 4616)
4(1816 2268 2269 1817)
4(4160 4606 4622 4616)
4(4160 4616 4620 4605)
4(1795 1816 4616 4160)
4(1795 1797 2268 1816)
4(4159 4614 4616 4160)
4(1794 1814 4614 4159)
4(1814 1816 4616 4614)
4(1794 1795 1816 1814)
4(4159 4614 4618 4161)
4(3681 4159 4614 4139)
4(3681 4139 4143 3683)
4(1293 1814 4614 4139)
4(1266 1293 4139 3681)
4(1266 1794 1814 1293)
4(1814 4614 4615 1815)
4(1293 1294 4140 4139)
4(1293 1814 1815 1294)
4(1814 1816 1817 1815)
4(5804 5808 5809 5805)
4(5799 5802 5808 5804)
4(5799 5804 5805 5800)
4(5804 5808 5810 5806)
4(5804 5806 5807 5805)
4(5138 5804 5808 5140)
4(5138 5139 5806 5804)
4(5134 5138 5804 5799)
4(5134 5799 5802 5137)
4(5130 5138 5804 5152)
4(5146 5152 5804 5799)
4(5127 5130 5152 5146)
4(5127 5146 5799 5134)
4(5152 5796 5806 5804)
4(5130 5131 5796 5152)
4(5152 5153 5805 5804)
4(5152 5796 5797 5153)
4(5146 5152 5153 5147)
4(5148 5152 5153 5149)
4(5143 5146 5152 5148)
4(5143 5148 5149 5144)
4(5148 5152 5796 5150)
4(5148 5150 5151 5149)
4(5128 5148 5152 5130)
4(5128 5129 5150 5148)
4(5124 5128 5148 5143)
4(5124 5143 5146 5127)
4(4129 5128 5148 4155)
4(4149 4155 5148 5143)
4(4126 4149 5143 5124)
4(4126 4129 4155 4149)
4(4155 4157 5150 5148)
4(4129 4130 4157 4155)
4(4155 4156 5149 5148)
4(4155 4157 4158 4156)
4(4149 4155 4156 4150)
4(5123 5142 5143 5124)
4(4125 4148 5142 5123)
4(4125 4126 4149 4148)
4(5126 5145 5146 5127)
4(5123 5142 5145 5126)
4(5133 5798 5799 5134)
4(5126 5145 5798 5133)
4(5133 5798 5801 5136)
4(649 5133 5798 1299)
4(649 653 5136 5133)
4(649 1299 1301 653)
4(629 5126 5145 1297)
4(629 649 5133 5126)
4(629 1297 1299 649)
4(625 5123 5142 1295)
4(625 629 5126 5123)
4(625 1295 1297 629)
4(5781 625 5123 4125)
4(5781 4125 4148 5789)
4(5781 5789 1295 625)
4(624 625 5123 5122)
4(5780 5781 625 624)
4(5780 4124 4125 5781)
4(628 629 5126 5125)
4(624 625 629 628)
4(648 649 5133 5132)
4(628 629 649 648)
4(652 653 5136 5135)
4(648 649 653 652)
4(5884 5885 4193 4192)
4(652 653 5885 5884)
4(5888 5889 4196 4195)
4(5884 5885 5889 5888)
4(5908 5909 4203 4202)
4(5888 5889 5909 5908)
4(5912 5913 4206 4205)
4(5908 5909 5913 5912)
4(697 698 5228 5227)
4(5912 5913 698 697)
4(701 702 5231 5230)
4(697 698 702 701)
4(1334 1335 5238 5237)
4(701 702 1335 1334)
4(1334 1335 1339 1338)
4(3711 3723 3725 3717)
4(3711 3717 3721 3714)
4(708 715 3717 3711)
4(715 1336 3725 3717)
4(708 1331 1336 715)
4(1337 1339 3728 3726)
4(1336 1338 1339 1337)
4(1336 1337 3726 3725)
4(1337 1339 1347 1346)
4(3287 3288 3293 3292)
4(3280 3292 3293 3281)
4(3274 3287 3292 3280)
4(3274 3280 3281 3275)
4(3290 3291 3297 3296)
4(3292 3296 3297 3293)
4(3287 3290 3296 3292)
4(4249 4250 4255 4254)
4(3296 4254 4255 3297)
4(3290 4249 4254 3296)
4(4254 4258 4259 4255)
4(4254 4256 4257 4255)
4(3296 3298 3299 3297)
4(3294 3733 3734 3295)
4(3294 3295 3299 3298)
4(1333 1335 1339 1337)
4(1332 1333 1337 1336)
4(1332 1334 1335 1333)
4(1333 1335 1345 1344)
4(700 702 1343 1342)
4(700 1333 1335 702)
4(696 698 1341 1340)
4(696 700 702 698)
4(5911 696 698 5913)
4(5911 5913 159 158)
4(3710 3713 3719 3715)
4(3279 3710 3715 3284)
4(3279 3283 3713 3710)
4(3710 3711 3717 3715)
4(713 715 3717 3715)
4(707 708 715 713)
4(707 713 3715 3710)
4(715 3717 3718 716)
4(713 715 716 714)
4(715 1336 1337 716)
4(711 715 1336 1332)
4(711 1332 1333 712)
4(711 712 716 715)
4(705 1330 1332 711)
4(705 711 715 708)
4(691 699 1332 711)
4(684 691 711 705)
4(684 694 699 691)
4(699 700 1333 1332)
4(699 701 702 700)
4(691 692 712 711)
4(691 699 700 692)
4(709 710 712 711)
4(689 709 711 691)
4(689 691 692 690)
4(709 713 715 711)
4(704 709 713 707)
4(704 705 711 709)
4(189 191 713 707)
4(185 704 709 190)
4(185 189 707 704)
4(189 3279 3710 707)
4(683 704 709 689)
4(173 185 704 683)
4(173 683 689 175)
4(683 684 691 689)
4(3282 3712 3713 3283)
4(3282 3283 3295 3294)
4(3278 3709 3710 3279)
4(3278 3279 3283 3282)
4(188 189 3279 3278)
4(188 706 707 189)
4(3276 3277 3279 3278)
4(186 187 3277 3276)
4(186 188 189 187)
4(3280 3281 3283 3282)
4(3276 3277 3281 3280)
4(3292 3293 3295 3294)
4(3706 3290 3296 3708)
4(3702 3287 3290 3706)
4(3702 3707 3292 3287)
4(3706 3290 4249 4655)
4(3704 3706 3290 3289)
4(3704 4653 4655 3706)
4(3700 3702 3287 3286)
4(3700 3704 3706 3702)
4(3694 3702 3287 3274)
4(3692 3694 3274 3273)
4(3692 3700 3702 3694)
4(3694 3696 3280 3274)
4(3271 3276 3280 3274)
4(3690 3271 3274 3694)
4(3690 3695 3276 3271)
4(3271 3276 3277 3272)
4(180 3271 3276 186)
4(180 186 187 181)
4(5324 5326 5963 5962)
4(5324 5959 5961 5326)
4(5310 5324 5326 5312)
4(5310 5312 5317 5316)
4(5319 5320 5324 5323)
4(5303 5319 5323 5309)
4(5309 5323 5324 5310)
4(5303 5309 5310 5304)
4(5323 5958 5959 5324)
4(5319 5321 5958 5323)
4(5323 5325 5326 5324)
4(5297 5299 5323 5319)
4(4758 5296 5309 5303)
4(5309 5311 5312 5310)
4(5306 5308 5312 5310)
4(5305 5307 5308 5306)
4(5305 5306 5310 5309)
4(5306 5308 5314 5313)
4(4314 5306 5308 4316)
4(4314 4316 4321 4320)
4(5301 5305 5309 5303)
4(4757 5295 5305 5301)
4(4313 4314 5306 5305)
4(4313 4315 4316 4314)
4(5301 5302 5306 5305)
4(4307 5301 5305 4313)
4(4307 4313 4314 4308)
4(3794 3796 4313 4307)
4(3364 3366 3367 3365)
4(3356 3358 3359 3357)
4(4312 4318 3364 3362)
4(4298 3351 3356 4303)
4(4298 4303 4318 4312)
4(4312 4318 4321 4316)
4(3352 3354 3355 3353)
4(4668 4670 4671 4669)
4(4664 4666 4667 4665)
4(4664 4665 4669 4668)
4(4656 4657 4665 4664)
4(4656 4658 4659 4657)
4(5860 5865 4668 4663)
4(5856 4662 4664 5862)
4(5862 4664 4668 5865)
4(5856 5862 5865 5860)
4(4294 4300 3352 3350)
4(5860 5865 4300 4294)
4(4294 4300 4303 4298)
4(4296 4302 4303 4298)
4(4292 4294 4300 4299)
4(4292 4296 4298 4294)
4(4310 4317 4318 4312)
4(4296 4310 4312 4298)
4(4310 4314 4316 4312)
4(5858 4292 4294 5860)
4(5858 5860 5865 5864)
4(4309 4313 4314 4310)
4(4305 4307 4313 4309)
4(4305 4309 4310 4306)
4(4309 4311 4312 4310)
4(3793 3795 4309 4305)
4(3799 4295 4309 4305)
4(3790 3792 4295 3799)
4(4295 4296 4310 4309)
4(4295 4297 4298 4296)
4(3799 4295 4296 3800)
4(4291 4295 4296 4292)
4(3797 3799 4295 4291)
4(3797 4291 4292 3798)
4(4291 4293 4294 4292)
4(5857 5858 4292 4291)
4(5857 5859 5860 5858)
4(3789 3797 4291 3791)
4(5851 5857 4291 3797)
4(5159 5830 5857 5851)
4(5851 5857 5858 5852)
4(5853 5857 5858 5854)
4(5849 5851 5857 5853)
4(5849 5853 5854 5850)
4(5853 5855 5856 5854)
4(5854 5856 5860 5858)
4(5847 4656 4664 5862)
4(5842 4651 4656 5847)
4(5842 5847 5862 5856)
4(5862 5863 4665 4664)
4(5847 4656 4657 5848)
4(3688 3690 3271 3270)
4(3688 3692 3694 3690)
4(687 691 692 688)
4(685 689 691 687)
4(685 687 688 686)
4(695 699 700 696)
4(687 695 696 688)
4(687 691 699 695)
4(695 697 698 696)
4(184 703 704 185)
4(184 185 189 188)
4(172 173 185 184)
4(172 682 683 173)
4(5910 5911 696 695)
4(5910 5912 5913 5911)
4(5902 687 695 5910)
4(5902 5903 688 687)
4(5902 5910 5911 5903)
4(681 687 695 693)
4(5895 5902 687 681)
4(5895 5905 5910 5902)
4(681 687 691 684)
4(680 685 689 683)
4(680 681 687 685)
4(169 680 685 174)
4(169 173 683 680)
4(5894 680 685 5900)
4(5197 169 680 5894)
4(5197 5894 5900 5199)
4(5900 5902 687 685)
4(5894 5895 5902 5900)
4(5900 5902 5903 5901)
4(166 167 169 168)
4(5194 5195 167 166)
4(5196 168 169 5197)
4(5194 5196 5197 5195)
4(170 171 173 172)
4(166 167 171 170)
4(168 172 173 169)
4(182 183 185 184)
4(170 171 183 182)
4(182 183 187 186)
4(676 180 3271 3690)
4(676 678 186 180)
4(674 676 180 179)
4(674 3688 3690 676)
4(672 676 180 177)
4(670 674 676 672)
4(670 672 177 176)
4(177 182 186 180)
4(672 677 182 177)
4(177 182 183 178)
4(164 177 182 170)
4(164 170 171 165)
4(664 666 170 164)
4(664 164 177 672)
4(161 166 170 164)
4(660 665 166 161)
4(660 161 164 664)
4(161 166 167 162)
4(5188 161 166 5194)
4(5188 5194 5195 5189)
4(5181 5188 161 660)
4(5181 5868 5194 5188)
4(168 169 680 679)
4(5196 5893 5894 5197)
4(5192 5890 5891 5193)
4(5193 5891 5894 5197)
4(5192 5193 5197 5196)
4(5898 5906 5910 5902)
4(5892 5904 5906 5898)
4(5892 5898 5902 5895)
4(5907 5909 5913 5911)
4(5906 5907 5911 5910)
4(5906 5908 5909 5907)
4(5907 5909 157 156)
4(5887 5889 5917 5916)
4(5887 5907 5909 5889)
4(5883 5885 5915 5914)
4(5883 5887 5889 5885)
4(651 653 1301 1300)
4(651 5883 5885 653)
4(4135 4136 4142 4141)
4(4137 4141 4142 4138)
4(4132 4135 4141 4137)
4(4132 4137 4138 4133)
4(4146 4147 4152 4151)
4(4135 4146 4151 4141)
4(4141 4151 4152 4142)
4(4151 4155 4156 4152)
4(4146 4149 4155 4151)
4(4151 4155 4157 4153)
4(4151 4153 4154 4152)
4(4127 4151 4155 4129)
4(4127 4128 4153 4151)
4(4123 4127 4151 4146)
4(4123 4146 4149 4126)
4(3682 4127 4151 4141)
4(3679 3682 4141 4135)
4(3679 4135 4146 4123)
4(4141 4143 4153 4151)
4(3682 3683 4143 4141)
4(4141 4143 4144 4142)
4(4137 4141 4143 4139)
4(4137 4139 4140 4138)
4(3680 4137 4141 3682)
4(3680 3681 4139 4137)
4(3676 3680 4137 4132)
4(3676 4132 4135 3679)
4(1265 3680 4137 1291)
4(1285 1291 4137 4132)
4(1262 1285 4132 3676)
4(1262 1265 1291 1285)
4(1291 1293 4139 4137)
4(1265 1266 1293 1291)
4(1291 1292 4138 4137)
4(1291 1293 1294 1292)
4(1285 1291 1292 1286)
4(3685 4145 4148 4125)
4(3685 4123 4146 4145)
4(5777 3685 4145 5787)
4(5777 5787 5789 5781)
4(5777 5781 4125 3685)
4(4652 4653 4657 4656)
4(4652 4654 4655 4653)
4(5844 5847 4656 4652)
4(5844 4652 4653 5845)
4(5838 4650 4652 5844)
4(5838 5844 5847 5842)
4(4648 3703 4652 5844)
4(4643 3698 3703 4648)
4(4643 4648 5844 5838)
4(3703 3704 4653 4652)
4(3703 3705 3706 3704)
4(4648 3703 3704 4649)
4(3699 3703 3704 3700)
4(4645 4648 3703 3699)
4(4645 3699 3700 4646)
4(3699 3701 3702 3700)
4(4639 3697 3699 4645)
4(4639 4645 4648 4643)
4(4186 3691 3699 4645)
4(4181 3686 3691 4186)
4(4181 4186 4645 4639)
4(3691 3692 3700 3699)
4(3691 3693 3694 3692)
4(4186 3691 3692 4187)
4(3687 3691 3692 3688)
4(4183 4186 3691 3687)
4(4183 3687 3688 4184)
4(3687 3689 3690 3688)
4(673 674 3688 3687)
4(673 675 676 674)
4(4177 3269 3687 4183)
4(4177 4183 4186 4181)
4(1832 673 3687 4183)
4(1827 668 673 1832)
4(1827 1832 4183 4177)
4(1832 673 674 1833)
4(669 673 674 670)
4(1829 1832 673 669)
4(1829 669 670 1830)
4(669 671 672 670)
4(662 664 672 670)
4(661 663 664 662)
4(661 662 670 669)
4(662 664 164 163)
4(658 660 161 160)
4(658 662 664 660)
4(5179 658 660 5181)
4(5179 5181 5188 5187)
4(647 649 1299 1298)
4(647 651 653 649)
4(627 629 1297 1296)
4(627 647 649 629)
4(5898 5902 5903 5899)
4(5896 5900 5902 5898)
4(5896 5898 5899 5897)
4(5898 5906 5907 5899)
4(5886 5906 5907 5887)
4(5878 5898 5906 5886)
4(5878 5886 5887 5879)
4(5878 5879 5899 5898)
4(5886 5888 5889 5887)
4(5871 5881 5886 5878)
4(5871 5878 5898 5892)
4(5874 5882 5886 5878)
4(5202 5880 5882 5874)
4(5202 5874 5878 5871)
4(5882 5883 5887 5886)
4(5882 5884 5885 5883)
4(5874 5882 5883 5875)
4(5874 5875 5879 5878)
4(650 5882 5883 651)
4(642 5874 5882 650)
4(642 643 5875 5874)
4(642 650 651 643)
4(650 652 653 651)
4(635 642 5874 5202)
4(635 645 650 642)
4(4685 5870 5891 5193)
4(4684 5869 5870 4685)
4(4684 4685 5193 5192)
4(5891 5896 5898 5892)
4(5870 5876 5896 5891)
4(5876 5878 5898 5896)
4(5870 5871 5878 5876)
4(5891 5896 5900 5894)
4(5193 5891 5896 5198)
4(4685 5870 5876 4687)
4(5876 5878 5879 5877)
4(5872 5876 5878 5874)
4(5872 5874 5875 5873)
4(5201 5872 5876 5870)
4(5201 5202 5874 5872)
4(4681 5201 5872 4686)
4(4681 4685 5870 5201)
4(640 5872 5874 642)
4(640 642 643 641)
4(634 640 5872 5201)
4(634 635 642 640)
4(88 4681 5201 634)
4(88 634 640 90)
4(4680 4681 5201 5200)
4(87 88 4681 4680)
4(87 633 634 88)
4(4680 4681 4685 4684)
4(3678 4134 4145 3685)
4(3678 3679 4135 4134)
4(5114 3678 4134 5785)
4(5114 5785 5787 5777)
4(5114 5777 3685 3678)
4(3675 3678 4134 4131)
4(5110 3675 4131 5783)
4(5110 5783 5785 5114)
4(5110 5114 3678 3675)
4(3675 3676 4132 4131)
4(1261 1284 4131 3675)
4(1261 1262 1285 1284)
4(2770 2778 5783 5110)
4(2770 1261 1284 2778)
4(2770 5110 3675 1261)
4(623 654 1295 625)
4(5779 5781 5789 5788)
4(5779 623 625 5781)
4(623 627 629 625)
4(5775 5777 5787 5786)
4(5775 5779 5781 5777)
4(5112 5114 5785 5784)
4(5112 5775 5777 5114)
4(5108 5110 5783 5782)
4(5108 5112 5114 5110)
4(2768 5108 5110 2770)
4(2768 2770 2778 2777)
4(1287 1291 1292 1288)
4(1282 1287 1288 1283)
4(1282 1285 1291 1287)
4(1289 1293 1294 1290)
4(1287 1289 1290 1288)
4(1287 1291 1293 1289)
4(1810 1814 1815 1811)
4(1289 1810 1811 1290)
4(1289 1293 1814 1810)
4(1812 1816 1817 1813)
4(1810 1812 1813 1811)
4(1810 1814 1816 1812)
4(1812 2266 2267 1813)
4(1812 1816 2268 2266)
4(1277 1287 1288 1278)
4(1271 1282 1287 1277)
4(1271 1277 1278 1272)
4(1279 1289 1290 1280)
4(1277 1287 1289 1279)
4(1277 1279 1280 1278)
4(1802 1810 1811 1803)
4(1279 1289 1810 1802)
4(1279 1802 1803 1280)
4(1804 1812 1813 1805)
4(1802 1810 1812 1804)
4(1802 1804 1805 1803)
4(1804 1812 2266 1808)
4(1804 1808 1809 1805)
4(1793 1796 2266 1812)
4(1793 1812 1816 1795)
4(1789 1804 1812 1793)
4(1789 1791 1808 1804)
4(1792 1810 1812 1793)
4(1788 1802 1810 1792)
4(1788 1789 1804 1802)
4(1792 1810 1814 1794)
4(1264 1792 1810 1289)
4(1264 1289 1293 1266)
4(605 1788 1802 1279)
4(605 1279 1289 1264)
4(1786 1788 1802 1798)
4(1275 1798 1802 1279)
4(603 1786 1798 1275)
4(603 1275 1279 605)
4(1787 1789 1804 1800)
4(1786 1787 1800 1798)
4(1798 1800 1804 1802)
4(1800 1806 1808 1804)
4(1787 1790 1806 1800)
4(1800 1806 1807 1801)
4(1800 1801 1805 1804)
4(590 1800 1806 594)
4(590 591 1801 1800)
4(590 594 595 591)
4(62 590 1800 1787)
4(62 64 594 590)
4(588 590 1800 1798)
4(61 588 1798 1786)
4(61 62 590 588)
4(1798 1799 1801 1800)
4(588 589 1799 1798)
4(588 590 591 589)
4(1798 1799 1803 1802)
4(1275 1798 1799 1276)
4(1275 1276 1280 1279)
4(53 1275 1798 588)
4(53 588 589 54)
4(53 54 1276 1275)
4(5748 61 588 53)
4(5748 53 1275 603)
4(5158 5829 5853 5849)
4(5833 5839 5853 5849)
4(5155 5157 5839 5833)
4(5839 5853 5854 5840)
4(5833 5839 5840 5834)
4(5840 5842 5856 5854)
4(5839 5841 5842 5840)
4(5854 5861 5862 5856)
4(5840 5842 5847 5846)
4(5836 5838 5844 5843)
4(5836 5840 5842 5838)
4(4641 4643 4648 4647)
4(4641 5836 5838 4643)
4(5831 5832 5836 5835)
4(4640 5835 5836 4641)
4(4190 5831 5835 4640)
4(4190 4640 4641 4191)
4(5835 5839 5840 5836)
4(5831 5833 5839 5835)
4(5835 5837 5838 5836)
4(646 647 651 650)
4(646 648 649 647)
4(638 642 650 646)
4(638 646 647 639)
4(638 639 643 642)
4(632 644 646 638)
4(632 638 642 635)
4(618 626 646 638)
4(611 621 626 618)
4(611 618 638 632)
4(626 646 647 627)
4(618 626 627 619)
4(618 619 639 638)
4(626 628 629 627)
4(622 623 627 626)
4(622 624 625 623)
4(614 622 626 618)
4(608 620 622 614)
4(608 614 618 611)
4(614 622 623 615)
4(614 615 619 618)
4(5778 622 623 5779)
4(5770 614 622 5778)
4(5770 5778 5779 5771)
4(5770 5771 615 614)
4(5778 5780 5781 5779)
4(5763 5773 5778 5770)
4(5763 5770 614 608)
4(5776 3684 3685 5777)
4(5776 5777 5781 5780)
4(5113 3677 3678 5114)
4(5113 5114 5777 5776)
4(584 585 587 586)
4(580 586 587 581)
4(578 584 586 580)
4(578 579 585 584)
4(586 590 591 587)
4(584 588 590 586)
4(584 585 589 588)
4(586 590 594 592)
4(586 592 593 587)
4(60 63 592 586)
4(60 586 590 62)
4(580 582 592 586)
4(57 580 586 60)
4(657 658 662 661)
4(657 659 660 658)
4(1823 667 669 1829)
4(1823 1829 1832 1827)
4(1326 661 669 1829)
4(1321 656 661 1326)
4(1321 1326 1829 1823)
4(1326 661 662 1327)
4(1323 1326 661 657)
4(1323 657 658 1324)
4(1317 655 657 1323)
4(1317 1323 1326 1321)
4(154 5178 657 1323)
4(149 5173 5178 154)
4(149 154 1323 1317)
4(5178 5179 658 657)
4(5178 5180 5181 5179)
4(154 5178 5179 155)
4(5174 5178 5179 5175)
4(151 154 5178 5174)
4(151 5174 5175 152)
4(5175 5177 5181 5179)
4(5174 5176 5177 5175)
4(5190 5191 5195 5194)
4(5190 5192 5193 5191)
4(5185 5188 5194 5190)
4(5185 5190 5191 5186)
4(5177 5867 5190 5185)
4(5177 5185 5188 5181)
4(4676 4682 5190 5185)
4(5169 4676 5185 5177)
4(5169 5171 4682 4676)
4(4682 5190 5191 4683)
4(4676 4682 4683 4677)
4(4682 4684 4685 4683)
4(4678 4679 4683 4682)
4(4678 4680 4681 4679)
4(5175 5184 5185 5177)
4(5167 5169 4676 4675)
4(5167 5175 5177 5169)
4(5165 5169 4676 4673)
4(5163 5165 4673 4672)
4(5163 5167 5169 5165)
4(4673 4678 4682 4676)
4(5165 5170 4678 4673)
4(4673 4678 4679 4674)
4(85 4678 4679 86)
4(79 4673 4678 85)
4(79 85 86 80)
4(85 87 88 86)
4(547 79 4673 5165)
4(547 549 85 79)
4(545 5163 5165 547)
4(545 547 79 78)
4(59 584 586 60)
4(56 578 584 59)
4(59 584 588 61)
4(49 584 588 53)
4(5746 59 584 49)
4(5746 49 53 5748)
4(49 584 585 50)
4(49 50 54 53)
4(5761 49 584 578)
4(5761 578 579 5762)
4(5761 5762 50 49)
4(5738 56 578 5761)
4(5738 5761 49 5746)
4(5757 576 578 5761)
4(5736 5757 5761 5738)
4(5757 5758 5762 5761)
4(1263 1287 1291 1265)
4(1263 1264 1289 1287)
4(1259 1263 1287 1282)
4(1259 1282 1285 1262)
4(604 1263 1287 1277)
4(601 604 1277 1271)
4(601 1271 1282 1259)
4(604 605 1279 1277)
4(1273 1275 1279 1277)
4(602 1273 1277 604)
4(602 603 1275 1273)
4(1273 1274 1278 1277)
4(1273 1275 1276 1274)
4(1268 1271 1277 1273)
4(1268 1273 1274 1269)
4(598 602 1273 1268)
4(598 1268 1271 601)
4(5747 602 1273 51)
4(45 51 1273 1268)
4(5744 5747 51 45)
4(5744 45 1268 598)
4(51 53 1275 1273)
4(5747 5748 53 51)
4(51 52 1274 1273)
4(51 53 54 52)
4(45 51 52 46)
4(47 51 52 48)
4(42 45 51 47)
4(42 47 48 43)
4(47 51 53 49)
4(47 49 50 48)
4(5745 47 51 5747)
4(5745 5746 49 47)
4(5741 5745 47 42)
4(5741 42 45 5744)
4(5737 5745 47 5759)
4(5753 5759 47 42)
4(5734 5737 5759 5753)
4(5734 5753 42 5741)
4(5759 5761 49 47)
4(5737 5738 5761 5759)
4(5759 5760 48 47)
4(5759 5761 5762 5760)
4(5753 5759 5760 5754)
4(5755 5759 5760 5756)
4(5750 5753 5759 5755)
4(5750 5755 5756 5751)
4(5755 5759 5761 5757)
4(5755 5757 5758 5756)
4(5735 5755 5759 5737)
4(5735 5736 5757 5755)
4(5731 5735 5755 5750)
4(5731 5750 5753 5734)
4(1147 5735 5755 1707)
4(1705 1707 5755 5750)
4(1146 1705 5750 5731)
4(1707 1709 5757 5755)
4(1707 1708 5756 5755)
4(2766 2776 1281 1258)
4(600 1258 1281 1270)
4(2746 600 1270 2774)
4(2746 2766 1258 600)
4(2746 2774 2776 2766)
4(1258 1261 1284 1281)
4(2766 2770 1261 1258)
4(2766 2776 2778 2770)
4(1258 1259 1282 1281)
4(600 601 1271 1270)
4(597 1267 1270 600)
4(597 598 1268 1267)
4(2263 597 1267 2772)
4(2263 2746 600 597)
4(2263 2772 2774 2746)
4(5743 597 1267 44)
4(1253 2263 597 5743)
4(1253 5743 44 1755)
4(1253 1755 2772 2263)
4(5743 5744 45 44)
4(5109 3674 3675 5110)
4(5109 5110 5114 5113)
4(2769 2770 5110 5109)
4(2769 1260 1261 2770)
4(5774 5775 5779 5778)
4(5774 5776 5777 5775)
4(5766 5770 5778 5774)
4(5766 5774 5775 5767)
4(5766 5767 5771 5770)
4(5117 5772 5774 5766)
4(5117 5766 5770 5763)
4(5103 5111 5774 5766)
4(5096 5106 5111 5103)
4(5096 5103 5766 5117)
4(5111 5112 5775 5774)
4(5111 5113 5114 5112)
4(5103 5104 5767 5766)
4(5103 5111 5112 5104)
4(5764 5765 5767 5766)
4(5101 5764 5766 5103)
4(5101 5103 5104 5102)
4(5768 5769 5771 5770)
4(5764 5768 5770 5766)
4(612 613 615 614)
4(5768 612 614 5770)
4(616 617 619 618)
4(612 616 618 614)
4(636 637 639 638)
4(616 636 638 618)
4(636 640 642 638)
4(631 636 640 634)
4(631 632 638 636)
4(84 631 636 89)
4(84 88 634 631)
4(610 631 636 616)
4(72 84 631 610)
4(72 610 616 74)
4(610 611 618 616)
4(83 630 631 84)
4(83 84 88 87)
4(71 609 610 72)
4(71 72 84 83)
4(5099 5107 5111 5103)
4(5093 5105 5107 5099)
4(5093 5099 5103 5096)
4(5107 5108 5112 5111)
4(5107 5109 5110 5108)
4(5099 5107 5108 5100)
4(5099 5100 5104 5103)
4(2767 5107 5108 2768)
4(2759 5099 5107 2767)
4(2759 2760 5100 5099)
4(2759 2767 2768 2760)
4(2767 2769 2770 2768)
4(2752 2759 5099 5093)
4(2752 2762 2767 2759)
4(2765 1257 1258 2766)
4(2765 2766 2770 2769)
4(2745 599 600 2746)
4(2745 2746 2766 2765)
4(2262 596 597 2263)
4(2262 2263 2746 2745)
4(1252 5742 5743 1253)
4(1252 1253 2263 2262)
4(5166 5167 5175 5174)
4(5166 5168 5169 5167)
4(145 5172 5174 151)
4(145 151 154 149)
4(136 5166 5174 151)
4(131 5161 5166 136)
4(131 136 151 145)
4(136 5166 5167 137)
4(5162 5166 5167 5163)
4(133 136 5166 5162)
4(133 5162 5163 134)
4(5162 5164 5165 5163)
4(544 545 5163 5162)
4(544 546 547 545)
4(127 5160 5162 133)
4(127 133 136 131)
4(1193 544 5162 133)
4(1188 1193 133 127)
4(1188 539 544 1193)
4(1193 544 545 1194)
4(4637 4639 4645 4644)
4(4637 4641 4643 4639)
4(4179 4637 4639 4181)
4(4179 4181 4186 4185)
4(4636 4637 4639 4638)
4(4178 4179 4637 4636)
4(4178 4180 4181 4179)
4(4640 4641 4643 4642)
4(4636 4637 4641 4640)
4(5154 5156 5835 5831)
4(4167 4169 4640 4190)
4(4188 4190 4640 4636)
4(4188 4636 4637 4189)
4(4166 4168 4636 4188)
4(4172 4178 4636 4188)
4(4163 4165 4178 4172)
4(4172 4178 4179 4173)
4(4175 4177 4183 4182)
4(4175 4179 4181 4177)
4(1825 1827 1832 1831)
4(1825 4175 4177 1827)
4(5740 41 44 5743)
4(5740 5741 42 41)
4(1249 5740 41 1753)
4(1249 1253 5743 5740)
4(1249 1753 1755 1253)
4(5733 5740 41 5752)
4(1229 5733 5752 1751)
4(1229 1249 5740 5733)
4(1229 1751 1753 1249)
4(5733 5734 5753 5752)
4(5730 5749 5752 5733)
4(5730 5731 5750 5749)
4(1225 5730 5749 1255)
4(1225 1229 5733 5730)
4(1225 1255 1751 1229)
4(1145 5730 5749 1704)
4(2730 1225 5730 1145)
4(2730 3238 1255 1225)
4(2730 1145 1704 3238)
4(1248 5739 5740 1249)
4(1248 1249 1253 1252)
4(1228 5732 5733 1229)
4(1228 1229 1249 1248)
4(2764 2766 2776 2775)
4(2764 2768 2770 2766)
4(2265 2746 2774 2773)
4(2265 2764 2766 2746)
4(2261 2263 2772 2771)
4(2261 2265 2746 2263)
4(1251 2261 2263 1253)
4(1251 1253 1755 1754)
4(1821 1823 1829 1828)
4(1821 1825 1827 1823)
4(1319 1821 1823 1321)
4(1319 1321 1326 1325)
4(1328 1329 1821 1820)
4(1312 1328 1820 1318)
4(1318 1820 1821 1319)
4(1312 1318 1319 1313)
4(1818 1819 1825 1824)
4(1820 1824 1825 1821)
4(1328 1818 1824 1820)
4(4170 4171 4175 4174)
4(1818 4170 4174 1824)
4(1824 4174 4175 1825)
4(4174 4178 4179 4175)
4(4170 4172 4178 4174)
4(4174 4176 4177 4175)
4(4162 4164 4174 4170)
4(1307 1309 1824 1818)
4(1824 1826 1827 1825)
4(1820 1822 1823 1821)
4(607 612 616 610)
4(607 608 614 612)
4(68 607 612 73)
4(68 72 610 607)
4(5119 607 612 5768)
4(4602 5119 5768 4604)
4(4602 68 607 5119)
4(5119 5763 5770 5768)
4(5116 5764 5768 5119)
4(5116 5117 5766 5764)
4(4598 5116 5764 4603)
4(4598 4602 5119 5116)
4(5095 5116 5764 5101)
4(4586 5095 5101 4588)
4(4586 4598 5116 5095)
4(5095 5096 5103 5101)
4(67 68 607 606)
4(4601 4602 68 67)
4(4601 5118 5119 4602)
4(67 68 72 71)
4(69 70 72 71)
4(65 66 70 69)
4(65 67 68 66)
4(81 82 84 83)
4(69 70 82 81)
4(81 82 86 85)
4(76 79 85 81)
4(76 81 82 77)
4(543 548 81 76)
4(543 76 79 547)
4(5794 69 81 76)
4(32 34 69 5794)
4(32 5794 76 543)
4(5794 69 70 5795)
4(5791 65 66 5792)
4(5791 5794 69 65)
4(4599 65 66 4600)
4(4593 5791 65 4599)
4(4593 4599 4600 4594)
4(4599 4601 4602 4600)
4(28 33 65 5791)
4(28 5791 5794 32)
4(5088 4593 5791 28)
4(5088 5090 4599 4593)
4(26 5790 5791 28)
4(5086 5088 4593 4592)
4(5086 26 28 5088)
4(30 5793 5794 32)
4(26 30 32 28)
4(541 75 76 543)
4(30 541 543 32)
4(541 545 547 543)
4(5097 5101 5103 5099)
4(5097 5099 5100 5098)
4(5092 5097 5101 5095)
4(5092 5093 5099 5097)
4(4582 5092 5097 4587)
4(4582 4586 5095 5092)
4(2751 5092 5097 2757)
4(1785 4582 5092 2751)
4(1785 2751 2757 2243)
4(2757 2759 5099 5097)
4(2751 2752 2759 2757)
4(2757 2759 2760 2758)
4(5084 5088 4593 4590)
4(5082 5086 5088 5084)
4(5082 5084 4590 4589)
4(5084 5089 4595 4590)
4(4590 4595 4599 4593)
4(4597 4601 4602 4598)
4(4595 4597 4598 4596)
4(4595 4596 4600 4599)
4(4597 5115 5116 4598)
4(4585 5094 5095 4586)
4(4585 4586 4598 4597)
4(4581 5091 5092 4582)
4(4581 4582 4586 4585)
4(1784 1785 4582 4581)
4(1784 2750 2751 1785)
4(4579 4580 4582 4581)
4(1782 1783 4580 4579)
4(1782 1784 1785 1783)
4(4583 4584 4586 4585)
4(4579 4580 4584 4583)
4(4583 4584 4596 4595)
4(4577 4583 4595 4590)
4(5076 5078 4583 4577)
4(5076 4577 4590 5084)
4(4590 4591 4596 4595)
4(4577 4583 4584 4578)
4(4574 4577 4583 4579)
4(4574 4579 4580 4575)
4(5072 5077 4579 4574)
4(5072 4574 4577 5076)
4(1776 1782 4579 4574)
4(2239 2241 1782 1776)
4(2239 1776 4574 5072)
4(1776 1782 1783 1777)
4(1778 1782 1783 1779)
4(1773 1776 1782 1778)
4(1773 1778 1779 1774)
4(1780 1784 1785 1781)
4(1778 1780 1781 1779)
4(1781 2748 2751 1785)
4(1780 2747 2748 1781)
4(2763 2764 2768 2767)
4(2763 2765 2766 2764)
4(2755 2759 2767 2763)
4(2755 2763 2764 2756)
4(2755 2756 2760 2759)
4(2749 2761 2763 2755)
4(2749 2755 2759 2752)
4(2256 2264 2763 2755)
4(2249 2256 2755 2749)
4(2249 2259 2264 2256)
4(2264 2265 2764 2763)
4(2264 2745 2746 2265)
4(2256 2257 2756 2755)
4(2256 2264 2265 2257)
4(2753 2754 2756 2755)
4(2254 2753 2755 2256)
4(2254 2256 2257 2255)
4(2753 2757 2759 2755)
4(2748 2753 2757 2751)
4(2748 2749 2755 2753)
4(1781 2748 2753 2242)
4(2248 2748 2753 2254)
4(1769 2248 2254 1771)
4(1769 1781 2748 2248)
4(2248 2249 2256 2254)
4(2260 2261 2265 2264)
4(2260 2262 2263 2261)
4(2252 2256 2264 2260)
4(2252 2260 2261 2253)
4(2252 2253 2257 2256)
4(2246 2258 2260 2252)
4(2246 2252 2256 2249)
4(1242 1250 2260 2252)
4(1235 1242 2252 2246)
4(1235 1245 1250 1242)
4(1250 1251 2261 2260)
4(1250 1252 1253 1251)
4(1242 1243 2253 2252)
4(1242 1250 1251 1243)
4(2250 2251 2253 2252)
4(1240 2250 2252 1242)
4(1240 1242 1243 1241)
4(2250 2254 2256 2252)
4(2245 2250 2254 2248)
4(2245 2246 2252 2250)
4(1765 1769 2248 2245)
4(1765 2245 2250 1770)
4(1306 1308 1820 1328)
4(1303 1305 1318 1312)
4(1318 1320 1321 1319)
4(1315 1317 1321 1319)
4(1314 1316 1317 1315)
4(1314 1315 1319 1318)
4(1315 1317 1323 1322)
4(147 1315 1317 149)
4(147 149 154 153)
4(146 147 1315 1314)
4(146 148 149 147)
4(1310 1314 1318 1312)
4(1302 1304 1314 1310)
4(1310 1314 1315 1311)
4(140 1310 1314 146)
4(140 146 147 141)
4(5828 119 146 140)
4(142 146 147 143)
4(138 140 146 142)
4(138 142 143 139)
4(143 145 149 147)
4(142 144 145 143)
4(143 145 151 150)
4(129 143 145 131)
4(129 131 136 135)
4(128 129 143 142)
4(128 130 131 129)
4(5827 118 142 138)
4(122 128 142 138)
4(5824 5826 128 122)
4(122 128 129 123)
4(125 127 133 132)
4(125 129 131 127)
4(1186 125 127 1188)
4(1186 1188 1193 1192)
4(120 121 125 124)
4(1179 120 124 1185)
4(1185 124 125 1186)
4(1179 1185 1186 1180)
4(124 128 129 125)
4(120 122 128 124)
4(124 126 127 125)
4(5823 5825 124 120)
4(1156 1158 1185 1179)
4(1185 1187 1188 1186)
4(540 544 545 541)
4(1190 1193 544 540)
4(1190 540 541 1191)
4(540 542 543 541)
4(1184 538 540 1190)
4(1184 1190 1193 1188)
4(1175 29 540 1190)
4(1170 24 29 1175)
4(1170 1175 1190 1184)
4(29 30 541 540)
4(29 31 32 30)
4(1175 29 30 1176)
4(25 29 30 26)
4(1172 1175 29 25)
4(1172 25 26 1173)
4(25 27 28 26)
4(1166 23 25 1172)
4(1166 1172 1175 1170)
4(21 5085 25 1172)
4(16 5080 5085 21)
4(16 21 1172 1166)
4(5085 5086 26 25)
4(5085 5087 5088 5086)
4(21 5085 5086 22)
4(5081 5085 5086 5082)
4(18 21 5085 5081)
4(18 5081 5082 19)
4(5081 5083 5084 5082)
4(1224 5729 5730 1225)
4(1224 1225 1229 1228)
4(2729 2730 1225 1224)
4(2729 1144 1145 2730)
4(1768 1769 2248 2247)
4(1764 2244 2245 1765)
4(1764 1765 1769 1768)
4(1768 1769 1781 1780)
4(1766 1767 1779 1778)
4(1766 1768 1769 1767)
4(2235 2240 1778 1773)
4(2235 1773 1776 2239)
4(1760 1766 1778 1773)
4(2227 1760 1773 2235)
4(2227 2229 1766 1760)
4(1760 1766 1767 1761)
4(2237 1775 1776 2239)
4(2233 2235 1773 1772)
4(2233 2237 2239 2235)
4(5070 4573 4574 5072)
4(2237 5070 5072 2239)
4(5074 4576 4577 5076)
4(5070 5074 5076 5072)
4(5074 5082 5084 5076)
4(2225 2227 1760 1759)
4(2225 2233 2235 2227)
4(2223 2227 1760 1757)
4(2221 2223 1757 1756)
4(2221 2225 2227 2223)
4(1757 1762 1766 1760)
4(2223 2228 1762 1757)
4(1234 1240 2250 2245)
4(1234 1235 1242 1240)
4(573 1765 2245 1234)
4(573 1234 1240 575)
4(572 573 1765 1764)
4(572 1233 1234 573)
4(1762 1763 1765 1764)
4(570 571 1763 1762)
4(570 572 573 571)
4(1762 1763 1767 1766)
4(1757 1762 1763 1758)
4(564 1757 1762 570)
4(564 570 571 565)
4(1203 1205 570 564)
4(1203 564 1757 2223)
4(1247 1249 1253 1251)
4(1246 1247 1251 1250)
4(1246 1248 1249 1247)
4(1247 1249 1753 1752)
4(1227 1229 1751 1256)
4(1227 1247 1249 1229)
4(1223 1225 1255 1254)
4(1223 1227 1229 1225)
4(2728 1223 1225 2730)
4(2728 2730 3238 3237)
4(1238 1242 1243 1239)
4(1236 1240 1242 1238)
4(1236 1238 1239 1237)
4(1238 1242 1250 1246)
4(1238 1246 1247 1239)
4(1232 1244 1246 1238)
4(1232 1238 1242 1235)
4(1218 1226 1246 1238)
4(1211 1221 1226 1218)
4(1211 1218 1238 1232)
4(1226 1246 1247 1227)
4(1218 1226 1227 1219)
4(1218 1219 1239 1238)
4(1226 1228 1229 1227)
4(1222 1223 1227 1226)
4(1222 1224 1225 1223)
4(1214 1222 1226 1218)
4(1208 1220 1222 1214)
4(1208 1214 1218 1211)
4(1214 1222 1223 1215)
4(1214 1215 1219 1218)
4(2727 1222 1223 2728)
4(2719 1214 1222 2727)
4(2719 2720 1215 1214)
4(2719 2727 2728 2720)
4(2727 2729 2730 2728)
4(2712 2719 1214 1208)
4(2712 2722 2727 2719)
4(1231 1236 1240 1234)
4(1231 1232 1238 1236)
4(569 1231 1236 574)
4(569 573 1234 1231)
4(1210 1231 1236 1216)
4(557 1210 1216 559)
4(557 569 1231 1210)
4(1216 1218 1238 1236)
4(1210 1211 1218 1216)
4(1216 1218 1219 1217)
4(1212 1216 1218 1214)
4(1212 1214 1215 1213)
4(1207 1212 1216 1210)
4(1207 1208 1214 1212)
4(553 1207 1212 558)
4(553 557 1210 1207)
4(2711 1207 1212 2717)
4(2215 2711 2717 2217)
4(2215 553 1207 2711)
4(2717 2719 1214 1212)
4(2711 2712 2719 2717)
4(2717 2719 2720 2718)
4(2715 2719 2720 2716)
4(2713 2715 2716 2714)
4(2713 2717 2719 2715)
4(2723 2727 2728 2724)
4(2715 2719 2727 2723)
4(2715 2723 2724 2716)
4(2725 2729 2730 2726)
4(2724 2726 2730 2728)
4(2723 2725 2726 2724)
4(2726 1143 1145 2730)
4(2725 1142 1143 2726)
4(2726 3236 1703 1143)
4(2706 3234 3236 2726)
4(2706 1141 1150 3234)
4(2706 2726 1143 1141)
4(2726 3236 3238 2730)
4(2724 2726 3236 3235)
4(2704 2706 3234 3233)
4(2704 2724 2726 2706)
4(2702 2706 1141 1139)
4(2702 3232 3234 2706)
4(2705 1140 1141 2706)
4(2705 2706 2726 2725)
4(2701 2702 2706 2705)
4(5073 5074 5082 5081)
4(5073 5075 5076 5074)
4(12 5079 5081 18)
4(12 18 21 16)
4(3 5073 5081 18)
4(5727 5068 5073 3)
4(5727 3 18 12)
4(3 5073 5074 4)
4(5069 5073 5074 5070)
4(0 3 5073 5069)
4(0 5069 5070 1)
4(5069 5071 5072 5070)
4(5723 5067 5069 0)
4(5723 0 3 5727)
4(3267 2236 5069 0)
4(3262 2231 2236 3267)
4(3262 3267 0 5723)
4(2236 2237 5070 5069)
4(2236 2238 2239 2237)
4(3267 2236 2237 3268)
4(2232 2236 2237 2233)
4(3264 3267 2236 2232)
4(3264 2232 2233 3265)
4(2232 2234 2235 2233)
4(2224 2226 2227 2225)
4(2224 2225 2233 2232)
4(3258 3264 2232 2230)
4(3249 2224 2232 3264)
4(3244 3249 3264 3258)
4(3244 2219 2224 3249)
4(3258 3264 3267 3262)
4(1182 1184 1188 1186)
4(1181 1182 1186 1185)
4(1181 1183 1184 1182)
4(1182 1184 1190 1189)
4(1168 1182 1184 1170)
4(1168 1170 1175 1174)
4(1177 1179 1185 1181)
4(1177 1181 1182 1178)
4(1155 1157 1181 1177)
4(1161 1167 1181 1177)
4(522 524 1167 1161)
4(1167 1168 1182 1181)
4(1167 1169 1170 1168)
4(1161 1167 1168 1162)
4(1159 1163 1167 1161)
4(521 523 1163 1159)
4(1164 1166 1170 1168)
4(1163 1165 1166 1164)
4(1163 1164 1168 1167)
4(1164 1166 1172 1171)
4(14 1164 1166 16)
4(14 16 21 20)
4(13 14 1164 1163)
4(13 15 16 14)
4(1159 1160 1164 1163)
4(7 1159 1163 13)
4(7 13 14 8)
4(10 12 18 17)
4(10 14 16 12)
4(5725 5727 3 2)
4(5725 10 12 5727)
4(5721 5723 0 5728)
4(5721 5725 5727 5723)
4(3260 5721 5723 3262)
4(3260 3262 3267 3266)
4(5713 5715 13 7)
4(5 9 13 7)
4(5712 5714 9 5)
4(9 10 14 13)
4(9 11 12 10)
4(5 9 10 6)
4(5724 9 10 5725)
4(5718 5 9 5724)
4(5718 5724 5725 5719)
4(5724 5726 5727 5725)
4(5709 5711 5724 5718)
4(5720 5724 5725 5721)
4(5716 5718 5724 5720)
4(5716 5720 5721 5717)
4(5720 5722 5723 5721)
4(5708 5710 5720 5716)
4(3253 3259 5720 5716)
4(2736 2738 3259 3253)
4(3259 3260 5721 5720)
4(3259 3261 3262 3260)
4(3253 3259 3260 3254)
4(2700 2704 2706 2702)
4(2703 2704 2706 2705)
4(2699 2700 2704 2703)
4(2703 2704 2724 2723)
4(2709 2721 2723 2715)
4(2709 2715 2719 2712)
4(2695 2703 2723 2715)
4(2688 2695 2715 2709)
4(2688 2698 2703 2695)
4(2695 2696 2716 2715)
4(2695 2703 2704 2696)
4(2693 2713 2715 2695)
4(2693 2695 2696 2694)
4(2211 2216 2713 2708)
4(2687 2708 2713 2693)
4(2199 2211 2708 2687)
4(2199 2687 2693 2201)
4(2708 2711 2717 2713)
4(2211 2215 2711 2708)
4(2708 2709 2715 2713)
4(2687 2688 2695 2693)
4(568 569 1231 1230)
4(556 557 569 568)
4(556 1209 1210 557)
4(568 569 573 572)
4(566 568 569 567)
4(566 567 571 570)
4(554 555 567 566)
4(554 556 557 555)
4(1199 561 566 1204)
4(39 554 566 561)
4(534 39 561 1199)
4(534 536 554 39)
4(561 566 570 564)
4(1199 561 564 1203)
4(561 566 567 562)
4(39 554 555 40)
4(1201 1203 564 563)
4(1201 2221 2223 1203)
4(1197 1199 561 560)
4(1197 1201 1203 1199)
4(532 534 39 38)
4(532 1197 1199 534)
4(530 534 39 36)
4(528 530 36 35)
4(528 532 534 530)
4(36 550 554 39)
4(530 535 550 36)
4(552 556 557 553)
4(550 552 553 551)
4(550 551 555 554)
4(552 1206 1207 553)
4(2214 2215 553 552)
4(2214 2710 2711 2215)
4(2212 2213 551 550)
4(2212 2214 2215 2213)
4(36 37 551 550)
4(2206 36 550 2212)
4(2206 2212 2213 2207)
4(2680 530 36 2206)
4(2678 2680 2206 2205)
4(2678 528 530 2680)
4(2680 2682 2212 2206)
4(2220 2221 2225 2224)
4(2220 2222 2223 2221)
4(3249 3250 2225 2224)
4(3246 3249 2224 2220)
4(3246 2220 2221 3247)
4(3256 3258 3264 3263)
4(3256 3260 3262 3258)
4(3242 3256 3258 3244)
4(3242 3244 3249 3248)
4(3255 3256 3258 3257)
4(3241 3242 3256 3255)
4(3241 3243 3244 3242)
4(3255 3256 3260 3259)
4(3251 3255 3259 3253)
4(2735 2737 3255 3251)
4(3251 3255 3256 3252)
4(2741 3251 3255 3241)
4(2741 3241 3242 2742)
4(2732 2734 3241 2741)
4(3240 2218 2220 3246)
4(3240 3246 3249 3244)
4(1749 1200 2220 3246)
4(1744 1195 1200 1749)
4(1744 1749 3246 3240)
4(1200 1201 2221 2220)
4(1200 1202 1203 1201)
4(1749 1200 1201 1750)
4(1196 1200 1201 1197)
4(1746 1749 1200 1196)
4(1746 1196 1197 1747)
4(1196 1198 1199 1197)
4(1740 537 1196 1746)
4(1740 1746 1749 1744)
4(1731 531 1196 1746)
4(1726 526 531 1731)
4(1726 1731 1746 1740)
4(531 532 1197 1196)
4(531 533 534 532)
4(1731 531 532 1732)
4(527 531 532 528)
4(1728 1731 531 527)
4(1728 527 528 1729)
4(527 529 530 528)
4(2208 2209 2211 2210)
4(2198 2210 2211 2199)
4(2196 2198 2199 2197)
4(2196 2197 2209 2208)
4(2210 2214 2215 2211)
4(2208 2209 2213 2212)
4(2210 2707 2708 2211)
4(2198 2686 2687 2199)
4(2195 2684 2687 2199)
4(2194 2195 2199 2198)
4(2194 2683 2684 2195)
4(2691 2699 2703 2695)
4(2685 2697 2699 2691)
4(2685 2691 2695 2688)
4(2691 2699 2700 2692)
4(2691 2692 2696 2695)
4(1695 2691 2699 1701)
4(1695 1696 2692 2691)
4(1695 1701 1702 1696)
4(1688 1695 2691 2685)
4(1688 1698 1701 1695)
4(2684 2689 2691 2685)
4(1693 1695 2691 2689)
4(1687 1688 1695 1693)
4(1687 1693 2689 2684)
4(2689 2691 2695 2693)
4(2684 2689 2693 2687)
4(2689 2691 2692 2690)
4(1693 1695 1696 1694)
4(1691 1695 1696 1692)
4(1689 1691 1692 1690)
4(1689 1693 1695 1691)
4(1691 1695 1701 1699)
4(1691 1699 1700 1692)
4(1685 1697 1699 1691)
4(1685 1691 1695 1688)
4(1134 1682 1699 1691)
4(1127 1134 1691 1685)
4(1127 1137 1682 1134)
4(1134 1135 1692 1691)
4(1134 1682 1683 1135)
4(1132 1689 1691 1134)
4(1132 1134 1135 1133)
4(1684 1689 1691 1685)
4(1126 1127 1134 1132)
4(2195 2200 2689 2684)
4(1122 2195 2684 1687)
4(2192 2193 2195 2194)
4(1119 1120 2193 2192)
4(1121 2194 2195 1122)
4(2192 2193 2197 2196)
4(2203 2208 2212 2206)
4(2676 2681 2208 2203)
4(2676 2203 2206 2680)
4(2203 2208 2209 2204)
4(2190 2203 2208 2196)
4(2190 2196 2197 2191)
4(2668 2190 2203 2676)
4(2668 2670 2196 2190)
4(2674 2202 2203 2676)
4(2185 2674 2676 2668)
4(2185 2668 2190 2189)
4(2674 2678 2680 2676)
4(1130 1680 1682 1134)
4(1125 1130 1134 1127)
4(1130 1131 1135 1134)
4(1128 1132 1134 1130)
4(2187 2188 2193 2192)
4(519 2187 2192 1119)
4(2187 2190 2196 2192)
4(2183 2669 2192 2187)
4(2183 2187 2190 2668)
4(1117 519 2187 2183)
4(2744 3240 3246 3245)
4(2744 3242 3244 3240)
4(1742 2744 3240 1744)
4(1742 1744 1749 1748)
4(2743 2744 3240 3239)
4(1741 1742 2744 2743)
4(1741 1743 1744 1742)
4(2743 2744 3242 3241)
4(2739 2741 3241 2743)
4(2739 2743 2744 2740)
4(2731 2733 2743 2739)
4(1735 1741 2743 2739)
4(1712 1714 1741 1735)
4(1735 1741 1742 1736)
4(1737 1741 1742 1738)
4(1733 1735 1741 1737)
4(1733 1737 1738 1734)
4(1737 1739 1740 1738)
4(1738 1740 1744 1742)
4(1722 525 527 1728)
4(1722 1728 1731 1726)
4(3672 2677 527 1728)
4(3667 2672 2677 3672)
4(3667 3672 1728 1722)
4(2677 2678 528 527)
4(2677 2679 2680 2678)
4(3672 2677 2678 3673)
4(2673 2677 2678 2674)
4(3669 3672 2677 2673)
4(3669 2673 2674 3670)
4(2673 2675 2676 2674)
4(2184 2185 2674 2673)
4(2184 2667 2668 2185)
4(3228 2671 2673 3669)
4(3228 3669 3672 3667)
4(3219 2184 2673 3669)
4(3214 2179 2184 3219)
4(3214 3219 3669 3228)
4(3219 2184 2185 3220)
4(2181 2183 2187 2186)
4(2181 2185 2668 2183)
4(1115 2181 2183 1117)
4(3216 3217 2181 2180)
4(1114 2180 2181 1115)
4(2176 3216 2180 1114)
4(2180 2184 2185 2181)
4(3216 3219 2184 2180)
4(2180 2182 2183 2181)
4(3210 2178 2180 3216)
4(3210 3216 3219 3214)
4(2174 2176 3216 3210)
4(1711 1713 1737 1733)
4(1717 1723 1737 1733)
4(1152 1154 1723 1717)
4(1724 1726 1740 1738)
4(1723 1724 1738 1737)
4(1723 1725 1726 1724)
4(1738 1745 1746 1740)
4(1724 1726 1731 1730)
4(1717 1723 1724 1718)
4(1720 1722 1728 1727)
4(1720 1724 1726 1722)
4(3230 1720 1722 3667)
4(3230 3667 3672 3671)
4(1715 1719 1723 1717)
4(1151 1153 1719 1715)
4(1719 1720 1724 1723)
4(1719 1721 1722 1720)
4(1715 1719 1720 1716)
4(3229 1719 1720 3230)
4(3223 1715 1719 3229)
4(3223 3229 3230 3224)
4(3229 3666 3667 3230)
4(3200 3202 3229 3223)
4(3226 3228 3669 3668)
4(3226 3230 3667 3228)
4(3212 3226 3228 3214)
4(3212 3214 3219 3218)
4(3221 3222 3226 3225)
4(3205 3221 3225 3211)
4(3211 3225 3226 3212)
4(3205 3211 3212 3206)
4(3225 3229 3230 3226)
4(3221 3223 3229 3225)
4(3225 3227 3228 3226)
4(3199 3201 3225 3221)
4(2666 3198 3211 3205)
4(3211 3212 3214 3213)
4(3208 3210 3214 3212)
4(3207 3208 3212 3211)
4(3207 3209 3210 3208)
4(3208 3210 3216 3215)
4(2172 3208 3210 2174)
4(3203 3207 3211 3205)
4(2665 3197 3207 3203)
4(3203 3207 3208 3204)
4(2171 3207 3208 2172)
4(2169 3203 3207 2171)
4(6275 6276 6313 6312)
4(6308 6312 6314 6309)
4(6312 6313 6315 6314)
4(6309 6314 6318 6310)
4(6314 6315 6319 6318)
4(6310 6318 6320 6311)
4(6318 6319 6321 6320)
4(6324 6325 6327 6326)
4(6311 6320 6328 6322)
4(6320 6321 6329 6328)
4(6322 6328 6330 6323)
4(6328 6329 6331 6330)
4(6323 6330 6332 6325)
4(6325 6332 6333 6327)
4(6326 6327 6355 6354)
4(6327 6333 6356 6355)
4(6277 6279 6281 6278)
4(6279 6280 6282 6281)
4(6281 6282 6284 6283)
4(6282 6285 6286 6284)
4(6284 6286 6347 6346)
4(6286 6287 6348 6347)
4(6347 6348 6350 6349)
4(6348 6288 6289 6350)
4(6350 6289 6291 6268)
4(6289 6290 6292 6291)
4(6291 6292 6294 6293)
4(6293 6294 6297 6296)
4(6294 6295 6299 6297)
4(6297 6299 6301 6298)
4(6299 6300 6302 6301)
4(6298 6301 6304 6303)
4(6301 6302 6305 6304)
4(6304 6305 6307 6306)
4(6305 6316 6317 6307)
4(6306 6307 6335 6334)
4(6307 6317 6339 6335)
4(6335 6339 6340 6336)
4(6336 6340 6342 6337)
4(6340 6341 6343 6342)
4(6337 6342 6344 6338)
4(6342 6343 6345 6344)
4(6338 6344 6269 6351)
4(6344 6345 6270 6269)
4(6351 6269 6271 6352)
4(6269 6270 6272 6271)
4(6352 6271 6273 6353)
4(6271 6272 6274 6273)
4(6273 6274 6276 6275)
4(3656 6326 6354 6263)
4(3654 6324 6326 3656)
4(3655 6325 6324 3654)
4(3653 6323 6325 3655)
4(3652 6322 6323 3653)
4(3176 6311 6322 3652)
4(3175 6310 6311 3176)
4(3174 6309 6310 3175)
4(3173 6308 6309 3174)
4(3193 6312 6308 3173)
4(398 6275 6312 3193)
4(396 6273 6275 398)
4(396 6121 6353 6273)
4(6120 6352 6353 6121)
4(6119 6351 6352 6120)
4(5445 6338 6351 6119)
4(5444 6337 6338 5445)
4(5443 6336 6337 5444)
4(5442 6335 6336 5443)
4(5442 5441 6334 6335)
4(3107 6306 6334 5441)
4(3105 6304 6306 3107)
4(3105 3104 6303 6304)
4(3099 6298 6303 3104)
4(3098 6297 6298 3099)
4(3098 3097 6296 6297)
4(2574 6293 6296 3097)
4(2572 6291 6293 2574)
4(2572 381 6268 6291)
4(6066 6350 6268 381)
4(6066 6065 6349 6350)
4(6063 6347 6349 6065)
4(6063 6062 6346 6347)
4(2122 6284 6346 6062)
4(2122 2121 6283 6284)
4(2119 6281 6283 2121)
4(2119 1559 6278 6281)
4(3650 3656 6263 5706)
4(3646 3650 5706 5704)
4(516 3646 5704 5064)
4(5675 500 5058 4107)
4(500 504 5060 5058)
4(504 512 5062 5060)
4(512 516 5064 5062)
4(3648 3654 3656 3650)
4(3648 3649 3655 3654)
4(5635 5659 3632 4099)
4(5659 5663 3634 3632)
4(5663 5671 4105 3634)
4(5671 5675 4107 4105)
4(3643 3653 3655 3649)
4(3642 3652 3653 3643)
4(3172 3176 3652 3642)
4(3641 3643 3649 3645)
4(509 3641 3645 515)
4(508 3640 3641 509)
4(3640 3642 3643 3641)
4(3170 3172 3642 3640)
4(6246 3170 3640 508)
4(3171 3175 3176 3172)
4(3168 3174 3175 3171)
4(3167 3181 3193 3173)
4(3167 3173 3174 3168)
4(6136 398 3193 3181)
4(6132 6136 3181 3177)
4(3166 3168 3171 3169)
4(3169 3171 3172 3170)
4(6245 3169 3170 6246)
4(6242 3166 3169 6245)
4(6241 482 3177 3165)
4(6241 3165 3166 6242)
4(3165 3177 3181 3167)
4(3165 3167 3168 3166)
4(5435 6132 3177 482)
4(5431 5435 482 478)
4(507 509 515 511)
4(497 507 511 503)
4(496 506 507 497)
4(506 508 509 507)
4(6244 6246 508 506)
4(6238 6244 506 496)
4(495 497 503 499)
4(5668 495 499 5674)
4(5021 6236 494 5667)
4(6236 6238 496 494)
4(494 496 497 495)
4(5667 494 495 5668)
4(3644 3648 3650 3646)
4(3644 3645 3649 3648)
4(514 515 3645 3644)
4(514 3644 3646 516)
4(510 514 516 512)
4(510 511 515 514)
4(502 510 512 504)
4(502 503 511 510)
4(498 499 503 502)
4(498 502 504 500)
4(5673 498 500 5675)
4(5673 5674 499 498)
4(5669 5670 5674 5673)
4(5666 5668 5674 5670)
4(5669 5673 5675 5671)
4(6239 6241 6242 6240)
4(6240 6242 6245 6243)
4(6243 6245 6246 6244)
4(6234 6240 6243 6237)
4(6237 6243 6244 6238)
4(5419 5431 478 6251)
4(6235 6237 6238 6236)
4(6232 6234 6237 6235)
4(4572 6232 6235 5020)
4(5020 6235 6236 5021)
4(5415 5419 6251 6247)
4(6231 6247 6251 6233)
4(6233 6251 478 6239)
4(6239 478 482 6241)
4(6233 6239 6240 6234)
4(6231 6233 6234 6232)
4(4571 5042 6247 6231)
4(4571 6231 6232 4572)
4(4468 5415 6247 5042)
4(4464 4468 5042 5038)
4(5057 5666 5670 5662)
4(5665 5667 5668 5666)
4(5019 5021 5667 5665)
4(4568 5019 5665 5056)
4(5056 5665 5666 5057)
4(5054 5056 5057 5055)
4(5055 5057 5662 5658)
4(5628 5055 5658 5634)
4(5627 5054 5055 5628)
4(5661 5669 5671 5663)
4(5661 5662 5670 5669)
4(4569 4571 4572 4570)
4(4570 4572 5020 5018)
4(5018 5020 5021 5019)
4(4564 4570 5018 4567)
4(4567 5018 5019 4568)
4(4566 4568 5056 5054)
4(4985 4566 5054 5627)
4(4562 4564 4567 4565)
4(4565 4567 4568 4566)
4(4984 4565 4566 4985)
4(4981 4562 4565 4984)
4(5626 5628 5634 5630)
4(5616 5626 5630 5622)
4(5615 5625 5626 5616)
4(5625 5627 5628 5626)
4(4983 4985 5627 5625)
4(4560 4983 5625 5615)
4(5614 5616 5622 5618)
4(5631 5635 4099 4097)
4(5623 5631 4097 4095)
4(5619 5623 4095 4093)
4(4527 5619 4093 2663)
4(4091 4527 2663 2661)
4(4083 4091 2661 2659)
4(4079 4083 2659 2657)
4(6134 396 398 6136)
4(6118 6121 396 6134)
4(6116 6120 6121 6118)
4(6115 6119 6120 6116)
4(5440 5445 6119 6115)
4(6130 6134 6136 6132)
4(5433 6130 6132 5435)
4(5404 6117 6130 5433)
4(6117 6118 6134 6130)
4(6114 6116 6118 6117)
4(5402 6114 6117 5404)
4(4489 5438 6113 5401)
4(5438 5440 6115 6113)
4(6113 6115 6116 6114)
4(5401 6113 6114 5402)
4(5429 5433 5435 5431)
4(5403 5404 5433 5429)
4(5400 5402 5404 5403)
4(4921 5403 5429 5417)
4(4919 5400 5403 4921)
4(5417 5429 5431 5419)
4(5399 5401 5402 5400)
4(4487 4489 5401 5399)
4(4479 4487 5399 4918)
4(4918 5399 5400 4919)
4(4916 4918 4919 4917)
4(4920 4921 5417 5413)
4(4917 4919 4921 4920)
4(5413 5417 5419 5415)
4(4466 5413 5415 4468)
4(3994 4920 5413 4466)
4(3992 4917 4920 3994)
4(3991 4916 4917 3992)
4(3555 4477 4916 3991)
4(4477 4479 4918 4916)
4(4927 5443 5444 5439)
4(5439 5444 5445 5440)
4(5437 5439 5440 5438)
4(4924 4927 5439 5437)
4(4485 4924 5437 4488)
4(4488 5437 5438 4489)
4(4926 5442 5443 4927)
4(4925 5441 5442 4926)
4(4923 4926 4927 4924)
4(4484 4923 4924 4485)
4(4483 4922 4923 4484)
4(382 3091 4922 4483)
4(4922 4925 4926 4923)
4(3091 3095 4925 4922)
4(3095 3107 5441 4925)
4(3554 4476 4477 3555)
4(4476 4478 4479 4477)
4(4478 4486 4487 4479)
4(4486 4488 4489 4487)
4(4482 4485 4488 4486)
4(4475 4482 4486 4478)
4(4472 4475 4478 4476)
4(3551 4472 4476 3554)
4(3552 3554 3555 3553)
4(3553 3555 3991 3989)
4(3989 3991 3992 3990)
4(3993 3994 4466 4462)
4(3990 3992 3994 3993)
4(4462 4466 4468 4464)
4(4569 5038 5042 4571)
4(4563 5026 5038 4569)
4(4563 4569 4570 4564)
4(4009 4464 5038 5026)
4(4005 4009 5026 5022)
4(4561 5022 5026 4563)
4(4561 4563 4564 4562)
4(4980 5006 5022 4561)
4(4980 4561 4562 4981)
4(1549 4005 5022 5006)
4(1545 1549 5006 5002)
4(4982 4984 4985 4983)
4(4979 4981 4984 4982)
4(4556 4979 4982 4559)
4(4559 4982 4983 4560)
4(5633 5657 5659 5635)
4(5657 5661 5663 5659)
4(5657 5658 5662 5661)
4(5633 5634 5658 5657)
4(5629 5633 5635 5631)
4(5629 5630 5634 5633)
4(5621 5622 5630 5629)
4(5621 5629 5631 5623)
4(4558 4560 5615 5613)
4(5613 5615 5616 5614)
4(5617 5618 5622 5621)
4(5617 5621 5623 5619)
4(4525 5617 5619 4527)
4(4525 4526 5618 5617)
4(4088 5614 5618 4526)
4(4087 5613 5614 4088)
4(3615 4558 5613 4087)
4(4089 4090 4526 4525)
4(4086 4088 4526 4090)
4(4089 4525 4527 4091)
4(4076 4086 4090 4082)
4(4074 4076 4082 4078)
4(1088 4074 4078 1651)
4(1650 1651 4078 4077)
4(1650 4077 4079 1652)
4(4077 4081 4083 4079)
4(4077 4078 4082 4081)
4(4081 4089 4091 4083)
4(4081 4082 4090 4089)
4(4075 4085 4086 4076)
4(4085 4087 4088 4086)
4(3613 3615 4087 4085)
4(3607 3613 4085 4075)
4(4481 4484 4485 4482)
4(4474 4481 4482 4475)
4(4471 4474 4475 4472)
4(3550 4471 4472 3551)
4(4007 4462 4464 4009)
4(3988 3993 4462 4007)
4(3986 3990 3993 3988)
4(3985 3989 3990 3986)
4(3545 3553 3989 3985)
4(4003 4007 4009 4005)
4(1547 4003 4005 1549)
4(868 3987 4003 1547)
4(3987 3988 4007 4003)
4(3984 3986 3988 3987)
4(866 3984 3987 868)
4(865 3983 3984 866)
4(3983 3985 3986 3984)
4(3543 3545 3985 3983)
4(344 3543 3983 865)
4(3072 3548 3552 3544)
4(3548 3551 3554 3552)
4(3547 3550 3551 3548)
4(3071 3547 3548 3072)
4(339 3068 3069 340)
4(3068 3071 3072 3069)
4(3069 3072 3544 3542)
4(3542 3544 3545 3543)
4(3544 3552 3553 3545)
4(4978 4980 4981 4979)
4(4978 5002 5006 4980)
4(4555 4990 5002 4978)
4(1533 1545 5002 4990)
4(4555 4978 4979 4556)
4(4557 4559 4560 4558)
4(4554 4556 4559 4557)
4(3611 4554 4557 3614)
4(3614 4557 4558 3615)
4(4553 4986 4990 4555)
4(4553 4555 4556 4554)
4(879 1533 4990 4986)
4(881 1543 1545 1533)
4(1543 1547 1549 1545)
4(867 868 1547 1543)
4(864 866 868 867)
4(862 867 1543 881)
4(860 864 867 862)
4(877 881 1533 879)
4(857 859 860 858)
4(859 863 864 860)
4(863 865 866 864)
4(342 344 865 863)
4(334 342 863 859)
4(332 334 859 857)
4(4844 332 857 6009)
4(6009 857 858 6010)
4(6012 861 877 6041)
4(6010 858 861 6012)
4(861 862 881 877)
4(858 860 862 861)
4(6041 877 879 6043)
4(3610 4061 4986 4553)
4(6043 879 4986 4061)
4(3610 4553 4554 3611)
4(4480 4483 4484 4481)
4(4473 4480 4481 4474)
4(6109 382 4483 4480)
4(3087 3088 3093 3089)
4(3089 3093 3095 3091)
4(3093 3105 3107 3095)
4(3088 3104 3105 3093)
4(3078 3099 3104 3088)
4(3077 3098 3099 3078)
4(3076 3097 3098 3077)
4(341 343 344 342)
4(343 3542 3543 344)
4(340 3069 3542 343)
4(3075 3078 3088 3087)
4(6111 3089 3091 382)
4(6106 3087 3089 6111)
4(6096 3075 3087 6106)
4(2565 2574 3097 3076)
4(2561 2565 3076 3073)
4(3074 3077 3078 3075)
4(3073 3076 3077 3074)
4(6095 3074 3075 6096)
4(5395 2561 3073 6094)
4(6094 3073 3074 6095)
4(2559 2563 2565 2561)
4(2563 2572 2574 2565)
4(6061 381 2572 2563)
4(6059 6066 381 6061)
4(6060 6061 2563 2559)
4(6055 6059 6061 6060)
4(5393 2559 2561 5395)
4(4428 6060 2559 5393)
4(4470 4473 4474 4471)
4(6085 6089 4473 4470)
4(6089 6109 4480 4473)
4(6107 6111 382 6109)
4(6105 6106 6111 6107)
4(6093 6096 6106 6105)
4(6087 6107 6109 6089)
4(6082 6105 6107 6087)
4(4880 6085 4470 3549)
4(3549 4470 4471 3550)
4(3546 3549 3550 3547)
4(4876 4880 3549 3546)
4(1652 4079 2657 5607)
4(5599 5603 5607 5601)
4(5599 5601 5602 5600)
4(5600 5602 5612 5611)
4(5584 5600 5611 5594)
4(5582 5584 5594 5593)
4(4506 5582 5593 4516)
4(3609 3611 3614 3612)
4(3612 3614 3615 3613)
4(3603 3609 3612 3606)
4(3606 3612 3613 3607)
4(3604 3606 3607 3605)
4(3605 3607 4075 4073)
4(4073 4075 4076 4074)
4(1087 4073 4074 1088)
4(469 3605 4073 1087)
4(1085 1087 1088 1086)
4(1646 1647 1651 1650)
4(1086 1088 1651 1647)
4(1646 1650 1652 1648)
4(1648 1652 5607 5603)
4(5583 5589 5603 5599)
4(5583 5599 5600 5584)
4(1083 1648 5603 5589)
4(1081 1646 1648 1083)
4(1081 1082 1647 1646)
4(1079 1083 5589 5585)
4(5581 5585 5589 5583)
4(5581 5583 5584 5582)
4(4505 4511 5585 5581)
4(6197 1079 5585 4511)
4(4505 5581 5582 4506)
4(6193 6197 4511 4507)
4(4504 4506 4516 4515)
4(4052 4504 4515 4498)
4(4051 4493 4507 4503)
4(4051 4503 4504 4052)
4(4503 4507 4511 4505)
4(4503 4505 4506 4504)
4(6185 6193 4507 4493)
4(6181 6185 4493 4053)
4(4050 4052 4498 4497)
4(5522 4050 4497 5532)
4(3602 3608 3609 3603)
4(3608 3610 3611 3609)
4(3608 4057 4061 3610)
4(6039 6043 4061 4057)
4(6037 6041 6043 6039)
4(6023 6027 3620 3616)
4(6027 6039 4057 3620)
4(3602 3620 4057 3608)
4(3600 3602 3603 3601)
4(3600 3616 3620 3602)
4(3601 3603 3606 3604)
4(465 3601 3604 468)
4(468 3604 3605 469)
4(4856 4876 3546 3070)
4(3070 3546 3547 3071)
4(3067 3070 3071 3068)
4(4852 4856 3070 3067)
4(2074 4852 3067 338)
4(338 3067 3068 339)
4(6092 6095 6096 6093)
4(6071 6092 6093 6072)
4(6072 6093 6105 6082)
4(6091 6094 6095 6092)
4(6083 6087 6089 6085)
4(6081 6082 6087 6083)
4(6069 6072 6082 6081)
4(4873 6081 6083 4878)
4(4863 6069 6081 4873)
4(4878 6083 6085 4880)
4(6068 6071 6072 6069)
4(4862 6068 6069 4863)
4(4861 6067 6068 4862)
4(6067 6070 6071 6068)
4(6070 6091 6092 6071)
4(5379 5391 6091 6070)
4(5391 5395 6094 6091)
4(5375 5379 6070 6067)
4(4435 5375 6067 4861)
4(4433 5373 5375 4435)
4(5373 5377 5379 5375)
4(5377 5389 5391 5379)
4(5389 5393 5395 5391)
4(336 339 340 337)
4(337 340 343 341)
4(330 337 341 333)
4(333 341 342 334)
4(1027 6181 4053 5527)
4(5521 5527 4053 4049)
4(5521 4049 4050 5522)
4(4049 4053 4493 4051)
4(4049 4051 4052 4050)
4(5520 5522 5532 5531)
4(4963 5520 5531 5514)
4(5519 5521 5522 5520)
4(5519 5523 5527 5521)
4(1015 1023 5523 4968)
4(1023 1027 5527 5523)
4(4962 4968 5523 5519)
4(4962 5519 5520 4963)
4(4961 4963 5514 5513)
4(4032 4961 5513 4042)
4(5507 1011 4964 4037)
4(1011 1015 4968 4964)
4(4960 4964 4968 4962)
4(4960 4962 4963 4961)
4(4031 4037 4964 4960)
4(4031 4960 4961 4032)
4(4030 4032 4042 4041)
4(4014 4030 4041 4024)
4(1077 1081 1083 1079)
4(1077 1078 1082 1081)
4(1076 1086 1647 1082)
4(1075 1085 1086 1076)
4(467 469 1087 1085)
4(461 467 1085 1075)
4(1074 1076 1082 1078)
4(6190 1074 1078 6196)
4(6189 1073 1074 6190)
4(1073 1075 1076 1074)
4(459 461 1075 1073)
4(5548 459 1073 6189)
4(6195 1077 1079 6197)
4(6195 6196 1078 1077)
4(4843 331 332 4844)
4(331 333 334 332)
4(6047 330 333 331)
4(5365 6009 6010 6008)
4(6011 6012 6041 6037)
4(6008 6010 6012 6011)
4(6025 6037 6039 6027)
4(5364 6011 6037 6025)
4(5362 6008 6011 5364)
4(5361 5365 6008 5362)
4(4834 4842 5365 5361)
4(4842 4844 6009 5365)
4(464 3600 3601 465)
4(464 1061 3616 3600)
4(3041 6023 3616 1061)
4(6021 6025 6027 6023)
4(5363 5364 6025 6021)
4(5360 5362 5364 5363)
4(3010 5363 6021 3039)
4(3008 5360 5363 3010)
4(3039 6021 6023 3041)
4(5359 5361 5362 5360)
4(4832 4834 5361 5359)
4(2512 4832 5359 3007)
4(3007 5359 5360 3008)
4(462 464 465 463)
4(463 465 468 466)
4(466 468 469 467)
4(457 463 466 460)
4(460 466 467 461)
4(462 1057 1061 464)
4(3037 3041 1061 1057)
4(3025 3037 1057 474)
4(456 474 1057 462)
4(456 462 463 457)
4(454 470 474 456)
4(454 456 457 455)
4(455 457 460 458)
4(458 460 461 459)
4(5547 458 459 5548)
4(5544 455 458 5547)
4(5543 5569 470 454)
4(5543 454 455 5544)
4(3021 3025 474 470)
4(2015 3021 470 5569)
4(2011 2015 5569 5565)
4(6188 6190 6196 6192)
4(6178 6188 6192 6184)
4(6177 6187 6188 6178)
4(6187 6189 6190 6188)
4(5546 5548 6189 6187)
4(4977 5546 6187 6177)
4(6176 6178 6184 6180)
4(1020 6176 6180 1026)
4(4426 6055 6060 4428)
4(4427 4428 5393 5389)
4(4422 4426 4428 4427)
4(4416 4427 5389 5377)
4(4414 4422 4427 4416)
4(6058 6065 6066 6059)
4(6056 6063 6065 6058)
4(6051 6062 6063 6056)
4(1571 2122 6062 6051)
4(1570 2121 2122 1571)
4(4874 4878 4880 4876)
4(4872 4873 4878 4874)
4(4860 4863 4873 4872)
4(4849 4872 4874 4854)
4(4444 4860 4872 4849)
4(4854 4874 4876 4856)
4(4859 4862 4863 4860)
4(4443 4859 4860 4444)
4(4442 4858 4859 4443)
4(4858 4861 4862 4859)
4(4850 4854 4856 4852)
4(4453 4849 4854 4850)
4(4441 4444 4849 4453)
4(2067 4453 4850 2072)
4(2057 4441 4453 2067)
4(2072 4850 4852 2074)
4(6049 336 337 330)
4(6046 6049 330 6047)
4(4839 6046 6047 4840)
4(4840 6047 331 4843)
4(335 338 339 336)
4(2070 2074 338 335)
4(2050 2070 335 6048)
4(6048 335 336 6049)
4(6045 6048 6049 6046)
4(2046 2050 6048 6045)
4(4838 6045 6046 4839)
4(328 2046 6045 4838)
4(2035 4831 4832 2512)
4(4831 4833 4834 4832)
4(4833 4841 4842 4834)
4(4841 4843 4844 4842)
4(4837 4840 4843 4841)
4(4830 4837 4841 4833)
4(4827 4830 4833 4831)
4(2032 4827 4831 2035)
4(2033 2035 2512 2034)
4(2034 2512 3007 3005)
4(3005 3007 3008 3006)
4(3009 3010 3039 3035)
4(3006 3008 3010 3009)
4(3035 3039 3041 3037)
4(3023 3035 3037 3025)
4(2546 3009 3035 3023)
4(2544 3006 3009 2546)
4(2543 3005 3006 2544)
4(3019 3023 3025 3021)
4(2545 2546 3023 3019)
4(2542 2544 2546 2545)
4(1496 2545 3019 2013)
4(1494 2542 2545 1496)
4(2013 3019 3021 2015)
4(2009 2013 2015 2011)
4(2029 2032 2035 2033)
4(2022 2029 2033 2025)
4(2025 2033 2034 2026)
4(2026 2034 3005 2543)
4(2024 2026 2543 2541)
4(2541 2543 2544 2542)
4(1493 2541 2542 1494)
4(796 2024 2541 1493)
4(4836 4839 4840 4837)
4(4829 4836 4837 4830)
4(4826 4829 4830 4827)
4(2031 4826 4827 2032)
4(2030 4825 4826 2031)
4(3943 300 4825 2030)
4(4825 4828 4829 4826)
4(300 304 4828 4825)
4(4828 4835 4836 4829)
4(304 324 4835 4828)
4(4835 4838 4839 4836)
4(324 328 4838 4835)
4(4431 4435 4861 4858)
4(3973 4431 4858 4442)
4(3969 3973 4442 4439)
4(4439 4442 4443 4440)
4(4440 4443 4444 4441)
4(2056 4440 4441 2057)
4(2055 4439 4440 2056)
4(1521 3969 4439 2055)
4(1519 3967 3969 1521)
4(1978 3053 3967 1519)
4(3053 3054 3971 3967)
4(3967 3971 3973 3969)
4(3971 4429 4431 3973)
4(3054 3065 4429 3971)
4(4429 4433 4435 4431)
4(3065 3066 4433 4429)
4(3066 4415 5373 4433)
4(4415 4416 5377 5373)
4(3958 4414 4416 4415)
4(3064 3958 4415 3066)
4(3052 3060 3065 3054)
4(3060 3064 3066 3065)
4(4421 4425 4426 4422)
4(4419 4423 4425 4421)
4(4423 6052 6054 4425)
4(4425 6054 6055 4426)
4(6054 6058 6059 6055)
4(6052 6056 6058 6054)
4(6050 6051 6056 6052)
4(1567 1571 6051 6050)
4(4418 6050 6052 4423)
4(2114 1567 6050 4418)
4(2113 1566 1567 2114)
4(1566 1570 1571 1567)
4(1564 1568 1570 1566)
4(1568 2119 2121 1570)
4(1018 1020 1026 1022)
4(1019 6175 6176 1020)
4(6175 6177 6178 6176)
4(4975 4977 6177 6175)
4(416 4975 6175 1019)
4(4976 5545 5546 4977)
4(5545 5547 5548 5546)
4(5542 5544 5547 5545)
4(4973 5542 5545 4976)
4(4972 5553 5565 5541)
4(4972 5541 5542 4973)
4(5541 5565 5569 5543)
4(5541 5543 5544 5542)
4(1511 2011 5565 5553)
4(1507 1511 5553 5549)
4(4971 4973 4976 4974)
4(4974 4976 4977 4975)
4(415 4974 4975 416)
4(412 4971 4974 415)
4(411 437 5549 4970)
4(411 4970 4971 412)
4(4970 5549 5553 4972)
4(4970 4972 4973 4971)
4(2930 1507 5549 437)
4(2926 2930 437 433)
4(1017 1019 1020 1018)
4(414 416 1019 1017)
4(6174 414 1017 1007)
4(1007 1017 1018 1008)
4(1008 1018 1022 1014)
4(1006 1008 1014 1010)
4(449 1007 1008 1006)
4(6172 6174 1007 449)
4(4943 6172 449 5499)
4(5499 449 1006 5500)
4(5500 1006 1010 5506)
4(5505 1009 1011 5507)
4(5505 5506 1010 1009)
4(1009 1010 1014 1013)
4(1009 1013 1015 1011)
4(1013 1021 1023 1015)
4(1013 1014 1022 1021)
4(1021 1022 1026 1025)
4(1021 1025 1027 1023)
4(1025 6179 6181 1027)
4(1025 1026 6180 6179)
4(6179 6180 6184 6183)
4(6179 6183 6185 6181)
4(6183 6184 6192 6191)
4(6183 6191 6193 6185)
4(6191 6195 6197 6193)
4(6191 6192 6196 6195)
4(409 411 412 410)
4(410 412 415 413)
4(413 415 416 414)
4(4013 4029 4030 4014)
4(4029 4031 4032 4030)
4(4029 4033 4037 4031)
4(5503 5507 4037 4033)
4(5495 5503 4033 4019)
4(4013 4019 4033 4029)
4(4011 4015 4019 4013)
4(4011 4013 4014 4012)
4(4012 4014 4024 4023)
4(4413 4421 4422 4414)
4(3957 4413 4414 3958)
4(3063 3957 3958 3064)
4(991 4012 4023 1001)
4(990 996 4015 4011)
4(990 4011 4012 991)
4(5491 5495 4019 4015)
4(3135 5491 4015 996)
4(3133 5489 5491 3135)
4(3133 3134 5490 5489)
4(5489 5490 5494 5493)
4(5489 5493 5495 5491)
4(5493 5494 5502 5501)
4(5493 5501 5503 5495)
4(5501 5505 5507 5503)
4(5501 5502 5506 5505)
4(5498 5500 5506 5502)
4(989 991 1001 1000)
4(5497 5499 5500 5498)
4(4941 4943 5499 5497)
4(4935 4941 5497 5487)
4(5487 5497 5498 5488)
4(5488 5498 5502 5494)
4(5486 5488 5494 5490)
4(2654 5486 5490 3134)
4(2652 2654 3134 2656)
4(2642 2652 2656 2648)
4(2640 2642 2648 2644)
4(1609 2640 2644 1615)
4(1614 1615 2644 2643)
4(1614 2643 2645 1616)
4(2643 2647 2649 2645)
4(2643 2644 2648 2647)
4(2647 2648 2656 2655)
4(2647 2655 3131 2649)
4(2655 3133 3135 3131)
4(2655 2656 3134 3133)
4(3131 3135 996 992)
4(973 989 1000 983)
4(972 978 992 988)
4(972 988 989 973)
4(988 992 996 990)
4(988 990 991 989)
4(2649 3131 992 978)
4(2645 2649 978 974)
4(971 973 983 982)
4(970 974 978 972)
4(970 972 973 971)
4(1616 2645 974 6140)
4(1612 1616 6140 6138)
4(4942 6171 6172 4943)
4(6171 6173 6174 6172)
4(6173 413 414 6174)
4(6170 410 413 6173)
4(6169 421 433 409)
4(6169 409 410 6170)
4(409 433 437 411)
4(2425 2926 433 421)
4(2421 2425 421 417)
4(6168 6170 6173 6171)
4(4939 6168 6171 4942)
4(4938 5473 417 6167)
4(4938 6167 6168 4939)
4(6167 417 421 6169)
4(6167 6169 6170 6168)
4(1422 2421 417 5473)
4(1418 1422 5473 5469)
4(4940 4942 4943 4941)
4(4937 4939 4942 4940)
4(4931 4937 4940 4934)
4(4934 4940 4941 4935)
4(4930 4948 5469 4936)
4(4930 4936 4937 4931)
4(4936 5469 5473 4938)
4(4936 4938 4939 4937)
4(1406 1418 5469 4948)
4(1402 1406 4948 4944)
4(4933 4935 5487 5485)
4(5485 5487 5488 5486)
4(2653 5485 5486 2654)
4(2154 4933 5485 2653)
4(2153 4932 4933 2154)
4(4932 4934 4935 4933)
4(4929 4931 4934 4932)
4(2150 4929 4932 2153)
4(2149 2627 4944 4928)
4(2149 4928 4929 2150)
4(4928 4944 4948 4930)
4(4928 4930 4931 4929)
4(4397 1402 4944 2627)
4(4393 4397 2627 2623)
4(2152 2154 2653 2651)
4(2651 2653 2654 2652)
4(2641 2651 2652 2642)
4(2146 2152 2651 2641)
4(2145 2151 2152 2146)
4(2151 2153 2154 2152)
4(2148 2150 2153 2151)
4(2142 2148 2151 2145)
4(3413 4377 2155 955)
4(4377 4381 2159 2155)
4(4381 4393 2623 2159)
4(2141 2159 2623 2147)
4(2147 2623 2627 2149)
4(2147 2149 2150 2148)
4(2141 2147 2148 2142)
4(2139 2155 2159 2141)
4(2139 2141 2142 2140)
4(2140 2142 2145 2143)
4(2143 2145 2146 2144)
4(2144 2146 2641 2639)
4(2639 2641 2642 2640)
4(1608 2639 2640 1609)
4(934 2144 2639 1608)
4(2043 2066 2068 2048)
4(2048 2068 2070 2050)
4(2068 2072 2074 2070)
4(2066 2067 2072 2068)
4(2054 2057 2067 2066)
4(1530 2054 2066 2043)
4(2044 2048 2050 2046)
4(2053 2056 2057 2054)
4(1529 2053 2054 1530)
4(2042 2043 2048 2044)
4(1527 1530 2043 2042)
4(326 2044 2046 328)
4(321 2042 2044 326)
4(311 1527 2042 321)
4(2052 2055 2056 2053)
4(1517 1521 2055 2052)
4(843 1517 2052 1528)
4(1528 2052 2053 1529)
4(1526 1529 1530 1527)
4(1525 1528 1529 1526)
4(310 1526 1527 311)
4(322 326 328 324)
4(320 321 326 322)
4(308 311 321 320)
4(297 320 322 302)
4(287 308 320 297)
4(302 322 324 304)
4(286 307 308 287)
4(307 310 311 308)
4(298 302 304 300)
4(296 297 302 298)
4(284 287 297 296)
4(3539 296 298 3941)
4(3529 284 296 3539)
4(3941 298 300 3943)
4(3528 283 284 3529)
4(283 286 287 284)
4(2028 2031 2032 2029)
4(2021 2028 2029 2022)
4(2019 2022 2025 2023)
4(2023 2025 2026 2024)
4(795 2023 2024 796)
4(792 2019 2023 795)
4(1495 1496 2013 2009)
4(1492 1494 1496 1495)
4(1509 2009 2011 1511)
4(1490 1495 2009 1509)
4(1488 1492 1495 1490)
4(1487 1491 1492 1488)
4(1491 1493 1494 1492)
4(794 796 1493 1491)
4(786 794 1491 1487)
4(1505 1509 1511 1507)
4(1489 1490 1509 1505)
4(1486 1488 1490 1489)
4(2410 1489 1505 2928)
4(2408 1486 1489 2410)
4(2928 1505 1507 2930)
4(2407 1485 1486 2408)
4(1485 1487 1488 1486)
4(784 786 1487 1485)
4(1917 784 1485 2407)
4(2020 2027 2028 2021)
4(2027 2030 2031 2028)
4(3939 3943 2030 2027)
4(3522 3939 2027 2020)
4(791 2018 2019 792)
4(790 2017 2018 791)
4(2018 2021 2022 2019)
4(2017 2020 2021 2018)
4(788 791 792 789)
4(789 792 795 793)
4(793 795 796 794)
4(785 793 794 786)
4(281 789 793 785)
4(280 788 789 281)
4(787 790 791 788)
4(2501 2505 790 787)
4(2505 3518 2017 790)
4(3518 3522 2020 2017)
4(4417 4418 4423 4419)
4(2110 2114 4418 4417)
4(3954 4417 4419 3959)
4(2096 2110 4417 3954)
4(3959 4419 4421 4413)
4(3955 3959 4413 3957)
4(3953 3954 3959 3955)
4(2092 2096 3954 3953)
4(3061 3955 3957 3063)
4(3056 3953 3955 3061)
4(906 2092 3953 3056)
4(905 2091 2092 906)
4(2091 2095 2096 2092)
4(2095 2109 2110 2096)
4(2109 2113 2114 2110)
4(1557 1559 2119 1568)
4(3048 3052 3054 3053)
4(1459 3048 3053 1978)
4(1515 1519 1521 1517)
4(1460 1978 1519 1515)
4(1455 1459 1978 1460)
4(1449 1460 1515 841)
4(1447 1455 1460 1449)
4(841 1515 1517 843)
4(837 841 843 839)
4(839 843 1528 1525)
4(309 1525 1526 310)
4(6004 839 1525 309)
4(275 1448 837 6002)
4(6002 837 839 6004)
4(1448 1449 841 837)
4(1443 1447 1449 1448)
4(273 1443 1448 275)
4(5998 6002 6004 6000)
4(306 309 310 307)
4(6000 6004 309 306)
4(5988 6000 306 285)
4(285 306 307 286)
4(282 285 286 283)
4(5984 5988 285 282)
4(3001 5984 282 3527)
4(3527 282 283 3528)
4(3524 3527 3528 3525)
4(3525 3528 3529 3526)
4(3526 3529 3539 3538)
4(3540 3941 3943 3939)
4(3538 3539 3941 3540)
4(3515 3538 3540 3520)
4(3505 3526 3538 3515)
4(3520 3540 3939 3522)
4(274 275 6002 5998)
4(269 273 275 274)
4(5986 5998 6000 5988)
4(263 274 5998 5986)
4(261 269 274 263)
4(5982 5986 5988 5984)
4(2999 5982 5984 3001)
4(3499 262 5982 2999)
4(262 263 5986 5982)
4(5973 261 263 262)
4(3497 5973 262 3499)
4(277 280 281 278)
4(278 281 785 783)
4(783 785 786 784)
4(1916 783 784 1917)
4(1913 278 783 1916)
4(1912 277 278 1913)
4(3468 2475 2477 3470)
4(2475 2479 2481 2477)
4(2479 2499 2501 2481)
4(2499 2503 2505 2501)
4(2503 3516 3518 2505)
4(3516 3520 3522 3518)
4(3514 3515 3520 3516)
4(3502 3505 3515 3514)
4(2498 3514 3516 2503)
4(2488 3502 3514 2498)
4(279 787 788 280)
4(2481 2501 787 279)
4(1914 1916 1917 1915)
4(1915 1917 2407 2405)
4(2405 2407 2408 2406)
4(2406 2408 2410 2409)
4(2409 2410 2928 2924)
4(2924 2928 2930 2926)
4(2423 2924 2926 2425)
4(2404 2409 2924 2423)
4(2402 2406 2409 2404)
4(2401 2405 2406 2402)
4(1907 1915 2405 2401)
4(1905 1907 2401 2399)
4(2399 2401 2402 2400)
4(2403 2404 2423 2419)
4(2400 2402 2404 2403)
4(2419 2423 2425 2421)
4(1420 2419 2421 1422)
4(1391 2403 2419 1420)
4(748 2400 2403 1391)
4(747 2399 2400 748)
4(251 1905 2399 747)
4(1910 1913 1916 1914)
4(1906 1914 1915 1907)
4(1429 1910 1914 1906)
4(250 1904 1905 251)
4(1904 1906 1907 1905)
4(1426 1429 1906 1904)
4(247 1426 1904 250)
4(246 1425 1426 247)
4(1425 1428 1429 1426)
4(1428 1909 1910 1429)
4(1909 1912 1913 1910)
4(1604 1612 6138 5467)
4(1606 1608 1609 1607)
4(1610 1611 1615 1614)
4(1607 1609 1615 1611)
4(1610 1614 1616 1612)
4(1600 1607 1611 1603)
4(968 1600 1603 1601)
4(3118 968 1601 3120)
4(1602 1610 1612 1604)
4(1602 1603 1611 1610)
4(969 1606 1607 1600)
4(930 2140 2143 933)
4(933 2143 2144 934)
4(1416 1420 1422 1418)
4(1390 1391 1420 1416)
4(746 748 1391 1390)
4(744 1390 1416 1404)
4(742 746 1390 744)
4(1404 1416 1418 1406)
4(745 747 748 746)
4(249 251 747 745)
4(241 249 745 741)
4(741 745 746 742)
4(739 741 742 740)
4(743 744 1404 1400)
4(740 742 744 743)
4(1400 1404 1406 1402)
4(4395 1400 1402 4397)
4(4366 743 1400 4395)
4(4364 740 743 4366)
4(4363 739 740 4364)
4(239 241 741 739)
4(3434 239 739 4363)
4(248 250 251 249)
4(244 247 250 248)
4(237 244 248 240)
4(240 248 249 241)
4(238 240 241 239)
4(234 237 240 238)
4(243 246 247 244)
4(245 1424 1425 246)
4(1902 3442 1424 245)
4(1424 1427 1428 1425)
4(3442 3446 1427 1424)
4(1427 1908 1909 1428)
4(3446 3466 1908 1427)
4(1908 1911 1912 1909)
4(3466 3470 1911 1908)
4(3470 2477 276 1911)
4(1911 276 277 1912)
4(276 279 280 277)
4(2477 2481 279 276)
4(2997 3001 3527 3524)
4(3504 3525 3526 3505)
4(2995 2999 3001 2997)
4(3498 3499 2999 2995)
4(3493 3497 3499 3498)
4(3487 3498 2995 2983)
4(3485 3493 3498 3487)
4(2983 2995 2997 2985)
4(2985 2997 3524 3503)
4(3503 3524 3525 3504)
4(3501 3504 3505 3502)
4(3500 3503 3504 3501)
4(2487 3501 3502 2488)
4(1983 2979 2981 1985)
4(2979 2983 2985 2981)
4(2981 2985 3503 3500)
4(1985 2981 3500 2486)
4(2486 3500 3501 2487)
4(2484 2487 2488 2485)
4(2483 2486 2487 2484)
4(2485 2488 2498 2497)
4(1994 2485 2497 2474)
4(2474 2497 2499 2479)
4(2497 2498 2503 2499)
4(1993 2484 2485 1994)
4(2473 2474 2479 2475)
4(1991 1994 2474 2473)
4(3463 2473 2475 3468)
4(3453 1991 2473 3463)
4(3486 3487 2983 2979)
4(3481 3485 3487 3486)
4(1977 3486 2979 1983)
4(1975 3481 3486 1977)
4(1979 1983 1985 1981)
4(1981 1985 2486 2483)
4(1992 2483 2484 1993)
4(1473 1981 2483 1992)
4(1469 1473 1992 1989)
4(3452 1990 1991 3453)
4(3451 1989 1990 3452)
4(1990 1993 1994 1991)
4(1989 1992 1993 1990)
4(3449 3452 3453 3450)
4(3462 3463 3468 3464)
4(3450 3453 3463 3462)
4(3464 3468 3470 3466)
4(3433 238 239 3434)
4(3444 3464 3466 3446)
4(3439 3462 3464 3444)
4(2907 3450 3462 3439)
4(2906 3449 3450 2907)
4(2905 3448 3449 2906)
4(3448 3451 3452 3449)
4(2894 2898 3451 3448)
4(2898 1469 1989 3451)
4(1467 1471 1473 1469)
4(1471 1979 1981 1473)
4(1965 1976 1979 1471)
4(1963 1971 1976 1965)
4(1976 1977 1983 1979)
4(1971 1975 1977 1976)
4(1964 1965 1471 1467)
4(1959 1963 1965 1964)
4(2841 1964 1467 2896)
4(2839 1959 1964 2841)
4(2896 1467 1469 2898)
4(2892 2896 2898 2894)
4(3440 3444 3446 3442)
4(236 243 244 237)
4(233 236 237 234)
4(3429 233 234 3430)
4(3430 234 238 3433)
4(3431 3433 3434 3432)
4(3432 3434 4363 4361)
4(4361 4363 4364 4362)
4(4365 4366 4395 4391)
4(4362 4364 4366 4365)
4(4391 4395 4397 4393)
4(4379 4391 4393 4381)
4(3906 4365 4391 4379)
4(3904 4362 4365 3906)
4(3903 4361 4362 3904)
4(3424 3432 4361 3903)
4(3422 3424 3903 3901)
4(3901 3903 3904 3902)
4(3905 3906 4379 4375)
4(3902 3904 3906 3905)
4(4375 4379 4381 4377)
4(929 955 2155 2139)
4(929 2139 2140 930)
4(928 930 933 931)
4(931 933 934 932)
4(932 934 1608 1606)
4(967 969 1600 968)
4(405 407 969 967)
4(407 932 1606 969)
4(235 242 243 236)
4(242 245 246 243)
4(1898 1902 245 242)
4(3438 3439 3444 3440)
4(2904 2907 3439 3438)
4(1895 3438 3440 1900)
4(1885 2904 3438 1895)
4(1900 3440 3442 1902)
4(1884 2903 2904 1885)
4(2903 2906 2907 2904)
4(2387 2892 2894 2389)
4(2389 2894 3448 2905)
4(1878 1898 242 235)
4(1896 1900 1902 1898)
4(3117 967 968 3118)
4(404 406 407 405)
4(406 931 932 407)
4(403 928 931 406)
4(402 939 951 408)
4(402 408 928 403)
4(408 951 955 929)
4(408 929 930 928)
4(3409 3413 955 951)
4(2890 3409 951 939)
4(400 935 939 402)
4(2886 2890 939 935)
4(400 402 403 401)
4(401 403 406 404)
4(2587 404 405 2588)
4(2588 405 967 3117)
4(2584 401 404 2587)
4(2583 2609 935 400)
4(2583 400 401 2584)
4(4755 2886 935 2609)
4(3116 3118 3120 3119)
4(3112 3116 3119 3114)
4(3111 3115 3116 3112)
4(3115 3117 3118 3116)
4(2586 2588 3117 3115)
4(2580 2586 3115 3111)
4(3110 3112 3114 3113)
4(1599 3110 3113 2126)
4(1598 3109 3110 1599)
4(3109 3111 3112 3110)
4(2578 2580 3111 3109)
4(923 2578 3109 1598)
4(2579 2585 2586 2580)
4(2585 2587 2588 2586)
4(2582 2584 2587 2585)
4(2135 2582 2585 2579)
4(2134 2593 2605 2581)
4(2134 2581 2582 2135)
4(2581 2605 2609 2583)
4(2581 2583 2584 2582)
4(2133 2135 2579 2577)
4(2577 2579 2580 2578)
4(922 2577 2578 923)
4(919 2133 2577 922)
4(918 1586 2589 2132)
4(918 2132 2133 919)
4(2132 2589 2593 2134)
4(2132 2134 2135 2133)
4(4739 4751 2605 2593)
4(4751 4755 2609 2605)
4(4735 4739 2593 2589)
4(3322 3334 1582 924)
4(3334 3338 1586 1582)
4(3338 4735 2589 1586)
4(916 1582 1586 918)
4(916 918 919 917)
4(917 919 922 920)
4(920 922 923 921)
4(914 917 920 915)
4(913 924 1582 916)
4(913 916 917 914)
4(1556 1557 1568 1564)
4(2111 1564 1566 2113)
4(2084 1556 1564 2111)
4(2083 2084 2111 2107)
4(2107 2111 2113 2109)
4(2093 2107 2109 2095)
4(2080 2083 2107 2093)
4(1553 2080 2093 2089)
4(2089 2093 2095 2091)
4(903 2089 2091 905)
4(374 1553 2089 903)
4(3059 3063 3064 3060)
4(3051 3059 3060 3052)
4(3049 3057 3059 3051)
4(3057 3061 3063 3059)
4(3055 3056 3061 3057)
4(902 906 3056 3055)
4(3044 3055 3057 3049)
4(888 902 3055 3044)
4(901 905 906 902)
4(887 901 902 888)
4(3047 3051 3052 3048)
4(1458 3047 3048 1459)
4(1456 3045 3047 1458)
4(3045 3049 3051 3047)
4(3043 3044 3049 3045)
4(884 888 3044 3043)
4(1451 3043 3045 1456)
4(2464 884 3043 1451)
4(2463 883 884 2464)
4(883 887 888 884)
4(379 885 887 883)
4(885 899 901 887)
4(899 903 905 901)
4(373 374 903 899)
4(1454 1458 1459 1455)
4(1446 1454 1455 1447)
4(1444 1452 1454 1446)
4(1452 1456 1458 1454)
4(1450 1451 1456 1452)
4(2460 2464 1451 1450)
4(1439 1450 1452 1444)
4(2446 2460 1450 1439)
4(2459 2463 2464 2460)
4(2445 2459 2460 2446)
4(1442 1446 1447 1443)
4(272 1442 1443 273)
4(270 1440 1442 272)
4(1440 1444 1446 1442)
4(1438 1439 1444 1440)
4(2442 2446 1439 1438)
4(265 1438 1440 270)
4(1431 2442 1438 265)
4(1430 2441 2442 1431)
4(2441 2445 2446 2442)
4(2439 2443 2445 2441)
4(2443 2457 2459 2445)
4(2457 2461 2463 2459)
4(2461 379 883 2463)
4(1953 369 379 2461)
4(369 370 885 379)
4(370 373 899 885)
4(3411 4375 4377 3413)
4(2875 3905 4375 3411)
4(2873 3902 3905 2875)
4(2872 3901 3902 2873)
4(2340 3422 3901 2872)
4(3407 3411 3413 3409)
4(2874 2875 3411 3407)
4(2888 3407 3409 2890)
4(2869 2874 3407 2888)
4(2867 2871 2874 2869)
4(2871 2873 2875 2874)
4(2870 2872 2873 2871)
4(2338 2340 2872 2870)
4(2330 2338 2870 2866)
4(2866 2870 2871 2867)
4(2884 2888 2890 2886)
4(4753 2884 2886 4755)
4(4282 2868 2884 4753)
4(2868 2869 2888 2884)
4(2865 2867 2869 2868)
4(4280 2865 2868 4282)
4(4279 2864 2865 4280)
4(2864 2866 2867 2865)
4(2328 2330 2866 2864)
4(3768 2328 2864 4279)
4(3427 3430 3433 3431)
4(3420 3427 3431 3423)
4(3423 3431 3432 3424)
4(3421 3423 3424 3422)
4(3417 3420 3423 3421)
4(3419 3426 3427 3420)
4(3426 3429 3430 3427)
4(3428 232 233 3429)
4(4823 1874 232 3428)
4(232 235 236 233)
4(1874 1878 235 232)
4(2336 3417 3421 2339)
4(2339 3421 3422 2340)
4(4749 4753 4755 4751)
4(4281 4282 4753 4749)
4(4278 4280 4282 4281)
4(4276 4281 4749 4737)
4(4274 4278 4281 4276)
4(4737 4749 4751 4739)
4(4273 4277 4278 4274)
4(4277 4279 4280 4278)
4(3766 3768 4279 4277)
4(3758 3766 4277 4273)
4(3756 3758 4273 4271)
4(4271 4273 4274 4272)
4(4275 4276 4737 4733)
4(4272 4274 4276 4275)
4(4733 4737 4739 4735)
4(3336 4733 4735 3338)
4(3307 4275 4733 3336)
4(3305 4272 4275 3307)
4(3765 3767 3768 3766)
4(3767 2327 2328 3768)
4(2327 2329 2330 2328)
4(2329 2337 2338 2330)
4(2337 2339 2340 2338)
4(2333 2336 2339 2337)
4(1855 2333 2337 2329)
4(1854 2332 2333 1855)
4(2332 2335 2336 2333)
4(2335 3416 3417 2336)
4(3416 3419 3420 3417)
4(4799 4819 3425 3418)
4(3418 3425 3426 3419)
4(3425 3428 3429 3426)
4(4819 4823 3428 3425)
4(3415 3418 3419 3416)
4(4795 4799 3418 3415)
4(2334 3415 3416 2335)
4(3866 4795 3415 2334)
4(2902 2905 2906 2903)
4(2385 2389 2905 2902)
4(1386 2385 2902 1883)
4(1861 1882 1894 1871)
4(1882 1885 1895 1894)
4(1894 1895 1900 1896)
4(1876 1896 1898 1878)
4(1871 1894 1896 1876)
4(1881 1884 1885 1882)
4(1860 1881 1882 1861)
4(1870 1871 1876 1872)
4(1858 1861 1871 1870)
4(1872 1876 1878 1874)
4(4821 1872 1874 4823)
4(2840 2841 2896 2892)
4(2835 2839 2841 2840)
4(2829 2840 2892 2387)
4(2827 2835 2840 2829)
4(1370 1382 1880 1859)
4(1859 1880 1881 1860)
4(1880 1883 1884 1881)
4(1382 1386 1883 1880)
4(1883 2902 2903 1884)
4(1857 1860 1861 1858)
4(1856 1859 1860 1857)
4(4806 1858 1870 4816)
4(4816 1870 1872 4821)
4(4817 4821 4823 4819)
4(4815 4816 4821 4817)
4(4803 4806 4816 4815)
4(4792 4815 4817 4797)
4(4782 4803 4815 4792)
4(4797 4817 4819 4799)
4(268 272 273 269)
4(260 268 269 261)
4(5972 260 261 5973)
4(3496 5972 5973 3497)
4(3492 3496 3497 3493)
4(3484 3492 3493 3485)
4(3482 3490 3492 3484)
4(3490 3494 3496 3492)
4(3494 5970 5972 3496)
4(5970 5974 260 5972)
4(5974 266 268 260)
4(266 270 272 268)
4(264 265 270 266)
4(780 1431 265 264)
4(5969 264 266 5974)
4(766 780 264 5969)
4(5968 5969 5974 5970)
4(762 766 5969 5968)
4(3489 5968 5970 3494)
4(4406 762 5968 3489)
4(3488 3489 3494 3490)
4(4402 4406 3489 3488)
4(2969 3488 3490 3482)
4(3928 4402 3488 2969)
4(3480 3484 3485 3481)
4(1974 3480 3481 1975)
4(1970 1974 1975 1971)
4(1962 1970 1971 1963)
4(1958 1962 1963 1959)
4(2838 1958 1959 2839)
4(779 1430 1431 780)
4(765 779 780 766)
4(761 765 766 762)
4(4405 761 762 4406)
4(1952 1953 2461 2457)
4(1949 1952 2457 2443)
4(1948 1949 2443 2439)
4(781 2439 2441 1430)
4(754 1948 2439 781)
4(777 781 1430 779)
4(753 754 781 777)
4(750 753 777 763)
4(763 777 779 765)
4(749 750 763 759)
4(759 763 765 761)
4(4403 759 761 4405)
4(3916 749 759 4403)
4(1851 1854 1855 1852)
4(1852 1855 2329 2327)
4(3764 1852 2327 3767)
4(3763 1851 1852 3764)
4(3761 3764 3767 3765)
4(3754 3761 3765 3757)
4(3757 3765 3766 3758)
4(3755 3757 3758 3756)
4(3304 4271 4272 3305)
4(2780 3756 4271 3304)
4(4401 4405 4406 4402)
4(3927 4401 4402 3928)
4(3478 3482 3484 3480)
4(2968 2969 3482 3478)
4(3924 3928 2969 2968)
4(1967 2968 3478 1972)
4(2961 3924 2968 1967)
4(1972 3478 3480 1974)
4(1968 1972 1974 1970)
4(1966 1967 1972 1968)
4(2957 2961 1967 1966)
4(1955 1966 1968 1960)
4(2943 2957 1966 1955)
4(1960 1968 1970 1962)
4(1956 1960 1962 1958)
4(1954 1955 1960 1956)
4(2939 2943 1955 1954)
4(2831 1954 1956 2836)
4(3828 2939 1954 2831)
4(2836 1956 1958 2838)
4(3925 4399 4401 3927)
4(4399 4403 4405 4401)
4(3915 3916 4403 4399)
4(3912 3915 4399 3925)
4(3921 3925 3927 3923)
4(3911 3912 3925 3921)
4(3923 3927 3928 3924)
4(2960 3923 3924 2961)
4(2956 2960 2961 2957)
4(2942 2956 2957 2943)
4(2938 2942 2943 2939)
4(3827 2938 2939 3828)
4(3825 2936 2938 3827)
4(2936 2940 2942 2938)
4(2940 2954 2956 2942)
4(2954 2958 2960 2956)
4(2958 3921 3923 2960)
4(2830 2831 2836 2832)
4(3824 3828 2831 2830)
4(2832 2836 2838 2834)
4(2834 2838 2839 2835)
4(2826 2834 2835 2827)
4(2824 2832 2834 2826)
4(2828 2829 2387 2383)
4(2823 2827 2829 2828)
4(2383 2387 2389 2385)
4(1384 2383 2385 1386)
4(1849 2828 2383 1384)
4(1847 2823 2828 1849)
4(2819 2830 2832 2824)
4(3810 3824 2830 2819)
4(1846 2822 2823 1847)
4(2822 2826 2827 2823)
4(2820 2824 2826 2822)
4(2818 2819 2824 2820)
4(3806 3810 2819 2818)
4(1844 2820 2822 1846)
4(1839 2818 2820 1844)
4(2323 3806 2818 1839)
4(2322 3805 3806 2323)
4(3805 3809 3810 3806)
4(3809 3823 3824 3810)
4(3823 3827 3828 3824)
4(1848 1849 1384 1380)
4(1843 1847 1849 1848)
4(1380 1384 1386 1382)
4(1368 1380 1382 1370)
4(1837 1848 1380 1368)
4(1357 1843 1848 1837)
4(4805 1857 1858 4806)
4(4804 1856 1857 4805)
4(4357 1366 1856 4804)
4(1366 1370 1859 1856)
4(4802 4805 4806 4803)
4(4801 4804 4805 4802)
4(4781 4802 4803 4782)
4(4780 4801 4802 4781)
4(4793 4797 4799 4795)
4(4791 4792 4797 4793)
4(4779 4782 4792 4791)
4(3859 4791 4793 3864)
4(3849 4779 4791 3859)
4(3864 4793 4795 3866)
4(3862 3866 2334 2331)
4(3762 1850 1851 3763)
4(1850 1853 1854 1851)
4(1853 2331 2332 1854)
4(2331 2334 2335 2332)
4(3842 3862 2331 1853)
4(3332 3336 3338 3334)
4(3306 3307 3336 3332)
4(3320 3332 3334 3322)
4(2814 3306 3332 3320)
4(2812 3303 3306 2814)
4(3303 3305 3307 3306)
4(5289 3838 1850 3762)
4(3838 3842 1853 1850)
4(3753 3760 3761 3754)
4(3752 3759 3760 3753)
4(3760 3763 3764 3761)
4(3759 3762 3763 3760)
4(3751 3754 3757 3755)
4(2285 3751 3755 2779)
4(2779 3755 3756 2780)
4(3750 3753 3754 3751)
4(2287 2780 3304 3302)
4(3302 3304 3305 3303)
4(2811 3302 3303 2812)
4(2279 2287 3302 2811)
4(3316 3320 3322 3318)
4(2813 2814 3320 3316)
4(2810 2812 2814 2813)
4(199 2813 3316 228)
4(197 2810 2813 199)
4(228 3316 3318 230)
4(2278 2286 2287 2279)
4(2286 2779 2780 2287)
4(2282 2285 2779 2286)
4(2275 2282 2286 2278)
4(2274 2281 2282 2275)
4(2281 2284 2285 2282)
4(2284 3750 3751 2285)
4(1836 1837 1368 1364)
4(1353 1357 1837 1836)
4(1364 1368 1370 1366)
4(4355 1364 1366 4357)
4(4776 1836 1364 4355)
4(4774 1353 1836 4776)
4(4353 4357 4804 4801)
4(4341 4353 4801 4780)
4(4351 4355 4357 4353)
4(4775 4776 4355 4351)
4(4770 4774 4776 4775)
4(4339 4351 4353 4341)
4(4764 4775 4351 4339)
4(4762 4770 4775 4764)
4(4763 4764 4339 4335)
4(4328 4762 4764 4763)
4(4335 4339 4341 4337)
4(4337 4341 4780 4777)
4(4778 4781 4782 4779)
4(4777 4780 4781 4778)
4(3848 4778 4779 3849)
4(3860 3864 3866 3862)
4(3858 3859 3864 3860)
4(3846 3849 3859 3858)
4(3840 3860 3862 3842)
4(3835 3858 3860 3840)
4(3389 3846 3858 3835)
4(3847 4777 4778 3848)
4(3380 4337 4777 3847)
4(3845 3848 3849 3846)
4(3388 3845 3846 3389)
4(3836 3840 3842 3838)
4(3398 3835 3840 3836)
4(3386 3389 3835 3398)
4(5282 3398 3836 5287)
4(5272 3386 3398 5282)
4(5287 3836 3838 5289)
4(5271 3385 3386 5272)
4(3385 3388 3389 3386)
4(3378 4335 4337 3380)
4(3373 4763 4335 3378)
4(3376 3380 3847 3844)
4(3844 3847 3848 3845)
4(3387 3844 3845 3388)
4(2854 3376 3844 3387)
4(2434 3911 3921 2958)
4(2433 2434 2958 2954)
4(2430 2433 2954 2940)
4(2429 2430 2940 2936)
4(3347 2429 2936 3825)
4(2809 2811 2812 2810)
4(2277 2279 2811 2809)
4(5921 2277 2809 196)
4(196 2809 2810 197)
4(224 228 230 226)
4(198 199 228 224)
4(195 197 199 198)
4(193 198 224 212)
4(5953 195 198 193)
4(212 224 226 214)
4(208 212 214 210)
4(5919 5921 196 194)
4(194 196 197 195)
4(5952 194 195 5953)
4(5236 5919 194 5952)
4(5950 5952 5953 5951)
4(192 193 212 208)
4(5951 5953 193 192)
4(5223 208 210 5225)
4(4707 192 208 5223)
4(4705 5951 192 4707)
4(4704 5950 5951 4705)
4(4211 5234 5950 4704)
4(5234 5236 5952 5950)
4(5219 5223 5225 5221)
4(4706 4707 5223 5219)
4(4703 4705 4707 4706)
4(4701 4706 5219 5207)
4(4699 4703 4706 4701)
4(5207 5219 5221 5209)
4(5203 5207 5209 5205)
4(4696 4698 4699 4697)
4(4698 4702 4703 4699)
4(4702 4704 4705 4703)
4(4209 4211 4704 4702)
4(4201 4209 4702 4698)
4(4199 4201 4698 4696)
4(5141 4199 4696 5820)
4(5820 4696 4697 5821)
4(91 4700 5203 114)
4(5821 4697 4700 91)
4(4700 4701 5207 5203)
4(4697 4699 4701 4700)
4(114 5203 5205 116)
4(1842 1846 1847 1843)
4(1356 1842 1843 1357)
4(1354 1840 1842 1356)
4(1840 1844 1846 1842)
4(1838 1839 1844 1840)
4(2319 2323 1839 1838)
4(1349 1838 1840 1354)
4(2305 2319 1838 1349)
4(1352 1356 1357 1353)
4(4773 1352 1353 4774)
4(4771 1350 1352 4773)
4(1350 1354 1356 1352)
4(1348 1349 1354 1350)
4(2301 2305 1349 1348)
4(4766 1348 1350 4771)
4(5961 2301 1348 4766)
4(2318 2322 2323 2319)
4(2304 2318 2319 2305)
4(2300 2304 2305 2301)
4(5960 2300 2301 5961)
4(4769 4773 4774 4770)
4(4761 4769 4770 4762)
4(4759 4767 4769 4761)
4(4767 4771 4773 4769)
4(4765 4766 4771 4767)
4(5326 5961 4766 4765)
4(4324 4765 4767 4759)
4(5312 5326 4765 4324)
4(5285 5289 3762 3759)
4(5265 5285 3759 3752)
4(3384 3387 3388 3385)
4(2850 2854 3387 3384)
4(2852 3374 3376 2854)
4(3361 3372 3374 2852)
4(3374 3378 3380 3376)
4(3372 3373 3378 3374)
4(3367 3371 3373 3372)
4(3371 4328 4763 3373)
4(3346 3347 3825 3821)
4(3821 3825 3827 3823)
4(3343 3346 3821 3807)
4(3807 3821 3823 3809)
4(3803 3807 3809 3805)
4(3342 3343 3807 3803)
4(2320 3803 3805 2322)
4(2293 3342 3803 2320)
4(2292 2293 2320 2316)
4(2316 2320 2322 2318)
4(3359 3367 3372 3361)
4(2848 2852 2854 2850)
4(4727 2848 2850 4729)
4(5270 3384 3385 5271)
4(4729 2850 3384 5270)
4(5268 5271 5272 5269)
4(5267 5270 5271 5268)
4(5269 5272 5282 5281)
4(5283 5287 5289 5285)
4(5281 5282 5287 5283)
4(5258 5281 5283 5263)
4(5248 5269 5281 5258)
4(5263 5283 5285 5265)
4(5247 5268 5269 5248)
4(5246 5267 5268 5247)
4(4725 4729 5270 5267)
4(5183 3360 2848 4727)
4(3360 3361 2852 2848)
4(3355 3359 3361 3360)
4(4671 3355 3360 5183)
4(4327 4761 4762 4328)
4(4325 4759 4761 4327)
4(3370 4327 4328 3371)
4(3368 4325 4327 3370)
4(3363 4323 4325 3368)
4(4323 4324 4759 4325)
4(5308 5312 4324 4323)
4(4316 5308 4323 3363)
4(4315 5307 5308 4316)
4(5307 5311 5312 5308)
4(5311 5325 5326 5312)
4(5325 5960 5961 5326)
4(3366 3370 3371 3367)
4(3358 3366 3367 3359)
4(4260 4725 5267 5246)
4(4723 4727 4729 4725)
4(2280 2283 2284 2281)
4(4234 4238 2283 2280)
4(2283 3749 3750 2284)
4(4238 5261 3749 2283)
4(3749 3752 3753 3750)
4(5261 5265 3752 3749)
4(2273 2280 2281 2274)
4(3731 4234 2280 2273)
4(5259 5263 5265 5261)
4(5257 5258 5263 5259)
4(5245 5248 5258 5257)
4(3748 5257 5259 4236)
4(3738 5245 5257 3748)
4(4236 5259 5261 4238)
4(5244 5247 5248 5245)
4(5182 5183 4727 4723)
4(4667 4671 5183 5182)
4(4258 4723 4725 4260)
4(4661 5182 4723 4258)
4(4659 4667 5182 4661)
4(4660 4661 4258 4254)
4(4655 4659 4661 4660)
4(4254 4258 4260 4256)
4(4256 4260 5246 5243)
4(5243 5246 5247 5244)
4(3736 5243 5244 3737)
4(3298 4256 5243 3736)
4(3737 5244 5245 3738)
4(4232 4236 4238 4234)
4(2271 2274 2275 2272)
4(2272 2275 2278 2276)
4(2276 2278 2279 2277)
4(5920 2276 2277 5921)
4(5242 2272 2276 5920)
4(5241 2271 2272 5242)
4(5240 2270 2271 5241)
4(1338 3727 2270 5240)
4(3727 3731 2273 2270)
4(2270 2273 2274 2271)
4(3729 4232 4234 3731)
4(3724 3747 4232 3729)
4(3747 3748 4236 4232)
4(3735 3738 3748 3747)
4(3714 3735 3747 3724)
4(3713 3734 3735 3714)
4(3734 3737 3738 3735)
4(3725 3729 3731 3727)
4(3723 3724 3729 3725)
4(5918 5920 5921 5919)
4(5239 5242 5920 5918)
4(5232 5239 5918 5235)
4(5235 5918 5919 5236)
4(5233 5235 5236 5234)
4(5229 5232 5235 5233)
4(4207 5229 5233 4210)
4(4210 5233 5234 4211)
4(5238 5241 5242 5239)
4(5231 5238 5239 5232)
4(5228 5231 5232 5229)
4(4206 5228 5229 4207)
4(4205 5227 5228 4206)
4(5227 5230 5231 5228)
4(5230 5237 5238 5231)
4(5237 5240 5241 5238)
4(5140 4198 4199 5141)
4(4198 4200 4201 4199)
4(4200 4208 4209 4201)
4(4208 4210 4211 4209)
4(4197 4204 4208 4200)
4(4204 4207 4210 4208)
4(4203 4206 4207 4204)
4(4196 4203 4204 4197)
4(4194 4197 4200 4198)
4(5137 4194 4198 5140)
4(2302 2316 2318 2304)
4(2289 2292 2316 2302)
4(2298 2302 2304 2300)
4(2288 2289 2302 2298)
4(5300 2288 2298 5958)
4(5958 2298 2300 5960)
4(4193 4196 4197 4194)
4(5136 4193 4194 5137)
4(5135 4192 4193 5136)
4(4192 4195 4196 4193)
4(4195 4202 4203 4196)
4(4202 4205 4206 4203)
4(5134 5137 5140 5138)
4(5138 5140 5141 5139)
4(5139 5141 5820 5818)
4(5818 5820 5821 5819)
4(5819 5821 91 5822)
4(5822 91 114 112)
4(5817 5822 112 102)
4(5815 5819 5822 5817)
4(5131 5139 5818 5814)
4(5814 5818 5819 5815)
4(5812 5814 5815 5813)
4(5816 5817 102 100)
4(5813 5815 5817 5816)
4(4613 5816 100 5120)
4(4611 5813 5816 4613)
4(4610 5812 5813 4611)
4(5129 5131 5814 5812)
4(4130 5129 5812 4610)
4(4612 4613 5120 4634)
4(4609 4611 4613 4612)
4(4607 4612 4634 4624)
4(4605 4609 4612 4607)
4(4608 4610 4611 4609)
4(4128 4130 4610 4608)
4(3683 4128 4608 4161)
4(4161 4608 4609 4605)
4(1797 4606 4622 2268)
4(4606 4607 4624 4622)
4(4160 4605 4607 4606)
4(1795 4160 4606 1797)
4(1794 4159 4160 1795)
4(4159 4161 4605 4160)
4(3681 3683 4161 4159)
4(1266 3681 4159 1794)
4(5127 5134 5138 5130)
4(5130 5138 5139 5131)
4(5128 5130 5131 5129)
4(5124 5127 5130 5128)
4(4126 5124 5128 4129)
4(4129 5128 5129 4130)
4(4125 5123 5124 4126)
4(5123 5126 5127 5124)
4(5126 5133 5134 5127)
4(5133 5136 5137 5134)
4(5780 624 5122 4124)
4(4124 5122 5123 4125)
4(5122 5125 5126 5123)
4(624 628 5125 5122)
4(5125 5132 5133 5126)
4(628 648 5132 5125)
4(5132 5135 5136 5133)
4(648 652 5135 5132)
4(652 5884 4192 5135)
4(5884 5888 4195 4192)
4(5888 5908 4202 4195)
4(5908 5912 4205 4202)
4(5912 697 5227 4205)
4(697 701 5230 5227)
4(701 1334 5237 5230)
4(1334 1338 5240 5237)
4(3711 3714 3724 3723)
4(1331 3723 3725 1336)
4(708 3711 3723 1331)
4(1336 3725 3727 1338)
4(3296 4254 4256 3298)
4(3708 4660 4254 3296)
4(3733 3736 3737 3734)
4(3294 3298 3736 3733)
4(3282 3294 3733 3712)
4(1332 1336 1338 1334)
4(1330 1331 1336 1332)
4(3710 3713 3714 3711)
4(707 3710 3711 708)
4(705 708 1331 1330)
4(694 1330 1332 699)
4(684 705 1330 694)
4(699 1332 1334 701)
4(704 707 708 705)
4(683 704 705 684)
4(682 703 704 683)
4(703 706 707 704)
4(706 3709 3710 707)
4(3709 3712 3713 3710)
4(3712 3733 3734 3713)
4(3278 3282 3712 3709)
4(188 3278 3709 706)
4(186 3276 3278 188)
4(3276 3280 3282 3278)
4(3280 3292 3294 3282)
4(3292 3296 3298 3294)
4(3707 3708 3296 3292)
4(3702 3706 3708 3707)
4(3706 4655 4660 3708)
4(3696 3707 3292 3280)
4(3694 3702 3707 3696)
4(3695 3696 3280 3276)
4(3690 3694 3696 3695)
4(5323 5958 5960 5325)
4(5299 5300 5958 5323)
4(5296 5299 5323 5309)
4(5309 5323 5325 5311)
4(5305 5309 5311 5307)
4(5295 5296 5309 5305)
4(4313 5305 5307 4315)
4(3796 5295 5305 4313)
4(3364 3368 3370 3366)
4(3362 3363 3368 3364)
4(3356 3364 3366 3358)
4(3351 3362 3364 3356)
4(4298 4312 3362 3351)
4(4312 4316 3363 3362)
4(4311 4315 4316 4312)
4(4297 4311 4312 4298)
4(4294 4298 3351 3350)
4(4293 4297 4298 4294)
4(3354 3358 3359 3355)
4(4670 3354 3355 4671)
4(4668 3352 3354 4670)
4(4663 3350 3352 4668)
4(3352 3356 3358 3354)
4(3350 3351 3356 3352)
4(4666 4670 4671 4667)
4(4664 4668 4670 4666)
4(4658 4666 4667 4659)
4(4656 4664 4666 4658)
4(4651 4662 4664 4656)
4(4662 4663 4668 4664)
4(5856 5860 4663 4662)
4(5860 4294 3350 4663)
4(4309 4313 4315 4311)
4(3795 3796 4313 4309)
4(3792 3795 4309 4295)
4(4295 4309 4311 4297)
4(4291 4295 4297 4293)
4(3791 3792 4295 4291)
4(5859 4293 4294 5860)
4(5857 4291 4293 5859)
4(5830 3791 4291 5857)
4(5855 5859 5860 5856)
4(5853 5857 5859 5855)
4(5842 5856 4662 4651)
4(5841 5855 5856 5842)
4(695 699 701 697)
4(693 694 699 695)
4(184 188 706 703)
4(172 184 703 682)
4(168 172 682 679)
4(5910 695 697 5912)
4(5905 693 695 5910)
4(5895 681 693 5905)
4(681 684 694 693)
4(5894 680 681 5895)
4(5893 679 680 5894)
4(680 683 684 681)
4(679 682 683 680)
4(5194 166 168 5196)
4(166 170 172 168)
4(170 182 184 172)
4(182 186 188 184)
4(677 678 186 182)
4(678 3695 3276 186)
4(676 3690 3695 678)
4(672 676 678 677)
4(666 677 182 170)
4(664 672 677 666)
4(665 666 170 166)
4(660 664 666 665)
4(5868 665 166 5194)
4(5181 660 665 5868)
4(5196 168 679 5893)
4(5890 5893 5894 5891)
4(5192 5196 5893 5890)
4(5891 5894 5895 5892)
4(5892 5895 5905 5904)
4(5904 5905 5910 5906)
4(5906 5910 5912 5908)
4(4127 4129 4130 4128)
4(4123 4126 4129 4127)
4(3679 4123 4127 3682)
4(3682 4127 4128 3683)
4(3680 3682 3683 3681)
4(3676 3679 3682 3680)
4(1262 3676 3680 1265)
4(1265 3680 3681 1266)
4(3685 4125 4126 4123)
4(4654 4658 4659 4655)
4(3705 4654 4655 3706)
4(3701 3705 3706 3702)
4(3693 3701 3702 3694)
4(4652 4656 4658 4654)
4(4650 4651 4656 4652)
4(5838 5842 4651 4650)
4(3698 4650 4652 3703)
4(4643 5838 4650 3698)
4(3703 4652 4654 3705)
4(3699 3703 3705 3701)
4(3697 3698 3703 3699)
4(4639 4643 3698 3697)
4(3686 3697 3699 3691)
4(4181 4639 3697 3686)
4(3691 3699 3701 3693)
4(3689 3693 3694 3690)
4(3687 3691 3693 3689)
4(675 3689 3690 676)
4(673 3687 3689 675)
4(668 3269 3687 673)
4(3269 3686 3691 3687)
4(4177 4181 3686 3269)
4(1827 4177 3269 668)
4(671 675 676 672)
4(669 673 675 671)
4(663 671 672 664)
4(661 669 671 663)
4(5886 5906 5908 5888)
4(5881 5904 5906 5886)
4(5871 5892 5904 5881)
4(5202 5871 5881 5880)
4(5880 5881 5886 5882)
4(5882 5886 5888 5884)
4(650 5882 5884 652)
4(645 5880 5882 650)
4(635 5202 5880 645)
4(4684 5192 5890 5869)
4(5869 5890 5891 5870)
4(5870 5891 5892 5871)
4(5201 5870 5871 5202)
4(634 5201 5202 635)
4(633 5200 5201 634)
4(87 4680 5200 633)
4(5200 5869 5870 5201)
4(4680 4684 5869 5200)
4(631 634 635 632)
4(630 633 634 631)
4(632 635 645 644)
4(3684 4124 4125 3685)
4(3678 3685 4123 3679)
4(3677 3684 3685 3678)
4(3675 3678 3679 3676)
4(1261 3675 3676 1262)
4(1791 1796 2266 1808)
4(1796 1797 2268 2266)
4(1793 1795 1797 1796)
4(1789 1793 1796 1791)
4(1788 1792 1793 1789)
4(1792 1794 1795 1793)
4(1264 1266 1794 1792)
4(605 1264 1792 1788)
4(603 605 1788 1786)
4(1786 1788 1789 1787)
4(1790 1791 1808 1806)
4(1787 1789 1791 1790)
4(64 1790 1806 594)
4(62 1787 1790 64)
4(61 1786 1787 62)
4(5748 603 1786 61)
4(5157 5829 5853 5839)
4(5839 5853 5855 5841)
4(5829 5830 5857 5853)
4(5837 5841 5842 5838)
4(5835 5839 5841 5837)
4(4642 5837 5838 4643)
4(611 632 644 621)
4(621 644 646 626)
4(626 646 648 628)
4(646 650 652 648)
4(644 645 650 646)
4(622 626 628 624)
4(620 621 626 622)
4(608 611 621 620)
4(5778 622 624 5780)
4(5773 620 622 5778)
4(5763 608 620 5773)
4(5776 5780 4124 3684)
4(5113 5776 3684 3677)
4(59 61 62 60)
4(60 62 64 63)
4(63 64 594 592)
4(58 63 592 582)
4(57 60 63 58)
4(4638 4642 4643 4639)
4(4180 4638 4639 4181)
4(4176 4180 4181 4177)
4(1826 4176 4177 1827)
4(5180 659 660 5181)
4(659 663 664 660)
4(657 661 663 659)
4(655 656 661 657)
4(656 667 669 661)
4(667 668 673 669)
4(1823 1827 668 667)
4(1321 1823 667 656)
4(1317 1321 656 655)
4(5173 655 657 5178)
4(149 1317 655 5173)
4(5178 657 659 5180)
4(5176 5180 5181 5177)
4(5174 5178 5180 5176)
4(5177 5181 5868 5867)
4(4678 4682 4684 4680)
4(5170 5171 4682 4678)
4(5171 5867 5190 4682)
4(4682 5190 5192 4684)
4(5190 5194 5196 5192)
4(5867 5868 5194 5190)
4(5169 5177 5867 5171)
4(5165 5169 5171 5170)
4(85 4678 4680 87)
4(549 5170 4678 85)
4(547 5165 5170 549)
4(56 59 60 57)
4(5746 5748 61 59)
4(5738 5746 59 56)
4(5736 5738 56 55)
4(1263 1265 1266 1264)
4(1259 1262 1265 1263)
4(601 1259 1263 604)
4(604 1263 1264 605)
4(602 604 605 603)
4(598 601 604 602)
4(5744 598 602 5747)
4(5747 602 603 5748)
4(5745 5747 5748 5746)
4(5741 5744 5747 5745)
4(5734 5741 5745 5737)
4(5737 5745 5746 5738)
4(5735 5737 5738 5736)
4(5731 5734 5737 5735)
4(1146 5731 5735 1147)
4(1147 5735 5736 1148)
4(1258 1261 1262 1259)
4(600 1258 1259 601)
4(597 600 601 598)
4(5743 597 598 5744)
4(5742 596 597 5743)
4(596 599 600 597)
4(599 1257 1258 600)
4(1257 1260 1261 1258)
4(1260 3674 3675 1261)
4(3674 3677 3678 3675)
4(5109 5113 3677 3674)
4(2769 5109 3674 1260)
4(5774 5778 5780 5776)
4(5772 5773 5778 5774)
4(5117 5763 5773 5772)
4(5106 5772 5774 5111)
4(5096 5117 5772 5106)
4(5111 5774 5776 5113)
4(610 631 632 611)
4(609 630 631 610)
4(83 87 633 630)
4(71 83 630 609)
4(67 71 609 606)
4(5093 5096 5106 5105)
4(5105 5106 5111 5107)
4(5107 5111 5113 5109)
4(2767 5107 5109 2769)
4(2762 5105 5107 2767)
4(2752 5093 5105 2762)
4(2765 2769 1260 1257)
4(2745 2765 1257 599)
4(2262 2745 599 596)
4(1252 2262 596 5742)
4(5168 5176 5177 5169)
4(5166 5174 5176 5168)
4(5161 5172 5174 5166)
4(5172 5173 5178 5174)
4(145 149 5173 5172)
4(131 145 5172 5161)
4(5164 5168 5169 5165)
4(5162 5166 5168 5164)
4(546 5164 5165 547)
4(544 5162 5164 546)
4(539 5160 5162 544)
4(5160 5161 5166 5162)
4(127 131 5161 5160)
4(1188 127 5160 539)
4(4178 4636 4638 4180)
4(4636 4640 4642 4638)
4(4640 5835 5837 4642)
4(4169 5156 5835 4640)
4(5156 5157 5839 5835)
4(4168 4169 4640 4636)
4(4165 4168 4636 4178)
4(5733 5740 5741 5734)
4(5732 5739 5740 5733)
4(5740 5743 5744 5741)
4(5739 5742 5743 5740)
4(5730 5733 5734 5731)
4(1145 5730 5731 1146)
4(1144 5729 5730 1145)
4(5729 5732 5733 5730)
4(1248 1252 5742 5739)
4(1228 1248 5739 5732)
4(4174 4178 4180 4176)
4(4164 4165 4178 4174)
4(1309 4164 4174 1824)
4(1824 4174 4176 1826)
4(1822 1826 1827 1823)
4(1820 1824 1826 1822)
4(1320 1822 1823 1321)
4(1316 1320 1321 1317)
4(148 1316 1317 149)
4(144 148 149 145)
4(130 144 145 131)
4(126 130 131 127)
4(5119 607 608 5763)
4(5118 606 607 5119)
4(607 610 611 608)
4(606 609 610 607)
4(5116 5119 5763 5117)
4(5095 5116 5117 5096)
4(5094 5115 5116 5095)
4(5115 5118 5119 5116)
4(4597 4601 5118 5115)
4(4601 67 606 5118)
4(65 69 71 67)
4(69 81 83 71)
4(81 85 87 83)
4(548 549 85 81)
4(543 547 549 548)
4(34 548 81 69)
4(32 543 548 34)
4(4599 65 67 4601)
4(5090 33 65 4599)
4(33 34 69 65)
4(28 32 34 33)
4(5088 28 33 5090)
4(5092 5095 5096 5093)
4(2751 5092 5093 2752)
4(5089 5090 4599 4595)
4(5084 5088 5090 5089)
4(4595 4599 4601 4597)
4(4585 4597 5115 5094)
4(5091 5094 5095 5092)
4(4581 4585 5094 5091)
4(1784 4581 5091 2750)
4(2750 5091 5092 2751)
4(1782 4579 4581 1784)
4(4579 4583 4585 4581)
4(4583 4595 4597 4585)
4(5078 5089 4595 4583)
4(5076 5084 5089 5078)
4(5077 5078 4583 4579)
4(5072 5076 5078 5077)
4(2241 5077 4579 1782)
4(2239 5072 5077 2241)
4(1778 1782 1784 1780)
4(2747 2750 2751 2748)
4(1780 1784 2750 2747)
4(2748 2751 2752 2749)
4(2749 2752 2762 2761)
4(2763 2767 2769 2765)
4(2761 2762 2767 2763)
4(2259 2761 2763 2264)
4(2249 2749 2761 2259)
4(2264 2763 2765 2745)
4(2248 2748 2749 2249)
4(2247 2747 2748 2248)
4(1768 1780 2747 2247)
4(2260 2264 2745 2262)
4(2258 2259 2264 2260)
4(2246 2249 2259 2258)
4(1245 2258 2260 1250)
4(1235 2246 2258 1245)
4(1250 2260 2262 1252)
4(2245 2248 2249 2246)
4(1308 1309 1824 1820)
4(1305 1308 1820 1318)
4(1318 1820 1822 1320)
4(1314 1318 1320 1316)
4(146 1314 1316 148)
4(119 1304 1314 146)
4(1304 1305 1318 1314)
4(142 146 148 144)
4(128 142 144 130)
4(5826 118 142 128)
4(118 119 146 142)
4(124 128 130 126)
4(5825 5826 128 124)
4(1158 5825 124 1185)
4(1185 124 126 1187)
4(1187 126 127 1188)
4(542 546 547 543)
4(31 542 543 32)
4(27 31 32 28)
4(5087 27 28 5088)
4(540 544 546 542)
4(538 539 544 540)
4(1184 1188 539 538)
4(24 538 540 29)
4(1170 1184 538 24)
4(29 540 542 31)
4(25 29 31 27)
4(23 24 29 25)
4(1166 1170 24 23)
4(5080 23 25 5085)
4(16 1166 23 5080)
4(5085 25 27 5087)
4(5083 5087 5088 5084)
4(5081 5085 5087 5083)
4(1224 1228 5732 5729)
4(2729 1224 5729 1144)
4(2244 2247 2248 2245)
4(1764 1768 2247 2244)
4(1766 1778 1780 1768)
4(2229 2240 1778 1766)
4(2240 2241 1782 1778)
4(2235 2239 2241 2240)
4(2227 2235 2240 2229)
4(2228 2229 1766 1762)
4(2223 2227 2229 2228)
4(1762 1766 1768 1764)
4(572 1764 2244 1233)
4(1234 2245 2246 1235)
4(1233 2244 2245 1234)
4(570 1762 1764 572)
4(1205 2228 1762 570)
4(1203 2223 2228 1205)
4(566 570 572 568)
4(1204 1205 570 566)
4(568 572 1233 1230)
4(1221 1244 1246 1226)
4(1226 1246 1248 1228)
4(1246 1250 1252 1248)
4(1244 1245 1250 1246)
4(1232 1235 1245 1244)
4(1211 1232 1244 1221)
4(1222 1226 1228 1224)
4(1220 1221 1226 1222)
4(1208 1211 1221 1220)
4(2727 1222 1224 2729)
4(2722 1220 1222 2727)
4(2712 1208 1220 2722)
4(1231 1234 1235 1232)
4(1230 1233 1234 1231)
4(1210 1231 1232 1211)
4(1207 1210 1211 1208)
4(2711 1207 1208 2712)
4(2723 2727 2729 2725)
4(1142 1144 1145 1143)
4(2725 2729 1144 1142)
4(2705 2725 1142 1140)
4(1140 1142 1143 1141)
4(1138 1140 1141 1139)
4(2701 2705 1140 1138)
4(5071 5075 5076 5072)
4(5075 5083 5084 5076)
4(5073 5081 5083 5075)
4(5068 5079 5081 5073)
4(5079 5080 5085 5081)
4(12 16 5080 5079)
4(5727 12 5079 5068)
4(5069 5073 5075 5071)
4(5067 5068 5073 5069)
4(5723 5727 5068 5067)
4(2231 5067 5069 2236)
4(3262 5723 5067 2231)
4(2236 5069 5071 2238)
4(2234 2238 2239 2235)
4(2238 5071 5072 2239)
4(2232 2236 2238 2234)
4(2230 2231 2236 2232)
4(2226 2234 2235 2227)
4(2224 2232 2234 2226)
4(2219 2230 2232 2224)
4(3244 3258 2230 2219)
4(3258 3262 2231 2230)
4(3257 3261 3262 3258)
4(3261 5722 5723 3262)
4(5722 5726 5727 5723)
4(5726 11 12 5727)
4(11 15 16 12)
4(15 1165 1166 16)
4(1165 1169 1170 1166)
4(1169 1183 1184 1170)
4(1183 1187 1188 1184)
4(1181 1185 1187 1183)
4(1157 1158 1185 1181)
4(524 1157 1181 1167)
4(1167 1181 1183 1169)
4(523 524 1167 1163)
4(1163 1167 1169 1165)
4(13 1163 1165 15)
4(5715 523 1163 13)
4(5714 5715 13 9)
4(9 13 15 11)
4(5724 9 11 5726)
4(5711 5714 9 5724)
4(5720 5724 5726 5722)
4(5710 5711 5724 5720)
4(2738 5710 5720 3259)
4(3259 5720 5722 3261)
4(2699 2703 2705 2701)
4(2703 2723 2725 2705)
4(2698 2721 2723 2703)
4(2721 2722 2727 2723)
4(2709 2712 2722 2721)
4(2688 2709 2721 2698)
4(2708 2711 2712 2709)
4(2687 2708 2709 2688)
4(2686 2707 2708 2687)
4(2707 2710 2711 2708)
4(2710 1206 1207 2711)
4(1206 1209 1210 1207)
4(1209 1230 1231 1210)
4(552 556 1209 1206)
4(556 568 1230 1209)
4(554 566 568 556)
4(536 1204 566 554)
4(534 1199 1204 536)
4(1199 1203 1205 1204)
4(535 536 554 550)
4(530 534 536 535)
4(550 554 556 552)
4(2214 552 1206 2710)
4(2212 550 552 2214)
4(2682 535 550 2212)
4(2680 530 535 2682)
4(2679 529 530 2680)
4(529 533 534 530)
4(533 1198 1199 534)
4(1198 1202 1203 1199)
4(1202 2222 2223 1203)
4(2222 2226 2227 2223)
4(3243 3257 3258 3244)
4(2220 2224 2226 2222)
4(2218 2219 2224 2220)
4(3241 3255 3257 3243)
4(3255 3259 3261 3257)
4(2737 2738 3259 3255)
4(2734 2737 3255 3241)
4(2743 3241 3243 3239)
4(2733 2734 3241 2743)
4(3240 3244 2219 2218)
4(3239 3243 3244 3240)
4(1195 2218 2220 1200)
4(1744 3240 2218 1195)
4(1200 2220 2222 1202)
4(1196 1200 1202 1198)
4(537 1195 1200 1196)
4(1740 1744 1195 537)
4(526 537 1196 531)
4(1726 1740 537 526)
4(531 1196 1198 533)
4(527 531 533 529)
4(525 526 531 527)
4(1743 3239 3240 1744)
4(2196 2208 2210 2198)
4(2208 2212 2214 2210)
4(2210 2214 2710 2707)
4(2198 2210 2707 2686)
4(2683 2686 2687 2684)
4(2194 2198 2686 2683)
4(2684 2687 2688 2685)
4(2685 2688 2698 2697)
4(2697 2698 2703 2699)
4(1698 2697 2699 1701)
4(1688 2685 2697 1698)
4(1687 2684 2685 1688)
4(1686 2683 2684 1687)
4(1697 1698 1701 1699)
4(1685 1688 1698 1697)
4(1137 1697 1699 1682)
4(1127 1685 1697 1137)
4(1126 1684 1685 1127)
4(1684 1687 1688 1685)
4(1119 2192 2194 1121)
4(2192 2196 2198 2194)
4(2669 2670 2196 2192)
4(2670 2681 2208 2196)
4(2681 2682 2212 2208)
4(2676 2680 2682 2681)
4(2668 2676 2681 2670)
4(1125 1127 1137 1136)
4(1136 1137 1682 1680)
4(1124 1126 1127 1125)
4(2183 2668 2670 2669)
4(1118 2669 2192 1119)
4(1117 2183 2669 1118)
4(1121 2194 2683 1686)
4(1741 2743 3239 1743)
4(1714 2733 2743 1741)
4(1739 1743 1744 1740)
4(1737 1741 1743 1739)
4(1725 1739 1740 1726)
4(1722 1726 526 525)
4(1721 1725 1726 1722)
4(2672 525 527 2677)
4(3667 1722 525 2672)
4(2677 527 529 2679)
4(2675 2679 2680 2676)
4(2673 2677 2679 2675)
4(2667 2675 2676 2668)
4(2184 2673 2675 2667)
4(2179 2671 2673 2184)
4(2671 2672 2677 2673)
4(3228 3667 2672 2671)
4(3214 3228 2671 2179)
4(2182 2667 2668 2183)
4(2180 2184 2667 2182)
4(1116 2182 2183 1117)
4(1114 2180 2182 1116)
4(1113 2178 2180 1114)
4(2178 2179 2184 2180)
4(3210 3214 2179 2178)
4(2174 3210 2178 1113)
4(2173 3209 3210 2174)
4(3209 3213 3214 3210)
4(3213 3227 3228 3214)
4(3227 3666 3667 3228)
4(3666 1721 1722 3667)
4(1713 1714 1741 1737)
4(1154 1713 1737 1723)
4(1723 1737 1739 1725)
4(1153 1154 1723 1719)
4(1719 1723 1725 1721)
4(3229 1719 1721 3666)
4(3202 1153 1719 3229)
4(3225 3229 3666 3227)
4(3201 3202 3229 3225)
4(3198 3201 3225 3211)
4(3211 3225 3227 3213)
4(3207 3211 3213 3209)
4(3197 3198 3211 3207)
4(2171 3207 3209 2173)
4(1679 3197 3207 2171)
4(6267 6264 6355 6356)
4(4122 6267 6356 6333)
4(4121 4122 6333 6332)
4(4119 4121 6332 6330)
4(4120 4119 6330 6331)
4(4118 4120 6331 6329)
4(3639 4118 6329 6321)
4(3637 3639 6321 6319)
4(3196 3637 6319 6315)
4(3194 3196 6315 6313)
4(399 3194 6313 6276)
4(397 399 6276 6274)
4(395 397 6274 6272)
4(393 395 6272 6270)
4(5466 393 6270 6345)
4(5464 5466 6345 6343)
4(5462 5464 6343 6341)
4(5462 6341 6340 5461)
4(5460 5461 6340 6339)
4(3589 5460 6339 6317)
4(3588 3589 6317 6316)
4(3588 6316 6305 3106)
4(3103 3106 6305 6302)
4(3101 3103 6302 6300)
4(3101 6300 6299 3100)
4(2576 3100 6299 6295)
4(2576 6295 6294 2575)
4(2573 2575 6294 6292)
4(2571 2573 6292 6290)
4(2571 6290 6289 2570)
4(2569 2570 6289 6288)
4(2569 6288 6348 6064)
4(2125 6064 6348 6287)
4(2125 6287 6286 2124)
4(2123 2124 6286 6285)
4(2123 6285 6282 2120)
4(1578 6279 6277 1558)
4(1579 2120 6282 6280)
4(1579 6280 6279 1578)
4(5065 5705 6265 5703)
4(5705 5707 6266 6265)
4(5707 6264 6267 6266)
4(4116 6266 6267 4122)
4(4114 6265 6266 4116)
4(1112 5703 6265 4114)
4(5061 5063 5702 5701)
4(5063 5065 5703 5702)
4(1110 5702 5703 1112)
4(1100 5701 5702 1110)
4(5059 5061 5701 5066)
4(1098 5066 5701 1100)
4(4108 5059 5066 4112)
4(5700 4112 5066 1098)
4(4115 4116 4122 4121)
4(3663 3665 4120 4118)
4(3192 3663 4118 3639)
4(1106 1108 3661 3659)
4(3659 3661 3665 3663)
4(3188 3659 3663 3192)
4(493 1106 3659 3188)
4(3190 3192 3639 3637)
4(3184 3190 3637 3196)
4(3182 3184 3196 3194)
4(6137 3182 3194 399)
4(3180 3186 3190 3184)
4(3186 3188 3192 3190)
4(491 493 3188 3186)
4(485 491 3186 3180)
4(483 485 3180 3178)
4(3178 3180 3184 3182)
4(6133 3178 3182 6137)
4(5436 483 3178 6133)
4(1094 1096 1104 1102)
4(1102 1104 1108 1106)
4(489 1102 1106 493)
4(6262 1094 1102 489)
4(5688 4110 4111 5698)
4(5698 4111 4112 5700)
4(4106 4108 4112 4111)
4(3635 4106 4111 4110)
4(4100 3633 4109 4104)
4(3633 3635 4110 4109)
4(5686 4109 4110 5688)
4(6230 4104 4109 5686)
4(3664 4115 4121 4119)
4(3664 4119 4120 3665)
4(3660 3664 3665 3661)
4(3660 4113 4115 3664)
4(4113 4114 4116 4115)
4(1107 1111 4113 3660)
4(1111 1112 4114 4113)
4(1107 3660 3661 1108)
4(5432 479 483 5436)
4(479 481 485 483)
4(481 487 491 485)
4(487 489 493 491)
4(1103 1107 1108 1104)
4(1103 1109 1111 1107)
4(1109 1110 1112 1111)
4(1095 1099 1109 1103)
4(1099 1100 1110 1109)
4(1095 1103 1104 1096)
4(6258 1090 1094 6262)
4(1091 1095 1096 1092)
4(1090 1092 1096 1094)
4(1091 1097 1099 1095)
4(1097 1098 1100 1099)
4(5695 5699 1097 1091)
4(5699 5700 1098 1097)
4(5695 1091 1092 5696)
4(5694 5696 1092 1090)
4(5053 5694 1090 6258)
4(5697 5698 5700 5699)
4(5691 5695 5696 5692)
4(5691 5697 5699 5695)
4(6260 6262 489 487)
4(6254 6260 487 481)
4(6256 6258 6262 6260)
4(6250 6256 6260 6254)
4(6252 6254 481 479)
4(5420 6252 479 5432)
4(5051 5053 6258 6256)
4(5045 5051 6256 6250)
4(5043 5045 6250 6248)
4(6248 6250 6254 6252)
4(4469 5043 6248 5416)
4(5416 6248 6252 5420)
4(4465 5039 5043 4469)
4(5039 5041 5045 5043)
4(5041 5047 5051 5045)
4(5047 5049 5053 5051)
4(5049 5690 5694 5053)
4(5690 5692 5696 5694)
4(5037 5682 5690 5049)
4(5682 5684 5692 5690)
4(5683 5691 5692 5684)
4(5683 5687 5697 5691)
4(5687 5688 5698 5697)
4(5679 5685 5687 5683)
4(5685 5686 5688 5687)
4(5679 5683 5684 5680)
4(5655 6229 5685 5679)
4(5655 5679 5680 5656)
4(6229 6230 5686 5685)
4(5654 5656 5680 5678)
4(5678 5680 5684 5682)
4(5033 5678 5682 5037)
4(5017 5654 5678 5033)
4(5650 5652 5656 5654)
4(5643 5647 6227 5651)
4(5643 5651 5652 5644)
4(5651 6227 6229 5655)
4(5651 5655 5656 5652)
4(6227 6228 6230 6229)
4(6228 4103 4104 6230)
4(4096 4098 4103 4102)
4(4098 4100 4104 4103)
4(5648 4102 4103 6228)
4(5646 4101 4102 5648)
4(5035 5037 5049 5047)
4(5015 5017 5033 5031)
4(5031 5033 5037 5035)
4(5029 5035 5047 5041)
4(6135 6137 399 397)
4(6129 6135 397 395)
4(5009 5015 5031 5025)
4(5025 5031 5035 5029)
4(4010 5027 5039 4465)
4(5027 5029 5041 5039)
4(5007 5009 5025 5023)
4(5023 5025 5029 5027)
4(4006 5023 5027 4010)
4(1550 5007 5023 4006)
4(5003 5005 5009 5007)
4(5005 5011 5015 5009)
4(5011 5013 5017 5015)
4(5013 5650 5654 5017)
4(5642 5644 5652 5650)
4(5001 5642 5650 5013)
4(4546 4548 5640 5638)
4(5638 5640 5644 5642)
4(4997 5638 5642 5001)
4(4072 4546 5638 4997)
4(4539 4540 4550 4549)
4(4549 4550 4552 4551)
4(4551 4552 5646 5645)
4(5645 5646 5648 5647)
4(5647 5648 6228 6227)
4(5639 5643 5644 5640)
4(5639 5645 5647 5643)
4(4094 4096 4102 4101)
4(2664 4094 4101 3164)
4(4552 3164 4101 5646)
4(4550 3163 3164 4552)
4(2662 2664 3164 3163)
4(2660 2662 3163 3162)
4(4540 3162 3163 4550)
4(4538 3161 3162 4540)
4(5606 6220 6222 5610)
4(5592 5598 6220 5606)
4(5588 5596 5598 5592)
4(4514 4520 5596 5588)
4(5608 2658 3161 6226)
4(2658 2660 3162 3161)
4(1677 6226 3161 4538)
4(5604 5608 6226 6225)
4(5604 5606 5610 5608)
4(1675 6225 6226 1677)
4(1665 6224 6225 1675)
4(5590 5604 6225 6224)
4(5590 5592 5606 5604)
4(5586 5590 6224 6223)
4(1663 6223 6224 1665)
4(5586 5588 5592 5590)
4(4512 5586 6223 4524)
4(4512 4514 5588 5586)
4(453 4524 6223 1663)
4(1662 1663 1665 1664)
4(1664 1665 1675 1674)
4(1674 1675 1677 1676)
4(1676 1677 4538 4537)
4(4537 4538 4540 4539)
4(5459 6127 393 5466)
4(6127 6129 395 393)
4(5455 6123 6127 5459)
4(6123 6125 6129 6127)
4(6125 6131 6135 6129)
4(6131 6133 6137 6135)
4(5428 5434 6131 6125)
4(5434 5436 6133 6131)
4(5426 5428 6125 6123)
4(4915 5426 6123 5455)
4(5430 5432 5436 5434)
4(5424 5430 5434 5428)
4(5412 5418 5430 5424)
4(5418 5420 5432 5430)
4(5410 5412 5424 5422)
4(5422 5424 5428 5426)
4(4911 5422 5426 4915)
4(4901 5410 5422 4911)
4(5414 5416 5420 5418)
4(5408 5414 5418 5412)
4(4461 4467 5414 5408)
4(4467 4469 5416 5414)
4(5406 5408 5412 5410)
4(4897 5406 5410 4901)
4(3583 4459 5406 4897)
4(4459 4461 5408 5406)
4(3581 3583 4897 4895)
4(4895 4897 4901 4899)
4(4899 4901 4911 4909)
4(4909 4911 4915 4913)
4(4913 4915 5455 5453)
4(5453 5455 5459 5457)
4(5457 5459 5466 5464)
4(5451 5457 5464 5462)
4(5450 5451 5462 5461)
4(5448 5453 5457 5451)
4(5447 5448 5451 5450)
4(4907 4913 5453 5448)
4(4906 4907 5448 5447)
4(5449 5450 5461 5460)
4(3587 5449 5460 3589)
4(3585 5446 5449 3587)
4(5446 5447 5450 5449)
4(3586 3587 3589 3588)
4(3094 3586 3588 3106)
4(3086 3094 3106 3103)
4(3084 3086 3103 3101)
4(390 391 3585 3584)
4(3584 3585 3587 3586)
4(391 4905 5446 3585)
4(4905 4906 5447 5446)
4(4904 4909 4913 4907)
4(4903 4904 4907 4906)
4(4893 4899 4909 4904)
4(4892 4893 4904 4903)
4(4890 4895 4899 4893)
4(4889 4890 4893 4892)
4(3575 3581 4895 4890)
4(3574 3575 4890 4889)
4(1546 5003 5007 1550)
4(4999 5001 5013 5011)
4(4993 4999 5011 5005)
4(1534 4991 5003 1546)
4(4991 4993 5005 5003)
4(4989 4995 4999 4993)
4(4995 4997 5001 4999)
4(4070 4072 4997 4995)
4(4064 4070 4995 4989)
4(4062 4064 4989 4987)
4(4987 4989 4993 4991)
4(880 4987 4991 1534)
4(6044 4062 4987 880)
4(4542 4544 4548 4546)
4(4068 4542 4546 4072)
4(3631 4534 4542 4068)
4(4534 4536 4544 4542)
4(4510 4518 4520 4514)
4(4056 4500 4502 4496)
4(4496 4502 4518 4510)
4(4494 4508 4523 4522)
4(4494 4496 4510 4508)
4(4508 4512 4524 4523)
4(4508 4510 4514 4512)
4(451 4523 4524 453)
4(6210 4522 4523 451)
4(4547 4551 5645 5639)
4(4547 5639 5640 4548)
4(4543 4549 4551 4547)
4(4543 4547 4548 4544)
4(4535 4539 4549 4543)
4(4535 4543 4544 4536)
4(4531 4537 4539 4535)
4(4531 4535 4536 4532)
4(1672 1676 4537 4531)
4(1672 4531 4532 1673)
4(3627 4530 4534 3631)
4(4530 4532 4536 4534)
4(3629 3631 4068 4066)
4(4066 4068 4072 4070)
4(4060 4066 4070 4064)
4(3623 3629 4066 4060)
4(4891 4892 4903 4902)
4(4902 4903 4906 4905)
4(389 4902 4905 391)
4(387 4891 4902 389)
4(4490 4889 4892 4891)
4(3573 3574 4889 4490)
4(5366 3573 4490 385)
4(385 4490 4891 387)
4(4887 3570 3573 5366)
4(3571 3572 3575 3574)
4(3570 3571 3574 3573)
4(3572 3577 3581 3575)
4(3577 3579 3583 3581)
4(3579 4455 4459 3583)
4(4455 4457 4461 4459)
4(4457 4463 4467 4461)
4(4463 4465 4469 4467)
4(4002 4008 4463 4457)
4(4008 4010 4465 4463)
4(3569 4000 4455 3579)
4(4000 4002 4457 4455)
4(3565 3996 4000 3569)
4(3996 3998 4002 4000)
4(3998 4004 4008 4002)
4(4004 4006 4010 4008)
4(1542 1548 4004 3998)
4(1548 1550 4006 4004)
4(856 1540 3996 3565)
4(1540 1542 3998 3996)
4(854 856 3565 3563)
4(3563 3565 3569 3567)
4(3567 3569 3579 3577)
4(3561 3567 3577 3572)
4(3558 3563 3567 3561)
4(364 854 3563 3558)
4(363 364 3558 3557)
4(3557 3558 3561 3560)
4(3560 3561 3572 3571)
4(4885 3559 3570 4887)
4(3559 3560 3571 3570)
4(4883 3556 3559 4885)
4(3556 3557 3560 3559)
4(362 363 3557 3556)
4(882 1534 1546 1544)
4(1544 1546 1550 1548)
4(1538 1544 1548 1542)
4(876 882 1544 1538)
4(1536 1538 1542 1540)
4(852 1536 1540 856)
4(358 874 1536 852)
4(874 876 1538 1536)
4(872 878 882 876)
4(878 880 1534 882)
4(6036 6042 878 872)
4(6042 6044 880 878)
4(870 872 876 874)
4(354 870 874 358)
4(5358 6034 870 354)
4(6034 6036 872 870)
4(3083 3084 3101 3100)
4(2568 3083 3100 2576)
4(3090 3584 3586 3094)
4(3082 3090 3094 3086)
4(6112 390 3584 3090)
4(6104 6112 3090 3082)
4(388 389 391 390)
4(6108 388 390 6112)
4(6100 6108 6112 6104)
4(6088 386 388 6108)
4(6080 6088 6108 6100)
4(386 387 389 388)
4(384 385 387 386)
4(361 366 854 364)
4(366 852 856 854)
4(356 358 852 366)
4(350 356 366 361)
4(349 350 361 360)
4(360 361 364 363)
4(6102 6104 3082 3080)
4(6101 6102 3080 3079)
4(3080 3082 3086 3084)
4(3079 3080 3084 3083)
4(6098 6100 6104 6102)
4(6078 6080 6100 6098)
4(6097 6098 6102 6101)
4(5397 6097 6101 5398)
4(5398 6101 3079 2567)
4(2567 3079 3083 2568)
4(2562 2567 2568 2566)
4(2566 2568 2576 2575)
4(5396 5398 2567 2562)
4(2560 2562 2566 2564)
4(2564 2566 2575 2573)
4(2558 2564 2573 2571)
4(2557 2558 2571 2570)
4(2555 2560 2564 2558)
4(2554 2555 2558 2557)
4(5394 5396 2562 2560)
4(5388 5394 2560 2555)
4(5387 5388 2555 2554)
4(6219 6221 6222 6220)
4(5597 6219 6220 5598)
4(4519 5595 5596 4520)
4(5595 5597 5598 5596)
4(3621 3623 4060 4058)
4(4058 4060 4064 4062)
4(6040 4058 4062 6044)
4(6028 3621 4058 6040)
4(3617 3619 3623 3621)
4(3619 3625 3629 3623)
4(3625 3627 3631 3629)
4(1072 1671 4530 3627)
4(1671 1673 4532 4530)
4(1064 1070 3625 3619)
4(1070 1072 3627 3625)
4(4517 4519 4520 4518)
4(5535 4499 4500 5536)
4(4499 4501 4502 4500)
4(4501 4517 4518 4502)
4(4054 4056 4496 4494)
4(5530 5536 4500 4056)
4(5526 5534 5536 5530)
4(5512 5518 5534 5526)
4(4967 5516 5518 5512)
4(6032 6038 6042 6036)
4(6038 6040 6044 6042)
4(6020 6026 6038 6032)
4(6026 6028 6040 6038)
4(1062 1064 3619 3617)
4(3042 1062 3617 6024)
4(6024 3617 3621 6028)
4(2550 362 3556 4883)
4(4882 4883 4885 4884)
4(4851 4882 4884 4855)
4(4855 4884 4886 4875)
4(4884 4885 4887 4886)
4(4886 4887 5366 4888)
4(4875 4886 4888 4879)
4(4888 5366 385 384)
4(4879 4888 384 6084)
4(6084 384 386 6088)
4(6076 6084 6088 6080)
4(4867 4875 4879 4871)
4(4871 4879 6084 6076)
4(4869 4871 6076 6074)
4(6074 6076 6080 6078)
4(4868 4869 6074 6073)
4(4438 4868 6073 5381)
4(6073 6074 6078 6077)
4(5381 6073 6077 5382)
4(6077 6078 6098 6097)
4(5382 6077 6097 5397)
4(5392 5397 5398 5396)
4(5380 5382 5397 5392)
4(5376 5381 5382 5380)
4(4436 4438 5381 5376)
4(4434 4436 5376 5374)
4(5374 5376 5380 5378)
4(5378 5380 5392 5390)
4(5390 5392 5396 5394)
4(5385 5390 5394 5388)
4(5372 5378 5390 5385)
4(5369 5374 5378 5372)
4(3982 4434 5374 5369)
4(4865 4867 4871 4869)
4(4450 4452 4867 4865)
4(4452 4855 4875 4867)
4(4448 4851 4855 4452)
4(2073 2549 4882 4851)
4(2065 2073 4851 4448)
4(2549 2550 4883 4882)
4(2548 359 362 2550)
4(359 360 363 362)
4(352 354 358 356)
4(347 352 356 350)
4(5350 5356 352 347)
4(5356 5358 354 352)
4(6030 6032 6036 6034)
4(5354 6030 6034 5358)
4(5344 6018 6030 5354)
4(6018 6020 6032 6030)
4(6022 6024 6028 6026)
4(6016 6022 6026 6020)
4(3034 3040 6022 6016)
4(3040 3042 6024 6022)
4(1659 1661 1669 1667)
4(1667 1669 1673 1671)
4(1068 1667 1671 1072)
4(1056 1659 1667 1068)
4(6216 6218 1657 1655)
4(1655 1657 1661 1659)
4(1052 1655 1659 1056)
4(5580 6216 1655 1052)
4(1054 1056 1068 1066)
4(1066 1068 1072 1070)
4(1060 1066 1070 1064)
4(477 1054 1066 1060)
4(475 477 1060 1058)
4(1058 1060 1064 1062)
4(3038 1058 1062 3042)
4(3026 475 1058 3038)
4(473 1050 1054 477)
4(1050 1052 1056 1054)
4(5578 5580 1052 1050)
4(5572 5578 1050 473)
4(5570 5572 473 471)
4(471 473 477 475)
4(3022 471 475 3026)
4(2016 5570 471 3022)
4(6204 6206 6214 6212)
4(6212 6214 6218 6216)
4(5576 6212 6216 5580)
4(5564 6204 6212 5576)
4(1645 5540 4521 6208)
4(6208 4521 4522 6210)
4(4054 4494 4522 4521)
4(5528 4054 4521 5540)
4(5528 5530 4056 4054)
4(6154 4048 4491 6164)
4(6164 4491 4492 6166)
4(6166 4492 5537 1038)
4(1038 5537 5538 1040)
4(1040 5538 5539 1643)
4(1643 5539 5540 1645)
4(5524 5528 5540 5539)
4(4045 5515 5516 4046)
4(5515 5517 5518 5516)
4(5517 5533 5534 5518)
4(5533 5535 5536 5534)
4(5524 5526 5530 5528)
4(4969 5524 5539 5538)
4(4969 5512 5526 5524)
4(4965 4969 5538 5537)
4(4965 4967 5512 4969)
4(4040 4046 5516 4967)
4(4036 4044 4046 4040)
4(4022 4028 4044 4036)
4(4038 4965 5537 4492)
4(4038 4040 4967 4965)
4(4034 4036 4040 4038)
4(4043 4045 4046 4044)
4(1668 1674 1676 1672)
4(1668 1672 1673 1669)
4(1660 1664 1674 1668)
4(1660 1668 1669 1661)
4(1656 1660 1661 1657)
4(1656 1662 1664 1660)
4(6217 452 1662 1656)
4(452 453 1663 1662)
4(6217 1656 1657 6218)
4(5349 5350 347 346)
4(346 347 350 349)
4(345 346 349 348)
4(348 349 360 359)
4(5347 5352 5356 5350)
4(5352 5354 5358 5356)
4(5342 5344 5354 5352)
4(6014 6016 6020 6018)
4(5340 6014 6018 5344)
4(2540 3032 6014 5340)
4(3032 3034 6016 6014)
4(3036 3038 3042 3040)
4(3030 3036 3040 3034)
4(3018 3024 3036 3030)
4(3024 3026 3038 3036)
4(3028 3030 3034 3032)
4(2536 3028 3032 2540)
4(5338 5340 5344 5342)
4(4847 5338 5342 5336)
4(5336 5342 5352 5347)
4(2532 2538 5338 4847)
4(2538 2540 5340 5338)
4(2012 5566 5570 2016)
4(5566 5568 5572 5570)
4(5568 5574 5578 5572)
4(5574 5576 5580 5578)
4(6213 6217 6218 6214)
4(6213 450 452 6217)
4(450 451 453 452)
4(6205 6209 450 6213)
4(6209 6210 451 450)
4(6205 6213 6214 6206)
4(5560 6200 6204 5564)
4(6201 6205 6206 6202)
4(6200 6202 6206 6204)
4(6201 6207 6209 6205)
4(6207 6208 6210 6209)
4(1047 1644 6207 6201)
4(1644 1645 6208 6207)
4(448 1046 6200 5560)
4(1046 1048 6202 6200)
4(5562 5564 5576 5574)
4(5556 5562 5574 5568)
4(5554 5556 5568 5566)
4(1512 5554 5566 2012)
4(5552 5558 5562 5556)
4(5558 5560 5564 5562)
4(446 448 5560 5558)
4(440 446 5558 5552)
4(438 440 5552 5550)
4(5550 5552 5556 5554)
4(1508 5550 5554 1512)
4(2931 438 5550 1508)
4(1034 1036 1044 1042)
4(1042 1044 1048 1046)
4(444 1042 1046 448)
4(432 1034 1042 444)
4(6160 6162 1032 1030)
4(1030 1032 1036 1034)
4(428 1030 1034 432)
4(5484 6160 1030 428)
4(2556 2557 2570 2569)
4(6057 2556 2569 6064)
4(1577 6057 6064 2125)
4(6053 2553 2556 6057)
4(1574 6053 6057 1577)
4(2553 2554 2557 2556)
4(5386 5387 2554 2553)
4(4424 5386 2553 6053)
4(5371 5372 5385 5384)
4(5384 5385 5388 5387)
4(5383 5384 5387 5386)
4(4420 5383 5386 4424)
4(2117 4420 4424 2552)
4(2552 4424 6053 1574)
4(2551 2552 1574 1573)
4(1573 1574 1577 1576)
4(1576 1577 2125 2124)
4(4449 4450 4865 4864)
4(4864 4865 4869 4868)
4(4437 4864 4868 4438)
4(4432 4437 4438 4436)
4(3976 4449 4864 4437)
4(3974 3976 4437 4432)
4(2063 2065 4448 4446)
4(2062 2063 4446 4445)
4(4446 4448 4452 4450)
4(4445 4446 4450 4449)
4(2547 2548 2550 2549)
4(2059 2061 2065 2063)
4(2069 2547 2549 2073)
4(2061 2069 2073 2065)
4(2079 348 359 2548)
4(2077 345 348 2079)
4(2078 2079 2548 2547)
4(2049 2078 2547 2069)
4(2041 2049 2069 2061)
4(2076 2077 2079 2078)
4(1532 2037 2041 2039)
4(2039 2041 2061 2059)
4(5335 5336 5347 5346)
4(4848 5335 5346 5345)
4(5346 5347 5350 5349)
4(5345 5346 5349 5348)
4(5348 5349 346 345)
4(4846 4847 5336 5335)
4(2531 2532 4847 4846)
4(3016 3018 3030 3028)
4(2526 3016 3028 2536)
4(3012 3014 3018 3016)
4(3014 3020 3024 3018)
4(3020 3022 3026 3024)
4(2014 2016 3022 3020)
4(2008 2014 3020 3014)
4(2010 2012 2016 2014)
4(2004 2010 2014 2008)
4(1504 1510 2010 2004)
4(1510 1512 2012 2010)
4(2534 2536 2540 2538)
4(2529 2534 2538 2532)
4(2518 2524 2534 2529)
4(2524 2526 2536 2534)
4(2528 2529 2532 2531)
4(2522 3012 3016 2526)
4(1484 2006 3012 2522)
4(2006 2008 3014 3012)
4(822 1484 2522 2520)
4(2520 2522 2526 2524)
4(2515 2520 2524 2518)
4(816 822 2520 2515)
4(820 2002 2006 1484)
4(2002 2004 2008 2006)
4(1502 1504 2004 2002)
4(810 1502 2002 820)
4(1506 1508 1512 1510)
4(1500 1506 1510 1504)
4(2923 2929 1506 1500)
4(2929 2931 1508 1506)
4(2921 2923 1500 1498)
4(1498 1500 1504 1502)
4(806 1498 1502 810)
4(1945 2921 1498 806)
4(818 820 1484 822)
4(813 818 822 816)
4(3952 2530 4845 824)
4(824 4845 4848 826)
4(826 4848 5345 828)
4(828 5345 5348 830)
4(830 5348 345 2077)
4(4845 4846 5335 4848)
4(2530 2531 4846 4845)
4(3975 4445 4449 3976)
4(3970 3975 3976 3974)
4(1524 2062 4445 3975)
4(1522 1524 3975 3970)
4(5368 5369 5372 5371)
4(3981 3982 5369 5368)
4(3980 3981 5368 5367)
4(3062 3980 5367 3956)
4(5367 5368 5371 5370)
4(3956 5367 5370 3960)
4(5370 5371 5384 5383)
4(3960 5370 5383 4420)
4(4430 4432 4436 4434)
4(3979 4430 4434 3982)
4(3966 3972 4430 3979)
4(3972 3974 4432 4430)
4(3978 3979 3982 3981)
4(3977 3978 3981 3980)
4(3965 3966 3979 3978)
4(3058 3977 3980 3062)
4(909 3058 3062 912)
4(912 3062 3956 2099)
4(2099 3956 3960 2102)
4(2102 3960 4420 2117)
4(2101 2102 2117 2116)
4(2116 2117 2552 2551)
4(1575 1576 2124 2123)
4(1569 1575 2123 2120)
4(6152 4047 4048 6154)
4(4027 4043 4044 4028)
4(4020 4022 4036 4034)
4(4020 4034 4491 4048)
4(4034 4038 4492 4491)
4(4016 4020 4048 4047)
4(4016 4018 4022 4020)
4(4018 4026 4028 4022)
4(999 1005 4026 4018)
4(997 4016 4047 1641)
4(997 999 4018 4016)
4(3160 1641 4047 6152)
4(3159 3160 6152 6151)
4(6151 6152 6154 6153)
4(6153 6154 6164 6163)
4(6163 6164 6166 6165)
4(6165 6166 1038 1037)
4(1037 1038 1040 1039)
4(1039 1040 1643 1642)
4(1642 1643 1645 1644)
4(1043 1642 1644 1047)
4(1043 1047 1048 1044)
4(1047 6201 6202 1048)
4(2927 434 438 2931)
4(434 436 440 438)
4(436 442 446 440)
4(442 444 448 446)
4(1035 1039 1642 1043)
4(1031 1037 1039 1035)
4(1031 1035 1036 1032)
4(1035 1043 1044 1036)
4(6161 6165 1037 1031)
4(1004 4025 4026 1005)
4(4025 4027 4028 4026)
4(6157 6163 6165 6161)
4(6157 6161 6162 6158)
4(6161 1031 1032 6162)
4(5482 5484 428 426)
4(426 428 432 430)
4(430 432 444 442)
4(424 430 442 436)
4(422 424 436 434)
4(2426 422 434 2927)
4(420 426 430 424)
4(5476 5482 426 420)
4(5474 5476 420 418)
4(418 420 424 422)
4(2422 418 422 2426)
4(1423 5474 418 2422)
4(6148 6150 6158 6156)
4(6156 6158 6162 6160)
4(5480 6156 6160 5484)
4(4959 6148 6156 5480)
4(3154 3156 6146 5510)
4(5510 6146 6150 6148)
4(4955 5510 6148 4959)
4(2638 3154 5510 4955)
4(4957 4959 5480 5478)
4(5478 5480 5484 5482)
4(5472 5478 5482 5476)
4(4951 4957 5478 5472)
4(4949 4951 5472 5470)
4(5470 5472 5476 5474)
4(1419 5470 5474 1423)
4(1407 4949 5470 1419)
4(4947 4953 4957 4951)
4(4953 4955 4959 4957)
4(2636 2638 4955 4953)
4(2630 2636 4953 4947)
4(2628 2630 4947 4945)
4(4945 4947 4951 4949)
4(1403 4945 4949 1407)
4(4398 2628 4945 1403)
4(1002 1004 1005 1003)
4(995 1003 1005 999)
4(981 987 1003 995)
4(993 997 1641 1640)
4(993 995 999 997)
4(3158 1640 1641 3160)
4(3148 1639 1640 3158)
4(979 993 1640 1639)
4(979 981 995 993)
4(975 979 1639 1638)
4(975 977 981 979)
4(977 985 987 981)
4(3146 1638 1639 3148)
4(6141 975 1638 6144)
4(2138 6144 1638 3146)
4(2136 6143 6144 2138)
4(5468 6139 6143 6142)
4(6139 6141 6144 6143)
4(1628 6142 6143 2136)
4(1627 1628 2136 1637)
4(1637 2136 2138 2137)
4(2137 2138 3146 3145)
4(3145 3146 3148 3147)
4(3147 3148 3158 3157)
4(3157 3158 3160 3159)
4(3150 3152 3156 3154)
4(2634 3150 3154 2638)
4(2622 3142 3150 2634)
4(3142 3144 3152 3150)
4(3143 3151 3152 3144)
4(3151 3155 3156 3152)
4(3155 6145 6146 3156)
4(6145 6149 6150 6146)
4(6149 6157 6158 6150)
4(6149 6153 6163 6157)
4(6145 6151 6153 6149)
4(3155 3159 6151 6145)
4(3151 3157 3159 3155)
4(3143 3147 3157 3151)
4(3139 3145 3147 3143)
4(3139 3143 3144 3140)
4(1635 2137 3145 3139)
4(1635 3139 3140 1636)
4(986 1002 1003 987)
4(984 986 987 985)
4(4394 2624 2628 4398)
4(2624 2626 2630 2628)
4(2626 2632 2636 2630)
4(2632 2634 2638 2636)
4(2166 3138 3142 2622)
4(3138 3140 3144 3142)
4(966 1634 3138 2166)
4(1634 1636 3140 3138)
4(2162 2168 2632 2626)
4(2168 2622 2634 2632)
4(2160 2162 2626 2624)
4(4382 2160 2624 4394)
4(2158 2164 2168 2162)
4(2164 2166 2622 2168)
4(964 966 2166 2164)
4(958 964 2164 2158)
4(956 958 2158 2156)
4(2156 2158 2162 2160)
4(4378 2156 2160 4382)
4(3414 956 2156 4378)
4(2045 2076 2078 2049)
4(2037 2045 2049 2041)
4(327 829 2076 2045)
4(319 327 2045 2037)
4(829 830 2077 2076)
4(827 828 830 829)
4(323 827 829 327)
4(315 323 327 319)
4(303 825 827 323)
4(295 303 323 315)
4(825 826 828 827)
4(313 315 319 317)
4(317 319 2037 1532)
4(293 295 315 313)
4(289 291 295 293)
4(299 823 825 303)
4(291 299 303 295)
4(823 824 826 825)
4(3951 3952 824 823)
4(3942 3951 823 299)
4(3537 3942 299 291)
4(3535 3537 291 289)
4(3968 3970 3974 3972)
4(3963 3968 3972 3966)
4(1514 1520 3968 3963)
4(1520 1522 3970 3968)
4(2058 2059 2063 2062)
4(1523 2058 2062 1524)
4(1518 1523 1524 1522)
4(846 2038 2058 1523)
4(844 846 1523 1518)
4(2038 2039 2059 2058)
4(1531 1532 2039 2038)
4(845 1531 2038 846)
4(840 845 846 844)
4(6007 316 1531 845)
4(6005 6007 845 840)
4(316 317 1532 1531)
4(842 844 1518 1516)
4(1516 1518 1522 1520)
4(849 1516 1520 1514)
4(836 842 1516 849)
4(833 838 842 836)
4(838 840 844 842)
4(6003 6005 840 838)
4(5997 6003 838 833)
4(312 313 317 316)
4(6006 312 316 6007)
4(292 293 313 312)
4(6001 6006 6007 6005)
4(5991 292 312 6006)
4(5989 5991 6006 6001)
4(288 289 293 292)
4(5990 288 292 5991)
4(3534 3535 289 288)
4(5985 5990 5991 5989)
4(3004 3534 288 5990)
4(3002 3004 5990 5985)
4(3949 3950 3952 3951)
4(3950 2527 2530 3952)
4(2527 2528 2531 2530)
4(3948 2516 2527 3950)
4(2516 2517 2528 2527)
4(2517 2518 2529 2528)
4(2514 2515 2518 2517)
4(815 816 2515 2514)
4(814 815 2514 2513)
4(2513 2514 2517 2516)
4(3947 3948 3950 3949)
4(3946 2513 2516 3948)
4(802 808 818 813)
4(808 810 820 818)
4(2972 814 2513 3946)
4(811 812 815 814)
4(801 802 813 812)
4(812 813 816 815)
4(2970 811 814 2972)
4(2971 2972 3946 3945)
4(3945 3946 3948 3947)
4(3517 3945 3947 3521)
4(3509 3517 3521 3513)
4(3521 3947 3949 3541)
4(3513 3521 3541 3533)
4(3541 3949 3951 3942)
4(3533 3541 3942 3537)
4(2504 2971 3945 3517)
4(2496 2504 3517 3509)
4(2511 2970 2972 2971)
4(799 804 808 802)
4(804 806 810 808)
4(1943 1945 806 804)
4(1937 1943 804 799)
4(1936 1937 799 798)
4(1935 1936 798 797)
4(797 798 801 800)
4(798 799 802 801)
4(800 801 812 811)
4(2510 800 811 2970)
4(2098 2099 2102 2101)
4(911 912 2099 2098)
4(1555 1562 1578 1558)
4(1563 1569 2120 1579)
4(1562 1563 1579 1578)
4(1572 1573 1576 1575)
4(1565 1572 1575 1569)
4(1561 1565 1569 1563)
4(2112 2118 1572 1565)
4(2106 2112 1565 1561)
4(2118 2551 1573 1572)
4(5987 5989 6001 5999)
4(5999 6001 6005 6003)
4(5994 5999 6003 5997)
4(5981 5987 5999 5994)
4(3964 3965 3978 3977)
4(3050 3964 3977 3058)
4(894 3050 3058 909)
4(3046 3961 3964 3050)
4(891 3046 3050 894)
4(3961 3962 3965 3964)
4(3962 3963 3966 3965)
4(1513 1514 3963 3962)
4(850 1513 3962 3961)
4(1457 850 3961 3046)
4(2470 1457 3046 891)
4(5980 5981 5994 5993)
4(5979 5980 5993 5992)
4(5992 5993 5996 5995)
4(5993 5994 5997 5996)
4(5996 5997 833 832)
4(5995 5996 832 831)
4(832 833 836 835)
4(831 832 835 834)
4(835 836 849 848)
4(834 835 848 847)
4(848 849 1514 1513)
4(847 848 1513 850)
4(3511 3513 3533 3531)
4(3510 3511 3531 3530)
4(3531 3533 3537 3535)
4(3530 3531 3535 3534)
4(3507 3509 3513 3511)
4(1453 847 850 1457)
4(2467 1453 1457 2470)
4(1445 834 847 1453)
4(2452 1445 1453 2467)
4(1441 831 834 1445)
4(2449 1441 1445 2452)
4(271 5995 831 1441)
4(1437 271 1441 2449)
4(267 5992 5995 271)
4(1434 267 271 1437)
4(5975 5979 5992 267)
4(772 5975 267 1434)
4(5977 5978 5981 5980)
4(5976 5977 5980 5979)
4(5978 5983 5987 5981)
4(5983 5985 5989 5987)
4(2994 3000 5983 5978)
4(3000 3002 5985 5983)
4(2993 2994 5978 5977)
4(2992 2993 5977 5976)
4(2490 2492 2496 2494)
4(2494 2496 3509 3507)
4(2000 2472 2492 2490)
4(2480 2509 2511 2500)
4(2472 2480 2500 2492)
4(2500 2511 2971 2504)
4(2492 2500 2504 2496)
4(2509 2510 2970 2511)
4(2508 797 800 2510)
4(3908 1935 797 2508)
4(3907 3908 2508 2507)
4(2507 2508 2510 2509)
4(2476 2507 2509 2480)
4(1998 2476 2480 2472)
4(3469 3907 2507 2476)
4(3461 3469 2476 1998)
4(2925 2927 2931 2929)
4(2919 2925 2929 2923)
4(2418 2424 2925 2919)
4(2424 2426 2927 2925)
4(2917 2919 2923 2921)
4(1941 2917 2921 1945)
4(1931 2416 2917 1941)
4(2416 2418 2919 2917)
4(2420 2422 2426 2424)
4(2414 2420 2424 2418)
4(1415 1421 2420 2414)
4(1421 1423 2422 2420)
4(2412 2414 2418 2416)
4(1927 2412 2416 1931)
4(738 1413 2412 1927)
4(1413 1415 2414 2412)
4(1925 1927 1931 1929)
4(1929 1931 1941 1939)
4(1939 1941 1945 1943)
4(1934 1939 1943 1937)
4(1923 1929 1939 1934)
4(1922 1923 1934 1933)
4(1921 1922 1933 1932)
4(1933 1934 1937 1936)
4(1932 1933 1936 1935)
4(1920 1925 1929 1923)
4(1919 1920 1923 1922)
4(736 738 1927 1925)
4(730 736 1925 1920)
4(729 730 1920 1919)
4(728 729 1919 1918)
4(1918 1919 1922 1921)
4(3477 1932 1935 3908)
4(3475 1921 1932 3477)
4(3473 1918 1921 3475)
4(1417 1419 1423 1421)
4(1411 1417 1421 1415)
4(1399 1405 1417 1411)
4(1405 1407 1419 1417)
4(1397 1399 1411 1409)
4(1409 1411 1415 1413)
4(734 1409 1413 738)
4(724 1397 1409 734)
4(1401 1403 1407 1405)
4(1395 1401 1405 1399)
4(4390 4396 1401 1395)
4(4396 4398 1403 1401)
4(4388 4390 1395 1393)
4(1393 1395 1399 1397)
4(720 1393 1397 724)
4(3900 4388 1393 720)
4(722 724 734 732)
4(732 734 738 736)
4(727 732 736 730)
4(257 722 732 727)
4(1631 1637 2137 1635)
4(1631 1635 1636 1632)
4(1624 1627 1637 1631)
4(1624 1631 1632 1625)
4(1620 1626 1627 1624)
4(1620 1624 1625 1621)
4(3596 3599 1626 1620)
4(3596 1620 1621 3597)
4(1630 1632 1636 1634)
4(962 1630 1634 966)
4(950 1623 1630 962)
4(1623 1625 1632 1630)
4(1619 1621 1625 1623)
4(946 1619 1623 950)
4(2620 3595 1619 946)
4(3595 3597 1621 1619)
4(960 962 966 964)
4(954 960 964 958)
4(942 948 960 954)
4(948 950 962 960)
4(3898 3900 720 718)
4(718 720 724 722)
4(726 727 730 729)
4(256 257 727 726)
4(254 718 722 257)
4(253 254 257 256)
4(3892 3898 718 254)
4(5334 3890 252 2370)
4(2370 252 255 2372)
4(2372 255 725 2374)
4(2374 725 728 2376)
4(2376 728 1918 3473)
4(725 726 729 728)
4(3003 3530 3534 3004)
4(2998 3003 3004 3002)
4(2988 3510 3530 3003)
4(2986 2988 3003 2998)
4(2996 2998 3002 3000)
4(2991 2996 3000 2994)
4(2984 2986 2998 2996)
4(2978 2984 2996 2991)
4(2977 2978 2991 2990)
4(2990 2991 2994 2993)
4(3506 3507 3511 3510)
4(2987 3506 3510 2988)
4(2982 2987 2988 2986)
4(1988 2493 3506 2987)
4(1986 1988 2987 2982)
4(2493 2494 3507 3506)
4(2980 2982 2986 2984)
4(2975 2980 2984 2978)
4(1482 1984 2980 2975)
4(1984 1986 2982 2980)
4(2489 2490 2494 2493)
4(1987 2489 2493 1988)
4(1982 1987 1988 1986)
4(1476 1999 2489 1987)
4(1474 1476 1987 1982)
4(1999 2000 2490 2489)
4(1996 1998 2472 2000)
4(1995 1996 2000 1999)
4(3459 3461 1998 1996)
4(3458 3459 1996 1995)
4(3476 3477 3908 3907)
4(3474 3475 3477 3476)
4(3445 3474 3476 3465)
4(3465 3476 3907 3469)
4(3457 3465 3469 3461)
4(2915 3445 3465 3457)
4(2913 2915 3457 3455)
4(3455 3457 3461 3459)
4(3472 3473 3475 3474)
4(5971 5976 5979 5975)
4(769 5971 5975 772)
4(3495 2992 5976 5971)
4(4412 3495 5971 769)
4(2989 2990 2993 2992)
4(3491 2989 2992 3495)
4(4409 3491 3495 4412)
4(3483 2976 2989 3491)
4(3934 3483 3491 4409)
4(2976 2977 2990 2989)
4(2974 2975 2978 2977)
4(2973 2974 2977 2976)
4(1481 1482 2975 2974)
4(1480 1481 2974 2973)
4(1973 1480 2973 3479)
4(3479 2973 2976 3483)
4(3931 3479 3483 3934)
4(2967 1973 3479 3931)
4(1478 1479 1482 1481)
4(1477 1478 1481 1480)
4(1479 1980 1984 1482)
4(1980 1982 1986 1984)
4(1475 1995 1999 1476)
4(1470 1475 1476 1474)
4(2901 3458 1995 1475)
4(2899 2901 1475 1470)
4(1468 1470 1474 1472)
4(1472 1474 1982 1980)
4(1466 1472 1980 1479)
4(1463 1468 1472 1466)
4(2897 2899 1470 1468)
4(2398 2897 1468 1463)
4(2397 2398 1463 1462)
4(1462 1463 1466 1465)
4(1465 1466 1479 1478)
4(2893 2895 2899 2897)
4(2900 3454 3458 2901)
4(2895 2900 2901 2899)
4(3454 3455 3459 3458)
4(2912 2913 3455 3454)
4(2392 2912 3454 2900)
4(2390 2392 2900 2895)
4(2908 2909 2913 2912)
4(2391 2908 2912 2392)
4(2909 2911 2915 2913)
4(2911 3441 3445 2915)
4(3441 3472 3474 3445)
4(1901 2375 3472 3441)
4(1893 1901 3441 2911)
4(2375 2376 3473 3472)
4(1891 1893 2911 2909)
4(2373 2374 2376 2375)
4(4392 4394 4398 4396)
4(4386 4392 4396 4390)
4(4374 4380 4392 4386)
4(4380 4382 4394 4392)
4(4372 4374 4386 4384)
4(4384 4386 4390 4388)
4(3896 4384 4388 3900)
4(3886 4372 4384 3896)
4(4376 4378 4382 4380)
4(4370 4376 4380 4374)
4(3406 3412 4376 4370)
4(3412 3414 4378 4376)
4(3404 3406 4370 4368)
4(4368 4370 4374 4372)
4(3882 4368 4372 3886)
4(2368 3404 4368 3882)
4(3884 3886 3896 3894)
4(3894 3896 3900 3898)
4(3889 3894 3898 3892)
4(3878 3884 3894 3889)
4(5330 3876 3887 5332)
4(5332 3887 3890 5334)
4(3888 3889 3892 3891)
4(3887 3888 3891 3890)
4(3890 3891 253 252)
4(3891 3892 254 253)
4(252 253 256 255)
4(255 256 726 725)
4(952 954 958 956)
4(1890 1891 2909 2908)
4(2386 2391 2392 2390)
4(1389 1890 2908 2391)
4(1387 1389 2391 2386)
4(2395 2893 2897 2398)
4(2382 2388 2893 2395)
4(2388 2390 2895 2893)
4(1897 2373 2375 1901)
4(1889 1897 1901 1893)
4(1877 2371 2373 1897)
4(1869 1877 1897 1889)
4(2371 2372 2374 2373)
4(1887 1889 1893 1891)
4(1867 1869 1889 1887)
4(1863 1865 1869 1867)
4(1873 2369 2371 1877)
4(1865 1873 1877 1869)
4(2369 2370 2372 2371)
4(3410 952 956 3414)
4(2891 940 952 3410)
4(940 942 954 952)
4(938 944 948 942)
4(944 946 950 948)
4(2618 2620 946 944)
4(2612 2618 944 938)
4(2610 2612 938 936)
4(936 938 942 940)
4(2887 936 940 2891)
4(4756 2610 936 2887)
4(3591 3593 3597 3595)
4(2616 3591 3595 2620)
4(2604 3126 3591 2616)
4(3126 3128 3593 3591)
4(3122 3124 3128 3126)
4(2600 3122 3126 2604)
4(1597 2128 3122 2600)
4(2128 2130 3124 3122)
4(2598 2600 2604 2602)
4(2602 2604 2616 2614)
4(2614 2616 2620 2618)
4(2608 2614 2618 2612)
4(2596 2602 2614 2608)
4(3592 3596 3597 3593)
4(3592 3598 3599 3596)
4(3127 3130 3598 3592)
4(3127 3592 3593 3128)
4(3123 3127 3128 3124)
4(3123 3129 3130 3127)
4(2129 2131 3129 3123)
4(2129 3123 3124 2130)
4(1595 1597 2600 2598)
4(2606 2608 2612 2610)
4(4752 2606 2610 4756)
4(4740 2594 2606 4752)
4(2594 2596 2608 2606)
4(2590 2592 2596 2594)
4(2592 2598 2602 2596)
4(1589 1595 2598 2592)
4(1591 1593 1597 1595)
4(927 1581 1591 1585)
4(1585 1591 1595 1589)
4(4736 2590 2594 4740)
4(3339 1587 2590 4736)
4(1587 1589 2592 2590)
4(1583 1585 1589 1587)
4(3335 1583 1587 3339)
4(3323 925 1583 3335)
4(925 927 1585 1583)
4(1554 1560 1562 1555)
4(2105 2106 1561 1560)
4(1560 1561 1563 1562)
4(2082 2105 1560 1554)
4(2081 2103 2105 2082)
4(2115 2116 2551 2118)
4(2108 2115 2118 2112)
4(2104 2108 2112 2106)
4(2094 2100 2115 2108)
4(2088 2094 2108 2104)
4(2100 2101 2116 2115)
4(2087 2088 2104 2103)
4(2103 2104 2106 2105)
4(1552 2087 2103 2081)
4(1551 2085 2087 1552)
4(2097 2098 2101 2100)
4(2090 2097 2100 2094)
4(2086 2090 2094 2088)
4(904 910 2097 2090)
4(898 904 2090 2086)
4(910 911 2098 2097)
4(897 898 2086 2085)
4(2085 2086 2088 2087)
4(908 909 912 911)
4(893 894 909 908)
4(890 891 894 893)
4(2469 2470 891 890)
4(907 908 911 910)
4(900 907 910 904)
4(896 900 904 898)
4(886 892 907 900)
4(378 886 900 896)
4(892 893 908 907)
4(377 378 896 895)
4(895 896 898 897)
4(371 895 897 372)
4(372 897 2085 1551)
4(889 890 893 892)
4(380 889 892 886)
4(376 380 886 378)
4(2462 2468 889 380)
4(2456 2462 380 376)
4(2468 2469 890 889)
4(2466 2467 2470 2469)
4(2451 2452 2467 2466)
4(2448 2449 2452 2451)
4(1436 1437 2449 2448)
4(368 377 895 371)
4(375 376 378 377)
4(367 375 377 368)
4(1951 2455 375 367)
4(2455 2456 376 375)
4(3437 3880 3884 3878)
4(3880 3882 3886 3884)
4(2366 2368 3882 3880)
4(2360 2366 3880 3437)
4(2357 2362 2366 2360)
4(2362 2364 2368 2366)
4(2364 3400 3404 2368)
4(3400 3402 3406 3404)
4(3402 3408 3412 3406)
4(3408 3410 3414 3412)
4(2889 2891 3410 3408)
4(2883 2889 3408 3402)
4(2881 2883 3402 3400)
4(2354 2881 3400 2364)
4(2350 2877 2881 2354)
4(2877 2879 2883 2881)
4(2879 2885 2889 2883)
4(2885 2887 2891 2889)
4(4748 4754 2885 2879)
4(4754 4756 2887 2885)
4(4270 4746 2877 2350)
4(4746 4748 2879 2877)
4(4268 4270 2350 2348)
4(2348 2350 2354 2352)
4(2352 2354 2364 2362)
4(3436 3437 3878 3877)
4(3877 3878 3889 3888)
4(3876 3877 3888 3887)
4(2359 2360 3437 3436)
4(2358 2359 3436 3435)
4(3435 3436 3877 3876)
4(2346 2352 2362 2357)
4(2343 2348 2352 2346)
4(3788 4268 2348 2343)
4(4264 4266 4270 4268)
4(4266 4742 4746 4270)
4(4742 4744 4748 4746)
4(4744 4750 4754 4748)
4(4750 4752 4756 4754)
4(4738 4740 4752 4750)
4(4290 4738 4750 4744)
4(4288 4290 4744 4742)
4(3782 4288 4742 4266)
4(4734 4736 4740 4738)
4(4286 4734 4738 4290)
4(3331 3337 4734 4286)
4(3337 3339 4736 4734)
4(4284 4286 4290 4288)
4(3778 4284 4288 3782)
4(2808 3329 4284 3778)
4(3329 3331 4286 4284)
4(3785 4264 4268 3788)
4(3774 3780 4264 3785)
4(3780 3782 4266 4264)
4(2356 2357 2360 2359)
4(2345 2346 2357 2356)
4(2344 2345 2356 2355)
4(2355 2356 2359 2358)
4(5328 3435 3876 5330)
4(1886 1887 1891 1890)
4(1388 1886 1890 1389)
4(1383 1388 1389 1387)
4(1866 1867 1887 1886)
4(1373 1866 1886 1388)
4(4814 4822 1873 1865)
4(5333 5334 2370 2369)
4(4822 5333 2369 1873)
4(4812 4814 1865 1863)
4(4818 5331 5333 4822)
4(4810 4818 4822 4814)
4(5331 5332 5334 5333)
4(1381 1383 1387 1385)
4(1385 1387 2386 2384)
4(2384 2386 2390 2388)
4(2379 2384 2388 2382)
4(1379 1385 2384 2379)
4(1378 1379 2379 2378)
4(2378 2379 2382 2381)
4(2381 2382 2395 2394)
4(2394 2395 2398 2397)
4(2380 2381 2394 2393)
4(2825 2380 2393 2833)
4(2393 2394 2397 2396)
4(2833 2393 2396 2837)
4(2396 2397 1462 1461)
4(2837 2396 1461 1957)
4(1461 1462 1465 1464)
4(1957 1461 1464 1961)
4(1961 1464 1477 1969)
4(1464 1465 1478 1477)
4(1969 1477 1480 1973)
4(2964 1969 1973 2967)
4(2949 1961 1969 2964)
4(1376 1381 1385 1379)
4(1363 1369 1381 1376)
4(1371 1373 1388 1383)
4(1369 1371 1383 1381)
4(5329 5330 5332 5331)
4(4798 5329 5331 4818)
4(4790 4798 4818 4810)
4(4788 4790 4810 4808)
4(4808 4810 4814 4812)
4(4784 4786 4790 4788)
4(4794 5327 5329 4798)
4(4786 4794 4798 4790)
4(5327 5328 5330 5329)
4(3875 2358 3435 5328)
4(3873 2355 2358 3875)
4(3874 3875 5328 5327)
4(3865 3874 5327 4794)
4(3857 3865 4794 4786)
4(3855 3857 4786 4784)
4(1433 1434 1437 1436)
4(771 772 1434 1433)
4(768 769 772 771)
4(4411 4412 769 768)
4(4408 4409 4412 4411)
4(3933 3934 4409 4408)
4(1950 2453 2455 1951)
4(2454 2458 2462 2456)
4(2453 2454 2456 2455)
4(2458 2465 2468 2462)
4(2465 2466 2469 2468)
4(2450 2451 2466 2465)
4(2444 2450 2465 2458)
4(2438 2444 2458 2454)
4(2437 2438 2454 2453)
4(1947 2437 2453 1950)
4(1946 2435 2437 1947)
4(2436 2440 2444 2438)
4(2435 2436 2438 2437)
4(2440 2447 2450 2444)
4(2447 2448 2451 2450)
4(1435 1436 2448 2447)
4(782 1435 2447 2440)
4(776 782 2440 2436)
4(775 776 2436 2435)
4(752 775 2435 1946)
4(773 774 776 775)
4(774 778 782 776)
4(1432 1433 1436 1435)
4(778 1432 1435 782)
4(764 770 1432 778)
4(758 764 778 774)
4(770 771 1433 1432)
4(751 773 775 752)
4(259 757 773 751)
4(757 758 774 773)
4(258 755 757 259)
4(767 768 771 770)
4(760 767 770 764)
4(756 760 764 758)
4(4404 4410 767 760)
4(3938 4404 760 756)
4(4410 4411 768 767)
4(3937 3938 756 755)
4(755 756 758 757)
4(3914 3937 755 258)
4(5957 3786 2341 3869)
4(3869 2341 2344 3871)
4(3871 2344 2355 3873)
4(2341 2342 2345 2344)
4(2342 2343 2346 2345)
4(3787 3788 2343 2342)
4(3786 3787 2342 2341)
4(3784 3785 3788 3787)
4(3783 3784 3787 3786)
4(3776 3778 3782 3780)
4(3930 3931 3934 3933)
4(2966 2967 3931 3930)
4(2963 2964 2967 2966)
4(2948 2949 2964 2963)
4(2946 1957 1961 2949)
4(2945 2946 2949 2948)
4(3834 2837 1957 2946)
4(3833 3834 2946 2945)
4(3832 3833 2945 2944)
4(2944 2945 2948 2947)
4(2947 2948 2963 2962)
4(2962 2963 2966 2965)
4(2965 2966 3930 3929)
4(3929 3930 3933 3932)
4(3932 3933 4408 4407)
4(4407 4408 4411 4410)
4(4400 4407 4410 4404)
4(3936 4400 4404 3938)
4(3926 3932 4407 4400)
4(3920 3926 4400 3936)
4(3913 3935 3937 3914)
4(3935 3936 3938 3937)
4(3919 3920 3936 3935)
4(3910 3919 3935 3913)
4(3922 3929 3932 3926)
4(3918 3922 3926 3920)
4(2959 2965 3929 3922)
4(2953 2959 3922 3918)
4(2955 2962 2965 2959)
4(2951 2955 2959 2953)
4(2941 2947 2962 2955)
4(2935 2941 2955 2951)
4(2937 2944 2947 2941)
4(2933 2937 2941 2935)
4(3826 3832 2944 2937)
4(3820 3826 2937 2933)
4(3822 3829 3832 3826)
4(3829 3830 3833 3832)
4(3831 2833 2837 3834)
4(3830 3831 3834 3833)
4(2377 2378 2381 2380)
4(2821 2377 2380 2825)
4(1377 1378 2378 2377)
4(1845 1377 2377 2821)
4(3813 2821 2825 3816)
4(3816 2825 2833 3831)
4(3815 3816 3831 3830)
4(3812 3813 3816 3815)
4(2817 1845 2821 3813)
4(2816 2817 3813 3812)
4(1841 1374 1377 1845)
4(2326 1841 1845 2817)
4(1374 1375 1378 1377)
4(1375 1376 1379 1378)
4(1362 1363 1376 1375)
4(1361 1362 1375 1374)
4(1355 1361 1374 1841)
4(1360 1365 1369 1363)
4(1367 1372 1373 1371)
4(1365 1367 1371 1369)
4(1372 1862 1866 1373)
4(1862 1863 1867 1866)
4(4811 4812 1863 1862)
4(4360 4811 1862 1372)
4(4358 4360 1372 1367)
4(4807 4808 4812 4811)
4(4359 4807 4811 4360)
4(4354 4359 4360 4358)
4(4344 4787 4807 4359)
4(4342 4344 4359 4354)
4(4787 4788 4808 4807)
4(3333 3335 3339 3337)
4(3327 3333 3337 3331)
4(3315 3321 3333 3327)
4(3321 3323 3335 3333)
4(3313 3315 3327 3325)
4(3325 3327 3331 3329)
4(2804 3325 3329 2808)
4(2794 3313 3325 2804)
4(3311 3317 3321 3315)
4(3317 3319 3323 3321)
4(229 231 3319 3317)
4(223 229 3317 3311)
4(5956 5957 3869 3868)
4(3868 3869 3871 3870)
4(3870 3871 3873 3872)
4(3872 3873 3875 3874)
4(3861 3872 3874 3865)
4(3853 3861 3865 3857)
4(3841 3870 3872 3861)
4(3397 3841 3861 3853)
4(3837 3868 3870 3841)
4(3393 3837 3841 3397)
4(5288 5956 3868 3837)
4(5280 5288 3837 3393)
4(5955 3783 3786 5957)
4(3771 3776 3780 3774)
4(2806 2808 3778 3776)
4(2800 2806 3776 3771)
4(5294 3772 3783 5955)
4(3773 3774 3785 3784)
4(3772 3773 3784 3783)
4(3770 3771 3774 3773)
4(2799 2800 3771 3770)
4(2798 2799 3770 3769)
4(3769 3770 3773 3772)
4(5292 3769 3772 5294)
4(2797 2802 2806 2800)
4(2802 2804 2808 2806)
4(2792 2794 2804 2802)
4(2786 2792 2802 2797)
4(2785 2786 2797 2796)
4(2796 2797 2800 2799)
4(2790 3309 3313 2794)
4(3309 3311 3315 3313)
4(221 223 3311 3309)
4(5949 221 3309 2790)
4(2788 2790 2794 2792)
4(2783 2788 2792 2786)
4(5941 5947 2788 2783)
4(5947 5949 2790 2788)
4(2784 2785 2796 2795)
4(2795 2796 2799 2798)
4(4247 2798 3769 5292)
4(4245 2795 2798 4247)
4(3851 3853 3857 3855)
4(3395 3397 3853 3851)
4(3391 3393 3397 3395)
4(5278 5280 3393 3391)
4(5954 5955 5957 5956)
4(5284 5954 5956 5288)
4(5276 5284 5288 5280)
4(5264 5293 5954 5284)
4(5256 5264 5284 5276)
4(5293 5294 5955 5954)
4(5254 5256 5276 5274)
4(5274 5276 5280 5278)
4(5250 5252 5256 5254)
4(5260 5291 5293 5264)
4(5252 5260 5264 5256)
4(5291 5292 5294 5293)
4(4246 4247 5292 5291)
4(4237 4246 5291 5260)
4(3746 4237 5260 5252)
4(2311 1355 1841 2326)
4(1351 1358 1361 1355)
4(2308 1351 1355 2311)
4(1358 1359 1362 1361)
4(1359 1360 1363 1362)
4(4350 4356 1365 1360)
4(4349 4350 1360 1359)
4(4356 4358 1367 1365)
4(4348 4349 1359 1358)
4(4772 4348 1358 1351)
4(5967 4772 1351 2308)
4(4352 4354 4358 4356)
4(4347 4352 4356 4350)
4(4334 4340 4352 4347)
4(4340 4342 4354 4352)
4(4333 4334 4347 4346)
4(4332 4333 4346 4345)
4(4346 4347 4350 4349)
4(4345 4346 4349 4348)
4(4760 4332 4345 4768)
4(4768 4345 4348 4772)
4(5964 4768 4772 5967)
4(5318 4760 4768 5964)
4(4326 4329 4332 4760)
4(5315 4326 4760 5318)
4(4329 4330 4333 4332)
4(4783 4784 4788 4787)
4(4343 4783 4787 4344)
4(4338 4343 4344 4342)
4(3381 3383 4343 4338)
4(3383 3854 4783 4343)
4(3854 3855 4784 4783)
4(4336 4338 4342 4340)
4(4331 4336 4340 4334)
4(2863 3379 4336 4331)
4(3379 3381 4338 4336)
4(3850 3851 3855 3854)
4(3382 3850 3854 3383)
4(3377 3382 3383 3381)
4(2857 3394 3850 3382)
4(2855 2857 3382 3377)
4(3394 3395 3851 3850)
4(3390 3391 3395 3394)
4(2856 3390 3394 2857)
4(5277 5278 3391 3390)
4(2851 2856 2857 2855)
4(4732 5277 3390 2856)
4(4730 4732 2856 2851)
4(3375 3377 3381 3379)
4(2860 3375 3379 2863)
4(2862 2863 4331 4330)
4(2861 2862 4330 4329)
4(4330 4331 4334 4333)
4(2432 2952 3917 3909)
4(3909 3917 3919 3910)
4(3917 3918 3920 3919)
4(2952 2953 3918 3917)
4(2950 2951 2953 2952)
4(2431 2950 2952 2432)
4(2428 2934 2950 2431)
4(2934 2935 2951 2950)
4(2427 2932 2934 2428)
4(3345 3819 2932 2427)
4(3819 3820 2933 2932)
4(2932 2933 2935 2934)
4(225 227 231 229)
4(219 225 229 223)
4(207 213 225 219)
4(213 215 227 225)
4(217 219 223 221)
4(5945 217 221 5949)
4(5935 205 217 5945)
4(205 207 219 217)
4(203 209 213 207)
4(209 211 215 213)
4(5218 5224 209 203)
4(5224 5226 211 209)
4(201 203 207 205)
4(5931 201 205 5935)
4(5943 5945 5949 5947)
4(5938 5943 5947 5941)
4(5927 5933 5943 5938)
4(5933 5935 5945 5943)
4(5216 5218 203 201)
4(4695 5216 201 5931)
4(5220 5222 5226 5224)
4(5214 5220 5224 5218)
4(4715 5208 5220 5214)
4(5208 5210 5222 5220)
4(5212 5214 5218 5216)
4(4691 5212 5216 4695)
4(4225 4713 5212 4691)
4(4713 4715 5214 5212)
4(4711 5204 5208 4715)
4(5204 5206 5210 5208)
4(111 115 5204 4711)
4(115 117 5206 5204)
4(4709 4711 4715 4713)
4(4221 4709 4713 4225)
4(5811 109 4709 4221)
4(109 111 4711 4709)
4(107 113 115 111)
4(2325 2326 2817 2816)
4(2310 2311 2326 2325)
4(2307 2308 2311 2310)
4(5966 5967 2308 2307)
4(5963 5964 5967 5966)
4(5317 5318 5964 5963)
4(2859 2860 2863 2862)
4(3369 2861 4329 4326)
4(4322 3369 4326 5315)
4(3344 3817 3819 3345)
4(3818 3822 3826 3820)
4(3817 3818 3820 3819)
4(3814 3815 3830 3829)
4(3808 3814 3829 3822)
4(3802 3808 3822 3818)
4(3801 3802 3818 3817)
4(3341 3801 3817 3344)
4(3349 3804 3808 3802)
4(3348 3349 3802 3801)
4(3811 3812 3815 3814)
4(3804 3811 3814 3808)
4(2321 2815 3811 3804)
4(2315 2321 3804 3349)
4(2815 2816 3812 3811)
4(2314 2315 3349 3348)
4(3340 3348 3801 3341)
4(2291 2314 3348 3340)
4(2290 2312 2314 2291)
4(2324 2325 2816 2815)
4(2317 2324 2815 2321)
4(2313 2317 2321 2315)
4(2303 2309 2324 2317)
4(2297 2303 2317 2313)
4(2309 2310 2325 2324)
4(2847 2853 3375 2860)
4(2853 2855 3377 3375)
4(2846 2847 2860 2859)
4(3357 2845 2858 3365)
4(2845 2846 2859 2858)
4(2858 2859 2862 2861)
4(3365 2858 2861 3369)
4(4319 3365 3369 4322)
4(4304 3357 3365 4319)
4(2843 2844 2847 2846)
4(2842 2843 2846 2845)
4(2844 2849 2853 2847)
4(2849 2851 2855 2853)
4(4722 4728 2849 2844)
4(4728 4730 2851 2849)
4(5253 5254 5274 5273)
4(5273 5274 5278 5277)
4(4731 5273 5277 4732)
4(4726 4731 4732 4730)
4(4716 5253 5273 4731)
4(4261 4716 4731 4726)
4(4721 4722 2844 2843)
4(4720 4721 2843 2842)
4(3353 2842 2845 3357)
4(4301 3353 3357 4304)
4(4669 4720 2842 3353)
4(5866 4669 3353 4301)
4(5865 5866 4301 4300)
4(4300 4301 4304 4303)
4(4303 4304 4319 4318)
4(4318 4319 4322 4321)
4(4321 4322 5315 5314)
4(5314 5315 5318 5317)
4(4724 4726 4730 4728)
4(5924 5929 5933 5927)
4(5929 5931 5935 5933)
4(4693 4695 5931 5929)
4(4231 4693 5929 5924)
4(159 4229 5922 1341)
4(1341 5922 5925 1343)
4(1343 5925 5936 1345)
4(1345 5936 5939 1347)
4(1347 5939 2781 4241)
4(4241 2781 2784 4243)
4(4243 2784 2795 4245)
4(3743 3744 5250 5249)
4(3744 3746 5252 5250)
4(5249 5250 5254 5253)
4(4262 5249 5253 4716)
4(4257 4262 4716 4261)
4(3301 3743 5249 4262)
4(4719 4724 4728 4722)
4(4253 4259 4724 4719)
4(4259 4261 4726 4724)
4(4718 4719 4722 4721)
4(4717 4718 4721 4720)
4(4252 4253 4719 4718)
4(4657 4251 4717 4665)
4(4251 4252 4718 4717)
4(4665 4717 4720 4669)
4(5863 4665 4669 5866)
4(5848 4657 4665 5863)
4(4653 4248 4251 4657)
4(5845 4653 4657 5848)
4(4248 4249 4252 4251)
4(3299 3301 4262 4257)
4(3297 3299 4257 4255)
4(4255 4257 4261 4259)
4(4250 4255 4259 4253)
4(3291 3297 4255 4250)
4(3739 3740 3744 3743)
4(3300 3739 3743 3301)
4(3740 3742 3746 3744)
4(3742 4233 4237 3746)
4(4244 4245 4247 4246)
4(4233 4244 4246 4237)
4(3730 4242 4244 4233)
4(3722 3730 4233 3742)
4(4242 4243 4245 4244)
4(3720 3722 3742 3740)
4(3716 3718 3722 3720)
4(3726 4240 4242 3730)
4(3718 3726 3730 3722)
4(4240 4241 4243 4242)
4(2781 2782 2785 2784)
4(5940 5941 2783 2782)
4(2782 2783 2786 2785)
4(5939 5940 2782 2781)
4(3719 3720 3740 3739)
4(3295 3300 3301 3299)
4(3285 3719 3739 3300)
4(3283 3285 3300 3295)
4(3715 3716 3720 3719)
4(3284 3715 3719 3285)
4(5937 5938 5941 5940)
4(5926 5927 5938 5937)
4(5923 5924 5927 5926)
4(4230 4231 5924 5923)
4(4229 4230 5923 5922)
4(5922 5923 5926 5925)
4(5925 5926 5937 5936)
4(5936 5937 5940 5939)
4(4689 4691 4695 4693)
4(4228 4689 4693 4231)
4(4217 4223 4689 4228)
4(4223 4225 4691 4689)
4(4227 4228 4231 4230)
4(4216 4217 4228 4227)
4(4215 4216 4227 4226)
4(4226 4227 4230 4229)
4(157 4226 4229 159)
4(5917 4215 4226 157)
4(5915 4212 4215 5917)
4(4213 4214 4217 4216)
4(4212 4213 4216 4215)
4(4214 4219 4223 4217)
4(4219 4221 4225 4223)
4(5803 5809 4219 4214)
4(5809 5811 4221 4219)
4(5802 5803 4214 4213)
4(5801 5802 4213 4212)
4(99 103 113 107)
4(105 107 111 109)
4(5807 105 109 5811)
4(5797 97 105 5807)
4(97 99 107 105)
4(95 101 103 99)
4(4633 5121 101 95)
4(93 95 99 97)
4(5151 93 97 5797)
4(5153 5797 5807 5805)
4(5805 5807 5811 5809)
4(5800 5805 5809 5803)
4(5147 5153 5805 5800)
4(2306 2307 2310 2309)
4(2299 2306 2309 2303)
4(2295 2299 2303 2297)
4(5959 5965 2306 2299)
4(5322 5959 2299 2295)
4(5965 5966 2307 2306)
4(2312 2313 2315 2314)
4(2296 2297 2313 2312)
4(1835 2296 2312 2290)
4(2294 2295 2297 2296)
4(1834 2294 2296 1835)
4(5298 5321 2294 1834)
4(5321 5322 2295 2294)
4(1297 5145 5798 1299)
4(1299 5798 5801 1301)
4(1301 5801 4212 5915)
4(4631 4633 95 93)
4(4158 4631 93 5151)
4(4627 4629 4633 4631)
4(4629 4635 5121 4633)
4(4621 4625 4635 4629)
4(5149 5151 5797 5153)
4(5144 5149 5153 5147)
4(4150 4156 5149 5144)
4(4156 4158 5151 5149)
4(4619 4621 4629 4627)
4(4144 4619 4627 4154)
4(4154 4627 4631 4158)
4(4140 4615 4619 4144)
4(4615 4617 4621 4619)
4(4617 4623 4625 4621)
4(1817 2269 4623 4617)
4(1294 1815 4615 4140)
4(1815 1817 4617 4615)
4(4152 4154 4158 4156)
4(4147 4152 4156 4150)
4(5789 4148 5142 1295)
4(1295 5142 5145 1297)
4(5143 5144 5147 5146)
4(5142 5143 5146 5145)
4(5146 5147 5800 5799)
4(5145 5146 5799 5798)
4(5799 5800 5803 5802)
4(5798 5799 5802 5801)
4(4149 4150 5144 5143)
4(4148 4149 5143 5142)
4(1346 1347 4241 4240)
4(1337 1346 4240 3726)
4(716 1337 3726 3718)
4(714 716 3718 3716)
4(3281 3283 3295 3293)
4(3293 3295 3299 3297)
4(3288 3293 3297 3291)
4(3275 3281 3293 3288)
4(3274 3275 3288 3287)
4(3287 3288 3291 3290)
4(3290 3291 4250 4249)
4(4249 4250 4253 4252)
4(1344 1345 1347 1346)
4(1333 1344 1346 1337)
4(712 1333 1337 716)
4(700 1342 1344 1333)
4(692 700 1333 712)
4(1342 1343 1345 1344)
4(710 712 716 714)
4(690 692 712 710)
4(1340 1341 1343 1342)
4(696 1340 1342 700)
4(688 696 700 692)
4(5911 158 1340 696)
4(5903 5911 696 688)
4(158 159 1341 1340)
4(5901 5903 688 686)
4(686 688 692 690)
4(3272 3277 3281 3275)
4(3279 3284 3285 3283)
4(3277 3279 3283 3281)
4(713 714 3716 3715)
4(689 690 710 709)
4(709 710 714 713)
4(190 709 713 191)
4(185 190 191 189)
4(191 713 3715 3284)
4(189 191 3284 3279)
4(175 689 709 190)
4(173 175 190 185)
4(187 189 3279 3277)
4(3289 3290 4249 4248)
4(3704 3289 4248 4653)
4(4649 3704 4653 5845)
4(3700 3286 3289 3704)
4(4646 3700 3704 4649)
4(3286 3287 3290 3289)
4(3273 3274 3287 3286)
4(3692 3273 3286 3700)
4(3271 3272 3275 3274)
4(181 187 3277 3272)
4(180 181 3272 3271)
4(183 185 189 187)
4(5324 5962 5965 5959)
4(5320 5324 5959 5322)
4(5962 5963 5966 5965)
4(5316 5317 5963 5962)
4(5310 5316 5962 5324)
4(5304 5310 5324 5320)
4(5303 5304 5320 5319)
4(5319 5320 5322 5321)
4(5297 5319 5321 5298)
4(4758 5303 5319 5297)
4(5313 5314 5317 5316)
4(5306 5313 5316 5310)
4(5302 5306 5310 5304)
4(4314 4320 5313 5306)
4(4308 4314 5306 5302)
4(4320 4321 5314 5313)
4(4757 5301 5303 4758)
4(4307 4308 5302 5301)
4(5301 5302 5304 5303)
4(3794 4307 5301 4757)
4(4299 4300 4303 4302)
4(4292 4299 4302 4296)
4(4296 4302 4317 4310)
4(4302 4303 4318 4317)
4(4317 4318 4321 4320)
4(4310 4317 4320 4314)
4(4306 4310 4314 4308)
4(3800 4296 4310 4306)
4(3798 4292 4296 3800)
4(5858 5864 4299 4292)
4(5852 5858 4292 3798)
4(5864 5865 4300 4299)
4(3799 3800 4306 4305)
4(4305 4306 4308 4307)
4(3793 4305 4307 3794)
4(3790 3799 4305 3793)
4(3797 3798 3800 3799)
4(5159 5851 3797 3789)
4(3789 3797 3799 3790)
4(5851 5852 3798 3797)
4(5850 5854 5858 5852)
4(5849 5850 5852 5851)
4(5847 5848 5863 5862)
4(5862 5863 5866 5865)
4(5861 5862 5865 5864)
4(4187 3692 3700 4646)
4(3688 3270 3273 3692)
4(4184 3688 3692 4187)
4(3270 3271 3274 3273)
4(179 180 3271 3270)
4(178 183 187 181)
4(165 171 183 178)
4(171 173 185 183)
4(685 686 690 689)
4(174 685 689 175)
4(169 174 175 173)
4(5199 5900 685 174)
4(5197 5199 174 169)
4(5900 5901 686 685)
4(5189 5195 167 162)
4(162 167 171 165)
4(167 169 173 171)
4(5195 5197 169 167)
4(674 179 3270 3688)
4(1833 674 3688 4184)
4(670 176 179 674)
4(1830 670 674 1833)
4(176 177 180 179)
4(177 178 181 180)
4(164 165 178 177)
4(161 162 165 164)
4(5188 5189 162 161)
4(156 157 159 158)
4(5907 156 158 5911)
4(5899 5907 5911 5903)
4(5887 5916 156 5907)
4(5879 5887 5907 5899)
4(5916 5917 157 156)
4(5897 5899 5903 5901)
4(5877 5879 5899 5897)
4(5873 5875 5879 5877)
4(5883 5914 5916 5887)
4(5875 5883 5887 5879)
4(5914 5915 5917 5916)
4(1300 1301 5915 5914)
4(651 1300 5914 5883)
4(643 651 5883 5875)
4(641 643 5875 5873)
4(4138 4140 4144 4142)
4(4142 4144 4154 4152)
4(4136 4142 4152 4147)
4(1292 1294 4140 4138)
4(1286 1292 4138 4133)
4(4133 4138 4142 4136)
4(4132 4133 4136 4135)
4(4135 4136 4147 4146)
4(4146 4147 4150 4149)
4(1285 1286 4133 4132)
4(1284 1285 4132 4131)
4(4131 4132 4135 4134)
4(4134 4135 4146 4145)
4(4145 4146 4149 4148)
4(5787 4145 4148 5789)
4(5785 4134 4145 5787)
4(5844 5845 5848 5847)
4(4648 4649 5845 5844)
4(4645 4646 4649 4648)
4(4186 4187 4646 4645)
4(4183 4184 4187 4186)
4(1832 1833 4184 4183)
4(1829 1830 1833 1832)
4(163 164 177 176)
4(662 163 176 670)
4(1327 662 670 1830)
4(658 160 163 662)
4(1324 658 662 1327)
4(160 161 164 163)
4(5187 5188 161 160)
4(5179 5187 160 658)
4(155 5179 658 1324)
4(1298 1299 1301 1300)
4(647 1298 1300 651)
4(639 647 651 643)
4(627 1296 1298 647)
4(619 627 647 639)
4(1296 1297 1299 1298)
4(617 619 639 637)
4(637 639 643 641)
4(654 1295 1297 1296)
4(5896 5897 5901 5900)
4(5198 5896 5900 5199)
4(5193 5198 5199 5197)
4(4687 5876 5896 5198)
4(4685 4687 5198 5193)
4(5876 5877 5897 5896)
4(5872 5873 5877 5876)
4(4686 5872 5876 4687)
4(4681 4686 4687 4685)
4(640 641 5873 5872)
4(90 640 5872 4686)
4(88 90 4686 4681)
4(5783 4131 4134 5785)
4(2778 1284 4131 5783)
4(5782 5783 5785 5784)
4(5784 5785 5787 5786)
4(5786 5787 5789 5788)
4(5788 5789 1295 654)
4(5779 5788 654 623)
4(623 654 1296 627)
4(615 623 627 619)
4(5771 5779 623 615)
4(5769 5771 615 613)
4(613 615 619 617)
4(5775 5786 5788 5779)
4(5767 5775 5779 5771)
4(5112 5784 5786 5775)
4(5104 5112 5775 5767)
4(5102 5104 5767 5765)
4(5765 5767 5771 5769)
4(5108 5782 5784 5112)
4(5100 5108 5112 5104)
4(2777 2778 5783 5782)
4(2768 2777 5782 5108)
4(2775 2776 2778 2777)
4(2776 1281 1284 2778)
4(1282 1283 1286 1285)
4(1281 1282 1285 1284)
4(1283 1288 1292 1286)
4(1288 1290 1294 1292)
4(1290 1811 1815 1294)
4(1811 1813 1817 1815)
4(1813 2267 2269 1817)
4(1805 1809 2267 1813)
4(1803 1805 1813 1811)
4(1280 1803 1811 1290)
4(1801 1807 1809 1805)
4(591 595 1807 1801)
4(589 591 1801 1799)
4(1799 1801 1805 1803)
4(1276 1799 1803 1280)
4(54 589 1799 1276)
4(1278 1280 1290 1288)
4(1272 1278 1288 1283)
4(1271 1272 1283 1282)
4(1270 1271 1282 1281)
4(5158 5849 5851 5159)
4(5155 5833 5849 5158)
4(5834 5840 5854 5850)
4(5833 5834 5850 5849)
4(5846 5847 5862 5861)
4(5840 5846 5861 5854)
4(5854 5861 5864 5858)
4(5843 5844 5847 5846)
4(5836 5843 5846 5840)
4(5832 5836 5840 5834)
4(4647 4648 5844 5843)
4(4641 4647 5843 5836)
4(4191 4641 5836 5832)
4(4190 4191 5832 5831)
4(5831 5832 5834 5833)
4(587 593 595 591)
4(581 583 593 587)
4(585 587 591 589)
4(50 585 589 54)
4(5762 579 585 50)
4(579 581 587 585)
4(1326 1327 1830 1829)
4(1323 1324 1327 1326)
4(154 155 1324 1323)
4(152 5175 5179 155)
4(151 152 155 154)
4(5191 5193 5197 5195)
4(5186 5191 5195 5189)
4(4677 4683 5191 5186)
4(4683 4685 5193 5191)
4(5185 5186 5189 5188)
4(5184 5185 5188 5187)
4(4676 4677 5186 5185)
4(4679 4681 4685 4683)
4(4674 4679 4683 4677)
4(80 86 4679 4674)
4(86 88 4681 4679)
4(79 80 4674 4673)
4(78 79 4673 4672)
4(4672 4673 4676 4675)
4(4673 4674 4677 4676)
4(4675 4676 5185 5184)
4(5167 4675 5184 5175)
4(5175 5184 5187 5179)
4(137 5167 5175 152)
4(5163 4672 4675 5167)
4(134 5163 5167 137)
4(545 78 4672 5163)
4(1194 545 5163 134)
4(1269 1274 1278 1272)
4(1274 1276 1280 1278)
4(52 54 1276 1274)
4(46 52 1274 1269)
4(48 50 54 52)
4(43 48 52 46)
4(5754 5760 48 43)
4(5760 5762 50 48)
4(5758 577 579 5762)
4(1708 1710 5758 5756)
4(5756 5758 5762 5760)
4(5751 5756 5760 5754)
4(1706 1708 5756 5751)
4(1268 1269 1272 1271)
4(45 46 1269 1268)
4(44 45 1268 1267)
4(1267 1268 1271 1270)
4(5753 5754 43 42)
4(5752 5753 42 41)
4(42 43 46 45)
4(41 42 45 44)
4(5750 5751 5754 5753)
4(1705 1706 5751 5750)
4(1704 1705 5750 5749)
4(5749 5750 5753 5752)
4(2773 2774 2776 2775)
4(2774 1270 1281 2776)
4(2772 1267 1270 2774)
4(1755 44 1267 2772)
4(5101 5102 5765 5764)
4(5764 5765 5769 5768)
4(5768 5769 613 612)
4(612 613 617 616)
4(616 617 637 636)
4(636 637 641 640)
4(89 636 640 90)
4(84 89 90 88)
4(74 616 636 89)
4(72 74 89 84)
4(2760 2768 5108 5100)
4(136 137 152 151)
4(133 134 137 136)
4(1193 1194 134 133)
4(1192 1193 133 132)
4(132 133 136 135)
4(135 136 151 150)
4(150 151 154 153)
4(153 154 1323 1322)
4(1322 1323 1326 1325)
4(1325 1326 1829 1828)
4(1828 1829 1832 1831)
4(1831 1832 4183 4182)
4(4182 4183 4186 4185)
4(4185 4186 4645 4644)
4(4644 4645 4648 4647)
4(4637 4644 4647 4641)
4(4189 4637 4641 4191)
4(4179 4185 4644 4637)
4(4173 4179 4637 4189)
4(5154 5831 5833 5155)
4(4167 4190 5831 5154)
4(4188 4189 4191 4190)
4(4166 4188 4190 4167)
4(4163 4172 4188 4166)
4(4172 4173 4189 4188)
4(4175 4182 4185 4179)
4(4171 4175 4179 4173)
4(1825 1831 4182 4175)
4(1819 1825 4175 4171)
4(1753 41 44 1755)
4(1751 5752 41 1753)
4(1255 5749 5752 1751)
4(3238 1704 5749 1255)
4(3236 1703 1704 3238)
4(5098 5100 5104 5102)
4(2758 2760 5100 5098)
4(2764 2775 2777 2768)
4(2756 2764 2768 2760)
4(2265 2773 2775 2764)
4(2257 2265 2764 2756)
4(2255 2257 2756 2754)
4(2754 2756 2760 2758)
4(2251 2253 2257 2255)
4(2261 2771 2773 2265)
4(2253 2261 2265 2257)
4(2771 2772 2774 2773)
4(1754 1755 2772 2771)
4(1251 1754 2771 2261)
4(1243 1251 2261 2253)
4(1821 1828 1831 1825)
4(1329 1821 1825 1819)
4(1319 1325 1828 1821)
4(1313 1319 1821 1329)
4(1312 1313 1329 1328)
4(1328 1329 1819 1818)
4(1818 1819 4171 4170)
4(4170 4171 4173 4172)
4(4162 4170 4172 4163)
4(1307 1818 4170 4162)
4(73 612 616 74)
4(68 73 74 72)
4(4604 5768 612 73)
4(4602 4604 73 68)
4(4603 5764 5768 4604)
4(4598 4603 4604 4602)
4(4588 5101 5764 4603)
4(4586 4588 4603 4598)
4(66 68 72 70)
4(70 72 84 82)
4(82 84 88 86)
4(77 82 86 80)
4(5795 70 82 77)
4(5794 5795 77 76)
4(5793 5794 76 75)
4(76 77 80 79)
4(75 76 79 78)
4(5792 66 70 5795)
4(5791 5792 5795 5794)
4(4600 4602 68 66)
4(4594 4600 66 5792)
4(4593 4594 5792 5791)
4(4592 4593 5791 5790)
4(5086 4592 5790 26)
4(26 5790 5793 30)
4(5790 5791 5794 5793)
4(30 5793 75 541)
4(541 75 78 545)
4(1191 541 545 1194)
4(1176 30 541 1191)
4(1173 26 30 1176)
4(4596 4598 4602 4600)
4(4591 4596 4600 4594)
4(4578 4584 4596 4591)
4(4584 4586 4598 4596)
4(5097 5098 5102 5101)
4(4587 5097 5101 4588)
4(4582 4587 4588 4586)
4(2243 2757 5097 4587)
4(1785 2243 4587 4582)
4(2757 2758 5098 5097)
4(1783 1785 4582 4580)
4(4580 4582 4586 4584)
4(4575 4580 4584 4578)
4(1777 1783 4580 4575)
4(1776 1777 4575 4574)
4(1775 1776 4574 4573)
4(4574 4575 4578 4577)
4(4573 4574 4577 4576)
4(4577 4578 4591 4590)
4(4576 4577 4590 4589)
4(4589 4590 4593 4592)
4(4590 4591 4594 4593)
4(22 5086 26 1173)
4(5082 4589 4592 5086)
4(19 5082 5086 22)
4(1774 1779 1783 1777)
4(1773 1774 1777 1776)
4(1779 1781 1785 1783)
4(2254 2255 2754 2753)
4(2753 2754 2758 2757)
4(2242 2753 2757 2243)
4(1781 2242 2243 1785)
4(1771 2254 2753 2242)
4(1769 1771 2242 1781)
4(1240 1241 2251 2250)
4(1241 1243 2253 2251)
4(2250 2251 2255 2254)
4(1770 2250 2254 1771)
4(1765 1770 1771 1769)
4(575 1240 2250 1770)
4(1761 1767 1779 1774)
4(1767 1769 1781 1779)
4(1306 1328 1818 1307)
4(1303 1312 1328 1306)
4(1315 1322 1325 1319)
4(1311 1315 1319 1313)
4(147 153 1322 1315)
4(141 147 1315 1311)
4(1302 1310 1312 1303)
4(1310 1311 1313 1312)
4(140 141 1311 1310)
4(5828 140 1310 1302)
4(138 139 141 140)
4(139 143 147 141)
4(143 150 153 147)
4(129 135 150 143)
4(123 129 143 139)
4(5827 138 140 5828)
4(5824 122 138 5827)
4(122 123 139 138)
4(125 132 135 129)
4(121 125 129 123)
4(1186 1192 132 125)
4(1180 1186 125 121)
4(1179 1180 121 120)
4(120 121 123 122)
4(5823 120 122 5824)
4(1156 1179 120 5823)
4(1190 1191 1194 1193)
4(1189 1190 1193 1192)
4(1175 1176 1191 1190)
4(1172 1173 1176 1175)
4(21 22 1173 1172)
4(18 19 22 21)
4(1760 1761 1774 1773)
4(1759 1760 1773 1772)
4(1772 1773 1776 1775)
4(2233 1772 1775 2237)
4(2237 1775 4573 5070)
4(5070 4573 4576 5074)
4(5074 4576 4589 5082)
4(4 5074 5082 19)
4(1 5070 5074 4)
4(3268 2237 5070 1)
4(3265 2233 2237 3268)
4(2225 1759 1772 2233)
4(3250 2225 2233 3265)
4(1756 1757 1760 1759)
4(2221 1756 1759 2225)
4(573 575 1770 1765)
4(571 573 1765 1763)
4(1763 1765 1769 1767)
4(1758 1763 1767 1761)
4(565 571 1763 1758)
4(564 565 1758 1757)
4(563 564 1757 1756)
4(1757 1758 1761 1760)
4(1752 1753 1755 1754)
4(1247 1752 1754 1251)
4(1239 1247 1251 1243)
4(1227 1256 1752 1247)
4(1219 1227 1247 1239)
4(1256 1751 1753 1752)
4(1237 1239 1243 1241)
4(1217 1219 1239 1237)
4(1213 1215 1219 1217)
4(1223 1254 1256 1227)
4(1215 1223 1227 1219)
4(1254 1255 1751 1256)
4(3237 3238 1255 1254)
4(2728 3237 1254 1223)
4(2720 2728 1223 1215)
4(2718 2720 1215 1213)
4(1236 1237 1241 1240)
4(574 1236 1240 575)
4(569 574 575 573)
4(559 1216 1236 574)
4(557 559 574 569)
4(1216 1217 1237 1236)
4(1212 1213 1217 1216)
4(558 1212 1216 559)
4(553 558 559 557)
4(2217 2717 1212 558)
4(2215 2217 558 553)
4(2717 2718 1213 1212)
4(2713 2714 2718 2717)
4(2216 2713 2717 2217)
4(2714 2716 2720 2718)
4(2716 2724 2728 2720)
4(3234 1150 1703 3236)
4(3235 3236 3238 3237)
4(2724 3235 3237 2728)
4(2704 3233 3235 2724)
4(2696 2704 2724 2716)
4(3233 3234 3236 3235)
4(3231 3232 3234 3233)
4(3232 1149 1150 3234)
4(3 4 19 18)
4(0 1 4 3)
4(3267 3268 1 0)
4(3264 3265 3268 3267)
4(1182 1189 1192 1186)
4(1178 1182 1186 1180)
4(1168 1174 1189 1182)
4(1162 1168 1182 1178)
4(1174 1175 1190 1189)
4(1177 1178 1180 1179)
4(1155 1177 1179 1156)
4(522 1161 1177 1155)
4(1161 1162 1178 1177)
4(521 1159 1161 522)
4(1171 1172 1175 1174)
4(1164 1171 1174 1168)
4(1160 1164 1168 1162)
4(14 20 1171 1164)
4(8 14 1164 1160)
4(20 21 1172 1171)
4(7 8 1160 1159)
4(1159 1160 1162 1161)
4(17 18 21 20)
4(10 17 20 14)
4(6 10 14 8)
4(5725 2 17 10)
4(5719 5725 10 6)
4(2 3 18 17)
4(5728 0 3 2)
4(5721 5728 2 5725)
4(5717 5721 5725 5719)
4(3260 3266 5728 5721)
4(3254 3260 5721 5717)
4(3266 3267 0 5728)
4(5713 7 1159 521)
4(5712 5 7 5713)
4(5 6 8 7)
4(5718 5719 6 5)
4(5709 5718 5 5712)
4(5716 5717 5719 5718)
4(5708 5716 5718 5709)
4(2736 3253 5716 5708)
4(3253 3254 5717 5716)
4(1696 1702 2700 2692)
4(2700 3231 3233 2704)
4(2692 2700 2704 2696)
4(2694 2696 2716 2714)
4(2693 2694 2714 2713)
4(2690 2692 2696 2694)
4(1694 1696 2692 2690)
4(1693 1694 2690 2689)
4(1123 1693 2689 2200)
4(2689 2690 2694 2693)
4(2200 2689 2693 2201)
4(2201 2693 2713 2216)
4(2199 2201 2216 2211)
4(2211 2216 2217 2215)
4(567 569 573 571)
4(562 567 571 565)
4(40 555 567 562)
4(555 557 569 567)
4(561 562 565 564)
4(39 40 562 561)
4(38 39 561 560)
4(560 561 564 563)
4(37 551 555 40)
4(551 553 557 555)
4(2213 2215 553 551)
4(2207 2213 551 37)
4(3247 2221 2225 3250)
4(1201 563 1756 2221)
4(1750 1201 2221 3247)
4(1197 560 563 1201)
4(1747 1197 1201 1750)
4(532 38 560 1197)
4(1732 532 1197 1747)
4(35 36 39 38)
4(528 35 38 532)
4(2206 2207 37 36)
4(36 37 40 39)
4(1729 528 532 1732)
4(2678 2205 35 528)
4(3673 2678 528 1729)
4(2205 2206 36 35)
4(3246 3247 3250 3249)
4(3249 3250 3265 3264)
4(3248 3249 3264 3263)
4(3263 3264 3267 3266)
4(3256 3263 3266 3260)
4(3252 3256 3260 3254)
4(3242 3248 3263 3256)
4(2742 3242 3256 3252)
4(2735 3251 3253 2736)
4(3251 3252 3254 3253)
4(2741 2742 3252 3251)
4(2732 2741 3251 2735)
4(1749 1750 3247 3246)
4(1746 1747 1750 1749)
4(1731 1732 1747 1746)
4(1728 1729 1732 1731)
4(1692 1700 1702 1696)
4(1135 1683 1700 1692)
4(1131 1681 1683 1135)
4(1690 1692 1696 1694)
4(1133 1135 1692 1690)
4(1129 1131 1135 1133)
4(2209 2211 2215 2213)
4(2204 2209 2213 2207)
4(2191 2197 2209 2204)
4(2197 2199 2211 2209)
4(1689 1690 1694 1693)
4(1132 1133 1690 1689)
4(1122 1123 2200 2195)
4(2195 2200 2201 2199)
4(2193 2195 2199 2197)
4(2188 2193 2197 2191)
4(520 1120 2193 2188)
4(1120 1122 2195 2193)
4(2203 2204 2207 2206)
4(2190 2191 2204 2203)
4(2185 2189 2202 2674)
4(2189 2190 2203 2202)
4(2202 2203 2206 2205)
4(2674 2202 2205 2678)
4(1128 1129 1133 1132)
4(519 520 2188 2187)
4(2187 2188 2191 2190)
4(3672 3673 1729 1728)
4(3671 3672 1728 1727)
4(1727 1728 1731 1730)
4(1730 1731 1746 1745)
4(1745 1746 1749 1748)
4(1748 1749 3246 3245)
4(3245 3246 3249 3248)
4(2744 3245 3248 3242)
4(2740 2744 3242 2742)
4(1742 1748 3245 2744)
4(1736 1742 2744 2740)
4(2739 2740 2742 2741)
4(2731 2739 2741 2732)
4(1712 1735 2739 2731)
4(1735 1736 2740 2739)
4(1734 1738 1742 1736)
4(1733 1734 1736 1735)
4(3670 2674 2678 3673)
4(3669 3670 3673 3672)
4(3220 2185 2674 3670)
4(3219 3220 3670 3669)
4(2186 2187 2190 2189)
4(2181 2186 2189 2185)
4(3217 2181 2185 3220)
4(1115 518 2186 2181)
4(2177 1115 2181 3217)
4(518 519 2187 2186)
4(2176 2177 3217 3216)
4(3216 3217 3220 3219)
4(1711 1733 1735 1712)
4(1152 1717 1733 1711)
4(1724 1730 1745 1738)
4(1738 1745 1748 1742)
4(1718 1724 1738 1734)
4(1717 1718 1734 1733)
4(1720 1727 1730 1724)
4(1716 1720 1724 1718)
4(3230 3671 1727 1720)
4(3224 3230 1720 1716)
4(1151 1715 1717 1152)
4(1715 1716 1718 1717)
4(3223 3224 1716 1715)
4(3200 3223 1715 1151)
4(3226 3668 3671 3230)
4(3222 3226 3230 3224)
4(3668 3669 3672 3671)
4(3218 3219 3669 3668)
4(3212 3218 3668 3226)
4(3206 3212 3226 3222)
4(3205 3206 3222 3221)
4(3221 3222 3224 3223)
4(3199 3221 3223 3200)
4(2666 3205 3221 3199)
4(3215 3216 3219 3218)
4(3208 3215 3218 3212)
4(3204 3208 3212 3206)
4(2172 2175 3215 3208)
4(2170 2172 3208 3204)
4(2175 2176 3216 3215)
4(2665 3203 3205 2666)
4(3203 3204 3206 3205)
4(2169 2170 3204 3203)
4(1678 2169 3203 2665)
4(1126 1132 1689 1684)
4(1684 1689 1693 1687)
4(1122 1687 1693 1123)
4(1119 1121 1122 1120)
4(1125 1136 1680 1130)
4(1130 1680 1681 1131)
4(1128 1130 1131 1129)
4(1124 1128 1132 1126)
4(1124 1125 1130 1128)
4(519 1119 1120 520)
4(1117 1118 1119 519)
4(1121 1686 1687 1122)
4(1115 1117 519 518)
4(2176 1114 1115 2177)
4(1114 1116 1117 1115)
4(2174 1113 1114 2176)
4(2172 2174 2176 2175)
4(2169 2171 2172 2170)
4(2171 2173 2174 2172)
4(1678 1679 2171 2169)
4(6264 6263 6354 6355)
4(5706 6263 6264 5707)
4(5704 5706 5707 5705)
4(5064 5704 5705 5065)
4(4107 5058 5059 4108)
4(5058 5060 5061 5059)
4(5060 5062 5063 5061)
4(5062 5064 5065 5063)
4(4099 3632 3633 4100)
4(3632 3634 3635 3633)
4(3634 4105 4106 3635)
4(4105 4107 4108 4106)
4(4097 4099 4100 4098)
4(4095 4097 4098 4096)
4(4093 4095 4096 4094)
4(2663 4093 4094 2664)
4(2661 2663 2664 2662)
4(2659 2661 2662 2660)
4(2657 2659 2660 2658)
4(5602 5609 6221 5612)
4(5609 5610 6222 6221)
4(5607 2657 2658 5608)
4(5607 5608 5610 5609)
4(5601 5607 5609 5602)
4(5611 5612 6221 6219)
4(5594 5611 6219 5597)
4(5593 5594 5597 5595)
4(4516 5593 5595 4519)
4(4498 4515 4517 4501)
4(4515 4516 4519 4517)
4(4497 4498 4501 4499)
4(5532 4497 4499 5535)
4(5531 5532 5535 5533)
4(5514 5531 5533 5517)
4(5513 5514 5517 5515)
4(4042 5513 5515 4045)
4(4041 4042 4045 4043)
4(4024 4041 4043 4027)
4(4023 4024 4027 4025)
4(1001 4023 4025 1004)
4(1000 1001 1004 1002)
4(1605 5468 6142 1628)
4(983 1000 1002 986)
4(974 976 977 975)
4(976 984 985 977)
4(982 983 986 984)
4(971 982 984 976)
4(6140 974 975 6141)
4(970 971 976 974)
4(6138 6140 6141 6139)
4(5467 6138 6139 5468)
4(1604 5467 5468 1605)
4(1603 1605 1628 1627)
4(1601 1603 1627 1626)
4(3120 1601 1626 3599)
4(1602 1604 1605 1603)
4(3119 3120 3599 3598)
4(3114 3119 3598 3130)
4(3113 3114 3130 3129)
4(2126 3113 3129 2131)
4(1599 2126 2131 2129)
4(2127 2129 2130 2128)
4(1598 1599 2129 2127)
4(923 1598 2127 1596)
4(1596 2127 2128 1597)
4(1592 1596 1597 1593)
4(921 923 1596 1592)
4(3322 924 925 3323)
4(3318 3322 3323 3319)
4(920 921 1592 1590)
4(1590 1592 1593 1591)
4(1580 1590 1591 1581)
4(915 920 1590 1580)
4(914 915 1580 926)
4(926 1580 1581 927)
4(924 926 927 925)
4(913 914 926 924)
4(230 3318 3319 231)
4(226 230 231 227)
4(214 226 227 215)
4(210 214 215 211)
4(5225 210 211 5226)
4(5221 5225 5226 5222)
4(5209 5221 5222 5210)
4(5205 5209 5210 5206)
4(116 5205 5206 117)
4(114 116 117 115)
4(112 114 115 113)
4(102 112 113 103)
4(100 102 103 101)
4(5120 100 101 5121)
4(4624 4634 4635 4625)
4(4634 5120 5121 4635)
4(4622 4624 4625 4623)
4(2268 4622 4623 2269)
4(2266 2268 2269 2267)
4(1808 2266 2267 1809)
4(1806 1808 1809 1807)
4(594 1806 1807 595)
4(592 594 595 593)
4(578 580 581 579)
4(57 58 582 580)
4(582 592 593 583)
4(580 582 583 581)
4(56 57 580 578)
4(55 56 578 576)
4(5736 55 576 5757)
4(576 578 579 577)
4(5757 576 577 5758)
4(1709 5757 5758 1710)
4(1148 5736 5757 1709)
4(1146 1147 1707 1705)
4(1147 1148 1709 1707)
4(1707 1709 1710 1708)
4(1705 1707 1708 1706)
4(1145 1146 1705 1704)
4(1141 1143 1703 1150)
4(1143 1145 1704 1703)
4(1139 1141 1150 1149)
4(2702 1139 1149 3232)
4(2701 1138 1139 2702)
4(2700 2702 3232 3231)
4(2699 2701 2702 2700)
4(1701 2699 2700 1702)
4(1680 1682 1683 1681)
4(1682 1699 1700 1683)
4(1699 1701 1702 1700)
4(1558 6277 6278 1559)
4(1555 1558 1559 1557)
4(1554 1555 1557 1556)
4(2082 1554 1556 2084)
4(2081 2082 2084 2083)
4(1552 2081 2083 2080)
4(1551 1552 2080 1553)
4(371 372 374 373)
4(372 1551 1553 374)
4(368 371 373 370)
4(367 368 370 369)
4(1951 367 369 1953)
4(1950 1951 1953 1952)
4(1947 1950 1952 1949)
4(1946 1947 1949 1948)
4(752 1946 1948 754)
4(751 752 754 753)
4(259 751 753 750)
4(258 259 750 749)
4(3914 258 749 3916)
4(3913 3914 3916 3915)
4(3910 3913 3915 3912)
4(3909 3910 3912 3911)
4(2432 3909 3911 2434)
4(2431 2432 2434 2433)
4(2428 2431 2433 2430)
4(2427 2428 2430 2429)
4(3345 2427 2429 3347)
4(3341 3344 3346 3343)
4(3344 3345 3347 3346)
4(3340 3341 3343 3342)
4(2291 3340 3342 2293)
4(2290 2291 2293 2292)
4(1835 2290 2292 2289)
4(1834 1835 2289 2288)
4(5298 1834 2288 5300)
4(5297 5298 5300 5299)
4(4758 5297 5299 5296)
4(4757 4758 5296 5295)
4(3794 4757 5295 3796)
4(3793 3794 3796 3795)
4(3790 3793 3795 3792)
4(5159 3789 3791 5830)
4(3789 3790 3792 3791)
4(5158 5159 5830 5829)
4(5155 5158 5829 5157)
4(5154 5155 5157 5156)
4(4167 5154 5156 4169)
4(4166 4167 4169 4168)
4(4163 4166 4168 4165)
4(4162 4163 4165 4164)
4(1307 4162 4164 1309)
4(1306 1307 1309 1308)
4(1303 1306 1308 1305)
4(1302 1303 1305 1304)
4(5828 1302 1304 119)
4(5827 5828 119 118)
4(5824 5827 118 5826)
4(5823 5824 5826 5825)
4(1156 5823 5825 1158)
4(1155 1156 1158 1157)
4(522 1155 1157 524)
4(521 522 524 523)
4(5713 521 523 5715)
4(5712 5713 5715 5714)
4(5709 5712 5714 5711)
4(5708 5709 5711 5710)
4(2736 5708 5710 2738)
4(2735 2736 2738 2737)
4(2732 2735 2737 2734)
4(2731 2732 2734 2733)
4(1712 2731 2733 1714)
4(1711 1712 1714 1713)
4(1152 1711 1713 1154)
4(1151 1152 1154 1153)
4(3200 1151 1153 3202)
4(3199 3200 3202 3201)
4(2666 3199 3201 3198)
4(2665 2666 3198 3197)
4(1678 2665 3197 1679)
)


// ************************************************************************* //
