/*--------------------------------*- C++ -*----------------------------------*\
| =========                 |                                                 |
| \\      /  F ield         | OpenFOAM: The Open Source CFD Toolbox           |
|  \\    /   O peration     | Version:  2412                                  |
|   \\  /    A nd           | Website:  www.openfoam.com                      |
|    \\/     M anipulation  |                                                 |
\*---------------------------------------------------------------------------*/
FoamFile
{
    version     2.0;
    format      ascii;
    arch        "LSB;label=32;scalar=64";
    class       faceList;
    location    "constant/coolantZone/polyMesh";
    object      faces;
}
// * * * * * * * * * * * * * * * * * * * * * * * * * * * * * * * * * * * * * //


24297
(
4(1741 7785 9295 6727)
4(1740 7784 7785 1741)
4(1741 6727 6726 1740)
4(1752 7788 9296 6732)
4(1741 7785 7788 1752)
4(1752 6732 6727 1741)
4(1753 7789 9297 6733)
4(1752 7788 7789 1753)
4(1753 6733 6732 1752)
4(4122 7900 9342 7218)
4(1753 7789 7900 4122)
4(4122 7218 6733 1753)
4(4123 7901 9343 7219)
4(4122 7900 7901 4123)
4(4123 7219 7218 4122)
4(4134 7904 9344 7224)
4(4123 7901 7904 4134)
4(4134 7224 7219 4123)
4(4135 7905 9345 7225)
4(4134 7904 7905 4135)
4(4135 7225 7224 4134)
4(4631 7916 9346 7334)
4(4135 7905 7916 4631)
4(4631 7334 7225 4135)
4(4632 7917 9347 7335)
4(4631 7916 7917 4632)
4(4632 7335 7334 4631)
4(5251 7942 9358 7466)
4(4632 7917 7942 5251)
4(5251 7466 7335 4632)
4(5252 7943 9359 7467)
4(5251 7942 7943 5252)
4(5252 7467 7466 5251)
4(1792 7792 9298 6754)
4(5252 7943 7792 1792)
4(1792 6754 7467 5252)
4(1793 7793 9299 6755)
4(1792 7792 7793 1793)
4(1793 6755 6754 1792)
4(1804 7796 9300 6760)
4(1793 7793 7796 1804)
4(1804 6760 6755 1793)
4(1805 7797 9301 6761)
4(1804 7796 7797 1805)
4(1805 6761 6760 1804)
4(2392 7808 9306 6931)
4(1805 7797 7808 2392)
4(2392 6931 6761 1805)
4(2393 7809 9307 6932)
4(2392 7808 7809 2393)
4(2393 6932 6931 2392)
4(2404 7812 9308 6937)
4(2393 7809 7812 2404)
4(2404 6937 6932 2393)
4(2405 7813 9309 6938)
4(2404 7812 7813 2405)
4(2405 6938 6937 2404)
4(4697 7920 9348 7365)
4(2405 7813 7920 4697)
4(4697 7365 6938 2405)
4(4698 7921 9349 7366)
4(4697 7920 7921 4698)
4(4698 7366 7365 4697)
4(5293 7944 9360 7490)
4(4698 7921 7944 5293)
4(5293 7490 7366 4698)
4(5294 7945 9361 7491)
4(5293 7944 7945 5294)
4(5294 7491 7490 5293)
4(5769 7956 9366 7581)
4(5294 7945 7956 5769)
4(5769 7581 7491 5294)
4(5770 7957 9367 7582)
4(5769 7956 7957 5770)
4(5770 7582 7581 5769)
4(5781 7960 9368 7587)
4(5770 7957 7960 5781)
4(5781 7587 7582 5770)
4(5782 7961 9369 7588)
4(5781 7960 7961 5782)
4(5782 7588 7587 5781)
4(1269 7768 9286 6667)
4(5782 7961 7768 1269)
4(1269 6667 7588 5782)
4(1270 7769 9287 6668)
4(1269 7768 7769 1270)
4(1270 6668 6667 1269)
4(1281 7772 9288 6673)
4(1270 7769 7772 1281)
4(1281 6673 6668 1270)
4(1282 7773 9289 6674)
4(1281 7772 7773 1282)
4(1282 6674 6673 1281)
4(2440 7816 9310 6955)
4(1282 7773 7816 2440)
4(2440 6955 6674 1282)
4(2441 7817 9311 6956)
4(2440 7816 7817 2441)
4(2441 6956 6955 2440)
4(2452 7820 9312 6961)
4(2441 7817 7820 2452)
4(2452 6961 6956 2441)
4(2453 7821 9313 6962)
4(2452 7820 7821 2453)
4(2453 6962 6961 2452)
4(4783 7926 9350 7407)
4(2453 7821 7926 4783)
4(4783 7407 6962 2453)
4(4784 7927 9351 7408)
4(4783 7926 7927 4784)
4(4784 7408 7407 4783)
4(4795 7930 9352 7413)
4(4784 7927 7930 4795)
4(4795 7413 7408 4784)
4(4796 7931 9353 7414)
4(4795 7930 7931 4796)
4(4796 7414 7413 4795)
4(5417 7948 9362 7552)
4(4796 7931 7948 5417)
4(5417 7552 7414 4796)
4(5418 7949 9363 7553)
4(5417 7948 7949 5418)
4(5418 7553 7552 5417)
4(5429 7952 9364 7558)
4(5418 7949 7952 5429)
4(5429 7558 7553 5418)
4(5430 7953 9365 7559)
4(5429 7952 7953 5430)
4(5430 7559 7558 5429)
4(1341 7776 9290 6703)
4(5430 7953 7776 1341)
4(1341 6703 7559 5430)
4(1342 7777 9291 6704)
4(1341 7776 7777 1342)
4(1342 6704 6703 1341)
4(1353 7780 9292 6709)
4(1342 7777 7780 1353)
4(1353 6709 6704 1342)
4(1354 7781 9293 6710)
4(1353 7780 7781 1354)
4(1354 6710 6709 1353)
4(2016 7800 9302 6870)
4(1354 7781 7800 2016)
4(2016 6870 6710 1354)
4(2017 7801 9303 6871)
4(2016 7800 7801 2017)
4(2017 6871 6870 2016)
4(2028 7804 9304 6876)
4(2017 7801 7804 2028)
4(2028 6876 6871 2017)
4(2029 7805 9305 6877)
4(2028 7804 7805 2029)
4(2029 6877 6876 2028)
4(4839 7934 9354 7435)
4(2029 7805 7934 4839)
4(4839 7435 6877 2029)
4(4840 7935 9355 7436)
4(4839 7934 7935 4840)
4(4840 7436 7435 4839)
4(4851 7938 9356 7441)
4(4840 7935 7938 4851)
4(4851 7441 7436 4840)
4(4851 7938 7939 4852)
4(4852 7442 7441 4851)
4(3647 7186 7188 3649)
4(3648 7187 7186 3647)
4(3647 3649 3650 3648)
4(3640 7183 7185 3642)
4(3647 7186 7183 3640)
4(3640 3642 3649 3647)
4(3639 7182 7184 3641)
4(3640 7183 7182 3639)
4(3639 3641 3642 3640)
4(2999 7096 7098 3001)
4(3639 7182 7096 2999)
4(2999 3001 3641 3639)
4(2998 7095 7097 3000)
4(2999 7096 7095 2998)
4(2998 3000 3001 2999)
4(2991 7092 7094 2993)
4(2998 7095 7092 2991)
4(2991 2993 3000 2998)
4(2991 7092 7091 2990)
4(2990 2992 2993 2991)
4(2496 2990 7091 6981)
4(2496 6981 7430 4828)
4(4828 5432 2990 2496)
4(2497 2991 7092 6982)
4(2497 6982 6981 2496)
4(2496 2990 2991 2497)
4(2504 2998 7095 6985)
4(2504 6985 6982 2497)
4(2497 2991 2998 2504)
4(2505 2999 7096 6986)
4(2505 6986 6985 2504)
4(2504 2998 2999 2505)
4(2976 3639 7182 7085)
4(2976 7085 6986 2505)
4(2505 2999 3639 2976)
4(2977 3640 7183 7086)
4(2977 7086 7085 2976)
4(2976 3639 3640 2977)
4(2984 3647 7186 7089)
4(2984 7089 7086 2977)
4(2977 3640 3647 2984)
4(2985 3648 7187 7090)
4(2985 7090 7089 2984)
4(2984 3647 3648 2985)
4(4286 4855 7443 7304)
4(4286 7304 7090 2985)
4(2985 3648 4855 4286)
4(4287 4856 7444 7305)
4(4287 7305 7304 4286)
4(4286 4855 4856 4287)
4(4294 7308 7305 4287)
4(4287 4856 4858 4294)
4(4846 7438 7440 4848)
4(4851 7938 7438 4846)
4(4846 4848 4852 4851)
4(4845 7437 7439 4847)
4(4846 7438 7437 4845)
4(4845 4847 4848 4846)
4(4293 7307 7309 4295)
4(4845 7437 7307 4293)
4(4293 4295 4847 4845)
4(4292 7306 7308 4294)
4(4293 7307 7306 4292)
4(4292 4294 4295 4293)
4(4285 7303 7305 4287)
4(4292 7306 7303 4285)
4(4285 4287 4294 4292)
4(4284 7302 7304 4286)
4(4285 7303 7302 4284)
4(4284 4286 4287 4285)
4(2983 7088 7090 2985)
4(4284 7302 7088 2983)
4(2983 2985 4286 4284)
4(2982 7087 7089 2984)
4(2983 7088 7087 2982)
4(2982 2984 2985 2983)
4(2975 7084 7086 2977)
4(2982 7087 7084 2975)
4(2975 2977 2984 2982)
4(2974 7083 7085 2976)
4(2975 7084 7083 2974)
4(2974 2976 2977 2975)
4(2503 6984 6986 2505)
4(2974 7083 6984 2503)
4(2503 2505 2976 2974)
4(2502 6983 6985 2504)
4(2503 6984 6983 2502)
4(2502 2504 2505 2503)
4(2495 6980 6982 2497)
4(2502 6983 6980 2495)
4(2495 2497 2504 2502)
4(2494 6979 6981 2496)
4(2495 6980 6979 2494)
4(2494 2496 2497 2495)
4(4826 7428 7430 4828)
4(2494 6979 7428 4826)
4(4826 4828 2496 2494)
4(4825 7427 7429 4827)
4(4826 7428 7427 4825)
4(4825 4827 4828 4826)
4(4818 7424 7426 4820)
4(4825 7427 7424 4818)
4(4818 4820 4827 4825)
4(4817 7423 7425 4819)
4(4818 7424 7423 4817)
4(4817 4819 4820 4818)
4(4817 7423 7292 4262)
4(4262 4263 4819 4817)
4(4254 4261 7291 7288)
4(4254 7288 7285 4247)
4(4247 4257 4261 4254)
4(4255 4262 7292 7289)
4(4255 7289 7288 4254)
4(4254 4261 4262 4255)
4(4803 4817 7423 7417)
4(4803 7417 7289 4255)
4(4255 4262 4817 4803)
4(4804 4818 7424 7418)
4(4804 7418 7417 4803)
4(4803 4817 4818 4804)
4(4811 4825 7427 7421)
4(4811 7421 7418 4804)
4(4804 4818 4825 4811)
4(4812 4826 7428 7422)
4(4812 7422 7421 4811)
4(4811 4825 4826 4812)
4(2480 2494 6979 6973)
4(2480 6973 7422 4812)
4(4812 4826 2494 2480)
4(2481 2495 6980 6974)
4(2481 6974 6973 2480)
4(2480 2494 2495 2481)
4(2488 2502 6983 6977)
4(2488 6977 6974 2481)
4(2481 2495 2502 2488)
4(2489 2503 6984 6978)
4(2489 6978 6977 2488)
4(2488 2502 2503 2489)
4(2960 2974 7083 7077)
4(2960 7077 6978 2489)
4(2489 2503 2974 2960)
4(2961 2975 7084 7078)
4(2961 7078 7077 2960)
4(2960 2974 2975 2961)
4(2968 2982 7087 7081)
4(2968 7081 7078 2961)
4(2961 2975 2982 2968)
4(2969 2983 7088 7082)
4(2969 7082 7081 2968)
4(2968 2982 2983 2969)
4(4270 4284 7302 7296)
4(4270 7296 7082 2969)
4(2969 2983 4284 4270)
4(4271 4285 7303 7297)
4(4271 7297 7296 4270)
4(4270 4284 4285 4271)
4(4278 4292 7306 7300)
4(4278 7300 7297 4271)
4(4271 4285 4292 4278)
4(4279 4293 7307 7301)
4(4279 7301 7300 4278)
4(4278 4292 4293 4279)
4(4835 4845 7437 7433)
4(4835 7433 7301 4279)
4(4279 4293 4845 4835)
4(4836 4846 7438 7434)
4(4836 7434 7433 4835)
4(4835 4845 4846 4836)
4(4840 7935 7434 4836)
4(4836 4846 4851 4840)
4(4834 7432 7434 4836)
4(4839 7934 7432 4834)
4(4834 4836 4840 4839)
4(4833 7431 7433 4835)
4(4834 7432 7431 4833)
4(4833 4835 4836 4834)
4(4277 7299 7301 4279)
4(4833 7431 7299 4277)
4(4277 4279 4835 4833)
4(4276 7298 7300 4278)
4(4277 7299 7298 4276)
4(4276 4278 4279 4277)
4(4269 7295 7297 4271)
4(4276 7298 7295 4269)
4(4269 4271 4278 4276)
4(4268 7294 7296 4270)
4(4269 7295 7294 4268)
4(4268 4270 4271 4269)
4(2967 7080 7082 2969)
4(4268 7294 7080 2967)
4(2967 2969 4270 4268)
4(2966 7079 7081 2968)
4(2967 7080 7079 2966)
4(2966 2968 2969 2967)
4(2959 7076 7078 2961)
4(2966 7079 7076 2959)
4(2959 2961 2968 2966)
4(2958 7075 7077 2960)
4(2959 7076 7075 2958)
4(2958 2960 2961 2959)
4(2487 6976 6978 2489)
4(2958 7075 6976 2487)
4(2487 2489 2960 2958)
4(2486 6975 6977 2488)
4(2487 6976 6975 2486)
4(2486 2488 2489 2487)
4(2479 6972 6974 2481)
4(2486 6975 6972 2479)
4(2479 2481 2488 2486)
4(2478 6971 6973 2480)
4(2479 6972 6971 2478)
4(2478 2480 2481 2479)
4(4810 7420 7422 4812)
4(2478 6971 7420 4810)
4(4810 4812 2480 2478)
4(4809 7419 7421 4811)
4(4810 7420 7419 4809)
4(4809 4811 4812 4810)
4(4802 7416 7418 4804)
4(4809 7419 7416 4802)
4(4802 4804 4811 4809)
4(4801 7415 7417 4803)
4(4802 7416 7415 4801)
4(4801 4803 4804 4802)
4(4253 7287 7289 4255)
4(4801 7415 7287 4253)
4(4253 4255 4803 4801)
4(4252 7286 7288 4254)
4(4253 7287 7286 4252)
4(4252 4254 4255 4253)
4(4245 7283 7285 4247)
4(4252 7286 7283 4245)
4(4245 4247 4254 4252)
4(4245 7283 7282 4244)
4(4244 4246 4247 4245)
4(1945 4245 7283 6833)
4(1945 6833 6832 1944)
4(1944 4244 4245 1945)
4(1952 4252 7286 6836)
4(1952 6836 6833 1945)
4(1945 4245 4252 1952)
4(1953 4253 7287 6837)
4(1953 6837 6836 1952)
4(1952 4252 4253 1953)
4(1976 4801 7415 6848)
4(1976 6848 6837 1953)
4(1953 4253 4801 1976)
4(1977 4802 7416 6849)
4(1977 6849 6848 1976)
4(1976 4801 4802 1977)
4(2472 4809 7419 6969)
4(2472 6969 6849 1977)
4(1977 4802 4809 2472)
4(2473 4810 7420 6970)
4(2473 6970 6969 2472)
4(2472 4809 4810 2473)
4(557 2478 6971 6495)
4(557 6495 6970 2473)
4(2473 4810 2478 557)
4(558 2479 6972 6496)
4(558 6496 6495 557)
4(557 2478 2479 558)
4(565 2486 6975 6499)
4(565 6499 6496 558)
4(558 2479 2486 565)
4(566 2487 6976 6500)
4(566 6500 6499 565)
4(565 2486 2487 566)
4(589 2958 7075 6511)
4(589 6511 6500 566)
4(566 2487 2958 589)
4(590 2959 7076 6512)
4(590 6512 6511 589)
4(589 2958 2959 590)
4(952 2966 7079 6574)
4(952 6574 6512 590)
4(590 2959 2966 952)
4(953 2967 7080 6575)
4(953 6575 6574 952)
4(952 2966 2967 953)
4(1996 4268 7294 6860)
4(1996 6860 6575 953)
4(953 2967 4268 1996)
4(1997 4269 7295 6861)
4(1997 6861 6860 1996)
4(1996 4268 4269 1997)
4(2004 4276 7298 6864)
4(2004 6864 6861 1997)
4(1997 4269 4276 2004)
4(2005 4277 7299 6865)
4(2005 6865 6864 2004)
4(2004 4276 4277 2005)
4(2024 4833 7431 6874)
4(2024 6874 6865 2005)
4(2005 4277 4833 2024)
4(2025 4834 7432 6875)
4(2025 6875 6874 2024)
4(2024 4833 4834 2025)
4(2029 7805 6875 2025)
4(2025 4834 4839 2029)
4(2023 6873 6875 2025)
4(2028 7804 6873 2023)
4(2023 2025 2029 2028)
4(2022 6872 6874 2024)
4(2023 6873 6872 2022)
4(2022 2024 2025 2023)
4(2003 6863 6865 2005)
4(2022 6872 6863 2003)
4(2003 2005 2024 2022)
4(2002 6862 6864 2004)
4(2003 6863 6862 2002)
4(2002 2004 2005 2003)
4(1995 6859 6861 1997)
4(2002 6862 6859 1995)
4(1995 1997 2004 2002)
4(1994 6858 6860 1996)
4(1995 6859 6858 1994)
4(1994 1996 1997 1995)
4(951 6573 6575 953)
4(1994 6858 6573 951)
4(951 953 1996 1994)
4(950 6572 6574 952)
4(951 6573 6572 950)
4(950 952 953 951)
4(588 6510 6512 590)
4(950 6572 6510 588)
4(588 590 952 950)
4(587 6509 6511 589)
4(588 6510 6509 587)
4(587 589 590 588)
4(564 6498 6500 566)
4(587 6509 6498 564)
4(564 566 589 587)
4(563 6497 6499 565)
4(564 6498 6497 563)
4(563 565 566 564)
4(556 6494 6496 558)
4(563 6497 6494 556)
4(556 558 565 563)
4(555 6493 6495 557)
4(556 6494 6493 555)
4(555 557 558 556)
4(2471 6968 6970 2473)
4(555 6493 6968 2471)
4(2471 2473 557 555)
4(2470 6967 6969 2472)
4(2471 6968 6967 2470)
4(2470 2472 2473 2471)
4(1975 6847 6849 1977)
4(2470 6967 6847 1975)
4(1975 1977 2472 2470)
4(1974 6846 6848 1976)
4(1975 6847 6846 1974)
4(1974 1976 1977 1975)
4(1951 6835 6837 1953)
4(1974 6846 6835 1951)
4(1951 1953 1976 1974)
4(1950 6834 6836 1952)
4(1951 6835 6834 1950)
4(1950 1952 1953 1951)
4(1943 6831 6833 1945)
4(1950 6834 6831 1943)
4(1943 1945 1952 1950)
4(1942 6830 6832 1944)
4(1943 6831 6830 1942)
4(1942 1944 1945 1943)
4(1942 6830 6562 932)
4(932 933 1944 1942)
4(1928 1942 6830 6824)
4(1928 6824 6561 929)
4(929 932 1942 1928)
4(1929 1943 6831 6825)
4(1929 6825 6824 1928)
4(1928 1942 1943 1929)
4(1936 1950 6834 6828)
4(1936 6828 6825 1929)
4(1929 1943 1950 1936)
4(1937 1951 6835 6829)
4(1937 6829 6828 1936)
4(1936 1950 1951 1937)
4(1960 1974 6846 6840)
4(1960 6840 6829 1937)
4(1937 1951 1974 1960)
4(1961 1975 6847 6841)
4(1961 6841 6840 1960)
4(1960 1974 1975 1961)
4(1968 2470 6967 6844)
4(1968 6844 6841 1961)
4(1961 1975 2470 1968)
4(1969 2471 6968 6845)
4(1969 6845 6844 1968)
4(1968 2470 2471 1969)
4(541 555 6493 6487)
4(541 6487 6845 1969)
4(1969 2471 555 541)
4(542 556 6494 6488)
4(542 6488 6487 541)
4(541 555 556 542)
4(549 563 6497 6491)
4(549 6491 6488 542)
4(542 556 563 549)
4(550 564 6498 6492)
4(550 6492 6491 549)
4(549 563 564 550)
4(573 587 6509 6503)
4(573 6503 6492 550)
4(550 564 587 573)
4(574 588 6510 6504)
4(574 6504 6503 573)
4(573 587 588 574)
4(581 950 6572 6507)
4(581 6507 6504 574)
4(574 588 950 581)
4(582 951 6573 6508)
4(582 6508 6507 581)
4(581 950 951 582)
4(1980 1994 6858 6852)
4(1980 6852 6508 582)
4(582 951 1994 1980)
4(1981 1995 6859 6853)
4(1981 6853 6852 1980)
4(1980 1994 1995 1981)
4(1988 2002 6862 6856)
4(1988 6856 6853 1981)
4(1981 1995 2002 1988)
4(1989 2003 6863 6857)
4(1989 6857 6856 1988)
4(1988 2002 2003 1989)
4(2012 2022 6872 6868)
4(2012 6868 6857 1989)
4(1989 2003 2022 2012)
4(2013 2023 6873 6869)
4(2013 6869 6868 2012)
4(2012 2022 2023 2013)
4(2017 7801 6869 2013)
4(2013 2023 2028 2017)
4(2011 6867 6869 2013)
4(2016 7800 6867 2011)
4(2011 2013 2017 2016)
4(2010 6866 6868 2012)
4(2011 6867 6866 2010)
4(2010 2012 2013 2011)
4(1987 6855 6857 1989)
4(2010 6866 6855 1987)
4(1987 1989 2012 2010)
4(1986 6854 6856 1988)
4(1987 6855 6854 1986)
4(1986 1988 1989 1987)
4(1979 6851 6853 1981)
4(1986 6854 6851 1979)
4(1979 1981 1988 1986)
4(1978 6850 6852 1980)
4(1979 6851 6850 1978)
4(1978 1980 1981 1979)
4(580 6506 6508 582)
4(1978 6850 6506 580)
4(580 582 1980 1978)
4(579 6505 6507 581)
4(580 6506 6505 579)
4(579 581 582 580)
4(572 6502 6504 574)
4(579 6505 6502 572)
4(572 574 581 579)
4(571 6501 6503 573)
4(572 6502 6501 571)
4(571 573 574 572)
4(548 6490 6492 550)
4(571 6501 6490 548)
4(548 550 573 571)
4(547 6489 6491 549)
4(548 6490 6489 547)
4(547 549 550 548)
4(540 6486 6488 542)
4(547 6489 6486 540)
4(540 542 549 547)
4(539 6485 6487 541)
4(540 6486 6485 539)
4(539 541 542 540)
4(1967 6843 6845 1969)
4(539 6485 6843 1967)
4(1967 1969 541 539)
4(1966 6842 6844 1968)
4(1967 6843 6842 1966)
4(1966 1968 1969 1967)
4(1959 6839 6841 1961)
4(1966 6842 6839 1959)
4(1959 1961 1968 1966)
4(1958 6838 6840 1960)
4(1959 6839 6838 1958)
4(1958 1960 1961 1959)
4(1935 6827 6829 1937)
4(1958 6838 6827 1935)
4(1935 1937 1960 1958)
4(1934 6826 6828 1936)
4(1935 6827 6826 1934)
4(1934 1936 1937 1935)
4(1927 6823 6825 1929)
4(1934 6826 6823 1927)
4(1927 1929 1936 1934)
4(1926 6822 6824 1928)
4(1927 6823 6822 1926)
4(1926 1928 1929 1927)
4(927 6559 6561 929)
4(1926 6822 6559 927)
4(927 929 1928 1926)
4(927 6559 6558 926)
4(926 928 929 927)
4(6375 927 6559 7679)
4(6375 7679 7678 6374)
4(6374 926 927 6375)
4(1289 1926 6822 6677)
4(1289 6677 7679 6375)
4(6375 927 1926 1289)
4(1290 1927 6823 6678)
4(1290 6678 6677 1289)
4(1289 1926 1927 1290)
4(1297 1934 6826 6681)
4(1297 6681 6678 1290)
4(1290 1927 1934 1297)
4(1298 1935 6827 6682)
4(1298 6682 6681 1297)
4(1297 1934 1935 1298)
4(1321 1958 6838 6693)
4(1321 6693 6682 1298)
4(1298 1935 1958 1321)
4(1322 1959 6839 6694)
4(1322 6694 6693 1321)
4(1321 1958 1959 1322)
4(1329 1966 6842 6697)
4(1329 6697 6694 1322)
4(1322 1959 1966 1329)
4(1330 1967 6843 6698)
4(1330 6698 6697 1329)
4(1329 1966 1967 1330)
4(6378 539 6485 7682)
4(6378 7682 6698 1330)
4(1330 1967 539 6378)
4(6379 540 6486 7683)
4(6379 7683 7682 6378)
4(6378 539 540 6379)
4(6386 547 6489 7686)
4(6386 7686 7683 6379)
4(6379 540 547 6386)
4(6387 548 6490 7687)
4(6387 7687 7686 6386)
4(6386 547 548 6387)
4(6410 571 6501 7698)
4(6410 7698 7687 6387)
4(6387 548 571 6410)
4(6411 572 6502 7699)
4(6411 7699 7698 6410)
4(6410 571 572 6411)
4(6418 579 6505 7702)
4(6418 7702 7699 6411)
4(6411 572 579 6418)
4(6419 580 6506 7703)
4(6419 7703 7702 6418)
4(6418 579 580 6419)
4(976 1978 6850 6586)
4(976 6586 7703 6419)
4(6419 580 1978 976)
4(977 1979 6851 6587)
4(977 6587 6586 976)
4(976 1978 1979 977)
4(984 1986 6854 6590)
4(984 6590 6587 977)
4(977 1979 1986 984)
4(985 1987 6855 6591)
4(985 6591 6590 984)
4(984 1986 1987 985)
4(1349 2010 6866 6707)
4(1349 6707 6591 985)
4(985 1987 2010 1349)
4(1350 2011 6867 6708)
4(1350 6708 6707 1349)
4(1349 2010 2011 1350)
4(1354 7781 6708 1350)
4(1350 2011 2016 1354)
4(1348 6706 6708 1350)
4(1353 7780 6706 1348)
4(1348 1350 1354 1353)
4(1347 6705 6707 1349)
4(1348 6706 6705 1347)
4(1347 1349 1350 1348)
4(983 6589 6591 985)
4(1347 6705 6589 983)
4(983 985 1349 1347)
4(982 6588 6590 984)
4(983 6589 6588 982)
4(982 984 985 983)
4(975 6585 6587 977)
4(982 6588 6585 975)
4(975 977 984 982)
4(974 6584 6586 976)
4(975 6585 6584 974)
4(974 976 977 975)
4(6417 7701 7703 6419)
4(974 6584 7701 6417)
4(6417 6419 976 974)
4(6416 7700 7702 6418)
4(6417 7701 7700 6416)
4(6416 6418 6419 6417)
4(6409 7697 7699 6411)
4(6416 7700 7697 6409)
4(6409 6411 6418 6416)
4(6408 7696 7698 6410)
4(6409 7697 7696 6408)
4(6408 6410 6411 6409)
4(6385 7685 7687 6387)
4(6408 7696 7685 6385)
4(6385 6387 6410 6408)
4(6384 7684 7686 6386)
4(6385 7685 7684 6384)
4(6384 6386 6387 6385)
4(6377 7681 7683 6379)
4(6384 7684 7681 6377)
4(6377 6379 6386 6384)
4(6376 7680 7682 6378)
4(6377 7681 7680 6376)
4(6376 6378 6379 6377)
4(1328 6696 6698 1330)
4(6376 7680 6696 1328)
4(1328 1330 6378 6376)
4(1327 6695 6697 1329)
4(1328 6696 6695 1327)
4(1327 1329 1330 1328)
4(1320 6692 6694 1322)
4(1327 6695 6692 1320)
4(1320 1322 1329 1327)
4(1319 6691 6693 1321)
4(1320 6692 6691 1319)
4(1319 1321 1322 1320)
4(1296 6680 6682 1298)
4(1319 6691 6680 1296)
4(1296 1298 1321 1319)
4(1295 6679 6681 1297)
4(1296 6680 6679 1295)
4(1295 1297 1298 1296)
4(1288 6676 6678 1290)
4(1295 6679 6676 1288)
4(1288 1290 1297 1295)
4(1287 6675 6677 1289)
4(1288 6676 6675 1287)
4(1287 1289 1290 1288)
4(6373 7677 7679 6375)
4(1287 6675 7677 6373)
4(6373 6375 1289 1287)
4(6372 7676 7678 6374)
4(6373 7677 7676 6372)
4(6372 6374 6375 6373)
4(6372 7676 7674 6366)
4(6366 6367 6374 6372)
4(6362 6372 7676 7672)
4(6362 7672 7669 6355)
4(6355 6366 6372 6362)
4(6363 6373 7677 7673)
4(6363 7673 7672 6362)
4(6362 6372 6373 6363)
4(940 1287 6675 6566)
4(940 6566 7673 6363)
4(6363 6373 1287 940)
4(941 1288 6676 6567)
4(941 6567 6566 940)
4(940 1287 1288 941)
4(948 1295 6679 6570)
4(948 6570 6567 941)
4(941 1288 1295 948)
4(949 1296 6680 6571)
4(949 6571 6570 948)
4(948 1295 1296 949)
4(1305 1319 6691 6685)
4(1305 6685 6571 949)
4(949 1296 1319 1305)
4(1306 1320 6692 6686)
4(1306 6686 6685 1305)
4(1305 1319 1320 1306)
4(1313 1327 6695 6689)
4(1313 6689 6686 1306)
4(1306 1320 1327 1313)
4(1314 1328 6696 6690)
4(1314 6690 6689 1313)
4(1313 1327 1328 1314)
4(5805 6376 7680 7599)
4(5805 7599 6690 1314)
4(1314 1328 6376 5805)
4(5806 6377 7681 7600)
4(5806 7600 7599 5805)
4(5805 6376 6377 5806)
4(5813 6384 7684 7603)
4(5813 7603 7600 5806)
4(5806 6377 6384 5813)
4(5814 6385 7685 7604)
4(5814 7604 7603 5813)
4(5813 6384 6385 5814)
4(6394 6408 7696 7690)
4(6394 7690 7604 5814)
4(5814 6385 6408 6394)
4(6395 6409 7697 7691)
4(6395 7691 7690 6394)
4(6394 6408 6409 6395)
4(6402 6416 7700 7694)
4(6402 7694 7691 6395)
4(6395 6409 6416 6402)
4(6403 6417 7701 7695)
4(6403 7695 7694 6402)
4(6402 6416 6417 6403)
4(960 974 6584 6578)
4(960 6578 7695 6403)
4(6403 6417 974 960)
4(961 975 6585 6579)
4(961 6579 6578 960)
4(960 974 975 961)
4(968 982 6588 6582)
4(968 6582 6579 961)
4(961 975 982 968)
4(969 983 6589 6583)
4(969 6583 6582 968)
4(968 982 983 969)
4(1337 1347 6705 6701)
4(1337 6701 6583 969)
4(969 983 1347 1337)
4(1338 1348 6706 6702)
4(1338 6702 6701 1337)
4(1337 1347 1348 1338)
4(1342 7777 6702 1338)
4(1338 1348 1353 1342)
4(1336 6700 6702 1338)
4(1341 7776 6700 1336)
4(1336 1338 1342 1341)
4(1335 6699 6701 1337)
4(1336 6700 6699 1335)
4(1335 1337 1338 1336)
4(967 6581 6583 969)
4(1335 6699 6581 967)
4(967 969 1337 1335)
4(966 6580 6582 968)
4(967 6581 6580 966)
4(966 968 969 967)
4(959 6577 6579 961)
4(966 6580 6577 959)
4(959 961 968 966)
4(958 6576 6578 960)
4(959 6577 6576 958)
4(958 960 961 959)
4(6401 7693 7695 6403)
4(958 6576 7693 6401)
4(6401 6403 960 958)
4(6400 7692 7694 6402)
4(6401 7693 7692 6400)
4(6400 6402 6403 6401)
4(6393 7689 7691 6395)
4(6400 7692 7689 6393)
4(6393 6395 6402 6400)
4(6392 7688 7690 6394)
4(6393 7689 7688 6392)
4(6392 6394 6395 6393)
4(5812 7602 7604 5814)
4(6392 7688 7602 5812)
4(5812 5814 6394 6392)
4(5811 7601 7603 5813)
4(5812 7602 7601 5811)
4(5811 5813 5814 5812)
4(5804 7598 7600 5806)
4(5811 7601 7598 5804)
4(5804 5806 5813 5811)
4(5803 7597 7599 5805)
4(5804 7598 7597 5803)
4(5803 5805 5806 5804)
4(1312 6688 6690 1314)
4(5803 7597 6688 1312)
4(1312 1314 5805 5803)
4(1311 6687 6689 1313)
4(1312 6688 6687 1311)
4(1311 1313 1314 1312)
4(1304 6684 6686 1306)
4(1311 6687 6684 1304)
4(1304 1306 1313 1311)
4(1303 6683 6685 1305)
4(1304 6684 6683 1303)
4(1303 1305 1306 1304)
4(947 6569 6571 949)
4(1303 6683 6569 947)
4(947 949 1305 1303)
4(946 6568 6570 948)
4(947 6569 6568 946)
4(946 948 949 947)
4(939 6565 6567 941)
4(946 6568 6565 939)
4(939 941 948 946)
4(938 6564 6566 940)
4(939 6565 6564 938)
4(938 940 941 939)
4(6361 7671 7673 6363)
4(938 6564 7671 6361)
4(6361 6363 940 938)
4(6360 7670 7672 6362)
4(6361 7671 7670 6360)
4(6360 6362 6363 6361)
4(6353 7667 7669 6355)
4(6360 7670 7667 6353)
4(6353 6355 6362 6360)
4(6353 7667 7666 6352)
4(6352 6354 6355 6353)
4(4186 6352 7666 7252)
4(4186 7252 7157 3578)
4(3578 6347 6352 4186)
4(4187 6353 7667 7253)
4(4187 7253 7252 4186)
4(4186 6352 6353 4187)
4(4194 6360 7670 7256)
4(4194 7256 7253 4187)
4(4187 6353 6360 4194)
4(4195 6361 7671 7257)
4(4195 7257 7256 4194)
4(4194 6360 6361 4195)
4(5349 938 6564 7518)
4(5349 7518 7257 4195)
4(4195 6361 938 5349)
4(5350 939 6565 7519)
4(5350 7519 7518 5349)
4(5349 938 939 5350)
4(5357 946 6568 7522)
4(5357 7522 7519 5350)
4(5350 939 946 5357)
4(5358 947 6569 7523)
4(5358 7523 7522 5357)
4(5357 946 947 5358)
4(5789 1303 6683 7591)
4(5789 7591 7523 5358)
4(5358 947 1303 5789)
4(5790 1304 6684 7592)
4(5790 7592 7591 5789)
4(5789 1303 1304 5790)
4(5797 1311 6687 7595)
4(5797 7595 7592 5790)
4(5790 1304 1311 5797)
4(5798 1312 6688 7596)
4(5798 7596 7595 5797)
4(5797 1311 1312 5798)
4(3605 5803 7597 7168)
4(3605 7168 7596 5798)
4(5798 1312 5803 3605)
4(3606 5804 7598 7169)
4(3606 7169 7168 3605)
4(3605 5803 5804 3606)
4(3613 5811 7601 7172)
4(3613 7172 7169 3606)
4(3606 5804 5811 3613)
4(3614 5812 7602 7173)
4(3614 7173 7172 3613)
4(3613 5811 5812 3614)
4(4206 6392 7688 7264)
4(4206 7264 7173 3614)
4(3614 5812 6392 4206)
4(4207 6393 7689 7265)
4(4207 7265 7264 4206)
4(4206 6392 6393 4207)
4(4214 6400 7692 7268)
4(4214 7268 7265 4207)
4(4207 6393 6400 4214)
4(4215 6401 7693 7269)
4(4215 7269 7268 4214)
4(4214 6400 6401 4215)
4(5397 958 6576 7542)
4(5397 7542 7269 4215)
4(4215 6401 958 5397)
4(5398 959 6577 7543)
4(5398 7543 7542 5397)
4(5397 958 959 5398)
4(5405 966 6580 7546)
4(5405 7546 7543 5398)
4(5398 959 966 5405)
4(5406 967 6581 7547)
4(5406 7547 7546 5405)
4(5405 966 967 5406)
4(5425 1335 6699 7556)
4(5425 7556 7547 5406)
4(5406 967 1335 5425)
4(5426 1336 6700 7557)
4(5426 7557 7556 5425)
4(5425 1335 1336 5426)
4(5430 7953 7557 5426)
4(5426 1336 1341 5430)
4(5424 7555 7557 5426)
4(5429 7952 7555 5424)
4(5424 5426 5430 5429)
4(5423 7554 7556 5425)
4(5424 7555 7554 5423)
4(5423 5425 5426 5424)
4(5404 7545 7547 5406)
4(5423 7554 7545 5404)
4(5404 5406 5425 5423)
4(5403 7544 7546 5405)
4(5404 7545 7544 5403)
4(5403 5405 5406 5404)
4(5396 7541 7543 5398)
4(5403 7544 7541 5396)
4(5396 5398 5405 5403)
4(5395 7540 7542 5397)
4(5396 7541 7540 5395)
4(5395 5397 5398 5396)
4(4213 7267 7269 4215)
4(5395 7540 7267 4213)
4(4213 4215 5397 5395)
4(4212 7266 7268 4214)
4(4213 7267 7266 4212)
4(4212 4214 4215 4213)
4(4205 7263 7265 4207)
4(4212 7266 7263 4205)
4(4205 4207 4214 4212)
4(4204 7262 7264 4206)
4(4205 7263 7262 4204)
4(4204 4206 4207 4205)
4(3612 7171 7173 3614)
4(4204 7262 7171 3612)
4(3612 3614 4206 4204)
4(3611 7170 7172 3613)
4(3612 7171 7170 3611)
4(3611 3613 3614 3612)
4(3604 7167 7169 3606)
4(3611 7170 7167 3604)
4(3604 3606 3613 3611)
4(3603 7166 7168 3605)
4(3604 7167 7166 3603)
4(3603 3605 3606 3604)
4(5796 7594 7596 5798)
4(3603 7166 7594 5796)
4(5796 5798 3605 3603)
4(5795 7593 7595 5797)
4(5796 7594 7593 5795)
4(5795 5797 5798 5796)
4(5788 7590 7592 5790)
4(5795 7593 7590 5788)
4(5788 5790 5797 5795)
4(5787 7589 7591 5789)
4(5788 7590 7589 5787)
4(5787 5789 5790 5788)
4(5356 7521 7523 5358)
4(5787 7589 7521 5356)
4(5356 5358 5789 5787)
4(5355 7520 7522 5357)
4(5356 7521 7520 5355)
4(5355 5357 5358 5356)
4(5348 7517 7519 5350)
4(5355 7520 7517 5348)
4(5348 5350 5357 5355)
4(5347 7516 7518 5349)
4(5348 7517 7516 5347)
4(5347 5349 5350 5348)
4(4193 7255 7257 4195)
4(5347 7516 7255 4193)
4(4193 4195 5349 5347)
4(4192 7254 7256 4194)
4(4193 7255 7254 4192)
4(4192 4194 4195 4193)
4(4185 7251 7253 4187)
4(4192 7254 7251 4185)
4(4185 4187 4194 4192)
4(4184 7250 7252 4186)
4(4185 7251 7250 4184)
4(4184 4186 4187 4185)
4(3576 7155 7157 3578)
4(4184 7250 7155 3576)
4(3576 3578 4186 4184)
4(3575 7154 7156 3577)
4(3576 7155 7154 3575)
4(3575 3577 3578 3576)
4(3568 7151 7153 3570)
4(3575 7154 7151 3568)
4(3568 3570 3577 3575)
4(3568 7151 7150 3567)
4(3567 3569 3570 3568)
4(3554 3568 7151 7145)
4(3553 3567 3568 3554)
4(3561 3575 7154 7148)
4(3561 7148 7145 3554)
4(3554 3568 3575 3561)
4(3562 3576 7155 7149)
4(3562 7149 7148 3561)
4(3561 3575 3576 3562)
4(4170 4184 7250 7244)
4(4170 7244 7149 3562)
4(3562 3576 4184 4170)
4(4171 4185 7251 7245)
4(4171 7245 7244 4170)
4(4170 4184 4185 4171)
4(4178 4192 7254 7248)
4(4178 7248 7245 4171)
4(4171 4185 4192 4178)
4(4179 4193 7255 7249)
4(4179 7249 7248 4178)
4(4178 4192 4193 4179)
4(5333 5347 7516 7510)
4(5333 7510 7249 4179)
4(4179 4193 5347 5333)
4(5334 5348 7517 7511)
4(5334 7511 7510 5333)
4(5333 5347 5348 5334)
4(5341 5355 7520 7514)
4(5341 7514 7511 5334)
4(5334 5348 5355 5341)
4(5342 5356 7521 7515)
4(5342 7515 7514 5341)
4(5341 5355 5356 5342)
4(5365 5787 7589 7526)
4(5365 7526 7515 5342)
4(5342 5356 5787 5365)
4(5366 5788 7590 7527)
4(5366 7527 7526 5365)
4(5365 5787 5788 5366)
4(5373 5795 7593 7530)
4(5373 7530 7527 5366)
4(5366 5788 5795 5373)
4(5374 5796 7594 7531)
4(5374 7531 7530 5373)
4(5373 5795 5796 5374)
4(3589 3603 7166 7160)
4(3589 7160 7531 5374)
4(5374 5796 3603 3589)
4(3590 3604 7167 7161)
4(3590 7161 7160 3589)
4(3589 3603 3604 3590)
4(3597 3611 7170 7164)
4(3597 7164 7161 3590)
4(3590 3604 3611 3597)
4(3598 3612 7171 7165)
4(3598 7165 7164 3597)
4(3597 3611 3612 3598)
4(3621 4204 7262 7176)
4(3621 7176 7165 3598)
4(3598 3612 4204 3621)
4(3622 4205 7263 7177)
4(3622 7177 7176 3621)
4(3621 4204 4205 3622)
4(3629 4212 7266 7180)
4(3629 7180 7177 3622)
4(3622 4205 4212 3629)
4(3630 4213 7267 7181)
4(3630 7181 7180 3629)
4(3629 4212 4213 3630)
4(5381 5395 7540 7534)
4(5381 7534 7181 3630)
4(3630 4213 5395 5381)
4(5382 5396 7541 7535)
4(5382 7535 7534 5381)
4(5381 5395 5396 5382)
4(5389 5403 7544 7538)
4(5389 7538 7535 5382)
4(5382 5396 5403 5389)
4(5390 5404 7545 7539)
4(5390 7539 7538 5389)
4(5389 5403 5404 5390)
4(5413 5423 7554 7550)
4(5413 7550 7539 5390)
4(5390 5404 5423 5413)
4(5414 5424 7555 7551)
4(5414 7551 7550 5413)
4(5413 5423 5424 5414)
4(5418 7949 7551 5414)
4(5414 5424 5429 5418)
4(5412 7549 7551 5414)
4(5417 7948 7549 5412)
4(5412 5414 5418 5417)
4(5411 7548 7550 5413)
4(5412 7549 7548 5411)
4(5411 5413 5414 5412)
4(5388 7537 7539 5390)
4(5411 7548 7537 5388)
4(5388 5390 5413 5411)
4(5387 7536 7538 5389)
4(5388 7537 7536 5387)
4(5387 5389 5390 5388)
4(5380 7533 7535 5382)
4(5387 7536 7533 5380)
4(5380 5382 5389 5387)
4(5379 7532 7534 5381)
4(5380 7533 7532 5379)
4(5379 5381 5382 5380)
4(3628 7179 7181 3630)
4(5379 7532 7179 3628)
4(3628 3630 5381 5379)
4(3627 7178 7180 3629)
4(3628 7179 7178 3627)
4(3627 3629 3630 3628)
4(3620 7175 7177 3622)
4(3627 7178 7175 3620)
4(3620 3622 3629 3627)
4(3619 7174 7176 3621)
4(3620 7175 7174 3619)
4(3619 3621 3622 3620)
4(3596 7163 7165 3598)
4(3619 7174 7163 3596)
4(3596 3598 3621 3619)
4(3595 7162 7164 3597)
4(3596 7163 7162 3595)
4(3595 3597 3598 3596)
4(3588 7159 7161 3590)
4(3595 7162 7159 3588)
4(3588 3590 3597 3595)
4(3587 7158 7160 3589)
4(3588 7159 7158 3587)
4(3587 3589 3590 3588)
4(5372 7529 7531 5374)
4(3587 7158 7529 5372)
4(5372 5374 3589 3587)
4(5371 7528 7530 5373)
4(5372 7529 7528 5371)
4(5371 5373 5374 5372)
4(5364 7525 7527 5366)
4(5371 7528 7525 5364)
4(5364 5366 5373 5371)
4(5363 7524 7526 5365)
4(5364 7525 7524 5363)
4(5363 5365 5366 5364)
4(5340 7513 7515 5342)
4(5363 7524 7513 5340)
4(5340 5342 5365 5363)
4(5339 7512 7514 5341)
4(5340 7513 7512 5339)
4(5339 5341 5342 5340)
4(5332 7509 7511 5334)
4(5339 7512 7509 5332)
4(5332 5334 5341 5339)
4(5331 7508 7510 5333)
4(5332 7509 7508 5331)
4(5331 5333 5334 5332)
4(4177 7247 7249 4179)
4(5331 7508 7247 4177)
4(4177 4179 5333 5331)
4(4176 7246 7248 4178)
4(4177 7247 7246 4176)
4(4176 4178 4179 4177)
4(4169 7243 7245 4171)
4(4176 7246 7243 4169)
4(4169 4171 4178 4176)
4(4168 7242 7244 4170)
4(4169 7243 7242 4168)
4(4168 4170 4171 4169)
4(3560 7147 7149 3562)
4(4168 7242 7147 3560)
4(3560 3562 4170 4168)
4(3559 7146 7148 3561)
4(3560 7147 7146 3559)
4(3559 3561 3562 3560)
4(3552 3554 3561 3559)
4(2869 3560 7147 7030)
4(2868 3559 3560 2869)
4(2892 4168 7242 7041)
4(2892 7041 7030 2869)
4(2869 3560 4168 2892)
4(2893 4169 7243 7042)
4(2893 7042 7041 2892)
4(2892 4168 4169 2893)
4(2900 4176 7246 7045)
4(2900 7045 7042 2893)
4(2893 4169 4176 2900)
4(2901 4177 7247 7046)
4(2901 7046 7045 2900)
4(2900 4176 4177 2901)
4(4723 5331 7508 7377)
4(4723 7377 7046 2901)
4(2901 4177 5331 4723)
4(4724 5332 7509 7378)
4(4724 7378 7377 4723)
4(4723 5331 5332 4724)
4(4731 5339 7512 7381)
4(4731 7381 7378 4724)
4(4724 5332 5339 4731)
4(4732 5340 7513 7382)
4(4732 7382 7381 4731)
4(4731 5339 5340 4732)
4(4755 5363 7524 7393)
4(4755 7393 7382 4732)
4(4732 5340 5363 4755)
4(4756 5364 7525 7394)
4(4756 7394 7393 4755)
4(4755 5363 5364 4756)
4(4763 5371 7528 7397)
4(4763 7397 7394 4756)
4(4756 5364 5371 4763)
4(4764 5372 7529 7398)
4(4764 7398 7397 4763)
4(4763 5371 5372 4764)
4(2912 3587 7158 7053)
4(2912 7053 7398 4764)
4(4764 5372 3587 2912)
4(2913 3588 7159 7054)
4(2913 7054 7053 2912)
4(2912 3587 3588 2913)
4(2920 3595 7162 7057)
4(2920 7057 7054 2913)
4(2913 3588 3595 2920)
4(2921 3596 7163 7058)
4(2921 7058 7057 2920)
4(2920 3595 3596 2921)
4(2944 3619 7174 7069)
4(2944 7069 7058 2921)
4(2921 3596 3619 2944)
4(2945 3620 7175 7070)
4(2945 7070 7069 2944)
4(2944 3619 3620 2945)
4(2952 3627 7178 7073)
4(2952 7073 7070 2945)
4(2945 3620 3627 2952)
4(2953 3628 7179 7074)
4(2953 7074 7073 2952)
4(2952 3627 3628 2953)
4(4238 5379 7532 7280)
4(4238 7280 7074 2953)
4(2953 3628 5379 4238)
4(4239 5380 7533 7281)
4(4239 7281 7280 4238)
4(4238 5379 5380 4239)
4(4771 5387 7536 7401)
4(4771 7401 7281 4239)
4(4239 5380 5387 4771)
4(4772 5388 7537 7402)
4(4772 7402 7401 4771)
4(4771 5387 5388 4772)
4(4791 5411 7548 7411)
4(4791 7411 7402 4772)
4(4772 5388 5411 4791)
4(4792 5412 7549 7412)
4(4792 7412 7411 4791)
4(4791 5411 5412 4792)
4(4796 7931 7412 4792)
4(4792 5412 5417 4796)
4(4790 7410 7412 4792)
4(4795 7930 7410 4790)
4(4790 4792 4796 4795)
4(4789 7409 7411 4791)
4(4790 7410 7409 4789)
4(4789 4791 4792 4790)
4(4770 7400 7402 4772)
4(4789 7409 7400 4770)
4(4770 4772 4791 4789)
4(4769 7399 7401 4771)
4(4770 7400 7399 4769)
4(4769 4771 4772 4770)
4(4237 7279 7281 4239)
4(4769 7399 7279 4237)
4(4237 4239 4771 4769)
4(4236 7278 7280 4238)
4(4237 7279 7278 4236)
4(4236 4238 4239 4237)
4(2951 7072 7074 2953)
4(4236 7278 7072 2951)
4(2951 2953 4238 4236)
4(2950 7071 7073 2952)
4(2951 7072 7071 2950)
4(2950 2952 2953 2951)
4(2943 7068 7070 2945)
4(2950 7071 7068 2943)
4(2943 2945 2952 2950)
4(2942 7067 7069 2944)
4(2943 7068 7067 2942)
4(2942 2944 2945 2943)
4(2919 7056 7058 2921)
4(2942 7067 7056 2919)
4(2919 2921 2944 2942)
4(2918 7055 7057 2920)
4(2919 7056 7055 2918)
4(2918 2920 2921 2919)
4(2911 7052 7054 2913)
4(2918 7055 7052 2911)
4(2911 2913 2920 2918)
4(2910 7051 7053 2912)
4(2911 7052 7051 2910)
4(2910 2912 2913 2911)
4(4762 7396 7398 4764)
4(2910 7051 7396 4762)
4(4762 4764 2912 2910)
4(4761 7395 7397 4763)
4(4762 7396 7395 4761)
4(4761 4763 4764 4762)
4(4754 7392 7394 4756)
4(4761 7395 7392 4754)
4(4754 4756 4763 4761)
4(4753 7391 7393 4755)
4(4754 7392 7391 4753)
4(4753 4755 4756 4754)
4(4730 7380 7382 4732)
4(4753 7391 7380 4730)
4(4730 4732 4755 4753)
4(4729 7379 7381 4731)
4(4730 7380 7379 4729)
4(4729 4731 4732 4730)
4(4722 7376 7378 4724)
4(4729 7379 7376 4722)
4(4722 4724 4731 4729)
4(4721 7375 7377 4723)
4(4722 7376 7375 4721)
4(4721 4723 4724 4722)
4(2899 7044 7046 2901)
4(4721 7375 7044 2899)
4(2899 2901 4723 4721)
4(2898 7043 7045 2900)
4(2899 7044 7043 2898)
4(2898 2900 2901 2899)
4(2891 7040 7042 2893)
4(2898 7043 7040 2891)
4(2891 2893 2900 2898)
4(2890 7039 7041 2892)
4(2891 7040 7039 2890)
4(2890 2892 2893 2891)
4(2890 7039 7028 2867)
4(2867 2869 2892 2890)
4(2876 2890 7039 7033)
4(2863 2867 2890 2876)
4(2877 2891 7040 7034)
4(2877 7034 7033 2876)
4(2876 2890 2891 2877)
4(2884 2898 7043 7037)
4(2884 7037 7034 2877)
4(2877 2891 2898 2884)
4(2885 2899 7044 7038)
4(2885 7038 7037 2884)
4(2884 2898 2899 2885)
4(4202 4721 7375 7260)
4(4202 7260 7038 2885)
4(2885 2899 4721 4202)
4(4203 4722 7376 7261)
4(4203 7261 7260 4202)
4(4202 4721 4722 4203)
4(4715 4729 7379 7373)
4(4715 7373 7261 4203)
4(4203 4722 4729 4715)
4(4716 4730 7380 7374)
4(4716 7374 7373 4715)
4(4715 4729 4730 4716)
4(4739 4753 7391 7385)
4(4739 7385 7374 4716)
4(4716 4730 4753 4739)
4(4740 4754 7392 7386)
4(4740 7386 7385 4739)
4(4739 4753 4754 4740)
4(4747 4761 7395 7389)
4(4747 7389 7386 4740)
4(4740 4754 4761 4747)
4(4748 4762 7396 7390)
4(4748 7390 7389 4747)
4(4747 4761 4762 4748)
4(2460 2910 7051 6965)
4(2460 6965 7390 4748)
4(4748 4762 2910 2460)
4(2461 2911 7052 6966)
4(2461 6966 6965 2460)
4(2460 2910 2911 2461)
4(2904 2918 7055 7049)
4(2904 7049 6966 2461)
4(2461 2911 2918 2904)
4(2905 2919 7056 7050)
4(2905 7050 7049 2904)
4(2904 2918 2919 2905)
4(2928 2942 7067 7061)
4(2928 7061 7050 2905)
4(2905 2919 2942 2928)
4(2929 2943 7068 7062)
4(2929 7062 7061 2928)
4(2928 2942 2943 2929)
4(2936 2950 7071 7065)
4(2936 7065 7062 2929)
4(2929 2943 2950 2936)
4(2937 2951 7072 7066)
4(2937 7066 7065 2936)
4(2936 2950 2951 2937)
4(4222 4236 7278 7272)
4(4222 7272 7066 2937)
4(2937 2951 4236 4222)
4(4223 4237 7279 7273)
4(4223 7273 7272 4222)
4(4222 4236 4237 4223)
4(4230 4769 7399 7276)
4(4230 7276 7273 4223)
4(4223 4237 4769 4230)
4(4231 4770 7400 7277)
4(4231 7277 7276 4230)
4(4230 4769 4770 4231)
4(4779 4789 7409 7405)
4(4779 7405 7277 4231)
4(4231 4770 4789 4779)
4(4780 4790 7410 7406)
4(4780 7406 7405 4779)
4(4779 4789 4790 4780)
4(4784 7927 7406 4780)
4(4780 4790 4795 4784)
4(4778 7404 7406 4780)
4(4783 7926 7404 4778)
4(4778 4780 4784 4783)
4(4777 7403 7405 4779)
4(4778 7404 7403 4777)
4(4777 4779 4780 4778)
4(4229 7275 7277 4231)
4(4777 7403 7275 4229)
4(4229 4231 4779 4777)
4(4228 7274 7276 4230)
4(4229 7275 7274 4228)
4(4228 4230 4231 4229)
4(4221 7271 7273 4223)
4(4228 7274 7271 4221)
4(4221 4223 4230 4228)
4(4220 7270 7272 4222)
4(4221 7271 7270 4220)
4(4220 4222 4223 4221)
4(2935 7064 7066 2937)
4(4220 7270 7064 2935)
4(2935 2937 4222 4220)
4(2934 7063 7065 2936)
4(2935 7064 7063 2934)
4(2934 2936 2937 2935)
4(2927 7060 7062 2929)
4(2934 7063 7060 2927)
4(2927 2929 2936 2934)
4(2926 7059 7061 2928)
4(2927 7060 7059 2926)
4(2926 2928 2929 2927)
4(2903 7048 7050 2905)
4(2926 7059 7048 2903)
4(2903 2905 2928 2926)
4(2902 7047 7049 2904)
4(2903 7048 7047 2902)
4(2902 2904 2905 2903)
4(2459 6964 6966 2461)
4(2902 7047 6964 2459)
4(2459 2461 2904 2902)
4(2458 6963 6965 2460)
4(2459 6964 6963 2458)
4(2458 2460 2461 2459)
4(4746 7388 7390 4748)
4(2458 6963 7388 4746)
4(4746 4748 2460 2458)
4(4745 7387 7389 4747)
4(4746 7388 7387 4745)
4(4745 4747 4748 4746)
4(4738 7384 7386 4740)
4(4745 7387 7384 4738)
4(4738 4740 4747 4745)
4(4737 7383 7385 4739)
4(4738 7384 7383 4737)
4(4737 4739 4740 4738)
4(4714 7372 7374 4716)
4(4737 7383 7372 4714)
4(4714 4716 4739 4737)
4(4713 7371 7373 4715)
4(4714 7372 7371 4713)
4(4713 4715 4716 4714)
4(4201 7259 7261 4203)
4(4713 7371 7259 4201)
4(4201 4203 4715 4713)
4(4200 7258 7260 4202)
4(4201 7259 7258 4200)
4(4200 4202 4203 4201)
4(2883 7036 7038 2885)
4(4200 7258 7036 2883)
4(2883 2885 4202 4200)
4(2882 7035 7037 2884)
4(2883 7036 7035 2882)
4(2882 2884 2885 2883)
4(2875 7032 7034 2877)
4(2882 7035 7032 2875)
4(2875 2877 2884 2882)
4(2874 2876 2877 2875)
4(892 2882 7035 6540)
4(892 6540 6537 885)
4(885 2875 2882 892)
4(893 2883 7036 6541)
4(893 6541 6540 892)
4(892 2882 2883 893)
4(1872 4200 7258 6796)
4(1872 6796 6541 893)
4(893 2883 4200 1872)
4(1873 4201 7259 6797)
4(1873 6797 6796 1872)
4(1872 4200 4201 1873)
4(1880 4713 7371 6800)
4(1880 6800 6797 1873)
4(1873 4201 4713 1880)
4(1881 4714 7372 6801)
4(1881 6801 6800 1880)
4(1880 4713 4714 1881)
4(2428 4737 7383 6949)
4(2428 6949 6801 1881)
4(1881 4714 4737 2428)
4(2429 4738 7384 6950)
4(2429 6950 6949 2428)
4(2428 4737 4738 2429)
4(2436 4745 7387 6953)
4(2436 6953 6950 2429)
4(2429 4738 4745 2436)
4(2437 4746 7388 6954)
4(2437 6954 6953 2436)
4(2436 4745 4746 2437)
4(521 2458 6963 6479)
4(521 6479 6954 2437)
4(2437 4746 2458 521)
4(522 2459 6964 6480)
4(522 6480 6479 521)
4(521 2458 2459 522)
4(529 2902 7047 6483)
4(529 6483 6480 522)
4(522 2459 2902 529)
4(530 2903 7048 6484)
4(530 6484 6483 529)
4(529 2902 2903 530)
4(916 2926 7059 6552)
4(916 6552 6484 530)
4(530 2903 2926 916)
4(917 2927 7060 6553)
4(917 6553 6552 916)
4(916 2926 2927 917)
4(924 2934 7063 6556)
4(924 6556 6553 917)
4(917 2927 2934 924)
4(925 2935 7064 6557)
4(925 6557 6556 924)
4(924 2934 2935 925)
4(1904 4220 7270 6812)
4(1904 6812 6557 925)
4(925 2935 4220 1904)
4(1905 4221 7271 6813)
4(1905 6813 6812 1904)
4(1904 4220 4221 1905)
4(1912 4228 7274 6816)
4(1912 6816 6813 1905)
4(1905 4221 4228 1912)
4(1913 4229 7275 6817)
4(1913 6817 6816 1912)
4(1912 4228 4229 1913)
4(2448 4777 7403 6959)
4(2448 6959 6817 1913)
4(1913 4229 4777 2448)
4(2449 4778 7404 6960)
4(2449 6960 6959 2448)
4(2448 4777 4778 2449)
4(2453 7821 6960 2449)
4(2449 4778 4783 2453)
4(2447 6958 6960 2449)
4(2452 7820 6958 2447)
4(2447 2449 2453 2452)
4(2446 6957 6959 2448)
4(2447 6958 6957 2446)
4(2446 2448 2449 2447)
4(1911 6815 6817 1913)
4(2446 6957 6815 1911)
4(1911 1913 2448 2446)
4(1910 6814 6816 1912)
4(1911 6815 6814 1910)
4(1910 1912 1913 1911)
4(1903 6811 6813 1905)
4(1910 6814 6811 1903)
4(1903 1905 1912 1910)
4(1902 6810 6812 1904)
4(1903 6811 6810 1902)
4(1902 1904 1905 1903)
4(923 6555 6557 925)
4(1902 6810 6555 923)
4(923 925 1904 1902)
4(922 6554 6556 924)
4(923 6555 6554 922)
4(922 924 925 923)
4(915 6551 6553 917)
4(922 6554 6551 915)
4(915 917 924 922)
4(914 6550 6552 916)
4(915 6551 6550 914)
4(914 916 917 915)
4(528 6482 6484 530)
4(914 6550 6482 528)
4(528 530 916 914)
4(527 6481 6483 529)
4(528 6482 6481 527)
4(527 529 530 528)
4(520 6478 6480 522)
4(527 6481 6478 520)
4(520 522 529 527)
4(519 6477 6479 521)
4(520 6478 6477 519)
4(519 521 522 520)
4(2435 6952 6954 2437)
4(519 6477 6952 2435)
4(2435 2437 521 519)
4(2434 6951 6953 2436)
4(2435 6952 6951 2434)
4(2434 2436 2437 2435)
4(2427 6948 6950 2429)
4(2434 6951 6948 2427)
4(2427 2429 2436 2434)
4(2426 6947 6949 2428)
4(2427 6948 6947 2426)
4(2426 2428 2429 2427)
4(1879 6799 6801 1881)
4(2426 6947 6799 1879)
4(1879 1881 2428 2426)
4(1878 6798 6800 1880)
4(1879 6799 6798 1878)
4(1878 1880 1881 1879)
4(1871 6795 6797 1873)
4(1878 6798 6795 1871)
4(1871 1873 1880 1878)
4(1870 6794 6796 1872)
4(1871 6795 6794 1870)
4(1870 1872 1873 1871)
4(891 6539 6541 893)
4(1870 6794 6539 891)
4(891 893 1872 1870)
4(890 6538 6540 892)
4(891 6539 6538 890)
4(890 892 893 891)
4(884 885 892 890)
4(881 891 6539 6535)
4(880 890 891 881)
4(1856 1870 6794 6788)
4(1856 6788 6535 881)
4(881 891 1870 1856)
4(1857 1871 6795 6789)
4(1857 6789 6788 1856)
4(1856 1870 1871 1857)
4(1864 1878 6798 6792)
4(1864 6792 6789 1857)
4(1857 1871 1878 1864)
4(1865 1879 6799 6793)
4(1865 6793 6792 1864)
4(1864 1878 1879 1865)
4(2412 2426 6947 6941)
4(2412 6941 6793 1865)
4(1865 1879 2426 2412)
4(2413 2427 6948 6942)
4(2413 6942 6941 2412)
4(2412 2426 2427 2413)
4(2420 2434 6951 6945)
4(2420 6945 6942 2413)
4(2413 2427 2434 2420)
4(2421 2435 6952 6946)
4(2421 6946 6945 2420)
4(2420 2434 2435 2421)
4(505 519 6477 6471)
4(505 6471 6946 2421)
4(2421 2435 519 505)
4(506 520 6478 6472)
4(506 6472 6471 505)
4(505 519 520 506)
4(513 527 6481 6475)
4(513 6475 6472 506)
4(506 520 527 513)
4(514 528 6482 6476)
4(514 6476 6475 513)
4(513 527 528 514)
4(900 914 6550 6544)
4(900 6544 6476 514)
4(514 528 914 900)
4(901 915 6551 6545)
4(901 6545 6544 900)
4(900 914 915 901)
4(908 922 6554 6548)
4(908 6548 6545 901)
4(901 915 922 908)
4(909 923 6555 6549)
4(909 6549 6548 908)
4(908 922 923 909)
4(1888 1902 6810 6804)
4(1888 6804 6549 909)
4(909 923 1902 1888)
4(1889 1903 6811 6805)
4(1889 6805 6804 1888)
4(1888 1902 1903 1889)
4(1896 1910 6814 6808)
4(1896 6808 6805 1889)
4(1889 1903 1910 1896)
4(1897 1911 6815 6809)
4(1897 6809 6808 1896)
4(1896 1910 1911 1897)
4(1920 2446 6957 6820)
4(1920 6820 6809 1897)
4(1897 1911 2446 1920)
4(1921 2447 6958 6821)
4(1921 6821 6820 1920)
4(1920 2446 2447 1921)
4(2441 7817 6821 1921)
4(1921 2447 2452 2441)
4(1919 6819 6821 1921)
4(2440 7816 6819 1919)
4(1919 1921 2441 2440)
4(1918 6818 6820 1920)
4(1919 6819 6818 1918)
4(1918 1920 1921 1919)
4(1895 6807 6809 1897)
4(1918 6818 6807 1895)
4(1895 1897 1920 1918)
4(1894 6806 6808 1896)
4(1895 6807 6806 1894)
4(1894 1896 1897 1895)
4(1887 6803 6805 1889)
4(1894 6806 6803 1887)
4(1887 1889 1896 1894)
4(1886 6802 6804 1888)
4(1887 6803 6802 1886)
4(1886 1888 1889 1887)
4(907 6547 6549 909)
4(1886 6802 6547 907)
4(907 909 1888 1886)
4(906 6546 6548 908)
4(907 6547 6546 906)
4(906 908 909 907)
4(899 6543 6545 901)
4(906 6546 6543 899)
4(899 901 908 906)
4(898 6542 6544 900)
4(899 6543 6542 898)
4(898 900 901 899)
4(512 6474 6476 514)
4(898 6542 6474 512)
4(512 514 900 898)
4(511 6473 6475 513)
4(512 6474 6473 511)
4(511 513 514 512)
4(504 6470 6472 506)
4(511 6473 6470 504)
4(504 506 513 511)
4(503 6469 6471 505)
4(504 6470 6469 503)
4(503 505 506 504)
4(2419 6944 6946 2421)
4(503 6469 6944 2419)
4(2419 2421 505 503)
4(2418 6943 6945 2420)
4(2419 6944 6943 2418)
4(2418 2420 2421 2419)
4(2411 6940 6942 2413)
4(2418 6943 6940 2411)
4(2411 2413 2420 2418)
4(2410 6939 6941 2412)
4(2411 6940 6939 2410)
4(2410 2412 2413 2411)
4(1863 6791 6793 1865)
4(2410 6939 6791 1863)
4(1863 1865 2412 2410)
4(1862 6790 6792 1864)
4(1863 6791 6790 1862)
4(1862 1864 1865 1863)
4(1855 6787 6789 1857)
4(1862 6790 6787 1855)
4(1855 1857 1864 1862)
4(1854 6786 6788 1856)
4(1855 6787 6786 1854)
4(1854 1856 1857 1855)
4(1854 6786 6533 879)
4(879 881 1856 1854)
4(1197 1854 6786 6633)
4(490 879 1854 1197)
4(1198 1855 6787 6634)
4(1198 6634 6633 1197)
4(1197 1854 1855 1198)
4(1205 1862 6790 6637)
4(1205 6637 6634 1198)
4(1198 1855 1862 1205)
4(1206 1863 6791 6638)
4(1206 6638 6637 1205)
4(1205 1862 1863 1206)
4(1840 2410 6939 6780)
4(1840 6780 6638 1206)
4(1206 1863 2410 1840)
4(1841 2411 6940 6781)
4(1841 6781 6780 1840)
4(1840 2410 2411 1841)
4(1848 2418 6943 6784)
4(1848 6784 6781 1841)
4(1841 2411 2418 1848)
4(1849 2419 6944 6785)
4(1849 6785 6784 1848)
4(1848 2418 2419 1849)
4(6312 503 6469 7647)
4(6312 7647 6785 1849)
4(1849 2419 503 6312)
4(6313 504 6470 7648)
4(6313 7648 7647 6312)
4(6312 503 504 6313)
4(6320 511 6473 7651)
4(6320 7651 7648 6313)
4(6313 504 511 6320)
4(6321 512 6474 7652)
4(6321 7652 7651 6320)
4(6320 511 512 6321)
4(6344 898 6542 7663)
4(6344 7663 7652 6321)
4(6321 512 898 6344)
4(6345 899 6543 7664)
4(6345 7664 7663 6344)
4(6344 898 899 6345)
4(497 906 6546 6467)
4(497 6467 7664 6345)
4(6345 899 906 497)
4(498 907 6547 6468)
4(498 6468 6467 497)
4(497 906 907 498)
4(1249 1886 6802 6657)
4(1249 6657 6468 498)
4(498 907 1886 1249)
4(1250 1887 6803 6658)
4(1250 6658 6657 1249)
4(1249 1886 1887 1250)
4(1257 1894 6806 6661)
4(1257 6661 6658 1250)
4(1250 1887 1894 1257)
4(1258 1895 6807 6662)
4(1258 6662 6661 1257)
4(1257 1894 1895 1258)
4(1277 1918 6818 6671)
4(1277 6671 6662 1258)
4(1258 1895 1918 1277)
4(1278 1919 6819 6672)
4(1278 6672 6671 1277)
4(1277 1918 1919 1278)
4(1282 7773 6672 1278)
4(1278 1919 2440 1282)
4(1276 6670 6672 1278)
4(1281 7772 6670 1276)
4(1276 1278 1282 1281)
4(1275 6669 6671 1277)
4(1276 6670 6669 1275)
4(1275 1277 1278 1276)
4(1256 6660 6662 1258)
4(1275 6669 6660 1256)
4(1256 1258 1277 1275)
4(1255 6659 6661 1257)
4(1256 6660 6659 1255)
4(1255 1257 1258 1256)
4(1248 6656 6658 1250)
4(1255 6659 6656 1248)
4(1248 1250 1257 1255)
4(1247 6655 6657 1249)
4(1248 6656 6655 1247)
4(1247 1249 1250 1248)
4(496 6466 6468 498)
4(1247 6655 6466 496)
4(496 498 1249 1247)
4(495 6465 6467 497)
4(496 6466 6465 495)
4(495 497 498 496)
4(6343 7662 7664 6345)
4(495 6465 7662 6343)
4(6343 6345 497 495)
4(6342 7661 7663 6344)
4(6343 7662 7661 6342)
4(6342 6344 6345 6343)
4(6319 7650 7652 6321)
4(6342 7661 7650 6319)
4(6319 6321 6344 6342)
4(6318 7649 7651 6320)
4(6319 7650 7649 6318)
4(6318 6320 6321 6319)
4(6311 7646 7648 6313)
4(6318 7649 7646 6311)
4(6311 6313 6320 6318)
4(6310 7645 7647 6312)
4(6311 7646 7645 6310)
4(6310 6312 6313 6311)
4(1847 6783 6785 1849)
4(6310 7645 6783 1847)
4(1847 1849 6312 6310)
4(1846 6782 6784 1848)
4(1847 6783 6782 1846)
4(1846 1848 1849 1847)
4(1839 6779 6781 1841)
4(1846 6782 6779 1839)
4(1839 1841 1848 1846)
4(1838 6778 6780 1840)
4(1839 6779 6778 1838)
4(1838 1840 1841 1839)
4(1204 6636 6638 1206)
4(1838 6778 6636 1204)
4(1204 1206 1840 1838)
4(1203 6635 6637 1205)
4(1204 6636 6635 1203)
4(1203 1205 1206 1204)
4(1196 6632 6634 1198)
4(1203 6635 6632 1196)
4(1196 1198 1205 1203)
4(1196 6632 6631 1195)
4(1195 1197 1198 1196)
4(1182 1196 6632 6626)
4(1181 1195 1196 1182)
4(1189 1203 6635 6629)
4(1189 6629 6626 1182)
4(1182 1196 1203 1189)
4(1190 1204 6636 6630)
4(1190 6630 6629 1189)
4(1189 1203 1204 1190)
4(1213 1838 6778 6641)
4(1213 6641 6630 1190)
4(1190 1204 1838 1213)
4(1214 1839 6779 6642)
4(1214 6642 6641 1213)
4(1213 1838 1839 1214)
4(1221 1846 6782 6645)
4(1221 6645 6642 1214)
4(1214 1839 1846 1221)
4(1222 1847 6783 6646)
4(1222 6646 6645 1221)
4(1221 1846 1847 1222)
4(6296 6310 7645 7639)
4(6296 7639 6646 1222)
4(1222 1847 6310 6296)
4(6297 6311 7646 7640)
4(6297 7640 7639 6296)
4(6296 6310 6311 6297)
4(6304 6318 7649 7643)
4(6304 7643 7640 6297)
4(6297 6311 6318 6304)
4(6305 6319 7650 7644)
4(6305 7644 7643 6304)
4(6304 6318 6319 6305)
4(6328 6342 7661 7655)
4(6328 7655 7644 6305)
4(6305 6319 6342 6328)
4(6329 6343 7662 7656)
4(6329 7656 7655 6328)
4(6328 6342 6343 6329)
4(6336 495 6465 7659)
4(6336 7659 7656 6329)
4(6329 6343 495 6336)
4(6337 496 6466 7660)
4(6337 7660 7659 6336)
4(6336 495 496 6337)
4(1233 1247 6655 6649)
4(1233 6649 7660 6337)
4(6337 496 1247 1233)
4(1234 1248 6656 6650)
4(1234 6650 6649 1233)
4(1233 1247 1248 1234)
4(1241 1255 6659 6653)
4(1241 6653 6650 1234)
4(1234 1248 1255 1241)
4(1242 1256 6660 6654)
4(1242 6654 6653 1241)
4(1241 1255 1256 1242)
4(1265 1275 6669 6665)
4(1265 6665 6654 1242)
4(1242 1256 1275 1265)
4(1266 1276 6670 6666)
4(1266 6666 6665 1265)
4(1265 1275 1276 1266)
4(1270 7769 6666 1266)
4(1266 1276 1281 1270)
4(1264 6664 6666 1266)
4(1269 7768 6664 1264)
4(1264 1266 1270 1269)
4(1263 6663 6665 1265)
4(1264 6664 6663 1263)
4(1263 1265 1266 1264)
4(1240 6652 6654 1242)
4(1263 6663 6652 1240)
4(1240 1242 1265 1263)
4(1239 6651 6653 1241)
4(1240 6652 6651 1239)
4(1239 1241 1242 1240)
4(1232 6648 6650 1234)
4(1239 6651 6648 1232)
4(1232 1234 1241 1239)
4(1231 6647 6649 1233)
4(1232 6648 6647 1231)
4(1231 1233 1234 1232)
4(6335 7658 7660 6337)
4(1231 6647 7658 6335)
4(6335 6337 1233 1231)
4(6334 7657 7659 6336)
4(6335 7658 7657 6334)
4(6334 6336 6337 6335)
4(6327 7654 7656 6329)
4(6334 7657 7654 6327)
4(6327 6329 6336 6334)
4(6326 7653 7655 6328)
4(6327 7654 7653 6326)
4(6326 6328 6329 6327)
4(6303 7642 7644 6305)
4(6326 7653 7642 6303)
4(6303 6305 6328 6326)
4(6302 7641 7643 6304)
4(6303 7642 7641 6302)
4(6302 6304 6305 6303)
4(6295 7638 7640 6297)
4(6302 7641 7638 6295)
4(6295 6297 6304 6302)
4(6294 7637 7639 6296)
4(6295 7638 7637 6294)
4(6294 6296 6297 6295)
4(1220 6644 6646 1222)
4(6294 7637 6644 1220)
4(1220 1222 6296 6294)
4(1219 6643 6645 1221)
4(1220 6644 6643 1219)
4(1219 1221 1222 1220)
4(1212 6640 6642 1214)
4(1219 6643 6640 1212)
4(1212 1214 1221 1219)
4(1211 6639 6641 1213)
4(1212 6640 6639 1211)
4(1211 1213 1214 1212)
4(1188 6628 6630 1190)
4(1211 6639 6628 1188)
4(1188 1190 1213 1211)
4(1187 6627 6629 1189)
4(1188 6628 6627 1187)
4(1187 1189 1190 1188)
4(1187 6627 6624 1180)
4(1180 1182 1189 1187)
4(5291 1187 6627 7488)
4(5291 7488 7485 5284)
4(5284 1180 1187 5291)
4(5292 1188 6628 7489)
4(5292 7489 7488 5291)
4(5291 1187 1188 5292)
4(5749 1211 6639 7571)
4(5749 7571 7489 5292)
4(5292 1188 1211 5749)
4(5750 1212 6640 7572)
4(5750 7572 7571 5749)
4(5749 1211 1212 5750)
4(5757 1219 6643 7575)
4(5757 7575 7572 5750)
4(5750 1212 1219 5757)
4(5758 1220 6644 7576)
4(5758 7576 7575 5757)
4(5757 1219 1220 5758)
4(3539 6294 7637 7137)
4(3539 7137 7576 5758)
4(5758 1220 6294 3539)
4(3540 6295 7638 7138)
4(3540 7138 7137 3539)
4(3539 6294 6295 3540)
4(3547 6302 7641 7141)
4(3547 7141 7138 3540)
4(3540 6295 6302 3547)
4(3548 6303 7642 7142)
4(3548 7142 7141 3547)
4(3547 6302 6303 3548)
4(4158 6326 7653 7236)
4(4158 7236 7142 3548)
4(3548 6303 6326 4158)
4(4159 6327 7654 7237)
4(4159 7237 7236 4158)
4(4158 6326 6327 4159)
4(4166 6334 7657 7240)
4(4166 7240 7237 4159)
4(4159 6327 6334 4166)
4(4167 6335 7658 7241)
4(4167 7241 7240 4166)
4(4166 6334 6335 4167)
4(5317 1231 6647 7502)
4(5317 7502 7241 4167)
4(4167 6335 1231 5317)
4(5318 1232 6648 7503)
4(5318 7503 7502 5317)
4(5317 1231 1232 5318)
4(5325 1239 6651 7506)
4(5325 7506 7503 5318)
4(5318 1232 1239 5325)
4(5326 1240 6652 7507)
4(5326 7507 7506 5325)
4(5325 1239 1240 5326)
4(5777 1263 6663 7585)
4(5777 7585 7507 5326)
4(5326 1240 1263 5777)
4(5778 1264 6664 7586)
4(5778 7586 7585 5777)
4(5777 1263 1264 5778)
4(5782 7961 7586 5778)
4(5778 1264 1269 5782)
4(5776 7584 7586 5778)
4(5781 7960 7584 5776)
4(5776 5778 5782 5781)
4(5775 7583 7585 5777)
4(5776 7584 7583 5775)
4(5775 5777 5778 5776)
4(5324 7505 7507 5326)
4(5775 7583 7505 5324)
4(5324 5326 5777 5775)
4(5323 7504 7506 5325)
4(5324 7505 7504 5323)
4(5323 5325 5326 5324)
4(5316 7501 7503 5318)
4(5323 7504 7501 5316)
4(5316 5318 5325 5323)
4(5315 7500 7502 5317)
4(5316 7501 7500 5315)
4(5315 5317 5318 5316)
4(4165 7239 7241 4167)
4(5315 7500 7239 4165)
4(4165 4167 5317 5315)
4(4164 7238 7240 4166)
4(4165 7239 7238 4164)
4(4164 4166 4167 4165)
4(4157 7235 7237 4159)
4(4164 7238 7235 4157)
4(4157 4159 4166 4164)
4(4156 7234 7236 4158)
4(4157 7235 7234 4156)
4(4156 4158 4159 4157)
4(3546 7140 7142 3548)
4(4156 7234 7140 3546)
4(3546 3548 4158 4156)
4(3545 7139 7141 3547)
4(3546 7140 7139 3545)
4(3545 3547 3548 3546)
4(3538 7136 7138 3540)
4(3545 7139 7136 3538)
4(3538 3540 3547 3545)
4(3537 7135 7137 3539)
4(3538 7136 7135 3537)
4(3537 3539 3540 3538)
4(5756 7574 7576 5758)
4(3537 7135 7574 5756)
4(5756 5758 3539 3537)
4(5755 7573 7575 5757)
4(5756 7574 7573 5755)
4(5755 5757 5758 5756)
4(5748 7570 7572 5750)
4(5755 7573 7570 5748)
4(5748 5750 5757 5755)
4(5747 7569 7571 5749)
4(5748 7570 7569 5747)
4(5747 5749 5750 5748)
4(5290 7487 7489 5292)
4(5747 7569 7487 5290)
4(5290 5292 5749 5747)
4(5289 7486 7488 5291)
4(5290 7487 7486 5289)
4(5289 5291 5292 5290)
4(5283 5284 5291 5289)
4(5280 5290 7487 7483)
4(5280 7483 7482 5279)
4(5279 5289 5290 5280)
4(5733 5747 7569 7563)
4(5733 7563 7483 5280)
4(5280 5290 5747 5733)
4(5734 5748 7570 7564)
4(5734 7564 7563 5733)
4(5733 5747 5748 5734)
4(5741 5755 7573 7567)
4(5741 7567 7564 5734)
4(5734 5748 5755 5741)
4(5742 5756 7574 7568)
4(5742 7568 7567 5741)
4(5741 5755 5756 5742)
4(3523 3537 7135 7129)
4(3523 7129 7568 5742)
4(5742 5756 3537 3523)
4(3524 3538 7136 7130)
4(3524 7130 7129 3523)
4(3523 3537 3538 3524)
4(3531 3545 7139 7133)
4(3531 7133 7130 3524)
4(3524 3538 3545 3531)
4(3532 3546 7140 7134)
4(3532 7134 7133 3531)
4(3531 3545 3546 3532)
4(4142 4156 7234 7228)
4(4142 7228 7134 3532)
4(3532 3546 4156 4142)
4(4143 4157 7235 7229)
4(4143 7229 7228 4142)
4(4142 4156 4157 4143)
4(4150 4164 7238 7232)
4(4150 7232 7229 4143)
4(4143 4157 4164 4150)
4(4151 4165 7239 7233)
4(4151 7233 7232 4150)
4(4150 4164 4165 4151)
4(5301 5315 7500 7494)
4(5301 7494 7233 4151)
4(4151 4165 5315 5301)
4(5302 5316 7501 7495)
4(5302 7495 7494 5301)
4(5301 5315 5316 5302)
4(5309 5323 7504 7498)
4(5309 7498 7495 5302)
4(5302 5316 5323 5309)
4(5310 5324 7505 7499)
4(5310 7499 7498 5309)
4(5309 5323 5324 5310)
4(5765 5775 7583 7579)
4(5765 7579 7499 5310)
4(5310 5324 5775 5765)
4(5766 5776 7584 7580)
4(5766 7580 7579 5765)
4(5765 5775 5776 5766)
4(5770 7957 7580 5766)
4(5766 5776 5781 5770)
4(5764 7578 7580 5766)
4(5769 7956 7578 5764)
4(5764 5766 5770 5769)
4(5763 7577 7579 5765)
4(5764 7578 7577 5763)
4(5763 5765 5766 5764)
4(5308 7497 7499 5310)
4(5763 7577 7497 5308)
4(5308 5310 5765 5763)
4(5307 7496 7498 5309)
4(5308 7497 7496 5307)
4(5307 5309 5310 5308)
4(5300 7493 7495 5302)
4(5307 7496 7493 5300)
4(5300 5302 5309 5307)
4(5299 7492 7494 5301)
4(5300 7493 7492 5299)
4(5299 5301 5302 5300)
4(4149 7231 7233 4151)
4(5299 7492 7231 4149)
4(4149 4151 5301 5299)
4(4148 7230 7232 4150)
4(4149 7231 7230 4148)
4(4148 4150 4151 4149)
4(4141 7227 7229 4143)
4(4148 7230 7227 4141)
4(4141 4143 4150 4148)
4(4140 7226 7228 4142)
4(4141 7227 7226 4140)
4(4140 4142 4143 4141)
4(3530 7132 7134 3532)
4(4140 7226 7132 3530)
4(3530 3532 4142 4140)
4(3529 7131 7133 3531)
4(3530 7132 7131 3529)
4(3529 3531 3532 3530)
4(3522 7128 7130 3524)
4(3529 7131 7128 3522)
4(3522 3524 3531 3529)
4(3521 7127 7129 3523)
4(3522 7128 7127 3521)
4(3521 3523 3524 3522)
4(5740 7566 7568 5742)
4(3521 7127 7566 5740)
4(5740 5742 3523 3521)
4(5739 7565 7567 5741)
4(5740 7566 7565 5739)
4(5739 5741 5742 5740)
4(5732 7562 7564 5734)
4(5739 7565 7562 5732)
4(5732 5734 5741 5739)
4(5731 7561 7563 5733)
4(5732 7562 7561 5731)
4(5731 5733 5734 5732)
4(5278 7481 7483 5280)
4(5731 7561 7481 5278)
4(5278 5280 5733 5731)
4(5278 7481 7480 5277)
4(5277 5279 5280 5278)
4(4642 5278 7481 7340)
4(4641 5277 5278 4642)
4(5263 5731 7561 7474)
4(5263 7474 7340 4642)
4(4642 5278 5731 5263)
4(5264 5732 7562 7475)
4(5264 7475 7474 5263)
4(5263 5731 5732 5264)
4(5271 5739 7565 7478)
4(5271 7478 7475 5264)
4(5264 5732 5739 5271)
4(5272 5740 7566 7479)
4(5272 7479 7478 5271)
4(5271 5739 5740 5272)
4(2836 3521 7127 7013)
4(2836 7013 7479 5272)
4(5272 5740 3521 2836)
4(2837 3522 7128 7014)
4(2837 7014 7013 2836)
4(2836 3521 3522 2837)
4(2844 3529 7131 7017)
4(2844 7017 7014 2837)
4(2837 3522 3529 2844)
4(2845 3530 7132 7018)
4(2845 7018 7017 2844)
4(2844 3529 3530 2845)
4(3507 4140 7226 7121)
4(3507 7121 7018 2845)
4(2845 3530 4140 3507)
4(3508 4141 7227 7122)
4(3508 7122 7121 3507)
4(3507 4140 4141 3508)
4(3515 4148 7230 7125)
4(3515 7125 7122 3508)
4(3508 4141 4148 3515)
4(3516 4149 7231 7126)
4(3516 7126 7125 3515)
4(3515 4148 4149 3516)
4(4677 5299 7492 7355)
4(4677 7355 7126 3516)
4(3516 4149 5299 4677)
4(4678 5300 7493 7356)
4(4678 7356 7355 4677)
4(4677 5299 5300 4678)
4(4685 5307 7496 7359)
4(4685 7359 7356 4678)
4(4678 5300 5307 4685)
4(4686 5308 7497 7360)
4(4686 7360 7359 4685)
4(4685 5307 5308 4686)
4(4705 5763 7577 7369)
4(4705 7369 7360 4686)
4(4686 5308 5763 4705)
4(4706 5764 7578 7370)
4(4706 7370 7369 4705)
4(4705 5763 5764 4706)
4(5294 7945 7370 4706)
4(4706 5764 5769 5294)
4(4704 7368 7370 4706)
4(5293 7944 7368 4704)
4(4704 4706 5294 5293)
4(4703 7367 7369 4705)
4(4704 7368 7367 4703)
4(4703 4705 4706 4704)
4(4684 7358 7360 4686)
4(4703 7367 7358 4684)
4(4684 4686 4705 4703)
4(4683 7357 7359 4685)
4(4684 7358 7357 4683)
4(4683 4685 4686 4684)
4(4676 7354 7356 4678)
4(4683 7357 7354 4676)
4(4676 4678 4685 4683)
4(4675 7353 7355 4677)
4(4676 7354 7353 4675)
4(4675 4677 4678 4676)
4(3514 7124 7126 3516)
4(4675 7353 7124 3514)
4(3514 3516 4677 4675)
4(3513 7123 7125 3515)
4(3514 7124 7123 3513)
4(3513 3515 3516 3514)
4(3506 7120 7122 3508)
4(3513 7123 7120 3506)
4(3506 3508 3515 3513)
4(3505 7119 7121 3507)
4(3506 7120 7119 3505)
4(3505 3507 3508 3506)
4(2843 7016 7018 2845)
4(3505 7119 7016 2843)
4(2843 2845 3507 3505)
4(2842 7015 7017 2844)
4(2843 7016 7015 2842)
4(2842 2844 2845 2843)
4(2835 7012 7014 2837)
4(2842 7015 7012 2835)
4(2835 2837 2844 2842)
4(2834 7011 7013 2836)
4(2835 7012 7011 2834)
4(2834 2836 2837 2835)
4(5270 7477 7479 5272)
4(2834 7011 7477 5270)
4(5270 5272 2836 2834)
4(5269 7476 7478 5271)
4(5270 7477 7476 5269)
4(5269 5271 5272 5270)
4(5262 7473 7475 5264)
4(5269 7476 7473 5262)
4(5262 5264 5271 5269)
4(5261 7472 7474 5263)
4(5262 7473 7472 5261)
4(5261 5263 5264 5262)
4(5261 7472 7338 4640)
4(4640 4642 5263 5261)
4(4649 5261 7472 7343)
4(4649 7343 7337 4636)
4(4636 4640 5261 4649)
4(4650 5262 7473 7344)
4(4650 7344 7343 4649)
4(4649 5261 5262 4650)
4(5255 5269 7476 7470)
4(5255 7470 7344 4650)
4(4650 5262 5269 5255)
4(5256 5270 7477 7471)
4(5256 7471 7470 5255)
4(5255 5269 5270 5256)
4(2820 2834 7011 7005)
4(2820 7005 7471 5256)
4(5256 5270 2834 2820)
4(2821 2835 7012 7006)
4(2821 7006 7005 2820)
4(2820 2834 2835 2821)
4(2828 2842 7015 7009)
4(2828 7009 7006 2821)
4(2821 2835 2842 2828)
4(2829 2843 7016 7010)
4(2829 7010 7009 2828)
4(2828 2842 2843 2829)
4(2852 3505 7119 7021)
4(2852 7021 7010 2829)
4(2829 2843 3505 2852)
4(2853 3506 7120 7022)
4(2853 7022 7021 2852)
4(2852 3505 3506 2853)
4(2860 3513 7123 7025)
4(2860 7025 7022 2853)
4(2853 3506 3513 2860)
4(2861 3514 7124 7026)
4(2861 7026 7025 2860)
4(2860 3513 3514 2861)
4(4661 4675 7353 7347)
4(4661 7347 7026 2861)
4(2861 3514 4675 4661)
4(4662 4676 7354 7348)
4(4662 7348 7347 4661)
4(4661 4675 4676 4662)
4(4669 4683 7357 7351)
4(4669 7351 7348 4662)
4(4662 4676 4683 4669)
4(4670 4684 7358 7352)
4(4670 7352 7351 4669)
4(4669 4683 4684 4670)
4(4693 4703 7367 7363)
4(4693 7363 7352 4670)
4(4670 4684 4703 4693)
4(4694 4704 7368 7364)
4(4694 7364 7363 4693)
4(4693 4703 4704 4694)
4(4698 7921 7364 4694)
4(4694 4704 5293 4698)
4(4692 7362 7364 4694)
4(4697 7920 7362 4692)
4(4692 4694 4698 4697)
4(4691 7361 7363 4693)
4(4692 7362 7361 4691)
4(4691 4693 4694 4692)
4(4668 7350 7352 4670)
4(4691 7361 7350 4668)
4(4668 4670 4693 4691)
4(4667 7349 7351 4669)
4(4668 7350 7349 4667)
4(4667 4669 4670 4668)
4(4660 7346 7348 4662)
4(4667 7349 7346 4660)
4(4660 4662 4669 4667)
4(4659 7345 7347 4661)
4(4660 7346 7345 4659)
4(4659 4661 4662 4660)
4(2859 7024 7026 2861)
4(4659 7345 7024 2859)
4(2859 2861 4661 4659)
4(2858 7023 7025 2860)
4(2859 7024 7023 2858)
4(2858 2860 2861 2859)
4(2851 7020 7022 2853)
4(2858 7023 7020 2851)
4(2851 2853 2860 2858)
4(2850 7019 7021 2852)
4(2851 7020 7019 2850)
4(2850 2852 2853 2851)
4(2827 7008 7010 2829)
4(2850 7019 7008 2827)
4(2827 2829 2852 2850)
4(2826 7007 7009 2828)
4(2827 7008 7007 2826)
4(2826 2828 2829 2827)
4(2819 7004 7006 2821)
4(2826 7007 7004 2819)
4(2819 2821 2828 2826)
4(2818 7003 7005 2820)
4(2819 7004 7003 2818)
4(2818 2820 2821 2819)
4(5254 7469 7471 5256)
4(2818 7003 7469 5254)
4(5254 5256 2820 2818)
4(5253 7468 7470 5255)
4(5254 7469 7468 5253)
4(5253 5255 5256 5254)
4(4648 7342 7344 4650)
4(5253 7468 7342 4648)
4(4648 4650 5255 5253)
4(4647 7341 7343 4649)
4(4648 7342 7341 4647)
4(4647 4649 4650 4648)
4(4647 7341 7336 4635)
4(4635 4636 4649 4647)
4(2372 4647 7341 6921)
4(2349 4635 4647 2372)
4(2373 4648 7342 6922)
4(2373 6922 6921 2372)
4(2372 4647 4648 2373)
4(2380 5253 7468 6925)
4(2380 6925 6922 2373)
4(2373 4648 5253 2380)
4(2381 5254 7469 6926)
4(2381 6926 6925 2380)
4(2380 5253 5254 2381)
4(483 2818 7003 6462)
4(483 6462 6926 2381)
4(2381 5254 2818 483)
4(484 2819 7004 6463)
4(484 6463 6462 483)
4(483 2818 2819 484)
4(842 2826 7007 6515)
4(842 6515 6463 484)
4(484 2819 2826 842)
4(843 2827 7008 6516)
4(843 6516 6515 842)
4(842 2826 2827 843)
4(866 2850 7019 6527)
4(866 6527 6516 843)
4(843 2827 2850 866)
4(867 2851 7020 6528)
4(867 6528 6527 866)
4(866 2850 2851 867)
4(874 2858 7023 6531)
4(874 6531 6528 867)
4(867 2851 2858 874)
4(875 2859 7024 6532)
4(875 6532 6531 874)
4(874 2858 2859 875)
4(1828 4659 7345 6772)
4(1828 6772 6532 875)
4(875 2859 4659 1828)
4(1829 4660 7346 6773)
4(1829 6773 6772 1828)
4(1828 4659 4660 1829)
4(1836 4667 7349 6776)
4(1836 6776 6773 1829)
4(1829 4660 4667 1836)
4(1837 4668 7350 6777)
4(1837 6777 6776 1836)
4(1836 4667 4668 1837)
4(2400 4691 7361 6935)
4(2400 6935 6777 1837)
4(1837 4668 4691 2400)
4(2401 4692 7362 6936)
4(2401 6936 6935 2400)
4(2400 4691 4692 2401)
4(2405 7813 6936 2401)
4(2401 4692 4697 2405)
4(2399 6934 6936 2401)
4(2404 7812 6934 2399)
4(2399 2401 2405 2404)
4(2398 6933 6935 2400)
4(2399 6934 6933 2398)
4(2398 2400 2401 2399)
4(1835 6775 6777 1837)
4(2398 6933 6775 1835)
4(1835 1837 2400 2398)
4(1834 6774 6776 1836)
4(1835 6775 6774 1834)
4(1834 1836 1837 1835)
4(1827 6771 6773 1829)
4(1834 6774 6771 1827)
4(1827 1829 1836 1834)
4(1826 6770 6772 1828)
4(1827 6771 6770 1826)
4(1826 1828 1829 1827)
4(873 6530 6532 875)
4(1826 6770 6530 873)
4(873 875 1828 1826)
4(872 6529 6531 874)
4(873 6530 6529 872)
4(872 874 875 873)
4(865 6526 6528 867)
4(872 6529 6526 865)
4(865 867 874 872)
4(864 6525 6527 866)
4(865 6526 6525 864)
4(864 866 867 865)
4(841 6514 6516 843)
4(864 6525 6514 841)
4(841 843 866 864)
4(840 6513 6515 842)
4(841 6514 6513 840)
4(840 842 843 841)
4(482 6461 6463 484)
4(840 6513 6461 482)
4(482 484 842 840)
4(481 6460 6462 483)
4(482 6461 6460 481)
4(481 483 484 482)
4(2379 6924 6926 2381)
4(481 6460 6924 2379)
4(2379 2381 483 481)
4(2378 6923 6925 2380)
4(2379 6924 6923 2378)
4(2378 2380 2381 2379)
4(2371 6920 6922 2373)
4(2378 6923 6920 2371)
4(2371 2373 2380 2378)
4(2371 6920 6919 2370)
4(2370 2372 2373 2371)
4(2357 2371 6920 6914)
4(2357 6914 6913 2356)
4(2356 2370 2371 2357)
4(2364 2378 6923 6917)
4(2364 6917 6914 2357)
4(2357 2371 2378 2364)
4(2365 2379 6924 6918)
4(2365 6918 6917 2364)
4(2364 2378 2379 2365)
4(467 481 6460 6454)
4(467 6454 6918 2365)
4(2365 2379 481 467)
4(468 482 6461 6455)
4(468 6455 6454 467)
4(467 481 482 468)
4(475 840 6513 6458)
4(475 6458 6455 468)
4(468 482 840 475)
4(476 841 6514 6459)
4(476 6459 6458 475)
4(475 840 841 476)
4(850 864 6525 6519)
4(850 6519 6459 476)
4(476 841 864 850)
4(851 865 6526 6520)
4(851 6520 6519 850)
4(850 864 865 851)
4(858 872 6529 6523)
4(858 6523 6520 851)
4(851 865 872 858)
4(859 873 6530 6524)
4(859 6524 6523 858)
4(858 872 873 859)
4(1812 1826 6770 6764)
4(1812 6764 6524 859)
4(859 873 1826 1812)
4(1813 1827 6771 6765)
4(1813 6765 6764 1812)
4(1812 1826 1827 1813)
4(1820 1834 6774 6768)
4(1820 6768 6765 1813)
4(1813 1827 1834 1820)
4(1821 1835 6775 6769)
4(1821 6769 6768 1820)
4(1820 1834 1835 1821)
4(2388 2398 6933 6929)
4(2388 6929 6769 1821)
4(1821 1835 2398 2388)
4(2389 2399 6934 6930)
4(2389 6930 6929 2388)
4(2388 2398 2399 2389)
4(2393 7809 6930 2389)
4(2389 2399 2404 2393)
4(2387 6928 6930 2389)
4(2392 7808 6928 2387)
4(2387 2389 2393 2392)
4(2386 6927 6929 2388)
4(2387 6928 6927 2386)
4(2386 2388 2389 2387)
4(1819 6767 6769 1821)
4(2386 6927 6767 1819)
4(1819 1821 2388 2386)
4(1818 6766 6768 1820)
4(1819 6767 6766 1818)
4(1818 1820 1821 1819)
4(1811 6763 6765 1813)
4(1818 6766 6763 1811)
4(1811 1813 1820 1818)
4(1810 6762 6764 1812)
4(1811 6763 6762 1810)
4(1810 1812 1813 1811)
4(857 6522 6524 859)
4(1810 6762 6522 857)
4(857 859 1812 1810)
4(856 6521 6523 858)
4(857 6522 6521 856)
4(856 858 859 857)
4(849 6518 6520 851)
4(856 6521 6518 849)
4(849 851 858 856)
4(848 6517 6519 850)
4(849 6518 6517 848)
4(848 850 851 849)
4(474 6457 6459 476)
4(848 6517 6457 474)
4(474 476 850 848)
4(473 6456 6458 475)
4(474 6457 6456 473)
4(473 475 476 474)
4(466 6453 6455 468)
4(473 6456 6453 466)
4(466 468 475 473)
4(465 6452 6454 467)
4(466 6453 6452 465)
4(465 467 468 466)
4(2363 6916 6918 2365)
4(465 6452 6916 2363)
4(2363 2365 467 465)
4(2362 6915 6917 2364)
4(2363 6916 6915 2362)
4(2362 2364 2365 2363)
4(2355 6912 6914 2357)
4(2362 6915 6912 2355)
4(2355 2357 2364 2362)
4(2355 6912 6911 2354)
4(2354 2356 2357 2355)
4(1777 2355 6912 6745)
4(1777 6745 6744 1776)
4(1776 2354 2355 1777)
4(1784 2362 6915 6748)
4(1784 6748 6745 1777)
4(1777 2355 2362 1784)
4(1785 2363 6916 6749)
4(1785 6749 6748 1784)
4(1784 2362 2363 1785)
4(6280 465 6452 7631)
4(6280 7631 6749 1785)
4(1785 2363 465 6280)
4(6281 466 6453 7632)
4(6281 7632 7631 6280)
4(6280 465 466 6281)
4(6288 473 6456 7635)
4(6288 7635 7632 6281)
4(6281 466 473 6288)
4(6289 474 6457 7636)
4(6289 7636 7635 6288)
4(6288 473 474 6289)
4(451 848 6517 6446)
4(451 6446 7636 6289)
4(6289 474 848 451)
4(452 849 6518 6447)
4(452 6447 6446 451)
4(451 848 849 452)
4(459 856 6521 6450)
4(459 6450 6447 452)
4(452 849 856 459)
4(460 857 6522 6451)
4(460 6451 6450 459)
4(459 856 857 460)
4(1163 1810 6762 6618)
4(1163 6618 6451 460)
4(460 857 1810 1163)
4(1164 1811 6763 6619)
4(1164 6619 6618 1163)
4(1163 1810 1811 1164)
4(1171 1818 6766 6622)
4(1171 6622 6619 1164)
4(1164 1811 1818 1171)
4(1172 1819 6767 6623)
4(1172 6623 6622 1171)
4(1171 1818 1819 1172)
4(1800 2386 6927 6758)
4(1800 6758 6623 1172)
4(1172 1819 2386 1800)
4(1801 2387 6928 6759)
4(1801 6759 6758 1800)
4(1800 2386 2387 1801)
4(1805 7797 6759 1801)
4(1801 2387 2392 1805)
4(1799 6757 6759 1801)
4(1804 7796 6757 1799)
4(1799 1801 1805 1804)
4(1798 6756 6758 1800)
4(1799 6757 6756 1798)
4(1798 1800 1801 1799)
4(1170 6621 6623 1172)
4(1798 6756 6621 1170)
4(1170 1172 1800 1798)
4(1169 6620 6622 1171)
4(1170 6621 6620 1169)
4(1169 1171 1172 1170)
4(1162 6617 6619 1164)
4(1169 6620 6617 1162)
4(1162 1164 1171 1169)
4(1161 6616 6618 1163)
4(1162 6617 6616 1161)
4(1161 1163 1164 1162)
4(458 6449 6451 460)
4(1161 6616 6449 458)
4(458 460 1163 1161)
4(457 6448 6450 459)
4(458 6449 6448 457)
4(457 459 460 458)
4(450 6445 6447 452)
4(457 6448 6445 450)
4(450 452 459 457)
4(449 6444 6446 451)
4(450 6445 6444 449)
4(449 451 452 450)
4(6287 7634 7636 6289)
4(449 6444 7634 6287)
4(6287 6289 451 449)
4(6286 7633 7635 6288)
4(6287 7634 7633 6286)
4(6286 6288 6289 6287)
4(6279 7630 7632 6281)
4(6286 7633 7630 6279)
4(6279 6281 6288 6286)
4(6278 7629 7631 6280)
4(6279 7630 7629 6278)
4(6278 6280 6281 6279)
4(1783 6747 6749 1785)
4(6278 7629 6747 1783)
4(1783 1785 6280 6278)
4(1782 6746 6748 1784)
4(1783 6747 6746 1782)
4(1782 1784 1785 1783)
4(1775 6743 6745 1777)
4(1782 6746 6743 1775)
4(1775 1777 1784 1782)
4(1775 6743 6742 1774)
4(1774 1776 1777 1775)
4(1761 1775 6743 6737)
4(1761 6737 6736 1760)
4(1760 1774 1775 1761)
4(1768 1782 6746 6740)
4(1768 6740 6737 1761)
4(1761 1775 1782 1768)
4(1769 1783 6747 6741)
4(1769 6741 6740 1768)
4(1768 1782 1783 1769)
4(6264 6278 7629 7623)
4(6264 7623 6741 1769)
4(1769 1783 6278 6264)
4(6265 6279 7630 7624)
4(6265 7624 7623 6264)
4(6264 6278 6279 6265)
4(6272 6286 7633 7627)
4(6272 7627 7624 6265)
4(6265 6279 6286 6272)
4(6273 6287 7634 7628)
4(6273 7628 7627 6272)
4(6272 6286 6287 6273)
4(435 449 6444 6438)
4(435 6438 7628 6273)
4(6273 6287 449 435)
4(436 450 6445 6439)
4(436 6439 6438 435)
4(435 449 450 436)
4(443 457 6448 6442)
4(443 6442 6439 436)
4(436 450 457 443)
4(444 458 6449 6443)
4(444 6443 6442 443)
4(443 457 458 444)
4(1147 1161 6616 6610)
4(1147 6610 6443 444)
4(444 458 1161 1147)
4(1148 1162 6617 6611)
4(1148 6611 6610 1147)
4(1147 1161 1162 1148)
4(1155 1169 6620 6614)
4(1155 6614 6611 1148)
4(1148 1162 1169 1155)
4(1156 1170 6621 6615)
4(1156 6615 6614 1155)
4(1155 1169 1170 1156)
4(1788 1798 6756 6752)
4(1788 6752 6615 1156)
4(1156 1170 1798 1788)
4(1789 1799 6757 6753)
4(1789 6753 6752 1788)
4(1788 1798 1799 1789)
4(1793 7793 6753 1789)
4(1789 1799 1804 1793)
4(1787 6751 6753 1789)
4(1792 7792 6751 1787)
4(1787 1789 1793 1792)
4(1786 6750 6752 1788)
4(1787 6751 6750 1786)
4(1786 1788 1789 1787)
4(1154 6613 6615 1156)
4(1786 6750 6613 1154)
4(1154 1156 1788 1786)
4(1153 6612 6614 1155)
4(1154 6613 6612 1153)
4(1153 1155 1156 1154)
4(1146 6609 6611 1148)
4(1153 6612 6609 1146)
4(1146 1148 1155 1153)
4(1145 6608 6610 1147)
4(1146 6609 6608 1145)
4(1145 1147 1148 1146)
4(442 6441 6443 444)
4(1145 6608 6441 442)
4(442 444 1147 1145)
4(441 6440 6442 443)
4(442 6441 6440 441)
4(441 443 444 442)
4(434 6437 6439 436)
4(441 6440 6437 434)
4(434 436 443 441)
4(433 6436 6438 435)
4(434 6437 6436 433)
4(433 435 436 434)
4(6271 7626 7628 6273)
4(433 6436 7626 6271)
4(6271 6273 435 433)
4(6270 7625 7627 6272)
4(6271 7626 7625 6270)
4(6270 6272 6273 6271)
4(6263 7622 7624 6265)
4(6270 7625 7622 6263)
4(6263 6265 6272 6270)
4(6262 7621 7623 6264)
4(6263 7622 7621 6262)
4(6262 6264 6265 6263)
4(1767 6739 6741 1769)
4(6262 7621 6739 1767)
4(1767 1769 6264 6262)
4(1766 6738 6740 1768)
4(1767 6739 6738 1766)
4(1766 1768 1769 1767)
4(1759 6735 6737 1761)
4(1766 6738 6735 1759)
4(1759 1761 1768 1766)
4(1759 6735 6734 1758)
4(1758 1760 1761 1759)
4(5232 1759 6735 7457)
4(5231 5232 7457 7456)
4(5231 1758 1759 5232)
4(5239 1766 6738 7460)
4(5232 5239 7460 7457)
4(5232 1759 1766 5239)
4(5240 1767 6739 7461)
4(5239 5240 7461 7460)
4(5239 1766 1767 5240)
4(2800 6262 7621 6997)
4(5240 2800 6997 7461)
4(5240 1767 6262 2800)
4(2801 6263 7622 6998)
4(2800 2801 6998 6997)
4(2800 6262 6263 2801)
4(2808 6270 7625 7001)
4(2801 2808 7001 6998)
4(2801 6263 6270 2808)
4(2809 6271 7626 7002)
4(2808 2809 7002 7001)
4(2808 6270 6271 2809)
4(3483 433 6436 7109)
4(2809 3483 7109 7002)
4(2809 6271 433 3483)
4(3484 434 6437 7110)
4(3483 3484 7110 7109)
4(3483 433 434 3484)
4(3491 441 6440 7113)
4(3484 3491 7113 7110)
4(3484 434 441 3491)
4(3492 442 6441 7114)
4(3491 3492 7114 7113)
4(3491 441 442 3492)
4(4611 1145 6608 7324)
4(3492 4611 7324 7114)
4(3492 442 1145 4611)
4(4612 1146 6609 7325)
4(4611 4612 7325 7324)
4(4611 1145 1146 4612)
4(4619 1153 6612 7328)
4(4612 4619 7328 7325)
4(4612 1146 1153 4619)
4(4620 1154 6613 7329)
4(4619 4620 7329 7328)
4(4619 1153 1154 4620)
4(5247 1786 6750 7464)
4(4620 5247 7464 7329)
4(4620 1154 1786 5247)
4(5248 1787 6751 7465)
4(5247 5248 7465 7464)
4(5247 1786 1787 5248)
4(5248 5252 7943 7465)
4(5248 1787 1792 5252)
4(5246 7463 7465 5248)
4(5251 7942 7463 5246)
4(5246 5248 5252 5251)
4(5245 7462 7464 5247)
4(5246 7463 7462 5245)
4(5245 5247 5248 5246)
4(4618 7327 7329 4620)
4(5245 7462 7327 4618)
4(4618 4620 5247 5245)
4(4617 7326 7328 4619)
4(4618 7327 7326 4617)
4(4617 4619 4620 4618)
4(4610 7323 7325 4612)
4(4617 7326 7323 4610)
4(4610 4612 4619 4617)
4(4609 7322 7324 4611)
4(4610 7323 7322 4609)
4(4609 4611 4612 4610)
4(3490 7112 7114 3492)
4(4609 7322 7112 3490)
4(3490 3492 4611 4609)
4(3489 7111 7113 3491)
4(3490 7112 7111 3489)
4(3489 3491 3492 3490)
4(3482 7108 7110 3484)
4(3489 7111 7108 3482)
4(3482 3484 3491 3489)
4(3481 7107 7109 3483)
4(3482 7108 7107 3481)
4(3481 3483 3484 3482)
4(2807 7000 7002 2809)
4(3481 7107 7000 2807)
4(2807 2809 3483 3481)
4(2806 6999 7001 2808)
4(2807 7000 6999 2806)
4(2806 2808 2809 2807)
4(2799 6996 6998 2801)
4(2806 6999 6996 2799)
4(2799 2801 2808 2806)
4(2798 6995 6997 2800)
4(2799 6996 6995 2798)
4(2798 2800 2801 2799)
4(5238 7459 7461 5240)
4(2798 6995 7459 5238)
4(5238 5240 2800 2798)
4(5237 7458 7460 5239)
4(5238 7459 7458 5237)
4(5237 5239 5240 5238)
4(5230 7455 7457 5232)
4(5237 7458 7455 5230)
4(5230 5232 5239 5237)
4(5230 7455 7454 5229)
4(5229 5231 5232 5230)
4(5216 5230 7455 7449)
4(5216 7449 7448 5215)
4(5215 5229 5230 5216)
4(5223 5237 7458 7452)
4(5223 7452 7449 5216)
4(5216 5230 5237 5223)
4(5224 5238 7459 7453)
4(5224 7453 7452 5223)
4(5223 5237 5238 5224)
4(2784 2798 6995 6989)
4(2784 6989 7453 5224)
4(5224 5238 2798 2784)
4(2785 2799 6996 6990)
4(2785 6990 6989 2784)
4(2784 2798 2799 2785)
4(2792 2806 6999 6993)
4(2792 6993 6990 2785)
4(2785 2799 2806 2792)
4(2793 2807 7000 6994)
4(2793 6994 6993 2792)
4(2792 2806 2807 2793)
4(3467 3481 7107 7101)
4(3467 7101 6994 2793)
4(2793 2807 3481 3467)
4(3468 3482 7108 7102)
4(3468 7102 7101 3467)
4(3467 3481 3482 3468)
4(3475 3489 7111 7105)
4(3475 7105 7102 3468)
4(3468 3482 3489 3475)
4(3476 3490 7112 7106)
4(3476 7106 7105 3475)
4(3475 3489 3490 3476)
4(4595 4609 7322 7316)
4(4595 7316 7106 3476)
4(3476 3490 4609 4595)
4(4596 4610 7323 7317)
4(4596 7317 7316 4595)
4(4595 4609 4610 4596)
4(4603 4617 7326 7320)
4(4603 7320 7317 4596)
4(4596 4610 4617 4603)
4(4604 4618 7327 7321)
4(4604 7321 7320 4603)
4(4603 4617 4618 4604)
4(4627 5245 7462 7332)
4(4627 7332 7321 4604)
4(4604 4618 5245 4627)
4(4628 5246 7463 7333)
4(4628 7333 7332 4627)
4(4627 5245 5246 4628)
4(4632 7917 7333 4628)
4(4628 5246 5251 4632)
4(4626 7331 7333 4628)
4(4631 7916 7331 4626)
4(4626 4628 4632 4631)
4(4625 7330 7332 4627)
4(4626 7331 7330 4625)
4(4625 4627 4628 4626)
4(4602 7319 7321 4604)
4(4625 7330 7319 4602)
4(4602 4604 4627 4625)
4(4601 7318 7320 4603)
4(4602 7319 7318 4601)
4(4601 4603 4604 4602)
4(4594 7315 7317 4596)
4(4601 7318 7315 4594)
4(4594 4596 4603 4601)
4(4593 7314 7316 4595)
4(4594 7315 7314 4593)
4(4593 4595 4596 4594)
4(3474 7104 7106 3476)
4(4593 7314 7104 3474)
4(3474 3476 4595 4593)
4(3473 7103 7105 3475)
4(3474 7104 7103 3473)
4(3473 3475 3476 3474)
4(3466 7100 7102 3468)
4(3473 7103 7100 3466)
4(3466 3468 3475 3473)
4(3465 7099 7101 3467)
4(3466 7100 7099 3465)
4(3465 3467 3468 3466)
4(2791 6992 6994 2793)
4(3465 7099 6992 2791)
4(2791 2793 3467 3465)
4(2790 6991 6993 2792)
4(2791 6992 6991 2790)
4(2790 2792 2793 2791)
4(2783 6988 6990 2785)
4(2790 6991 6988 2783)
4(2783 2785 2792 2790)
4(2782 6987 6989 2784)
4(2783 6988 6987 2782)
4(2782 2784 2785 2783)
4(5222 7451 7453 5224)
4(2782 6987 7451 5222)
4(5222 5224 2784 2782)
4(5221 7450 7452 5223)
4(5222 7451 7450 5221)
4(5221 5223 5224 5222)
4(5214 7447 7449 5216)
4(5221 7450 7447 5214)
4(5214 5216 5223 5221)
4(5214 7447 7446 5213)
4(5213 5215 5216 5214)
4(4083 5214 7447 7201)
4(4083 7201 7200 4082)
4(4082 5213 5214 4083)
4(4587 5221 7450 7312)
4(4587 7312 7201 4083)
4(4083 5214 5221 4587)
4(4588 5222 7451 7313)
4(4588 7313 7312 4587)
4(4587 5221 5222 4588)
4(2306 2782 6987 6888)
4(2306 6888 7313 4588)
4(4588 5222 2782 2306)
4(2307 2783 6988 6889)
4(2307 6889 6888 2306)
4(2306 2782 2783 2307)
4(2314 2790 6991 6892)
4(2314 6892 6889 2307)
4(2307 2783 2790 2314)
4(2315 2791 6992 6893)
4(2315 6893 6892 2314)
4(2314 2790 2791 2315)
4(2338 3465 7099 6904)
4(2338 6904 6893 2315)
4(2315 2791 3465 2338)
4(2339 3466 7100 6905)
4(2339 6905 6904 2338)
4(2338 3465 3466 2339)
4(2346 3473 7103 6908)
4(2346 6908 6905 2339)
4(2339 3466 3473 2346)
4(2347 3474 7104 6909)
4(2347 6909 6908 2346)
4(2346 3473 3474 2347)
4(4102 4593 7314 7208)
4(4102 7208 6909 2347)
4(2347 3474 4593 4102)
4(4103 4594 7315 7209)
4(4103 7209 7208 4102)
4(4102 4593 4594 4103)
4(4110 4601 7318 7212)
4(4110 7212 7209 4103)
4(4103 4594 4601 4110)
4(4111 4602 7319 7213)
4(4111 7213 7212 4110)
4(4110 4601 4602 4111)
4(4130 4625 7330 7222)
4(4130 7222 7213 4111)
4(4111 4602 4625 4130)
4(4131 4626 7331 7223)
4(4131 7223 7222 4130)
4(4130 4625 4626 4131)
4(4135 7905 7223 4131)
4(4131 4626 4631 4135)
4(4129 7221 7223 4131)
4(4134 7904 7221 4129)
4(4129 4131 4135 4134)
4(4128 7220 7222 4130)
4(4129 7221 7220 4128)
4(4128 4130 4131 4129)
4(4109 7211 7213 4111)
4(4128 7220 7211 4109)
4(4109 4111 4130 4128)
4(4108 7210 7212 4110)
4(4109 7211 7210 4108)
4(4108 4110 4111 4109)
4(4101 7207 7209 4103)
4(4108 7210 7207 4101)
4(4101 4103 4110 4108)
4(4100 7206 7208 4102)
4(4101 7207 7206 4100)
4(4100 4102 4103 4101)
4(2345 6907 6909 2347)
4(4100 7206 6907 2345)
4(2345 2347 4102 4100)
4(2344 6906 6908 2346)
4(2345 6907 6906 2344)
4(2344 2346 2347 2345)
4(2337 6903 6905 2339)
4(2344 6906 6903 2337)
4(2337 2339 2346 2344)
4(2336 6902 6904 2338)
4(2337 6903 6902 2336)
4(2336 2338 2339 2337)
4(2313 6891 6893 2315)
4(2336 6902 6891 2313)
4(2313 2315 2338 2336)
4(2312 6890 6892 2314)
4(2313 6891 6890 2312)
4(2312 2314 2315 2313)
4(2305 6887 6889 2307)
4(2312 6890 6887 2305)
4(2305 2307 2314 2312)
4(2304 6886 6888 2306)
4(2305 6887 6886 2304)
4(2304 2306 2307 2305)
4(4586 7311 7313 4588)
4(2304 6886 7311 4586)
4(4586 4588 2306 2304)
4(4585 7310 7312 4587)
4(4586 7311 7310 4585)
4(4585 4587 4588 4586)
4(4081 7199 7201 4083)
4(4585 7310 7199 4081)
4(4081 4083 4587 4585)
4(4081 7199 7198 4080)
4(4080 4082 4083 4081)
4(4067 4081 7199 7193)
4(4067 7193 7192 4066)
4(4066 4080 4081 4067)
4(4074 4585 7310 7196)
4(4074 7196 7193 4067)
4(4067 4081 4585 4074)
4(4075 4586 7311 7197)
4(4075 7197 7196 4074)
4(4074 4585 4586 4075)
4(2290 2304 6886 6880)
4(2290 6880 7197 4075)
4(4075 4586 2304 2290)
4(2291 2305 6887 6881)
4(2291 6881 6880 2290)
4(2290 2304 2305 2291)
4(2298 2312 6890 6884)
4(2298 6884 6881 2291)
4(2291 2305 2312 2298)
4(2299 2313 6891 6885)
4(2299 6885 6884 2298)
4(2298 2312 2313 2299)
4(2322 2336 6902 6896)
4(2322 6896 6885 2299)
4(2299 2313 2336 2322)
4(2323 2337 6903 6897)
4(2323 6897 6896 2322)
4(2322 2336 2337 2323)
4(2330 2344 6906 6900)
4(2330 6900 6897 2323)
4(2323 2337 2344 2330)
4(2331 2345 6907 6901)
4(2331 6901 6900 2330)
4(2330 2344 2345 2331)
4(3499 4100 7206 7117)
4(3499 7117 6901 2331)
4(2331 2345 4100 3499)
4(3500 4101 7207 7118)
4(3500 7118 7117 3499)
4(3499 4100 4101 3500)
4(4094 4108 7210 7204)
4(4094 7204 7118 3500)
4(3500 4101 4108 4094)
4(4095 4109 7211 7205)
4(4095 7205 7204 4094)
4(4094 4108 4109 4095)
4(4118 4128 7220 7216)
4(4118 7216 7205 4095)
4(4095 4109 4128 4118)
4(4119 4129 7221 7217)
4(4119 7217 7216 4118)
4(4118 4128 4129 4119)
4(4123 7901 7217 4119)
4(4119 4129 4134 4123)
4(4117 7215 7217 4119)
4(4122 7900 7215 4117)
4(4117 4119 4123 4122)
4(4116 7214 7216 4118)
4(4117 7215 7214 4116)
4(4116 4118 4119 4117)
4(4093 7203 7205 4095)
4(4116 7214 7203 4093)
4(4093 4095 4118 4116)
4(4092 7202 7204 4094)
4(4093 7203 7202 4092)
4(4092 4094 4095 4093)
4(3498 7116 7118 3500)
4(4092 7202 7116 3498)
4(3498 3500 4094 4092)
4(3497 7115 7117 3499)
4(3498 7116 7115 3497)
4(3497 3499 3500 3498)
4(2329 6899 6901 2331)
4(3497 7115 6899 2329)
4(2329 2331 3499 3497)
4(2328 6898 6900 2330)
4(2329 6899 6898 2328)
4(2328 2330 2331 2329)
4(2321 6895 6897 2323)
4(2328 6898 6895 2321)
4(2321 2323 2330 2328)
4(2320 6894 6896 2322)
4(2321 6895 6894 2320)
4(2320 2322 2323 2321)
4(2297 6883 6885 2299)
4(2320 6894 6883 2297)
4(2297 2299 2322 2320)
4(2296 6882 6884 2298)
4(2297 6883 6882 2296)
4(2296 2298 2299 2297)
4(2289 6879 6881 2291)
4(2296 6882 6879 2289)
4(2289 2291 2298 2296)
4(2288 6878 6880 2290)
4(2289 6879 6878 2288)
4(2288 2290 2291 2289)
4(4073 7195 7197 4075)
4(2288 6878 7195 4073)
4(4073 4075 2290 2288)
4(4072 7194 7196 4074)
4(4073 7195 7194 4072)
4(4072 4074 4075 4073)
4(4065 7191 7193 4067)
4(4072 7194 7191 4065)
4(4065 4067 4074 4072)
4(4065 7191 7190 4064)
4(4064 4066 4067 4065)
4(1721 4065 7191 6717)
4(1721 6717 6716 1720)
4(1720 4064 4065 1721)
4(1728 4072 7194 6720)
4(1728 6720 6717 1721)
4(1721 4065 4072 1728)
4(1729 4073 7195 6721)
4(1729 6721 6720 1728)
4(1728 4072 4073 1729)
4(6248 2288 6878 7615)
4(6248 7615 6721 1729)
4(1729 4073 2288 6248)
4(6249 2289 6879 7616)
4(6249 7616 7615 6248)
4(6248 2288 2289 6249)
4(6256 2296 6882 7619)
4(6256 7619 7616 6249)
4(6249 2289 2296 6256)
4(6257 2297 6883 7620)
4(6257 7620 7619 6256)
4(6256 2296 2297 6257)
4(419 2320 6894 6430)
4(419 6430 7620 6257)
4(6257 2297 2320 419)
4(420 2321 6895 6431)
4(420 6431 6430 419)
4(419 2320 2321 420)
4(427 2328 6898 6434)
4(427 6434 6431 420)
4(420 2321 2328 427)
4(428 2329 6899 6435)
4(428 6435 6434 427)
4(427 2328 2329 428)
4(1131 3497 7115 6602)
4(1131 6602 6435 428)
4(428 2329 3497 1131)
4(1132 3498 7116 6603)
4(1132 6603 6602 1131)
4(1131 3497 3498 1132)
4(1139 4092 7202 6606)
4(1139 6606 6603 1132)
4(1132 3498 4092 1139)
4(1140 4093 7203 6607)
4(1140 6607 6606 1139)
4(1139 4092 4093 1140)
4(1748 4116 7214 6730)
4(1748 6730 6607 1140)
4(1140 4093 4116 1748)
4(1749 4117 7215 6731)
4(1749 6731 6730 1748)
4(1748 4116 4117 1749)
4(1753 7789 6731 1749)
4(1749 4117 4122 1753)
4(1747 6729 6731 1749)
4(1752 7788 6729 1747)
4(1747 1749 1753 1752)
4(1746 6728 6730 1748)
4(1747 6729 6728 1746)
4(1746 1748 1749 1747)
4(1138 6605 6607 1140)
4(1746 6728 6605 1138)
4(1138 1140 1748 1746)
4(1137 6604 6606 1139)
4(1138 6605 6604 1137)
4(1137 1139 1140 1138)
4(1130 6601 6603 1132)
4(1137 6604 6601 1130)
4(1130 1132 1139 1137)
4(1129 6600 6602 1131)
4(1130 6601 6600 1129)
4(1129 1131 1132 1130)
4(426 6433 6435 428)
4(1129 6600 6433 426)
4(426 428 1131 1129)
4(425 6432 6434 427)
4(426 6433 6432 425)
4(425 427 428 426)
4(418 6429 6431 420)
4(425 6432 6429 418)
4(418 420 427 425)
4(417 6428 6430 419)
4(418 6429 6428 417)
4(417 419 420 418)
4(6255 7618 7620 6257)
4(417 6428 7618 6255)
4(6255 6257 419 417)
4(6254 7617 7619 6256)
4(6255 7618 7617 6254)
4(6254 6256 6257 6255)
4(6247 7614 7616 6249)
4(6254 7617 7614 6247)
4(6247 6249 6256 6254)
4(6246 7613 7615 6248)
4(6247 7614 7613 6246)
4(6246 6248 6249 6247)
4(1727 6719 6721 1729)
4(6246 7613 6719 1727)
4(1727 1729 6248 6246)
4(1726 6718 6720 1728)
4(1727 6719 6718 1726)
4(1726 1728 1729 1727)
4(1719 6715 6717 1721)
4(1719 1721 1728 1726)
4(1718 1720 1721 1719)
4(1713 1727 6719 6713)
4(1712 1726 1727 1713)
4(6232 6246 7613 7607)
4(6232 7607 6713 1713)
4(1713 1727 6246 6232)
4(6233 6247 7614 7608)
4(6233 7608 7607 6232)
4(6232 6246 6247 6233)
4(6240 6254 7617 7611)
4(6240 7611 7608 6233)
4(6233 6247 6254 6240)
4(6241 6255 7618 7612)
4(6241 7612 7611 6240)
4(6240 6254 6255 6241)
4(403 417 6428 6422)
4(403 6422 7612 6241)
4(6241 6255 417 403)
4(404 418 6429 6423)
4(404 6423 6422 403)
4(403 417 418 404)
4(411 425 6432 6426)
4(411 6426 6423 404)
4(404 418 425 411)
4(412 426 6433 6427)
4(412 6427 6426 411)
4(411 425 426 412)
4(1115 1129 6600 6594)
4(1115 6594 6427 412)
4(412 426 1129 1115)
4(1116 1130 6601 6595)
4(1116 6595 6594 1115)
4(1115 1129 1130 1116)
4(1123 1137 6604 6598)
4(1123 6598 6595 1116)
4(1116 1130 1137 1123)
4(1124 1138 6605 6599)
4(1124 6599 6598 1123)
4(1123 1137 1138 1124)
4(1736 1746 6728 6724)
4(1736 6724 6599 1124)
4(1124 1138 1746 1736)
4(1737 1747 6729 6725)
4(1737 6725 6724 1736)
4(1736 1746 1747 1737)
4(1741 7785 6725 1737)
4(1737 1747 1752 1741)
4(1735 6723 6725 1737)
4(1735 1737 1741 1740)
4(1734 6722 6724 1736)
4(1734 1736 1737 1735)
4(1122 6597 6599 1124)
4(1122 1124 1736 1734)
4(1121 6596 6598 1123)
4(1121 1123 1124 1122)
4(1114 6593 6595 1116)
4(1114 1116 1123 1121)
4(1113 6592 6594 1115)
4(1113 1115 1116 1114)
4(410 6425 6427 412)
4(410 412 1115 1113)
4(409 6424 6426 411)
4(409 411 412 410)
4(402 6421 6423 404)
4(402 404 411 409)
4(401 6420 6422 403)
4(401 403 404 402)
4(6239 7610 7612 6241)
4(6239 6241 403 401)
4(6238 7609 7611 6240)
4(6238 6240 6241 6239)
4(6231 7606 7608 6233)
4(6231 6233 6240 6238)
4(6230 7605 7607 6232)
4(6230 6232 6233 6231)
4(1711 1713 6232 6230)
4(3058 8558 9319 7827)
4(3057 8557 8558 3058)
4(3058 7827 7826 3057)
4(3063 8563 9320 7828)
4(3058 8558 8563 3063)
4(3063 7828 7827 3058)
4(3064 8564 9321 7829)
4(3063 8563 8564 3064)
4(3064 7829 7828 3063)
4(5867 9129 9370 7962)
4(3064 8564 9129 5867)
4(5867 7962 7829 3064)
4(5868 9130 9371 7963)
4(5867 9129 9130 5868)
4(5868 7963 7962 5867)
4(5873 9135 9372 7964)
4(5868 9130 9135 5873)
4(5873 7964 7963 5868)
4(5874 9136 9373 7965)
4(5873 9135 9136 5874)
4(5874 7965 7964 5873)
4(72 8004 9268 7704)
4(5874 9136 8004 72)
4(72 7704 7965 5874)
4(73 8005 9269 7705)
4(72 8004 8005 73)
4(73 7705 7704 72)
4(78 8010 9270 7706)
4(73 8005 8010 78)
4(78 7706 7705 73)
4(79 8011 9271 7707)
4(78 8010 8011 79)
4(79 7707 7706 78)
4(3157 8585 9322 7834)
4(79 8011 8585 3157)
4(3157 7834 7707 79)
4(3158 8586 9323 7835)
4(3157 8585 8586 3158)
4(3158 7835 7834 3157)
4(3163 8591 9324 7836)
4(3158 8586 8591 3163)
4(3163 7836 7835 3158)
4(3164 8592 9325 7837)
4(3163 8591 8592 3164)
4(3164 7837 7836 3163)
4(3800 8734 9330 7870)
4(3164 8592 8734 3800)
4(3800 7870 7837 3164)
4(3801 8735 9331 7871)
4(3800 8734 8735 3801)
4(3801 7871 7870 3800)
4(3806 8740 9332 7872)
4(3801 8735 8740 3806)
4(3806 7872 7871 3801)
4(3807 8741 9333 7873)
4(3806 8740 8741 3807)
4(3807 7873 7872 3806)
4(174 8032 9272 7716)
4(3807 8741 8032 174)
4(174 7716 7873 3807)
4(175 8033 9273 7717)
4(174 8032 8033 175)
4(175 7717 7716 174)
4(180 8038 9274 7718)
4(175 8033 8038 180)
4(180 7718 7717 175)
4(181 8039 9275 7719)
4(180 8038 8039 181)
4(181 7719 7718 180)
4(697 8135 9278 7742)
4(181 8039 8135 697)
4(697 7742 7719 181)
4(698 8136 9279 7743)
4(697 8135 8136 698)
4(698 7743 7742 697)
4(703 8141 9280 7744)
4(698 8136 8141 703)
4(703 7744 7743 698)
4(704 8142 9281 7745)
4(703 8141 8142 704)
4(704 7745 7744 703)
4(3265 8621 9326 7846)
4(704 8142 8621 3265)
4(3265 7846 7745 704)
4(3266 8622 9327 7847)
4(3265 8621 8622 3266)
4(3266 7847 7846 3265)
4(3271 8627 9328 7848)
4(3266 8622 8627 3271)
4(3271 7848 7847 3266)
4(3272 8628 9329 7849)
4(3271 8627 8628 3272)
4(3272 7849 7848 3271)
4(3928 8770 9334 7874)
4(3272 8628 8770 3928)
4(3928 7874 7849 3272)
4(3929 8771 9335 7875)
4(3928 8770 8771 3929)
4(3929 7875 7874 3928)
4(3934 8776 9336 7876)
4(3929 8771 8776 3934)
4(3934 7876 7875 3929)
4(3935 8777 9337 7877)
4(3934 8776 8777 3935)
4(3935 7877 7876 3934)
4(6088 9214 9374 7974)
4(3935 8777 9214 6088)
4(6088 7974 7877 3935)
4(6089 9215 9375 7975)
4(6088 9214 9215 6089)
4(6089 7975 7974 6088)
4(290 8080 9276 7728)
4(6089 9215 8080 290)
4(290 7728 7975 6089)
4(291 8081 9277 7729)
4(290 8080 8081 291)
4(291 7729 7728 290)
4(805 8163 9282 7754)
4(291 8081 8163 805)
4(805 7754 7729 291)
4(806 8164 9283 7755)
4(805 8163 8164 806)
4(806 7755 7754 805)
4(811 8169 9284 7756)
4(806 8164 8169 811)
4(811 7756 7755 806)
4(812 8170 9285 7757)
4(811 8169 8170 812)
4(812 7757 7756 811)
4(2770 8526 9314 7822)
4(812 8170 8526 2770)
4(2770 7822 7757 812)
4(2771 8527 9315 7823)
4(2770 8526 8527 2771)
4(2771 7823 7822 2770)
4(2776 8532 9316 7824)
4(2771 8527 8532 2776)
4(2776 7824 7823 2771)
4(2777 8533 9317 7825)
4(2776 8532 8533 2777)
4(2777 7825 7824 2776)
4(4024 8798 9338 7886)
4(2777 8533 8798 4024)
4(4024 7886 7825 2777)
4(4025 8799 9339 7887)
4(4024 8798 8799 4025)
4(4025 7887 7886 4024)
4(4030 8804 9340 7888)
4(4025 8799 8804 4030)
4(4030 7888 7887 4025)
4(4031 8805 9341 7889)
4(4030 8804 8805 4031)
4(4031 7889 7888 4030)
4(6198 9260 9376 7976)
4(4031 8805 9260 6198)
4(6198 7976 7889 4031)
4(6199 9261 9377 7977)
4(6198 9260 9261 6199)
4(6199 7977 7976 6198)
4(6204 9266 9378 7978)
4(6199 9261 9266 6204)
4(6204 7978 7977 6199)
4(6204 9266 9267 6205)
4(6205 7979 7978 6204)
4(4849 7936 7441 4851)
4(4850 7937 7936 4849)
4(4849 4851 4852 4850)
4(4838 7933 7436 4840)
4(4849 7936 7933 4838)
4(4838 4840 4851 4849)
4(4837 7932 7435 4839)
4(4838 7933 7932 4837)
4(4837 4839 4840 4838)
4(2027 7803 6877 2029)
4(4837 7932 7803 2027)
4(2027 2029 4839 4837)
4(2026 7802 6876 2028)
4(2027 7803 7802 2026)
4(2026 2028 2029 2027)
4(2015 7799 6871 2017)
4(2026 7802 7799 2015)
4(2015 2017 2028 2026)
4(2014 7798 6870 2016)
4(2015 7799 7798 2014)
4(2014 2016 2017 2015)
4(1352 7779 6710 1354)
4(2014 7798 7779 1352)
4(1352 1354 2016 2014)
4(1351 7778 6709 1353)
4(1352 7779 7778 1351)
4(1351 1353 1354 1352)
4(1340 7775 6704 1342)
4(1351 7778 7775 1340)
4(1340 1342 1353 1351)
4(1339 7774 6703 1341)
4(1340 7775 7774 1339)
4(1339 1341 1342 1340)
4(5428 7951 7559 5430)
4(1339 7774 7951 5428)
4(5428 5430 1341 1339)
4(5427 7950 7558 5429)
4(5428 7951 7950 5427)
4(5427 5429 5430 5428)
4(5416 7947 7553 5418)
4(5427 7950 7947 5416)
4(5416 5418 5429 5427)
4(5415 7946 7552 5417)
4(5416 7947 7946 5415)
4(5415 5417 5418 5416)
4(4794 7929 7414 4796)
4(5415 7946 7929 4794)
4(4794 4796 5417 5415)
4(4793 7928 7413 4795)
4(4794 7929 7928 4793)
4(4793 4795 4796 4794)
4(4782 7925 7408 4784)
4(4793 7928 7925 4782)
4(4782 4784 4795 4793)
4(4781 7924 7407 4783)
4(4782 7925 7924 4781)
4(4781 4783 4784 4782)
4(2451 7819 6962 2453)
4(4781 7924 7819 2451)
4(2451 2453 4783 4781)
4(2450 7818 6961 2452)
4(2451 7819 7818 2450)
4(2450 2452 2453 2451)
4(2439 7815 6956 2441)
4(2450 7818 7815 2439)
4(2439 2441 2452 2450)
4(2438 7814 6955 2440)
4(2439 7815 7814 2438)
4(2438 2440 2441 2439)
4(1280 7771 6674 1282)
4(2438 7814 7771 1280)
4(1280 1282 2440 2438)
4(1279 7770 6673 1281)
4(1280 7771 7770 1279)
4(1279 1281 1282 1280)
4(1268 7767 6668 1270)
4(1279 7770 7767 1268)
4(1268 1270 1281 1279)
4(1267 7766 6667 1269)
4(1268 7767 7766 1267)
4(1267 1269 1270 1268)
4(5780 7959 7588 5782)
4(1267 7766 7959 5780)
4(5780 5782 1269 1267)
4(5779 7958 7587 5781)
4(5780 7959 7958 5779)
4(5779 5781 5782 5780)
4(5768 7955 7582 5770)
4(5779 7958 7955 5768)
4(5768 5770 5781 5779)
4(5767 7954 7581 5769)
4(5768 7955 7954 5767)
4(5767 5769 5770 5768)
4(4708 7923 7491 5294)
4(5767 7954 7923 4708)
4(4708 5294 5769 5767)
4(4707 7922 7490 5293)
4(4708 7923 7922 4707)
4(4707 5293 5294 4708)
4(4696 7919 7366 4698)
4(4707 7922 7919 4696)
4(4696 4698 5293 4707)
4(4695 7918 7365 4697)
4(4696 7919 7918 4695)
4(4695 4697 4698 4696)
4(2403 7811 6938 2405)
4(4695 7918 7811 2403)
4(2403 2405 4697 4695)
4(2402 7810 6937 2404)
4(2403 7811 7810 2402)
4(2402 2404 2405 2403)
4(2391 7807 6932 2393)
4(2402 7810 7807 2391)
4(2391 2393 2404 2402)
4(2390 7806 6931 2392)
4(2391 7807 7806 2390)
4(2390 2392 2393 2391)
4(1803 7795 6761 1805)
4(2390 7806 7795 1803)
4(1803 1805 2392 2390)
4(1802 7794 6760 1804)
4(1803 7795 7794 1802)
4(1802 1804 1805 1803)
4(1791 7791 6755 1793)
4(1802 7794 7791 1791)
4(1791 1793 1804 1802)
4(1790 7790 6754 1792)
4(1791 7791 7790 1790)
4(1790 1792 1793 1791)
4(5252 5250 7941 7467)
4(1790 7790 7941 5250)
4(5250 5252 1792 1790)
4(5249 7940 7466 5251)
4(5250 7941 7940 5249)
4(5249 5251 5252 5250)
4(4630 7915 7335 4632)
4(5249 7940 7915 4630)
4(4630 4632 5251 5249)
4(4629 7914 7334 4631)
4(4630 7915 7914 4629)
4(4629 4631 4632 4630)
4(4133 7903 7225 4135)
4(4629 7914 7903 4133)
4(4133 4135 4631 4629)
4(4132 7902 7224 4134)
4(4133 7903 7902 4132)
4(4132 4134 4135 4133)
4(4121 7899 7219 4123)
4(4132 7902 7899 4121)
4(4121 4123 4134 4132)
4(4120 7898 7218 4122)
4(4121 7899 7898 4120)
4(4120 4122 4123 4121)
4(1751 7787 6733 1753)
4(4120 7898 7787 1751)
4(1751 1753 4122 4120)
4(1750 7786 6732 1752)
4(1751 7787 7786 1750)
4(1750 1752 1753 1751)
4(1739 7783 6727 1741)
4(1750 7786 7783 1739)
4(1739 1741 1752 1750)
4(1739 7783 7782 1738)
4(1738 1740 1741 1739)
4(3076 1739 7783 7833)
4(3076 7833 7832 3075)
4(3075 1738 1739 3076)
4(3675 1750 7786 7868)
4(3675 7868 7833 3076)
4(3076 1739 1750 3675)
4(3676 1751 7787 7869)
4(3676 7869 7868 3675)
4(3675 1750 1751 3676)
4(5885 4120 7898 7968)
4(5885 7968 7869 3676)
4(3676 1751 4120 5885)
4(5886 4121 7899 7969)
4(5886 7969 7968 5885)
4(5885 4120 4121 5886)
4(5897 4132 7902 7972)
4(5897 7972 7969 5886)
4(5886 4121 4132 5897)
4(5898 4133 7903 7973)
4(5898 7973 7972 5897)
4(5897 4132 4133 5898)
4(90 4629 7914 7710)
4(90 7710 7973 5898)
4(5898 4133 4629 90)
4(91 4630 7915 7711)
4(91 7711 7710 90)
4(90 4629 4630 91)
4(102 5249 7940 7714)
4(102 7714 7711 91)
4(91 4630 5249 102)
4(5250 7941 7715 103)
4(103 7715 7714 102)
4(102 5249 5250 103)
4(3175 1790 7790 7840)
4(3175 7840 7715 103)
4(103 5250 1790 3175)
4(3176 1791 7791 7841)
4(3176 7841 7840 3175)
4(3175 1790 1791 3176)
4(3187 1802 7794 7844)
4(3187 7844 7841 3176)
4(3176 1791 1802 3187)
4(3188 1803 7795 7845)
4(3188 7845 7844 3187)
4(3187 1802 1803 3188)
4(4402 2390 7806 7908)
4(4402 7908 7845 3188)
4(3188 1803 2390 4402)
4(4403 2391 7807 7909)
4(4403 7909 7908 4402)
4(4402 2390 2391 4403)
4(4414 2402 7810 7912)
4(4414 7912 7909 4403)
4(4403 2391 2402 4414)
4(4415 2403 7811 7913)
4(4415 7913 7912 4414)
4(4414 2402 2403 4415)
4(192 4695 7918 7722)
4(192 7722 7913 4415)
4(4415 2403 4695 192)
4(193 4696 7919 7723)
4(193 7723 7722 192)
4(192 4695 4696 193)
4(204 4707 7922 7726)
4(204 7726 7723 193)
4(193 4696 4707 204)
4(205 4708 7923 7727)
4(205 7727 7726 204)
4(204 4707 4708 205)
4(715 5767 7954 7748)
4(715 7748 7727 205)
4(205 4708 5767 715)
4(716 5768 7955 7749)
4(716 7749 7748 715)
4(715 5767 5768 716)
4(727 5779 7958 7752)
4(727 7752 7749 716)
4(716 5768 5779 727)
4(728 5780 7959 7753)
4(728 7753 7752 727)
4(727 5779 5780 728)
4(3283 1267 7766 7852)
4(3283 7852 7753 728)
4(728 5780 1267 3283)
4(3284 1268 7767 7853)
4(3284 7853 7852 3283)
4(3283 1267 1268 3284)
4(3295 1279 7770 7856)
4(3295 7856 7853 3284)
4(3284 1268 1279 3295)
4(3296 1280 7771 7857)
4(3296 7857 7856 3295)
4(3295 1279 1280 3296)
4(3946 2438 7814 7880)
4(3946 7880 7857 3296)
4(3296 1280 2438 3946)
4(3947 2439 7815 7881)
4(3947 7881 7880 3946)
4(3946 2438 2439 3947)
4(3958 2450 7818 7884)
4(3958 7884 7881 3947)
4(3947 2439 2450 3958)
4(3959 2451 7819 7885)
4(3959 7885 7884 3958)
4(3958 2450 2451 3959)
4(302 4781 7924 7732)
4(302 7732 7885 3959)
4(3959 2451 4781 302)
4(303 4782 7925 7733)
4(303 7733 7732 302)
4(302 4781 4782 303)
4(314 4793 7928 7736)
4(314 7736 7733 303)
4(303 4782 4793 314)
4(315 4794 7929 7737)
4(315 7737 7736 314)
4(314 4793 4794 315)
4(823 5415 7946 7760)
4(823 7760 7737 315)
4(315 4794 5415 823)
4(824 5416 7947 7761)
4(824 7761 7760 823)
4(823 5415 5416 824)
4(835 5427 7950 7764)
4(835 7764 7761 824)
4(824 5416 5427 835)
4(836 5428 7951 7765)
4(836 7765 7764 835)
4(835 5427 5428 836)
4(3403 1339 7774 7860)
4(3403 7860 7765 836)
4(836 5428 1339 3403)
4(3404 1340 7775 7861)
4(3404 7861 7860 3403)
4(3403 1339 1340 3404)
4(3415 1351 7778 7864)
4(3415 7864 7861 3404)
4(3404 1340 1351 3415)
4(3416 1352 7779 7865)
4(3416 7865 7864 3415)
4(3415 1351 1352 3416)
4(4042 2014 7798 7892)
4(4042 7892 7865 3416)
4(3416 1352 2014 4042)
4(4043 2015 7799 7893)
4(4043 7893 7892 4042)
4(4042 2014 2015 4043)
4(4054 2026 7802 7896)
4(4054 7896 7893 4043)
4(4043 2015 2026 4054)
4(4055 2027 7803 7897)
4(4055 7897 7896 4054)
4(4054 2026 2027 4055)
4(6216 4837 7932 7982)
4(6216 7982 7897 4055)
4(4055 2027 4837 6216)
4(6217 4838 7933 7983)
4(6217 7983 7982 6216)
4(6216 4837 4838 6217)
4(386 4849 7936 7740)
4(386 7740 7983 6217)
4(6217 4838 4849 386)
4(387 7741 7740 386)
4(386 4849 4850 387)
4(384 7738 7740 386)
4(385 7739 7738 384)
4(384 386 387 385)
4(6215 7981 7983 6217)
4(384 7738 7981 6215)
4(6215 6217 386 384)
4(6214 7980 7982 6216)
4(6215 7981 7980 6214)
4(6214 6216 6217 6215)
4(4053 7895 7897 4055)
4(6214 7980 7895 4053)
4(4053 4055 6216 6214)
4(4052 7894 7896 4054)
4(4053 7895 7894 4052)
4(4052 4054 4055 4053)
4(4041 7891 7893 4043)
4(4052 7894 7891 4041)
4(4041 4043 4054 4052)
4(4040 7890 7892 4042)
4(4041 7891 7890 4040)
4(4040 4042 4043 4041)
4(3414 7863 7865 3416)
4(4040 7890 7863 3414)
4(3414 3416 4042 4040)
4(3413 7862 7864 3415)
4(3414 7863 7862 3413)
4(3413 3415 3416 3414)
4(3402 7859 7861 3404)
4(3413 7862 7859 3402)
4(3402 3404 3415 3413)
4(3401 7858 7860 3403)
4(3402 7859 7858 3401)
4(3401 3403 3404 3402)
4(834 7763 7765 836)
4(3401 7858 7763 834)
4(834 836 3403 3401)
4(833 7762 7764 835)
4(834 7763 7762 833)
4(833 835 836 834)
4(822 7759 7761 824)
4(833 7762 7759 822)
4(822 824 835 833)
4(821 7758 7760 823)
4(822 7759 7758 821)
4(821 823 824 822)
4(313 7735 7737 315)
4(821 7758 7735 313)
4(313 315 823 821)
4(312 7734 7736 314)
4(313 7735 7734 312)
4(312 314 315 313)
4(301 7731 7733 303)
4(312 7734 7731 301)
4(301 303 314 312)
4(300 7730 7732 302)
4(301 7731 7730 300)
4(300 302 303 301)
4(3957 7883 7885 3959)
4(300 7730 7883 3957)
4(3957 3959 302 300)
4(3956 7882 7884 3958)
4(3957 7883 7882 3956)
4(3956 3958 3959 3957)
4(3945 7879 7881 3947)
4(3956 7882 7879 3945)
4(3945 3947 3958 3956)
4(3944 7878 7880 3946)
4(3945 7879 7878 3944)
4(3944 3946 3947 3945)
4(3294 7855 7857 3296)
4(3944 7878 7855 3294)
4(3294 3296 3946 3944)
4(3293 7854 7856 3295)
4(3294 7855 7854 3293)
4(3293 3295 3296 3294)
4(3282 7851 7853 3284)
4(3293 7854 7851 3282)
4(3282 3284 3295 3293)
4(3281 7850 7852 3283)
4(3282 7851 7850 3281)
4(3281 3283 3284 3282)
4(726 7751 7753 728)
4(3281 7850 7751 726)
4(726 728 3283 3281)
4(725 7750 7752 727)
4(726 7751 7750 725)
4(725 727 728 726)
4(714 7747 7749 716)
4(725 7750 7747 714)
4(714 716 727 725)
4(713 7746 7748 715)
4(714 7747 7746 713)
4(713 715 716 714)
4(203 7725 7727 205)
4(713 7746 7725 203)
4(203 205 715 713)
4(202 7724 7726 204)
4(203 7725 7724 202)
4(202 204 205 203)
4(191 7721 7723 193)
4(202 7724 7721 191)
4(191 193 204 202)
4(190 7720 7722 192)
4(191 7721 7720 190)
4(190 192 193 191)
4(4413 7911 7913 4415)
4(190 7720 7911 4413)
4(4413 4415 192 190)
4(4412 7910 7912 4414)
4(4413 7911 7910 4412)
4(4412 4414 4415 4413)
4(4401 7907 7909 4403)
4(4412 7910 7907 4401)
4(4401 4403 4414 4412)
4(4400 7906 7908 4402)
4(4401 7907 7906 4400)
4(4400 4402 4403 4401)
4(3186 7843 7845 3188)
4(4400 7906 7843 3186)
4(3186 3188 4402 4400)
4(3185 7842 7844 3187)
4(3186 7843 7842 3185)
4(3185 3187 3188 3186)
4(3174 7839 7841 3176)
4(3185 7842 7839 3174)
4(3174 3176 3187 3185)
4(3173 7838 7840 3175)
4(3174 7839 7838 3173)
4(3173 3175 3176 3174)
4(101 7713 7715 103)
4(3173 7838 7713 101)
4(101 103 3175 3173)
4(100 7712 7714 102)
4(101 7713 7712 100)
4(100 102 103 101)
4(89 7709 7711 91)
4(100 7712 7709 89)
4(89 91 102 100)
4(88 7708 7710 90)
4(89 7709 7708 88)
4(88 90 91 89)
4(5896 7971 7973 5898)
4(88 7708 7971 5896)
4(5896 5898 90 88)
4(5895 7970 7972 5897)
4(5896 7971 7970 5895)
4(5895 5897 5898 5896)
4(5884 7967 7969 5886)
4(5895 7970 7967 5884)
4(5884 5886 5897 5895)
4(5883 7966 7968 5885)
4(5884 7967 7966 5883)
4(5883 5885 5886 5884)
4(3674 7867 7869 3676)
4(5883 7966 7867 3674)
4(3674 3676 5885 5883)
4(3673 7866 7868 3675)
4(3674 7867 7866 3673)
4(3673 3675 3676 3674)
4(3074 7831 7833 3076)
4(3673 7866 7831 3074)
4(3074 3076 3675 3673)
4(3074 7831 7830 3073)
4(3073 3075 3076 3074)
4(3058 3074 7831 8558)
4(3057 3073 3074 3058)
4(3063 3673 7866 8563)
4(3058 3074 3673 3063)
4(3064 3674 7867 8564)
4(3063 3673 3674 3064)
4(5867 5883 7966 9129)
4(3064 3674 5883 5867)
4(5868 5884 7967 9130)
4(5867 5883 5884 5868)
4(5873 5895 7970 9135)
4(5868 5884 5895 5873)
4(5874 5896 7971 9136)
4(5873 5895 5896 5874)
4(72 88 7708 8004)
4(5874 5896 88 72)
4(73 89 7709 8005)
4(72 88 89 73)
4(78 100 7712 8010)
4(73 89 100 78)
4(79 101 7713 8011)
4(78 100 101 79)
4(3157 3173 7838 8585)
4(79 101 3173 3157)
4(3158 3174 7839 8586)
4(3157 3173 3174 3158)
4(3163 3185 7842 8591)
4(3158 3174 3185 3163)
4(3164 3186 7843 8592)
4(3163 3185 3186 3164)
4(3800 4400 7906 8734)
4(3164 3186 4400 3800)
4(3801 4401 7907 8735)
4(3800 4400 4401 3801)
4(3806 4412 7910 8740)
4(3801 4401 4412 3806)
4(3807 4413 7911 8741)
4(3806 4412 4413 3807)
4(174 190 7720 8032)
4(3807 4413 190 174)
4(175 191 7721 8033)
4(174 190 191 175)
4(180 202 7724 8038)
4(175 191 202 180)
4(181 203 7725 8039)
4(180 202 203 181)
4(697 713 7746 8135)
4(181 203 713 697)
4(698 714 7747 8136)
4(697 713 714 698)
4(703 725 7750 8141)
4(698 714 725 703)
4(704 726 7751 8142)
4(703 725 726 704)
4(3265 3281 7850 8621)
4(704 726 3281 3265)
4(3266 3282 7851 8622)
4(3265 3281 3282 3266)
4(3271 3293 7854 8627)
4(3266 3282 3293 3271)
4(3272 3294 7855 8628)
4(3271 3293 3294 3272)
4(3928 3944 7878 8770)
4(3272 3294 3944 3928)
4(3929 3945 7879 8771)
4(3928 3944 3945 3929)
4(3934 3956 7882 8776)
4(3929 3945 3956 3934)
4(3935 3957 7883 8777)
4(3934 3956 3957 3935)
4(6088 300 7730 9214)
4(3935 3957 300 6088)
4(6089 301 7731 9215)
4(6088 300 301 6089)
4(290 312 7734 8080)
4(6089 301 312 290)
4(291 313 7735 8081)
4(290 312 313 291)
4(805 821 7758 8163)
4(291 313 821 805)
4(806 822 7759 8164)
4(805 821 822 806)
4(811 833 7762 8169)
4(806 822 833 811)
4(812 834 7763 8170)
4(811 833 834 812)
4(2770 3401 7858 8526)
4(812 834 3401 2770)
4(2771 3402 7859 8527)
4(2770 3401 3402 2771)
4(2776 3413 7862 8532)
4(2771 3402 3413 2776)
4(2777 3414 7863 8533)
4(2776 3413 3414 2777)
4(4024 4040 7890 8798)
4(2777 3414 4040 4024)
4(4025 4041 7891 8799)
4(4024 4040 4041 4025)
4(4030 4052 7894 8804)
4(4025 4041 4052 4030)
4(4031 4053 7895 8805)
4(4030 4052 4053 4031)
4(6198 6214 7980 9260)
4(4031 4053 6214 6198)
4(6199 6215 7981 9261)
4(6198 6214 6215 6199)
4(6204 384 7738 9266)
4(6199 6215 384 6204)
4(6204 384 385 6205)
4(6201 9263 7978 6204)
4(6203 9265 9263 6201)
4(6201 6204 6205 6203)
4(6197 9259 7977 6199)
4(6201 9263 9259 6197)
4(6197 6199 6204 6201)
4(6195 9257 7976 6198)
4(6197 9259 9257 6195)
4(6195 6198 6199 6197)
4(4029 8803 7889 4031)
4(6195 9257 8803 4029)
4(4029 4031 6198 6195)
4(4027 8801 7888 4030)
4(4029 8803 8801 4027)
4(4027 4030 4031 4029)
4(4023 8797 7887 4025)
4(4027 8801 8797 4023)
4(4023 4025 4030 4027)
4(4021 8795 7886 4024)
4(4023 8797 8795 4021)
4(4021 4024 4025 4023)
4(2775 8531 7825 2777)
4(4021 8795 8531 2775)
4(2775 2777 4024 4021)
4(2773 8529 7824 2776)
4(2775 8531 8529 2773)
4(2773 2776 2777 2775)
4(2769 8525 7823 2771)
4(2773 8529 8525 2769)
4(2769 2771 2776 2773)
4(2767 8523 7822 2770)
4(2769 8525 8523 2767)
4(2767 2770 2771 2769)
4(810 8168 7757 812)
4(2767 8523 8168 810)
4(810 812 2770 2767)
4(808 8166 7756 811)
4(810 8168 8166 808)
4(808 811 812 810)
4(804 8162 7755 806)
4(808 8166 8162 804)
4(804 806 811 808)
4(802 8160 7754 805)
4(804 8162 8160 802)
4(802 805 806 804)
4(6093 9219 7729 291)
4(802 8160 9219 6093)
4(6093 291 805 802)
4(6091 9217 7728 290)
4(6093 9219 9217 6091)
4(6091 290 291 6093)
4(6087 9213 7975 6089)
4(6091 9217 9213 6087)
4(6087 6089 290 6091)
4(6085 9211 7974 6088)
4(6087 9213 9211 6085)
4(6085 6088 6089 6087)
4(3933 8775 7877 3935)
4(6085 9211 8775 3933)
4(3933 3935 6088 6085)
4(3931 8773 7876 3934)
4(3933 8775 8773 3931)
4(3931 3934 3935 3933)
4(3927 8769 7875 3929)
4(3931 8773 8769 3927)
4(3927 3929 3934 3931)
4(3925 8767 7874 3928)
4(3927 8769 8767 3925)
4(3925 3928 3929 3927)
4(3270 8626 7849 3272)
4(3925 8767 8626 3270)
4(3270 3272 3928 3925)
4(3268 8624 7848 3271)
4(3270 8626 8624 3268)
4(3268 3271 3272 3270)
4(3264 8620 7847 3266)
4(3268 8624 8620 3264)
4(3264 3266 3271 3268)
4(3262 8618 7846 3265)
4(3264 8620 8618 3262)
4(3262 3265 3266 3264)
4(702 8140 7745 704)
4(3262 8618 8140 702)
4(702 704 3265 3262)
4(700 8138 7744 703)
4(702 8140 8138 700)
4(700 703 704 702)
4(696 8134 7743 698)
4(700 8138 8134 696)
4(696 698 703 700)
4(694 8132 7742 697)
4(696 8134 8132 694)
4(694 697 698 696)
4(179 8037 7719 181)
4(694 8132 8037 179)
4(179 181 697 694)
4(177 8035 7718 180)
4(179 8037 8035 177)
4(177 180 181 179)
4(173 8031 7717 175)
4(177 8035 8031 173)
4(173 175 180 177)
4(171 8029 7716 174)
4(173 8031 8029 171)
4(171 174 175 173)
4(3805 8739 7873 3807)
4(171 8029 8739 3805)
4(3805 3807 174 171)
4(3803 8737 7872 3806)
4(3805 8739 8737 3803)
4(3803 3806 3807 3805)
4(3799 8733 7871 3801)
4(3803 8737 8733 3799)
4(3799 3801 3806 3803)
4(3797 8731 7870 3800)
4(3799 8733 8731 3797)
4(3797 3800 3801 3799)
4(3162 8590 7837 3164)
4(3797 8731 8590 3162)
4(3162 3164 3800 3797)
4(3160 8588 7836 3163)
4(3162 8590 8588 3160)
4(3160 3163 3164 3162)
4(3156 8584 7835 3158)
4(3160 8588 8584 3156)
4(3156 3158 3163 3160)
4(3154 8582 7834 3157)
4(3156 8584 8582 3154)
4(3154 3157 3158 3156)
4(77 8009 7707 79)
4(3154 8582 8009 77)
4(77 79 3157 3154)
4(75 8007 7706 78)
4(77 8009 8007 75)
4(75 78 79 77)
4(71 8003 7705 73)
4(75 8007 8003 71)
4(71 73 78 75)
4(69 8001 7704 72)
4(71 8003 8001 69)
4(69 72 73 71)
4(5872 9134 7965 5874)
4(69 8001 9134 5872)
4(5872 5874 72 69)
4(5870 9132 7964 5873)
4(5872 9134 9132 5870)
4(5870 5873 5874 5872)
4(5484 9048 7963 5868)
4(5870 9132 9048 5484)
4(5484 5868 5873 5870)
4(5482 9046 7962 5867)
4(5484 9048 9046 5482)
4(5482 5867 5868 5484)
4(3062 8562 7829 3064)
4(5482 9046 8562 3062)
4(3062 3064 5867 5482)
4(3060 8560 7828 3063)
4(3062 8562 8560 3060)
4(3060 3063 3064 3062)
4(3056 8556 7827 3058)
4(3060 8560 8556 3056)
4(3056 3058 3063 3060)
4(3056 8556 8554 3054)
4(3054 3057 3058 3056)
4(3055 3056 8556 8555)
4(3055 8555 8553 3053)
4(3053 3054 3056 3055)
4(3059 3060 8560 8559)
4(3059 8559 8555 3055)
4(3055 3056 3060 3059)
4(3061 3062 8562 8561)
4(3061 8561 8559 3059)
4(3059 3060 3062 3061)
4(5481 5482 9046 9045)
4(5481 9045 8561 3061)
4(3061 3062 5482 5481)
4(5483 5484 9048 9047)
4(5483 9047 9045 5481)
4(5481 5482 5484 5483)
4(5869 5870 9132 9131)
4(5869 9131 9047 5483)
4(5483 5484 5870 5869)
4(5871 5872 9134 9133)
4(5871 9133 9131 5869)
4(5869 5870 5872 5871)
4(68 69 8001 8000)
4(68 8000 9133 5871)
4(5871 5872 69 68)
4(70 71 8003 8002)
4(70 8002 8000 68)
4(68 69 71 70)
4(74 75 8007 8006)
4(74 8006 8002 70)
4(70 71 75 74)
4(76 77 8009 8008)
4(76 8008 8006 74)
4(74 75 77 76)
4(3153 3154 8582 8581)
4(3153 8581 8008 76)
4(76 77 3154 3153)
4(3155 3156 8584 8583)
4(3155 8583 8581 3153)
4(3153 3154 3156 3155)
4(3159 3160 8588 8587)
4(3159 8587 8583 3155)
4(3155 3156 3160 3159)
4(3161 3162 8590 8589)
4(3161 8589 8587 3159)
4(3159 3160 3162 3161)
4(3796 3797 8731 8730)
4(3796 8730 8589 3161)
4(3161 3162 3797 3796)
4(3798 3799 8733 8732)
4(3798 8732 8730 3796)
4(3796 3797 3799 3798)
4(3802 3803 8737 8736)
4(3802 8736 8732 3798)
4(3798 3799 3803 3802)
4(3804 3805 8739 8738)
4(3804 8738 8736 3802)
4(3802 3803 3805 3804)
4(170 171 8029 8028)
4(170 8028 8738 3804)
4(3804 3805 171 170)
4(172 173 8031 8030)
4(172 8030 8028 170)
4(170 171 173 172)
4(176 177 8035 8034)
4(176 8034 8030 172)
4(172 173 177 176)
4(178 179 8037 8036)
4(178 8036 8034 176)
4(176 177 179 178)
4(693 694 8132 8131)
4(693 8131 8036 178)
4(178 179 694 693)
4(695 696 8134 8133)
4(695 8133 8131 693)
4(693 694 696 695)
4(699 700 8138 8137)
4(699 8137 8133 695)
4(695 696 700 699)
4(701 702 8140 8139)
4(701 8139 8137 699)
4(699 700 702 701)
4(3261 3262 8618 8617)
4(3261 8617 8139 701)
4(701 702 3262 3261)
4(3263 3264 8620 8619)
4(3263 8619 8617 3261)
4(3261 3262 3264 3263)
4(3267 3268 8624 8623)
4(3267 8623 8619 3263)
4(3263 3264 3268 3267)
4(3269 3270 8626 8625)
4(3269 8625 8623 3267)
4(3267 3268 3270 3269)
4(3924 3925 8767 8766)
4(3924 8766 8625 3269)
4(3269 3270 3925 3924)
4(3926 3927 8769 8768)
4(3926 8768 8766 3924)
4(3924 3925 3927 3926)
4(3930 3931 8773 8772)
4(3930 8772 8768 3926)
4(3926 3927 3931 3930)
4(3932 3933 8775 8774)
4(3932 8774 8772 3930)
4(3930 3931 3933 3932)
4(6084 6085 9211 9210)
4(6084 9210 8774 3932)
4(3932 3933 6085 6084)
4(6086 6087 9213 9212)
4(6086 9212 9210 6084)
4(6084 6085 6087 6086)
4(6090 6091 9217 9216)
4(6090 9216 9212 6086)
4(6086 6087 6091 6090)
4(6092 6093 9219 9218)
4(6092 9218 9216 6090)
4(6090 6091 6093 6092)
4(801 802 8160 8159)
4(801 8159 9218 6092)
4(6092 6093 802 801)
4(803 804 8162 8161)
4(803 8161 8159 801)
4(801 802 804 803)
4(807 808 8166 8165)
4(807 8165 8161 803)
4(803 804 808 807)
4(809 810 8168 8167)
4(809 8167 8165 807)
4(807 808 810 809)
4(2766 2767 8523 8522)
4(2766 8522 8167 809)
4(809 810 2767 2766)
4(2768 2769 8525 8524)
4(2768 8524 8522 2766)
4(2766 2767 2769 2768)
4(2772 2773 8529 8528)
4(2772 8528 8524 2768)
4(2768 2769 2773 2772)
4(2774 2775 8531 8530)
4(2774 8530 8528 2772)
4(2772 2773 2775 2774)
4(4020 4021 8795 8794)
4(4020 8794 8530 2774)
4(2774 2775 4021 4020)
4(4022 4023 8797 8796)
4(4022 8796 8794 4020)
4(4020 4021 4023 4022)
4(4026 4027 8801 8800)
4(4026 8800 8796 4022)
4(4022 4023 4027 4026)
4(4028 4029 8803 8802)
4(4028 8802 8800 4026)
4(4026 4027 4029 4028)
4(6194 6195 9257 9256)
4(6194 9256 8802 4028)
4(4028 4029 6195 6194)
4(6196 6197 9259 9258)
4(6196 9258 9256 6194)
4(6194 6195 6197 6196)
4(6200 6201 9263 9262)
4(6200 9262 9258 6196)
4(6196 6197 6201 6200)
4(6202 9264 9262 6200)
4(6200 6201 6203 6202)
4(6159 9253 9262 6200)
4(6161 9255 9253 6159)
4(6159 6200 6202 6161)
4(5726 9112 9258 6196)
4(6159 9253 9112 5726)
4(5726 6196 6200 6159)
4(5724 9110 9256 6194)
4(5726 9112 9110 5724)
4(5724 6194 6196 5726)
4(3432 8684 8802 4028)
4(5724 9110 8684 3432)
4(3432 4028 6194 5724)
4(3430 8682 8800 4026)
4(3432 8684 8682 3430)
4(3430 4026 4028 3432)
4(3424 8676 8796 4022)
4(3430 8682 8676 3424)
4(3424 4022 4026 3430)
4(3422 8674 8794 4020)
4(3424 8676 8674 3422)
4(3422 4020 4022 3424)
4(2733 8521 8530 2774)
4(3422 8674 8521 2733)
4(2733 2774 4020 3422)
4(2731 8519 8528 2772)
4(2733 8521 8519 2731)
4(2731 2772 2774 2733)
4(2725 8513 8524 2768)
4(2731 8519 8513 2725)
4(2725 2768 2772 2731)
4(2723 8511 8522 2766)
4(2725 8513 8511 2723)
4(2723 2766 2768 2725)
4(331 8097 8167 809)
4(2723 8511 8097 331)
4(331 809 2766 2723)
4(329 8095 8165 807)
4(331 8097 8095 329)
4(329 807 809 331)
4(323 8089 8161 803)
4(329 8095 8089 323)
4(323 803 807 329)
4(321 8087 8159 801)
4(323 8089 8087 321)
4(321 801 803 323)
4(6051 9209 9218 6092)
4(321 8087 9209 6051)
4(6051 6092 801 321)
4(6049 9207 9216 6090)
4(6051 9209 9207 6049)
4(6049 6090 6092 6051)
4(6043 9201 9212 6086)
4(6049 9207 9201 6043)
4(6043 6086 6090 6049)
4(6041 9199 9210 6084)
4(6043 9201 9199 6041)
4(6041 6084 6086 6043)
4(3312 8644 8774 3932)
4(6041 9199 8644 3312)
4(3312 3932 6084 6041)
4(3310 8642 8772 3930)
4(3312 8644 8642 3310)
4(3310 3930 3932 3312)
4(3304 8636 8768 3926)
4(3310 8642 8636 3304)
4(3304 3926 3930 3310)
4(3302 8634 8766 3924)
4(3304 8636 8634 3302)
4(3302 3924 3926 3304)
4(2629 8481 8625 3269)
4(3302 8634 8481 2629)
4(2629 3269 3924 3302)
4(2627 8479 8623 3267)
4(2629 8481 8479 2627)
4(2627 3267 3269 2629)
4(2621 8473 8619 3263)
4(2627 8479 8473 2621)
4(2621 3263 3267 2627)
4(2619 8471 8617 3261)
4(2621 8473 8471 2619)
4(2619 3261 3263 2621)
4(660 8130 8139 701)
4(2619 8471 8130 660)
4(660 701 3261 2619)
4(658 8128 8137 699)
4(660 8130 8128 658)
4(658 699 701 660)
4(213 8047 8133 695)
4(658 8128 8047 213)
4(213 695 699 658)
4(211 8045 8131 693)
4(213 8047 8045 211)
4(211 693 695 213)
4(5959 9173 8036 178)
4(211 8045 9173 5959)
4(5959 178 693 211)
4(5957 9171 8034 176)
4(5959 9173 9171 5957)
4(5957 176 178 5959)
4(5951 9165 8030 172)
4(5957 9171 9165 5951)
4(5951 172 176 5957)
4(5949 9163 8028 170)
4(5951 9165 9163 5949)
4(5949 170 172 5951)
4(3763 8729 8738 3804)
4(5949 9163 8729 3763)
4(3763 3804 170 5949)
4(3761 8727 8736 3802)
4(3763 8729 8727 3761)
4(3761 3802 3804 3763)
4(3755 8721 8732 3798)
4(3761 8727 8721 3755)
4(3755 3798 3802 3761)
4(3753 8719 8730 3796)
4(3755 8721 8719 3753)
4(3753 3796 3798 3755)
4(2565 8450 8589 3161)
4(3753 8719 8450 2565)
4(2565 3161 3796 3753)
4(2563 8448 8587 3159)
4(2565 8450 8448 2563)
4(2563 3159 3161 2565)
4(2557 8442 8583 3155)
4(2563 8448 8442 2557)
4(2557 3155 3159 2563)
4(2555 8440 8581 3153)
4(2557 8442 8440 2555)
4(2555 3153 3155 2557)
4(5914 9152 8008 76)
4(2555 8440 9152 5914)
4(5914 76 3153 2555)
4(5912 9150 8006 74)
4(5914 9152 9150 5912)
4(5912 74 76 5914)
4(5906 9144 8002 70)
4(5912 9150 9144 5906)
4(5906 70 74 5912)
4(5904 9142 8000 68)
4(5906 9144 9142 5904)
4(5904 68 70 5906)
4(5448 9044 9133 5871)
4(5904 9142 9044 5448)
4(5448 5871 68 5904)
4(5446 9042 9131 5869)
4(5448 9044 9042 5446)
4(5446 5869 5871 5448)
4(5440 9036 9047 5483)
4(5446 9042 9036 5440)
4(5440 5483 5869 5446)
4(5438 9034 9045 5481)
4(5440 9036 9034 5438)
4(5438 5481 5483 5440)
4(3020 8552 8561 3061)
4(5438 9034 8552 3020)
4(3020 3061 5481 5438)
4(3018 8550 8559 3059)
4(3020 8552 8550 3018)
4(3018 3059 3061 3020)
4(2513 8430 8555 3055)
4(3018 8550 8430 2513)
4(2513 3055 3059 3018)
4(2513 8430 8428 2511)
4(2511 3053 3055 2513)
4(2512 2513 8430 8429)
4(2512 8429 8427 2510)
4(2510 2511 2513 2512)
4(3017 3018 8550 8549)
4(3017 8549 8429 2512)
4(2512 2513 3018 3017)
4(3019 3020 8552 8551)
4(3019 8551 8549 3017)
4(3017 3018 3020 3019)
4(5437 5438 9034 9033)
4(5437 9033 8551 3019)
4(3019 3020 5438 5437)
4(5439 5440 9036 9035)
4(5439 9035 9033 5437)
4(5437 5438 5440 5439)
4(5445 5446 9042 9041)
4(5445 9041 9035 5439)
4(5439 5440 5446 5445)
4(5447 5448 9044 9043)
4(5447 9043 9041 5445)
4(5445 5446 5448 5447)
4(5903 5904 9142 9141)
4(5903 9141 9043 5447)
4(5447 5448 5904 5903)
4(5905 5906 9144 9143)
4(5905 9143 9141 5903)
4(5903 5904 5906 5905)
4(5911 5912 9150 9149)
4(5911 9149 9143 5905)
4(5905 5906 5912 5911)
4(5913 5914 9152 9151)
4(5913 9151 9149 5911)
4(5911 5912 5914 5913)
4(2554 2555 8440 8439)
4(2554 8439 9151 5913)
4(5913 5914 2555 2554)
4(2556 2557 8442 8441)
4(2556 8441 8439 2554)
4(2554 2555 2557 2556)
4(2562 2563 8448 8447)
4(2562 8447 8441 2556)
4(2556 2557 2563 2562)
4(2564 2565 8450 8449)
4(2564 8449 8447 2562)
4(2562 2563 2565 2564)
4(3752 3753 8719 8718)
4(3752 8718 8449 2564)
4(2564 2565 3753 3752)
4(3754 3755 8721 8720)
4(3754 8720 8718 3752)
4(3752 3753 3755 3754)
4(3760 3761 8727 8726)
4(3760 8726 8720 3754)
4(3754 3755 3761 3760)
4(3762 3763 8729 8728)
4(3762 8728 8726 3760)
4(3760 3761 3763 3762)
4(5948 5949 9163 9162)
4(5948 9162 8728 3762)
4(3762 3763 5949 5948)
4(5950 5951 9165 9164)
4(5950 9164 9162 5948)
4(5948 5949 5951 5950)
4(5956 5957 9171 9170)
4(5956 9170 9164 5950)
4(5950 5951 5957 5956)
4(5958 5959 9173 9172)
4(5958 9172 9170 5956)
4(5956 5957 5959 5958)
4(210 211 8045 8044)
4(210 8044 9172 5958)
4(5958 5959 211 210)
4(212 213 8047 8046)
4(212 8046 8044 210)
4(210 211 213 212)
4(657 658 8128 8127)
4(657 8127 8046 212)
4(212 213 658 657)
4(659 660 8130 8129)
4(659 8129 8127 657)
4(657 658 660 659)
4(2618 2619 8471 8470)
4(2618 8470 8129 659)
4(659 660 2619 2618)
4(2620 2621 8473 8472)
4(2620 8472 8470 2618)
4(2618 2619 2621 2620)
4(2626 2627 8479 8478)
4(2626 8478 8472 2620)
4(2620 2621 2627 2626)
4(2628 2629 8481 8480)
4(2628 8480 8478 2626)
4(2626 2627 2629 2628)
4(3301 3302 8634 8633)
4(3301 8633 8480 2628)
4(2628 2629 3302 3301)
4(3303 3304 8636 8635)
4(3303 8635 8633 3301)
4(3301 3302 3304 3303)
4(3309 3310 8642 8641)
4(3309 8641 8635 3303)
4(3303 3304 3310 3309)
4(3311 3312 8644 8643)
4(3311 8643 8641 3309)
4(3309 3310 3312 3311)
4(6040 6041 9199 9198)
4(6040 9198 8643 3311)
4(3311 3312 6041 6040)
4(6042 6043 9201 9200)
4(6042 9200 9198 6040)
4(6040 6041 6043 6042)
4(6048 6049 9207 9206)
4(6048 9206 9200 6042)
4(6042 6043 6049 6048)
4(6050 6051 9209 9208)
4(6050 9208 9206 6048)
4(6048 6049 6051 6050)
4(320 321 8087 8086)
4(320 8086 9208 6050)
4(6050 6051 321 320)
4(322 323 8089 8088)
4(322 8088 8086 320)
4(320 321 323 322)
4(328 329 8095 8094)
4(328 8094 8088 322)
4(322 323 329 328)
4(330 331 8097 8096)
4(330 8096 8094 328)
4(328 329 331 330)
4(2722 2723 8511 8510)
4(2722 8510 8096 330)
4(330 331 2723 2722)
4(2724 2725 8513 8512)
4(2724 8512 8510 2722)
4(2722 2723 2725 2724)
4(2730 2731 8519 8518)
4(2730 8518 8512 2724)
4(2724 2725 2731 2730)
4(2732 2733 8521 8520)
4(2732 8520 8518 2730)
4(2730 2731 2733 2732)
4(3421 3422 8674 8673)
4(3421 8673 8520 2732)
4(2732 2733 3422 3421)
4(3423 3424 8676 8675)
4(3423 8675 8673 3421)
4(3421 3422 3424 3423)
4(3429 3430 8682 8681)
4(3429 8681 8675 3423)
4(3423 3424 3430 3429)
4(3431 3432 8684 8683)
4(3431 8683 8681 3429)
4(3429 3430 3432 3431)
4(5723 5724 9110 9109)
4(5723 9109 8683 3431)
4(3431 3432 5724 5723)
4(5725 5726 9112 9111)
4(5725 9111 9109 5723)
4(5723 5724 5726 5725)
4(6158 6159 9253 9252)
4(6158 9252 9111 5725)
4(5725 5726 6159 6158)
4(6160 9254 9252 6158)
4(6158 6159 6161 6160)
4(6157 9251 9254 6160)
4(389 8099 9251 6157)
4(6157 6160 390 389)
4(6155 9249 9252 6158)
4(6157 9251 9249 6155)
4(6155 6158 6160 6157)
4(5722 9108 9111 5725)
4(6155 9249 9108 5722)
4(5722 5725 6158 6155)
4(5720 9106 9109 5723)
4(5722 9108 9106 5720)
4(5720 5723 5725 5722)
4(3428 8680 8683 3431)
4(5720 9106 8680 3428)
4(3428 3431 5723 5720)
4(3426 8678 8681 3429)
4(3428 8680 8678 3426)
4(3426 3429 3431 3428)
4(3420 8672 8675 3423)
4(3426 8678 8672 3420)
4(3420 3423 3429 3426)
4(3418 8670 8673 3421)
4(3420 8672 8670 3418)
4(3418 3421 3423 3420)
4(2729 8517 8520 2732)
4(3418 8670 8517 2729)
4(2729 2732 3421 3418)
4(2727 8515 8518 2730)
4(2729 8517 8515 2727)
4(2727 2730 2732 2729)
4(2721 8509 8512 2724)
4(2727 8515 8509 2721)
4(2721 2724 2730 2727)
4(2719 8507 8510 2722)
4(2721 8509 8507 2719)
4(2719 2722 2724 2721)
4(327 8093 8096 330)
4(2719 8507 8093 327)
4(327 330 2722 2719)
4(325 8091 8094 328)
4(327 8093 8091 325)
4(325 328 330 327)
4(319 8085 8088 322)
4(325 8091 8085 319)
4(319 322 328 325)
4(317 8083 8086 320)
4(319 8085 8083 317)
4(317 320 322 319)
4(6047 9205 9208 6050)
4(317 8083 9205 6047)
4(6047 6050 320 317)
4(6045 9203 9206 6048)
4(6047 9205 9203 6045)
4(6045 6048 6050 6047)
4(6039 9197 9200 6042)
4(6045 9203 9197 6039)
4(6039 6042 6048 6045)
4(6037 9195 9198 6040)
4(6039 9197 9195 6037)
4(6037 6040 6042 6039)
4(3308 8640 8643 3311)
4(6037 9195 8640 3308)
4(3308 3311 6040 6037)
4(3306 8638 8641 3309)
4(3308 8640 8638 3306)
4(3306 3309 3311 3308)
4(3300 8632 8635 3303)
4(3306 8638 8632 3300)
4(3300 3303 3309 3306)
4(3298 8630 8633 3301)
4(3300 8632 8630 3298)
4(3298 3301 3303 3300)
4(2625 8477 8480 2628)
4(3298 8630 8477 2625)
4(2625 2628 3301 3298)
4(2623 8475 8478 2626)
4(2625 8477 8475 2623)
4(2623 2626 2628 2625)
4(2617 8469 8472 2620)
4(2623 8475 8469 2617)
4(2617 2620 2626 2623)
4(2615 8467 8470 2618)
4(2617 8469 8467 2615)
4(2615 2618 2620 2617)
4(217 8051 8129 659)
4(2615 8467 8051 217)
4(217 659 2618 2615)
4(215 8049 8127 657)
4(217 8051 8049 215)
4(215 657 659 217)
4(209 8043 8046 212)
4(215 8049 8043 209)
4(209 212 657 215)
4(207 8041 8044 210)
4(209 8043 8041 207)
4(207 210 212 209)
4(5955 9169 9172 5958)
4(207 8041 9169 5955)
4(5955 5958 210 207)
4(5953 9167 9170 5956)
4(5955 9169 9167 5953)
4(5953 5956 5958 5955)
4(5947 9161 9164 5950)
4(5953 9167 9161 5947)
4(5947 5950 5956 5953)
4(5945 9159 9162 5948)
4(5947 9161 9159 5945)
4(5945 5948 5950 5947)
4(3759 8725 8728 3762)
4(5945 9159 8725 3759)
4(3759 3762 5948 5945)
4(3757 8723 8726 3760)
4(3759 8725 8723 3757)
4(3757 3760 3762 3759)
4(3751 8717 8720 3754)
4(3757 8723 8717 3751)
4(3751 3754 3760 3757)
4(3749 8715 8718 3752)
4(3751 8717 8715 3749)
4(3749 3752 3754 3751)
4(2561 8446 8449 2564)
4(3749 8715 8446 2561)
4(2561 2564 3752 3749)
4(2559 8444 8447 2562)
4(2561 8446 8444 2559)
4(2559 2562 2564 2561)
4(2553 8438 8441 2556)
4(2559 8444 8438 2553)
4(2553 2556 2562 2559)
4(2551 8436 8439 2554)
4(2553 8438 8436 2551)
4(2551 2554 2556 2553)
4(5910 9148 9151 5913)
4(2551 8436 9148 5910)
4(5910 5913 2554 2551)
4(5908 9146 9149 5911)
4(5910 9148 9146 5908)
4(5908 5911 5913 5910)
4(5902 9140 9143 5905)
4(5908 9146 9140 5902)
4(5902 5905 5911 5908)
4(5900 9138 9141 5903)
4(5902 9140 9138 5900)
4(5900 5903 5905 5902)
4(5444 9040 9043 5447)
4(5900 9138 9040 5444)
4(5444 5447 5903 5900)
4(5442 9038 9041 5445)
4(5444 9040 9038 5442)
4(5442 5445 5447 5444)
4(5436 9032 9035 5439)
4(5442 9038 9032 5436)
4(5436 5439 5445 5442)
4(5434 9030 9033 5437)
4(5436 9032 9030 5434)
4(5434 5437 5439 5436)
4(3016 8548 8551 3019)
4(5434 9030 8548 3016)
4(3016 3019 5437 5434)
4(3014 8546 8549 3017)
4(3016 8548 8546 3014)
4(3014 3017 3019 3016)
4(2509 8426 8429 2512)
4(3014 8546 8426 2509)
4(2509 2512 3017 3014)
4(2509 8426 8424 2507)
4(2507 2510 2512 2509)
4(2508 2509 8426 8425)
4(2508 8425 8423 2506)
4(2506 2507 2509 2508)
4(3013 3014 8546 8545)
4(3013 8545 8425 2508)
4(2508 2509 3014 3013)
4(3015 3016 8548 8547)
4(3015 8547 8545 3013)
4(3013 3014 3016 3015)
4(5433 5434 9030 9029)
4(5433 9029 8547 3015)
4(3015 3016 5434 5433)
4(5435 5436 9032 9031)
4(5435 9031 9029 5433)
4(5433 5434 5436 5435)
4(5441 5442 9038 9037)
4(5441 9037 9031 5435)
4(5435 5436 5442 5441)
4(5443 5444 9040 9039)
4(5443 9039 9037 5441)
4(5441 5442 5444 5443)
4(5899 5900 9138 9137)
4(5899 9137 9039 5443)
4(5443 5444 5900 5899)
4(5901 5902 9140 9139)
4(5901 9139 9137 5899)
4(5899 5900 5902 5901)
4(5907 5908 9146 9145)
4(5907 9145 9139 5901)
4(5901 5902 5908 5907)
4(5909 5910 9148 9147)
4(5909 9147 9145 5907)
4(5907 5908 5910 5909)
4(2550 2551 8436 8435)
4(2550 8435 9147 5909)
4(5909 5910 2551 2550)
4(2552 2553 8438 8437)
4(2552 8437 8435 2550)
4(2550 2551 2553 2552)
4(2558 2559 8444 8443)
4(2558 8443 8437 2552)
4(2552 2553 2559 2558)
4(2560 2561 8446 8445)
4(2560 8445 8443 2558)
4(2558 2559 2561 2560)
4(3748 3749 8715 8714)
4(3748 8714 8445 2560)
4(2560 2561 3749 3748)
4(3750 3751 8717 8716)
4(3750 8716 8714 3748)
4(3748 3749 3751 3750)
4(3756 3757 8723 8722)
4(3756 8722 8716 3750)
4(3750 3751 3757 3756)
4(3758 3759 8725 8724)
4(3758 8724 8722 3756)
4(3756 3757 3759 3758)
4(5944 5945 9159 9158)
4(5944 9158 8724 3758)
4(3758 3759 5945 5944)
4(5946 5947 9161 9160)
4(5946 9160 9158 5944)
4(5944 5945 5947 5946)
4(5952 5953 9167 9166)
4(5952 9166 9160 5946)
4(5946 5947 5953 5952)
4(5954 5955 9169 9168)
4(5954 9168 9166 5952)
4(5952 5953 5955 5954)
4(206 207 8041 8040)
4(206 8040 9168 5954)
4(5954 5955 207 206)
4(208 209 8043 8042)
4(208 8042 8040 206)
4(206 207 209 208)
4(214 215 8049 8048)
4(214 8048 8042 208)
4(208 209 215 214)
4(216 217 8051 8050)
4(216 8050 8048 214)
4(214 215 217 216)
4(2614 2615 8467 8466)
4(2614 8466 8050 216)
4(216 217 2615 2614)
4(2616 2617 8469 8468)
4(2616 8468 8466 2614)
4(2614 2615 2617 2616)
4(2622 2623 8475 8474)
4(2622 8474 8468 2616)
4(2616 2617 2623 2622)
4(2624 2625 8477 8476)
4(2624 8476 8474 2622)
4(2622 2623 2625 2624)
4(3297 3298 8630 8629)
4(3297 8629 8476 2624)
4(2624 2625 3298 3297)
4(3299 3300 8632 8631)
4(3299 8631 8629 3297)
4(3297 3298 3300 3299)
4(3305 3306 8638 8637)
4(3305 8637 8631 3299)
4(3299 3300 3306 3305)
4(3307 3308 8640 8639)
4(3307 8639 8637 3305)
4(3305 3306 3308 3307)
4(6036 6037 9195 9194)
4(6036 9194 8639 3307)
4(3307 3308 6037 6036)
4(6038 6039 9197 9196)
4(6038 9196 9194 6036)
4(6036 6037 6039 6038)
4(6044 6045 9203 9202)
4(6044 9202 9196 6038)
4(6038 6039 6045 6044)
4(6046 6047 9205 9204)
4(6046 9204 9202 6044)
4(6044 6045 6047 6046)
4(316 317 8083 8082)
4(316 8082 9204 6046)
4(6046 6047 317 316)
4(318 319 8085 8084)
4(318 8084 8082 316)
4(316 317 319 318)
4(324 325 8091 8090)
4(324 8090 8084 318)
4(318 319 325 324)
4(326 327 8093 8092)
4(326 8092 8090 324)
4(324 325 327 326)
4(2718 2719 8507 8506)
4(2718 8506 8092 326)
4(326 327 2719 2718)
4(2720 2721 8509 8508)
4(2720 8508 8506 2718)
4(2718 2719 2721 2720)
4(2726 2727 8515 8514)
4(2726 8514 8508 2720)
4(2720 2721 2727 2726)
4(2728 2729 8517 8516)
4(2728 8516 8514 2726)
4(2726 2727 2729 2728)
4(3417 3418 8670 8669)
4(3417 8669 8516 2728)
4(2728 2729 3418 3417)
4(3419 3420 8672 8671)
4(3419 8671 8669 3417)
4(3417 3418 3420 3419)
4(3425 3426 8678 8677)
4(3425 8677 8671 3419)
4(3419 3420 3426 3425)
4(3427 3428 8680 8679)
4(3427 8679 8677 3425)
4(3425 3426 3428 3427)
4(5719 5720 9106 9105)
4(5719 9105 8679 3427)
4(3427 3428 5720 5719)
4(5721 5722 9108 9107)
4(5721 9107 9105 5719)
4(5719 5720 5722 5721)
4(6154 6155 9249 9248)
4(6154 9248 9107 5721)
4(5721 5722 6155 6154)
4(6156 6157 9251 9250)
4(6156 9250 9248 6154)
4(6154 6155 6157 6156)
4(388 8098 9250 6156)
4(6156 6157 389 388)
4(4572 8913 9250 6156)
4(5206 9026 8913 4572)
4(4572 6156 388 5206)
4(4570 8911 9248 6154)
4(4572 8913 8911 4570)
4(4570 6154 6156 4572)
4(4564 8905 9107 5721)
4(4570 8911 8905 4564)
4(4564 5721 6154 4570)
4(4562 8903 9105 5719)
4(4564 8905 8903 4562)
4(4562 5719 5721 4564)
4(2251 8422 8679 3427)
4(4562 8903 8422 2251)
4(2251 3427 5719 4562)
4(2249 8420 8677 3425)
4(2251 8422 8420 2249)
4(2249 3425 3427 2251)
4(2243 8414 8671 3419)
4(2249 8420 8414 2243)
4(2243 3419 3425 2249)
4(2241 8412 8669 3417)
4(2243 8414 8412 2241)
4(2241 3417 3419 2243)
4(1635 8327 8516 2728)
4(2241 8412 8327 1635)
4(1635 2728 3417 2241)
4(1633 8325 8514 2726)
4(1635 8327 8325 1633)
4(1633 2726 2728 1635)
4(1108 8224 8508 2720)
4(1633 8325 8224 1108)
4(1108 2720 2726 1633)
4(1106 8222 8506 2718)
4(1108 8224 8222 1106)
4(1106 2718 2720 1108)
4(5670 9104 8092 326)
4(1106 8222 9104 5670)
4(5670 326 2718 1106)
4(5668 9102 8090 324)
4(5670 9104 9102 5668)
4(5668 324 326 5670)
4(5662 9096 8084 318)
4(5668 9102 9096 5662)
4(5662 318 324 5668)
4(5660 9094 8082 316)
4(5662 9096 9094 5660)
4(5660 316 318 5662)
4(5092 8996 9204 6046)
4(5660 9094 8996 5092)
4(5092 6046 316 5660)
4(5090 8994 9202 6044)
4(5092 8996 8994 5090)
4(5090 6044 6046 5092)
4(5084 8988 9196 6038)
4(5090 8994 8988 5084)
4(5084 6038 6044 5090)
4(5082 8986 9194 6036)
4(5084 8988 8986 5082)
4(5082 6036 6038 5084)
4(2181 8400 8639 3307)
4(5082 8986 8400 2181)
4(2181 3307 6036 5082)
4(2179 8398 8637 3305)
4(2181 8400 8398 2179)
4(2179 3305 3307 2181)
4(2173 8392 8631 3299)
4(2179 8398 8392 2173)
4(2173 3299 3305 2179)
4(2171 8390 8629 3297)
4(2173 8392 8390 2171)
4(2171 3297 3299 2173)
4(1541 8293 8476 2624)
4(2171 8390 8293 1541)
4(1541 2624 3297 2171)
4(1539 8291 8474 2622)
4(1541 8293 8291 1539)
4(1539 2622 2624 1541)
4(1533 8285 8468 2616)
4(1539 8291 8285 1533)
4(1533 2616 2622 1539)
4(1531 8283 8466 2614)
4(1533 8285 8283 1531)
4(1531 2614 2616 1533)
4(5540 9072 8050 216)
4(1531 8283 9072 5540)
4(5540 216 2614 1531)
4(5538 9070 8048 214)
4(5540 9072 9070 5538)
4(5538 214 216 5540)
4(5532 9064 8042 208)
4(5538 9070 9064 5532)
4(5532 208 214 5538)
4(5530 9062 8040 206)
4(5532 9064 9062 5530)
4(5530 206 208 5532)
4(4974 8945 9168 5954)
4(5530 9062 8945 4974)
4(4974 5954 206 5530)
4(4972 8943 9166 5952)
4(4974 8945 8943 4972)
4(4972 5952 5954 4974)
4(4966 8937 9160 5946)
4(4972 8943 8937 4966)
4(4966 5946 5952 4972)
4(4964 8935 9158 5944)
4(4966 8937 8935 4964)
4(4964 5944 5946 4966)
4(2517 8434 8724 3758)
4(4964 8935 8434 2517)
4(2517 3758 5944 4964)
4(2515 8432 8722 3756)
4(2517 8434 8432 2515)
4(2515 3756 3758 2517)
4(2113 8367 8716 3750)
4(2515 8432 8367 2113)
4(2113 3750 3756 2515)
4(2111 8365 8714 3748)
4(2113 8367 8365 2111)
4(2111 3748 3750 2113)
4(1486 8276 8445 2560)
4(2111 8365 8276 1486)
4(1486 2560 3748 2111)
4(1484 8274 8443 2558)
4(1486 8276 8274 1484)
4(1484 2558 2560 1486)
4(1478 8268 8437 2552)
4(1484 8274 8268 1478)
4(1478 2552 2558 1484)
4(1476 8266 8435 2550)
4(1478 8268 8266 1476)
4(1476 2550 2552 1478)
4(4906 8929 9147 5909)
4(1476 8266 8929 4906)
4(4906 5909 2550 1476)
4(4904 8927 9145 5907)
4(4906 8929 8927 4904)
4(4904 5907 5909 4906)
4(4898 8921 9139 5901)
4(4904 8927 8921 4898)
4(4898 5901 5907 4904)
4(4896 8919 9137 5899)
4(4898 8921 8919 4896)
4(4896 5899 5901 4898)
4(4315 8825 9039 5443)
4(4896 8919 8825 4315)
4(4315 5443 5899 4896)
4(4313 8823 9037 5441)
4(4315 8825 8823 4313)
4(4313 5441 5443 4315)
4(4307 8817 9031 5435)
4(4313 8823 8817 4307)
4(4307 5435 5441 4313)
4(4305 8815 9029 5433)
4(4307 8817 8815 4305)
4(4305 5433 5435 4307)
4(1418 8252 8547 3015)
4(4305 8815 8252 1418)
4(1418 3015 5433 4305)
4(1416 8250 8545 3013)
4(1418 8252 8250 1416)
4(1416 3013 3015 1418)
4(1410 8244 8425 2508)
4(1416 8250 8244 1410)
4(1410 2508 3013 1416)
4(1410 8244 8242 1408)
4(1408 2506 2508 1410)
4(1409 1410 8244 8243)
4(1409 8243 8241 1407)
4(1407 1408 1410 1409)
4(1415 1416 8250 8249)
4(1415 8249 8243 1409)
4(1409 1410 1416 1415)
4(1417 1418 8252 8251)
4(1417 8251 8249 1415)
4(1415 1416 1418 1417)
4(4304 4305 8815 8814)
4(4304 8814 8251 1417)
4(1417 1418 4305 4304)
4(4306 4307 8817 8816)
4(4306 8816 8814 4304)
4(4304 4305 4307 4306)
4(4312 4313 8823 8822)
4(4312 8822 8816 4306)
4(4306 4307 4313 4312)
4(4314 4315 8825 8824)
4(4314 8824 8822 4312)
4(4312 4313 4315 4314)
4(4895 4896 8919 8918)
4(4895 8918 8824 4314)
4(4314 4315 4896 4895)
4(4897 4898 8921 8920)
4(4897 8920 8918 4895)
4(4895 4896 4898 4897)
4(4903 4904 8927 8926)
4(4903 8926 8920 4897)
4(4897 4898 4904 4903)
4(4905 4906 8929 8928)
4(4905 8928 8926 4903)
4(4903 4904 4906 4905)
4(1475 1476 8266 8265)
4(1475 8265 8928 4905)
4(4905 4906 1476 1475)
4(1477 1478 8268 8267)
4(1477 8267 8265 1475)
4(1475 1476 1478 1477)
4(1483 1484 8274 8273)
4(1483 8273 8267 1477)
4(1477 1478 1484 1483)
4(1485 1486 8276 8275)
4(1485 8275 8273 1483)
4(1483 1484 1486 1485)
4(2110 2111 8365 8364)
4(2110 8364 8275 1485)
4(1485 1486 2111 2110)
4(2112 2113 8367 8366)
4(2112 8366 8364 2110)
4(2110 2111 2113 2112)
4(2514 2515 8432 8431)
4(2514 8431 8366 2112)
4(2112 2113 2515 2514)
4(2516 2517 8434 8433)
4(2516 8433 8431 2514)
4(2514 2515 2517 2516)
4(4963 4964 8935 8934)
4(4963 8934 8433 2516)
4(2516 2517 4964 4963)
4(4965 4966 8937 8936)
4(4965 8936 8934 4963)
4(4963 4964 4966 4965)
4(4971 4972 8943 8942)
4(4971 8942 8936 4965)
4(4965 4966 4972 4971)
4(4973 4974 8945 8944)
4(4973 8944 8942 4971)
4(4971 4972 4974 4973)
4(5529 5530 9062 9061)
4(5529 9061 8944 4973)
4(4973 4974 5530 5529)
4(5531 5532 9064 9063)
4(5531 9063 9061 5529)
4(5529 5530 5532 5531)
4(5537 5538 9070 9069)
4(5537 9069 9063 5531)
4(5531 5532 5538 5537)
4(5539 5540 9072 9071)
4(5539 9071 9069 5537)
4(5537 5538 5540 5539)
4(1530 1531 8283 8282)
4(1530 8282 9071 5539)
4(5539 5540 1531 1530)
4(1532 1533 8285 8284)
4(1532 8284 8282 1530)
4(1530 1531 1533 1532)
4(1538 1539 8291 8290)
4(1538 8290 8284 1532)
4(1532 1533 1539 1538)
4(1540 1541 8293 8292)
4(1540 8292 8290 1538)
4(1538 1539 1541 1540)
4(2170 2171 8390 8389)
4(2170 8389 8292 1540)
4(1540 1541 2171 2170)
4(2172 2173 8392 8391)
4(2172 8391 8389 2170)
4(2170 2171 2173 2172)
4(2178 2179 8398 8397)
4(2178 8397 8391 2172)
4(2172 2173 2179 2178)
4(2180 2181 8400 8399)
4(2180 8399 8397 2178)
4(2178 2179 2181 2180)
4(5081 5082 8986 8985)
4(5081 8985 8399 2180)
4(2180 2181 5082 5081)
4(5083 5084 8988 8987)
4(5083 8987 8985 5081)
4(5081 5082 5084 5083)
4(5089 5090 8994 8993)
4(5089 8993 8987 5083)
4(5083 5084 5090 5089)
4(5091 5092 8996 8995)
4(5091 8995 8993 5089)
4(5089 5090 5092 5091)
4(5659 5660 9094 9093)
4(5659 9093 8995 5091)
4(5091 5092 5660 5659)
4(5661 5662 9096 9095)
4(5661 9095 9093 5659)
4(5659 5660 5662 5661)
4(5667 5668 9102 9101)
4(5667 9101 9095 5661)
4(5661 5662 5668 5667)
4(5669 5670 9104 9103)
4(5669 9103 9101 5667)
4(5667 5668 5670 5669)
4(1105 1106 8222 8221)
4(1105 8221 9103 5669)
4(5669 5670 1106 1105)
4(1107 1108 8224 8223)
4(1107 8223 8221 1105)
4(1105 1106 1108 1107)
4(1632 1633 8325 8324)
4(1632 8324 8223 1107)
4(1107 1108 1633 1632)
4(1634 1635 8327 8326)
4(1634 8326 8324 1632)
4(1632 1633 1635 1634)
4(2240 2241 8412 8411)
4(2240 8411 8326 1634)
4(1634 1635 2241 2240)
4(2242 2243 8414 8413)
4(2242 8413 8411 2240)
4(2240 2241 2243 2242)
4(2248 2249 8420 8419)
4(2248 8419 8413 2242)
4(2242 2243 2249 2248)
4(2250 2251 8422 8421)
4(2250 8421 8419 2248)
4(2248 2249 2251 2250)
4(4561 4562 8903 8902)
4(4561 8902 8421 2250)
4(2250 2251 4562 4561)
4(4563 4564 8905 8904)
4(4563 8904 8902 4561)
4(4561 4562 4564 4563)
4(4569 4570 8911 8910)
4(4569 8910 8904 4563)
4(4563 4564 4570 4569)
4(4571 4572 8913 8912)
4(4571 8912 8910 4569)
4(4569 4570 4572 4571)
4(5205 5206 9026 9025)
4(5205 9025 8912 4571)
4(4571 4572 5206 5205)
4(5207 9027 9025 5205)
4(5205 5206 5208 5207)
4(5202 9022 9025 5205)
4(5204 9024 9022 5202)
4(5202 5205 5207 5204)
4(4568 8909 8912 4571)
4(5202 9022 8909 4568)
4(4568 4571 5205 5202)
4(4566 8907 8910 4569)
4(4568 8909 8907 4566)
4(4566 4569 4571 4568)
4(4560 8901 8904 4563)
4(4566 8907 8901 4560)
4(4560 4563 4569 4566)
4(4558 8899 8902 4561)
4(4560 8901 8899 4558)
4(4558 4561 4563 4560)
4(2247 8418 8421 2250)
4(4558 8899 8418 2247)
4(2247 2250 4561 4558)
4(2245 8416 8419 2248)
4(2247 8418 8416 2245)
4(2245 2248 2250 2247)
4(2239 8410 8413 2242)
4(2245 8416 8410 2239)
4(2239 2242 2248 2245)
4(2237 8408 8411 2240)
4(2239 8410 8408 2237)
4(2237 2240 2242 2239)
4(1631 8323 8326 1634)
4(2237 8408 8323 1631)
4(1631 1634 2240 2237)
4(1629 8321 8324 1632)
4(1631 8323 8321 1629)
4(1629 1632 1634 1631)
4(1104 8220 8223 1107)
4(1629 8321 8220 1104)
4(1104 1107 1632 1629)
4(1102 8218 8221 1105)
4(1104 8220 8218 1102)
4(1102 1105 1107 1104)
4(5666 9100 9103 5669)
4(1102 8218 9100 5666)
4(5666 5669 1105 1102)
4(5664 9098 9101 5667)
4(5666 9100 9098 5664)
4(5664 5667 5669 5666)
4(5658 9092 9095 5661)
4(5664 9098 9092 5658)
4(5658 5661 5667 5664)
4(5656 9090 9093 5659)
4(5658 9092 9090 5656)
4(5656 5659 5661 5658)
4(5088 8992 8995 5091)
4(5656 9090 8992 5088)
4(5088 5091 5659 5656)
4(5086 8990 8993 5089)
4(5088 8992 8990 5086)
4(5086 5089 5091 5088)
4(4512 8885 8987 5083)
4(5086 8990 8885 4512)
4(4512 5083 5089 5086)
4(4510 8883 8985 5081)
4(4512 8885 8883 4510)
4(4510 5081 5083 4512)
4(2177 8396 8399 2180)
4(4510 8883 8396 2177)
4(2177 2180 5081 4510)
4(2175 8394 8397 2178)
4(2177 8396 8394 2175)
4(2175 2178 2180 2177)
4(2169 8388 8391 2172)
4(2175 8394 8388 2169)
4(2169 2172 2178 2175)
4(2167 8386 8389 2170)
4(2169 8388 8386 2167)
4(2167 2170 2172 2169)
4(1537 8289 8292 1540)
4(2167 8386 8289 1537)
4(1537 1540 2170 2167)
4(1535 8287 8290 1538)
4(1537 8289 8287 1535)
4(1535 1538 1540 1537)
4(1529 8281 8284 1532)
4(1535 8287 8281 1529)
4(1529 1532 1538 1535)
4(1527 8279 8282 1530)
4(1529 8281 8279 1527)
4(1527 1530 1532 1529)
4(5536 9068 9071 5539)
4(1527 8279 9068 5536)
4(5536 5539 1530 1527)
4(5534 9066 9069 5537)
4(5536 9068 9066 5534)
4(5534 5537 5539 5536)
4(5528 9060 9063 5531)
4(5534 9066 9060 5528)
4(5528 5531 5537 5534)
4(5526 9058 9061 5529)
4(5528 9060 9058 5526)
4(5526 5529 5531 5528)
4(4970 8941 8944 4973)
4(5526 9058 8941 4970)
4(4970 4973 5529 5526)
4(4968 8939 8942 4971)
4(4970 8941 8939 4968)
4(4968 4971 4973 4970)
4(4962 8933 8936 4965)
4(4968 8939 8933 4962)
4(4962 4965 4971 4968)
4(4960 8931 8934 4963)
4(4962 8933 8931 4960)
4(4960 4963 4965 4962)
4(2117 8371 8433 2516)
4(4960 8931 8371 2117)
4(2117 2516 4963 4960)
4(2115 8369 8431 2514)
4(2117 8371 8369 2115)
4(2115 2514 2516 2117)
4(2109 8363 8366 2112)
4(2115 8369 8363 2109)
4(2109 2112 2514 2115)
4(2107 8361 8364 2110)
4(2109 8363 8361 2107)
4(2107 2110 2112 2109)
4(1482 8272 8275 1485)
4(2107 8361 8272 1482)
4(1482 1485 2110 2107)
4(1480 8270 8273 1483)
4(1482 8272 8270 1480)
4(1480 1483 1485 1482)
4(1474 8264 8267 1477)
4(1480 8270 8264 1474)
4(1474 1477 1483 1480)
4(1472 8262 8265 1475)
4(1474 8264 8262 1472)
4(1472 1475 1477 1474)
4(4902 8925 8928 4905)
4(1472 8262 8925 4902)
4(4902 4905 1475 1472)
4(4900 8923 8926 4903)
4(4902 8925 8923 4900)
4(4900 4903 4905 4902)
4(4894 8917 8920 4897)
4(4900 8923 8917 4894)
4(4894 4897 4903 4900)
4(4892 8915 8918 4895)
4(4894 8917 8915 4892)
4(4892 4895 4897 4894)
4(4311 8821 8824 4314)
4(4892 8915 8821 4311)
4(4311 4314 4895 4892)
4(4309 8819 8822 4312)
4(4311 8821 8819 4309)
4(4309 4312 4314 4311)
4(4303 8813 8816 4306)
4(4309 8819 8813 4303)
4(4303 4306 4312 4309)
4(4301 8811 8814 4304)
4(4303 8813 8811 4301)
4(4301 4304 4306 4303)
4(1414 8248 8251 1417)
4(4301 8811 8248 1414)
4(1414 1417 4304 4301)
4(1412 8246 8249 1415)
4(1414 8248 8246 1412)
4(1412 1415 1417 1414)
4(1406 8240 8243 1409)
4(1412 8246 8240 1406)
4(1406 1409 1415 1412)
4(1406 8240 8238 1404)
4(1404 1407 1409 1406)
4(1405 1406 8240 8239)
4(1405 8239 8237 1403)
4(1403 1404 1406 1405)
4(1411 1412 8246 8245)
4(1411 8245 8239 1405)
4(1405 1406 1412 1411)
4(1413 1414 8248 8247)
4(1413 8247 8245 1411)
4(1411 1412 1414 1413)
4(4300 4301 8811 8810)
4(4300 8810 8247 1413)
4(1413 1414 4301 4300)
4(4302 4303 8813 8812)
4(4302 8812 8810 4300)
4(4300 4301 4303 4302)
4(4308 4309 8819 8818)
4(4308 8818 8812 4302)
4(4302 4303 4309 4308)
4(4310 4311 8821 8820)
4(4310 8820 8818 4308)
4(4308 4309 4311 4310)
4(4891 4892 8915 8914)
4(4891 8914 8820 4310)
4(4310 4311 4892 4891)
4(4893 4894 8917 8916)
4(4893 8916 8914 4891)
4(4891 4892 4894 4893)
4(4899 4900 8923 8922)
4(4899 8922 8916 4893)
4(4893 4894 4900 4899)
4(4901 4902 8925 8924)
4(4901 8924 8922 4899)
4(4899 4900 4902 4901)
4(1471 1472 8262 8261)
4(1471 8261 8924 4901)
4(4901 4902 1472 1471)
4(1473 1474 8264 8263)
4(1473 8263 8261 1471)
4(1471 1472 1474 1473)
4(1479 1480 8270 8269)
4(1479 8269 8263 1473)
4(1473 1474 1480 1479)
4(1481 1482 8272 8271)
4(1481 8271 8269 1479)
4(1479 1480 1482 1481)
4(2106 2107 8361 8360)
4(2106 8360 8271 1481)
4(1481 1482 2107 2106)
4(2108 2109 8363 8362)
4(2108 8362 8360 2106)
4(2106 2107 2109 2108)
4(2114 2115 8369 8368)
4(2114 8368 8362 2108)
4(2108 2109 2115 2114)
4(2116 2117 8371 8370)
4(2116 8370 8368 2114)
4(2114 2115 2117 2116)
4(4959 4960 8931 8930)
4(4959 8930 8370 2116)
4(2116 2117 4960 4959)
4(4961 4962 8933 8932)
4(4961 8932 8930 4959)
4(4959 4960 4962 4961)
4(4967 4968 8939 8938)
4(4967 8938 8932 4961)
4(4961 4962 4968 4967)
4(4969 4970 8941 8940)
4(4969 8940 8938 4967)
4(4967 4968 4970 4969)
4(5525 5526 9058 9057)
4(5525 9057 8940 4969)
4(4969 4970 5526 5525)
4(5527 5528 9060 9059)
4(5527 9059 9057 5525)
4(5525 5526 5528 5527)
4(5533 5534 9066 9065)
4(5533 9065 9059 5527)
4(5527 5528 5534 5533)
4(5535 5536 9068 9067)
4(5535 9067 9065 5533)
4(5533 5534 5536 5535)
4(1526 1527 8279 8278)
4(1526 8278 9067 5535)
4(5535 5536 1527 1526)
4(1528 1529 8281 8280)
4(1528 8280 8278 1526)
4(1526 1527 1529 1528)
4(1534 1535 8287 8286)
4(1534 8286 8280 1528)
4(1528 1529 1535 1534)
4(1536 1537 8289 8288)
4(1536 8288 8286 1534)
4(1534 1535 1537 1536)
4(2166 2167 8386 8385)
4(2166 8385 8288 1536)
4(1536 1537 2167 2166)
4(2168 2169 8388 8387)
4(2168 8387 8385 2166)
4(2166 2167 2169 2168)
4(2174 2175 8394 8393)
4(2174 8393 8387 2168)
4(2168 2169 2175 2174)
4(2176 2177 8396 8395)
4(2176 8395 8393 2174)
4(2174 2175 2177 2176)
4(4509 4510 8883 8882)
4(4509 8882 8395 2176)
4(2176 2177 4510 4509)
4(4511 4512 8885 8884)
4(4511 8884 8882 4509)
4(4509 4510 4512 4511)
4(5085 5086 8990 8989)
4(5085 8989 8884 4511)
4(4511 4512 5086 5085)
4(5087 5088 8992 8991)
4(5087 8991 8989 5085)
4(5085 5086 5088 5087)
4(5655 5656 9090 9089)
4(5655 9089 8991 5087)
4(5087 5088 5656 5655)
4(5657 5658 9092 9091)
4(5657 9091 9089 5655)
4(5655 5656 5658 5657)
4(5663 5664 9098 9097)
4(5663 9097 9091 5657)
4(5657 5658 5664 5663)
4(5665 5666 9100 9099)
4(5665 9099 9097 5663)
4(5663 5664 5666 5665)
4(1101 1102 8218 8217)
4(1101 8217 9099 5665)
4(5665 5666 1102 1101)
4(1103 1104 8220 8219)
4(1103 8219 8217 1101)
4(1101 1102 1104 1103)
4(1628 1629 8321 8320)
4(1628 8320 8219 1103)
4(1103 1104 1629 1628)
4(1630 1631 8323 8322)
4(1630 8322 8320 1628)
4(1628 1629 1631 1630)
4(2236 2237 8408 8407)
4(2236 8407 8322 1630)
4(1630 1631 2237 2236)
4(2238 2239 8410 8409)
4(2238 8409 8407 2236)
4(2236 2237 2239 2238)
4(2244 2245 8416 8415)
4(2244 8415 8409 2238)
4(2238 2239 2245 2244)
4(2246 2247 8418 8417)
4(2246 8417 8415 2244)
4(2244 2245 2247 2246)
4(4557 4558 8899 8898)
4(4557 8898 8417 2246)
4(2246 2247 4558 4557)
4(4559 4560 8901 8900)
4(4559 8900 8898 4557)
4(4557 4558 4560 4559)
4(4565 4566 8907 8906)
4(4565 8906 8900 4559)
4(4559 4560 4566 4565)
4(4567 4568 8909 8908)
4(4567 8908 8906 4565)
4(4565 4566 4568 4567)
4(5201 5202 9022 9021)
4(5201 9021 8908 4567)
4(4567 4568 5202 5201)
4(5203 9023 9021 5201)
4(5201 5202 5204 5203)
4(5182 9018 9021 5201)
4(5184 9020 9018 5182)
4(5182 5201 5203 5184)
4(4524 8897 8908 4567)
4(5182 9018 8897 4524)
4(4524 4567 5201 5182)
4(4522 8895 8906 4565)
4(4524 8897 8895 4522)
4(4522 4565 4567 4524)
4(4516 8889 8900 4559)
4(4522 8895 8889 4516)
4(4516 4559 4565 4522)
4(4514 8887 8898 4557)
4(4516 8889 8887 4514)
4(4514 4557 4559 4516)
4(1683 8343 8417 2246)
4(4514 8887 8343 1683)
4(1683 2246 4557 4514)
4(1681 8341 8415 2244)
4(1683 8343 8341 1681)
4(1681 2244 2246 1683)
4(1675 8335 8409 2238)
4(1681 8341 8335 1675)
4(1675 2238 2244 1681)
4(1673 8333 8407 2236)
4(1675 8335 8333 1673)
4(1673 2236 2238 1675)
4(1068 8216 8322 1630)
4(1673 8333 8216 1068)
4(1068 1630 2236 1673)
4(1066 8214 8320 1628)
4(1068 8216 8214 1066)
4(1066 1628 1630 1068)
4(1060 8208 8219 1103)
4(1066 8214 8208 1060)
4(1060 1103 1628 1066)
4(1058 8206 8217 1101)
4(1060 8208 8206 1058)
4(1058 1101 1103 1060)
4(5140 9012 9099 5665)
4(1058 8206 9012 5140)
4(5140 5665 1101 1058)
4(5138 9010 9097 5663)
4(5140 9012 9010 5138)
4(5138 5663 5665 5140)
4(5132 9004 9091 5657)
4(5138 9010 9004 5132)
4(5132 5657 5663 5138)
4(5130 9002 9089 5655)
4(5132 9004 9002 5130)
4(5130 5655 5657 5132)
4(4476 8881 8991 5087)
4(5130 9002 8881 4476)
4(4476 5087 5655 5130)
4(4474 8879 8989 5085)
4(4476 8881 8879 4474)
4(4474 5085 5087 4476)
4(4468 8873 8884 4511)
4(4474 8879 8873 4468)
4(4468 4511 5085 4474)
4(4466 8871 8882 4509)
4(4468 8873 8871 4466)
4(4466 4509 4511 4468)
4(2133 8384 8395 2176)
4(4466 8871 8384 2133)
4(2133 2176 4509 4466)
4(2131 8382 8393 2174)
4(2133 8384 8382 2131)
4(2131 2174 2176 2133)
4(1581 8301 8387 2168)
4(2131 8382 8301 1581)
4(1581 2168 2174 2131)
4(1579 8299 8385 2166)
4(1581 8301 8299 1579)
4(1579 2166 2168 1581)
4(1029 8199 8288 1536)
4(1579 8299 8199 1029)
4(1029 1536 2166 1579)
4(1027 8197 8286 1534)
4(1029 8199 8197 1027)
4(1027 1534 1536 1029)
4(1021 8191 8280 1528)
4(1027 8197 8191 1021)
4(1021 1528 1534 1027)
4(1019 8189 8278 1526)
4(1021 8191 8189 1019)
4(1019 1526 1528 1021)
4(5492 9056 9067 5535)
4(1019 8189 9056 5492)
4(5492 5535 1526 1019)
4(5490 9054 9065 5533)
4(5492 9056 9054 5490)
4(5490 5533 5535 5492)
4(5014 8953 9059 5527)
4(5490 9054 8953 5014)
4(5014 5527 5533 5490)
4(5012 8951 9057 5525)
4(5014 8953 8951 5012)
4(5012 5525 5527 5014)
4(4431 8861 8940 4969)
4(5012 8951 8861 4431)
4(4431 4969 5525 5012)
4(4429 8859 8938 4967)
4(4431 8861 8859 4429)
4(4429 4967 4969 4431)
4(4423 8853 8932 4961)
4(4429 8859 8853 4423)
4(4423 4961 4967 4429)
4(4421 8851 8930 4959)
4(4423 8853 8851 4421)
4(4421 4959 4961 4423)
4(2073 8359 8370 2116)
4(4421 8851 8359 2073)
4(2073 2116 4959 4421)
4(2071 8357 8368 2114)
4(2073 8359 8357 2071)
4(2071 2114 2116 2073)
4(2065 8351 8362 2108)
4(2071 8357 8351 2065)
4(2065 2108 2114 2071)
4(2063 8349 8360 2106)
4(2065 8351 8349 2063)
4(2063 2106 2108 2065)
4(1438 8260 8271 1481)
4(2063 8349 8260 1438)
4(1438 1481 2106 2063)
4(1436 8258 8269 1479)
4(1438 8260 8258 1436)
4(1436 1479 1481 1438)
4(1013 8183 8263 1473)
4(1436 8258 8183 1013)
4(1013 1473 1479 1436)
4(1011 8181 8261 1471)
4(1013 8183 8181 1011)
4(1011 1471 1473 1013)
4(4363 8841 8924 4901)
4(1011 8181 8841 4363)
4(4363 4901 1471 1011)
4(4361 8839 8922 4899)
4(4363 8841 8839 4361)
4(4361 4899 4901 4363)
4(4355 8833 8916 4893)
4(4361 8839 8833 4355)
4(4355 4893 4899 4361)
4(4353 8831 8914 4891)
4(4355 8833 8831 4353)
4(4353 4891 4893 4355)
4(3692 8700 8820 4310)
4(4353 8831 8700 3692)
4(3692 4310 4891 4353)
4(3690 8698 8818 4308)
4(3692 8700 8698 3690)
4(3690 4308 4310 3692)
4(3684 8692 8812 4302)
4(3690 8698 8692 3684)
4(3684 4302 4308 3690)
4(3682 8690 8810 4300)
4(3684 8692 8690 3682)
4(3682 4300 4302 3684)
4(1370 8236 8247 1413)
4(3682 8690 8236 1370)
4(1370 1413 4300 3682)
4(1368 8234 8245 1411)
4(1370 8236 8234 1368)
4(1368 1411 1413 1370)
4(1362 8228 8239 1405)
4(1368 8234 8228 1362)
4(1362 1405 1411 1368)
4(1362 8228 8226 1360)
4(1360 1403 1405 1362)
4(1361 1362 8228 8227)
4(1361 8227 8225 1359)
4(1359 1360 1362 1361)
4(1367 1368 8234 8233)
4(1367 8233 8227 1361)
4(1361 1362 1368 1367)
4(1369 1370 8236 8235)
4(1369 8235 8233 1367)
4(1367 1368 1370 1369)
4(3681 3682 8690 8689)
4(3681 8689 8235 1369)
4(1369 1370 3682 3681)
4(3683 3684 8692 8691)
4(3683 8691 8689 3681)
4(3681 3682 3684 3683)
4(3689 3690 8698 8697)
4(3689 8697 8691 3683)
4(3683 3684 3690 3689)
4(3691 3692 8700 8699)
4(3691 8699 8697 3689)
4(3689 3690 3692 3691)
4(4352 4353 8831 8830)
4(4352 8830 8699 3691)
4(3691 3692 4353 4352)
4(4354 4355 8833 8832)
4(4354 8832 8830 4352)
4(4352 4353 4355 4354)
4(4360 4361 8839 8838)
4(4360 8838 8832 4354)
4(4354 4355 4361 4360)
4(4362 4363 8841 8840)
4(4362 8840 8838 4360)
4(4360 4361 4363 4362)
4(1010 1011 8181 8180)
4(1010 8180 8840 4362)
4(4362 4363 1011 1010)
4(1012 1013 8183 8182)
4(1012 8182 8180 1010)
4(1010 1011 1013 1012)
4(1435 1436 8258 8257)
4(1435 8257 8182 1012)
4(1012 1013 1436 1435)
4(1437 1438 8260 8259)
4(1437 8259 8257 1435)
4(1435 1436 1438 1437)
4(2062 2063 8349 8348)
4(2062 8348 8259 1437)
4(1437 1438 2063 2062)
4(2064 2065 8351 8350)
4(2064 8350 8348 2062)
4(2062 2063 2065 2064)
4(2070 2071 8357 8356)
4(2070 8356 8350 2064)
4(2064 2065 2071 2070)
4(2072 2073 8359 8358)
4(2072 8358 8356 2070)
4(2070 2071 2073 2072)
4(4420 4421 8851 8850)
4(4420 8850 8358 2072)
4(2072 2073 4421 4420)
4(4422 4423 8853 8852)
4(4422 8852 8850 4420)
4(4420 4421 4423 4422)
4(4428 4429 8859 8858)
4(4428 8858 8852 4422)
4(4422 4423 4429 4428)
4(4430 4431 8861 8860)
4(4430 8860 8858 4428)
4(4428 4429 4431 4430)
4(5011 5012 8951 8950)
4(5011 8950 8860 4430)
4(4430 4431 5012 5011)
4(5013 5014 8953 8952)
4(5013 8952 8950 5011)
4(5011 5012 5014 5013)
4(5489 5490 9054 9053)
4(5489 9053 8952 5013)
4(5013 5014 5490 5489)
4(5491 5492 9056 9055)
4(5491 9055 9053 5489)
4(5489 5490 5492 5491)
4(1018 1019 8189 8188)
4(1018 8188 9055 5491)
4(5491 5492 1019 1018)
4(1020 1021 8191 8190)
4(1020 8190 8188 1018)
4(1018 1019 1021 1020)
4(1026 1027 8197 8196)
4(1026 8196 8190 1020)
4(1020 1021 1027 1026)
4(1028 1029 8199 8198)
4(1028 8198 8196 1026)
4(1026 1027 1029 1028)
4(1578 1579 8299 8298)
4(1578 8298 8198 1028)
4(1028 1029 1579 1578)
4(1580 1581 8301 8300)
4(1580 8300 8298 1578)
4(1578 1579 1581 1580)
4(2130 2131 8382 8381)
4(2130 8381 8300 1580)
4(1580 1581 2131 2130)
4(2132 2133 8384 8383)
4(2132 8383 8381 2130)
4(2130 2131 2133 2132)
4(4465 4466 8871 8870)
4(4465 8870 8383 2132)
4(2132 2133 4466 4465)
4(4467 4468 8873 8872)
4(4467 8872 8870 4465)
4(4465 4466 4468 4467)
4(4473 4474 8879 8878)
4(4473 8878 8872 4467)
4(4467 4468 4474 4473)
4(4475 4476 8881 8880)
4(4475 8880 8878 4473)
4(4473 4474 4476 4475)
4(5129 5130 9002 9001)
4(5129 9001 8880 4475)
4(4475 4476 5130 5129)
4(5131 5132 9004 9003)
4(5131 9003 9001 5129)
4(5129 5130 5132 5131)
4(5137 5138 9010 9009)
4(5137 9009 9003 5131)
4(5131 5132 5138 5137)
4(5139 5140 9012 9011)
4(5139 9011 9009 5137)
4(5137 5138 5140 5139)
4(1057 1058 8206 8205)
4(1057 8205 9011 5139)
4(5139 5140 1058 1057)
4(1059 1060 8208 8207)
4(1059 8207 8205 1057)
4(1057 1058 1060 1059)
4(1065 1066 8214 8213)
4(1065 8213 8207 1059)
4(1059 1060 1066 1065)
4(1067 1068 8216 8215)
4(1067 8215 8213 1065)
4(1065 1066 1068 1067)
4(1672 1673 8333 8332)
4(1672 8332 8215 1067)
4(1067 1068 1673 1672)
4(1674 1675 8335 8334)
4(1674 8334 8332 1672)
4(1672 1673 1675 1674)
4(1680 1681 8341 8340)
4(1680 8340 8334 1674)
4(1674 1675 1681 1680)
4(1682 1683 8343 8342)
4(1682 8342 8340 1680)
4(1680 1681 1683 1682)
4(4513 4514 8887 8886)
4(4513 8886 8342 1682)
4(1682 1683 4514 4513)
4(4515 4516 8889 8888)
4(4515 8888 8886 4513)
4(4513 4514 4516 4515)
4(4521 4522 8895 8894)
4(4521 8894 8888 4515)
4(4515 4516 4522 4521)
4(4523 4524 8897 8896)
4(4523 8896 8894 4521)
4(4521 4522 4524 4523)
4(5181 5182 9018 9017)
4(5181 9017 8896 4523)
4(4523 4524 5182 5181)
4(5183 9019 9017 5181)
4(5181 5182 5184 5183)
4(5178 9014 9017 5181)
4(5180 9016 9014 5178)
4(5178 5181 5183 5180)
4(4520 8893 8896 4523)
4(5178 9014 8893 4520)
4(4520 4523 5181 5178)
4(4518 8891 8894 4521)
4(4520 8893 8891 4518)
4(4518 4521 4523 4520)
4(4059 8809 8888 4515)
4(4518 8891 8809 4059)
4(4059 4515 4521 4518)
4(4057 8807 8886 4513)
4(4059 8809 8807 4057)
4(4057 4513 4515 4059)
4(1679 8339 8342 1682)
4(4057 8807 8339 1679)
4(1679 1682 4513 4057)
4(1677 8337 8340 1680)
4(1679 8339 8337 1677)
4(1677 1680 1682 1679)
4(1671 8331 8334 1674)
4(1677 8337 8331 1671)
4(1671 1674 1680 1677)
4(1669 8329 8332 1672)
4(1671 8331 8329 1669)
4(1669 1672 1674 1671)
4(1064 8212 8215 1067)
4(1669 8329 8212 1064)
4(1064 1067 1672 1669)
4(1062 8210 8213 1065)
4(1064 8212 8210 1062)
4(1062 1065 1067 1064)
4(1056 8204 8207 1059)
4(1062 8210 8204 1056)
4(1056 1059 1065 1062)
4(1054 8202 8205 1057)
4(1056 8204 8202 1054)
4(1054 1057 1059 1056)
4(5136 9008 9011 5139)
4(1054 8202 9008 5136)
4(5136 5139 1057 1054)
4(5134 9006 9009 5137)
4(5136 9008 9006 5134)
4(5134 5137 5139 5136)
4(5128 9000 9003 5131)
4(5134 9006 9000 5128)
4(5128 5131 5137 5134)
4(5126 8998 9001 5129)
4(5128 9000 8998 5126)
4(5126 5129 5131 5128)
4(4472 8877 8880 4475)
4(5126 8998 8877 4472)
4(4472 4475 5129 5126)
4(4470 8875 8878 4473)
4(4472 8877 8875 4470)
4(4470 4473 4475 4472)
4(4464 8869 8872 4467)
4(4470 8875 8869 4464)
4(4464 4467 4473 4470)
4(4462 8867 8870 4465)
4(4464 8869 8867 4462)
4(4462 4465 4467 4464)
4(1585 8305 8383 2132)
4(4462 8867 8305 1585)
4(1585 2132 4465 4462)
4(1583 8303 8381 2130)
4(1585 8305 8303 1583)
4(1583 2130 2132 1585)
4(1577 8297 8300 1580)
4(1583 8303 8297 1577)
4(1577 1580 2130 1583)
4(1575 8295 8298 1578)
4(1577 8297 8295 1575)
4(1575 1578 1580 1577)
4(1025 8195 8198 1028)
4(1575 8295 8195 1025)
4(1025 1028 1578 1575)
4(1023 8193 8196 1026)
4(1025 8195 8193 1023)
4(1023 1026 1028 1025)
4(1017 8187 8190 1020)
4(1023 8193 8187 1017)
4(1017 1020 1026 1023)
4(1015 8185 8188 1018)
4(1017 8187 8185 1015)
4(1015 1018 1020 1017)
4(5488 9052 9055 5491)
4(1015 8185 9052 5488)
4(5488 5491 1018 1015)
4(5486 9050 9053 5489)
4(5488 9052 9050 5486)
4(5486 5489 5491 5488)
4(5010 8949 8952 5013)
4(5486 9050 8949 5010)
4(5010 5013 5489 5486)
4(5008 8947 8950 5011)
4(5010 8949 8947 5008)
4(5008 5011 5013 5010)
4(4427 8857 8860 4430)
4(5008 8947 8857 4427)
4(4427 4430 5011 5008)
4(4425 8855 8858 4428)
4(4427 8857 8855 4425)
4(4425 4428 4430 4427)
4(4419 8849 8852 4422)
4(4425 8855 8849 4419)
4(4419 4422 4428 4425)
4(4417 8847 8850 4420)
4(4419 8849 8847 4417)
4(4417 4420 4422 4419)
4(2069 8355 8358 2072)
4(4417 8847 8355 2069)
4(2069 2072 4420 4417)
4(2067 8353 8356 2070)
4(2069 8355 8353 2067)
4(2067 2070 2072 2069)
4(2061 8347 8350 2064)
4(2067 8353 8347 2061)
4(2061 2064 2070 2067)
4(2059 8345 8348 2062)
4(2061 8347 8345 2059)
4(2059 2062 2064 2061)
4(1434 8256 8259 1437)
4(2059 8345 8256 1434)
4(1434 1437 2062 2059)
4(1432 8254 8257 1435)
4(1434 8256 8254 1432)
4(1432 1435 1437 1434)
4(1009 8179 8182 1012)
4(1432 8254 8179 1009)
4(1009 1012 1435 1432)
4(1007 8177 8180 1010)
4(1009 8179 8177 1007)
4(1007 1010 1012 1009)
4(4359 8837 8840 4362)
4(1007 8177 8837 4359)
4(4359 4362 1010 1007)
4(4357 8835 8838 4360)
4(4359 8837 8835 4357)
4(4357 4360 4362 4359)
4(4351 8829 8832 4354)
4(4357 8835 8829 4351)
4(4351 4354 4360 4357)
4(4349 8827 8830 4352)
4(4351 8829 8827 4349)
4(4349 4352 4354 4351)
4(3688 8696 8699 3691)
4(4349 8827 8696 3688)
4(3688 3691 4352 4349)
4(3686 8694 8697 3689)
4(3688 8696 8694 3686)
4(3686 3689 3691 3688)
4(3680 8688 8691 3683)
4(3686 8694 8688 3680)
4(3680 3683 3689 3686)
4(3678 8686 8689 3681)
4(3680 8688 8686 3678)
4(3678 3681 3683 3680)
4(1366 8232 8235 1369)
4(3678 8686 8232 1366)
4(1366 1369 3681 3678)
4(1364 8230 8233 1367)
4(1366 8232 8230 1364)
4(1364 1367 1369 1366)
4(989 8175 8227 1361)
4(1364 8230 8175 989)
4(989 1361 1367 1364)
4(989 8175 8173 987)
4(987 1359 1361 989)
4(988 989 8175 8174)
4(988 8174 8172 986)
4(986 987 989 988)
4(1363 1364 8230 8229)
4(1363 8229 8174 988)
4(988 989 1364 1363)
4(1365 1366 8232 8231)
4(1365 8231 8229 1363)
4(1363 1364 1366 1365)
4(3677 3678 8686 8685)
4(3677 8685 8231 1365)
4(1365 1366 3678 3677)
4(3679 3680 8688 8687)
4(3679 8687 8685 3677)
4(3677 3678 3680 3679)
4(3685 3686 8694 8693)
4(3685 8693 8687 3679)
4(3679 3680 3686 3685)
4(3687 3688 8696 8695)
4(3687 8695 8693 3685)
4(3685 3686 3688 3687)
4(4348 4349 8827 8826)
4(4348 8826 8695 3687)
4(3687 3688 4349 4348)
4(4350 4351 8829 8828)
4(4350 8828 8826 4348)
4(4348 4349 4351 4350)
4(4356 4357 8835 8834)
4(4356 8834 8828 4350)
4(4350 4351 4357 4356)
4(4358 4359 8837 8836)
4(4358 8836 8834 4356)
4(4356 4357 4359 4358)
4(1006 1007 8177 8176)
4(1006 8176 8836 4358)
4(4358 4359 1007 1006)
4(1008 1009 8179 8178)
4(1008 8178 8176 1006)
4(1006 1007 1009 1008)
4(1431 1432 8254 8253)
4(1431 8253 8178 1008)
4(1008 1009 1432 1431)
4(1433 1434 8256 8255)
4(1433 8255 8253 1431)
4(1431 1432 1434 1433)
4(2058 2059 8345 8344)
4(2058 8344 8255 1433)
4(1433 1434 2059 2058)
4(2060 2061 8347 8346)
4(2060 8346 8344 2058)
4(2058 2059 2061 2060)
4(2066 2067 8353 8352)
4(2066 8352 8346 2060)
4(2060 2061 2067 2066)
4(2068 2069 8355 8354)
4(2068 8354 8352 2066)
4(2066 2067 2069 2068)
4(4416 4417 8847 8846)
4(4416 8846 8354 2068)
4(2068 2069 4417 4416)
4(4418 4419 8849 8848)
4(4418 8848 8846 4416)
4(4416 4417 4419 4418)
4(4424 4425 8855 8854)
4(4424 8854 8848 4418)
4(4418 4419 4425 4424)
4(4426 4427 8857 8856)
4(4426 8856 8854 4424)
4(4424 4425 4427 4426)
4(5007 5008 8947 8946)
4(5007 8946 8856 4426)
4(4426 4427 5008 5007)
4(5009 5010 8949 8948)
4(5009 8948 8946 5007)
4(5007 5008 5010 5009)
4(5485 5486 9050 9049)
4(5485 9049 8948 5009)
4(5009 5010 5486 5485)
4(5487 5488 9052 9051)
4(5487 9051 9049 5485)
4(5485 5486 5488 5487)
4(1014 1015 8185 8184)
4(1014 8184 9051 5487)
4(5487 5488 1015 1014)
4(1016 1017 8187 8186)
4(1016 8186 8184 1014)
4(1014 1015 1017 1016)
4(1022 1023 8193 8192)
4(1022 8192 8186 1016)
4(1016 1017 1023 1022)
4(1024 1025 8195 8194)
4(1024 8194 8192 1022)
4(1022 1023 1025 1024)
4(1574 1575 8295 8294)
4(1574 8294 8194 1024)
4(1024 1025 1575 1574)
4(1576 1577 8297 8296)
4(1576 8296 8294 1574)
4(1574 1575 1577 1576)
4(1582 1583 8303 8302)
4(1582 8302 8296 1576)
4(1576 1577 1583 1582)
4(1584 1585 8305 8304)
4(1584 8304 8302 1582)
4(1582 1583 1585 1584)
4(4461 4462 8867 8866)
4(4461 8866 8304 1584)
4(1584 1585 4462 4461)
4(4463 4464 8869 8868)
4(4463 8868 8866 4461)
4(4461 4462 4464 4463)
4(4469 4470 8875 8874)
4(4469 8874 8868 4463)
4(4463 4464 4470 4469)
4(4471 4472 8877 8876)
4(4471 8876 8874 4469)
4(4469 4470 4472 4471)
4(5125 5126 8998 8997)
4(5125 8997 8876 4471)
4(4471 4472 5126 5125)
4(5127 5128 9000 8999)
4(5127 8999 8997 5125)
4(5125 5126 5128 5127)
4(5133 5134 9006 9005)
4(5133 9005 8999 5127)
4(5127 5128 5134 5133)
4(5135 5136 9008 9007)
4(5135 9007 9005 5133)
4(5133 5134 5136 5135)
4(1053 1054 8202 8201)
4(1053 8201 9007 5135)
4(5135 5136 1054 1053)
4(1055 1056 8204 8203)
4(1055 8203 8201 1053)
4(1053 1054 1056 1055)
4(1061 1062 8210 8209)
4(1061 8209 8203 1055)
4(1055 1056 1062 1061)
4(1063 1064 8212 8211)
4(1063 8211 8209 1061)
4(1061 1062 1064 1063)
4(1668 1669 8329 8328)
4(1668 8328 8211 1063)
4(1063 1064 1669 1668)
4(1670 1671 8331 8330)
4(1670 8330 8328 1668)
4(1668 1669 1671 1670)
4(1676 1677 8337 8336)
4(1676 8336 8330 1670)
4(1670 1671 1677 1676)
4(1678 1679 8339 8338)
4(1678 8338 8336 1676)
4(1676 1677 1679 1678)
4(4056 4057 8807 8806)
4(4056 8806 8338 1678)
4(1678 1679 4057 4056)
4(4058 4059 8809 8808)
4(4058 8808 8806 4056)
4(4056 4057 4059 4058)
4(4517 4518 8891 8890)
4(4517 8890 8808 4058)
4(4058 4059 4518 4517)
4(4519 4520 8893 8892)
4(4519 8892 8890 4517)
4(4517 4518 4520 4519)
4(5177 5178 9014 9013)
4(5177 9013 8892 4519)
4(4519 4520 5178 5177)
4(5177 5178 5180 5179)
4(6145 9247 8892 4519)
4(6145 4519 5177 837)
4(6143 9245 8890 4517)
4(6145 9247 9245 6143)
4(6143 4517 4519 6145)
4(6137 9239 8808 4058)
4(6143 9245 9239 6137)
4(6137 4058 4517 6143)
4(6135 9237 8806 4056)
4(6137 9239 9237 6135)
4(6135 4056 4058 6137)
4(3987 8793 8338 1678)
4(6135 9237 8793 3987)
4(3987 1678 4056 6135)
4(3985 8791 8336 1676)
4(3987 8793 8791 3985)
4(3985 1676 1678 3987)
4(3979 8785 8330 1670)
4(3985 8791 8785 3979)
4(3979 1670 1676 3985)
4(3977 8783 8328 1668)
4(3979 8785 8783 3977)
4(3977 1668 1670 3979)
4(3324 8652 8211 1063)
4(3977 8783 8652 3324)
4(3324 1063 1668 3977)
4(3322 8650 8209 1061)
4(3324 8652 8650 3322)
4(3322 1061 1063 3324)
4(2717 8505 8203 1055)
4(3322 8650 8505 2717)
4(2717 1055 1061 3322)
4(2715 8503 8201 1053)
4(2717 8505 8503 2715)
4(2715 1053 1055 2717)
4(764 8158 9007 5135)
4(2715 8503 8158 764)
4(764 5135 1053 2715)
4(762 8156 9005 5133)
4(764 8158 8156 762)
4(762 5133 5135 764)
4(756 8150 8999 5127)
4(762 8156 8150 756)
4(756 5127 5133 762)
4(754 8148 8997 5125)
4(756 8150 8148 754)
4(754 5125 5127 756)
4(229 8063 8876 4471)
4(754 8148 8063 229)
4(229 4471 5125 754)
4(227 8061 8874 4469)
4(229 8063 8061 227)
4(227 4469 4471 229)
4(221 8055 8868 4463)
4(227 8061 8055 221)
4(221 4463 4469 227)
4(219 8053 8866 4461)
4(221 8055 8053 219)
4(219 4461 4463 221)
4(3871 8765 8304 1584)
4(219 8053 8765 3871)
4(3871 1584 4461 219)
4(3869 8763 8302 1582)
4(3871 8765 8763 3869)
4(3869 1582 1584 3871)
4(3863 8757 8296 1576)
4(3869 8763 8757 3863)
4(3863 1576 1582 3869)
4(3861 8755 8294 1574)
4(3863 8757 8755 3861)
4(3861 1574 1576 3863)
4(3220 8608 8194 1024)
4(3861 8755 8608 3220)
4(3220 1024 1574 3861)
4(3218 8606 8192 1022)
4(3220 8608 8606 3218)
4(3218 1022 1024 3220)
4(3212 8600 8186 1016)
4(3218 8606 8600 3212)
4(3212 1016 1022 3218)
4(3210 8598 8184 1014)
4(3212 8600 8598 3210)
4(3210 1014 1016 3212)
4(640 8126 9051 5487)
4(3210 8598 8126 640)
4(640 5487 1014 3210)
4(638 8124 9049 5485)
4(640 8126 8124 638)
4(638 5485 5487 640)
4(632 8118 8948 5009)
4(638 8124 8118 632)
4(632 5009 5485 638)
4(630 8116 8946 5007)
4(632 8118 8116 630)
4(630 5007 5009 632)
4(129 8027 8856 4426)
4(630 8116 8027 129)
4(129 4426 5007 630)
4(127 8025 8854 4424)
4(129 8027 8025 127)
4(127 4424 4426 129)
4(121 8019 8848 4418)
4(127 8025 8019 121)
4(121 4418 4424 127)
4(119 8017 8846 4416)
4(121 8019 8017 119)
4(119 4416 4418 121)
4(4367 8845 8354 2068)
4(119 8017 8845 4367)
4(4367 2068 4416 119)
4(4365 8843 8352 2066)
4(4367 8845 8843 4365)
4(4365 2066 2068 4367)
4(3743 8709 8346 2060)
4(4365 8843 8709 3743)
4(3743 2060 2066 4365)
4(3741 8707 8344 2058)
4(3743 8709 8707 3741)
4(3741 2058 2060 3743)
4(3100 8580 8255 1433)
4(3741 8707 8580 3100)
4(3100 1433 2058 3741)
4(3098 8578 8253 1431)
4(3100 8580 8578 3098)
4(3098 1431 1433 3100)
4(3092 8572 8178 1008)
4(3098 8578 8572 3092)
4(3092 1008 1431 3098)
4(3090 8570 8176 1006)
4(3092 8572 8570 3090)
4(3090 1006 1008 3092)
4(15 7999 8836 4358)
4(3090 8570 7999 15)
4(15 4358 1006 3090)
4(13 7997 8834 4356)
4(15 7999 7997 13)
4(13 4356 4358 15)
4(7 7991 8828 4350)
4(13 7997 7991 7)
4(7 4350 4356 13)
4(5 7989 8826 4348)
4(7 7991 7989 5)
4(5 4348 4350 7)
4(5834 9128 8695 3687)
4(5 7989 9128 5834)
4(5834 3687 4348 5)
4(5832 9126 8693 3685)
4(5834 9128 9126 5832)
4(5832 3685 3687 5834)
4(5826 9120 8687 3679)
4(5832 9126 9120 5826)
4(5826 3679 3685 5832)
4(5824 9118 8685 3677)
4(5826 9120 9118 5824)
4(5824 3677 3679 5826)
4(3012 8544 8231 1365)
4(5824 9118 8544 3012)
4(3012 1365 3677 5824)
4(3010 8542 8229 1363)
4(3012 8544 8542 3010)
4(3010 1363 1365 3012)
4(3004 8536 8174 988)
4(3010 8542 8536 3004)
4(3004 988 1363 3010)
4(3002 986 988 3004)
4(3009 3010 8542 8541)
4(3003 3004 3010 3009)
4(3011 3012 8544 8543)
4(3011 8543 8541 3009)
4(3009 3010 3012 3011)
4(5823 5824 9118 9117)
4(5823 9117 8543 3011)
4(3011 3012 5824 5823)
4(5825 5826 9120 9119)
4(5825 9119 9117 5823)
4(5823 5824 5826 5825)
4(5831 5832 9126 9125)
4(5831 9125 9119 5825)
4(5825 5826 5832 5831)
4(5833 5834 9128 9127)
4(5833 9127 9125 5831)
4(5831 5832 5834 5833)
4(4 5 7989 7988)
4(4 7988 9127 5833)
4(5833 5834 5 4)
4(6 7 7991 7990)
4(6 7990 7988 4)
4(4 5 7 6)
4(12 13 7997 7996)
4(12 7996 7990 6)
4(6 7 13 12)
4(14 15 7999 7998)
4(14 7998 7996 12)
4(12 13 15 14)
4(3089 3090 8570 8569)
4(3089 8569 7998 14)
4(14 15 3090 3089)
4(3091 3092 8572 8571)
4(3091 8571 8569 3089)
4(3089 3090 3092 3091)
4(3097 3098 8578 8577)
4(3097 8577 8571 3091)
4(3091 3092 3098 3097)
4(3099 3100 8580 8579)
4(3099 8579 8577 3097)
4(3097 3098 3100 3099)
4(3740 3741 8707 8706)
4(3740 8706 8579 3099)
4(3099 3100 3741 3740)
4(3742 3743 8709 8708)
4(3742 8708 8706 3740)
4(3740 3741 3743 3742)
4(4364 4365 8843 8842)
4(4364 8842 8708 3742)
4(3742 3743 4365 4364)
4(4366 4367 8845 8844)
4(4366 8844 8842 4364)
4(4364 4365 4367 4366)
4(118 119 8017 8016)
4(118 8016 8844 4366)
4(4366 4367 119 118)
4(120 121 8019 8018)
4(120 8018 8016 118)
4(118 119 121 120)
4(126 127 8025 8024)
4(126 8024 8018 120)
4(120 121 127 126)
4(128 129 8027 8026)
4(128 8026 8024 126)
4(126 127 129 128)
4(629 630 8116 8115)
4(629 8115 8026 128)
4(128 129 630 629)
4(631 632 8118 8117)
4(631 8117 8115 629)
4(629 630 632 631)
4(637 638 8124 8123)
4(637 8123 8117 631)
4(631 632 638 637)
4(639 640 8126 8125)
4(639 8125 8123 637)
4(637 638 640 639)
4(3209 3210 8598 8597)
4(3209 8597 8125 639)
4(639 640 3210 3209)
4(3211 3212 8600 8599)
4(3211 8599 8597 3209)
4(3209 3210 3212 3211)
4(3217 3218 8606 8605)
4(3217 8605 8599 3211)
4(3211 3212 3218 3217)
4(3219 3220 8608 8607)
4(3219 8607 8605 3217)
4(3217 3218 3220 3219)
4(3860 3861 8755 8754)
4(3860 8754 8607 3219)
4(3219 3220 3861 3860)
4(3862 3863 8757 8756)
4(3862 8756 8754 3860)
4(3860 3861 3863 3862)
4(3868 3869 8763 8762)
4(3868 8762 8756 3862)
4(3862 3863 3869 3868)
4(3870 3871 8765 8764)
4(3870 8764 8762 3868)
4(3868 3869 3871 3870)
4(218 219 8053 8052)
4(218 8052 8764 3870)
4(3870 3871 219 218)
4(220 221 8055 8054)
4(220 8054 8052 218)
4(218 219 221 220)
4(226 227 8061 8060)
4(226 8060 8054 220)
4(220 221 227 226)
4(228 229 8063 8062)
4(228 8062 8060 226)
4(226 227 229 228)
4(753 754 8148 8147)
4(753 8147 8062 228)
4(228 229 754 753)
4(755 756 8150 8149)
4(755 8149 8147 753)
4(753 754 756 755)
4(761 762 8156 8155)
4(761 8155 8149 755)
4(755 756 762 761)
4(763 764 8158 8157)
4(763 8157 8155 761)
4(761 762 764 763)
4(2714 2715 8503 8502)
4(2714 8502 8157 763)
4(763 764 2715 2714)
4(2716 2717 8505 8504)
4(2716 8504 8502 2714)
4(2714 2715 2717 2716)
4(3321 3322 8650 8649)
4(3321 8649 8504 2716)
4(2716 2717 3322 3321)
4(3323 3324 8652 8651)
4(3323 8651 8649 3321)
4(3321 3322 3324 3323)
4(3976 3977 8783 8782)
4(3976 8782 8651 3323)
4(3323 3324 3977 3976)
4(3978 3979 8785 8784)
4(3978 8784 8782 3976)
4(3976 3977 3979 3978)
4(3984 3985 8791 8790)
4(3984 8790 8784 3978)
4(3978 3979 3985 3984)
4(3986 3987 8793 8792)
4(3986 8792 8790 3984)
4(3984 3985 3987 3986)
4(6134 6135 9237 9236)
4(6134 9236 8792 3986)
4(3986 3987 6135 6134)
4(6136 6137 9239 9238)
4(6136 9238 9236 6134)
4(6134 6135 6137 6136)
4(6142 6143 9245 9244)
4(6142 9244 9238 6136)
4(6136 6137 6143 6142)
4(6144 9246 9244 6142)
4(6142 6143 6145 6144)
4(6139 9241 9244 6142)
4(6141 9243 9241 6139)
4(6139 6142 6144 6141)
4(6133 9235 9238 6136)
4(6139 9241 9235 6133)
4(6133 6136 6142 6139)
4(6131 9233 9236 6134)
4(6133 9235 9233 6131)
4(6131 6134 6136 6133)
4(3983 8789 8792 3986)
4(6131 9233 8789 3983)
4(3983 3986 6134 6131)
4(3981 8787 8790 3984)
4(3983 8789 8787 3981)
4(3981 3984 3986 3983)
4(3975 8781 8784 3978)
4(3981 8787 8781 3975)
4(3975 3978 3984 3981)
4(3973 8779 8782 3976)
4(3975 8781 8779 3973)
4(3973 3976 3978 3975)
4(3320 8648 8651 3323)
4(3973 8779 8648 3320)
4(3320 3323 3976 3973)
4(3318 8646 8649 3321)
4(3320 8648 8646 3318)
4(3318 3321 3323 3320)
4(2713 8501 8504 2716)
4(3318 8646 8501 2713)
4(2713 2716 3321 3318)
4(2711 8499 8502 2714)
4(2713 8501 8499 2711)
4(2711 2714 2716 2713)
4(760 8154 8157 763)
4(2711 8499 8154 760)
4(760 763 2714 2711)
4(758 8152 8155 761)
4(760 8154 8152 758)
4(758 761 763 760)
4(752 8146 8149 755)
4(758 8152 8146 752)
4(752 755 761 758)
4(750 8144 8147 753)
4(752 8146 8144 750)
4(750 753 755 752)
4(225 8059 8062 228)
4(750 8144 8059 225)
4(225 228 753 750)
4(223 8057 8060 226)
4(225 8059 8057 223)
4(223 226 228 225)
4(6035 9193 8054 220)
4(223 8057 9193 6035)
4(6035 220 226 223)
4(6033 9191 8052 218)
4(6035 9193 9191 6033)
4(6033 218 220 6035)
4(3867 8761 8764 3870)
4(6033 9191 8761 3867)
4(3867 3870 218 6033)
4(3865 8759 8762 3868)
4(3867 8761 8759 3865)
4(3865 3868 3870 3867)
4(3859 8753 8756 3862)
4(3865 8759 8753 3859)
4(3859 3862 3868 3865)
4(3857 8751 8754 3860)
4(3859 8753 8751 3857)
4(3857 3860 3862 3859)
4(3216 8604 8607 3219)
4(3857 8751 8604 3216)
4(3216 3219 3860 3857)
4(3214 8602 8605 3217)
4(3216 8604 8602 3214)
4(3214 3217 3219 3216)
4(3208 8596 8599 3211)
4(3214 8602 8596 3208)
4(3208 3211 3217 3214)
4(3206 8594 8597 3209)
4(3208 8596 8594 3206)
4(3206 3209 3211 3208)
4(636 8122 8125 639)
4(3206 8594 8122 636)
4(636 639 3209 3206)
4(634 8120 8123 637)
4(636 8122 8120 634)
4(634 637 639 636)
4(628 8114 8117 631)
4(634 8120 8114 628)
4(628 631 637 634)
4(626 8112 8115 629)
4(628 8114 8112 626)
4(626 629 631 628)
4(125 8023 8026 128)
4(626 8112 8023 125)
4(125 128 629 626)
4(123 8021 8024 126)
4(125 8023 8021 123)
4(123 126 128 125)
4(117 8015 8018 120)
4(123 8021 8015 117)
4(117 120 126 123)
4(115 8013 8016 118)
4(117 8015 8013 115)
4(115 118 120 117)
4(3747 8713 8844 4366)
4(115 8013 8713 3747)
4(3747 4366 118 115)
4(3745 8711 8842 4364)
4(3747 8713 8711 3745)
4(3745 4364 4366 3747)
4(3739 8705 8708 3742)
4(3745 8711 8705 3739)
4(3739 3742 4364 3745)
4(3737 8703 8706 3740)
4(3739 8705 8703 3737)
4(3737 3740 3742 3739)
4(3096 8576 8579 3099)
4(3737 8703 8576 3096)
4(3096 3099 3740 3737)
4(3094 8574 8577 3097)
4(3096 8576 8574 3094)
4(3094 3097 3099 3096)
4(3088 8568 8571 3091)
4(3094 8574 8568 3088)
4(3088 3091 3097 3094)
4(3086 8566 8569 3089)
4(3088 8568 8566 3086)
4(3086 3089 3091 3088)
4(11 7995 7998 14)
4(3086 8566 7995 11)
4(11 14 3089 3086)
4(9 7993 7996 12)
4(11 7995 7993 9)
4(9 12 14 11)
4(3 7987 7990 6)
4(9 7993 7987 3)
4(3 6 12 9)
4(1 7985 7988 4)
4(3 7987 7985 1)
4(1 4 6 3)
4(5830 9124 9127 5833)
4(1 7985 9124 5830)
4(5830 5833 4 1)
4(5828 9122 9125 5831)
4(5830 9124 9122 5828)
4(5828 5831 5833 5830)
4(5822 9116 9119 5825)
4(5828 9122 9116 5822)
4(5822 5825 5831 5828)
4(5820 9114 9117 5823)
4(5822 9116 9114 5820)
4(5820 5823 5825 5822)
4(3008 8540 8543 3011)
4(5820 9114 8540 3008)
4(3008 3011 5823 5820)
4(3008 8540 8538 3006)
4(3006 3009 3011 3008)
4(3007 3008 8540 8539)
4(3005 3006 3008 3007)
4(5819 5820 9114 9113)
4(3007 3008 5820 5819)
4(5821 5822 9116 9115)
4(5819 5820 5822 5821)
4(5827 5828 9122 9121)
4(5821 5822 5828 5827)
4(5829 5830 9124 9123)
4(5827 5828 5830 5829)
4(0 1 7985 7984)
4(5829 5830 1 0)
4(2 3 7987 7986)
4(0 1 3 2)
4(8 9 7993 7992)
4(2 3 9 8)
4(10 11 7995 7994)
4(8 9 11 10)
4(3085 3086 8566 8565)
4(10 11 3086 3085)
4(3087 3088 8568 8567)
4(3085 3086 3088 3087)
4(3093 3094 8574 8573)
4(3087 3088 3094 3093)
4(3095 3096 8576 8575)
4(3093 3094 3096 3095)
4(3736 3737 8703 8702)
4(3095 3096 3737 3736)
4(3738 3739 8705 8704)
4(3736 3737 3739 3738)
4(3744 3745 8711 8710)
4(3738 3739 3745 3744)
4(3746 3747 8713 8712)
4(3744 3745 3747 3746)
4(114 115 8013 8012)
4(114 8012 8712 3746)
4(3746 3747 115 114)
4(116 117 8015 8014)
4(116 8014 8012 114)
4(114 115 117 116)
4(122 123 8021 8020)
4(122 8020 8014 116)
4(116 117 123 122)
4(124 125 8023 8022)
4(124 8022 8020 122)
4(122 123 125 124)
4(625 626 8112 8111)
4(625 8111 8022 124)
4(124 125 626 625)
4(627 628 8114 8113)
4(627 8113 8111 625)
4(625 626 628 627)
4(633 634 8120 8119)
4(633 8119 8113 627)
4(627 628 634 633)
4(635 636 8122 8121)
4(635 8121 8119 633)
4(633 634 636 635)
4(3205 3206 8594 8593)
4(3205 8593 8121 635)
4(635 636 3206 3205)
4(3207 3208 8596 8595)
4(3207 8595 8593 3205)
4(3205 3206 3208 3207)
4(3213 3214 8602 8601)
4(3213 8601 8595 3207)
4(3207 3208 3214 3213)
4(3215 3216 8604 8603)
4(3215 8603 8601 3213)
4(3213 3214 3216 3215)
4(3856 3857 8751 8750)
4(3856 8750 8603 3215)
4(3215 3216 3857 3856)
4(3858 3859 8753 8752)
4(3858 8752 8750 3856)
4(3856 3857 3859 3858)
4(3864 3865 8759 8758)
4(3864 8758 8752 3858)
4(3858 3859 3865 3864)
4(3866 3867 8761 8760)
4(3866 8760 8758 3864)
4(3864 3865 3867 3866)
4(6032 6033 9191 9190)
4(6032 9190 8760 3866)
4(3866 3867 6033 6032)
4(6034 6035 9193 9192)
4(6034 9192 9190 6032)
4(6032 6033 6035 6034)
4(222 223 8057 8056)
4(222 8056 9192 6034)
4(6034 6035 223 222)
4(224 225 8059 8058)
4(224 8058 8056 222)
4(222 223 225 224)
4(749 750 8144 8143)
4(749 8143 8058 224)
4(224 225 750 749)
4(751 752 8146 8145)
4(751 8145 8143 749)
4(749 750 752 751)
4(757 758 8152 8151)
4(757 8151 8145 751)
4(751 752 758 757)
4(759 760 8154 8153)
4(759 8153 8151 757)
4(757 758 760 759)
4(2710 2711 8499 8498)
4(2710 8498 8153 759)
4(759 760 2711 2710)
4(2712 2713 8501 8500)
4(2712 8500 8498 2710)
4(2710 2711 2713 2712)
4(3317 3318 8646 8645)
4(3317 8645 8500 2712)
4(2712 2713 3318 3317)
4(3319 3320 8648 8647)
4(3319 8647 8645 3317)
4(3317 3318 3320 3319)
4(3972 3973 8779 8778)
4(3972 8778 8647 3319)
4(3319 3320 3973 3972)
4(3974 3975 8781 8780)
4(3974 8780 8778 3972)
4(3972 3973 3975 3974)
4(3980 3981 8787 8786)
4(3980 8786 8780 3974)
4(3974 3975 3981 3980)
4(3982 3983 8789 8788)
4(3982 8788 8786 3980)
4(3980 3981 3983 3982)
4(6130 6131 9233 9232)
4(6130 9232 8788 3982)
4(3982 3983 6131 6130)
4(6132 6133 9235 9234)
4(6132 9234 9232 6130)
4(6130 6131 6133 6132)
4(6138 6139 9241 9240)
4(6138 9240 9234 6132)
4(6132 6133 6139 6138)
4(6140 9242 9240 6138)
4(6138 6139 6141 6140)
4(6104 9230 9240 6138)
4(6104 6138 6140 6105)
4(6101 9227 9234 6132)
4(6104 9230 9227 6101)
4(6101 6132 6138 6104)
4(6099 9225 9232 6130)
4(6101 9227 9225 6099)
4(6099 6130 6132 6101)
4(3372 8668 8788 3982)
4(6099 9225 8668 3372)
4(3372 3982 6130 6099)
4(3370 8666 8786 3980)
4(3372 8668 8666 3370)
4(3370 3980 3982 3372)
4(3364 8660 8780 3974)
4(3370 8666 8660 3364)
4(3364 3974 3980 3370)
4(3362 8658 8778 3972)
4(3364 8660 8658 3362)
4(3362 3972 3974 3364)
4(2677 8497 8647 3319)
4(3362 8658 8497 2677)
4(2677 3319 3972 3362)
4(2675 8495 8645 3317)
4(2677 8497 8495 2675)
4(2675 3317 3319 2677)
4(2669 8489 8500 2712)
4(2675 8495 8489 2669)
4(2669 2712 3317 2675)
4(2667 8487 8498 2710)
4(2669 8489 8487 2667)
4(2667 2710 2712 2669)
4(277 8079 8153 759)
4(2667 8487 8079 277)
4(277 759 2710 2667)
4(275 8077 8151 757)
4(277 8079 8077 275)
4(275 757 759 277)
4(269 8071 8145 751)
4(275 8077 8071 269)
4(269 751 757 275)
4(267 8069 8143 749)
4(269 8071 8069 267)
4(267 749 751 269)
4(5999 9189 8058 224)
4(267 8069 9189 5999)
4(5999 224 749 267)
4(5997 9187 8056 222)
4(5999 9189 9187 5997)
4(5997 222 224 5999)
4(5991 9181 9192 6034)
4(5997 9187 9181 5991)
4(5991 6034 222 5997)
4(5989 9179 9190 6032)
4(5991 9181 9179 5989)
4(5989 6032 6034 5991)
4(3823 8749 8760 3866)
4(5989 9179 8749 3823)
4(3823 3866 6032 5989)
4(3821 8747 8758 3864)
4(3823 8749 8747 3821)
4(3821 3864 3866 3823)
4(3260 8616 8752 3858)
4(3821 8747 8616 3260)
4(3260 3858 3864 3821)
4(3258 8614 8750 3856)
4(3260 8616 8614 3258)
4(3258 3856 3858 3260)
4(2595 8465 8603 3215)
4(3258 8614 8465 2595)
4(2595 3215 3856 3258)
4(2593 8463 8601 3213)
4(2595 8465 8463 2593)
4(2593 3213 3215 2595)
4(2587 8457 8595 3207)
4(2593 8463 8457 2587)
4(2587 3207 3213 2593)
4(2585 8455 8593 3205)
4(2587 8457 8455 2585)
4(2585 3205 3207 2587)
4(604 8110 8121 635)
4(2585 8455 8110 604)
4(604 635 3205 2585)
4(602 8108 8119 633)
4(604 8110 8108 602)
4(602 633 635 604)
4(598 8104 8113 627)
4(602 8108 8104 598)
4(598 627 633 602)
4(596 8102 8111 625)
4(598 8104 8102 596)
4(596 625 627 598)
4(5931 9157 8022 124)
4(596 8102 9157 5931)
4(5931 124 625 596)
4(5929 9155 8020 122)
4(5929 122 124 5931)
4(5928 9154 8014 116)
4(5928 116 122 5929)
4(5927 9153 8012 114)
4(5927 114 116 5928)
4(3733 3746 114 5927)
4(595 596 8102 8101)
4(5930 5931 596 595)
4(597 598 8104 8103)
4(595 596 598 597)
4(601 602 8108 8107)
4(597 598 602 601)
4(603 604 8110 8109)
4(603 8109 8107 601)
4(601 602 604 603)
4(2584 2585 8455 8454)
4(2584 8454 8109 603)
4(603 604 2585 2584)
4(2586 2587 8457 8456)
4(2586 8456 8454 2584)
4(2584 2585 2587 2586)
4(2592 2593 8463 8462)
4(2592 8462 8456 2586)
4(2586 2587 2593 2592)
4(2594 2595 8465 8464)
4(2594 8464 8462 2592)
4(2592 2593 2595 2594)
4(3257 3258 8614 8613)
4(3257 8613 8464 2594)
4(2594 2595 3258 3257)
4(3259 3260 8616 8615)
4(3259 8615 8613 3257)
4(3257 3258 3260 3259)
4(3820 3821 8747 8746)
4(3820 8746 8615 3259)
4(3259 3260 3821 3820)
4(3822 3823 8749 8748)
4(3822 8748 8746 3820)
4(3820 3821 3823 3822)
4(5988 5989 9179 9178)
4(5988 9178 8748 3822)
4(3822 3823 5989 5988)
4(5990 5991 9181 9180)
4(5990 9180 9178 5988)
4(5988 5989 5991 5990)
4(5996 5997 9187 9186)
4(5996 9186 9180 5990)
4(5990 5991 5997 5996)
4(5998 5999 9189 9188)
4(5998 9188 9186 5996)
4(5996 5997 5999 5998)
4(266 267 8069 8068)
4(266 8068 9188 5998)
4(5998 5999 267 266)
4(268 269 8071 8070)
4(268 8070 8068 266)
4(266 267 269 268)
4(274 275 8077 8076)
4(274 8076 8070 268)
4(268 269 275 274)
4(276 277 8079 8078)
4(276 8078 8076 274)
4(274 275 277 276)
4(2666 2667 8487 8486)
4(2666 8486 8078 276)
4(276 277 2667 2666)
4(2668 2669 8489 8488)
4(2668 8488 8486 2666)
4(2666 2667 2669 2668)
4(2674 2675 8495 8494)
4(2674 8494 8488 2668)
4(2668 2669 2675 2674)
4(2676 2677 8497 8496)
4(2676 8496 8494 2674)
4(2674 2675 2677 2676)
4(3361 3362 8658 8657)
4(3361 8657 8496 2676)
4(2676 2677 3362 3361)
4(3363 3364 8660 8659)
4(3363 8659 8657 3361)
4(3361 3362 3364 3363)
4(3369 3370 8666 8665)
4(3369 8665 8659 3363)
4(3363 3364 3370 3369)
4(3371 3372 8668 8667)
4(3371 8667 8665 3369)
4(3369 3370 3372 3371)
4(6098 6099 9225 9224)
4(6098 9224 8667 3371)
4(3371 3372 6099 6098)
4(6100 6101 9227 9226)
4(6100 9226 9224 6098)
4(6098 6099 6101 6100)
4(6103 9229 9226 6100)
4(6100 6101 6104 6103)
4(6097 9223 9226 6100)
4(6097 6100 6103 6102)
4(6095 9221 9224 6098)
4(6097 9223 9221 6095)
4(6095 6098 6100 6097)
4(3368 8664 8667 3371)
4(6095 9221 8664 3368)
4(3368 3371 6098 6095)
4(3366 8662 8665 3369)
4(3368 8664 8662 3366)
4(3366 3369 3371 3368)
4(3360 8656 8659 3363)
4(3366 8662 8656 3360)
4(3360 3363 3369 3366)
4(3358 8654 8657 3361)
4(3360 8656 8654 3358)
4(3358 3361 3363 3360)
4(2673 8493 8496 2676)
4(3358 8654 8493 2673)
4(2673 2676 3361 3358)
4(2671 8491 8494 2674)
4(2673 8493 8491 2671)
4(2671 2674 2676 2673)
4(2665 8485 8488 2668)
4(2671 8491 8485 2665)
4(2665 2668 2674 2671)
4(2663 8483 8486 2666)
4(2665 8485 8483 2663)
4(2663 2666 2668 2665)
4(273 8075 8078 276)
4(2663 8483 8075 273)
4(273 276 2666 2663)
4(271 8073 8076 274)
4(273 8075 8073 271)
4(271 274 276 273)
4(265 8067 8070 268)
4(271 8073 8067 265)
4(265 268 274 271)
4(263 8065 8068 266)
4(265 8067 8065 263)
4(263 266 268 265)
4(5995 9185 9188 5998)
4(263 8065 9185 5995)
4(5995 5998 266 263)
4(5993 9183 9186 5996)
4(5995 9185 9183 5993)
4(5993 5996 5998 5995)
4(5987 9177 9180 5990)
4(5993 9183 9177 5987)
4(5987 5990 5996 5993)
4(5985 9175 9178 5988)
4(5987 9177 9175 5985)
4(5985 5988 5990 5987)
4(3819 8745 8748 3822)
4(5985 9175 8745 3819)
4(3819 3822 5988 5985)
4(3817 8743 8746 3820)
4(3819 8745 8743 3817)
4(3817 3820 3822 3819)
4(3256 8612 8615 3259)
4(3817 8743 8612 3256)
4(3256 3259 3820 3817)
4(3254 8610 8613 3257)
4(3256 8612 8610 3254)
4(3254 3257 3259 3256)
4(2591 8461 8464 2594)
4(3254 8610 8461 2591)
4(2591 2594 3257 3254)
4(2589 8459 8462 2592)
4(2591 8461 8459 2589)
4(2589 2592 2594 2591)
4(2583 8453 8456 2586)
4(2589 8459 8453 2583)
4(2583 2586 2592 2589)
4(2581 8451 8454 2584)
4(2581 2584 2586 2583)
4(600 8106 8109 603)
4(600 603 2584 2581)
4(599 601 603 600)
4(2588 2589 8459 8458)
4(2582 2583 2589 2588)
4(2590 2591 8461 8460)
4(2588 2589 2591 2590)
4(3253 3254 8610 8609)
4(3253 8609 8460 2590)
4(2590 2591 3254 3253)
4(3255 3256 8612 8611)
4(3255 8611 8609 3253)
4(3253 3254 3256 3255)
4(3816 3817 8743 8742)
4(3816 8742 8611 3255)
4(3255 3256 3817 3816)
4(3818 3819 8745 8744)
4(3818 8744 8742 3816)
4(3816 3817 3819 3818)
4(5984 5985 9175 9174)
4(5984 9174 8744 3818)
4(3818 3819 5985 5984)
4(5986 5987 9177 9176)
4(5986 9176 9174 5984)
4(5984 5985 5987 5986)
4(5992 5993 9183 9182)
4(5992 9182 9176 5986)
4(5986 5987 5993 5992)
4(5994 5995 9185 9184)
4(5994 9184 9182 5992)
4(5992 5993 5995 5994)
4(262 263 8065 8064)
4(262 8064 9184 5994)
4(5994 5995 263 262)
4(264 265 8067 8066)
4(264 8066 8064 262)
4(262 263 265 264)
4(270 271 8073 8072)
4(270 8072 8066 264)
4(264 265 271 270)
4(272 273 8075 8074)
4(272 8074 8072 270)
4(270 271 273 272)
4(2662 2663 8483 8482)
4(2662 8482 8074 272)
4(272 273 2663 2662)
4(2664 2665 8485 8484)
4(2664 8484 8482 2662)
4(2662 2663 2665 2664)
4(2670 2671 8491 8490)
4(2670 8490 8484 2664)
4(2664 2665 2671 2670)
4(2672 2673 8493 8492)
4(2672 8492 8490 2670)
4(2670 2671 2673 2672)
4(3357 3358 8654 8653)
4(3357 8653 8492 2672)
4(2672 2673 3358 3357)
4(3359 3360 8656 8655)
4(3359 8655 8653 3357)
4(3357 3358 3360 3359)
4(3365 3366 8662 8661)
4(3365 8661 8655 3359)
4(3359 3360 3366 3365)
4(3367 3368 8664 8663)
4(3367 8663 8661 3365)
4(3365 3366 3368 3367)
4(6094 6095 9221 9220)
4(3367 3368 6095 6094)
4(6094 6095 6097 6096)
4(2214 8405 8661 3365)
4(2214 3365 3367 2215)
4(2213 8404 8655 3359)
4(2213 3359 3365 2214)
4(2211 8402 8653 3357)
4(2213 8404 8402 2211)
4(2211 3357 3359 2213)
4(1599 8319 8492 2672)
4(2211 8402 8319 1599)
4(1599 2672 3357 2211)
4(1597 8317 8490 2670)
4(1599 8319 8317 1597)
4(1597 2670 2672 1599)
4(1593 8313 8484 2664)
4(1597 8317 8313 1593)
4(1593 2664 2670 1597)
4(1591 8311 8482 2662)
4(1593 8313 8311 1591)
4(1591 2662 2664 1593)
4(5606 9088 8074 272)
4(1591 8311 9088 5606)
4(5606 272 2662 1591)
4(5604 9086 8072 270)
4(5606 9088 9086 5604)
4(5604 270 272 5606)
4(5598 9080 8066 264)
4(5604 9086 9080 5598)
4(5598 264 270 5604)
4(5596 9078 8064 262)
4(5598 9080 9078 5596)
4(5596 262 264 5598)
4(5033 8969 9184 5994)
4(5596 9078 8969 5033)
4(5033 5994 262 5596)
4(5031 8967 9182 5992)
4(5033 8969 8967 5031)
4(5031 5992 5994 5033)
4(5025 8961 9176 5986)
4(5031 8967 8961 5025)
4(5025 5986 5992 5031)
4(5023 8959 9174 5984)
4(5025 8961 8959 5023)
4(5023 5984 5986 5025)
4(2126 8380 8744 3818)
4(5023 8959 8380 2126)
4(2126 3818 5984 5023)
4(2124 8378 8742 3816)
4(2126 8380 8378 2124)
4(2124 3816 3818 2126)
4(2120 8374 8611 3255)
4(2124 8378 8374 2120)
4(2120 3255 3816 2124)
4(2118 8372 8609 3253)
4(2118 3253 3255 2120)
4(1511 2590 3253 2118)
4(2123 2124 8378 8377)
4(2119 2120 2124 2123)
4(2125 2126 8380 8379)
4(2125 8379 8377 2123)
4(2123 2124 2126 2125)
4(5022 5023 8959 8958)
4(5022 8958 8379 2125)
4(2125 2126 5023 5022)
4(5024 5025 8961 8960)
4(5024 8960 8958 5022)
4(5022 5023 5025 5024)
4(5030 5031 8967 8966)
4(5030 8966 8960 5024)
4(5024 5025 5031 5030)
4(5032 5033 8969 8968)
4(5032 8968 8966 5030)
4(5030 5031 5033 5032)
4(5595 5596 9078 9077)
4(5595 9077 8968 5032)
4(5032 5033 5596 5595)
4(5597 5598 9080 9079)
4(5597 9079 9077 5595)
4(5595 5596 5598 5597)
4(5603 5604 9086 9085)
4(5603 9085 9079 5597)
4(5597 5598 5604 5603)
4(5605 5606 9088 9087)
4(5605 9087 9085 5603)
4(5603 5604 5606 5605)
4(1590 1591 8311 8310)
4(1590 8310 9087 5605)
4(5605 5606 1591 1590)
4(1592 1593 8313 8312)
4(1592 8312 8310 1590)
4(1590 1591 1593 1592)
4(1596 1597 8317 8316)
4(1596 8316 8312 1592)
4(1592 1593 1597 1596)
4(1598 1599 8319 8318)
4(1598 8318 8316 1596)
4(1596 1597 1599 1598)
4(2210 2211 8402 8401)
4(1598 1599 2211 2210)
4(2210 2211 2213 2212)
4(1594 8314 8316 1596)
4(1594 1596 1598 1595)
4(1589 8309 8312 1592)
4(1589 1592 1596 1594)
4(1587 8307 8310 1590)
4(1589 8309 8307 1587)
4(1587 1590 1592 1589)
4(5602 9084 9087 5605)
4(1587 8307 9084 5602)
4(5602 5605 1590 1587)
4(5600 9082 9085 5603)
4(5602 9084 9082 5600)
4(5600 5603 5605 5602)
4(5594 9076 9079 5597)
4(5600 9082 9076 5594)
4(5594 5597 5603 5600)
4(5592 9074 9077 5595)
4(5594 9076 9074 5592)
4(5592 5595 5597 5594)
4(5029 8965 8968 5032)
4(5592 9074 8965 5029)
4(5029 5032 5595 5592)
4(5027 8963 8966 5030)
4(5029 8965 8963 5027)
4(5027 5030 5032 5029)
4(5021 8957 8960 5024)
4(5027 8963 8957 5021)
4(5021 5024 5030 5027)
4(5019 8955 8958 5022)
4(5021 8957 8955 5019)
4(5019 5022 5024 5021)
4(2122 8376 8379 2125)
4(2122 2125 5022 5019)
4(2121 2123 2125 2122)
4(5020 5021 8957 8956)
4(5018 5019 5021 5020)
4(5026 5027 8963 8962)
4(5026 8962 8956 5020)
4(5020 5021 5027 5026)
4(5028 5029 8965 8964)
4(5028 8964 8962 5026)
4(5026 5027 5029 5028)
4(5591 5592 9074 9073)
4(5591 9073 8964 5028)
4(5028 5029 5592 5591)
4(5593 5594 9076 9075)
4(5593 9075 9073 5591)
4(5591 5592 5594 5593)
4(5599 5600 9082 9081)
4(5599 9081 9075 5593)
4(5593 5594 5600 5599)
4(5601 5602 9084 9083)
4(5601 9083 9081 5599)
4(5599 5600 5602 5601)
4(1586 1587 8307 8306)
4(1586 8306 9083 5601)
4(5601 5602 1587 1586)
4(1586 1587 1589 1588)
4(5080 8984 9083 5601)
4(5080 5601 1586 1050)
4(5078 8982 9081 5599)
4(5080 8984 8982 5078)
4(5078 5599 5601 5080)
4(5072 8976 9075 5593)
4(5078 8982 8976 5072)
4(5072 5593 5599 5078)
4(5070 8974 9073 5591)
4(5072 8976 8974 5070)
4(5070 5591 5593 5072)
4(4455 8865 8964 5028)
4(5070 8974 8865 4455)
4(4455 5028 5591 5070)
4(4453 8863 8962 5026)
4(4453 5026 5028 4455)
4(4452 5020 5026 4453)
4(5069 5070 8974 8973)
4(4454 4455 5070 5069)
4(5071 5072 8976 8975)
4(5071 8975 8973 5069)
4(5069 5070 5072 5071)
4(5077 5078 8982 8981)
4(5077 8981 8975 5071)
4(5071 5072 5078 5077)
4(5079 8983 8981 5077)
4(5077 5078 5080 5079)
4(5074 8978 8981 5077)
4(5076 8980 8978 5074)
4(5074 5077 5079 5076)
4(5068 8972 8975 5071)
4(5074 8978 8972 5068)
4(5068 5071 5077 5074)
4(5066 5069 5071 5068)
4(5073 5074 8978 8977)
4(5067 5068 5074 5073)
4(5073 5074 5076 5075)
4(4283 4854 4857 4290)
4(4283 4287 4856 4854)
4(4283 4290 4294 4287)
4(6185 4283 4854 394)
4(6185 394 396 6192)
4(6185 6192 4290 4283)
4(4282 4283 4854 4853)
4(6184 4282 4853 393)
4(6184 393 394 6185)
4(6184 6185 4283 4282)
4(4282 4286 4855 4853)
4(4282 4283 4287 4286)
4(2981 3644 4853 4282)
4(2981 4282 4286 2985)
4(2981 2985 3648 3644)
4(5176 6184 4282 2981)
4(5176 2981 3644 5716)
4(5176 5716 393 6184)
4(2979 4280 4282 2981)
4(5174 6182 4280 2979)
4(5174 2979 2981 5176)
4(5174 5176 6184 6182)
4(6182 6184 4282 4280)
4(4280 4282 4286 4284)
4(2979 4280 4284 2983)
4(2979 2983 2985 2981)
4(4281 4283 4287 4285)
4(4280 4281 4285 4284)
4(4280 4282 4283 4281)
4(4288 4290 4294 4292)
4(4281 4283 4290 4288)
4(4281 4288 4292 4285)
4(4289 4291 4295 4293)
4(4288 4290 4291 4289)
4(4288 4289 4293 4292)
4(4841 4843 4847 4845)
4(4289 4291 4843 4841)
4(4289 4841 4845 4293)
4(4842 4844 4848 4846)
4(4841 4843 4844 4842)
4(4841 4842 4846 4845)
4(4842 4849 4851 4846)
4(4842 4844 4850 4849)
4(4832 4842 4849 4838)
4(4832 4836 4846 4842)
4(4832 4838 4840 4836)
4(6223 4842 4849 386)
4(6213 4832 4842 6223)
4(6213 6217 4838 4832)
4(6213 6223 386 6217)
4(6223 4842 4844 6225)
4(6223 6225 387 386)
4(6222 4841 4843 6224)
4(6222 6223 4842 4841)
4(6222 6224 6225 6223)
4(6191 6222 4841 4289)
4(6191 4289 4291 6193)
4(6191 6193 6224 6222)
4(4275 4831 4841 4289)
4(6212 6222 4841 4831)
4(6177 4275 4289 6191)
4(6177 6212 4831 4275)
4(6177 6191 6222 6212)
4(4831 4841 4845 4835)
4(4275 4279 4293 4289)
4(4275 4831 4835 4279)
4(4831 4841 4842 4832)
4(4831 4832 4836 4835)
4(6212 6213 4832 4831)
4(6212 6222 6223 6213)
4(4829 4830 4832 4831)
4(6211 6213 4832 4830)
4(6210 6211 4830 4829)
4(6210 4829 4831 6212)
4(6210 6212 6213 6211)
4(4830 4832 4836 4834)
4(4829 4833 4835 4831)
4(4829 4830 4834 4833)
4(4830 4837 4839 4834)
4(4830 4832 4838 4837)
4(2021 4830 4837 2027)
4(2021 2025 4834 4830)
4(2021 2027 2029 2025)
4(6211 4830 4837 6216)
4(4051 2021 4830 6211)
4(4051 6211 6216 4055)
4(4051 4055 2027 2021)
4(6211 6213 6217 6216)
4(6209 6213 6217 6215)
4(6207 6209 6215 6214)
4(6207 6214 6216 6211)
4(6207 6211 6213 6209)
4(6219 6223 386 384)
4(6209 6213 6223 6219)
4(6209 6219 384 6215)
4(6219 6223 6225 6221)
4(6219 6221 385 384)
4(6181 392 395 6188)
4(6181 6188 6192 6185)
4(6181 6185 394 392)
4(6157 6160 6188 6181)
4(6157 6181 392 389)
4(6186 6187 6189 6188)
4(6159 6161 6189 6187)
4(6158 6159 6187 6186)
4(6158 6186 6188 6160)
4(6190 6191 6193 6192)
4(6187 6189 6193 6191)
4(6186 6187 6191 6190)
4(6186 6190 6192 6188)
4(6190 4288 4290 6192)
4(6190 6191 4289 4288)
4(6183 6190 4288 4281)
4(6183 6185 6192 6190)
4(6183 4281 4283 6185)
4(4267 4274 4288 4281)
4(6176 6190 4288 4274)
4(6169 6183 6190 6176)
4(6169 4267 4281 6183)
4(6169 6176 4274 4267)
4(4274 4288 4292 4278)
4(4267 4271 4285 4281)
4(4267 4274 4278 4271)
4(4274 4288 4289 4275)
4(4274 4275 4279 4278)
4(6176 6177 4275 4274)
4(6176 6190 6191 6177)
4(4272 4273 4275 4274)
4(6175 6177 4275 4273)
4(6174 6175 4273 4272)
4(6174 4272 4274 6176)
4(6174 6176 6177 6175)
4(4273 4275 4279 4277)
4(4272 4276 4278 4274)
4(4272 4273 4277 4276)
4(4273 4829 4833 4277)
4(4273 4275 4831 4829)
4(2020 4829 4833 2024)
4(2001 4273 4829 2020)
4(2001 2005 4277 4273)
4(2001 2020 2024 2005)
4(2020 4829 4830 2021)
4(2020 2021 2025 2024)
4(4050 2020 4829 6210)
4(4050 6210 6211 4051)
4(4050 4051 2021 2020)
4(6175 4273 4829 6210)
4(3464 2001 4273 6175)
4(3464 4050 2020 2001)
4(3464 6175 6210 4050)
4(6175 6177 6212 6210)
4(6173 6177 6212 6208)
4(6206 6208 6212 6210)
4(6171 6173 6208 6206)
4(6171 6206 6210 6175)
4(6171 6175 6177 6173)
4(6187 6191 6222 6218)
4(6208 6218 6222 6212)
4(6173 6187 6218 6208)
4(6173 6177 6191 6187)
4(6218 6220 6224 6222)
4(6187 6189 6220 6218)
4(6218 6219 6223 6222)
4(6218 6220 6221 6219)
4(6208 6218 6219 6209)
4(6208 6209 6213 6212)
4(6200 6218 6219 6201)
4(6197 6201 6219 6209)
4(6196 6197 6209 6208)
4(6196 6208 6218 6200)
4(6201 6203 6221 6219)
4(6200 6218 6220 6202)
4(6201 6204 384 6219)
4(6197 6199 6215 6209)
4(6195 6198 6214 6207)
4(6195 6207 6209 6197)
4(4047 4053 6214 6207)
4(4029 4031 4053 4047)
4(4029 4047 6207 6195)
4(4047 4051 6211 6207)
4(4047 4053 4055 4051)
4(6206 6210 6211 6207)
4(4046 4047 4051 4050)
4(4046 4050 6210 6206)
4(4046 6206 6207 4047)
4(6206 6208 6209 6207)
4(6194 6206 6208 6196)
4(6194 6195 6207 6206)
4(5726 6173 6208 6196)
4(5724 6194 6206 6171)
4(5724 6171 6173 5726)
4(6159 6187 6218 6200)
4(5726 6173 6187 6159)
4(6172 6173 6187 6186)
4(5725 6172 6186 6158)
4(5725 5726 6173 6172)
4(6172 6176 6190 6186)
4(6172 6173 6177 6176)
4(6179 6183 6190 6186)
4(6165 6179 6186 6172)
4(6165 6169 6183 6179)
4(6165 6172 6176 6169)
4(6179 6181 6188 6186)
4(6179 6183 6185 6181)
4(6155 6158 6186 6179)
4(6155 6179 6181 6157)
4(5722 6165 6179 6155)
4(5722 5725 6172 6165)
4(6164 6165 6179 6178)
4(6154 6178 6179 6155)
4(5721 6164 6178 6154)
4(5721 5722 6165 6164)
4(6168 6169 6183 6182)
4(6164 6165 6169 6168)
4(6164 6168 6182 6178)
4(6178 6182 6183 6179)
4(4266 4267 4281 4280)
4(6168 4266 4280 6182)
4(6168 6169 4267 4266)
4(6182 4280 4281 6183)
4(4266 4270 4284 4280)
4(4266 4267 4271 4270)
4(2965 2979 4280 4266)
4(2965 4266 4270 2969)
4(2965 2969 2983 2979)
4(5160 6168 4266 2965)
4(5160 2965 2979 5174)
4(5160 5174 6182 6168)
4(2963 4264 4266 2965)
4(6166 6168 4266 4264)
4(5158 6166 4264 2963)
4(5158 2963 2965 5160)
4(5158 5160 6168 6166)
4(4264 4266 4270 4268)
4(2963 4264 4268 2967)
4(2963 2967 2969 2965)
4(4265 4267 4271 4269)
4(4264 4266 4267 4265)
4(4264 4265 4269 4268)
4(4265 4272 4276 4269)
4(4265 4267 4274 4272)
4(2000 4272 4276 2004)
4(1993 4265 4272 2000)
4(1993 1997 4269 4265)
4(1993 2000 2004 1997)
4(2000 4272 4273 2001)
4(2000 2001 2005 2004)
4(3463 2000 4272 6174)
4(3463 3464 2001 2000)
4(3463 6174 6175 3464)
4(6167 4265 4272 6174)
4(3456 1993 4265 6167)
4(3456 3463 2000 1993)
4(3456 6167 6174 3463)
4(6167 4265 4267 6169)
4(6167 6169 6176 6174)
4(6166 6167 4265 4264)
4(6166 6168 6169 6167)
4(1992 1993 4265 4264)
4(3455 1992 4264 6166)
4(3455 3456 1993 1992)
4(3455 6166 6167 3456)
4(1992 1996 4268 4264)
4(1992 1993 1997 1996)
4(594 2963 4264 1992)
4(594 953 2967 2963)
4(594 1992 1996 953)
4(2283 594 2963 5158)
4(2283 3455 1992 594)
4(2283 5158 6166 3455)
4(593 594 2963 2962)
4(5157 2962 2963 5158)
4(2282 593 2962 5157)
4(2282 5157 5158 2283)
4(2282 2283 594 593)
4(2962 2966 2967 2963)
4(593 952 2966 2962)
4(593 594 953 952)
4(2964 2968 2969 2965)
4(2962 2964 2965 2963)
4(2962 2966 2968 2964)
4(2978 2982 2983 2979)
4(2964 2968 2982 2978)
4(2964 2978 2979 2965)
4(2980 2984 2985 2981)
4(2978 2980 2981 2979)
4(2978 2982 2984 2980)
4(3643 3647 3648 3644)
4(2980 2984 3647 3643)
4(2980 3643 3644 2981)
4(3643 3645 3646 3644)
4(3643 3647 3649 3645)
4(5715 3643 3645 5717)
4(5715 5716 3644 3643)
4(5715 5717 5718 5716)
4(3636 3643 3645 3638)
4(5708 5715 3643 3636)
4(5708 3636 3638 5710)
4(5708 5710 5717 5715)
4(3636 3643 3647 3640)
4(3636 3640 3642 3638)
4(2973 3636 3643 2980)
4(2973 2980 2984 2977)
4(2973 2977 3640 3636)
4(5175 5715 3643 2980)
4(5168 5175 2980 2973)
4(5168 2973 3636 5708)
4(5168 5708 5715 5175)
4(5175 5176 2981 2980)
4(5175 5715 5716 5176)
4(5173 2978 2980 5175)
4(5173 5174 2979 2978)
4(5173 5175 5176 5174)
4(2971 2978 2980 2973)
4(5166 5173 2978 2971)
4(5166 2971 2973 5168)
4(5166 5168 5175 5173)
4(2971 2978 2982 2975)
4(2971 2975 2977 2973)
4(2957 2971 2978 2964)
4(2957 2964 2968 2961)
4(2957 2961 2975 2971)
4(5159 5173 2978 2964)
4(4580 5159 2964 2957)
4(4580 2957 2971 5166)
4(4580 5166 5173 5159)
4(5159 5160 2965 2964)
4(5159 5173 5174 5160)
4(5157 2962 2964 5159)
4(5157 5159 5160 5158)
4(2955 2962 2964 2957)
4(4578 5157 2962 2955)
4(4578 2955 2957 4580)
4(4578 4580 5159 5157)
4(2955 2962 2966 2959)
4(2955 2959 2961 2957)
4(586 2955 2962 593)
4(586 590 2959 2955)
4(586 593 952 590)
4(2275 586 2955 4578)
4(2275 4578 5157 2282)
4(2275 2282 593 586)
4(585 586 2955 2954)
4(4577 2954 2955 4578)
4(2274 585 2954 4577)
4(2274 2275 586 585)
4(2274 4577 4578 2275)
4(2954 2958 2959 2955)
4(585 589 2958 2954)
4(585 586 590 589)
4(2956 2960 2961 2957)
4(2954 2956 2957 2955)
4(2954 2958 2960 2956)
4(2970 2974 2975 2971)
4(2956 2960 2974 2970)
4(2956 2970 2971 2957)
4(2972 2976 2977 2973)
4(2970 2972 2973 2971)
4(2970 2974 2976 2972)
4(3635 3639 3640 3636)
4(2972 2976 3639 3635)
4(2972 3635 3636 2973)
4(3635 3637 3638 3636)
4(3635 3639 3641 3637)
4(5707 3635 3637 5709)
4(5707 5708 3636 3635)
4(5707 5709 5710 5708)
4(2995 3635 3637 2997)
4(5198 5707 3635 2995)
4(5198 2995 2997 5200)
4(5198 5200 5709 5707)
4(2995 3635 3639 2999)
4(2995 2999 3001 2997)
4(2501 2995 3635 2972)
4(2501 2972 2976 2505)
4(2501 2505 2999 2995)
4(5167 5707 3635 2972)
4(4556 5167 2972 2501)
4(4556 2501 2995 5198)
4(4556 5198 5707 5167)
4(5167 5168 2973 2972)
4(5167 5707 5708 5168)
4(5165 2970 2972 5167)
4(5165 5166 2971 2970)
4(5165 5167 5168 5166)
4(2499 2970 2972 2501)
4(4554 5165 2970 2499)
4(4554 2499 2501 4556)
4(4554 4556 5167 5165)
4(2499 2970 2974 2503)
4(2499 2503 2505 2501)
4(2485 2499 2970 2956)
4(2485 2956 2960 2489)
4(2485 2489 2503 2499)
4(4579 5165 2970 2956)
4(4540 4579 2956 2485)
4(4540 2485 2499 4554)
4(4540 4554 5165 4579)
4(4579 4580 2957 2956)
4(4579 5165 5166 4580)
4(4577 2954 2956 4579)
4(4577 4579 4580 4578)
4(2483 2954 2956 2485)
4(4538 4577 2954 2483)
4(4538 2483 2485 4540)
4(4538 4540 4579 4577)
4(2483 2954 2958 2487)
4(2483 2487 2489 2485)
4(562 2483 2954 585)
4(562 566 2487 2483)
4(562 585 589 566)
4(2235 562 2483 4538)
4(2235 2274 585 562)
4(2235 4538 4577 2274)
4(561 562 2483 2482)
4(4537 2482 2483 4538)
4(2234 561 2482 4537)
4(2234 2235 562 561)
4(2234 4537 4538 2235)
4(2482 2486 2487 2483)
4(561 565 2486 2482)
4(561 562 566 565)
4(2484 2488 2489 2485)
4(2482 2484 2485 2483)
4(2482 2486 2488 2484)
4(2498 2502 2503 2499)
4(2484 2488 2502 2498)
4(2484 2498 2499 2485)
4(2500 2504 2505 2501)
4(2498 2500 2501 2499)
4(2498 2502 2504 2500)
4(2994 2998 2999 2995)
4(2500 2504 2998 2994)
4(2500 2994 2995 2501)
4(2994 2996 2997 2995)
4(2994 2998 3000 2996)
4(5197 2994 2996 5199)
4(5197 5198 2995 2994)
4(5197 5199 5200 5198)
4(2987 2994 2996 2989)
4(5190 5197 2994 2987)
4(5190 2987 2989 5192)
4(5190 5192 5199 5197)
4(2987 2994 2998 2991)
4(2987 2991 2993 2989)
4(2493 2987 2994 2500)
4(2493 2500 2504 2497)
4(2493 2497 2991 2987)
4(4555 5197 2994 2500)
4(4548 4555 2500 2493)
4(4548 2493 2987 5190)
4(4548 5190 5197 4555)
4(4555 4556 2501 2500)
4(4555 5197 5198 4556)
4(4553 2498 2500 4555)
4(4553 4554 2499 2498)
4(4553 4555 4556 4554)
4(2491 2498 2500 2493)
4(4546 4553 2498 2491)
4(4546 2491 2493 4548)
4(4546 4548 4555 4553)
4(2491 2498 2502 2495)
4(2491 2495 2497 2493)
4(2477 2491 2498 2484)
4(2477 2484 2488 2481)
4(2477 2481 2495 2491)
4(4539 4553 2498 2484)
4(4532 4539 2484 2477)
4(4532 2477 2491 4546)
4(4532 4546 4553 4539)
4(4539 4540 2485 2484)
4(4539 4553 4554 4540)
4(4537 2482 2484 4539)
4(4537 4539 4540 4538)
4(2475 2482 2484 2477)
4(4530 4537 2482 2475)
4(4530 2475 2477 4532)
4(4530 4532 4539 4537)
4(2475 2482 2486 2479)
4(2475 2479 2481 2477)
4(554 2475 2482 561)
4(554 558 2479 2475)
4(554 561 565 558)
4(1707 554 2475 4530)
4(1707 2234 561 554)
4(1707 4530 4537 2234)
4(553 554 2475 2474)
4(4529 2474 2475 4530)
4(1706 553 2474 4529)
4(1706 1707 554 553)
4(1706 4529 4530 1707)
4(2474 2478 2479 2475)
4(553 557 2478 2474)
4(553 554 558 557)
4(2476 2480 2481 2477)
4(2474 2476 2477 2475)
4(2474 2478 2480 2476)
4(2490 2494 2495 2491)
4(2476 2480 2494 2490)
4(2476 2490 2491 2477)
4(2492 2496 2497 2493)
4(2490 2492 2493 2491)
4(2490 2494 2496 2492)
4(2986 2990 2991 2987)
4(2492 2496 2990 2986)
4(2492 2986 2987 2493)
4(2986 2988 2989 2987)
4(5189 5190 2987 2986)
4(5189 5191 5192 5190)
4(4824 5431 2986 2492)
4(4824 2492 2496 4828)
4(4547 5189 2986 2492)
4(383 4547 2492 4824)
4(383 839 5189 4547)
4(4547 4548 2493 2492)
4(4547 5189 5190 4548)
4(4545 2490 2492 4547)
4(4545 4546 2491 2490)
4(4545 4547 4548 4546)
4(4822 2490 2492 4824)
4(381 4545 2490 4822)
4(381 4822 4824 383)
4(381 383 4547 4545)
4(4822 2490 2494 4826)
4(4822 4826 4828 4824)
4(4808 4822 2490 2476)
4(4808 2476 2480 4812)
4(4808 4812 4826 4822)
4(4531 4545 2490 2476)
4(367 4531 2476 4808)
4(367 4808 4822 381)
4(367 381 4545 4531)
4(4531 4532 2477 2476)
4(4531 4545 4546 4532)
4(4529 2474 2476 4531)
4(4529 4531 4532 4530)
4(4806 2474 2476 4808)
4(365 4529 2474 4806)
4(365 367 4531 4529)
4(365 4806 4808 367)
4(4806 2474 2478 4810)
4(4806 4810 4812 4808)
4(2469 4806 2474 553)
4(2469 553 557 2473)
4(2469 2473 4810 4806)
4(4019 1706 553 2469)
4(4019 365 4529 1706)
4(4019 2469 4806 365)
4(2467 551 553 2469)
4(4017 1704 551 2467)
4(1704 1706 553 551)
4(4017 4019 1706 1704)
4(4017 2467 2469 4019)
4(551 553 557 555)
4(2467 551 555 2471)
4(2467 2471 2473 2469)
4(552 554 558 556)
4(551 552 556 555)
4(551 553 554 552)
4(559 561 565 563)
4(552 559 563 556)
4(552 554 561 559)
4(560 562 566 564)
4(559 560 564 563)
4(559 561 562 560)
4(583 585 589 587)
4(560 583 587 564)
4(560 562 585 583)
4(584 586 590 588)
4(583 584 588 587)
4(583 585 586 584)
4(591 593 952 950)
4(584 586 593 591)
4(584 591 950 588)
4(592 594 953 951)
4(591 593 594 592)
4(591 592 951 950)
4(1990 1992 1996 1994)
4(592 1990 1994 951)
4(592 594 1992 1990)
4(1991 1993 1997 1995)
4(1990 1991 1995 1994)
4(1990 1992 1993 1991)
4(1998 2000 2004 2002)
4(1991 1998 2002 1995)
4(1991 1993 2000 1998)
4(1999 2001 2005 2003)
4(1998 1999 2003 2002)
4(1998 2000 2001 1999)
4(2018 2020 2024 2022)
4(1999 2001 2020 2018)
4(1999 2018 2022 2003)
4(2019 2021 2025 2023)
4(2018 2020 2021 2019)
4(2018 2019 2023 2022)
4(2019 2026 2028 2023)
4(2019 2021 2027 2026)
4(2009 2019 2026 2015)
4(2009 2013 2023 2019)
4(2009 2015 2017 2013)
4(4049 2019 2026 4054)
4(4039 2009 2019 4049)
4(4039 4043 2015 2009)
4(4039 4049 4054 4043)
4(4049 2019 2021 4051)
4(4049 4051 4055 4054)
4(4048 2018 2020 4050)
4(4048 4049 2019 2018)
4(4048 4050 4051 4049)
4(3462 4048 2018 1999)
4(3462 3464 4050 4048)
4(3462 1999 2001 3464)
4(1985 2008 2018 1999)
4(4038 4048 2018 2008)
4(3448 3462 4048 4038)
4(3448 4038 2008 1985)
4(3448 1985 1999 3462)
4(2008 2018 2022 2012)
4(1985 2008 2012 1989)
4(1985 1989 2003 1999)
4(2008 2018 2019 2009)
4(2008 2009 2013 2012)
4(4038 4039 2009 2008)
4(4038 4048 4049 4039)
4(2006 2007 2009 2008)
4(4037 4039 2009 2007)
4(4036 2006 2008 4038)
4(4036 4037 2007 2006)
4(4036 4038 4039 4037)
4(2007 2009 2013 2011)
4(2006 2010 2012 2008)
4(2006 2007 2011 2010)
4(2007 2014 2016 2011)
4(2007 2009 2015 2014)
4(1346 2007 2014 1352)
4(1346 1350 2011 2007)
4(1346 1352 1354 1350)
4(4037 2007 2014 4042)
4(3412 1346 2007 4037)
4(3412 3416 1352 1346)
4(3412 4037 4042 3416)
4(4037 4039 4043 4042)
4(4035 4039 4043 4041)
4(4033 4040 4042 4037)
4(4033 4035 4041 4040)
4(4033 4037 4039 4035)
4(4045 4049 4054 4052)
4(4035 4045 4052 4041)
4(4035 4039 4049 4045)
4(4045 4047 4053 4052)
4(4045 4049 4051 4047)
4(4027 4030 4052 4045)
4(4027 4045 4047 4029)
4(4023 4035 4045 4027)
4(4023 4025 4041 4035)
4(4034 4035 4045 4044)
4(4026 4044 4045 4027)
4(4022 4034 4044 4026)
4(4022 4023 4035 4034)
4(4044 4048 4049 4045)
4(4034 4038 4048 4044)
4(4034 4035 4039 4038)
4(4044 4048 4050 4046)
4(4044 4046 4047 4045)
4(3460 3464 4050 4046)
4(3458 3460 4046 4044)
4(3458 4044 4048 3462)
4(3458 3462 3464 3460)
4(3460 6171 6206 4046)
4(3460 3464 6175 6171)
4(4028 6194 6206 4046)
4(3432 4028 4046 3460)
4(3432 3460 6171 5724)
4(4028 4029 4047 4046)
4(4026 4044 4046 4028)
4(3430 4026 4044 3458)
4(3430 3458 3460 3432)
4(3444 4034 4044 3458)
4(3424 4022 4034 3444)
4(3424 3444 3458 3430)
4(3444 4034 4038 3448)
4(3444 3448 3462 3458)
4(3446 4036 4038 3448)
4(4032 4034 4038 4036)
4(3442 4032 4036 3446)
4(3442 3444 4034 4032)
4(3442 3446 3448 3444)
4(1983 2006 2008 1985)
4(3446 4036 2006 1983)
4(3446 1983 1985 3448)
4(1983 2006 2010 1987)
4(1983 1987 1989 1985)
4(1345 2006 2010 1349)
4(981 1983 2006 1345)
4(981 985 1987 1983)
4(981 1345 1349 985)
4(1345 2006 2007 1346)
4(1345 1346 1350 1349)
4(3411 1345 2006 4036)
4(3411 3412 1346 1345)
4(3411 4036 4037 3412)
4(2765 981 1983 3446)
4(2765 3411 1345 981)
4(2765 3446 4036 3411)
4(980 981 1983 1982)
4(3445 1982 1983 3446)
4(2764 980 1982 3445)
4(2764 3445 3446 2765)
4(2764 2765 981 980)
4(1982 1986 1987 1983)
4(980 984 1986 1982)
4(980 981 985 984)
4(1984 1988 1989 1985)
4(1982 1984 1985 1983)
4(1982 1986 1988 1984)
4(1984 1988 2002 1998)
4(1984 1998 1999 1985)
4(1358 1991 1998 1984)
4(1358 1984 1988 1981)
4(1358 1981 1995 1991)
4(3454 1991 1998 3461)
4(3447 3461 1998 1984)
4(3440 3447 1984 1358)
4(3440 1358 1991 3454)
4(3440 3454 3461 3447)
4(3461 3463 2000 1998)
4(3454 1991 1993 3456)
4(3454 3456 3463 3461)
4(3461 3462 1999 1998)
4(3461 3463 3464 3462)
4(3447 3448 1985 1984)
4(3447 3461 3462 3448)
4(3445 1982 1984 3447)
4(3445 3447 3448 3446)
4(1356 1982 1984 1358)
4(3438 3445 1982 1356)
4(3438 1356 1358 3440)
4(3438 3440 3447 3445)
4(1356 1982 1986 1979)
4(1356 1979 1981 1358)
4(973 1356 1982 980)
4(973 977 1979 1356)
4(973 980 984 977)
4(2757 973 1356 3438)
4(2757 3438 3445 2764)
4(2757 2764 980 973)
4(972 973 1356 1355)
4(3437 1355 1356 3438)
4(2756 972 1355 3437)
4(2756 3437 3438 2757)
4(2756 2757 973 972)
4(1355 1978 1979 1356)
4(972 976 1978 1355)
4(972 973 977 976)
4(1357 1980 1981 1358)
4(1355 1357 1358 1356)
4(1355 1978 1980 1357)
4(1357 1980 1994 1990)
4(1357 1990 1991 1358)
4(578 592 1990 1357)
4(578 1357 1980 582)
4(578 582 951 592)
4(2281 592 1990 3453)
4(3439 3453 1990 1357)
4(2267 3439 1357 578)
4(2267 578 592 2281)
4(2267 2281 3453 3439)
4(3453 3455 1992 1990)
4(2281 592 594 2283)
4(2281 2283 3455 3453)
4(3453 3454 1991 1990)
4(3453 3455 3456 3454)
4(3439 3440 1358 1357)
4(3439 3453 3454 3440)
4(3437 1355 1357 3439)
4(3437 3439 3440 3438)
4(576 1355 1357 578)
4(2265 3437 1355 576)
4(2265 576 578 2267)
4(2265 2267 3439 3437)
4(576 1355 1978 580)
4(576 580 582 578)
4(6415 576 1355 972)
4(6415 972 976 6419)
4(6415 6419 580 576)
4(1667 2756 972 6415)
4(1667 6415 576 2265)
4(1667 2265 3437 2756)
4(6413 970 972 6415)
4(1665 1667 2756 2754)
4(2754 2756 972 970)
4(1665 2754 970 6413)
4(1665 6413 6415 1667)
4(970 972 976 974)
4(6413 970 974 6417)
4(6413 6417 6419 6415)
4(971 973 977 975)
4(970 972 973 971)
4(970 971 975 974)
4(978 980 984 982)
4(971 973 980 978)
4(971 978 982 975)
4(979 981 985 983)
4(978 980 981 979)
4(978 979 983 982)
4(1343 1345 1349 1347)
4(979 981 1345 1343)
4(979 1343 1347 983)
4(1344 1346 1350 1348)
4(1343 1345 1346 1344)
4(1343 1344 1348 1347)
4(1344 1351 1353 1348)
4(1344 1346 1352 1351)
4(1334 1344 1351 1340)
4(1334 1338 1348 1344)
4(1334 1340 1342 1338)
4(3410 1344 1351 3415)
4(3400 1334 1344 3410)
4(3400 3404 1340 1334)
4(3400 3410 3415 3404)
4(3410 1344 1346 3412)
4(3410 3412 3416 3415)
4(3409 1343 1345 3411)
4(3409 3410 1344 1343)
4(3409 3411 3412 3410)
4(2763 3409 1343 979)
4(2763 979 981 2765)
4(2763 2765 3411 3409)
4(965 1333 1343 979)
4(3399 3409 1343 1333)
4(2749 965 979 2763)
4(2749 3399 1333 965)
4(2749 2763 3409 3399)
4(1333 1343 1347 1337)
4(965 969 983 979)
4(965 1333 1337 969)
4(1333 1343 1344 1334)
4(1333 1334 1338 1337)
4(3399 3400 1334 1333)
4(3399 3409 3410 3400)
4(1331 1332 1334 1333)
4(3398 3400 1334 1332)
4(3397 3398 1332 1331)
4(3397 1331 1333 3399)
4(3397 3399 3400 3398)
4(1332 1334 1338 1336)
4(1331 1335 1337 1333)
4(1331 1332 1336 1335)
4(1332 1339 1341 1336)
4(1332 1334 1340 1339)
4(5422 1332 1339 5428)
4(5422 5426 1336 1332)
4(5422 5428 5430 5426)
4(3398 1332 1339 3403)
4(832 5422 1332 3398)
4(832 836 5428 5422)
4(832 3398 3403 836)
4(3398 3400 3404 3403)
4(3396 3400 3404 3402)
4(3394 3401 3403 3398)
4(3394 3396 3402 3401)
4(3394 3398 3400 3396)
4(3406 3410 3415 3413)
4(3396 3406 3413 3402)
4(3396 3400 3410 3406)
4(3408 3412 3416 3414)
4(3406 3408 3414 3413)
4(3406 3410 3412 3408)
4(3408 4033 4040 3414)
4(3408 3412 4037 4033)
4(4021 4033 4040 4024)
4(2775 2777 3414 3408)
4(2775 3408 4033 4021)
4(4021 4033 4035 4023)
4(4032 4033 4035 4034)
4(4020 4032 4034 4022)
4(4020 4021 4033 4032)
4(4032 4033 4037 4036)
4(3407 3411 4036 4032)
4(3407 3408 3412 3411)
4(3407 4032 4033 3408)
4(2761 3442 4032 3407)
4(2761 2765 3446 3442)
4(2761 3407 3411 2765)
4(3422 3442 4032 4020)
4(2733 2761 3442 3422)
4(2733 2774 3407 2761)
4(2774 4020 4032 3407)
4(3422 3442 3444 3424)
4(3441 3442 3444 3443)
4(3423 3443 3444 3424)
4(3421 3422 3442 3441)
4(3421 3441 3443 3423)
4(3443 3447 3448 3444)
4(3441 3445 3447 3443)
4(3441 3442 3446 3445)
4(3457 3461 3462 3458)
4(3443 3447 3461 3457)
4(3443 3457 3458 3444)
4(3459 3463 3464 3460)
4(3457 3459 3460 3458)
4(3457 3461 3463 3459)
4(6170 6174 6175 6171)
4(3459 3463 6174 6170)
4(3459 6170 6171 3460)
4(6170 6174 6176 6172)
4(6170 6172 6173 6171)
4(6163 6170 6174 6167)
4(6163 6165 6172 6170)
4(6163 6167 6169 6165)
4(3452 6163 6170 3459)
4(3452 3459 3463 3456)
4(3452 3456 6167 6163)
4(5720 6163 6170 5723)
4(3431 5723 6170 3459)
4(3428 3431 3459 3452)
4(3428 3452 6163 5720)
4(5723 5725 6172 6170)
4(5720 6163 6165 5722)
4(5723 5724 6171 6170)
4(3431 3432 3460 3459)
4(3429 3457 3459 3431)
4(3429 3430 3458 3457)
4(3450 3457 3459 3452)
4(3426 3429 3457 3450)
4(3426 3450 3452 3428)
4(3450 3457 3461 3454)
4(3450 3454 3456 3452)
4(3436 3450 3457 3443)
4(3436 3440 3454 3450)
4(3436 3443 3447 3440)
4(3423 3429 3457 3443)
4(3420 3436 3450 3426)
4(3420 3423 3443 3436)
4(3435 3436 3450 3449)
4(3425 3449 3450 3426)
4(3419 3435 3449 3425)
4(3419 3420 3436 3435)
4(3449 3453 3454 3450)
4(3435 3439 3453 3449)
4(3435 3436 3440 3439)
4(3451 3455 3456 3452)
4(3449 3453 3455 3451)
4(3449 3451 3452 3450)
4(6162 6166 6167 6163)
4(3451 6162 6163 3452)
4(3451 3455 6166 6162)
4(6162 6166 6168 6164)
4(6162 6164 6165 6163)
4(4584 5160 6168 6164)
4(4582 4584 6164 6162)
4(4582 6162 6166 5158)
4(4582 5158 5160 4584)
4(5170 5174 6182 6178)
4(4584 5170 6178 6164)
4(4584 5160 5174 5170)
4(5172 5176 6184 6180)
4(5170 5172 6180 6178)
4(6178 6180 6184 6182)
4(5170 5174 5176 5172)
4(6180 391 393 6184)
4(5172 5712 391 6180)
4(5172 5176 5716 5712)
4(6180 391 392 6181)
4(6180 6181 6185 6184)
4(6156 6180 391 388)
4(6156 6157 6181 6180)
4(4572 6156 6180 5172)
4(4572 5172 5712 5206)
4(6154 6156 6180 6178)
4(4570 6154 6178 5170)
4(4570 5170 5172 4572)
4(6178 6179 6181 6180)
4(6182 6183 6185 6184)
4(4564 5721 6164 4584)
4(4564 4584 5170 4570)
4(5719 5721 6164 6162)
4(4562 5719 6162 4582)
4(4562 4582 4584 4564)
4(5719 5720 6163 6162)
4(3427 3451 6162 5719)
4(3427 3428 3452 3451)
4(2279 3451 6162 4582)
4(2251 2279 4582 4562)
4(2251 3427 3451 2279)
4(2279 2283 5158 4582)
4(2279 3451 3455 2283)
4(4581 5157 5158 4582)
4(2278 2282 5157 4581)
4(2278 4581 4582 2279)
4(2278 2279 2283 2282)
4(4583 5159 5160 4584)
4(4581 4583 4584 4582)
4(4581 5157 5159 4583)
4(5169 5173 5174 5170)
4(4583 5159 5173 5169)
4(4583 5169 5170 4584)
4(5171 5175 5176 5172)
4(5169 5171 5172 5170)
4(5169 5173 5175 5171)
4(5711 5715 5716 5712)
4(5171 5175 5715 5711)
4(5171 5711 5712 5172)
4(5711 5713 5714 5712)
4(5711 5715 5717 5713)
4(5205 5711 5713 5207)
4(5205 5206 5712 5711)
4(5704 5711 5713 5706)
4(5202 5205 5711 5704)
4(5202 5704 5706 5204)
4(5704 5711 5715 5708)
4(5704 5708 5710 5706)
4(5164 5704 5711 5171)
4(5164 5171 5175 5168)
4(5164 5168 5708 5704)
4(4571 5205 5711 5171)
4(4568 4571 5171 5164)
4(4568 5164 5704 5202)
4(4571 4572 5172 5171)
4(4569 5169 5171 4571)
4(4569 4570 5170 5169)
4(5162 5169 5171 5164)
4(4566 4569 5169 5162)
4(4566 5162 5164 4568)
4(5162 5169 5173 5166)
4(5162 5166 5168 5164)
4(4576 5162 5169 4583)
4(4576 4583 5159 4580)
4(4576 4580 5166 5162)
4(4563 4569 5169 4583)
4(4560 4563 4583 4576)
4(4560 4576 5162 4566)
4(4563 4564 4584 4583)
4(4561 4581 4583 4563)
4(4561 4562 4582 4581)
4(4574 4581 4583 4576)
4(4558 4561 4581 4574)
4(4558 4574 4576 4560)
4(4574 4581 5157 4578)
4(4574 4578 4580 4576)
4(2271 4574 4581 2278)
4(2271 2275 4578 4574)
4(2271 2278 2282 2275)
4(2250 4561 4581 2278)
4(2247 2271 4574 4558)
4(2247 2250 2278 2271)
4(2250 2251 2279 2278)
4(2276 2277 2279 2278)
4(2248 2276 2278 2250)
4(2249 2251 2279 2277)
4(2248 2249 2277 2276)
4(2280 2281 2283 2282)
4(2276 2280 2282 2278)
4(2276 2277 2281 2280)
4(2277 2279 2283 2281)
4(2280 591 593 2282)
4(2280 2281 592 591)
4(2273 2280 591 584)
4(2273 584 586 2275)
4(2273 2275 2282 2280)
4(570 577 591 584)
4(2266 2280 591 577)
4(2259 2266 577 570)
4(2259 570 584 2273)
4(2259 2273 2280 2266)
4(577 591 950 581)
4(570 577 581 574)
4(570 574 588 584)
4(577 591 592 578)
4(577 578 582 581)
4(2266 2267 578 577)
4(2266 2280 2281 2267)
4(575 576 578 577)
4(2264 2265 576 575)
4(2264 575 577 2266)
4(2264 2266 2267 2265)
4(575 579 581 577)
4(575 576 580 579)
4(568 575 579 572)
4(568 570 577 575)
4(568 572 574 570)
4(6414 575 579 6418)
4(6407 568 575 6414)
4(6407 6414 6418 6411)
4(6407 6411 572 568)
4(6414 575 576 6415)
4(6414 6415 6419 6418)
4(1666 6414 575 2264)
4(1666 1667 6415 6414)
4(1666 2264 2265 1667)
4(2257 568 575 2264)
4(1659 1666 6414 6407)
4(1659 6407 568 2257)
4(1659 2257 2264 1666)
4(2257 568 570 2259)
4(2257 2259 2266 2264)
4(567 568 570 569)
4(2258 569 570 2259)
4(2256 567 569 2258)
4(2256 2257 568 567)
4(2256 2258 2259 2257)
4(569 573 574 570)
4(567 568 572 571)
4(567 571 573 569)
4(569 573 587 583)
4(569 583 584 570)
4(546 560 583 569)
4(546 569 573 550)
4(546 550 564 560)
4(2233 560 583 2272)
4(2258 2272 583 569)
4(1699 2258 569 546)
4(1699 546 560 2233)
4(1699 2233 2272 2258)
4(2272 2274 585 583)
4(2233 560 562 2235)
4(2233 2235 2274 2272)
4(2272 2273 584 583)
4(2272 2274 2275 2273)
4(2258 2272 2273 2259)
4(2268 2272 2273 2269)
4(2255 2269 2273 2259)
4(2254 2258 2272 2268)
4(2254 2268 2269 2255)
4(2254 2255 2259 2258)
4(2270 2274 2275 2271)
4(2268 2270 2271 2269)
4(2269 2271 2275 2273)
4(2268 2272 2274 2270)
4(4573 4577 4578 4574)
4(2270 2274 4577 4573)
4(2270 4573 4574 2271)
4(4575 4579 4580 4576)
4(4573 4575 4576 4574)
4(4573 4577 4579 4575)
4(5161 5165 5166 5162)
4(4575 4579 5165 5161)
4(4575 5161 5162 4576)
4(5163 5167 5168 5164)
4(5161 5163 5164 5162)
4(5161 5165 5167 5163)
4(5703 5707 5708 5704)
4(5163 5167 5707 5703)
4(5163 5703 5704 5164)
4(5703 5705 5706 5704)
4(5703 5707 5709 5705)
4(5201 5703 5705 5203)
4(5201 5202 5704 5703)
4(5194 5703 5705 5196)
4(5182 5201 5703 5194)
4(5182 5194 5196 5184)
4(5194 5703 5707 5198)
4(5194 5198 5200 5196)
4(4552 5194 5703 5163)
4(4552 5163 5167 4556)
4(4552 4556 5198 5194)
4(4567 5201 5703 5163)
4(4524 4567 5163 4552)
4(4524 4552 5194 5182)
4(4567 4568 5164 5163)
4(4565 5161 5163 4567)
4(4565 4566 5162 5161)
4(4550 5161 5163 4552)
4(4522 4565 5161 4550)
4(4522 4550 4552 4524)
4(4550 5161 5165 4554)
4(4550 4554 4556 4552)
4(4536 4550 5161 4575)
4(4536 4575 4579 4540)
4(4536 4540 4554 4550)
4(4559 4565 5161 4575)
4(4516 4559 4575 4536)
4(4516 4536 4550 4522)
4(4559 4560 4576 4575)
4(4557 4573 4575 4559)
4(4557 4558 4574 4573)
4(4534 4573 4575 4536)
4(4514 4557 4573 4534)
4(4514 4534 4536 4516)
4(4534 4573 4577 4538)
4(4534 4538 4540 4536)
4(2231 4534 4573 2270)
4(2231 2235 4538 4534)
4(2231 2270 2274 2235)
4(2246 4557 4573 2270)
4(1683 2231 4534 4514)
4(1683 2246 2270 2231)
4(2246 2247 2271 2270)
4(2245 2247 2271 2269)
4(2244 2268 2270 2246)
4(2244 2245 2269 2268)
4(2269 2276 2278 2271)
4(2245 2248 2276 2269)
4(2269 2276 2280 2273)
4(2262 2276 2280 2266)
4(2255 2269 2276 2262)
4(2255 2262 2266 2259)
4(2263 2277 2281 2267)
4(2262 2276 2277 2263)
4(2262 2263 2267 2266)
4(2277 2281 3453 3449)
4(2263 2277 3449 3435)
4(2263 3435 3439 2267)
4(2277 2279 3451 3449)
4(3425 3427 3451 3449)
4(2249 3425 3449 2277)
4(2243 3419 3435 2263)
4(2243 2263 2277 2249)
4(2261 3433 3435 2263)
4(3417 3419 3435 3433)
4(2241 3417 3433 2261)
4(2241 2261 2263 2243)
4(3433 3435 3439 3437)
4(2261 3433 3437 2265)
4(2261 2265 2267 2263)
4(3434 3436 3440 3438)
4(3433 3435 3436 3434)
4(3433 3434 3438 3437)
4(3434 3441 3445 3438)
4(3434 3436 3443 3441)
4(2760 3441 3445 2764)
4(2753 3434 3441 2760)
4(2753 2757 3438 3434)
4(2753 2760 2764 2757)
4(2760 3441 3442 2761)
4(2760 2761 2765 2764)
4(2732 2760 3441 3421)
4(2732 2733 2761 2760)
4(3418 3434 3441 3421)
4(2729 2753 3434 3418)
4(2729 2732 2760 2753)
4(3418 3434 3436 3420)
4(3417 3418 3434 3433)
4(2752 2753 3434 3433)
4(2728 2752 3433 3417)
4(2728 2729 2753 2752)
4(2752 2756 3437 3433)
4(2752 2753 2757 2756)
4(1663 2261 3433 2752)
4(1663 2752 2756 1667)
4(1663 1667 2265 2261)
4(1635 2728 2752 1663)
4(1635 1663 2261 2241)
4(1661 2750 2752 1663)
4(2726 2728 2752 2750)
4(1633 2726 2750 1661)
4(1633 1661 1663 1635)
4(2750 2752 2756 2754)
4(1661 2750 2754 1665)
4(1661 1665 1667 1663)
4(2754 2755 2757 2756)
4(2751 2753 2757 2755)
4(2750 2752 2753 2751)
4(2750 2751 2755 2754)
4(2755 2757 973 971)
4(2754 2755 971 970)
4(2762 2764 980 978)
4(2755 2762 978 971)
4(2755 2757 2764 2762)
4(2762 2763 979 978)
4(2762 2764 2765 2763)
4(964 965 979 978)
4(2748 964 978 2762)
4(2748 2749 965 964)
4(2748 2762 2763 2749)
4(964 968 982 978)
4(964 965 969 968)
4(957 971 978 964)
4(957 961 975 971)
4(957 964 968 961)
4(2741 957 971 2755)
4(2741 2748 964 957)
4(2741 2755 2762 2748)
4(956 957 971 970)
4(2740 956 970 2754)
4(2740 2754 2755 2741)
4(2740 2741 957 956)
4(956 960 974 970)
4(956 957 961 960)
4(6399 6413 970 956)
4(6399 956 960 6403)
4(6399 6403 6417 6413)
4(1651 2740 956 6399)
4(1651 1665 2754 2740)
4(1651 6399 6413 1665)
4(6397 954 956 6399)
4(1649 1651 2740 2738)
4(2738 2740 956 954)
4(1649 2738 954 6397)
4(1649 6397 6399 1651)
4(954 956 960 958)
4(6397 954 958 6401)
4(6397 6401 6403 6399)
4(955 957 961 959)
4(954 956 957 955)
4(954 955 959 958)
4(962 964 968 966)
4(955 957 964 962)
4(955 962 966 959)
4(963 965 969 967)
4(962 964 965 963)
4(962 963 967 966)
4(963 1331 1335 967)
4(963 965 1333 1331)
4(5421 1331 1335 5425)
4(5402 963 1331 5421)
4(5402 5406 967 963)
4(5402 5421 5425 5406)
4(5421 1331 1332 5422)
4(5421 5422 5426 5425)
4(831 5421 1331 3397)
4(831 832 5422 5421)
4(831 3397 3398 832)
4(2747 963 1331 3397)
4(800 5402 963 2747)
4(800 831 5421 5402)
4(800 2747 3397 831)
4(2747 963 965 2749)
4(2747 2749 3399 3397)
4(2746 962 964 2748)
4(2746 2747 963 962)
4(2746 2748 2749 2747)
4(2739 2746 962 955)
4(2739 955 957 2741)
4(2739 2741 2748 2746)
4(5394 5401 962 955)
4(799 2746 962 5401)
4(355 5394 955 2739)
4(355 2739 2746 799)
4(355 799 5401 5394)
4(5401 962 966 5405)
4(5394 5398 959 955)
4(5394 5401 5405 5398)
4(5401 962 963 5402)
4(5401 5402 5406 5405)
4(799 800 5402 5401)
4(799 2746 2747 800)
4(5399 5400 5402 5401)
4(798 800 5402 5400)
4(797 5399 5401 799)
4(797 798 5400 5399)
4(797 799 800 798)
4(5400 5402 5406 5404)
4(5399 5400 5404 5403)
4(5399 5403 5405 5401)
4(5419 5421 5425 5423)
4(5400 5402 5421 5419)
4(5400 5419 5423 5404)
4(5420 5422 5426 5424)
4(5419 5421 5422 5420)
4(5419 5420 5424 5423)
4(5420 5427 5429 5424)
4(5420 5422 5428 5427)
4(5410 5420 5427 5416)
4(5410 5414 5424 5420)
4(5410 5416 5418 5414)
4(830 5420 5427 835)
4(820 5410 5420 830)
4(820 824 5416 5410)
4(820 830 835 824)
4(830 5420 5422 832)
4(830 832 836 835)
4(829 5419 5421 831)
4(829 830 5420 5419)
4(829 831 832 830)
4(798 829 5419 5400)
4(798 800 831 829)
4(5386 5409 5419 5400)
4(819 829 5419 5409)
4(347 798 829 819)
4(347 819 5409 5386)
4(347 5386 5400 798)
4(5409 5419 5423 5413)
4(5386 5409 5413 5390)
4(5386 5390 5404 5400)
4(5409 5419 5420 5410)
4(5409 5410 5414 5413)
4(819 820 5410 5409)
4(819 829 830 820)
4(5407 5408 5410 5409)
4(818 820 5410 5408)
4(817 818 5408 5407)
4(817 5407 5409 819)
4(817 819 820 818)
4(5408 5410 5414 5412)
4(5407 5408 5412 5411)
4(5407 5411 5413 5409)
4(5408 5415 5417 5412)
4(5408 5410 5416 5415)
4(4788 5408 5415 4794)
4(4788 4792 5412 5408)
4(4788 4794 4796 4792)
4(818 5408 5415 823)
4(311 818 823 315)
4(311 4788 5408 818)
4(311 315 4794 4788)
4(818 820 824 823)
4(816 820 824 822)
4(814 816 822 821)
4(814 821 823 818)
4(814 818 820 816)
4(826 830 835 833)
4(816 820 830 826)
4(816 826 833 822)
4(828 832 836 834)
4(826 830 832 828)
4(826 828 834 833)
4(828 3394 3401 834)
4(828 832 3398 3394)
4(2767 3394 3401 2770)
4(810 828 3394 2767)
4(810 812 834 828)
4(2769 3396 3402 2771)
4(2767 3394 3396 2769)
4(2773 3406 3413 2776)
4(2769 3396 3406 2773)
4(2773 3406 3408 2775)
4(3405 3406 3408 3407)
4(2772 2773 3406 3405)
4(2772 3405 3407 2774)
4(2774 3407 3408 2775)
4(3405 3409 3411 3407)
4(3405 3406 3410 3409)
4(2759 3405 3409 2763)
4(2759 2761 3407 3405)
4(2759 2763 2765 2761)
4(3395 3405 3409 3399)
4(2745 2759 3405 3395)
4(2745 2749 2763 2759)
4(2745 3395 3399 2749)
4(3395 3405 3406 3396)
4(3395 3396 3400 3399)
4(2768 3395 3405 2772)
4(2768 2769 3396 3395)
4(2731 2759 3405 2772)
4(2725 2745 2759 2731)
4(2725 2768 3395 2745)
4(2731 2759 2761 2733)
4(2758 2759 2761 2760)
4(2730 2731 2759 2758)
4(2730 2758 2760 2732)
4(2758 2762 2764 2760)
4(2758 2759 2763 2762)
4(2751 2758 2762 2755)
4(2751 2753 2760 2758)
4(2744 2758 2762 2748)
4(2737 2751 2758 2744)
4(2737 2741 2755 2751)
4(2737 2744 2748 2741)
4(2744 2758 2759 2745)
4(2744 2745 2749 2748)
4(2724 2744 2758 2730)
4(2724 2725 2745 2744)
4(2727 2751 2758 2730)
4(2721 2737 2751 2727)
4(2721 2724 2744 2737)
4(2727 2751 2753 2729)
4(2726 2727 2751 2750)
4(2736 2737 2751 2750)
4(2720 2736 2750 2726)
4(2720 2721 2737 2736)
4(2736 2740 2754 2750)
4(2736 2737 2741 2740)
4(1647 1661 2750 2736)
4(1647 2736 2740 1651)
4(1647 1651 1665 1661)
4(1108 2720 2736 1647)
4(1108 1647 1661 1633)
4(1645 2734 2736 1647)
4(1106 1645 1647 1108)
4(2718 2720 2736 2734)
4(1106 2718 2734 1645)
4(2734 2736 2740 2738)
4(1645 1649 1651 1647)
4(1645 2734 2738 1649)
4(2738 2739 2741 2740)
4(2734 2735 2739 2738)
4(2735 2737 2741 2739)
4(2734 2736 2737 2735)
4(2738 2739 955 954)
4(5393 5394 955 954)
4(354 5393 954 2738)
4(354 2738 2739 355)
4(354 355 5394 5393)
4(5393 5397 958 954)
4(5393 5394 5398 5397)
4(4211 6397 954 5393)
4(4211 4215 6401 6397)
4(4211 5393 5397 4215)
4(5702 4211 6397 1649)
4(5702 1649 2738 354)
4(5702 354 5393 4211)
4(4210 4211 6397 6396)
4(1648 6396 6397 1649)
4(5701 4210 6396 1648)
4(5701 1648 1649 5702)
4(5701 5702 4211 4210)
4(6396 6400 6401 6397)
4(4210 4214 6400 6396)
4(4210 4211 4215 4214)
4(6398 6402 6403 6399)
4(6396 6398 6399 6397)
4(6396 6400 6402 6398)
4(6412 6416 6417 6413)
4(6398 6402 6416 6412)
4(6398 6412 6413 6399)
4(6412 6416 6418 6414)
4(6412 6414 6415 6413)
4(6405 6412 6416 6409)
4(6405 6407 6414 6412)
4(6405 6409 6411 6407)
4(6391 6405 6412 6398)
4(6391 6398 6402 6395)
4(6391 6395 6409 6405)
4(1657 6405 6412 1664)
4(1650 1664 6412 6398)
4(1643 1650 6398 6391)
4(1643 6391 6405 1657)
4(1643 1657 1664 1650)
4(1664 1666 6414 6412)
4(1657 6405 6407 1659)
4(1657 1659 1666 1664)
4(1664 1665 6413 6412)
4(1664 1666 1667 1665)
4(1650 1651 6399 6398)
4(1650 1664 1665 1651)
4(1648 6396 6398 1650)
4(1648 1650 1651 1649)
4(6389 6396 6398 6391)
4(1641 1648 6396 6389)
4(1641 6389 6391 1643)
4(1641 1643 1650 1648)
4(6389 6396 6400 6393)
4(6389 6393 6395 6391)
4(3634 6389 6396 4210)
4(3634 4207 6393 6389)
4(3634 4210 4214 4207)
4(5694 3634 6389 1641)
4(5694 1641 1648 5701)
4(5694 5701 4210 3634)
4(3633 3634 6389 6388)
4(1640 6388 6389 1641)
4(5693 3633 6388 1640)
4(5693 1640 1641 5694)
4(5693 5694 3634 3633)
4(6388 6392 6393 6389)
4(3633 4206 6392 6388)
4(3633 3634 4207 4206)
4(6390 6394 6395 6391)
4(6388 6390 6391 6389)
4(6388 6392 6394 6390)
4(6404 6408 6409 6405)
4(6390 6394 6408 6404)
4(6390 6404 6405 6391)
4(6406 6410 6411 6407)
4(6404 6406 6407 6405)
4(6404 6408 6410 6406)
4(6406 6410 571 567)
4(6406 567 568 6407)
4(544 548 571 567)
4(6383 544 567 6406)
4(6383 6406 6410 6387)
4(6383 6387 548 544)
4(544 546 569 567)
4(544 548 550 546)
4(1697 2256 567 544)
4(1697 544 546 1699)
4(1697 1699 2258 2256)
4(1658 2256 567 6406)
4(1100 1658 6406 6383)
4(1100 6383 544 1697)
4(1100 1697 2256 1658)
4(1658 1659 6407 6406)
4(1658 2256 2257 1659)
4(1656 6404 6406 1658)
4(1656 1657 6405 6404)
4(1656 1658 1659 1657)
4(6381 6404 6406 6383)
4(1098 1656 6404 6381)
4(1098 6381 6383 1100)
4(1098 1100 1658 1656)
4(6381 6404 6408 6385)
4(6381 6385 6387 6383)
4(5810 6381 6404 6390)
4(5810 6390 6394 5814)
4(5810 5814 6385 6381)
4(1642 1656 6404 6390)
4(1084 1642 6390 5810)
4(1084 5810 6381 1098)
4(1084 1098 1656 1642)
4(1642 1643 6391 6390)
4(1642 1656 1657 1643)
4(1640 6388 6390 1642)
4(1640 1642 1643 1641)
4(5808 6388 6390 5810)
4(1082 1640 6388 5808)
4(1082 5808 5810 1084)
4(1082 1084 1642 1640)
4(5808 6388 6392 5812)
4(5808 5812 5814 5810)
4(3610 5808 6388 3633)
4(3610 3614 5812 5808)
4(3610 3633 4206 3614)
4(5654 3610 5808 1082)
4(5654 1082 1640 5693)
4(5654 5693 3633 3610)
4(3609 3610 5808 5807)
4(1081 5807 5808 1082)
4(5653 3609 5807 1081)
4(5653 1081 1082 5654)
4(5653 5654 3610 3609)
4(5807 5811 5812 5808)
4(3609 3613 5811 5807)
4(3609 3610 3614 3613)
4(5809 5813 5814 5810)
4(5807 5809 5810 5808)
4(5807 5811 5813 5809)
4(6380 6384 6385 6381)
4(5809 5813 6384 6380)
4(5809 6380 6381 5810)
4(6382 6386 6387 6383)
4(6380 6382 6383 6381)
4(6380 6384 6386 6382)
4(543 547 548 544)
4(6382 6386 547 543)
4(6382 543 544 6383)
4(545 549 550 546)
4(543 545 546 544)
4(543 547 549 545)
4(545 549 563 559)
4(545 559 560 546)
4(538 552 559 545)
4(538 545 549 542)
4(538 542 556 552)
4(1705 552 559 2232)
4(1698 2232 559 545)
4(1691 1698 545 538)
4(1691 538 552 1705)
4(1691 1705 2232 1698)
4(2232 2234 561 559)
4(1705 552 554 1707)
4(1705 1707 2234 2232)
4(2232 2233 560 559)
4(2232 2234 2235 2233)
4(1698 1699 546 545)
4(1698 2232 2233 1699)
4(1696 543 545 1698)
4(1696 1697 544 543)
4(1696 1698 1699 1697)
4(536 543 545 538)
4(1689 1696 543 536)
4(1689 536 538 1691)
4(1689 1691 1698 1696)
4(536 543 547 540)
4(536 540 542 538)
4(5818 536 543 6382)
4(5818 6382 6386 6379)
4(5818 6379 540 536)
4(1099 1696 543 6382)
4(1092 1099 6382 5818)
4(1092 5818 536 1689)
4(1092 1689 1696 1099)
4(1099 1100 6383 6382)
4(1099 1696 1697 1100)
4(1097 6380 6382 1099)
4(1097 1098 6381 6380)
4(1097 1099 1100 1098)
4(5816 6380 6382 5818)
4(1090 1097 6380 5816)
4(1090 5816 5818 1092)
4(1090 1092 1099 1097)
4(5816 6380 6384 6377)
4(5816 6377 6379 5818)
4(5802 5816 6380 5809)
4(5802 5809 5813 5806)
4(5802 5806 6377 5816)
4(1083 1097 6380 5809)
4(1076 1083 5809 5802)
4(1076 5802 5816 1090)
4(1076 1090 1097 1083)
4(1083 1084 5810 5809)
4(1083 1097 1098 1084)
4(1081 5807 5809 1083)
4(1081 1083 1084 1082)
4(5800 5807 5809 5802)
4(1074 1081 5807 5800)
4(1074 1076 1083 1081)
4(1074 5800 5802 1076)
4(5800 5807 5811 5804)
4(5800 5804 5806 5802)
4(3602 5800 5807 3609)
4(3602 3606 5804 5800)
4(3602 3609 3613 3606)
4(5646 3602 5800 1074)
4(5646 1074 1081 5653)
4(5646 5653 3609 3602)
4(3601 3602 5800 5799)
4(5645 1073 1074 5646)
4(1073 5799 5800 1074)
4(5645 3601 5799 1073)
4(5645 5646 3602 3601)
4(5799 5803 5804 5800)
4(3601 3605 5803 5799)
4(3601 3602 3606 3605)
4(5801 5805 5806 5802)
4(5799 5801 5802 5800)
4(5799 5803 5805 5801)
4(5815 6376 6377 5816)
4(5801 5805 6376 5815)
4(5801 5815 5816 5802)
4(5817 6378 6379 5818)
4(5815 6376 6378 5817)
4(5815 5817 5818 5816)
4(535 539 540 536)
4(5817 6378 539 535)
4(5817 535 536 5818)
4(537 541 542 538)
4(535 539 541 537)
4(535 537 538 536)
4(537 541 555 551)
4(537 551 552 538)
4(1965 2467 551 537)
4(1965 537 541 1969)
4(1965 1969 2471 2467)
4(1690 1704 551 537)
4(4003 4017 1704 1690)
4(4003 1690 537 1965)
4(4003 1965 2467 4017)
4(1704 551 552 1705)
4(1690 1704 1705 1691)
4(1690 1691 538 537)
4(1704 1706 1707 1705)
4(1702 1706 1707 1703)
4(1701 1703 1707 1705)
4(1700 1701 1705 1704)
4(1700 1704 1706 1702)
4(1700 1702 1703 1701)
4(4525 4529 4530 4526)
4(1703 4526 4530 1707)
4(1702 1706 4529 4525)
4(1702 4525 4526 1703)
4(4527 4531 4532 4528)
4(4525 4527 4528 4526)
4(4526 4528 4532 4530)
4(4525 4529 4531 4527)
4(4541 4545 4546 4542)
4(4528 4542 4546 4532)
4(4527 4531 4545 4541)
4(4527 4541 4542 4528)
4(4543 4547 4548 4544)
4(4542 4544 4548 4546)
4(4541 4543 4544 4542)
4(4541 4545 4547 4543)
4(5185 5189 5190 5186)
4(4543 4547 5189 5185)
4(4544 5186 5190 4548)
4(4543 5185 5186 4544)
4(5185 5187 5188 5186)
4(5186 5188 5192 5190)
4(4821 4822 4824 4823)
4(380 381 4822 4821)
4(380 4821 4823 382)
4(380 382 383 381)
4(4821 4825 4827 4823)
4(4821 4822 4826 4825)
4(4814 4821 4825 4818)
4(4814 4816 4823 4821)
4(4814 4818 4820 4816)
4(4807 4821 4825 4811)
4(4800 4814 4821 4807)
4(4800 4807 4811 4804)
4(4800 4804 4818 4814)
4(4807 4821 4822 4808)
4(4807 4808 4812 4811)
4(366 4807 4821 380)
4(366 367 4808 4807)
4(366 380 381 367)
4(373 4814 4821 380)
4(6153 366 4807 4800)
4(6153 4800 4814 373)
4(6153 373 380 366)
4(373 4814 4816 375)
4(373 375 382 380)
4(4813 4814 4816 4815)
4(372 4813 4815 374)
4(372 373 4814 4813)
4(372 374 375 373)
4(4813 4814 4818 4817)
4(4813 4817 4819 4815)
4(379 838 5185 4543)
4(379 4543 4547 383)
4(4519 5177 5185 4543)
4(6145 4519 4543 379)
4(5178 5180 5188 5186)
4(5177 5178 5186 5185)
4(5186 5193 5195 5188)
4(5178 5181 5193 5186)
4(5181 5183 5195 5193)
4(5193 5195 5199 5197)
4(5186 5193 5197 5190)
4(5193 5194 5198 5197)
4(5193 5195 5196 5194)
4(4551 4555 5197 5193)
4(4551 5193 5194 4552)
4(4551 4552 4556 4555)
4(4544 5186 5193 4551)
4(4544 4551 4555 4548)
4(4523 5181 5193 4551)
4(4520 4523 4551 4544)
4(4520 4544 5186 5178)
4(5181 5193 5194 5182)
4(4523 4524 4552 4551)
4(4549 4550 4552 4551)
4(4521 4522 4550 4549)
4(4521 4549 4551 4523)
4(4549 4553 4555 4551)
4(4549 4550 4554 4553)
4(4542 4549 4553 4546)
4(4542 4544 4551 4549)
4(4535 4549 4553 4539)
4(4528 4542 4549 4535)
4(4528 4535 4539 4532)
4(4535 4549 4550 4536)
4(4535 4536 4540 4539)
4(4515 4535 4549 4521)
4(4515 4516 4536 4535)
4(4518 4542 4549 4521)
4(4059 4528 4542 4518)
4(4059 4515 4535 4528)
4(4518 4542 4544 4520)
4(4519 4543 4544 4520)
4(4517 4541 4543 4519)
4(4517 4518 4542 4541)
4(377 4541 4543 379)
4(6143 4517 4541 377)
4(6143 377 379 6145)
4(377 4541 4545 381)
4(377 381 383 379)
4(363 377 4541 4527)
4(363 4527 4531 367)
4(363 367 381 377)
4(4058 4517 4541 4527)
4(6137 4058 4527 363)
4(6137 363 377 6143)
4(4058 4059 4528 4527)
4(4057 4059 4528 4526)
4(4056 4525 4527 4058)
4(4056 4057 4526 4525)
4(4526 4533 4535 4528)
4(4057 4513 4533 4526)
4(4513 4515 4535 4533)
4(4533 4535 4539 4537)
4(4526 4533 4537 4530)
4(4533 4534 4538 4537)
4(4533 4535 4536 4534)
4(2230 2234 4537 4533)
4(2230 4533 4534 2231)
4(2230 2231 2235 2234)
4(1703 4526 4533 2230)
4(1703 2230 2234 1707)
4(1682 4513 4533 2230)
4(1679 1682 2230 1703)
4(1679 1703 4526 4057)
4(4513 4533 4534 4514)
4(1682 1683 2231 2230)
4(2228 2229 2231 2230)
4(1681 1683 2231 2229)
4(1680 2228 2230 1682)
4(1680 1681 2229 2228)
4(2229 2231 2235 2233)
4(2228 2229 2233 2232)
4(2228 2232 2234 2230)
4(2229 2268 2272 2233)
4(2229 2231 2270 2268)
4(1695 2229 2268 2254)
4(1695 2254 2258 1699)
4(1695 1699 2233 2229)
4(1681 2229 2268 2244)
4(2238 2244 2268 2254)
4(1675 2238 2254 1695)
4(1675 1695 2229 1681)
4(2239 2245 2269 2255)
4(2238 2239 2255 2254)
4(2242 2248 2276 2262)
4(2239 2242 2262 2255)
4(2242 2243 2263 2262)
4(2260 2261 2263 2262)
4(2240 2241 2261 2260)
4(2240 2260 2262 2242)
4(2260 2264 2266 2262)
4(2260 2261 2265 2264)
4(2253 2260 2264 2257)
4(2253 2255 2262 2260)
4(2253 2257 2259 2255)
4(1662 2260 2264 1666)
4(1655 2253 2260 1662)
4(1655 1659 2257 2253)
4(1655 1662 1666 1659)
4(1662 2260 2261 1663)
4(1662 1663 1667 1666)
4(1634 1662 2260 2240)
4(1634 1635 1663 1662)
4(2237 2253 2260 2240)
4(1631 1655 2253 2237)
4(1631 1634 1662 1655)
4(2237 2253 2255 2239)
4(2252 2253 2255 2254)
4(2236 2237 2253 2252)
4(2236 2252 2254 2238)
4(2252 2256 2258 2254)
4(2252 2253 2257 2256)
4(1693 2252 2256 1697)
4(1693 1695 2254 2252)
4(1693 1697 1699 1695)
4(1654 2252 2256 1658)
4(1096 1693 2252 1654)
4(1096 1100 1697 1693)
4(1096 1654 1658 1100)
4(1654 2252 2253 1655)
4(1654 1655 1659 1658)
4(1630 1654 2252 2236)
4(1630 1631 1655 1654)
4(1673 1693 2252 2236)
4(1068 1096 1693 1673)
4(1068 1630 1654 1096)
4(1673 1693 1695 1675)
4(1692 1693 1695 1694)
4(1674 1694 1695 1675)
4(1672 1673 1693 1692)
4(1672 1692 1694 1674)
4(1694 1698 1699 1695)
4(1692 1696 1698 1694)
4(1692 1693 1697 1696)
4(1694 1698 2232 2228)
4(1694 2228 2229 1695)
4(1701 1705 2232 2228)
4(1687 1701 2228 1694)
4(1687 1691 1705 1701)
4(1687 1694 1698 1691)
4(1701 1703 2230 2228)
4(1677 1680 2228 1701)
4(1677 1701 1703 1679)
4(1674 1680 2228 1694)
4(1671 1687 1701 1677)
4(1671 1674 1694 1687)
4(1686 1687 1701 1700)
4(1676 1700 1701 1677)
4(1670 1686 1700 1676)
4(1670 1671 1687 1686)
4(1686 1690 1704 1700)
4(1686 1687 1691 1690)
4(4013 4017 1704 1700)
4(3999 4013 1700 1686)
4(3999 1686 1690 4003)
4(3999 4003 4017 4013)
4(4015 4019 1706 1702)
4(4013 4015 1702 1700)
4(4013 4017 4019 4015)
4(361 365 4529 4525)
4(4015 361 4525 1702)
4(4015 4019 365 361)
4(361 363 4527 4525)
4(361 365 367 363)
4(6135 4056 4525 361)
4(6135 361 363 6137)
4(1678 4056 4525 1702)
4(3987 1678 1702 4015)
4(3987 4015 361 6135)
4(1678 1679 1703 1702)
4(1676 1700 1702 1678)
4(3985 1676 1700 4013)
4(3985 4013 4015 3987)
4(3979 1670 1686 3999)
4(3979 3999 4013 3985)
4(3997 1684 1686 3999)
4(1668 1670 1686 1684)
4(3977 1668 1684 3997)
4(3977 3997 3999 3979)
4(4001 1688 1690 4003)
4(1684 1686 1690 1688)
4(3997 1684 1688 4001)
4(3997 4001 4003 3999)
4(1963 535 537 1965)
4(4001 1688 535 1963)
4(1688 1690 537 535)
4(4001 1963 1965 4003)
4(1963 535 539 1967)
4(1963 1967 1969 1965)
4(1326 1963 535 5817)
4(1326 5817 6378 1330)
4(1326 1330 1967 1963)
4(1091 1688 535 5817)
4(3356 4001 1688 1091)
4(3356 1091 5817 1326)
4(3356 1326 1963 4001)
4(1688 535 536 1689)
4(1091 1688 1689 1092)
4(1091 1092 5818 5817)
4(1688 1690 1691 1689)
4(1685 1687 1691 1689)
4(1684 1686 1687 1685)
4(1684 1685 1689 1688)
4(1685 1692 1696 1689)
4(1685 1687 1694 1692)
4(1095 1692 1696 1099)
4(1088 1685 1692 1095)
4(1088 1092 1689 1685)
4(1088 1095 1099 1092)
4(1095 1692 1693 1096)
4(1095 1096 1100 1099)
4(1067 1095 1692 1672)
4(1067 1068 1096 1095)
4(1669 1685 1692 1672)
4(1064 1088 1685 1669)
4(1064 1067 1095 1088)
4(1669 1685 1687 1671)
4(1668 1669 1685 1684)
4(1087 1088 1685 1684)
4(1063 1087 1684 1668)
4(1063 1064 1088 1087)
4(1087 1091 1688 1684)
4(1087 1088 1092 1091)
4(3352 3997 1684 1087)
4(3352 1087 1091 3356)
4(3352 3356 4001 3997)
4(3324 1063 1087 3352)
4(3324 3352 3997 3977)
4(3350 1085 1087 3352)
4(1061 1063 1087 1085)
4(3322 1061 1085 3350)
4(3322 3350 3352 3324)
4(3354 1089 1091 3356)
4(1085 1087 1091 1089)
4(3350 1085 1089 3354)
4(3350 3354 3356 3352)
4(1324 5815 5817 1326)
4(3354 1089 5815 1324)
4(1089 1091 5817 5815)
4(3354 1324 1326 3356)
4(1324 5815 6376 1328)
4(1324 1328 1330 1326)
4(1310 1324 5815 5801)
4(1310 5801 5805 1314)
4(1310 1314 1328 1324)
4(1075 1089 5815 5801)
4(3340 1075 5801 1310)
4(3340 1310 1324 3354)
4(3340 3354 1089 1075)
4(1089 5815 5816 1090)
4(1075 1076 5802 5801)
4(1075 1089 1090 1076)
4(1089 1091 1092 1090)
4(1086 1088 1092 1090)
4(1085 1086 1090 1089)
4(1085 1087 1088 1086)
4(1093 1095 1099 1097)
4(1086 1088 1095 1093)
4(1086 1093 1097 1090)
4(1094 1096 1100 1098)
4(1093 1095 1096 1094)
4(1093 1094 1098 1097)
4(1652 1654 1658 1656)
4(1094 1652 1656 1098)
4(1094 1096 1654 1652)
4(1653 1655 1659 1657)
4(1652 1653 1657 1656)
4(1652 1654 1655 1653)
4(1660 1662 1666 1664)
4(1653 1660 1664 1657)
4(1653 1655 1662 1660)
4(1660 1661 1665 1664)
4(1660 1662 1663 1661)
4(1646 1650 1664 1660)
4(1646 1660 1661 1647)
4(1646 1647 1651 1650)
4(1639 1653 1660 1646)
4(1639 1646 1650 1643)
4(1639 1643 1657 1653)
4(1629 1653 1660 1632)
4(1107 1632 1660 1646)
4(1104 1107 1646 1639)
4(1104 1639 1653 1629)
4(1632 1634 1662 1660)
4(1629 1653 1655 1631)
4(1632 1633 1661 1660)
4(1107 1108 1647 1646)
4(1644 1645 1647 1646)
4(1105 1106 1645 1644)
4(1105 1644 1646 1107)
4(1644 1648 1650 1646)
4(1644 1645 1649 1648)
4(1637 1644 1648 1641)
4(1637 1639 1646 1644)
4(1637 1641 1643 1639)
4(5697 1644 1648 5701)
4(5690 1637 1644 5697)
4(5690 5694 1641 1637)
4(5690 5697 5701 5694)
4(5698 1645 1649 5702)
4(5697 1644 1645 5698)
4(5697 5698 5702 5701)
4(350 2734 2738 354)
4(5698 1645 2734 350)
4(5698 350 354 5702)
4(351 2735 2739 355)
4(350 2734 2735 351)
4(350 351 355 354)
4(2735 2739 2746 2742)
4(358 2742 2746 799)
4(351 2735 2742 358)
4(351 358 799 355)
4(2742 2744 2748 2746)
4(2735 2737 2744 2742)
4(2743 2745 2749 2747)
4(2742 2743 2747 2746)
4(2742 2744 2745 2743)
4(3393 3395 3399 3397)
4(2743 3393 3397 2747)
4(2743 2745 3395 3393)
4(3393 3394 3398 3397)
4(3393 3395 3396 3394)
4(827 831 3397 3393)
4(827 3393 3394 828)
4(827 828 832 831)
4(359 2743 3393 827)
4(359 827 831 800)
4(359 800 2747 2743)
4(2723 2743 3393 2766)
4(809 2766 3393 827)
4(331 809 827 359)
4(331 359 2743 2723)
4(2766 2768 3395 3393)
4(2723 2743 2745 2725)
4(2766 2767 3394 3393)
4(809 810 828 827)
4(825 826 828 827)
4(807 808 826 825)
4(808 810 828 826)
4(807 825 827 809)
4(825 829 831 827)
4(825 826 830 829)
4(357 825 829 798)
4(357 359 827 825)
4(357 798 800 359)
4(815 825 829 819)
4(343 815 819 347)
4(343 357 825 815)
4(343 347 798 357)
4(815 825 826 816)
4(815 816 820 819)
4(804 808 826 816)
4(803 804 816 815)
4(803 815 825 807)
4(808 826 833 811)
4(804 806 822 816)
4(802 805 821 814)
4(802 814 816 804)
4(307 313 821 814)
4(6093 291 313 307)
4(6093 307 814 802)
4(307 311 818 814)
4(307 313 315 311)
4(310 311 818 817)
4(306 307 311 310)
4(306 310 817 813)
4(813 817 818 814)
4(306 813 814 307)
4(4787 4788 5408 5407)
4(310 4787 5407 817)
4(310 311 4788 4787)
4(4787 4791 5411 5407)
4(4787 4788 4792 4791)
4(5384 5388 5411 5407)
4(4768 5384 5407 4787)
4(4768 4772 5388 5384)
4(4768 4787 4791 4772)
4(5384 5386 5409 5407)
4(5384 5388 5390 5386)
4(345 817 5407 5384)
4(345 5384 5386 347)
4(345 347 819 817)
4(6083 4768 5384 345)
4(6083 310 4787 4768)
4(6083 345 817 310)
4(4767 4768 5384 5383)
4(344 5383 5384 345)
4(6082 4767 5383 344)
4(6082 344 345 6083)
4(6082 6083 4768 4767)
4(5383 5387 5388 5384)
4(4767 4771 5387 5383)
4(4767 4768 4772 4771)
4(5385 5389 5390 5386)
4(5383 5385 5386 5384)
4(5383 5387 5389 5385)
4(5385 5389 5403 5399)
4(5385 5399 5400 5386)
4(5392 5396 5403 5399)
4(5378 5392 5399 5385)
4(5378 5385 5389 5382)
4(5378 5382 5396 5392)
4(5392 5394 5401 5399)
4(5392 5396 5398 5394)
4(353 797 5399 5392)
4(353 5392 5394 355)
4(353 355 799 797)
4(346 797 5399 5385)
4(339 346 5385 5378)
4(339 5378 5392 353)
4(339 353 797 346)
4(346 347 5386 5385)
4(346 797 798 347)
4(344 5383 5385 346)
4(344 346 347 345)
4(5376 5383 5385 5378)
4(337 344 5383 5376)
4(337 5376 5378 339)
4(337 339 346 344)
4(5376 5383 5387 5380)
4(5376 5380 5382 5378)
4(4235 5376 5383 4767)
4(4235 4239 5380 5376)
4(4235 4767 4771 4239)
4(6075 4235 5376 337)
4(6075 337 344 6082)
4(6075 6082 4767 4235)
4(4234 4235 5376 5375)
4(336 5375 5376 337)
4(6074 4234 5375 336)
4(6074 6075 4235 4234)
4(6074 336 337 6075)
4(5375 5379 5380 5376)
4(4234 4238 5379 5375)
4(4234 4235 4239 4238)
4(5377 5381 5382 5378)
4(5375 5377 5378 5376)
4(5375 5379 5381 5377)
4(5391 5395 5396 5392)
4(5377 5381 5395 5391)
4(5377 5391 5392 5378)
4(5391 5395 5397 5393)
4(5391 5393 5394 5392)
4(4209 5391 5395 4213)
4(4209 4211 5393 5391)
4(4209 4213 4215 4211)
4(3626 4209 5391 5377)
4(3626 5377 5381 3630)
4(3626 3630 4213 4209)
4(5700 4209 5391 352)
4(338 352 5391 5377)
4(5686 338 5377 3626)
4(5686 3626 4209 5700)
4(5686 5700 352 338)
4(352 354 5393 5391)
4(5700 4209 4211 5702)
4(5700 5702 354 352)
4(352 353 5392 5391)
4(352 354 355 353)
4(338 339 5378 5377)
4(338 352 353 339)
4(336 5375 5377 338)
4(336 338 339 337)
4(3624 5375 5377 3626)
4(5684 336 5375 3624)
4(5684 3624 3626 5686)
4(5684 5686 338 336)
4(3624 5375 5379 3628)
4(3624 3628 3630 3626)
4(2949 3624 5375 4234)
4(2949 4234 4238 2953)
4(2949 2953 3628 3624)
4(5124 6074 4234 2949)
4(5124 2949 3624 5684)
4(5124 5684 336 6074)
4(2947 4232 4234 2949)
4(5122 6072 4232 2947)
4(6072 6074 4234 4232)
4(5122 2947 2949 5124)
4(5122 5124 6074 6072)
4(4232 4234 4238 4236)
4(2947 4232 4236 2951)
4(2947 2951 2953 2949)
4(4233 4235 4239 4237)
4(4232 4233 4237 4236)
4(4232 4234 4235 4233)
4(4765 4767 4771 4769)
4(4233 4765 4769 4237)
4(4233 4235 4767 4765)
4(4766 4768 4772 4770)
4(4765 4766 4770 4769)
4(4765 4767 4768 4766)
4(4785 4787 4791 4789)
4(4766 4768 4787 4785)
4(4766 4785 4789 4770)
4(4786 4788 4792 4790)
4(4785 4787 4788 4786)
4(4785 4786 4790 4789)
4(4786 4793 4795 4790)
4(4786 4788 4794 4793)
4(4776 4786 4793 4782)
4(4776 4780 4790 4786)
4(4776 4782 4784 4780)
4(309 4786 4793 314)
4(299 4776 4786 309)
4(299 303 4782 4776)
4(299 309 314 303)
4(309 4786 4788 311)
4(309 311 315 314)
4(308 4785 4787 310)
4(308 309 4786 4785)
4(308 310 311 309)
4(6081 308 4785 4766)
4(6081 6083 310 308)
4(6081 4766 4768 6083)
4(4227 4775 4785 4766)
4(298 308 4785 4775)
4(6067 6081 308 298)
4(6067 298 4775 4227)
4(6067 4227 4766 6081)
4(4775 4785 4789 4779)
4(4227 4775 4779 4231)
4(4227 4231 4770 4766)
4(4775 4785 4786 4776)
4(4775 4776 4780 4779)
4(298 299 4776 4775)
4(298 308 309 299)
4(4773 4774 4776 4775)
4(297 299 4776 4774)
4(296 4773 4775 298)
4(296 297 4774 4773)
4(296 298 299 297)
4(4774 4776 4780 4778)
4(4773 4777 4779 4775)
4(4773 4774 4778 4777)
4(4774 4781 4783 4778)
4(4774 4776 4782 4781)
4(2445 4774 4781 2451)
4(2445 2449 4778 4774)
4(2445 2451 2453 2449)
4(297 4774 4781 302)
4(3955 2445 4774 297)
4(3955 297 302 3959)
4(3955 3959 2451 2445)
4(297 299 303 302)
4(295 299 303 301)
4(293 297 299 295)
4(293 295 301 300)
4(293 300 302 297)
4(305 309 314 312)
4(295 305 312 301)
4(295 299 309 305)
4(305 307 313 312)
4(305 309 311 307)
4(6091 290 312 305)
4(6091 305 307 6093)
4(6087 295 305 6091)
4(6087 6089 301 295)
4(294 295 305 304)
4(6090 304 305 6091)
4(6086 294 304 6090)
4(6086 6087 295 294)
4(304 308 309 305)
4(294 298 308 304)
4(294 295 299 298)
4(304 308 310 306)
4(304 306 307 305)
4(6079 6083 310 306)
4(6077 6079 306 304)
4(6077 304 308 6081)
4(6077 6081 6083 6079)
4(341 345 817 813)
4(6079 6083 345 341)
4(6079 341 813 306)
4(813 815 819 817)
4(341 343 815 813)
4(341 345 347 343)
4(813 815 816 814)
4(801 813 815 803)
4(801 802 814 813)
4(323 343 815 803)
4(321 341 343 323)
4(321 801 813 341)
4(329 357 825 807)
4(323 343 357 329)
4(329 357 359 331)
4(356 357 359 358)
4(330 358 359 331)
4(328 329 357 356)
4(328 356 358 330)
4(358 799 800 359)
4(356 797 799 358)
4(356 357 798 797)
4(358 2742 2743 359)
4(2722 2742 2743 2723)
4(330 358 2742 2722)
4(2722 2742 2744 2724)
4(2719 2722 2742 2735)
4(2719 2735 2737 2721)
4(327 351 2735 2719)
4(327 330 358 351)
4(2718 2734 2735 2719)
4(326 350 2734 2718)
4(326 327 351 350)
4(5670 5698 1645 1106)
4(5670 326 350 5698)
4(5669 5697 1644 1105)
4(5669 5670 5698 5697)
4(1102 1637 1644 1105)
4(5666 5690 1637 1102)
4(5666 5669 5697 5690)
4(1102 1637 1639 1104)
4(1636 1637 1639 1638)
4(1103 1638 1639 1104)
4(1101 1102 1637 1636)
4(1101 1636 1638 1103)
4(1638 1642 1643 1639)
4(1636 1640 1642 1638)
4(1636 1637 1641 1640)
4(1638 1642 1656 1652)
4(1638 1652 1653 1639)
4(1080 1094 1652 1638)
4(1080 1084 1098 1094)
4(1080 1638 1642 1084)
4(1066 1094 1652 1628)
4(1103 1628 1652 1638)
4(1060 1080 1094 1066)
4(1060 1103 1638 1080)
4(1628 1630 1654 1652)
4(1066 1094 1096 1068)
4(1628 1629 1653 1652)
4(1065 1093 1095 1067)
4(1065 1066 1094 1093)
4(1062 1065 1093 1086)
4(1062 1086 1088 1064)
4(1072 1079 1093 1086)
4(1059 1065 1093 1079)
4(1056 1059 1079 1072)
4(1056 1072 1086 1062)
4(1079 1093 1097 1083)
4(1072 1079 1083 1076)
4(1072 1076 1090 1086)
4(1079 1093 1094 1080)
4(1079 1080 1084 1083)
4(1059 1060 1080 1079)
4(1077 1078 1080 1079)
4(1058 1060 1080 1078)
4(1057 1058 1078 1077)
4(1057 1077 1079 1059)
4(1078 1080 1084 1082)
4(1077 1078 1082 1081)
4(1077 1081 1083 1079)
4(1078 1636 1640 1082)
4(1078 1080 1638 1636)
4(5689 1636 1640 5693)
4(5650 1078 1636 5689)
4(5650 5654 1082 1078)
4(5650 5689 5693 5654)
4(5689 1636 1637 5690)
4(5689 5690 5694 5693)
4(5665 5689 1636 1101)
4(5665 5666 5690 5689)
4(1058 1078 1636 1101)
4(5140 5650 1078 1058)
4(5140 5665 5689 5650)
4(5649 5650 1078 1077)
4(5139 5649 1077 1057)
4(5139 5140 5650 5649)
4(5649 5653 1081 1077)
4(5649 5650 5654 5653)
4(1070 1074 1081 1077)
4(5642 1070 1077 5649)
4(5642 5646 1074 1070)
4(5642 5649 5653 5646)
4(1070 1072 1079 1077)
4(1070 1074 1076 1072)
4(1054 1057 1077 1070)
4(1054 1070 1072 1056)
4(5136 5642 1070 1054)
4(5136 5139 5649 5642)
4(5641 5642 1070 1069)
4(5135 5136 5642 5641)
4(1053 1069 1070 1054)
4(5135 5641 1069 1053)
4(1069 1073 1074 1070)
4(5641 5642 5646 5645)
4(5641 5645 1073 1069)
4(1073 1074 1076 1075)
4(1069 1073 1075 1071)
4(1071 1075 1076 1072)
4(1069 1071 1072 1070)
4(1073 5799 5801 1075)
4(1308 5799 5801 1310)
4(3338 1073 5799 1308)
4(3338 1308 1310 3340)
4(3338 3340 1075 1073)
4(1308 5799 5803 1312)
4(1308 1312 1314 1310)
4(5794 1308 5799 3601)
4(5794 5798 1312 1308)
4(5794 3601 3605 5798)
4(796 5794 1308 3338)
4(796 5645 3601 5794)
4(796 3338 1073 5645)
4(5793 5794 1308 1307)
4(3337 1307 1308 3338)
4(795 5793 1307 3337)
4(795 3337 3338 796)
4(795 796 5794 5793)
4(1307 1311 1312 1308)
4(5793 5797 1311 1307)
4(5793 5794 5798 5797)
4(1309 1313 1314 1310)
4(1307 1309 1310 1308)
4(1307 1311 1313 1309)
4(1323 1327 1328 1324)
4(1309 1313 1327 1323)
4(1309 1323 1324 1310)
4(1325 1329 1330 1326)
4(1323 1325 1326 1324)
4(1323 1327 1329 1325)
4(1962 1966 1967 1963)
4(1325 1329 1966 1962)
4(1325 1962 1963 1326)
4(1964 1968 1969 1965)
4(1962 1964 1965 1963)
4(1962 1966 1968 1964)
4(2466 2470 2471 2467)
4(1964 1968 2470 2466)
4(1964 2466 2467 1965)
4(2468 2472 2473 2469)
4(2466 2468 2469 2467)
4(2466 2470 2472 2468)
4(4805 4809 4810 4806)
4(2468 2472 4809 4805)
4(2468 4805 4806 2469)
4(4805 4809 4811 4807)
4(4805 4807 4808 4806)
4(4798 4805 4809 4802)
4(4798 4800 4807 4805)
4(4798 4802 4804 4800)
4(1973 4798 4805 2468)
4(1973 2468 2472 1977)
4(1973 1977 4802 4798)
4(6151 4798 4805 364)
4(4018 364 4805 2468)
4(4011 4018 2468 1973)
4(4011 1973 4798 6151)
4(4011 6151 364 4018)
4(364 366 4807 4805)
4(6151 4798 4800 6153)
4(6151 6153 366 364)
4(364 365 4806 4805)
4(364 366 367 365)
4(4018 4019 2469 2468)
4(4018 364 365 4019)
4(4016 2466 2468 4018)
4(4016 4017 2467 2466)
4(4016 4018 4019 4017)
4(1971 2466 2468 1973)
4(4009 4016 2466 1971)
4(4009 1971 1973 4011)
4(4009 4011 4018 4016)
4(1971 2466 2470 1975)
4(1971 1975 1977 1973)
4(1957 1971 2466 1964)
4(1957 1964 1968 1961)
4(1957 1961 1975 1971)
4(4002 4016 2466 1964)
4(3995 4002 1964 1957)
4(3995 1957 1971 4009)
4(3995 4009 4016 4002)
4(4002 4003 1965 1964)
4(4002 4016 4017 4003)
4(4000 1962 1964 4002)
4(4000 4001 1963 1962)
4(4000 4002 4003 4001)
4(1955 1962 1964 1957)
4(3993 4000 1962 1955)
4(3993 1955 1957 3995)
4(3993 3995 4002 4000)
4(1955 1962 1966 1959)
4(1955 1959 1961 1957)
4(1318 1955 1962 1325)
4(1318 1325 1329 1322)
4(1318 1322 1959 1955)
4(3355 4000 1962 1325)
4(3348 3355 1325 1318)
4(3348 1318 1955 3993)
4(3348 3993 4000 3355)
4(3355 3356 1326 1325)
4(3355 4000 4001 3356)
4(3353 1323 1325 3355)
4(3353 3354 1324 1323)
4(3353 3355 3356 3354)
4(1316 1323 1325 1318)
4(3346 3353 1323 1316)
4(3346 1316 1318 3348)
4(3346 3348 3355 3353)
4(1316 1323 1327 1320)
4(1316 1320 1322 1318)
4(1302 1316 1323 1309)
4(1302 1309 1313 1306)
4(1302 1306 1320 1316)
4(3339 3353 1323 1309)
4(3332 3339 1309 1302)
4(3332 1302 1316 3346)
4(3332 3346 3353 3339)
4(3339 3340 1310 1309)
4(3339 3353 3354 3340)
4(3337 1307 1309 3339)
4(3337 3339 3340 3338)
4(1300 1307 1309 1302)
4(3330 3337 1307 1300)
4(3330 1300 1302 3332)
4(3330 3332 3339 3337)
4(1300 1307 1311 1304)
4(1300 1304 1306 1302)
4(5786 1300 1307 5793)
4(5786 5790 1304 1300)
4(5786 5793 5797 5790)
4(788 5786 1300 3330)
4(788 3330 3337 795)
4(788 795 5793 5786)
4(5785 5786 1300 1299)
4(3329 1299 1300 3330)
4(787 5785 1299 3329)
4(787 3329 3330 788)
4(787 788 5786 5785)
4(1299 1303 1304 1300)
4(5785 5789 1303 1299)
4(5785 5786 5790 5789)
4(1301 1305 1306 1302)
4(1299 1301 1302 1300)
4(1299 1303 1305 1301)
4(1315 1319 1320 1316)
4(1301 1305 1319 1315)
4(1301 1315 1316 1302)
4(1317 1321 1322 1318)
4(1315 1317 1318 1316)
4(1315 1319 1321 1317)
4(1954 1958 1959 1955)
4(1317 1321 1958 1954)
4(1317 1954 1955 1318)
4(1956 1960 1961 1957)
4(1954 1956 1957 1955)
4(1954 1958 1960 1956)
4(1970 1974 1975 1971)
4(1956 1960 1974 1970)
4(1956 1970 1971 1957)
4(1972 1976 1977 1973)
4(1970 1972 1973 1971)
4(1970 1974 1976 1972)
4(4797 4801 4802 4798)
4(1972 1976 4801 4797)
4(1972 4797 4798 1973)
4(4799 4803 4804 4800)
4(4797 4799 4800 4798)
4(4797 4801 4803 4799)
4(4799 4803 4817 4813)
4(4799 4813 4814 4800)
4(4259 4262 4817 4813)
4(4251 4259 4813 4799)
4(4251 4799 4803 4255)
4(4251 4255 4262 4259)
4(4259 4260 4815 4813)
4(6128 372 4813 4259)
4(6128 6129 374 372)
4(6152 372 4813 4799)
4(6121 6152 4799 4251)
4(6121 4251 4259 6128)
4(6121 6128 372 6152)
4(6152 6153 4800 4799)
4(6152 372 373 6153)
4(6150 4797 4799 6152)
4(6150 6151 4798 4797)
4(6150 6152 6153 6151)
4(4249 4797 4799 4251)
4(6119 6150 4797 4249)
4(6119 4249 4251 6121)
4(6119 6121 6152 6150)
4(4249 4797 4801 4253)
4(4249 4253 4255 4251)
4(1949 4249 4797 1972)
4(1949 1972 1976 1953)
4(1949 1953 4253 4249)
4(4010 6150 4797 1972)
4(3971 4010 1972 1949)
4(3971 1949 4249 6119)
4(3971 6119 6150 4010)
4(4010 4011 1973 1972)
4(4010 6150 6151 4011)
4(4008 1970 1972 4010)
4(4008 4009 1971 1970)
4(4008 4010 4011 4009)
4(1947 1970 1972 1949)
4(3969 4008 1970 1947)
4(3969 1947 1949 3971)
4(3969 3971 4010 4008)
4(1947 1970 1974 1951)
4(1947 1951 1953 1949)
4(1933 1947 1970 1956)
4(1933 1956 1960 1937)
4(1933 1937 1951 1947)
4(3994 4008 1970 1956)
4(3388 3994 1956 1933)
4(3388 1933 1947 3969)
4(3388 3969 4008 3994)
4(3994 3995 1957 1956)
4(3994 4008 4009 3995)
4(3992 1954 1956 3994)
4(3992 3993 1955 1954)
4(3992 3994 3995 3993)
4(1931 1954 1956 1933)
4(3386 3992 1954 1931)
4(3386 1931 1933 3388)
4(3386 3388 3994 3992)
4(1931 1954 1958 1935)
4(1931 1935 1937 1933)
4(1294 1931 1954 1317)
4(1294 1317 1321 1298)
4(1294 1298 1935 1931)
4(3347 3992 1954 1317)
4(2709 3347 1317 1294)
4(2709 1294 1931 3386)
4(2709 3386 3992 3347)
4(3347 3348 1318 1317)
4(3347 3992 3993 3348)
4(3345 1315 1317 3347)
4(3345 3346 1316 1315)
4(3345 3347 3348 3346)
4(1292 1315 1317 1294)
4(2707 3345 1315 1292)
4(2707 1292 1294 2709)
4(2707 2709 3347 3345)
4(1292 1315 1319 1296)
4(1292 1296 1298 1294)
4(945 1292 1315 1301)
4(945 1301 1305 949)
4(945 949 1296 1292)
4(3331 3345 1315 1301)
4(2693 3331 1301 945)
4(2693 945 1292 2707)
4(2693 2707 3345 3331)
4(3331 3332 1302 1301)
4(3331 3345 3346 3332)
4(3329 1299 1301 3331)
4(3329 3331 3332 3330)
4(943 1299 1301 945)
4(2691 3329 1299 943)
4(2691 943 945 2693)
4(2691 2693 3331 3329)
4(943 1299 1303 947)
4(943 947 949 945)
4(5354 943 1299 5785)
4(5354 5358 947 943)
4(5354 5785 5789 5358)
4(748 5354 943 2691)
4(748 2691 3329 787)
4(748 787 5785 5354)
4(5353 5354 943 942)
4(2690 942 943 2691)
4(747 5353 942 2690)
4(747 2690 2691 748)
4(747 748 5354 5353)
4(942 946 947 943)
4(5353 5357 946 942)
4(5353 5354 5358 5357)
4(944 948 949 945)
4(942 944 945 943)
4(942 946 948 944)
4(1291 1295 1296 1292)
4(944 948 1295 1291)
4(944 1291 1292 945)
4(1293 1297 1298 1294)
4(1291 1293 1294 1292)
4(1291 1295 1297 1293)
4(1930 1934 1935 1931)
4(1293 1297 1934 1930)
4(1293 1930 1931 1294)
4(1932 1936 1937 1933)
4(1930 1932 1933 1931)
4(1930 1934 1936 1932)
4(1946 1950 1951 1947)
4(1932 1936 1950 1946)
4(1932 1946 1947 1933)
4(1948 1952 1953 1949)
4(1946 1948 1949 1947)
4(1946 1950 1952 1948)
4(4248 4252 4253 4249)
4(1948 1952 4252 4248)
4(1948 4248 4249 1949)
4(4250 4254 4255 4251)
4(4248 4250 4251 4249)
4(4248 4252 4254 4250)
4(4250 4254 4261 4258)
4(4250 4258 4259 4251)
4(4243 4256 4258 4250)
4(4243 4250 4254 4247)
4(6120 6127 4258 4250)
4(6113 6120 4250 4243)
4(6113 6123 6127 6120)
4(6120 6121 4251 4250)
4(6120 6127 6128 6121)
4(6118 4248 4250 6120)
4(6118 6119 4249 4248)
4(6118 6120 6121 6119)
4(4241 4248 4250 4243)
4(6111 6118 4248 4241)
4(6111 4241 4243 6113)
4(6111 6113 6120 6118)
4(4241 4248 4252 4245)
4(4241 4245 4247 4243)
4(1941 4241 4248 1948)
4(1941 1948 1952 1945)
4(1941 1945 4245 4241)
4(3970 6118 4248 1948)
4(3963 3970 1948 1941)
4(3963 1941 4241 6111)
4(3963 6111 6118 3970)
4(3970 3971 1949 1948)
4(3970 6118 6119 3971)
4(3968 1946 1948 3970)
4(3968 3969 1947 1946)
4(3968 3970 3971 3969)
4(1939 1946 1948 1941)
4(3961 3968 1946 1939)
4(3961 1939 1941 3963)
4(3961 3963 3970 3968)
4(1939 1946 1950 1943)
4(1939 1943 1945 1941)
4(1925 1939 1946 1932)
4(1925 1932 1936 1929)
4(1925 1929 1943 1939)
4(3387 3968 1946 1932)
4(3380 3387 1932 1925)
4(3380 1925 1939 3961)
4(3380 3961 3968 3387)
4(3387 3388 1933 1932)
4(3387 3968 3969 3388)
4(3385 1930 1932 3387)
4(3385 3386 1931 1930)
4(3385 3387 3388 3386)
4(1923 1930 1932 1925)
4(3378 3385 1930 1923)
4(3378 1923 1925 3380)
4(3378 3380 3387 3385)
4(1923 1930 1934 1927)
4(1923 1927 1929 1925)
4(1286 1923 1930 1293)
4(1286 1293 1297 1290)
4(1286 1290 1927 1923)
4(2708 3385 1930 1293)
4(2701 2708 1293 1286)
4(2701 1286 1923 3378)
4(2701 3378 3385 2708)
4(2708 2709 1294 1293)
4(2708 3385 3386 2709)
4(2706 1291 1293 2708)
4(2706 2707 1292 1291)
4(2706 2708 2709 2707)
4(1284 1291 1293 1286)
4(2699 2706 1291 1284)
4(2699 1284 1286 2701)
4(2699 2701 2708 2706)
4(1284 1291 1295 1288)
4(1284 1288 1290 1286)
4(937 1284 1291 944)
4(937 944 948 941)
4(937 941 1288 1284)
4(2692 2706 1291 944)
4(2685 2692 944 937)
4(2685 937 1284 2699)
4(2685 2699 2706 2692)
4(2692 2693 945 944)
4(2692 2706 2707 2693)
4(2690 942 944 2692)
4(2690 2692 2693 2691)
4(935 942 944 937)
4(2683 2690 942 935)
4(2683 935 937 2685)
4(2683 2685 2692 2690)
4(935 942 946 939)
4(935 939 941 937)
4(5346 935 942 5353)
4(5346 5350 939 935)
4(5346 5353 5357 5350)
4(740 5346 935 2683)
4(740 2683 2690 747)
4(740 747 5353 5346)
4(5345 5346 935 934)
4(2682 934 935 2683)
4(739 5345 934 2682)
4(739 2682 2683 740)
4(739 740 5346 5345)
4(934 938 939 935)
4(5345 5349 938 934)
4(5345 5346 5350 5349)
4(936 940 941 937)
4(934 936 937 935)
4(934 938 940 936)
4(1283 1287 1288 1284)
4(936 940 1287 1283)
4(936 1283 1284 937)
4(1285 1289 1290 1286)
4(1283 1285 1286 1284)
4(1283 1287 1289 1285)
4(1922 1926 1927 1923)
4(1285 1289 1926 1922)
4(1285 1922 1923 1286)
4(1924 1928 1929 1925)
4(1922 1924 1925 1923)
4(1922 1926 1928 1924)
4(1938 1942 1943 1939)
4(1924 1928 1942 1938)
4(1924 1938 1939 1925)
4(1940 1944 1945 1941)
4(1938 1940 1941 1939)
4(1938 1942 1944 1940)
4(4240 4244 4245 4241)
4(1940 4240 4241 1941)
4(4240 4242 4243 4241)
4(6110 6111 4241 4240)
4(6110 6112 6113 6111)
4(3962 3963 1941 1940)
4(3962 6110 6111 3963)
4(3960 1938 1940 3962)
4(3960 3961 1939 1938)
4(3960 3962 3963 3961)
4(930 1938 1940 931)
4(2226 3960 1938 930)
4(2226 2227 3962 3960)
4(930 1938 1942 932)
4(534 930 1938 1924)
4(534 1924 1928 929)
4(3379 3960 1938 1924)
4(2223 3379 1924 534)
4(2223 2226 3960 3379)
4(3379 3380 1925 1924)
4(3379 3960 3961 3380)
4(3377 1922 1924 3379)
4(3377 3378 1923 1922)
4(3377 3379 3380 3378)
4(532 1922 1924 534)
4(2221 3377 1922 532)
4(2221 532 534 2223)
4(2221 2223 3379 3377)
4(532 1922 1926 927)
4(532 927 929 534)
4(6371 532 1922 1285)
4(6371 1285 1289 6375)
4(6371 6375 927 532)
4(2700 3377 1922 1285)
4(1627 2700 1285 6371)
4(1627 6371 532 2221)
4(1627 2221 3377 2700)
4(2700 2701 1286 1285)
4(2700 3377 3378 2701)
4(2698 1283 1285 2700)
4(2698 2699 1284 1283)
4(2698 2700 2701 2699)
4(6369 1283 1285 6371)
4(1625 2698 1283 6369)
4(1625 6369 6371 1627)
4(1625 1627 2700 2698)
4(6369 1283 1287 6373)
4(6369 6373 6375 6371)
4(6359 6369 1283 936)
4(6359 936 940 6363)
4(6359 6363 6373 6369)
4(2684 2698 1283 936)
4(1615 2684 936 6359)
4(1615 6359 6369 1625)
4(1615 1625 2698 2684)
4(2684 2685 937 936)
4(2684 2698 2699 2685)
4(2682 934 936 2684)
4(2682 2684 2685 2683)
4(6357 934 936 6359)
4(1613 2682 934 6357)
4(1613 6357 6359 1615)
4(1613 1615 2684 2682)
4(6357 934 938 6361)
4(6357 6361 6363 6359)
4(4191 6357 934 5345)
4(4191 4195 6361 6357)
4(4191 5345 5349 4195)
4(5638 4191 6357 1613)
4(5638 1613 2682 739)
4(5638 739 5345 4191)
4(4190 4191 6357 6356)
4(1612 6356 6357 1613)
4(5637 4190 6356 1612)
4(5637 1612 1613 5638)
4(5637 5638 4191 4190)
4(6356 6360 6361 6357)
4(4190 4194 6360 6356)
4(4190 4191 4195 4194)
4(6358 6362 6363 6359)
4(6356 6358 6359 6357)
4(6356 6360 6362 6358)
4(6368 6372 6373 6369)
4(6358 6362 6372 6368)
4(6358 6368 6369 6359)
4(6370 6374 6375 6371)
4(6368 6370 6371 6369)
4(6368 6372 6374 6370)
4(531 926 927 532)
4(6370 531 532 6371)
4(531 533 534 532)
4(2220 2221 532 531)
4(2220 2222 2223 2221)
4(1626 1627 6371 6370)
4(1626 2220 2221 1627)
4(1624 6368 6370 1626)
4(1624 1625 6369 6368)
4(1624 1626 1627 1625)
4(6364 6368 6370 6365)
4(1618 1624 6368 6364)
4(1618 1619 1626 1624)
4(6364 6368 6372 6366)
4(6351 6364 6368 6358)
4(6351 6358 6362 6355)
4(1614 1624 6368 6358)
4(1607 1614 6358 6351)
4(1607 1618 1624 1614)
4(1614 1615 6359 6358)
4(1614 1624 1625 1615)
4(1612 6356 6358 1614)
4(1612 1614 1615 1613)
4(6349 6356 6358 6351)
4(1605 1612 6356 6349)
4(1605 6349 6351 1607)
4(1605 1607 1614 1612)
4(6349 6356 6360 6353)
4(6349 6353 6355 6351)
4(4183 6349 6356 4190)
4(4183 4187 6353 6349)
4(4183 4190 4194 4187)
4(5630 4183 6349 1605)
4(5630 1605 1612 5637)
4(5630 5637 4190 4183)
4(4182 4183 6349 6348)
4(1604 6348 6349 1605)
4(5629 4182 6348 1604)
4(5629 1604 1605 5630)
4(5629 5630 4183 4182)
4(6348 6352 6353 6349)
4(4182 4186 6352 6348)
4(4182 4183 4187 4186)
4(6348 6350 6351 6349)
4(1604 1606 1607 1605)
4(3574 6346 6348 4182)
4(3574 4182 4186 3578)
4(5590 1052 1604 5629)
4(5590 5629 4182 3574)
4(3564 3566 3570 3568)
4(3563 3565 3566 3564)
4(3563 3564 3568 3567)
4(3571 3573 3577 3575)
4(3564 3566 3573 3571)
4(3564 3571 3575 3568)
4(3572 3574 3578 3576)
4(3571 3573 3574 3572)
4(3571 3572 3576 3575)
4(4180 4182 4186 4184)
4(3572 3574 4182 4180)
4(3572 4180 4184 3576)
4(4181 4183 4187 4185)
4(4180 4182 4183 4181)
4(4180 4181 4185 4184)
4(4188 4190 4194 4192)
4(4181 4183 4190 4188)
4(4181 4188 4192 4185)
4(4189 4191 4195 4193)
4(4188 4190 4191 4189)
4(4188 4189 4193 4192)
4(5343 5345 5349 5347)
4(4189 4191 5345 5343)
4(4189 5343 5347 4193)
4(5344 5346 5350 5348)
4(5343 5345 5346 5344)
4(5343 5344 5348 5347)
4(5351 5353 5357 5355)
4(5344 5346 5353 5351)
4(5344 5351 5355 5348)
4(5352 5354 5358 5356)
4(5351 5353 5354 5352)
4(5351 5352 5356 5355)
4(5783 5785 5789 5787)
4(5352 5354 5785 5783)
4(5352 5783 5787 5356)
4(5784 5786 5790 5788)
4(5783 5785 5786 5784)
4(5783 5784 5788 5787)
4(5791 5793 5797 5795)
4(5784 5786 5793 5791)
4(5784 5791 5795 5788)
4(5792 5794 5798 5796)
4(5791 5793 5794 5792)
4(5791 5792 5796 5795)
4(3599 3601 3605 3603)
4(5792 3599 3603 5796)
4(5792 5794 3601 3599)
4(3600 3602 3606 3604)
4(3599 3600 3604 3603)
4(3599 3601 3602 3600)
4(3607 3609 3613 3611)
4(3600 3607 3611 3604)
4(3600 3602 3609 3607)
4(3608 3610 3614 3612)
4(3607 3608 3612 3611)
4(3607 3609 3610 3608)
4(3631 3633 4206 4204)
4(3608 3631 4204 3612)
4(3608 3610 3633 3631)
4(3632 3634 4207 4205)
4(3631 3632 4205 4204)
4(3631 3633 3634 3632)
4(4208 4210 4214 4212)
4(3632 4208 4212 4205)
4(3632 3634 4210 4208)
4(4208 4209 4213 4212)
4(4208 4210 4211 4209)
4(3625 3629 4212 4208)
4(3625 4208 4209 3626)
4(3625 3626 3630 3629)
4(3618 3632 4208 3625)
4(3618 3625 3629 3622)
4(3618 3622 4205 3632)
4(5692 3632 4208 5699)
4(5685 5699 4208 3625)
4(5678 5685 3625 3618)
4(5678 3618 3632 5692)
4(5678 5692 5699 5685)
4(5699 5701 4210 4208)
4(5692 3632 3634 5694)
4(5692 5694 5701 5699)
4(5699 5700 4209 4208)
4(5699 5701 5702 5700)
4(5685 5686 3626 3625)
4(5685 5699 5700 5686)
4(3623 3624 3626 3625)
4(5683 5684 3624 3623)
4(5683 3623 3625 5685)
4(5683 5685 5686 5684)
4(3623 3627 3629 3625)
4(3623 3624 3628 3627)
4(3616 3623 3627 3620)
4(3616 3618 3625 3623)
4(3616 3620 3622 3618)
4(2948 3623 3627 2952)
4(2941 3616 3623 2948)
4(2941 2948 2952 2945)
4(2941 2945 3620 3616)
4(2948 3623 3624 2949)
4(2948 2949 2953 2952)
4(5123 2948 3623 5683)
4(5123 5124 2949 2948)
4(5123 5683 5684 5124)
4(5676 3616 3623 5683)
4(5116 5123 2948 2941)
4(5116 2941 3616 5676)
4(5116 5676 5683 5123)
4(5676 3616 3618 5678)
4(5676 5678 5685 5683)
4(3615 3616 3618 3617)
4(5677 3617 3618 5678)
4(5675 3615 3617 5677)
4(5675 5676 3616 3615)
4(5675 5677 5678 5676)
4(3617 3621 3622 3618)
4(3615 3616 3620 3619)
4(3615 3619 3621 3617)
4(3617 3621 4204 3631)
4(3617 3631 3632 3618)
4(3594 3608 3631 3617)
4(3594 3617 3621 3598)
4(3594 3598 3612 3608)
4(5652 3608 3631 5691)
4(5677 5691 3631 3617)
4(5156 5677 3617 3594)
4(5156 3594 3608 5652)
4(5156 5652 5691 5677)
4(5691 5693 3633 3631)
4(5652 3608 3610 5654)
4(5652 5654 5693 5691)
4(5691 5692 3632 3631)
4(5691 5693 5694 5692)
4(5677 5691 5692 5678)
4(5687 5691 5692 5688)
4(5673 5677 5691 5687)
4(5674 5688 5692 5678)
4(5673 5687 5688 5674)
4(5673 5674 5678 5677)
4(5688 5690 5694 5692)
4(5687 5691 5693 5689)
4(5687 5689 5690 5688)
4(5695 5697 5701 5699)
4(5688 5690 5697 5695)
4(5688 5695 5699 5692)
4(5696 5698 5702 5700)
4(5695 5697 5698 5696)
4(5695 5696 5700 5699)
4(348 350 354 352)
4(5696 5698 350 348)
4(5696 348 352 5700)
4(349 351 355 353)
4(348 350 351 349)
4(348 349 353 352)
4(349 356 797 353)
4(349 351 358 356)
4(342 356 797 346)
4(335 349 356 342)
4(335 339 353 349)
4(335 342 346 339)
4(342 356 357 343)
4(342 343 347 346)
4(322 342 356 328)
4(322 323 343 342)
4(325 349 356 328)
4(319 335 349 325)
4(319 322 342 335)
4(325 349 351 327)
4(324 348 350 326)
4(324 325 349 348)
4(5668 324 348 5696)
4(5668 5696 5698 5670)
4(5682 334 348 5696)
4(318 324 348 334)
4(5662 318 334 5682)
4(5662 5682 5696 5668)
4(334 348 352 338)
4(5682 334 338 5686)
4(5682 5686 5700 5696)
4(334 348 349 335)
4(334 335 339 338)
4(318 319 335 334)
4(332 333 335 334)
4(317 319 335 333)
4(316 332 334 318)
4(316 317 333 332)
4(333 335 339 337)
4(332 333 337 336)
4(332 336 338 334)
4(340 342 346 344)
4(333 340 344 337)
4(333 335 342 340)
4(340 341 345 344)
4(340 342 343 341)
4(6078 6082 344 340)
4(6078 340 341 6079)
4(6078 6079 6083 6082)
4(6071 333 340 6078)
4(6071 6075 337 333)
4(6071 6078 6082 6075)
4(317 333 340 320)
4(6050 320 340 6078)
4(6047 6071 333 317)
4(6047 6050 6078 6071)
4(320 322 342 340)
4(320 321 341 340)
4(6051 321 341 6079)
4(6050 6051 6079 6078)
4(6092 801 813 306)
4(6051 6092 306 6079)
4(6092 6093 307 306)
4(6090 304 306 6092)
4(6049 6090 304 6077)
4(6049 6077 6079 6051)
4(6063 294 304 6077)
4(6043 6063 6077 6049)
4(6043 6086 294 6063)
4(6063 294 298 6067)
4(6063 6067 6081 6077)
4(6065 296 298 6067)
4(6061 6065 6067 6063)
4(6061 292 296 6065)
4(292 294 298 296)
4(6061 6063 294 292)
4(4225 4773 4775 4227)
4(6065 296 4773 4225)
4(6065 4225 4227 6067)
4(4225 4773 4777 4229)
4(4225 4229 4231 4227)
4(2444 4773 4777 2448)
4(1909 4225 4773 2444)
4(1909 1913 4229 4225)
4(1909 2444 2448 1913)
4(2444 4773 4774 2445)
4(2444 2445 2449 2448)
4(3954 2444 4773 296)
4(3954 296 297 3955)
4(3954 3955 2445 2444)
4(3923 1909 4225 6065)
4(3923 6065 296 3954)
4(3923 3954 2444 1909)
4(1908 1909 4225 4224)
4(6064 4224 4225 6065)
4(3922 1908 4224 6064)
4(3922 6064 6065 3923)
4(3922 3923 1909 1908)
4(4224 4228 4229 4225)
4(1908 1912 4228 4224)
4(1908 1909 1913 1912)
4(4226 4230 4231 4227)
4(4224 4226 4227 4225)
4(4224 4228 4230 4226)
4(4226 4230 4769 4765)
4(4226 4765 4766 4227)
4(4219 4233 4765 4226)
4(4219 4226 4230 4223)
4(4219 4223 4237 4233)
4(6073 4233 4765 6080)
4(6066 6080 4765 4226)
4(6059 6066 4226 4219)
4(6059 4219 4233 6073)
4(6059 6073 6080 6066)
4(6080 6082 4767 4765)
4(6073 4233 4235 6075)
4(6073 6075 6082 6080)
4(6080 6081 4766 4765)
4(6080 6082 6083 6081)
4(6066 6067 4227 4226)
4(6066 6080 6081 6067)
4(6064 4224 4226 6066)
4(6064 6066 6067 6065)
4(4217 4224 4226 4219)
4(6057 6064 4224 4217)
4(6057 6059 6066 6064)
4(6057 4217 4219 6059)
4(4217 4224 4228 4221)
4(4217 4221 4223 4219)
4(1901 4217 4224 1908)
4(1901 1905 4221 4217)
4(1901 1908 1912 1905)
4(3915 1901 4217 6057)
4(3915 6057 6064 3922)
4(3915 3922 1908 1901)
4(1900 1901 4217 4216)
4(6056 4216 4217 6057)
4(3914 1900 4216 6056)
4(3914 3915 1901 1900)
4(3914 6056 6057 3915)
4(4216 4220 4221 4217)
4(1900 1904 4220 4216)
4(1900 1901 1905 1904)
4(4218 4222 4223 4219)
4(4216 4218 4219 4217)
4(4216 4220 4222 4218)
4(4218 4222 4236 4232)
4(4218 4232 4233 4219)
4(2933 2947 4232 4218)
4(2933 4218 4222 2937)
4(2933 2937 2951 2947)
4(6058 6072 4232 4218)
4(5108 6058 4218 2933)
4(5108 2933 2947 5122)
4(5108 5122 6072 6058)
4(6072 4232 4233 6073)
4(6058 6059 4219 4218)
4(6058 6072 6073 6059)
4(6072 6074 6075 6073)
4(6070 6074 6075 6071)
4(6068 6070 6071 6069)
4(6069 6071 6075 6073)
4(6068 6072 6074 6070)
4(6068 6069 6073 6072)
4(6070 6074 336 332)
4(6070 332 333 6071)
4(5680 5684 336 332)
4(5120 5680 332 6070)
4(5120 5124 5684 5680)
4(5120 6070 6074 5124)
4(5680 5682 334 332)
4(5680 5684 5686 5682)
4(5660 316 332 5680)
4(5660 5680 5682 5662)
4(6046 316 332 6070)
4(5092 5120 5680 5660)
4(5092 6046 6070 5120)
4(6046 6047 6071 6070)
4(6045 6047 6071 6069)
4(6044 6045 6069 6068)
4(6044 6068 6070 6046)
4(6069 6076 6078 6071)
4(6045 6048 6076 6069)
4(6048 6050 6078 6076)
4(6076 6078 6082 6080)
4(6069 6076 6080 6073)
4(6076 6077 6081 6080)
4(6076 6078 6079 6077)
4(6062 6066 6080 6076)
4(6062 6076 6077 6063)
4(6062 6063 6067 6066)
4(6055 6069 6076 6062)
4(6055 6062 6066 6059)
4(6055 6059 6073 6069)
4(6042 6048 6076 6062)
4(6039 6042 6062 6055)
4(6039 6055 6069 6045)
4(6048 6076 6077 6049)
4(6042 6043 6063 6062)
4(6060 6061 6063 6062)
4(6041 6043 6063 6061)
4(6040 6041 6061 6060)
4(6040 6060 6062 6042)
4(6060 6064 6066 6062)
4(6060 6061 6065 6064)
4(6053 6060 6064 6057)
4(6053 6055 6062 6060)
4(6053 6057 6059 6055)
4(3918 6060 6064 3922)
4(3911 6053 6060 3918)
4(3911 3918 3922 3915)
4(3911 3915 6057 6053)
4(3919 6061 6065 3923)
4(3918 6060 6061 3919)
4(3918 3919 3923 3922)
4(3950 292 296 3954)
4(3919 3950 3954 3923)
4(3919 6061 292 3950)
4(292 296 297 293)
4(3951 293 297 3955)
4(3950 3951 3955 3954)
4(3950 292 293 3951)
4(292 294 295 293)
4(6085 6087 295 293)
4(6084 6085 293 292)
4(6084 292 294 6086)
4(6085 6088 300 293)
4(3951 3957 300 293)
4(3933 3935 3957 3951)
4(3933 3951 293 6085)
4(3951 3957 3959 3955)
4(3953 3958 3959 3955)
4(3949 3953 3955 3951)
4(3949 3956 3958 3953)
4(3949 3951 3957 3956)
4(2443 2450 2451 2445)
4(3953 3958 2450 2443)
4(3953 2443 2445 3955)
4(2443 2450 2452 2447)
4(2443 2447 2449 2445)
4(1917 2443 2450 2439)
4(1917 1921 2447 2443)
4(1917 2439 2441 1921)
4(3943 1917 2443 3953)
4(3943 3953 3958 3947)
4(3943 3947 2439 1917)
4(1916 1917 2443 2442)
4(3942 1916 2442 3952)
4(3952 2442 2443 3953)
4(3942 3952 3953 3943)
4(3942 3943 1917 1916)
4(2442 2446 2447 2443)
4(1916 1920 2446 2442)
4(1916 1917 1921 1920)
4(2442 2446 2448 2444)
4(2442 2444 2445 2443)
4(1907 2442 2446 1911)
4(1907 1909 2444 2442)
4(1907 1911 1913 1909)
4(1893 1907 2442 1916)
4(1893 1897 1911 1907)
4(1893 1916 1920 1897)
4(3921 1907 2442 3952)
4(3907 3921 3952 3942)
4(3907 1893 1907 3921)
4(3907 3942 1916 1893)
4(3952 3954 2444 2442)
4(3921 3923 3954 3952)
4(3921 1907 1909 3923)
4(3952 3954 3955 3953)
4(3948 3952 3954 3950)
4(3948 3949 3953 3952)
4(3948 3950 3951 3949)
4(3917 3948 3952 3921)
4(3917 3919 3950 3948)
4(3917 3921 3923 3919)
4(3938 3948 3952 3942)
4(3903 3938 3942 3907)
4(3903 3917 3948 3938)
4(3903 3907 3921 3917)
4(3939 3949 3953 3943)
4(3938 3939 3943 3942)
4(3938 3948 3949 3939)
4(3939 3949 3956 3945)
4(3939 3945 3947 3943)
4(3931 3949 3956 3934)
4(3927 3929 3945 3939)
4(3927 3939 3949 3931)
4(3931 3949 3951 3933)
4(3932 3950 3951 3933)
4(3930 3948 3950 3932)
4(3930 3931 3949 3948)
4(3932 3950 292 6084)
4(6041 6061 292 6084)
4(3312 3919 6061 6041)
4(3312 3932 3950 3919)
4(3311 3918 6060 6040)
4(3311 3312 3919 3918)
4(6037 6053 6060 6040)
4(3308 3311 3918 3911)
4(3308 3911 6053 6037)
4(6037 6053 6055 6039)
4(6052 6053 6055 6054)
4(6038 6054 6055 6039)
4(6036 6052 6054 6038)
4(6036 6037 6053 6052)
4(6056 6057 6059 6058)
4(6054 6058 6059 6055)
4(6052 6056 6058 6054)
4(6052 6053 6057 6056)
4(6056 4216 4218 6058)
4(2931 4216 4218 2933)
4(5106 6056 4216 2931)
4(5106 2931 2933 5108)
4(5106 5108 6058 6056)
4(2931 4216 4220 2935)
4(2931 2935 2937 2933)
4(921 2931 4216 1900)
4(921 925 2935 2931)
4(921 1900 1904 925)
4(2613 921 2931 5106)
4(2613 3914 1900 921)
4(2613 5106 6056 3914)
4(920 921 2931 2930)
4(5105 2930 2931 5106)
4(2612 920 2930 5105)
4(2612 2613 921 920)
4(2612 5105 5106 2613)
4(2930 2934 2935 2931)
4(920 924 2934 2930)
4(920 921 925 924)
4(2932 2936 2937 2933)
4(2930 2932 2933 2931)
4(2930 2934 2936 2932)
4(2946 2950 2951 2947)
4(2932 2936 2950 2946)
4(2932 2946 2947 2933)
4(2946 2950 2952 2948)
4(2946 2948 2949 2947)
4(2939 2946 2950 2943)
4(2939 2941 2948 2946)
4(2939 2943 2945 2941)
4(2925 2939 2946 2932)
4(2925 2932 2936 2929)
4(2925 2929 2943 2939)
4(5114 2939 2946 5121)
4(5107 5121 2946 2932)
4(5100 5107 2932 2925)
4(5100 2925 2939 5114)
4(5100 5114 5121 5107)
4(5121 5123 2948 2946)
4(5114 2939 2941 5116)
4(5114 5116 5123 5121)
4(5121 5122 2947 2946)
4(5121 5123 5124 5122)
4(5107 5108 2933 2932)
4(5107 5121 5122 5108)
4(5105 2930 2932 5107)
4(5105 5107 5108 5106)
4(2923 2930 2932 2925)
4(5098 5105 2930 2923)
4(5098 2923 2925 5100)
4(5098 5100 5107 5105)
4(2923 2930 2934 2927)
4(2923 2927 2929 2925)
4(913 2923 2930 920)
4(913 917 2927 2923)
4(913 920 924 917)
4(2205 913 2923 5098)
4(2205 2612 920 913)
4(2205 5098 5105 2612)
4(912 913 2923 2922)
4(5097 2922 2923 5098)
4(2204 912 2922 5097)
4(2204 2205 913 912)
4(2204 5097 5098 2205)
4(2922 2926 2927 2923)
4(912 916 2926 2922)
4(912 913 917 916)
4(2924 2928 2929 2925)
4(2922 2924 2925 2923)
4(2922 2926 2928 2924)
4(2938 2942 2943 2939)
4(2924 2928 2942 2938)
4(2924 2938 2939 2925)
4(2940 2944 2945 2941)
4(2938 2940 2941 2939)
4(2938 2942 2944 2940)
4(2940 2944 3619 3615)
4(2940 3615 3616 2941)
4(3592 3596 3619 3615)
4(2917 3592 3615 2940)
4(2917 2940 2944 2921)
4(2917 2921 3596 3592)
4(3592 3594 3617 3615)
4(3592 3596 3598 3594)
4(5154 5675 3615 3592)
4(5154 3592 3594 5156)
4(5154 5156 5677 5675)
4(5115 5675 3615 2940)
4(4508 5115 2940 2917)
4(4508 2917 3592 5154)
4(4508 5154 5675 5115)
4(5115 5116 2941 2940)
4(5115 5675 5676 5116)
4(5113 2938 2940 5115)
4(5113 5114 2939 2938)
4(5113 5115 5116 5114)
4(2915 2938 2940 2917)
4(4506 5113 2938 2915)
4(4506 2915 2917 4508)
4(4506 4508 5115 5113)
4(2915 2938 2942 2919)
4(2915 2919 2921 2917)
4(2465 2915 2938 2924)
4(2465 2924 2928 2905)
4(2465 2905 2919 2915)
4(5099 5113 2938 2924)
4(4492 5099 2924 2465)
4(4492 2465 2915 4506)
4(4492 4506 5113 5099)
4(5099 5100 2925 2924)
4(5099 5113 5114 5100)
4(5097 2922 2924 5099)
4(5097 5099 5100 5098)
4(2463 2922 2924 2465)
4(4490 5097 2922 2463)
4(4490 2463 2465 4492)
4(4490 4492 5099 5097)
4(2463 2922 2926 2903)
4(2463 2903 2905 2465)
4(526 2463 2922 912)
4(526 530 2903 2463)
4(526 912 916 530)
4(2165 526 2463 4490)
4(2165 2204 912 526)
4(2165 4490 5097 2204)
4(525 526 2463 2462)
4(4489 2462 2463 4490)
4(2164 525 2462 4489)
4(2164 2165 526 525)
4(2164 4489 4490 2165)
4(2462 2902 2903 2463)
4(525 529 2902 2462)
4(525 526 530 529)
4(2464 2904 2905 2465)
4(2462 2464 2465 2463)
4(2462 2902 2904 2464)
4(2914 2918 2919 2915)
4(2464 2904 2918 2914)
4(2464 2914 2915 2465)
4(2916 2920 2921 2917)
4(2914 2916 2917 2915)
4(2914 2918 2920 2916)
4(3591 3595 3596 3592)
4(2916 2920 3595 3591)
4(2916 3591 3592 2917)
4(3593 3597 3598 3594)
4(3591 3593 3594 3592)
4(3591 3595 3597 3593)
4(3593 3597 3611 3607)
4(3593 3607 3608 3594)
4(3586 3600 3607 3593)
4(3586 3593 3597 3590)
4(3586 3590 3604 3600)
4(5644 3600 3607 5651)
4(5155 5651 3607 3593)
4(5148 5155 3593 3586)
4(5148 3586 3600 5644)
4(5148 5644 5651 5155)
4(5651 5653 3609 3607)
4(5644 3600 3602 5646)
4(5644 5646 5653 5651)
4(5651 5652 3608 3607)
4(5651 5653 5654 5652)
4(5155 5156 3594 3593)
4(5155 5651 5652 5156)
4(5153 3591 3593 5155)
4(5153 5154 3592 3591)
4(5153 5155 5156 5154)
4(3584 3591 3593 3586)
4(5146 5153 3591 3584)
4(5146 3584 3586 5148)
4(5146 5148 5155 5153)
4(3584 3591 3595 3588)
4(3584 3588 3590 3586)
4(2909 3584 3591 2916)
4(2909 2916 2920 2913)
4(2909 2913 3588 3584)
4(4507 5153 3591 2916)
4(4500 4507 2916 2909)
4(4500 2909 3584 5146)
4(4500 5146 5153 4507)
4(4507 4508 2917 2916)
4(4507 5153 5154 4508)
4(4505 2914 2916 4507)
4(4505 4506 2915 2914)
4(4505 4507 4508 4506)
4(2907 2914 2916 2909)
4(4498 4505 2914 2907)
4(4498 2907 2909 4500)
4(4498 4500 4507 4505)
4(2907 2914 2918 2911)
4(2907 2911 2913 2909)
4(2457 2907 2914 2464)
4(2457 2464 2904 2461)
4(2457 2461 2911 2907)
4(4491 4505 2914 2464)
4(4484 4491 2464 2457)
4(4484 2457 2907 4498)
4(4484 4498 4505 4491)
4(4491 4492 2465 2464)
4(4491 4505 4506 4492)
4(4489 2462 2464 4491)
4(4489 4491 4492 4490)
4(2455 2462 2464 2457)
4(4482 4489 2462 2455)
4(4482 2455 2457 4484)
4(4482 4484 4491 4489)
4(2455 2462 2902 2459)
4(2455 2459 2461 2457)
4(518 2455 2462 525)
4(518 522 2459 2455)
4(518 525 529 522)
4(2157 518 2455 4482)
4(2157 2164 525 518)
4(2157 4482 4489 2164)
4(517 518 2455 2454)
4(4481 2454 2455 4482)
4(2156 517 2454 4481)
4(2156 2157 518 517)
4(2156 4481 4482 2157)
4(2454 2458 2459 2455)
4(517 521 2458 2454)
4(517 518 522 521)
4(2456 2460 2461 2457)
4(2454 2456 2457 2455)
4(2454 2458 2460 2456)
4(2906 2910 2911 2907)
4(2456 2460 2910 2906)
4(2456 2906 2907 2457)
4(2908 2912 2913 2909)
4(2906 2908 2909 2907)
4(2906 2910 2912 2908)
4(3583 3587 3588 3584)
4(2908 2912 3587 3583)
4(2908 3583 3584 2909)
4(3585 3589 3590 3586)
4(3583 3585 3586 3584)
4(3583 3587 3589 3585)
4(3585 3589 3603 3599)
4(3585 3599 3600 3586)
4(5370 5792 3599 3585)
4(5370 3585 3589 5374)
4(5370 5374 5796 5792)
4(794 5792 3599 5643)
4(5147 5643 3599 3585)
4(780 5147 3585 5370)
4(780 5370 5792 794)
4(780 794 5643 5147)
4(5643 5645 3601 3599)
4(794 796 5645 5643)
4(794 5792 5794 796)
4(5643 5644 3600 3599)
4(5643 5645 5646 5644)
4(5147 5148 3586 3585)
4(5147 5643 5644 5148)
4(5145 3583 3585 5147)
4(5145 5146 3584 3583)
4(5145 5147 5148 5146)
4(5368 3583 3585 5370)
4(778 5145 3583 5368)
4(778 5368 5370 780)
4(778 780 5147 5145)
4(5368 3583 3587 5372)
4(5368 5372 5374 5370)
4(4760 5368 3583 2908)
4(4760 2908 2912 4764)
4(4760 4764 5372 5368)
4(4499 5145 3583 2908)
4(261 4499 2908 4760)
4(261 4760 5368 778)
4(261 778 5145 4499)
4(4499 4500 2909 2908)
4(4499 5145 5146 4500)
4(4497 2906 2908 4499)
4(4497 4498 2907 2906)
4(4497 4499 4500 4498)
4(4758 2906 2908 4760)
4(259 4497 2906 4758)
4(259 4758 4760 261)
4(259 261 4499 4497)
4(4758 2906 2910 4762)
4(4758 4762 4764 4760)
4(4744 4758 2906 2456)
4(4744 2456 2460 4748)
4(4744 4748 4762 4758)
4(4483 4497 2906 2456)
4(245 4483 2456 4744)
4(245 4744 4758 259)
4(245 259 4497 4483)
4(4483 4484 2457 2456)
4(4483 4497 4498 4484)
4(4481 2454 2456 4483)
4(4481 4483 4484 4482)
4(4742 2454 2456 4744)
4(243 4481 2454 4742)
4(243 245 4483 4481)
4(243 4742 4744 245)
4(4742 2454 2458 4746)
4(4742 4746 4748 4744)
4(2433 4742 2454 517)
4(2433 517 521 2437)
4(2433 2437 4746 4742)
4(4451 2156 517 2433)
4(4451 243 4481 2156)
4(4451 2433 4742 243)
4(2431 515 517 2433)
4(4449 2154 515 2431)
4(2154 2156 517 515)
4(4449 4451 2156 2154)
4(4449 2431 2433 4451)
4(515 517 521 519)
4(2431 515 519 2435)
4(2431 2435 2437 2433)
4(516 518 522 520)
4(515 516 520 519)
4(515 517 518 516)
4(523 525 529 527)
4(516 523 527 520)
4(516 518 525 523)
4(524 526 530 528)
4(523 524 528 527)
4(523 525 526 524)
4(910 912 916 914)
4(524 910 914 528)
4(524 526 912 910)
4(911 913 917 915)
4(910 911 915 914)
4(910 912 913 911)
4(918 920 924 922)
4(911 918 922 915)
4(911 913 920 918)
4(919 921 925 923)
4(918 919 923 922)
4(918 920 921 919)
4(1898 1900 1904 1902)
4(919 921 1900 1898)
4(919 1898 1902 923)
4(1899 1901 1905 1903)
4(1898 1900 1901 1899)
4(1898 1899 1903 1902)
4(1906 1908 1912 1910)
4(1899 1906 1910 1903)
4(1899 1901 1908 1906)
4(1906 1907 1911 1910)
4(1906 1908 1909 1907)
4(1892 1896 1910 1906)
4(1892 1906 1907 1893)
4(1892 1893 1897 1896)
4(1885 1899 1906 1892)
4(1885 1889 1903 1899)
4(1885 1892 1896 1889)
4(3913 1899 1906 3920)
4(3906 3920 1906 1892)
4(3899 3913 3920 3906)
4(3899 1885 1899 3913)
4(3899 3906 1892 1885)
4(3920 3922 1908 1906)
4(3913 3915 3922 3920)
4(3913 1899 1901 3915)
4(3920 3921 1907 1906)
4(3920 3922 3923 3921)
4(3906 3907 1893 1892)
4(3906 3920 3921 3907)
4(1890 1891 1893 1892)
4(3905 3907 1893 1891)
4(3904 3905 1891 1890)
4(3904 1890 1892 3906)
4(3904 3906 3907 3905)
4(1891 1893 1897 1895)
4(1890 1894 1896 1892)
4(1890 1891 1895 1894)
4(1914 1916 1920 1918)
4(1891 1893 1916 1914)
4(1891 1914 1918 1895)
4(1915 1917 1921 1919)
4(1914 1916 1917 1915)
4(1914 1915 1919 1918)
4(1915 2438 2440 1919)
4(1915 1917 2439 2438)
4(1274 1915 2438 1280)
4(1274 1278 1919 1915)
4(1274 1280 1282 1278)
4(3941 1915 2438 3946)
4(3292 1274 1915 3941)
4(3292 3296 1280 1274)
4(3292 3941 3946 3296)
4(3941 1915 1917 3943)
4(3941 3943 3947 3946)
4(3940 1914 1916 3942)
4(3940 3941 1915 1914)
4(3940 3942 3943 3941)
4(3905 3940 1914 1891)
4(3905 3907 3942 3940)
4(1254 1273 1914 1891)
4(3291 3940 1914 1273)
4(2661 3905 3940 3291)
4(2661 1254 1891 3905)
4(2661 3291 1273 1254)
4(1273 1914 1918 1277)
4(1254 1258 1895 1891)
4(1254 1273 1277 1258)
4(1273 1914 1915 1274)
4(1273 1274 1278 1277)
4(3291 3292 1274 1273)
4(3291 3940 3941 3292)
4(1271 1272 1274 1273)
4(3290 3292 1274 1272)
4(3289 3290 1272 1271)
4(3289 1271 1273 3291)
4(3289 3291 3292 3290)
4(1272 1274 1278 1276)
4(1271 1275 1277 1273)
4(1271 1272 1276 1275)
4(1272 1279 1281 1276)
4(1272 1274 1280 1279)
4(1262 1272 1279 1268)
4(1262 1266 1276 1272)
4(1262 1268 1270 1266)
4(3290 1272 1279 3295)
4(3280 1262 1272 3290)
4(3280 3290 3295 3284)
4(3280 3284 1268 1262)
4(3290 3292 3296 3295)
4(3288 3292 3296 3294)
4(3286 3290 3292 3288)
4(3286 3293 3295 3290)
4(3286 3288 3294 3293)
4(3937 3941 3946 3944)
4(3288 3937 3944 3294)
4(3288 3292 3941 3937)
4(3937 3939 3945 3944)
4(3937 3941 3943 3939)
4(3925 3928 3944 3937)
4(3925 3937 3939 3927)
4(3270 3288 3937 3925)
4(3270 3272 3294 3288)
4(3287 3288 3937 3936)
4(3269 3287 3936 3924)
4(3269 3270 3288 3287)
4(3924 3936 3937 3925)
4(3936 3940 3941 3937)
4(3287 3291 3940 3936)
4(3287 3288 3292 3291)
4(3936 3940 3942 3938)
4(3936 3938 3939 3937)
4(3901 3936 3940 3905)
4(3901 3903 3938 3936)
4(3901 3905 3907 3903)
4(2657 3901 3936 3287)
4(2657 2661 3905 3901)
4(2657 3287 3291 2661)
4(3302 3901 3936 3924)
4(2629 2657 3901 3302)
4(2629 3269 3287 2657)
4(3304 3903 3938 3926)
4(3302 3901 3903 3304)
4(3924 3926 3938 3936)
4(3310 3917 3948 3930)
4(3304 3903 3917 3310)
4(3926 3930 3948 3938)
4(3310 3917 3919 3312)
4(3916 3917 3919 3918)
4(3309 3310 3917 3916)
4(3309 3916 3918 3311)
4(3916 3920 3922 3918)
4(3916 3917 3921 3920)
4(3909 3916 3920 3913)
4(3909 3911 3918 3916)
4(3909 3913 3915 3911)
4(3902 3916 3920 3906)
4(3316 3909 3916 3902)
4(3316 3902 3906 3899)
4(3316 3899 3913 3909)
4(3902 3916 3917 3903)
4(3902 3903 3907 3906)
4(3303 3902 3916 3309)
4(3303 3304 3903 3902)
4(3306 3909 3916 3309)
4(3300 3303 3902 3316)
4(3300 3316 3909 3306)
4(3306 3909 3911 3308)
4(3908 3909 3911 3910)
4(3307 3910 3911 3308)
4(3305 3306 3909 3908)
4(3305 3908 3910 3307)
4(3912 3913 3915 3914)
4(3910 3914 3915 3911)
4(3908 3912 3914 3910)
4(3908 3909 3913 3912)
4(3912 1898 1900 3914)
4(3912 3913 1899 1898)
4(2611 3912 1898 919)
4(2611 919 921 2613)
4(2611 2613 3914 3912)
4(905 1884 1898 919)
4(3898 3912 1898 1884)
4(2197 3898 1884 905)
4(2197 905 919 2611)
4(2197 2611 3912 3898)
4(1884 1898 1902 1888)
4(905 1884 1888 909)
4(905 909 923 919)
4(1884 1898 1899 1885)
4(1884 1885 1889 1888)
4(3898 3899 1885 1884)
4(3898 3912 3913 3899)
4(1882 1883 1885 1884)
4(3897 3899 1885 1883)
4(3896 1882 1884 3898)
4(3896 3897 1883 1882)
4(3896 3898 3899 3897)
4(1883 1885 1889 1887)
4(1882 1883 1887 1886)
4(1882 1886 1888 1884)
4(1883 1890 1894 1887)
4(1883 1885 1892 1890)
4(1253 1890 1894 1257)
4(1246 1883 1890 1253)
4(1246 1253 1257 1250)
4(1246 1250 1887 1883)
4(1253 1890 1891 1254)
4(1253 1254 1258 1257)
4(2660 1253 1890 3904)
4(2660 3904 3905 2661)
4(2660 2661 1254 1253)
4(3897 1883 1890 3904)
4(2653 3897 3904 2660)
4(2653 2660 1253 1246)
4(2653 1246 1883 3897)
4(3897 3899 3906 3904)
4(3900 3902 3906 3904)
4(3314 3900 3904 3897)
4(3314 3316 3902 3900)
4(3314 3897 3899 3316)
4(3900 3901 3905 3904)
4(3900 3902 3903 3901)
4(2656 2660 3904 3900)
4(2656 3900 3901 2657)
4(2656 2657 2661 2660)
4(2649 3314 3900 2656)
4(2649 2653 3897 3314)
4(2649 2656 2660 2653)
4(3298 3314 3900 3301)
4(2628 3301 3900 2656)
4(2625 2649 3314 3298)
4(2625 2628 2656 2649)
4(3301 3303 3902 3900)
4(3298 3314 3316 3300)
4(3301 3302 3901 3900)
4(2628 2629 2657 2656)
4(2654 2655 2657 2656)
4(2627 2629 2657 2655)
4(2626 2627 2655 2654)
4(2626 2654 2656 2628)
4(2658 2659 2661 2660)
4(2655 2657 2661 2659)
4(2654 2658 2660 2656)
4(2654 2655 2659 2658)
4(1251 1252 1254 1253)
4(2659 2661 1254 1252)
4(2658 1251 1253 2660)
4(2658 2659 1252 1251)
4(1252 1254 1258 1256)
4(1251 1252 1256 1255)
4(1251 1255 1257 1253)
4(1252 1271 1275 1256)
4(1252 1254 1273 1271)
4(1261 1271 1275 1265)
4(1238 1252 1271 1261)
4(1238 1261 1265 1242)
4(1238 1242 1256 1252)
4(1261 1271 1272 1262)
4(1261 1262 1266 1265)
4(3279 1261 1271 3289)
4(3279 3289 3290 3280)
4(3279 3280 1262 1261)
4(2659 1252 1271 3289)
4(2645 2659 3289 3279)
4(2645 3279 1261 1238)
4(2645 1238 1252 2659)
4(2659 2661 3291 3289)
4(3285 3287 3291 3289)
4(2655 2657 3287 3285)
4(2655 3285 3289 2659)
4(3285 3286 3290 3289)
4(3285 3287 3288 3286)
4(3276 3286 3290 3280)
4(3275 3279 3289 3285)
4(3275 3276 3280 3279)
4(3275 3285 3286 3276)
4(3276 3286 3293 3282)
4(3276 3282 3284 3280)
4(3268 3286 3293 3271)
4(3264 3266 3282 3276)
4(3264 3276 3286 3268)
4(3268 3286 3288 3270)
4(3267 3285 3287 3269)
4(3267 3268 3286 3285)
4(2627 3267 3285 2655)
4(2641 3275 3285 2655)
4(2621 2641 2655 2627)
4(3263 3267 3285 3275)
4(2621 3263 3275 2641)
4(2641 3275 3279 2645)
4(2641 2645 2659 2655)
4(2643 3277 3279 2645)
4(2639 2643 2645 2641)
4(2639 3273 3277 2643)
4(3273 3275 3279 3277)
4(2639 2641 3275 3273)
4(1236 1259 1261 1238)
4(3277 3279 1261 1259)
4(2643 3277 1259 1236)
4(2643 1236 1238 2645)
4(1259 1261 1265 1263)
4(1236 1259 1263 1240)
4(1236 1240 1242 1238)
4(1260 1262 1266 1264)
4(1259 1261 1262 1260)
4(1259 1260 1264 1263)
4(1260 1267 1269 1264)
4(1260 1262 1268 1267)
4(5774 1260 1267 5780)
4(5774 5778 1264 1260)
4(5774 5780 5782 5778)
4(3278 1260 1267 3283)
4(724 5774 1260 3278)
4(724 3278 3283 728)
4(724 728 5780 5774)
4(3278 1260 1262 3280)
4(3278 3280 3284 3283)
4(3277 3278 1260 1259)
4(3277 3279 3280 3278)
4(5773 5774 1260 1259)
4(723 5773 1259 3277)
4(723 3277 3278 724)
4(723 724 5774 5773)
4(5773 5777 1263 1259)
4(5773 5774 5778 5777)
4(5322 1236 1259 5773)
4(5322 5326 1240 1236)
4(5322 5773 5777 5326)
4(692 5322 1236 2643)
4(692 2643 3277 723)
4(692 723 5773 5322)
4(5321 5322 1236 1235)
4(2642 1235 1236 2643)
4(691 5321 1235 2642)
4(691 2642 2643 692)
4(691 692 5322 5321)
4(1235 1239 1240 1236)
4(5321 5325 1239 1235)
4(5321 5322 5326 5325)
4(1237 1241 1242 1238)
4(1235 1237 1238 1236)
4(1235 1239 1241 1237)
4(1237 1241 1255 1251)
4(1237 1251 1252 1238)
4(1244 1248 1255 1251)
4(1230 1244 1251 1237)
4(1230 1237 1241 1234)
4(1230 1234 1248 1244)
4(1244 1246 1253 1251)
4(1244 1248 1250 1246)
4(2651 2658 1251 1244)
4(2651 1244 1246 2653)
4(2651 2653 2660 2658)
4(2644 2658 1251 1237)
4(2637 2644 1237 1230)
4(2637 1230 1244 2651)
4(2637 2651 2658 2644)
4(2644 2645 1238 1237)
4(2644 2658 2659 2645)
4(2642 1235 1237 2644)
4(2642 2644 2645 2643)
4(1228 1235 1237 1230)
4(2635 2642 1235 1228)
4(2635 1228 1230 2637)
4(2635 2637 2644 2642)
4(1228 1235 1239 1232)
4(1228 1232 1234 1230)
4(5314 1228 1235 5321)
4(5314 5318 1232 1228)
4(5314 5321 5325 5318)
4(684 5314 1228 2635)
4(684 691 5321 5314)
4(684 2635 2642 691)
4(5313 5314 1228 1227)
4(2634 1227 1228 2635)
4(683 5313 1227 2634)
4(683 684 5314 5313)
4(683 2634 2635 684)
4(1227 1231 1232 1228)
4(5313 5317 1231 1227)
4(5313 5314 5318 5317)
4(1229 1233 1234 1230)
4(1227 1229 1230 1228)
4(1227 1231 1233 1229)
4(1243 1247 1248 1244)
4(1229 1233 1247 1243)
4(1229 1243 1244 1230)
4(1245 1249 1250 1246)
4(1243 1245 1246 1244)
4(1243 1247 1249 1245)
4(1245 1249 1886 1882)
4(1245 1882 1883 1246)
4(903 907 1886 1882)
4(494 903 1882 1245)
4(494 1245 1249 498)
4(494 498 907 903)
4(903 905 1884 1882)
4(903 907 909 905)
4(2195 3896 1882 903)
4(2195 903 905 2197)
4(2195 2197 3898 3896)
4(2652 3896 1882 1245)
4(1573 2652 1245 494)
4(1573 494 903 2195)
4(1573 2195 3896 2652)
4(2652 2653 1246 1245)
4(2652 3896 3897 2653)
4(2650 1243 1245 2652)
4(2650 2651 1244 1243)
4(2650 2652 2653 2651)
4(492 1243 1245 494)
4(1571 2650 1243 492)
4(1571 492 494 1573)
4(1571 1573 2652 2650)
4(492 1243 1247 496)
4(492 496 498 494)
4(6333 492 1243 1229)
4(6333 1229 1233 6337)
4(6333 6337 496 492)
4(2636 2650 1243 1229)
4(1557 2636 1229 6333)
4(1557 6333 492 1571)
4(1557 1571 2650 2636)
4(2636 2637 1230 1229)
4(2636 2650 2651 2637)
4(2634 1227 1229 2636)
4(2634 2636 2637 2635)
4(6331 1227 1229 6333)
4(1555 2634 1227 6331)
4(1555 6331 6333 1557)
4(1555 1557 2636 2634)
4(6331 1227 1231 6335)
4(6331 6335 6337 6333)
4(4163 6331 1227 5313)
4(4163 4167 6335 6331)
4(4163 5313 5317 4167)
4(5943 4163 6331 1555)
4(5943 683 5313 4163)
4(5943 1555 2634 683)
4(4162 4163 6331 6330)
4(1554 6330 6331 1555)
4(5942 4162 6330 1554)
4(5942 5943 4163 4162)
4(5942 1554 1555 5943)
4(6330 6334 6335 6331)
4(4162 4166 6334 6330)
4(4162 4163 4167 4166)
4(6332 6336 6337 6333)
4(6330 6332 6333 6331)
4(6330 6334 6336 6332)
4(491 495 496 492)
4(6332 6336 495 491)
4(6332 491 492 6333)
4(493 497 498 494)
4(491 493 494 492)
4(491 495 497 493)
4(902 906 907 903)
4(493 497 906 902)
4(493 902 903 494)
4(904 908 909 905)
4(902 904 905 903)
4(902 906 908 904)
4(904 908 922 918)
4(904 918 919 905)
4(897 911 918 904)
4(897 904 908 901)
4(897 901 915 911)
4(2203 911 918 2610)
4(2196 2610 918 904)
4(2189 2196 904 897)
4(2189 897 911 2203)
4(2189 2203 2610 2196)
4(2610 2612 920 918)
4(2203 911 913 2205)
4(2203 2205 2612 2610)
4(2610 2611 919 918)
4(2610 2612 2613 2611)
4(2196 2197 905 904)
4(2196 2610 2611 2197)
4(2194 902 904 2196)
4(2194 2195 903 902)
4(2194 2196 2197 2195)
4(895 902 904 897)
4(2187 2194 902 895)
4(2187 895 897 2189)
4(2187 2189 2196 2194)
4(895 902 906 899)
4(895 899 901 897)
4(6341 895 902 493)
4(6341 493 497 6345)
4(6341 6345 899 895)
4(1572 2194 902 493)
4(1565 1572 493 6341)
4(1565 6341 895 2187)
4(1565 2187 2194 1572)
4(1572 1573 494 493)
4(1572 2194 2195 1573)
4(1570 491 493 1572)
4(1570 1571 492 491)
4(1570 1572 1573 1571)
4(6339 491 493 6341)
4(1563 1570 491 6339)
4(1563 6339 6341 1565)
4(1563 1565 1572 1570)
4(6339 491 495 6343)
4(6339 6343 6345 6341)
4(6325 6339 491 6332)
4(6325 6332 6336 6329)
4(6325 6329 6343 6339)
4(1556 1570 491 6332)
4(1549 1556 6332 6325)
4(1549 6325 6339 1563)
4(1549 1563 1570 1556)
4(1556 1557 6333 6332)
4(1556 1570 1571 1557)
4(1554 6330 6332 1556)
4(1554 1556 1557 1555)
4(6323 6330 6332 6325)
4(1547 1554 6330 6323)
4(1547 6323 6325 1549)
4(1547 1549 1556 1554)
4(6323 6330 6334 6327)
4(6323 6327 6329 6325)
4(4155 6323 6330 4162)
4(4155 4159 6327 6323)
4(4155 4162 4166 4159)
4(5935 4155 6323 1547)
4(5935 5942 4162 4155)
4(5935 1547 1554 5942)
4(4154 4155 6323 6322)
4(1546 6322 6323 1547)
4(5934 4154 6322 1546)
4(5934 5935 4155 4154)
4(5934 1546 1547 5935)
4(6322 6326 6327 6323)
4(4154 4158 6326 6322)
4(4154 4155 4159 4158)
4(6324 6328 6329 6325)
4(6322 6324 6325 6323)
4(6322 6326 6328 6324)
4(6338 6342 6343 6339)
4(6324 6328 6342 6338)
4(6324 6338 6339 6325)
4(6340 6344 6345 6341)
4(6338 6340 6341 6339)
4(6338 6342 6344 6340)
4(894 898 899 895)
4(6340 6344 898 894)
4(6340 894 895 6341)
4(896 900 901 897)
4(894 896 897 895)
4(894 898 900 896)
4(896 900 914 910)
4(896 910 911 897)
4(510 524 910 896)
4(510 896 900 514)
4(510 514 528 524)
4(2163 524 910 2202)
4(2188 2202 910 896)
4(2149 2188 896 510)
4(2149 510 524 2163)
4(2149 2163 2202 2188)
4(2202 2204 912 910)
4(2163 524 526 2165)
4(2163 2165 2204 2202)
4(2202 2203 911 910)
4(2202 2204 2205 2203)
4(2188 2189 897 896)
4(2188 2202 2203 2189)
4(2186 894 896 2188)
4(2186 2187 895 894)
4(2186 2188 2189 2187)
4(508 894 896 510)
4(2147 2186 894 508)
4(2147 508 510 2149)
4(2147 2149 2188 2186)
4(508 894 898 512)
4(508 512 514 510)
4(6317 508 894 6340)
4(6317 6340 6344 6321)
4(6317 6321 512 508)
4(1564 2186 894 6340)
4(1525 1564 6340 6317)
4(1525 6317 508 2147)
4(1525 2147 2186 1564)
4(1564 1565 6341 6340)
4(1564 2186 2187 1565)
4(1562 6338 6340 1564)
4(1562 1563 6339 6338)
4(1562 1564 1565 1563)
4(6315 6338 6340 6317)
4(1523 1562 6338 6315)
4(1523 6315 6317 1525)
4(1523 1525 1564 1562)
4(6315 6338 6342 6319)
4(6315 6319 6321 6317)
4(6301 6315 6338 6324)
4(6301 6324 6328 6305)
4(6301 6305 6319 6315)
4(1548 1562 6338 6324)
4(1045 1548 6324 6301)
4(1045 6301 6315 1523)
4(1045 1523 1562 1548)
4(1548 1549 6325 6324)
4(1548 1562 1563 1549)
4(1546 6322 6324 1548)
4(1546 1548 1549 1547)
4(6299 6322 6324 6301)
4(1043 1546 6322 6299)
4(1043 6299 6301 1045)
4(1043 1045 1548 1546)
4(6299 6322 6326 6303)
4(6299 6303 6305 6301)
4(3544 6299 6322 4154)
4(3544 3548 6303 6299)
4(3544 4154 4158 3548)
4(5524 3544 6299 1043)
4(5524 5934 4154 3544)
4(5524 1043 1546 5934)
4(3543 3544 6299 6298)
4(1042 6298 6299 1043)
4(5523 3543 6298 1042)
4(5523 5524 3544 3543)
4(5523 1042 1043 5524)
4(6298 6302 6303 6299)
4(3543 3547 6302 6298)
4(3543 3544 3548 3547)
4(6300 6304 6305 6301)
4(6298 6300 6301 6299)
4(6298 6302 6304 6300)
4(6314 6318 6319 6315)
4(6300 6304 6318 6314)
4(6300 6314 6315 6301)
4(6316 6320 6321 6317)
4(6314 6316 6317 6315)
4(6314 6318 6320 6316)
4(507 511 512 508)
4(6316 6320 511 507)
4(6316 507 508 6317)
4(509 513 514 510)
4(507 509 510 508)
4(507 511 513 509)
4(509 513 527 523)
4(509 523 524 510)
4(502 516 523 509)
4(502 509 513 506)
4(502 506 520 516)
4(2155 516 523 2162)
4(2148 2162 523 509)
4(2141 2148 509 502)
4(2141 502 516 2155)
4(2141 2155 2162 2148)
4(2162 2164 525 523)
4(2155 516 518 2157)
4(2155 2157 2164 2162)
4(2162 2163 524 523)
4(2162 2164 2165 2163)
4(2148 2149 510 509)
4(2148 2162 2163 2149)
4(2146 507 509 2148)
4(2146 2147 508 507)
4(2146 2148 2149 2147)
4(500 507 509 502)
4(2139 2146 507 500)
4(2139 500 502 2141)
4(2139 2141 2148 2146)
4(500 507 511 504)
4(500 504 506 502)
4(6309 500 507 6316)
4(6309 6316 6320 6313)
4(6309 6313 504 500)
4(1524 2146 507 6316)
4(1517 1524 6316 6309)
4(1517 6309 500 2139)
4(1517 2139 2146 1524)
4(1524 1525 6317 6316)
4(1524 2146 2147 1525)
4(1522 6314 6316 1524)
4(1522 1523 6315 6314)
4(1522 1524 1525 1523)
4(6307 6314 6316 6309)
4(1515 1522 6314 6307)
4(1515 6307 6309 1517)
4(1515 1517 1524 1522)
4(6307 6314 6318 6311)
4(6307 6311 6313 6309)
4(6293 6307 6314 6300)
4(6293 6300 6304 6297)
4(6293 6297 6311 6307)
4(1044 1522 6314 6300)
4(1037 1044 6300 6293)
4(1037 6293 6307 1515)
4(1037 1515 1522 1044)
4(1044 1045 6301 6300)
4(1044 1522 1523 1045)
4(1042 6298 6300 1044)
4(1042 1044 1045 1043)
4(6291 6298 6300 6293)
4(1035 1042 6298 6291)
4(1035 6291 6293 1037)
4(1035 1037 1044 1042)
4(6291 6298 6302 6295)
4(6291 6295 6297 6293)
4(3536 6291 6298 3543)
4(3536 3540 6295 6291)
4(3536 3543 3547 3540)
4(5516 3536 6291 1035)
4(5516 5523 3543 3536)
4(5516 1035 1042 5523)
4(3535 3536 6291 6290)
4(1034 6290 6291 1035)
4(5515 3535 6290 1034)
4(5515 5516 3536 3535)
4(5515 1034 1035 5516)
4(6290 6294 6295 6291)
4(3535 3536 3540 3539)
4(3535 3539 6294 6290)
4(6292 6296 6297 6293)
4(6290 6294 6296 6292)
4(6290 6292 6293 6291)
4(6306 6310 6311 6307)
4(6292 6296 6310 6306)
4(6292 6306 6307 6293)
4(6308 6312 6313 6309)
4(6306 6310 6312 6308)
4(6306 6308 6309 6307)
4(499 503 504 500)
4(6308 6312 503 499)
4(6308 499 500 6309)
4(501 505 506 502)
4(499 503 505 501)
4(499 501 502 500)
4(501 505 519 515)
4(501 515 516 502)
4(2417 2431 515 501)
4(2417 501 505 2421)
4(2417 2421 2435 2431)
4(2140 2154 515 501)
4(3887 4449 2154 2140)
4(3887 2140 501 2417)
4(3887 2417 2431 4449)
4(2154 515 516 2155)
4(2140 2154 2155 2141)
4(2140 2141 502 501)
4(2154 2156 2157 2155)
4(2152 2156 2157 2153)
4(2150 2154 2156 2152)
4(2150 2151 2155 2154)
4(2151 2153 2157 2155)
4(2150 2152 2153 2151)
4(4477 4481 4482 4478)
4(2153 4478 4482 2157)
4(2152 4477 4478 2153)
4(2152 2156 4481 4477)
4(4479 4483 4484 4480)
4(4478 4480 4484 4482)
4(4477 4479 4480 4478)
4(4477 4481 4483 4479)
4(4493 4497 4498 4494)
4(4480 4494 4498 4484)
4(4479 4493 4494 4480)
4(4479 4483 4497 4493)
4(4495 4499 4500 4496)
4(4494 4496 4500 4498)
4(4493 4495 4496 4494)
4(4493 4497 4499 4495)
4(5141 5145 5146 5142)
4(4496 5142 5146 4500)
4(4495 5141 5142 4496)
4(4495 4499 5145 5141)
4(5143 5147 5148 5144)
4(5142 5144 5148 5146)
4(5141 5143 5144 5142)
4(5141 5145 5147 5143)
4(5639 5643 5644 5640)
4(5144 5640 5644 5148)
4(5143 5639 5640 5144)
4(5143 5147 5643 5639)
4(5640 5642 5646 5644)
4(5639 5641 5642 5640)
4(5639 5643 5645 5641)
4(5647 5649 5653 5651)
4(5640 5647 5651 5644)
4(5640 5642 5649 5647)
4(5648 5650 5654 5652)
4(5647 5648 5652 5651)
4(5647 5649 5650 5648)
4(5648 5687 5691 5652)
4(5648 5650 5689 5687)
4(5152 5648 5687 5673)
4(5152 5673 5677 5156)
4(5152 5156 5652 5648)
4(5138 5648 5687 5663)
4(5657 5663 5687 5673)
4(5132 5657 5673 5152)
4(5132 5152 5648 5138)
4(5663 5665 5689 5687)
4(5138 5648 5650 5140)
4(5664 5666 5690 5688)
4(5663 5664 5688 5687)
4(5667 5669 5697 5695)
4(5664 5667 5695 5688)
4(5667 5668 5696 5695)
4(5681 5682 5696 5695)
4(5661 5681 5695 5667)
4(5661 5662 5682 5681)
4(5681 5685 5699 5695)
4(5681 5682 5686 5685)
4(5674 5688 5695 5681)
4(5674 5681 5685 5678)
4(5658 5674 5688 5664)
4(5658 5661 5681 5674)
4(5657 5658 5674 5673)
4(5671 5672 5674 5673)
4(5656 5658 5674 5672)
4(5655 5671 5673 5657)
4(5655 5656 5672 5671)
4(5672 5674 5678 5676)
4(5671 5672 5676 5675)
4(5671 5675 5677 5673)
4(5679 5681 5685 5683)
4(5672 5679 5683 5676)
4(5672 5674 5681 5679)
4(5679 5680 5684 5683)
4(5679 5681 5682 5680)
4(5119 5123 5683 5679)
4(5119 5679 5680 5120)
4(5119 5120 5124 5123)
4(5112 5672 5679 5119)
4(5112 5119 5123 5116)
4(5112 5116 5676 5672)
4(5656 5672 5679 5659)
4(5091 5659 5679 5119)
4(5088 5091 5119 5112)
4(5088 5112 5672 5656)
4(5659 5661 5681 5679)
4(5659 5660 5680 5679)
4(5091 5092 5120 5119)
4(5117 5118 5120 5119)
4(5090 5092 5120 5118)
4(5089 5117 5119 5091)
4(5089 5090 5118 5117)
4(5118 5120 5124 5122)
4(5117 5118 5122 5121)
4(5117 5121 5123 5119)
4(5118 6068 6072 5122)
4(5118 5120 6070 6068)
4(6054 6068 6072 6058)
4(5104 5118 6068 6054)
4(5104 6054 6058 5108)
4(5104 5108 5122 5118)
4(6054 6068 6069 6055)
4(6038 6054 6068 6044)
4(5090 5118 6068 6044)
4(5084 6038 6054 5104)
4(5084 5104 5118 5090)
4(5102 6052 6054 5104)
4(5082 6036 6052 5102)
4(5082 5102 5104 5084)
4(5102 6052 6056 5106)
4(5102 5106 5108 5104)
4(3910 6052 6056 3914)
4(2209 5102 6052 3910)
4(2209 2613 5106 5102)
4(2209 3910 3914 2613)
4(3910 6052 6053 3911)
4(3307 3910 6052 6036)
4(2181 2209 5102 5082)
4(2181 3307 3910 2209)
4(2208 2209 5102 5101)
4(5081 5101 5102 5082)
4(2180 2208 5101 5081)
4(2180 2181 2209 2208)
4(5101 5105 5106 5102)
4(2208 2612 5105 5101)
4(2208 2209 2613 2612)
4(5103 5107 5108 5104)
4(5101 5103 5104 5102)
4(5101 5105 5107 5103)
4(5103 5107 5121 5117)
4(5103 5117 5118 5104)
4(5110 5114 5121 5117)
4(5096 5110 5117 5103)
4(5096 5103 5107 5100)
4(5096 5100 5114 5110)
4(5110 5112 5119 5117)
4(5110 5114 5116 5112)
4(5086 5089 5117 5110)
4(5086 5110 5112 5088)
4(5083 5089 5117 5103)
4(4512 5083 5103 5096)
4(4512 5096 5110 5086)
4(5083 5084 5104 5103)
4(5081 5101 5103 5083)
4(5094 5101 5103 5096)
4(4510 5081 5101 5094)
4(4510 5094 5096 4512)
4(5094 5101 5105 5098)
4(5094 5098 5100 5096)
4(2201 5094 5101 2208)
4(2201 2205 5098 5094)
4(2201 2208 2612 2205)
4(2177 2201 5094 4510)
4(2177 2180 2208 2201)
4(2200 2201 5094 5093)
4(4509 5093 5094 4510)
4(2176 2200 5093 4509)
4(2176 2177 2201 2200)
4(5093 5097 5098 5094)
4(2200 2204 5097 5093)
4(2200 2201 2205 2204)
4(5095 5099 5100 5096)
4(5093 5095 5096 5094)
4(5093 5097 5099 5095)
4(5109 5113 5114 5110)
4(5095 5099 5113 5109)
4(5095 5109 5110 5096)
4(5111 5115 5116 5112)
4(5109 5111 5112 5110)
4(5109 5113 5115 5111)
4(5111 5115 5675 5671)
4(5111 5671 5672 5112)
4(5150 5154 5675 5671)
4(4504 5150 5671 5111)
4(4504 5111 5115 4508)
4(4504 4508 5154 5150)
4(5150 5152 5673 5671)
4(5150 5154 5156 5152)
4(5130 5655 5671 5150)
4(5130 5150 5152 5132)
4(5087 5655 5671 5111)
4(4476 5087 5111 4504)
4(4476 4504 5150 5130)
4(5087 5088 5112 5111)
4(5085 5109 5111 5087)
4(5085 5086 5110 5109)
4(4502 5109 5111 4504)
4(4474 5085 5109 4502)
4(4474 4502 4504 4476)
4(4502 5109 5113 4506)
4(4502 4506 4508 4504)
4(4488 4502 5109 5095)
4(4488 5095 5099 4492)
4(4488 4492 4506 4502)
4(4511 5085 5109 5095)
4(4468 4511 5095 4488)
4(4468 4488 4502 4474)
4(4511 4512 5096 5095)
4(4509 5093 5095 4511)
4(4486 5093 5095 4488)
4(4466 4509 5093 4486)
4(4466 4486 4488 4468)
4(4486 5093 5097 4490)
4(4486 4490 4492 4488)
4(2161 4486 5093 2200)
4(2161 2165 4490 4486)
4(2161 2200 2204 2165)
4(2133 2161 4486 4466)
4(2133 2176 2200 2161)
4(2160 2161 4486 4485)
4(4465 4485 4486 4466)
4(2132 2160 4485 4465)
4(2132 2133 2161 2160)
4(4485 4489 4490 4486)
4(2160 2164 4489 4485)
4(2160 2161 2165 2164)
4(4487 4491 4492 4488)
4(4485 4487 4488 4486)
4(4485 4489 4491 4487)
4(4501 4505 4506 4502)
4(4487 4491 4505 4501)
4(4487 4501 4502 4488)
4(4503 4507 4508 4504)
4(4501 4503 4504 4502)
4(4501 4505 4507 4503)
4(5149 5153 5154 5150)
4(4503 4507 5153 5149)
4(4503 5149 5150 4504)
4(5151 5155 5156 5152)
4(5149 5151 5152 5150)
4(5149 5153 5155 5151)
4(5151 5155 5651 5647)
4(5151 5647 5648 5152)
4(5144 5640 5647 5151)
4(5144 5151 5155 5148)
4(5134 5640 5647 5137)
4(5131 5137 5647 5151)
4(5128 5131 5151 5144)
4(5128 5144 5640 5134)
4(5137 5139 5649 5647)
4(5134 5640 5642 5136)
4(5137 5138 5648 5647)
4(5131 5132 5152 5151)
4(5129 5149 5151 5131)
4(5129 5130 5150 5149)
4(5142 5149 5151 5144)
4(5126 5129 5149 5142)
4(5126 5142 5144 5128)
4(5142 5149 5153 5146)
4(4496 5142 5149 4503)
4(4496 4503 4507 4500)
4(4475 5129 5149 4503)
4(4472 4475 4503 4496)
4(4472 4496 5142 5126)
4(4475 4476 4504 4503)
4(4473 4501 4503 4475)
4(4473 4474 4502 4501)
4(4494 4501 4503 4496)
4(4470 4473 4501 4494)
4(4470 4494 4496 4472)
4(4494 4501 4505 4498)
4(4480 4494 4501 4487)
4(4480 4487 4491 4484)
4(4467 4473 4501 4487)
4(4464 4467 4487 4480)
4(4464 4480 4494 4470)
4(4467 4468 4488 4487)
4(4465 4485 4487 4467)
4(4478 4485 4487 4480)
4(4462 4465 4485 4478)
4(4462 4478 4480 4464)
4(4478 4485 4489 4482)
4(2153 4478 4485 2160)
4(2153 2160 2164 2157)
4(1585 2153 4478 4462)
4(1585 2132 2160 2153)
4(4461 4477 4478 4462)
4(1584 2152 4477 4461)
4(1584 1585 2153 2152)
4(4463 4479 4480 4464)
4(4461 4477 4479 4463)
4(4469 4493 4494 4470)
4(4463 4479 4493 4469)
4(4471 4495 4496 4472)
4(4469 4493 4495 4471)
4(5125 5141 5142 5126)
4(4471 4495 5141 5125)
4(5127 5143 5144 5128)
4(5125 5141 5143 5127)
4(5133 5639 5640 5134)
4(5127 5143 5639 5133)
4(5133 5639 5641 5135)
4(790 5639 5641 792)
4(764 792 5641 5135)
4(762 5133 5639 790)
4(762 790 792 764)
4(792 796 5645 5641)
4(790 794 796 792)
4(790 5639 5643 794)
4(3334 3338 1073 1069)
4(792 3334 1069 5641)
4(792 796 3338 3334)
4(3336 3340 1075 1071)
4(3334 3336 1071 1069)
4(3334 3338 3340 3336)
4(1071 1085 1089 1075)
4(3336 3350 1085 1071)
4(3336 3340 3354 3350)
4(1071 1085 1086 1072)
4(1061 1085 1086 1062)
4(1055 1071 1085 1061)
4(1055 1056 1072 1071)
4(2717 1055 1071 3336)
4(2717 3336 3350 3322)
4(1053 1055 1071 1069)
4(2715 1053 1069 3334)
4(2715 3334 3336 2717)
4(764 792 3334 2715)
4(791 792 3334 3333)
4(2714 3333 3334 2715)
4(763 791 3333 2714)
4(763 764 792 791)
4(3333 3337 3338 3334)
4(791 795 3337 3333)
4(791 792 796 795)
4(3335 3339 3340 3336)
4(3333 3335 3336 3334)
4(3333 3337 3339 3335)
4(3349 3353 3354 3350)
4(3335 3339 3353 3349)
4(3335 3349 3350 3336)
4(3351 3355 3356 3352)
4(3349 3351 3352 3350)
4(3349 3353 3355 3351)
4(3996 4000 4001 3997)
4(3351 3355 4000 3996)
4(3351 3996 3997 3352)
4(3998 4002 4003 3999)
4(3996 3998 3999 3997)
4(3996 4000 4002 3998)
4(4012 4016 4017 4013)
4(3998 4002 4016 4012)
4(3998 4012 4013 3999)
4(4014 4018 4019 4015)
4(4012 4014 4015 4013)
4(4012 4016 4018 4014)
4(360 364 365 361)
4(4014 4018 364 360)
4(4014 360 361 4015)
4(362 366 367 363)
4(360 362 363 361)
4(360 364 366 362)
4(376 380 381 377)
4(362 366 380 376)
4(362 376 377 363)
4(376 378 379 377)
4(376 380 382 378)
4(6142 376 378 6144)
4(6142 6143 377 376)
4(369 376 378 371)
4(6139 6142 376 369)
4(6139 369 371 6141)
4(369 376 380 373)
4(369 373 375 371)
4(6149 369 376 362)
4(6149 362 366 6153)
4(6149 6153 373 369)
4(6136 6142 376 362)
4(6133 6136 362 6149)
4(6133 6149 369 6139)
4(6136 6137 363 362)
4(6134 360 362 6136)
4(6134 6135 361 360)
4(6147 360 362 6149)
4(6131 6134 360 6147)
4(6131 6147 6149 6133)
4(6147 360 364 6151)
4(6147 6151 6153 6149)
4(4007 6147 360 4014)
4(4007 4014 4018 4011)
4(4007 4011 6151 6147)
4(3986 6134 360 4014)
4(3983 3986 4014 4007)
4(3983 4007 6147 6131)
4(3986 3987 4015 4014)
4(3984 4012 4014 3986)
4(3984 3985 4013 4012)
4(4005 4012 4014 4007)
4(3981 3984 4012 4005)
4(3981 4005 4007 3983)
4(4005 4012 4016 4009)
4(4005 4009 4011 4007)
4(3991 4005 4012 3998)
4(3991 3998 4002 3995)
4(3991 3995 4009 4005)
4(3978 3984 4012 3998)
4(3975 3978 3998 3991)
4(3975 3991 4005 3981)
4(3978 3979 3999 3998)
4(3976 3996 3998 3978)
4(3976 3977 3997 3996)
4(3989 3996 3998 3991)
4(3973 3976 3996 3989)
4(3973 3989 3991 3975)
4(3989 3996 4000 3993)
4(3989 3993 3995 3991)
4(3344 3989 3996 3351)
4(3344 3351 3355 3348)
4(3344 3348 3993 3989)
4(3323 3976 3996 3351)
4(3320 3323 3351 3344)
4(3320 3344 3989 3973)
4(3323 3324 3352 3351)
4(3321 3349 3351 3323)
4(3321 3322 3350 3349)
4(3342 3349 3351 3344)
4(3318 3321 3349 3342)
4(3318 3342 3344 3320)
4(3342 3349 3353 3346)
4(3342 3346 3348 3344)
4(3328 3342 3349 3335)
4(3328 3335 3339 3332)
4(3328 3332 3346 3342)
4(2716 3321 3349 3335)
4(2713 2716 3335 3328)
4(2713 3328 3342 3318)
4(2716 2717 3336 3335)
4(2714 3333 3335 2716)
4(3326 3333 3335 3328)
4(2711 2714 3333 3326)
4(2711 3326 3328 2713)
4(3326 3333 3337 3330)
4(3326 3330 3332 3328)
4(784 3326 3333 791)
4(784 788 3330 3326)
4(784 791 795 788)
4(760 784 3326 2711)
4(760 763 791 784)
4(783 784 3326 3325)
4(2710 3325 3326 2711)
4(759 783 3325 2710)
4(759 760 784 783)
4(3325 3329 3330 3326)
4(783 787 3329 3325)
4(783 784 788 787)
4(3327 3331 3332 3328)
4(3325 3327 3328 3326)
4(3325 3329 3331 3327)
4(3341 3345 3346 3342)
4(3327 3331 3345 3341)
4(3327 3341 3342 3328)
4(3343 3347 3348 3344)
4(3341 3343 3344 3342)
4(3341 3345 3347 3343)
4(3988 3992 3993 3989)
4(3343 3347 3992 3988)
4(3343 3988 3989 3344)
4(3990 3994 3995 3991)
4(3988 3990 3991 3989)
4(3988 3992 3994 3990)
4(4004 4008 4009 4005)
4(3990 3994 4008 4004)
4(3990 4004 4005 3991)
4(4006 4010 4011 4007)
4(4004 4006 4007 4005)
4(4004 4008 4010 4006)
4(6146 6150 6151 6147)
4(4006 4010 6150 6146)
4(4006 6146 6147 4007)
4(6148 6152 6153 6149)
4(6146 6148 6149 6147)
4(6146 6150 6152 6148)
4(368 372 373 369)
4(6148 6152 372 368)
4(6148 368 369 6149)
4(368 372 374 370)
4(368 370 371 369)
4(6125 368 372 6128)
4(6125 6126 370 368)
4(6117 6125 6128 6121)
4(6116 6117 6121 6120)
4(6116 6120 6127 6124)
4(6116 6124 6125 6117)
4(6117 6125 368 6148)
4(6117 6148 6152 6121)
4(6104 6125 368 6138)
4(6132 6138 368 6148)
4(6101 6132 6148 6117)
4(6101 6117 6125 6104)
4(6138 6140 370 368)
4(6138 6139 369 368)
4(6132 6133 6149 6148)
4(6130 6146 6148 6132)
4(6130 6131 6147 6146)
4(6115 6146 6148 6117)
4(6099 6130 6146 6115)
4(6099 6115 6117 6101)
4(6115 6146 6150 6119)
4(6115 6119 6121 6117)
4(3967 6115 6146 4006)
4(3967 4006 4010 3971)
4(3967 3971 6119 6115)
4(3982 6130 6146 4006)
4(3372 3982 4006 3967)
4(3372 3967 6115 6099)
4(3982 3983 4007 4006)
4(3980 4004 4006 3982)
4(3980 3981 4005 4004)
4(3965 4004 4006 3967)
4(3370 3980 4004 3965)
4(3370 3965 3967 3372)
4(3965 4004 4008 3969)
4(3965 3969 3971 3967)
4(3384 3965 4004 3990)
4(3384 3990 3994 3388)
4(3384 3388 3969 3965)
4(3974 3980 4004 3990)
4(3364 3974 3990 3384)
4(3364 3384 3965 3370)
4(3974 3975 3991 3990)
4(3972 3988 3990 3974)
4(3972 3973 3989 3988)
4(3382 3988 3990 3384)
4(3362 3972 3988 3382)
4(3362 3382 3384 3364)
4(3382 3988 3992 3386)
4(3382 3386 3388 3384)
4(2705 3382 3988 3343)
4(2705 3343 3347 2709)
4(2705 2709 3386 3382)
4(3319 3972 3988 3343)
4(2677 3319 3343 2705)
4(2677 2705 3382 3362)
4(3319 3320 3344 3343)
4(3317 3341 3343 3319)
4(3317 3318 3342 3341)
4(2703 3341 3343 2705)
4(2675 3317 3341 2703)
4(2675 2703 2705 2677)
4(2703 3341 3345 2707)
4(2703 2707 2709 2705)
4(2689 2703 3341 3327)
4(2689 3327 3331 2693)
4(2689 2693 2707 2703)
4(2712 3317 3341 3327)
4(2669 2712 3327 2689)
4(2669 2689 2703 2675)
4(2712 2713 3328 3327)
4(2710 3325 3327 2712)
4(2687 3325 3327 2689)
4(2667 2710 3325 2687)
4(2667 2687 2689 2669)
4(2687 3325 3329 2691)
4(2687 2691 2693 2689)
4(744 2687 3325 783)
4(744 748 2691 2687)
4(744 783 787 748)
4(277 744 2687 2667)
4(277 759 783 744)
4(743 744 2687 2686)
4(2666 2686 2687 2667)
4(276 743 2686 2666)
4(276 277 744 743)
4(2686 2690 2691 2687)
4(743 747 2690 2686)
4(743 744 748 747)
4(2688 2692 2693 2689)
4(2686 2688 2689 2687)
4(2686 2690 2692 2688)
4(2702 2706 2707 2703)
4(2688 2692 2706 2702)
4(2688 2702 2703 2689)
4(2704 2708 2709 2705)
4(2702 2704 2705 2703)
4(2702 2706 2708 2704)
4(3381 3385 3386 3382)
4(2704 2708 3385 3381)
4(2704 3381 3382 2705)
4(3383 3387 3388 3384)
4(3381 3383 3384 3382)
4(3381 3385 3387 3383)
4(3964 3968 3969 3965)
4(3383 3387 3968 3964)
4(3383 3964 3965 3384)
4(3966 3970 3971 3967)
4(3964 3968 3970 3966)
4(3964 3966 3967 3965)
4(6114 6118 6119 6115)
4(3966 3970 6118 6114)
4(3966 6114 6115 3967)
4(6114 6118 6120 6116)
4(6114 6116 6117 6115)
4(6109 6113 6120 6116)
4(6107 6109 6116 6114)
4(6107 6114 6118 6111)
4(6107 6111 6113 6109)
4(6109 6122 6124 6116)
4(6100 6103 6124 6116)
4(6097 6100 6116 6109)
4(6100 6101 6117 6116)
4(6098 6114 6116 6100)
4(6098 6099 6115 6114)
4(6095 6098 6114 6107)
4(6095 6107 6109 6097)
4(3392 3966 6114 6107)
4(3368 3392 6107 6095)
4(3368 3371 3966 3392)
4(3371 6098 6114 3966)
4(3392 3963 6111 6107)
4(3392 3966 3970 3963)
4(6106 6110 6111 6107)
4(3391 6106 6107 3392)
4(3391 3392 3963 3962)
4(6106 6108 6109 6107)
4(6094 6095 6107 6106)
4(3367 3368 3392 3391)
4(3389 3390 3392 3391)
4(3366 3368 3392 3390)
4(3365 3389 3391 3367)
4(3365 3366 3390 3389)
4(3390 3392 3963 3961)
4(3389 3390 3961 3960)
4(3389 3960 3962 3391)
4(3390 3964 3968 3961)
4(3390 3392 3966 3964)
4(3376 3390 3964 3383)
4(3376 3383 3387 3380)
4(3376 3380 3961 3390)
4(3366 3390 3964 3369)
4(3363 3369 3964 3383)
4(3360 3363 3383 3376)
4(3360 3376 3390 3366)
4(3369 3371 3966 3964)
4(3371 3966 3967 3372)
4(3369 3370 3965 3964)
4(3363 3364 3384 3383)
4(3361 3381 3383 3363)
4(3361 3362 3382 3381)
4(3374 3381 3383 3376)
4(3358 3361 3381 3374)
4(3358 3374 3376 3360)
4(3374 3381 3385 3378)
4(3374 3378 3380 3376)
4(2697 3374 3381 2704)
4(2697 2704 2708 2701)
4(2697 2701 3378 3374)
4(2676 3361 3381 2704)
4(2673 2676 2704 2697)
4(2673 2697 3374 3358)
4(2676 2677 2705 2704)
4(2674 2702 2704 2676)
4(2674 2675 2703 2702)
4(2695 2702 2704 2697)
4(2671 2674 2702 2695)
4(2671 2695 2697 2673)
4(2695 2702 2706 2699)
4(2695 2699 2701 2697)
4(2681 2695 2702 2688)
4(2681 2688 2692 2685)
4(2681 2685 2699 2695)
4(2668 2674 2702 2688)
4(2665 2668 2688 2681)
4(2665 2681 2695 2671)
4(2668 2669 2689 2688)
4(2666 2686 2688 2668)
4(2679 2686 2688 2681)
4(2663 2666 2686 2679)
4(2663 2679 2681 2665)
4(2679 2686 2690 2683)
4(2679 2683 2685 2681)
4(736 2679 2686 743)
4(736 740 2683 2679)
4(736 743 747 740)
4(273 736 2679 2663)
4(273 276 743 736)
4(735 736 2679 2678)
4(2662 2678 2679 2663)
4(272 735 2678 2662)
4(272 273 736 735)
4(2678 2682 2683 2679)
4(735 739 2682 2678)
4(735 736 740 739)
4(2680 2684 2685 2681)
4(2678 2680 2681 2679)
4(2678 2682 2684 2680)
4(2694 2698 2699 2695)
4(2680 2684 2698 2694)
4(2680 2694 2695 2681)
4(2696 2700 2701 2697)
4(2694 2696 2697 2695)
4(2694 2698 2700 2696)
4(3373 3377 3378 3374)
4(2696 2700 3377 3373)
4(2696 3373 3374 2697)
4(3375 3379 3380 3376)
4(3373 3375 3376 3374)
4(3373 3377 3379 3375)
4(3375 3379 3960 3389)
4(3375 3389 3390 3376)
4(2224 2226 3960 3389)
4(2219 2224 3389 3375)
4(2219 3375 3379 2223)
4(2224 2225 3391 3389)
4(2214 3365 3389 2224)
4(3359 3365 3389 3375)
4(2213 3359 3375 2219)
4(3359 3360 3376 3375)
4(3357 3373 3375 3359)
4(3357 3358 3374 3373)
4(2217 3373 3375 2219)
4(2211 3357 3373 2217)
4(2211 2217 2219 2213)
4(2217 3373 3377 2221)
4(2217 2221 2223 2219)
4(1623 2217 3373 2696)
4(1623 2696 2700 1627)
4(1623 1627 2221 2217)
4(2672 3357 3373 2696)
4(1599 2672 2696 1623)
4(1599 1623 2217 2211)
4(2672 2673 2697 2696)
4(2670 2694 2696 2672)
4(2670 2671 2695 2694)
4(1621 2694 2696 1623)
4(1597 2670 2694 1621)
4(1597 1621 1623 1599)
4(1621 2694 2698 1625)
4(1621 1625 1627 1623)
4(1611 1621 2694 2680)
4(1611 2680 2684 1615)
4(1611 1615 1625 1621)
4(2664 2670 2694 2680)
4(1593 2664 2680 1611)
4(1593 1611 1621 1597)
4(2664 2665 2681 2680)
4(2662 2678 2680 2664)
4(1609 2678 2680 1611)
4(1591 2662 2678 1609)
4(1591 1609 1611 1593)
4(1609 2678 2682 1613)
4(1609 1613 1615 1611)
4(5634 1609 2678 735)
4(5634 5638 1613 1609)
4(5634 735 739 5638)
4(5606 5634 1609 1591)
4(5606 272 735 5634)
4(5633 5634 1609 1608)
4(1590 1608 1609 1591)
4(5605 5633 1608 1590)
4(5605 5606 5634 5633)
4(1608 1612 1613 1609)
4(5633 5637 1612 1608)
4(5633 5634 5638 5637)
4(1610 1614 1615 1611)
4(1608 1610 1611 1609)
4(1608 1612 1614 1610)
4(1620 1624 1625 1621)
4(1610 1614 1624 1620)
4(1610 1620 1621 1611)
4(1622 1626 1627 1623)
4(1620 1622 1623 1621)
4(1620 1624 1626 1622)
4(2216 2220 2221 2217)
4(1622 2216 2217 1623)
4(2216 2218 2219 2217)
4(2210 2211 2217 2216)
4(1598 1599 1623 1622)
4(1596 1620 1622 1598)
4(1596 1597 1621 1620)
4(1616 1620 1622 1617)
4(1594 1596 1620 1616)
4(1616 1620 1624 1618)
4(1603 1616 1620 1610)
4(1603 1610 1614 1607)
4(1592 1596 1620 1610)
4(1589 1592 1610 1603)
4(1592 1593 1611 1610)
4(1590 1608 1610 1592)
4(1601 1608 1610 1603)
4(1587 1590 1608 1601)
4(1587 1601 1603 1589)
4(1601 1608 1612 1605)
4(1601 1605 1607 1603)
4(5626 1601 1608 5633)
4(5626 5630 1605 1601)
4(5626 5633 5637 5630)
4(5602 5626 1601 1587)
4(5602 5605 5633 5626)
4(5625 5626 1601 1600)
4(1586 1600 1601 1587)
4(5601 5625 1600 1586)
4(5601 5602 5626 5625)
4(1600 1604 1605 1601)
4(5625 5629 1604 1600)
4(5625 5626 5630 5629)
4(1600 1602 1603 1601)
4(5586 1051 1600 5625)
4(5586 5625 5629 5590)
4(5080 5601 5625 5586)
4(5580 5582 3566 3564)
4(5579 5580 3564 3563)
4(5579 5581 5582 5580)
4(5587 5589 3573 3571)
4(5580 5587 3571 3564)
4(5580 5582 5589 5587)
4(5588 5590 3574 3572)
4(5587 5588 3572 3571)
4(5587 5589 5590 5588)
4(5627 5629 4182 4180)
4(5588 5627 4180 3572)
4(5588 5590 5629 5627)
4(5628 5630 4183 4181)
4(5627 5628 4181 4180)
4(5627 5629 5630 5628)
4(5635 5637 4190 4188)
4(5628 5635 4188 4181)
4(5628 5630 5637 5635)
4(5636 5638 4191 4189)
4(5635 5636 4189 4188)
4(5635 5637 5638 5636)
4(737 739 5345 5343)
4(5636 737 5343 4189)
4(5636 5638 739 737)
4(738 740 5346 5344)
4(737 738 5344 5343)
4(737 739 740 738)
4(745 747 5353 5351)
4(738 745 5351 5344)
4(738 740 747 745)
4(746 748 5354 5352)
4(745 746 5352 5351)
4(745 747 748 746)
4(785 787 5785 5783)
4(746 785 5783 5352)
4(746 748 787 785)
4(786 788 5786 5784)
4(785 786 5784 5783)
4(785 787 788 786)
4(793 795 5793 5791)
4(786 793 5791 5784)
4(786 788 795 793)
4(793 794 5792 5791)
4(793 795 796 794)
4(5369 5370 5792 5791)
4(779 5369 5791 793)
4(779 780 5370 5369)
4(779 793 794 780)
4(5369 5373 5795 5791)
4(5369 5370 5374 5373)
4(5362 5784 5791 5369)
4(5362 5366 5788 5784)
4(5362 5369 5373 5366)
4(772 5362 5784 786)
4(772 779 5369 5362)
4(772 786 793 779)
4(5361 5362 5784 5783)
4(771 5361 5783 785)
4(771 772 5362 5361)
4(771 785 786 772)
4(5361 5365 5787 5783)
4(5361 5362 5366 5365)
4(5338 5352 5783 5361)
4(5338 5361 5365 5342)
4(5338 5342 5356 5352)
4(732 771 5361 5338)
4(732 746 785 771)
4(732 5338 5352 746)
4(5336 5359 5361 5338)
4(730 769 5359 5336)
4(769 771 5361 5359)
4(730 732 771 769)
4(730 5336 5338 732)
4(5359 5361 5365 5363)
4(5336 5359 5363 5340)
4(5336 5340 5342 5338)
4(5360 5362 5366 5364)
4(5359 5360 5364 5363)
4(5359 5361 5362 5360)
4(5367 5369 5373 5371)
4(5360 5367 5371 5364)
4(5360 5362 5369 5367)
4(5367 5368 5372 5371)
4(5367 5369 5370 5368)
4(4759 4763 5371 5367)
4(4759 5367 5368 4760)
4(4759 4760 4764 4763)
4(4752 5360 5367 4759)
4(4752 4759 4763 4756)
4(4752 4756 5364 5360)
4(770 5360 5367 777)
4(260 777 5367 4759)
4(253 260 4759 4752)
4(253 4752 5360 770)
4(253 770 777 260)
4(777 779 5369 5367)
4(770 5360 5362 772)
4(770 772 779 777)
4(777 778 5368 5367)
4(777 779 780 778)
4(260 261 4760 4759)
4(260 777 778 261)
4(4757 4758 4760 4759)
4(258 259 4758 4757)
4(258 4757 4759 260)
4(258 260 261 259)
4(4757 4761 4763 4759)
4(4757 4758 4762 4761)
4(4750 4757 4761 4754)
4(4750 4752 4759 4757)
4(4750 4754 4756 4752)
4(4743 4757 4761 4747)
4(4736 4750 4757 4743)
4(4736 4743 4747 4740)
4(4736 4740 4754 4750)
4(4743 4757 4758 4744)
4(4743 4744 4748 4747)
4(244 4743 4757 258)
4(244 245 4744 4743)
4(244 258 259 245)
4(251 4750 4757 258)
4(237 244 4743 4736)
4(237 4736 4750 251)
4(237 251 258 244)
4(251 4750 4752 253)
4(251 253 260 258)
4(4749 4750 4752 4751)
4(252 4751 4752 253)
4(250 251 4750 4749)
4(250 4749 4751 252)
4(250 252 253 251)
4(4751 4755 4756 4752)
4(4749 4753 4755 4751)
4(4749 4750 4754 4753)
4(4751 4755 5363 5359)
4(4751 5359 5360 4752)
4(4728 5336 5359 4751)
4(4728 4732 5340 5336)
4(4728 4751 4755 4732)
4(252 769 5359 4751)
4(6031 730 769 252)
4(6031 4728 5336 730)
4(6031 252 4751 4728)
4(769 5359 5360 770)
4(252 769 770 253)
4(769 771 772 770)
4(767 771 772 768)
4(766 768 772 770)
4(765 766 770 769)
4(765 769 771 767)
4(765 767 768 766)
4(781 785 786 782)
4(768 782 786 772)
4(767 771 785 781)
4(767 781 782 768)
4(782 784 788 786)
4(781 785 787 783)
4(781 783 784 782)
4(789 791 795 793)
4(782 789 793 786)
4(782 784 791 789)
4(789 790 794 793)
4(789 791 792 790)
4(776 790 794 780)
4(775 776 780 779)
4(775 779 793 789)
4(775 789 790 776)
4(776 790 5639 5143)
4(776 5143 5147 780)
4(756 5127 5143 776)
4(756 776 790 762)
4(774 5141 5143 776)
4(754 5125 5141 774)
4(754 774 776 756)
4(774 5141 5145 778)
4(774 778 780 776)
4(257 774 5141 4495)
4(257 4495 4499 261)
4(257 261 778 774)
4(229 4471 4495 257)
4(229 257 774 754)
4(255 4493 4495 257)
4(227 4469 4493 255)
4(227 255 257 229)
4(255 4493 4497 259)
4(255 259 261 257)
4(241 255 4493 4479)
4(241 4479 4483 245)
4(241 245 259 255)
4(221 4463 4479 241)
4(221 241 255 227)
4(239 4477 4479 241)
4(219 4461 4477 239)
4(219 239 241 221)
4(239 4477 4481 243)
4(239 243 245 241)
4(4447 239 4477 2152)
4(4447 2152 2156 4451)
4(4447 4451 243 239)
4(3871 1584 2152 4447)
4(3871 4447 239 219)
4(4445 2150 2152 4447)
4(1582 1584 2152 2150)
4(3869 1582 2150 4445)
4(3869 4445 4447 3871)
4(4445 2150 2154 4449)
4(4445 4449 4451 4447)
4(2136 2150 2154 2140)
4(3883 4445 2150 2136)
4(3883 2136 2140 3887)
4(3883 3887 4449 4445)
4(2137 2151 2155 2141)
4(2136 2137 2141 2140)
4(2136 2150 2151 2137)
4(2151 2155 2162 2158)
4(2137 2144 2148 2141)
4(2144 2158 2162 2148)
4(2137 2151 2158 2144)
4(2158 2160 2164 2162)
4(2151 2153 2160 2158)
4(2159 2161 2165 2163)
4(2158 2159 2163 2162)
4(2158 2160 2161 2159)
4(2198 2200 2204 2202)
4(2159 2198 2202 2163)
4(2159 2161 2200 2198)
4(2199 2201 2205 2203)
4(2198 2199 2203 2202)
4(2198 2200 2201 2199)
4(2206 2208 2612 2610)
4(2199 2201 2208 2206)
4(2199 2206 2610 2203)
4(2207 2209 2613 2611)
4(2206 2208 2209 2207)
4(2206 2207 2611 2610)
4(2207 3908 3912 2611)
4(2207 2209 3910 3908)
4(3315 3908 3912 3898)
4(2193 2207 3908 3315)
4(2193 2197 2611 2207)
4(2193 3315 3898 2197)
4(3315 3908 3909 3316)
4(3315 3316 3899 3898)
4(3299 3315 3908 3305)
4(3299 3300 3316 3315)
4(2179 2207 3908 3305)
4(2173 2193 2207 2179)
4(2173 3299 3315 2193)
4(2179 2207 2209 2181)
4(2178 2206 2208 2180)
4(2178 2179 2207 2206)
4(2175 2178 2206 2199)
4(2175 2199 2201 2177)
4(2185 2192 2206 2199)
4(2172 2178 2206 2192)
4(2169 2185 2199 2175)
4(2169 2172 2192 2185)
4(2192 2206 2610 2196)
4(2185 2189 2203 2199)
4(2185 2192 2196 2189)
4(2192 2206 2207 2193)
4(2192 2193 2197 2196)
4(2172 2173 2193 2192)
4(2190 2191 2193 2192)
4(2171 2173 2193 2191)
4(2170 2171 2191 2190)
4(2170 2190 2192 2172)
4(2191 2193 2197 2195)
4(2190 2194 2196 2192)
4(2190 2191 2195 2194)
4(3313 3315 3898 3896)
4(2191 3313 3896 2195)
4(2191 2193 3315 3313)
4(3313 3314 3897 3896)
4(3313 3315 3316 3314)
4(2648 2652 3896 3313)
4(2648 3313 3314 2649)
4(2648 2649 2653 2652)
4(1569 2191 3313 2648)
4(1569 2648 2652 1573)
4(1569 1573 2195 2191)
4(2171 2191 3313 3297)
4(2624 3297 3313 2648)
4(1541 2624 2648 1569)
4(1541 1569 2191 2171)
4(3297 3299 3315 3313)
4(3297 3298 3314 3313)
4(2624 2625 2649 2648)
4(2646 2647 2649 2648)
4(2623 2625 2649 2647)
4(2622 2623 2647 2646)
4(2622 2646 2648 2624)
4(2647 2649 2653 2651)
4(2646 2647 2651 2650)
4(2646 2650 2652 2648)
4(2647 2654 2658 2651)
4(2647 2649 2656 2654)
4(2640 2654 2658 2644)
4(2633 2647 2654 2640)
4(2633 2637 2651 2647)
4(2633 2640 2644 2637)
4(2640 2654 2655 2641)
4(2640 2641 2645 2644)
4(2620 2640 2654 2626)
4(2620 2621 2641 2640)
4(2623 2647 2654 2626)
4(2617 2633 2647 2623)
4(2617 2620 2640 2633)
4(2632 2633 2647 2646)
4(2616 2632 2646 2622)
4(2616 2617 2633 2632)
4(2632 2636 2650 2646)
4(2632 2633 2637 2636)
4(1567 1571 2650 2646)
4(1553 1567 2646 2632)
4(1553 2632 2636 1557)
4(1553 1557 1571 1567)
4(1567 1569 2648 2646)
4(1567 1571 1573 1569)
4(1539 2622 2646 1567)
4(1539 1567 1569 1541)
4(1533 2616 2632 1553)
4(1533 1553 1567 1539)
4(1551 2630 2632 1553)
4(1531 2614 2630 1551)
4(2614 2616 2632 2630)
4(1531 1551 1553 1533)
4(2630 2632 2636 2634)
4(1551 2630 2634 1555)
4(1551 1555 1557 1553)
4(2631 2633 2637 2635)
4(2630 2631 2635 2634)
4(2630 2632 2633 2631)
4(2638 2640 2644 2642)
4(2631 2638 2642 2635)
4(2631 2633 2640 2638)
4(2638 2639 2643 2642)
4(2638 2640 2641 2639)
4(688 2639 2643 692)
4(687 688 692 691)
4(687 691 2642 2638)
4(687 2638 2639 688)
4(719 3273 3277 723)
4(688 2639 3273 719)
4(688 719 723 692)
4(3273 3277 3278 3274)
4(720 3274 3278 724)
4(719 3273 3274 720)
4(719 720 724 723)
4(3274 3276 3280 3278)
4(3273 3275 3276 3274)
4(3274 3281 3283 3278)
4(3274 3276 3282 3281)
4(720 3274 3281 726)
4(720 726 728 724)
4(3262 3274 3281 3265)
4(702 720 3274 3262)
4(702 704 726 720)
4(3262 3274 3276 3264)
4(3263 3275 3276 3264)
4(3261 3273 3275 3263)
4(3261 3262 3274 3273)
4(2619 3261 3273 2639)
4(2619 2639 2641 2621)
4(701 3261 3273 719)
4(660 701 719 688)
4(660 688 2639 2619)
4(701 702 720 719)
4(717 718 720 719)
4(700 702 720 718)
4(699 700 718 717)
4(699 717 719 701)
4(721 722 724 723)
4(718 720 724 722)
4(717 718 722 721)
4(717 721 723 719)
4(5771 5772 5774 5773)
4(722 724 5774 5772)
4(721 722 5772 5771)
4(721 5771 5773 723)
4(5772 5774 5778 5776)
4(5771 5772 5776 5775)
4(5771 5775 5777 5773)
4(5772 5779 5781 5776)
4(5772 5774 5780 5779)
4(5762 5772 5779 5768)
4(5762 5766 5776 5772)
4(5762 5768 5770 5766)
4(722 5772 5779 727)
4(712 722 727 716)
4(712 5762 5772 722)
4(712 716 5768 5762)
4(722 724 728 727)
4(718 725 727 722)
4(718 720 726 725)
4(708 718 725 714)
4(708 712 722 718)
4(708 714 716 712)
4(700 718 725 703)
4(696 708 718 700)
4(696 698 714 708)
4(707 708 718 717)
4(695 707 717 699)
4(695 696 708 707)
4(711 712 722 721)
4(707 708 712 711)
4(707 711 721 717)
4(5761 5762 5772 5771)
4(711 5761 5771 721)
4(711 712 5762 5761)
4(5761 5765 5775 5771)
4(5761 5762 5766 5765)
4(5320 5324 5775 5771)
4(5306 5320 5771 5761)
4(5306 5761 5765 5310)
4(5306 5310 5324 5320)
4(5320 5322 5773 5771)
4(5320 5324 5326 5322)
4(690 721 5771 5320)
4(690 5320 5322 692)
4(690 692 723 721)
4(676 711 5761 5306)
4(676 5306 5320 690)
4(676 690 721 711)
4(5304 5759 5761 5306)
4(709 711 5761 5759)
4(674 709 5759 5304)
4(674 5304 5306 676)
4(674 676 711 709)
4(5759 5761 5765 5763)
4(5304 5759 5763 5308)
4(5304 5308 5310 5306)
4(5760 5762 5766 5764)
4(5759 5761 5762 5760)
4(5759 5760 5764 5763)
4(5760 5767 5769 5764)
4(5760 5762 5768 5767)
4(4702 5760 5767 4708)
4(4702 4706 5764 5760)
4(4702 4708 5294 4706)
4(710 5760 5767 715)
4(201 4702 5760 710)
4(201 205 4708 4702)
4(201 710 715 205)
4(710 5760 5762 712)
4(710 712 716 715)
4(709 710 5760 5759)
4(709 711 712 710)
4(4701 4702 5760 5759)
4(200 4701 5759 709)
4(200 201 4702 4701)
4(200 709 710 201)
4(4701 4705 5763 5759)
4(4701 4702 4706 4705)
4(4682 5304 5759 4701)
4(4682 4686 5308 5304)
4(4682 4701 4705 4686)
4(169 4682 5304 674)
4(169 200 4701 4682)
4(169 674 709 200)
4(4681 4682 5304 5303)
4(673 5303 5304 674)
4(168 4681 5303 673)
4(168 673 674 169)
4(168 169 4682 4681)
4(5303 5307 5308 5304)
4(4681 4685 5307 5303)
4(4681 4682 4686 4685)
4(5305 5309 5310 5306)
4(5303 5305 5306 5304)
4(5303 5307 5309 5305)
4(5319 5323 5324 5320)
4(5305 5309 5323 5319)
4(5305 5319 5320 5306)
4(5319 5323 5325 5321)
4(5319 5321 5322 5320)
4(5312 5319 5323 5316)
4(5312 5314 5321 5319)
4(5312 5316 5318 5314)
4(5298 5312 5319 5305)
4(5298 5305 5309 5302)
4(5298 5302 5316 5312)
4(682 5312 5319 689)
4(675 689 5319 5305)
4(668 675 5305 5298)
4(668 5298 5312 682)
4(668 682 689 675)
4(689 691 5321 5319)
4(682 5312 5314 684)
4(682 684 691 689)
4(689 690 5320 5319)
4(689 691 692 690)
4(675 676 5306 5305)
4(675 689 690 676)
4(673 5303 5305 675)
4(673 675 676 674)
4(5296 5303 5305 5298)
4(666 673 5303 5296)
4(666 5296 5298 668)
4(666 668 675 673)
4(5296 5303 5307 5300)
4(5296 5300 5302 5298)
4(4674 5296 5303 4681)
4(4674 4678 5300 5296)
4(4674 4681 4685 4678)
4(5983 4674 5296 666)
4(5983 666 673 168)
4(5983 168 4681 4674)
4(4673 4674 5296 5295)
4(665 5295 5296 666)
4(5982 4673 5295 665)
4(5982 665 666 5983)
4(5982 5983 4674 4673)
4(5295 5299 5300 5296)
4(4673 4677 5299 5295)
4(4673 4674 4678 4677)
4(5297 5301 5302 5298)
4(5295 5297 5298 5296)
4(5295 5299 5301 5297)
4(5311 5315 5316 5312)
4(5297 5301 5315 5311)
4(5297 5311 5312 5298)
4(5311 5315 5317 5313)
4(5311 5313 5314 5312)
4(4161 5311 5315 4165)
4(4161 4163 5313 5311)
4(4161 4165 4167 4163)
4(4147 4161 5311 5297)
4(4147 5297 5301 4151)
4(4147 4151 4165 4161)
4(5941 4161 5311 681)
4(667 681 5311 5297)
4(5556 667 5297 4147)
4(5556 5941 681 667)
4(5556 4147 4161 5941)
4(681 683 5313 5311)
4(5941 5943 683 681)
4(5941 4161 4163 5943)
4(681 682 5312 5311)
4(681 683 684 682)
4(667 668 5298 5297)
4(667 681 682 668)
4(665 5295 5297 667)
4(665 667 668 666)
4(4145 5295 5297 4147)
4(5554 665 5295 4145)
4(5554 4145 4147 5556)
4(5554 5556 667 665)
4(4145 5295 5299 4149)
4(4145 4149 4151 4147)
4(3512 4145 5295 4673)
4(3512 4673 4677 3516)
4(3512 3516 4149 4145)
4(5006 5982 4673 3512)
4(5006 3512 4145 5554)
4(5006 5554 665 5982)
4(3510 4671 4673 3512)
4(5004 5980 4671 3510)
4(5004 3510 3512 5006)
4(5004 5006 5982 5980)
4(5980 5982 4673 4671)
4(4671 4673 4677 4675)
4(3510 4671 4675 3514)
4(3510 3514 3516 3512)
4(4672 4674 4678 4676)
4(4671 4672 4676 4675)
4(4671 4673 4674 4672)
4(4679 4681 4685 4683)
4(4672 4674 4681 4679)
4(4672 4679 4683 4676)
4(4680 4682 4686 4684)
4(4679 4681 4682 4680)
4(4679 4680 4684 4683)
4(4699 4701 4705 4703)
4(4680 4682 4701 4699)
4(4680 4699 4703 4684)
4(4700 4702 4706 4704)
4(4699 4701 4702 4700)
4(4699 4700 4704 4703)
4(4700 4707 5293 4704)
4(4700 4702 4708 4707)
4(4690 4700 4707 4696)
4(4690 4694 4704 4700)
4(4690 4696 4698 4694)
4(199 4700 4707 204)
4(189 4690 4700 199)
4(189 193 4696 4690)
4(189 199 204 193)
4(199 4700 4702 201)
4(199 201 205 204)
4(198 4699 4701 200)
4(198 199 4700 4699)
4(198 200 201 199)
4(167 198 4699 4680)
4(167 4680 4682 169)
4(167 169 200 198)
4(4666 4689 4699 4680)
4(188 198 4699 4689)
4(5975 4666 4680 167)
4(5975 188 4689 4666)
4(5975 167 198 188)
4(4689 4699 4703 4693)
4(4666 4670 4684 4680)
4(4666 4689 4693 4670)
4(4689 4699 4700 4690)
4(4689 4690 4694 4693)
4(188 189 4690 4689)
4(188 198 199 189)
4(4687 4688 4690 4689)
4(187 189 4690 4688)
4(186 187 4688 4687)
4(186 4687 4689 188)
4(186 188 189 187)
4(4688 4690 4694 4692)
4(4687 4691 4693 4689)
4(4687 4688 4692 4691)
4(4688 4695 4697 4692)
4(4688 4690 4696 4695)
4(2397 4688 4695 2403)
4(2397 2401 4692 4688)
4(2397 2403 2405 2401)
4(187 4688 4695 192)
4(4411 2397 4688 187)
4(4411 187 192 4415)
4(4411 4415 2403 2397)
4(187 189 193 192)
4(185 189 193 191)
4(183 185 191 190)
4(183 190 192 187)
4(183 187 189 185)
4(195 199 204 202)
4(185 189 199 195)
4(185 195 202 191)
4(197 201 205 203)
4(195 199 201 197)
4(195 197 203 202)
4(706 710 715 713)
4(197 706 713 203)
4(197 201 710 706)
4(706 708 714 713)
4(706 710 712 708)
4(694 697 713 706)
4(694 706 708 696)
4(179 197 706 694)
4(179 181 203 197)
4(196 197 706 705)
4(693 705 706 694)
4(178 196 705 693)
4(178 179 197 196)
4(705 709 710 706)
4(196 200 709 705)
4(196 197 201 200)
4(705 709 711 707)
4(705 707 708 706)
4(672 676 711 707)
4(670 672 707 705)
4(670 705 709 674)
4(670 674 676 672)
4(686 690 721 717)
4(672 686 717 707)
4(672 676 690 686)
4(686 688 719 717)
4(686 690 692 688)
4(658 699 717 686)
4(658 686 688 660)
4(213 695 707 672)
4(213 672 686 658)
4(693 695 707 705)
4(211 693 705 670)
4(211 670 672 213)
4(165 196 705 670)
4(5959 165 670 211)
4(5959 178 196 165)
4(165 169 674 670)
4(165 196 200 169)
4(669 673 674 670)
4(164 168 673 669)
4(164 669 670 165)
4(164 165 169 168)
4(671 675 676 672)
4(669 673 675 671)
4(669 671 672 670)
4(685 689 690 686)
4(671 675 689 685)
4(671 685 686 672)
4(685 689 691 687)
4(685 687 688 686)
4(680 684 691 687)
4(678 680 687 685)
4(678 685 689 682)
4(678 682 684 680)
4(680 2631 2638 687)
4(680 684 2635 2631)
4(2615 2631 2638 2618)
4(659 2618 2638 687)
4(217 659 687 680)
4(217 680 2631 2615)
4(2618 2620 2640 2638)
4(2615 2631 2633 2617)
4(2618 2619 2639 2638)
4(659 660 688 687)
4(657 685 687 659)
4(657 658 686 685)
4(215 657 685 678)
4(215 678 680 217)
4(664 671 685 678)
4(209 664 678 215)
4(209 212 671 664)
4(212 657 685 671)
4(664 668 682 678)
4(664 671 675 668)
4(677 681 682 678)
4(663 667 681 677)
4(663 677 678 664)
4(663 664 668 667)
4(679 683 684 680)
4(677 679 680 678)
4(677 681 683 679)
4(679 683 2634 2630)
4(679 2630 2631 680)
4(5939 1551 2630 679)
4(5939 679 683 5943)
4(5939 5943 1555 1551)
4(216 2614 2630 679)
4(5540 216 679 5939)
4(5540 5939 1551 1531)
4(2614 2630 2631 2615)
4(216 217 680 679)
4(214 677 679 216)
4(214 215 678 677)
4(5937 677 679 5939)
4(5538 214 677 5937)
4(5538 5937 5939 5540)
4(5937 677 681 5941)
4(5937 5941 5943 5939)
4(5552 5937 677 663)
4(5552 663 667 5556)
4(5552 5556 5941 5937)
4(208 214 677 663)
4(5532 208 663 5552)
4(5532 5552 5937 5538)
4(208 209 664 663)
4(661 662 664 663)
4(207 209 664 662)
4(206 661 663 208)
4(206 207 662 661)
4(662 664 668 666)
4(661 665 667 663)
4(661 662 666 665)
4(662 669 673 666)
4(662 664 671 669)
4(5979 662 669 164)
4(5979 164 168 5983)
4(5979 5983 666 662)
4(207 662 669 210)
4(5958 210 669 164)
4(5955 5958 164 5979)
4(5955 5979 662 207)
4(210 212 671 669)
4(212 671 672 213)
4(210 211 670 669)
4(5958 5959 165 164)
4(162 163 165 164)
4(5957 5959 165 163)
4(5956 5957 163 162)
4(5956 162 164 5958)
4(166 167 169 168)
4(163 165 169 167)
4(162 163 167 166)
4(162 166 168 164)
4(166 4679 4681 168)
4(166 167 4680 4679)
4(5981 166 4679 4672)
4(5981 5983 168 166)
4(5981 4672 4674 5983)
4(4658 4665 4679 4672)
4(5974 166 4679 4665)
4(5967 5981 166 5974)
4(5967 4658 4672 5981)
4(5967 5974 4665 4658)
4(4665 4679 4683 4669)
4(4658 4662 4676 4672)
4(4658 4665 4669 4662)
4(4665 4679 4680 4666)
4(4665 4666 4670 4669)
4(5974 5975 4666 4665)
4(5974 166 167 5975)
4(4663 4664 4666 4665)
4(5973 5975 4666 4664)
4(5972 5973 4664 4663)
4(5972 4663 4665 5974)
4(5972 5974 5975 5973)
4(4664 4666 4670 4668)
4(4663 4667 4669 4665)
4(4663 4664 4668 4667)
4(4664 4687 4691 4668)
4(4664 4666 4689 4687)
4(2396 4687 4691 2400)
4(1833 4664 4687 2396)
4(1833 1837 4668 4664)
4(1833 2396 2400 1837)
4(2396 4687 4688 2397)
4(2396 2397 2401 2400)
4(4410 2396 4687 186)
4(4410 186 187 4411)
4(4410 4411 2397 2396)
4(5973 4664 4687 186)
4(3795 1833 4664 5973)
4(3795 4410 2396 1833)
4(3795 5973 186 4410)
4(5973 5975 188 186)
4(5971 5975 188 184)
4(182 184 188 186)
4(5969 5971 184 182)
4(5969 182 186 5973)
4(5969 5973 5975 5971)
4(163 167 198 194)
4(184 194 198 188)
4(5971 163 194 184)
4(5971 5975 167 163)
4(194 196 200 198)
4(163 165 196 194)
4(194 195 199 198)
4(194 196 197 195)
4(184 194 195 185)
4(184 185 189 188)
4(176 194 195 177)
4(173 177 195 185)
4(172 173 185 184)
4(172 184 194 176)
4(177 179 197 195)
4(176 194 196 178)
4(177 180 202 195)
4(173 175 191 185)
4(171 174 190 183)
4(171 183 185 173)
4(4407 4413 190 183)
4(3805 3807 4413 4407)
4(3805 4407 183 171)
4(4407 4411 187 183)
4(4407 4413 4415 4411)
4(182 186 187 183)
4(4406 4407 4411 4410)
4(4406 4410 186 182)
4(4406 182 183 4407)
4(182 184 185 183)
4(170 182 184 172)
4(170 171 183 182)
4(5951 5971 184 172)
4(5949 170 182 5969)
4(5949 5969 5971 5951)
4(5957 163 194 176)
4(5951 5971 163 5957)
4(5970 5971 163 162)
4(5950 5970 162 5956)
4(5950 5951 5971 5970)
4(5970 5974 166 162)
4(5970 5971 5975 5974)
4(5977 5981 166 162)
4(5963 5977 162 5970)
4(5963 5967 5981 5977)
4(5963 5970 5974 5967)
4(5977 5979 164 162)
4(5977 5981 5983 5979)
4(5953 5956 162 5977)
4(5953 5977 5979 5955)
4(5947 5963 5977 5953)
4(5947 5950 5970 5963)
4(5962 5963 5977 5976)
4(5952 5976 5977 5953)
4(5946 5962 5976 5952)
4(5946 5947 5963 5962)
4(5966 5967 5981 5980)
4(5962 5963 5967 5966)
4(5962 5966 5980 5976)
4(5976 5980 5981 5977)
4(4657 4658 4672 4671)
4(5966 4657 4671 5980)
4(5966 5967 4658 4657)
4(5980 4671 4672 5981)
4(4657 4661 4675 4671)
4(4657 4658 4662 4661)
4(2857 3510 4671 4657)
4(2857 4657 4661 2861)
4(2857 2861 3514 3510)
4(4990 5966 4657 2857)
4(4990 2857 3510 5004)
4(4990 5004 5980 5966)
4(2855 4655 4657 2857)
4(5964 5966 4657 4655)
4(4988 5964 4655 2855)
4(4988 2855 2857 4990)
4(4988 4990 5966 5964)
4(4655 4657 4661 4659)
4(2855 4655 4659 2859)
4(2855 2859 2861 2857)
4(4656 4658 4662 4660)
4(4655 4657 4658 4656)
4(4655 4656 4660 4659)
4(4656 4663 4667 4660)
4(4656 4658 4665 4663)
4(1832 4663 4667 1836)
4(1825 4656 4663 1832)
4(1825 1829 4660 4656)
4(1825 1832 1836 1829)
4(1832 4663 4664 1833)
4(1832 1833 1837 1836)
4(3794 1832 4663 5972)
4(3794 3795 1833 1832)
4(3794 5972 5973 3795)
4(5965 4656 4663 5972)
4(3787 1825 4656 5965)
4(3787 3794 1832 1825)
4(3787 5965 5972 3794)
4(5965 4656 4658 5967)
4(5965 5967 5974 5972)
4(5964 5965 4656 4655)
4(5964 5966 5967 5965)
4(1824 1825 4656 4655)
4(3786 1824 4655 5964)
4(3786 3787 1825 1824)
4(3786 5964 5965 3787)
4(1824 1828 4659 4655)
4(1824 1825 1829 1828)
4(871 2855 4655 1824)
4(871 875 2859 2855)
4(871 1824 1828 875)
4(2549 871 2855 4988)
4(2549 3786 1824 871)
4(2549 4988 5964 3786)
4(870 871 2855 2854)
4(4987 2854 2855 4988)
4(2548 870 2854 4987)
4(2548 4987 4988 2549)
4(2548 2549 871 870)
4(2854 2858 2859 2855)
4(870 874 2858 2854)
4(870 871 875 874)
4(2856 2860 2861 2857)
4(2854 2856 2857 2855)
4(2854 2858 2860 2856)
4(3509 3513 3514 3510)
4(2856 2860 3513 3509)
4(2856 3509 3510 2857)
4(3511 3515 3516 3512)
4(3509 3511 3512 3510)
4(3509 3513 3515 3511)
4(4144 4148 4149 4145)
4(3511 3515 4148 4144)
4(3511 4144 4145 3512)
4(4146 4150 4151 4147)
4(4144 4146 4147 4145)
4(4144 4148 4150 4146)
4(4160 4164 4165 4161)
4(4146 4150 4164 4160)
4(4146 4160 4161 4147)
4(4160 4164 4166 4162)
4(4160 4162 4163 4161)
4(4153 4160 4164 4157)
4(4153 4155 4162 4160)
4(4153 4157 4159 4155)
4(4139 4153 4160 4146)
4(4139 4146 4150 4143)
4(4139 4143 4157 4153)
4(5933 4153 4160 5940)
4(5555 5940 4160 4146)
4(5548 5555 4146 4139)
4(5548 4139 4153 5933)
4(5548 5933 5940 5555)
4(5940 5942 4162 4160)
4(5933 4153 4155 5935)
4(5933 5935 5942 5940)
4(5940 5941 4161 4160)
4(5940 5942 5943 5941)
4(5555 5556 4147 4146)
4(5555 5940 5941 5556)
4(5553 4144 4146 5555)
4(5553 5554 4145 4144)
4(5553 5555 5556 5554)
4(4137 4144 4146 4139)
4(5546 5553 4144 4137)
4(5546 4137 4139 5548)
4(5546 5548 5555 5553)
4(4137 4144 4148 4141)
4(4137 4141 4143 4139)
4(3504 4137 4144 3511)
4(3504 3511 3515 3508)
4(3504 3508 4141 4137)
4(5005 5553 4144 3511)
4(4998 5005 3511 3504)
4(4998 3504 4137 5546)
4(4998 5546 5553 5005)
4(5005 5006 3512 3511)
4(5005 5553 5554 5006)
4(5003 3509 3511 5005)
4(5003 5004 3510 3509)
4(5003 5005 5006 5004)
4(3502 3509 3511 3504)
4(4996 5003 3509 3502)
4(4996 3502 3504 4998)
4(4996 4998 5005 5003)
4(3502 3509 3513 3506)
4(3502 3506 3508 3504)
4(2849 3502 3509 2856)
4(2849 2856 2860 2853)
4(2849 2853 3506 3502)
4(4989 5003 3509 2856)
4(4982 4989 2856 2849)
4(4982 2849 3502 4996)
4(4982 4996 5003 4989)
4(4989 4990 2857 2856)
4(4989 5003 5004 4990)
4(4987 2854 2856 4989)
4(4987 4989 4990 4988)
4(2847 2854 2856 2849)
4(4980 4987 2854 2847)
4(4980 2847 2849 4982)
4(4980 4982 4989 4987)
4(2847 2854 2858 2851)
4(2847 2851 2853 2849)
4(863 2847 2854 870)
4(863 867 2851 2847)
4(863 870 874 867)
4(2541 863 2847 4980)
4(2541 4980 4987 2548)
4(2541 2548 870 863)
4(862 863 2847 2846)
4(4979 2846 2847 4980)
4(2540 862 2846 4979)
4(2540 2541 863 862)
4(2540 4979 4980 2541)
4(2846 2850 2851 2847)
4(862 866 2850 2846)
4(862 863 867 866)
4(2848 2852 2853 2849)
4(2846 2848 2849 2847)
4(2846 2850 2852 2848)
4(3501 3505 3506 3502)
4(2848 2852 3505 3501)
4(2848 3501 3502 2849)
4(3503 3507 3508 3504)
4(3501 3503 3504 3502)
4(3501 3505 3507 3503)
4(4136 4140 4141 4137)
4(3503 3507 4140 4136)
4(3503 4136 4137 3504)
4(4138 4142 4143 4139)
4(4136 4138 4139 4137)
4(4136 4140 4142 4138)
4(4152 4156 4157 4153)
4(4138 4142 4156 4152)
4(4138 4152 4153 4139)
4(4152 4156 4158 4154)
4(4152 4154 4155 4153)
4(3542 4152 4156 3546)
4(3542 3544 4154 4152)
4(3542 3546 3548 3544)
4(3528 3542 4152 4138)
4(3528 4138 4142 3532)
4(3528 3532 3546 3542)
4(5522 3542 4152 5932)
4(5547 5932 4152 4138)
4(5508 5547 4138 3528)
4(5508 3528 3542 5522)
4(5508 5522 5932 5547)
4(5932 5934 4154 4152)
4(5522 3542 3544 5524)
4(5522 5524 5934 5932)
4(5932 5933 4153 4152)
4(5932 5934 5935 5933)
4(5547 5548 4139 4138)
4(5547 5932 5933 5548)
4(5545 4136 4138 5547)
4(5545 5546 4137 4136)
4(5545 5547 5548 5546)
4(3526 4136 4138 3528)
4(5506 5545 4136 3526)
4(5506 3526 3528 5508)
4(5506 5508 5547 5545)
4(3526 4136 4140 3530)
4(3526 3530 3532 3528)
4(2841 3526 4136 3503)
4(2841 3503 3507 2845)
4(2841 2845 3530 3526)
4(4997 5545 4136 3503)
4(4958 4997 3503 2841)
4(4958 2841 3526 5506)
4(4958 5506 5545 4997)
4(4997 4998 3504 3503)
4(4997 5545 5546 4998)
4(4995 3501 3503 4997)
4(4995 4996 3502 3501)
4(4995 4997 4998 4996)
4(2839 3501 3503 2841)
4(4956 4995 3501 2839)
4(4956 2839 2841 4958)
4(4956 4958 4997 4995)
4(2839 3501 3505 2843)
4(2839 2843 2845 2841)
4(2825 2839 3501 2848)
4(2825 2848 2852 2829)
4(2825 2829 2843 2839)
4(4981 4995 3501 2848)
4(4942 4981 2848 2825)
4(4942 2825 2839 4956)
4(4942 4956 4995 4981)
4(4981 4982 2849 2848)
4(4981 4995 4996 4982)
4(4979 2846 2848 4981)
4(4979 4981 4982 4980)
4(2823 2846 2848 2825)
4(4940 4979 2846 2823)
4(4940 2823 2825 4942)
4(4940 4942 4981 4979)
4(2823 2846 2850 2827)
4(2823 2827 2829 2825)
4(488 2823 2846 862)
4(488 843 2827 2823)
4(488 862 866 843)
4(2105 488 2823 4940)
4(2105 2540 862 488)
4(2105 4940 4979 2540)
4(487 488 2823 2822)
4(4939 2822 2823 4940)
4(2104 487 2822 4939)
4(2104 2105 488 487)
4(2104 4939 4940 2105)
4(2822 2826 2827 2823)
4(487 842 2826 2822)
4(487 488 843 842)
4(2824 2828 2829 2825)
4(2822 2824 2825 2823)
4(2822 2826 2828 2824)
4(2838 2842 2843 2839)
4(2824 2828 2842 2838)
4(2824 2838 2839 2825)
4(2840 2844 2845 2841)
4(2838 2840 2841 2839)
4(2838 2842 2844 2840)
4(3525 3529 3530 3526)
4(2840 2844 3529 3525)
4(2840 3525 3526 2841)
4(3527 3531 3532 3528)
4(3525 3527 3528 3526)
4(3525 3529 3531 3527)
4(3541 3545 3546 3542)
4(3527 3531 3545 3541)
4(3527 3541 3542 3528)
4(3541 3545 3547 3543)
4(3541 3543 3544 3542)
4(3534 3541 3545 3538)
4(3534 3536 3543 3541)
4(3534 3538 3540 3536)
4(3520 3534 3541 3527)
4(3520 3527 3531 3524)
4(3520 3524 3538 3534)
4(5514 3534 3541 5521)
4(5507 5521 3541 3527)
4(5500 5507 3527 3520)
4(5500 3520 3534 5514)
4(5500 5514 5521 5507)
4(5521 5523 3543 3541)
4(5514 3534 3536 5516)
4(5514 5516 5523 5521)
4(5521 5522 3542 3541)
4(5521 5523 5524 5522)
4(5507 5508 3528 3527)
4(5507 5521 5522 5508)
4(5505 3525 3527 5507)
4(5505 5506 3526 3525)
4(5505 5507 5508 5506)
4(3518 3525 3527 3520)
4(5498 5505 3525 3518)
4(5498 3518 3520 5500)
4(5498 5500 5507 5505)
4(3518 3525 3529 3522)
4(3518 3522 3524 3520)
4(2833 3518 3525 2840)
4(2833 2840 2844 2837)
4(2833 2837 3522 3518)
4(4957 5505 3525 2840)
4(4950 4957 2840 2833)
4(4950 2833 3518 5498)
4(4950 5498 5505 4957)
4(4957 4958 2841 2840)
4(4957 5505 5506 4958)
4(4955 2838 2840 4957)
4(4955 4956 2839 2838)
4(4955 4957 4958 4956)
4(2831 2838 2840 2833)
4(4948 4955 2838 2831)
4(4948 2831 2833 4950)
4(4948 4950 4957 4955)
4(2831 2838 2842 2835)
4(2831 2835 2837 2833)
4(2817 2831 2838 2824)
4(2817 2824 2828 2821)
4(2817 2821 2835 2831)
4(4941 4955 2838 2824)
4(4439 4941 2824 2817)
4(4439 2817 2831 4948)
4(4439 4948 4955 4941)
4(4941 4942 2825 2824)
4(4941 4955 4956 4942)
4(4939 2822 2824 4941)
4(4939 4941 4942 4940)
4(2815 2822 2824 2817)
4(4437 4939 2822 2815)
4(4437 2815 2817 4439)
4(4437 4439 4941 4939)
4(2815 2822 2826 2819)
4(2815 2819 2821 2817)
4(480 2815 2822 487)
4(480 484 2819 2815)
4(480 487 842 484)
4(2097 480 2815 4437)
4(2097 2104 487 480)
4(2097 4437 4939 2104)
4(479 480 2815 2814)
4(4436 2814 2815 4437)
4(2096 479 2814 4436)
4(2096 2097 480 479)
4(2096 4436 4437 2097)
4(2814 2818 2819 2815)
4(479 483 2818 2814)
4(479 480 484 483)
4(2816 2820 2821 2817)
4(2814 2816 2817 2815)
4(2814 2818 2820 2816)
4(2830 2834 2835 2831)
4(2816 2820 2834 2830)
4(2816 2830 2831 2817)
4(2832 2836 2837 2833)
4(2830 2832 2833 2831)
4(2830 2834 2836 2832)
4(3517 3521 3522 3518)
4(2832 2836 3521 3517)
4(2832 3517 3518 2833)
4(3519 3523 3524 3520)
4(3517 3521 3523 3519)
4(3517 3519 3520 3518)
4(3533 3537 3538 3534)
4(3519 3533 3534 3520)
4(3519 3523 3537 3533)
4(3533 3537 3539 3535)
4(3533 3535 3536 3534)
4(5754 5758 3539 3535)
4(5752 5754 3535 3533)
4(5752 3533 3537 5756)
4(5752 5756 5758 5754)
4(1216 1220 6294 6290)
4(5754 5758 1220 1216)
4(5754 1216 6290 3535)
4(1218 1222 6296 6292)
4(1216 1218 6292 6290)
4(1216 1220 1222 1218)
4(1843 1847 6310 6306)
4(1218 1843 6306 6292)
4(1218 1222 1847 1843)
4(1845 1849 6312 6308)
4(1843 1845 6308 6306)
4(1843 1847 1849 1845)
4(2415 2419 503 499)
4(1845 2415 499 6308)
4(1845 1849 2419 2415)
4(2415 2417 501 499)
4(2415 2419 2421 2417)
4(2138 2140 501 499)
4(3885 2138 499 2415)
4(3885 3887 2140 2138)
4(3885 2415 2417 3887)
4(2138 2139 500 499)
4(2138 2140 2141 2139)
4(1516 6308 499 2138)
4(1516 1517 6309 6308)
4(1516 2138 2139 1517)
4(3252 1516 6308 1845)
4(3252 3885 2138 1516)
4(3252 1845 2415 3885)
4(1514 1516 6308 6306)
4(3250 1514 6306 1843)
4(3250 3252 1516 1514)
4(3250 1843 1845 3252)
4(1514 1515 6307 6306)
4(1514 1516 1517 1515)
4(1036 6292 6306 1514)
4(1036 1037 6293 6292)
4(1036 1514 1515 1037)
4(3236 1036 6292 1218)
4(3236 3250 1514 1036)
4(3236 1218 1843 3250)
4(1034 1036 6292 6290)
4(3234 1216 1218 3236)
4(3234 1034 6290 1216)
4(3234 3236 1036 1034)
4(1034 1036 1037 1035)
4(1032 1036 1037 1033)
4(1030 1031 1035 1034)
4(1031 1033 1037 1035)
4(1030 1032 1033 1031)
4(1030 1034 1036 1032)
4(1046 1514 1515 1047)
4(1033 1047 1515 1037)
4(1032 1046 1047 1033)
4(1032 1036 1514 1046)
4(1048 1516 1517 1049)
4(1046 1048 1049 1047)
4(1047 1049 1517 1515)
4(1046 1514 1516 1048)
4(2134 2138 2139 2135)
4(1049 2135 2139 1517)
4(1048 1516 2138 2134)
4(1048 2134 2135 1049)
4(2135 2137 2141 2139)
4(2134 2138 2140 2136)
4(2134 2136 2137 2135)
4(2142 2144 2148 2146)
4(2135 2142 2146 2139)
4(2135 2137 2144 2142)
4(2144 2148 2149 2145)
4(2143 2145 2149 2147)
4(2142 2143 2147 2146)
4(2142 2144 2145 2143)
4(2145 2159 2163 2149)
4(2144 2158 2159 2145)
4(2184 2198 2202 2188)
4(2145 2159 2198 2184)
4(2145 2184 2188 2149)
4(2184 2198 2199 2185)
4(2184 2185 2189 2188)
4(2174 2198 2199 2175)
4(2168 2184 2198 2174)
4(2168 2169 2185 2184)
4(2174 2198 2200 2176)
4(2131 2174 2198 2159)
4(2131 2159 2161 2133)
4(1581 2168 2184 2145)
4(1581 2145 2159 2131)
4(2143 2182 2184 2145)
4(2166 2168 2184 2182)
4(1579 2166 2182 2143)
4(1579 2143 2145 1581)
4(2182 2184 2188 2186)
4(2143 2182 2186 2147)
4(2183 2185 2189 2187)
4(2182 2184 2185 2183)
4(2182 2183 2187 2186)
4(2183 2190 2194 2187)
4(2183 2185 2192 2190)
4(1568 2190 2194 1572)
4(1561 2183 2190 1568)
4(1561 1565 2187 2183)
4(1561 1568 1572 1565)
4(1568 2190 2191 1569)
4(1568 1569 1573 1572)
4(1540 1568 2190 2170)
4(1540 1541 1569 1568)
4(2167 2183 2190 2170)
4(1537 1561 2183 2167)
4(1537 1540 1568 1561)
4(2167 2183 2185 2169)
4(2166 2167 2183 2182)
4(1560 1561 2183 2182)
4(1536 1560 2182 2166)
4(1536 1537 1561 1560)
4(1560 1564 2186 2182)
4(1560 1561 1565 1564)
4(1521 2143 2182 1560)
4(1521 1525 2147 2143)
4(1521 1560 1564 1525)
4(1029 1521 2143 1579)
4(1029 1536 1560 1521)
4(1520 1521 2143 2142)
4(1028 1520 2142 1578)
4(1578 2142 2143 1579)
4(1028 1029 1521 1520)
4(1520 1524 2146 2142)
4(1520 1521 1525 1524)
4(1049 2135 2142 1520)
4(1049 1520 1524 1517)
4(1575 2135 2142 1578)
4(1025 1049 2135 1575)
4(1025 1028 1520 1049)
4(1577 2137 2144 1580)
4(1578 1580 2144 2142)
4(1575 2135 2137 1577)
4(1583 2151 2158 2130)
4(1580 2130 2158 2144)
4(1577 2137 2151 1583)
4(2130 2132 2160 2158)
4(1583 2151 2153 1585)
4(2130 2131 2159 2158)
4(1580 1581 2145 2144)
4(1582 1583 2151 2150)
4(1576 2136 2150 1582)
4(1576 1577 2137 2136)
4(3863 1576 2136 3883)
4(3863 3883 4445 3869)
4(3881 2134 2136 3883)
4(3861 1574 2134 3881)
4(1574 1576 2136 2134)
4(3861 3881 3883 3863)
4(3881 2134 2138 3885)
4(3881 3885 3887 3883)
4(3248 3881 2134 1048)
4(3248 1048 1516 3252)
4(3248 3252 3885 3881)
4(1024 1574 2134 1048)
4(3220 1024 1048 3248)
4(3220 3248 3881 3861)
4(1574 2134 2135 1575)
4(1024 1025 1049 1048)
4(1023 1025 1049 1047)
4(1022 1023 1047 1046)
4(1022 1046 1048 1024)
4(1047 1518 1520 1049)
4(1026 1028 1520 1518)
4(1023 1026 1518 1047)
4(1518 1520 1524 1522)
4(1047 1518 1522 1515)
4(1519 1521 1525 1523)
4(1518 1520 1521 1519)
4(1518 1519 1523 1522)
4(1558 1560 1564 1562)
4(1519 1558 1562 1523)
4(1519 1521 1560 1558)
4(1559 1561 1565 1563)
4(1558 1559 1563 1562)
4(1558 1560 1561 1559)
4(1566 1568 1572 1570)
4(1559 1566 1570 1563)
4(1559 1561 1568 1566)
4(1566 1567 1571 1570)
4(1566 1568 1569 1567)
4(1552 1556 1570 1566)
4(1552 1566 1567 1553)
4(1552 1553 1557 1556)
4(1545 1559 1566 1552)
4(1545 1552 1556 1549)
4(1545 1549 1563 1559)
4(1535 1559 1566 1538)
4(1532 1538 1566 1552)
4(1529 1532 1552 1545)
4(1529 1545 1559 1535)
4(1538 1540 1568 1566)
4(1535 1559 1561 1537)
4(1538 1539 1567 1566)
4(1532 1533 1553 1552)
4(1550 1551 1553 1552)
4(1530 1531 1551 1550)
4(1530 1550 1552 1532)
4(1550 1554 1556 1552)
4(1550 1551 1555 1554)
4(1543 1550 1554 1547)
4(1543 1545 1552 1550)
4(1543 1547 1549 1545)
4(5938 1550 1554 5942)
4(5560 1543 1550 5938)
4(5560 5938 5942 5935)
4(5560 5935 1547 1543)
4(5938 1550 1551 5939)
4(5938 5939 5943 5942)
4(5539 5938 1550 1530)
4(5539 5540 5939 5938)
4(1527 1543 1550 1530)
4(5536 5539 5938 5560)
4(5536 5560 1543 1527)
4(1527 1543 1545 1529)
4(1542 1543 1545 1544)
4(1528 1544 1545 1529)
4(1526 1542 1544 1528)
4(1526 1527 1543 1542)
4(1544 1548 1549 1545)
4(1542 1543 1547 1546)
4(1542 1546 1548 1544)
4(1544 1548 1562 1558)
4(1544 1558 1559 1545)
4(1041 1519 1558 1544)
4(1041 1045 1523 1519)
4(1041 1544 1548 1045)
4(1027 1519 1558 1534)
4(1528 1534 1558 1544)
4(1021 1041 1519 1027)
4(1021 1528 1544 1041)
4(1534 1536 1560 1558)
4(1027 1519 1521 1029)
4(1534 1535 1559 1558)
4(1026 1027 1519 1518)
4(1040 1041 1519 1518)
4(1020 1040 1518 1026)
4(1020 1021 1041 1040)
4(1040 1044 1522 1518)
4(1040 1041 1045 1044)
4(1033 1047 1518 1040)
4(1033 1040 1044 1037)
4(1017 1033 1047 1023)
4(1017 1020 1040 1033)
4(1016 1032 1046 1022)
4(1016 1017 1033 1032)
4(3232 1032 1046 3246)
4(3218 3246 1046 1022)
4(3212 1016 1032 3232)
4(3212 3232 3246 3218)
4(3246 3250 1514 1046)
4(3232 1032 1036 3236)
4(3232 3236 3250 3246)
4(3246 3248 1048 1046)
4(3246 3250 3252 3248)
4(3218 3246 3248 3220)
4(3245 3246 3248 3247)
4(3219 3247 3248 3220)
4(3217 3245 3247 3219)
4(3217 3218 3246 3245)
4(3249 3250 3252 3251)
4(3247 3251 3252 3248)
4(3245 3246 3250 3249)
4(3245 3249 3251 3247)
4(1842 1843 1845 1844)
4(3251 1844 1845 3252)
4(3249 3250 1843 1842)
4(3249 1842 1844 3251)
4(1844 1848 1849 1845)
4(1842 1846 1848 1844)
4(1842 1843 1847 1846)
4(2414 2418 2419 2415)
4(1844 1848 2418 2414)
4(1844 2414 2415 1845)
4(2416 2420 2421 2417)
4(2414 2416 2417 2415)
4(2414 2418 2420 2416)
4(2430 2434 2435 2431)
4(2416 2420 2434 2430)
4(2416 2430 2431 2417)
4(2432 2436 2437 2433)
4(2430 2432 2433 2431)
4(2430 2434 2436 2432)
4(4741 4745 4746 4742)
4(2432 2436 4745 4741)
4(2432 4741 4742 2433)
4(4741 4745 4747 4743)
4(4741 4743 4744 4742)
4(4734 4741 4745 4738)
4(4734 4736 4743 4741)
4(4734 4738 4740 4736)
4(2425 4734 4741 2432)
4(2425 2432 2436 2429)
4(2425 2429 4738 4734)
4(235 4734 4741 242)
4(4450 242 4741 2432)
4(3895 4450 2432 2425)
4(3895 2425 4734 235)
4(3895 235 242 4450)
4(242 244 4743 4741)
4(235 4734 4736 237)
4(235 237 244 242)
4(242 243 4742 4741)
4(242 244 245 243)
4(4450 4451 2433 2432)
4(4450 242 243 4451)
4(4448 2430 2432 4450)
4(4448 4449 2431 2430)
4(4448 4450 4451 4449)
4(2423 2430 2432 2425)
4(3893 4448 2430 2423)
4(3893 2423 2425 3895)
4(3893 3895 4450 4448)
4(2423 2430 2434 2427)
4(2423 2427 2429 2425)
4(2409 2423 2430 2416)
4(2409 2416 2420 2413)
4(2409 2413 2427 2423)
4(3886 4448 2430 2416)
4(3879 3886 2416 2409)
4(3879 2409 2423 3893)
4(3879 3893 4448 3886)
4(3886 3887 2417 2416)
4(3886 4448 4449 3887)
4(3884 2414 2416 3886)
4(3884 3885 2415 2414)
4(3884 3886 3887 3885)
4(2407 2414 2416 2409)
4(3877 3884 2414 2407)
4(3877 3879 3886 3884)
4(3877 2407 2409 3879)
4(2407 2414 2418 2411)
4(2407 2411 2413 2409)
4(1226 2407 2414 1844)
4(1226 1841 2411 2407)
4(1226 1844 1848 1841)
4(3251 3884 2414 1844)
4(3244 3877 3884 3251)
4(3244 1226 2407 3877)
4(3244 3251 1844 1226)
4(3251 3884 3885 3252)
4(3880 3884 3885 3881)
4(3247 3251 3884 3880)
4(3247 3880 3881 3248)
4(3882 3886 3887 3883)
4(3880 3882 3883 3881)
4(3880 3884 3886 3882)
4(4444 4448 4449 4445)
4(3882 3886 4448 4444)
4(3882 4444 4445 3883)
4(4446 4450 4451 4447)
4(4444 4446 4447 4445)
4(4444 4448 4450 4446)
4(238 242 243 239)
4(4446 4450 242 238)
4(4446 238 239 4447)
4(240 244 245 241)
4(238 240 241 239)
4(238 242 244 240)
4(254 258 259 255)
4(240 244 258 254)
4(240 254 255 241)
4(256 260 261 257)
4(254 258 260 256)
4(254 256 257 255)
4(773 777 778 774)
4(256 260 777 773)
4(256 773 774 257)
4(773 777 779 775)
4(773 775 776 774)
4(768 772 779 775)
4(766 768 775 773)
4(766 773 777 770)
4(768 782 789 775)
4(758 782 789 761)
4(755 761 789 775)
4(752 755 775 768)
4(752 768 782 758)
4(761 763 791 789)
4(758 782 784 760)
4(761 762 790 789)
4(755 756 776 775)
4(753 773 775 755)
4(753 754 774 773)
4(750 753 773 766)
4(750 766 768 752)
4(249 256 773 766)
4(225 249 766 750)
4(225 228 256 249)
4(228 753 773 256)
4(249 253 770 766)
4(249 256 260 253)
4(248 252 769 765)
4(248 765 766 249)
4(248 249 253 252)
4(287 730 769 765)
4(6027 287 765 248)
4(6027 6031 730 287)
4(6027 248 252 6031)
4(289 732 771 767)
4(287 289 767 765)
4(287 730 732 289)
4(742 746 785 781)
4(289 742 781 767)
4(289 732 746 742)
4(742 744 783 781)
4(742 746 748 744)
4(757 759 783 781)
4(275 757 781 742)
4(275 742 744 277)
4(757 758 782 781)
4(751 767 781 757)
4(751 752 768 767)
4(269 751 767 289)
4(269 289 742 275)
4(749 751 767 765)
4(267 749 765 287)
4(267 287 289 269)
4(749 750 766 765)
4(224 248 765 749)
4(224 225 249 248)
4(5999 6027 287 267)
4(5999 224 248 6027)
4(6026 6027 287 286)
4(266 286 287 267)
4(5998 6026 286 266)
4(5998 5999 6027 6026)
4(6030 6031 730 729)
4(6026 6027 6031 6030)
4(286 729 730 287)
4(6026 6030 729 286)
4(4727 4728 5336 5335)
4(729 5335 5336 730)
4(6030 4727 5335 729)
4(6030 6031 4728 4727)
4(5335 5339 5340 5336)
4(4727 4731 5339 5335)
4(4727 4728 4732 4731)
4(5337 5341 5342 5338)
4(5335 5337 5338 5336)
4(5335 5339 5341 5337)
4(5337 5341 5355 5351)
4(5337 5351 5352 5338)
4(5330 5344 5351 5337)
4(5330 5337 5341 5334)
4(5330 5334 5348 5344)
4(731 745 5351 5337)
4(285 731 5337 5330)
4(285 5330 5344 738)
4(285 738 745 731)
4(731 732 5338 5337)
4(731 745 746 732)
4(729 5335 5337 731)
4(729 731 732 730)
4(5328 5335 5337 5330)
4(283 729 5335 5328)
4(283 5328 5330 285)
4(283 285 731 729)
4(5328 5335 5339 5332)
4(5328 5332 5334 5330)
4(4720 5328 5335 4727)
4(4720 4724 5332 5328)
4(4720 4727 4731 4724)
4(6023 4720 5328 283)
4(6023 6030 4727 4720)
4(6023 283 729 6030)
4(4719 4720 5328 5327)
4(282 5327 5328 283)
4(6022 4719 5327 282)
4(6022 6023 4720 4719)
4(6022 282 283 6023)
4(5327 5331 5332 5328)
4(4719 4723 5331 5327)
4(4719 4720 4724 4723)
4(5329 5333 5334 5330)
4(5327 5329 5330 5328)
4(5327 5331 5333 5329)
4(5329 5333 5347 5343)
4(5329 5343 5344 5330)
4(4175 4189 5343 5329)
4(4175 5329 5333 4179)
4(4175 4179 4193 4189)
4(284 737 5343 5329)
4(5622 284 5329 4175)
4(5622 5636 737 284)
4(5622 4175 4189 5636)
4(284 285 5330 5329)
4(284 737 738 285)
4(282 5327 5329 284)
4(282 284 285 283)
4(4173 5327 5329 4175)
4(5620 282 5327 4173)
4(5620 5622 284 282)
4(5620 4173 4175 5622)
4(4173 5327 5331 4177)
4(4173 4177 4179 4175)
4(2897 4173 5327 4719)
4(2897 4719 4723 2901)
4(2897 2901 4177 4173)
4(5065 6022 4719 2897)
4(5065 5620 282 6022)
4(5065 2897 4173 5620)
4(2895 4717 4719 2897)
4(5063 6020 4717 2895)
4(6020 6022 4719 4717)
4(5063 2895 2897 5065)
4(5063 5065 6022 6020)
4(4717 4719 4723 4721)
4(2895 4717 4721 2899)
4(2895 2899 2901 2897)
4(4718 4720 4724 4722)
4(4717 4718 4722 4721)
4(4717 4719 4720 4718)
4(4725 4727 4731 4729)
4(4718 4720 4727 4725)
4(4718 4725 4729 4722)
4(4726 4728 4732 4730)
4(4725 4727 4728 4726)
4(4725 4726 4730 4729)
4(4726 4749 4753 4730)
4(4726 4728 4751 4749)
4(4735 4749 4753 4739)
4(4712 4726 4749 4735)
4(4712 4716 4730 4726)
4(4712 4735 4739 4716)
4(4735 4749 4750 4736)
4(4735 4736 4740 4739)
4(236 4735 4749 250)
4(236 237 4736 4735)
4(236 250 251 237)
4(6029 4726 4749 250)
4(6015 4712 4726 6029)
4(6015 236 4735 4712)
4(6015 6029 250 236)
4(6029 4726 4728 6031)
4(6029 6031 252 250)
4(6028 4725 4727 6030)
4(6028 6029 4726 4725)
4(6028 6030 6031 6029)
4(6021 6028 4725 4718)
4(6021 4718 4720 6023)
4(6021 6023 6030 6028)
4(4199 4711 4725 4718)
4(6014 6028 4725 4711)
4(6007 6014 4711 4199)
4(6007 4199 4718 6021)
4(6007 6021 6028 6014)
4(4711 4725 4729 4715)
4(4199 4711 4715 4203)
4(4199 4203 4722 4718)
4(4711 4725 4726 4712)
4(4711 4712 4716 4715)
4(6014 6015 4712 4711)
4(6014 6028 6029 6015)
4(4709 4710 4712 4711)
4(6013 6015 4712 4710)
4(6012 4709 4711 6014)
4(6012 6013 4710 4709)
4(6012 6014 6015 6013)
4(4710 4712 4716 4714)
4(4709 4710 4714 4713)
4(4709 4713 4715 4711)
4(4733 4735 4739 4737)
4(4710 4733 4737 4714)
4(4710 4712 4735 4733)
4(4733 4734 4738 4737)
4(4733 4735 4736 4734)
4(2424 2428 4737 4733)
4(2424 4733 4734 2425)
4(2424 2425 2429 2428)
4(1877 4710 4733 2424)
4(1877 2424 2428 1881)
4(1877 1881 4714 4710)
4(6013 4710 4733 234)
4(3894 234 4733 2424)
4(3855 3894 2424 1877)
4(3855 1877 4710 6013)
4(3855 6013 234 3894)
4(234 236 4735 4733)
4(6013 6015 236 234)
4(234 235 4734 4733)
4(234 236 237 235)
4(3894 3895 2425 2424)
4(3894 234 235 3895)
4(2422 2423 2425 2424)
4(3892 3893 2423 2422)
4(3892 2422 2424 3894)
4(3892 3894 3895 3893)
4(2422 2426 2428 2424)
4(2422 2423 2427 2426)
4(1875 2422 2426 1879)
4(1875 1877 2424 2422)
4(1875 1879 1881 1877)
4(2408 2422 2426 2412)
4(1861 1875 2422 2408)
4(1861 2408 2412 1865)
4(1861 1865 1879 1875)
4(2408 2422 2423 2409)
4(2408 2409 2413 2412)
4(3878 2408 2422 3892)
4(3878 3879 2409 2408)
4(3878 3892 3893 3879)
4(3853 1875 2422 3892)
4(3839 3878 2408 1861)
4(3839 3853 3892 3878)
4(3839 1861 1875 3853)
4(3853 1875 1877 3855)
4(3853 3855 3894 3892)
4(1874 1875 1877 1876)
4(3854 1876 1877 3855)
4(3852 1874 1876 3854)
4(3852 3853 1875 1874)
4(3852 3854 3855 3853)
4(1876 1880 1881 1877)
4(1874 1875 1879 1878)
4(1874 1878 1880 1876)
4(1876 1880 4713 4709)
4(1876 4709 4710 1877)
4(4197 4201 4713 4709)
4(1869 4197 4709 1876)
4(1869 1876 1880 1873)
4(1869 1873 4201 4197)
4(4197 4199 4711 4709)
4(4197 4201 4203 4199)
4(6005 6012 4709 4197)
4(6005 6007 6014 6012)
4(6005 4197 4199 6007)
4(3854 6012 4709 1876)
4(3847 3854 1876 1869)
4(3847 6005 6012 3854)
4(3847 1869 4197 6005)
4(3854 6012 6013 3855)
4(6008 6012 6013 6009)
4(3851 6009 6013 3855)
4(3850 3854 6012 6008)
4(3850 6008 6009 3851)
4(3850 3851 3855 3854)
4(6010 6014 6015 6011)
4(6009 6011 6015 6013)
4(6008 6010 6011 6009)
4(6008 6012 6014 6010)
4(6024 6028 6029 6025)
4(6011 6025 6029 6015)
4(6010 6014 6028 6024)
4(6010 6024 6025 6011)
4(6025 6027 6031 6029)
4(6024 6028 6030 6026)
4(6024 6026 6027 6025)
4(246 248 252 250)
4(6025 246 250 6029)
4(6025 6027 248 246)
4(247 249 253 251)
4(246 247 251 250)
4(246 248 249 247)
4(247 254 258 251)
4(247 249 256 254)
4(233 247 254 240)
4(233 240 244 237)
4(233 237 251 247)
4(223 247 254 226)
4(220 226 254 240)
4(6035 220 240 233)
4(6035 233 247 223)
4(226 228 256 254)
4(223 247 249 225)
4(228 256 257 229)
4(226 227 255 254)
4(220 221 241 240)
4(218 238 240 220)
4(218 219 239 238)
4(231 238 240 233)
4(6033 218 238 231)
4(6033 231 233 6035)
4(231 238 242 235)
4(231 235 237 233)
4(3891 231 238 4446)
4(3891 4446 4450 3895)
4(3891 3895 235 231)
4(3870 218 238 4446)
4(3867 3870 4446 3891)
4(3867 3891 231 6033)
4(3870 3871 4447 4446)
4(3868 4444 4446 3870)
4(3868 3869 4445 4444)
4(3889 4444 4446 3891)
4(3865 3868 4444 3889)
4(3865 3889 3891 3867)
4(3889 4444 4448 3893)
4(3889 3893 3895 3891)
4(3875 3889 4444 3882)
4(3875 3882 3886 3879)
4(3875 3879 3893 3889)
4(3862 3868 4444 3882)
4(3859 3862 3882 3875)
4(3859 3875 3889 3865)
4(3862 3863 3883 3882)
4(3860 3880 3882 3862)
4(3860 3861 3881 3880)
4(3873 3880 3882 3875)
4(3857 3860 3880 3873)
4(3857 3873 3875 3859)
4(3873 3880 3884 3877)
4(3873 3877 3879 3875)
4(3240 3873 3880 3247)
4(3240 3244 3877 3873)
4(3240 3247 3251 3244)
4(3219 3860 3880 3247)
4(3216 3240 3873 3857)
4(3216 3219 3247 3240)
4(3239 3240 3873 3872)
4(3856 3872 3873 3857)
4(3215 3239 3872 3856)
4(3215 3216 3240 3239)
4(3243 3244 3877 3876)
4(3872 3876 3877 3873)
4(3239 3243 3876 3872)
4(3239 3240 3244 3243)
4(1225 1226 2407 2406)
4(3243 1225 2406 3876)
4(3876 2406 2407 3877)
4(3243 3244 1226 1225)
4(2406 2410 2411 2407)
4(1225 1840 2410 2406)
4(1225 1226 1841 1840)
4(2406 2410 2412 2408)
4(2406 2408 2409 2407)
4(1859 2406 2410 1863)
4(1859 1861 2408 2406)
4(1859 1863 1865 1861)
4(1202 1859 2406 1225)
4(1202 1206 1863 1859)
4(1202 1225 1840 1206)
4(3837 1859 2406 3876)
4(3204 3837 3876 3243)
4(3204 1202 1859 3837)
4(3204 3243 1225 1202)
4(3876 3878 2408 2406)
4(3837 3839 3878 3876)
4(3837 1859 1861 3839)
4(3876 3878 3879 3877)
4(3874 3878 3879 3875)
4(3872 3874 3875 3873)
4(3872 3876 3878 3874)
4(3888 3892 3893 3889)
4(3874 3878 3892 3888)
4(3874 3888 3889 3875)
4(3890 3894 3895 3891)
4(3888 3890 3891 3889)
4(3888 3892 3894 3890)
4(230 234 235 231)
4(3890 3894 234 230)
4(3890 230 231 3891)
4(232 236 237 233)
4(230 232 233 231)
4(230 234 236 232)
4(232 236 250 246)
4(232 246 247 233)
4(6011 6025 246 232)
4(6011 232 236 6015)
4(5997 6025 246 222)
4(6034 222 246 232)
4(5991 6034 232 6011)
4(5991 6011 6025 5997)
4(222 224 248 246)
4(5997 6025 6027 5999)
4(222 223 247 246)
4(6034 6035 233 232)
4(6032 230 232 6034)
4(6032 6033 231 230)
4(6009 230 232 6011)
4(5989 6032 230 6009)
4(5989 6009 6011 5991)
4(6009 230 234 6013)
4(3851 6009 230 3890)
4(3851 3890 3894 3855)
4(3866 6032 230 3890)
4(3823 3866 3890 3851)
4(3823 3851 6009 5989)
4(3866 3867 3891 3890)
4(3864 3888 3890 3866)
4(3864 3865 3889 3888)
4(3849 3888 3890 3851)
4(3821 3864 3888 3849)
4(3821 3849 3851 3823)
4(3849 3888 3892 3853)
4(3849 3853 3855 3851)
4(3835 3849 3888 3874)
4(3835 3874 3878 3839)
4(3835 3839 3853 3849)
4(3858 3864 3888 3874)
4(3260 3858 3874 3835)
4(3260 3835 3849 3821)
4(3858 3859 3875 3874)
4(3856 3872 3874 3858)
4(3833 3872 3874 3835)
4(3258 3856 3872 3833)
4(3258 3833 3835 3260)
4(3833 3872 3876 3837)
4(3833 3837 3839 3835)
4(3200 3833 3872 3239)
4(3200 3204 3837 3833)
4(3200 3239 3243 3204)
4(2595 3200 3833 3258)
4(2595 3215 3239 3200)
4(3199 3200 3833 3832)
4(3257 3832 3833 3258)
4(2594 3199 3832 3257)
4(2594 2595 3200 3199)
4(3203 3204 3837 3836)
4(3832 3836 3837 3833)
4(3199 3203 3836 3832)
4(3199 3200 3204 3203)
4(1201 1202 1859 1858)
4(3836 1858 1859 3837)
4(3203 1201 1858 3836)
4(3203 3204 1202 1201)
4(1858 1862 1863 1859)
4(1201 1205 1862 1858)
4(1201 1202 1206 1205)
4(1860 1864 1865 1861)
4(1858 1860 1861 1859)
4(1858 1862 1864 1860)
4(1860 1864 1878 1874)
4(1860 1874 1875 1861)
4(1867 1871 1878 1874)
4(1853 1867 1874 1860)
4(1853 1860 1864 1857)
4(1853 1857 1871 1867)
4(1867 1869 1876 1874)
4(1867 1871 1873 1869)
4(3845 3852 1874 1867)
4(3845 3847 3854 3852)
4(3845 1867 1869 3847)
4(3838 3852 1874 1860)
4(3831 3838 1860 1853)
4(3831 3845 3852 3838)
4(3831 1853 1867 3845)
4(3838 3839 1861 1860)
4(3838 3852 3853 3839)
4(3836 1858 1860 3838)
4(3836 3838 3839 3837)
4(1851 1858 1860 1853)
4(3829 3836 1858 1851)
4(3829 1851 1853 3831)
4(3829 3831 3838 3836)
4(1851 1858 1862 1855)
4(1851 1855 1857 1853)
4(1194 1851 1858 1201)
4(1194 1198 1855 1851)
4(1194 1201 1205 1198)
4(3196 1194 1851 3829)
4(3196 3203 1201 1194)
4(3196 3829 3836 3203)
4(1193 1194 1851 1850)
4(3195 1193 1850 3828)
4(3828 1850 1851 3829)
4(3195 3196 1194 1193)
4(3195 3828 3829 3196)
4(1850 1854 1855 1851)
4(1193 1197 1854 1850)
4(1193 1194 1198 1197)
4(1852 1856 1857 1853)
4(1850 1854 1856 1852)
4(1850 1852 1853 1851)
4(1866 1870 1871 1867)
4(1852 1856 1870 1866)
4(1852 1866 1867 1853)
4(1868 1872 1873 1869)
4(1866 1868 1869 1867)
4(1866 1870 1872 1868)
4(4196 4200 4201 4197)
4(1868 4196 4197 1869)
4(1868 1872 4200 4196)
4(4198 4202 4203 4199)
4(4196 4198 4199 4197)
4(4196 4200 4202 4198)
4(4198 4202 4721 4717)
4(4198 4717 4718 4199)
4(2881 2895 4717 4198)
4(2881 4198 4202 2885)
4(2881 2885 2899 2895)
4(6006 6020 4717 4198)
4(5049 6006 4198 2881)
4(5049 2881 2895 5063)
4(5049 5063 6020 6006)
4(6020 4717 4718 6021)
4(6006 6007 4199 4198)
4(6006 6020 6021 6007)
4(6020 6022 6023 6021)
4(6018 6022 6023 6019)
4(6016 6018 6019 6017)
4(6017 6019 6023 6021)
4(6016 6020 6022 6018)
4(6016 6017 6021 6020)
4(278 282 283 279)
4(6019 279 283 6023)
4(6018 6022 282 278)
4(6018 278 279 6019)
4(280 284 285 281)
4(279 281 285 283)
4(278 280 281 279)
4(278 282 284 280)
4(733 737 738 734)
4(281 734 738 285)
4(280 733 734 281)
4(280 284 737 733)
4(734 736 740 738)
4(733 735 736 734)
4(733 737 739 735)
4(741 743 747 745)
4(734 741 745 738)
4(734 736 743 741)
4(741 742 746 745)
4(741 743 744 742)
4(288 731 745 741)
4(288 741 742 289)
4(288 289 732 731)
4(281 734 741 288)
4(281 288 731 285)
4(271 734 741 274)
4(268 274 741 288)
4(265 268 288 281)
4(265 281 734 271)
4(274 276 743 741)
4(271 734 736 273)
4(274 275 742 741)
4(268 269 289 288)
4(286 287 289 288)
4(266 286 288 268)
4(286 729 731 288)
4(279 286 729 283)
4(279 281 288 286)
4(6019 279 286 6026)
4(6019 6026 6030 6023)
4(263 279 286 266)
4(5995 6019 279 263)
4(5995 5998 6026 6019)
4(263 279 281 265)
4(264 280 281 265)
4(262 278 280 264)
4(262 263 279 278)
4(270 733 734 271)
4(264 280 733 270)
4(270 733 735 272)
4(5632 733 735 5634)
4(5604 270 733 5632)
4(5604 5632 5634 5606)
4(5632 733 737 5636)
4(5632 5636 5638 5634)
4(5618 5632 733 280)
4(5618 280 284 5622)
4(5618 5622 5636 5632)
4(5598 264 280 5618)
4(5598 5618 5632 5604)
4(5616 278 280 5618)
4(5596 262 278 5616)
4(5596 5616 5618 5598)
4(5616 278 282 5620)
4(5616 5620 5622 5618)
4(5061 5616 278 6018)
4(5061 6018 6022 5065)
4(5061 5065 5620 5616)
4(5994 262 278 6018)
4(5033 5994 6018 5061)
4(5033 5061 5616 5596)
4(5994 5995 6019 6018)
4(5993 5995 6019 6017)
4(5992 6016 6018 5994)
4(5992 5993 6017 6016)
4(6017 6024 6026 6019)
4(5993 5996 6024 6017)
4(5996 5998 6026 6024)
4(6017 6024 6028 6021)
4(6003 6017 6024 6010)
4(6003 6010 6014 6007)
4(6003 6007 6021 6017)
4(5990 5996 6024 6010)
4(5987 5990 6010 6003)
4(5987 6003 6017 5993)
4(5996 6024 6025 5997)
4(5990 5991 6011 6010)
4(5988 6008 6010 5990)
4(5988 5989 6009 6008)
4(6001 6008 6010 6003)
4(5985 5988 6008 6001)
4(5985 6001 6003 5987)
4(6001 6008 6012 6005)
4(6001 6005 6007 6003)
4(3843 6001 6008 3850)
4(3843 3850 3854 3847)
4(3843 3847 6005 6001)
4(3822 5988 6008 3850)
4(3819 3822 3850 3843)
4(3819 3843 6001 5985)
4(3822 3823 3851 3850)
4(3848 3849 3851 3850)
4(3820 3821 3849 3848)
4(3820 3848 3850 3822)
4(3848 3852 3854 3850)
4(3848 3849 3853 3852)
4(3841 3848 3852 3845)
4(3841 3843 3850 3848)
4(3841 3845 3847 3843)
4(3834 3848 3852 3838)
4(3827 3841 3848 3834)
4(3827 3831 3845 3841)
4(3827 3834 3838 3831)
4(3834 3848 3849 3835)
4(3834 3835 3839 3838)
4(3259 3834 3848 3820)
4(3259 3260 3835 3834)
4(3817 3841 3848 3820)
4(3256 3827 3841 3817)
4(3256 3259 3834 3827)
4(3817 3841 3843 3819)
4(3840 3841 3843 3842)
4(3818 3842 3843 3819)
4(3816 3840 3842 3818)
4(3816 3817 3841 3840)
4(3844 3845 3847 3846)
4(3840 3841 3845 3844)
4(3840 3844 3846 3842)
4(3842 3846 3847 3843)
4(3846 1868 1869 3847)
4(3844 1866 1868 3846)
4(3844 3845 1867 1866)
4(6004 4196 4197 6005)
4(3846 1868 4196 6004)
4(3846 6004 6005 3847)
4(6004 4196 4198 6006)
4(6004 6006 6007 6005)
4(2879 4196 4198 2881)
4(5047 6004 4196 2879)
4(5047 2879 2881 5049)
4(5047 5049 6006 6004)
4(2879 4196 4200 2883)
4(2879 2883 2885 2881)
4(889 2879 4196 1868)
4(889 893 2883 2879)
4(889 1868 1872 893)
4(2580 889 2879 5047)
4(2580 3846 1868 889)
4(2580 5047 6004 3846)
4(888 889 2879 2878)
4(5046 2878 2879 5047)
4(2579 888 2878 5046)
4(2579 2580 889 888)
4(2579 5046 5047 2580)
4(2878 2882 2883 2879)
4(888 892 2882 2878)
4(888 889 893 892)
4(2880 2884 2885 2881)
4(2878 2880 2881 2879)
4(2878 2882 2884 2880)
4(2894 2898 2899 2895)
4(2880 2884 2898 2894)
4(2880 2894 2895 2881)
4(2896 2900 2901 2897)
4(2894 2896 2897 2895)
4(2894 2898 2900 2896)
4(4172 4176 4177 4173)
4(2896 2900 4176 4172)
4(2896 4172 4173 2897)
4(4174 4178 4179 4175)
4(4172 4174 4175 4173)
4(4172 4176 4178 4174)
4(4174 4178 4192 4188)
4(4174 4188 4189 4175)
4(3582 4181 4188 4174)
4(3582 4174 4178 4171)
4(3582 4171 4185 4181)
4(5621 5635 4188 4174)
4(5614 5621 4174 3582)
4(5614 3582 4181 5628)
4(5614 5628 5635 5621)
4(5621 5622 4175 4174)
4(5621 5635 5636 5622)
4(5619 4172 4174 5621)
4(5619 5620 4173 4172)
4(5619 5621 5622 5620)
4(3580 4172 4174 3582)
4(5612 5619 4172 3580)
4(5612 3580 3582 5614)
4(5612 5614 5621 5619)
4(3580 4172 4176 4169)
4(3580 4169 4171 3582)
4(2889 3580 4172 2896)
4(2889 2896 2900 2893)
4(2889 2893 4169 3580)
4(5064 5619 4172 2896)
4(5057 5064 2896 2889)
4(5057 2889 3580 5612)
4(5057 5612 5619 5064)
4(5064 5065 2897 2896)
4(5064 5619 5620 5065)
4(5062 2894 2896 5064)
4(5062 5063 2895 2894)
4(5062 5064 5065 5063)
4(2887 2894 2896 2889)
4(5055 5062 2894 2887)
4(5055 2887 2889 5057)
4(5055 5057 5064 5062)
4(2887 2894 2898 2891)
4(2887 2891 2893 2889)
4(2873 2887 2894 2880)
4(2873 2880 2884 2877)
4(2873 2877 2891 2887)
4(5048 5062 2894 2880)
4(5041 5048 2880 2873)
4(5041 2873 2887 5055)
4(5041 5055 5062 5048)
4(5048 5049 2881 2880)
4(5048 5062 5063 5049)
4(5046 2878 2880 5048)
4(5046 5048 5049 5047)
4(2871 2878 2880 2873)
4(5039 5046 2878 2871)
4(5039 2871 2873 5041)
4(5039 5041 5048 5046)
4(2871 2878 2882 2875)
4(2871 2875 2877 2873)
4(883 2871 2878 888)
4(883 888 892 885)
4(2572 2579 888 883)
4(2572 5039 5046 2579)
4(2872 2876 2877 2873)
4(2870 2872 2873 2871)
4(2886 2890 2891 2887)
4(2872 2876 2890 2886)
4(2872 2886 2887 2873)
4(2888 2892 2893 2889)
4(2886 2888 2889 2887)
4(2886 2890 2892 2888)
4(3579 4168 4169 3580)
4(2888 2892 4168 3579)
4(2888 3579 3580 2889)
4(3581 4170 4171 3582)
4(3579 3581 3582 3580)
4(3579 4168 4170 3581)
4(3581 4170 4184 4180)
4(3581 4180 4181 3582)
4(3558 3572 4180 3581)
4(3558 3581 4170 3562)
4(3558 3562 3576 3572)
4(5613 5627 4180 3581)
4(5574 5613 3581 3558)
4(5574 3558 3572 5588)
4(5574 5588 5627 5613)
4(5613 5614 3582 3581)
4(5613 5627 5628 5614)
4(5611 3579 3581 5613)
4(5611 5612 3580 3579)
4(5611 5613 5614 5612)
4(3556 3579 3581 3558)
4(5572 5611 3579 3556)
4(5572 3556 3558 5574)
4(5572 5574 5613 5611)
4(3556 3579 4168 3560)
4(3556 3560 3562 3558)
4(2866 3556 3579 2888)
4(2866 2888 2892 2869)
4(2866 2869 3560 3556)
4(5056 5611 3579 2888)
4(5017 5056 2888 2866)
4(5017 2866 3556 5572)
4(5017 5572 5611 5056)
4(5056 5057 2889 2888)
4(5056 5611 5612 5057)
4(5054 2886 2888 5056)
4(5054 5055 2887 2886)
4(5054 5056 5057 5055)
4(2864 2886 2888 2866)
4(5015 5054 2886 2864)
4(5015 5017 5056 5054)
4(2864 2886 2890 2867)
4(2862 2864 2886 2872)
4(5040 5054 2886 2872)
4(4457 5015 5054 5040)
4(5040 5041 2873 2872)
4(5040 5054 5055 5041)
4(5038 5040 5041 5039)
4(3555 3559 3560 3556)
4(2865 3555 3556 2866)
4(3557 3561 3562 3558)
4(3555 3557 3558 3556)
4(3555 3559 3561 3557)
4(3557 3561 3575 3571)
4(3557 3571 3572 3558)
4(3551 3564 3571 3557)
4(3551 3557 3561 3554)
4(3551 3554 3568 3564)
4(5573 5587 3571 3557)
4(5566 5573 3557 3551)
4(5566 3551 3564 5580)
4(5566 5580 5587 5573)
4(5573 5574 3558 3557)
4(5573 5587 5588 5574)
4(5571 3555 3557 5573)
4(5571 5572 3556 3555)
4(5571 5573 5574 5572)
4(3549 3555 3557 3551)
4(5564 5566 5573 5571)
4(5016 5571 5572 5017)
4(3550 3563 3564 3551)
4(5565 5579 5580 5566)
4(886 888 892 890)
4(882 883 888 886)
4(887 889 893 891)
4(886 888 889 887)
4(886 887 891 890)
4(887 1866 1870 891)
4(887 889 1868 1866)
4(878 887 1866 1852)
4(878 881 891 887)
4(878 1852 1856 881)
4(2578 887 1866 3844)
4(2568 878 887 2578)
4(2568 3830 1852 878)
4(3830 3844 1866 1852)
4(2568 2578 3844 3830)
4(2578 887 889 2580)
4(2578 2580 3846 3844)
4(2577 886 888 2579)
4(2577 2578 887 886)
4(2577 2579 2580 2578)
4(2571 2572 2579 2577)
4(877 886 887 878)
4(2567 2577 2578 2568)
4(876 1850 1854 879)
4(876 878 1852 1850)
4(489 876 1850 1193)
4(2566 876 1850 3828)
4(1513 2566 3828 3195)
4(3828 3830 1852 1850)
4(2566 2568 3830 3828)
4(3830 1852 1853 3831)
4(3828 3830 3831 3829)
4(3830 3844 3845 3831)
4(3826 3830 3844 3840)
4(3826 3840 3841 3827)
4(3826 3827 3831 3830)
4(2574 2578 3844 3840)
4(2129 2568 2578 2574)
4(2129 2574 3840 3826)
4(2129 3826 3830 2568)
4(2576 2580 3846 3842)
4(2574 2578 2580 2576)
4(2574 2576 3842 3840)
4(5043 5047 6004 6000)
4(3842 6000 6004 3846)
4(2576 5043 6000 3842)
4(2576 2580 5047 5043)
4(5045 5049 6006 6002)
4(6000 6002 6006 6004)
4(5043 5045 6002 6000)
4(5043 5047 5049 5045)
4(5059 5063 6020 6016)
4(5045 5059 6016 6002)
4(6002 6016 6020 6006)
4(5045 5049 5063 5059)
4(5059 5061 6018 6016)
4(5059 5063 5065 5061)
4(5031 5992 6016 5059)
4(5031 5059 5061 5033)
4(5986 5992 6016 6002)
4(5025 5986 6002 5045)
4(5025 5045 5059 5031)
4(6002 6003 6017 6016)
4(5986 5987 6003 6002)
4(6002 6003 6007 6006)
4(6000 6001 6005 6004)
4(6000 6002 6003 6001)
4(3842 6000 6001 3843)
4(5984 6000 6001 5985)
4(3818 3842 6000 5984)
4(5984 6000 6002 5986)
4(5023 5984 6000 5043)
4(5023 5043 5045 5025)
4(2126 2576 5043 5023)
4(2126 3818 3842 2576)
4(2575 2576 5043 5042)
4(5022 5042 5043 5023)
4(2125 2575 5042 5022)
4(2125 2126 2576 2575)
4(5042 5046 5047 5043)
4(2575 2579 5046 5042)
4(2575 2576 2580 2579)
4(5044 5048 5049 5045)
4(5042 5044 5045 5043)
4(5042 5046 5048 5044)
4(5058 5062 5063 5059)
4(5044 5048 5062 5058)
4(5044 5058 5059 5045)
4(5060 5064 5065 5061)
4(5058 5060 5061 5059)
4(5058 5062 5064 5060)
4(5615 5619 5620 5616)
4(5060 5064 5619 5615)
4(5060 5615 5616 5061)
4(5617 5621 5622 5618)
4(5615 5617 5618 5616)
4(5615 5619 5621 5617)
4(5631 5635 5636 5632)
4(5617 5621 5635 5631)
4(5617 5631 5632 5618)
4(5631 5635 5637 5633)
4(5631 5633 5634 5632)
4(5624 5631 5635 5628)
4(5624 5626 5633 5631)
4(5624 5628 5630 5626)
4(5610 5624 5631 5617)
4(5610 5617 5621 5614)
4(5610 5614 5628 5624)
4(5600 5624 5631 5603)
4(5597 5603 5631 5617)
4(5594 5597 5617 5610)
4(5594 5610 5624 5600)
4(5603 5605 5633 5631)
4(5600 5624 5626 5602)
4(5603 5604 5632 5631)
4(5597 5598 5618 5617)
4(5595 5615 5617 5597)
4(5595 5596 5616 5615)
4(5608 5615 5617 5610)
4(5592 5595 5615 5608)
4(5592 5608 5610 5594)
4(5608 5615 5619 5612)
4(5608 5612 5614 5610)
4(5053 5608 5615 5060)
4(5053 5060 5064 5057)
4(5053 5057 5612 5608)
4(5032 5595 5615 5060)
4(5029 5032 5060 5053)
4(5029 5053 5608 5592)
4(5032 5033 5061 5060)
4(5030 5058 5060 5032)
4(5030 5031 5059 5058)
4(5051 5058 5060 5053)
4(5027 5030 5058 5051)
4(5027 5051 5053 5029)
4(5051 5058 5062 5055)
4(5051 5055 5057 5053)
4(5037 5051 5058 5044)
4(5037 5044 5048 5041)
4(5037 5041 5055 5051)
4(5024 5030 5058 5044)
4(5021 5024 5044 5037)
4(5021 5037 5051 5027)
4(5024 5025 5045 5044)
4(5022 5042 5044 5024)
4(5035 5042 5044 5037)
4(5019 5022 5042 5035)
4(5019 5035 5037 5021)
4(5035 5042 5046 5039)
4(5035 5039 5041 5037)
4(2570 5035 5042 2575)
4(2570 2575 2579 2572)
4(2122 2125 2575 2570)
4(5036 5040 5041 5037)
4(5034 5036 5037 5035)
4(5050 5054 5055 5051)
4(5036 5040 5054 5050)
4(5036 5050 5051 5037)
4(5052 5056 5057 5053)
4(5050 5052 5053 5051)
4(5050 5054 5056 5052)
4(5607 5611 5612 5608)
4(5052 5056 5611 5607)
4(5052 5607 5608 5053)
4(5609 5613 5614 5610)
4(5607 5609 5610 5608)
4(5607 5611 5613 5609)
4(5623 5627 5628 5624)
4(5609 5613 5627 5623)
4(5609 5623 5624 5610)
4(5623 5627 5629 5625)
4(5623 5625 5626 5624)
4(5584 5623 5627 5588)
4(5584 5586 5625 5623)
4(5584 5588 5590 5586)
4(5570 5584 5623 5609)
4(5570 5609 5613 5574)
4(5570 5574 5588 5584)
4(5078 5584 5623 5599)
4(5593 5599 5623 5609)
4(5072 5593 5609 5570)
4(5072 5570 5584 5078)
4(5599 5601 5625 5623)
4(5078 5584 5586 5080)
4(5599 5600 5624 5623)
4(5593 5594 5610 5609)
4(5591 5607 5609 5593)
4(5591 5592 5608 5607)
4(5568 5607 5609 5570)
4(5070 5591 5607 5568)
4(5070 5568 5570 5072)
4(5568 5607 5611 5572)
4(5568 5572 5574 5570)
4(4460 5568 5607 5052)
4(4460 5052 5056 5017)
4(4460 5017 5572 5568)
4(5028 5591 5607 5052)
4(4455 5028 5052 4460)
4(4455 4460 5568 5070)
4(5028 5029 5053 5052)
4(5026 5050 5052 5028)
4(5026 5027 5051 5050)
4(4458 5050 5052 4460)
4(4453 5026 5050 4458)
4(4458 5050 5054 5015)
4(4456 4458 5050 5036)
4(5020 5026 5050 5036)
4(5020 5021 5037 5036)
4(5567 5571 5572 5568)
4(4459 5567 5568 4460)
4(5569 5573 5574 5570)
4(5567 5569 5570 5568)
4(5567 5571 5573 5569)
4(5583 5587 5588 5584)
4(5569 5573 5587 5583)
4(5569 5583 5584 5570)
4(5583 5587 5589 5585)
4(5583 5585 5586 5584)
4(5576 5583 5587 5580)
4(5576 5578 5585 5583)
4(5576 5580 5582 5578)
4(5563 5576 5583 5569)
4(5563 5569 5573 5566)
4(5563 5566 5580 5576)
4(5074 5576 5583 5077)
4(5071 5077 5583 5569)
4(5068 5071 5569 5563)
4(5068 5563 5576 5074)
4(5077 5079 5585 5583)
4(5074 5576 5578 5076)
4(5077 5078 5584 5583)
4(5071 5072 5570 5569)
4(5069 5567 5569 5071)
4(5069 5070 5568 5567)
4(5561 5567 5569 5563)
4(5575 5579 5580 5576)
4(5562 5575 5576 5563)
4(5575 5577 5578 5576)
4(5073 5074 5576 5575)
4(1192 1194 1198 1196)
4(1191 1192 1196 1195)
4(1191 1193 1194 1192)
4(1199 1201 1205 1203)
4(1192 1199 1203 1196)
4(1192 1194 1201 1199)
4(1200 1202 1206 1204)
4(1199 1200 1204 1203)
4(1199 1201 1202 1200)
4(1223 1225 1840 1838)
4(1200 1202 1225 1223)
4(1200 1223 1838 1204)
4(1224 1226 1841 1839)
4(1223 1225 1226 1224)
4(1223 1224 1839 1838)
4(1224 1842 1846 1839)
4(1224 1226 1844 1842)
4(1217 1842 1846 1221)
4(1210 1224 1842 1217)
4(1210 1214 1839 1224)
4(1210 1217 1221 1214)
4(1217 1842 1843 1218)
4(1217 1218 1222 1221)
4(3235 1217 1842 3249)
4(3235 3236 1218 1217)
4(3235 3249 3250 3236)
4(3242 1224 1842 3249)
4(3228 1210 1224 3242)
4(3228 3235 1217 1210)
4(3228 3242 3249 3235)
4(3242 1224 1226 3244)
4(3242 3244 3251 3249)
4(3241 1223 1225 3243)
4(3241 3242 1224 1223)
4(3241 3243 3244 3242)
4(3202 3241 1223 1200)
4(3202 1200 1202 3204)
4(3202 3204 3243 3241)
4(1186 1209 1223 1200)
4(3227 3241 1223 1209)
4(2609 3227 1209 1186)
4(2609 1186 1200 3202)
4(2609 3202 3241 3227)
4(1209 1223 1838 1213)
4(1186 1209 1213 1190)
4(1186 1190 1204 1200)
4(1209 1223 1224 1210)
4(1209 1210 1214 1213)
4(3227 3228 1210 1209)
4(3227 3241 3242 3228)
4(1207 1208 1210 1209)
4(3226 3228 1210 1208)
4(3225 3226 1208 1207)
4(3225 1207 1209 3227)
4(3225 3227 3228 3226)
4(1208 1210 1214 1212)
4(1207 1208 1212 1211)
4(1207 1211 1213 1209)
4(1215 1217 1221 1219)
4(1208 1215 1219 1212)
4(1208 1210 1217 1215)
4(1215 1216 1220 1219)
4(1215 1217 1218 1216)
4(5753 5757 1219 1215)
4(5753 1215 1216 5754)
4(5753 5754 5758 5757)
4(5746 1208 1215 5753)
4(5746 5750 1212 1208)
4(5746 5753 5757 5750)
4(3226 1208 1215 3233)
4(1004 3233 1215 5753)
4(997 3226 3233 1004)
4(997 5746 1208 3226)
4(997 1004 5753 5746)
4(3233 3235 1217 1215)
4(3226 3228 3235 3233)
4(3233 3234 1216 1215)
4(3233 3235 3236 3234)
4(1005 3234 1216 5754)
4(1004 3233 3234 1005)
4(1004 1005 5754 5753)
4(1005 5515 3535 5754)
4(1005 3234 1034 5515)
4(5513 5515 3535 3533)
4(1003 5513 3533 5752)
4(1003 5752 5754 1005)
4(1003 1005 5515 5513)
4(5513 5514 3534 3533)
4(5513 5515 5516 5514)
4(5499 3519 3533 5513)
4(5499 5500 3520 3519)
4(5499 5513 5514 5500)
4(5738 3519 3533 5752)
4(656 5499 3519 5738)
4(656 5738 5752 1003)
4(656 1003 5513 5499)
4(5738 3519 3523 5742)
4(5738 5742 5756 5752)
4(5736 3517 3521 5740)
4(5736 5738 3519 3517)
4(5736 5740 5742 5738)
4(5268 5736 3517 2832)
4(5268 2832 2836 5272)
4(5268 5272 5740 5736)
4(654 5736 3517 5497)
4(4949 5497 3517 2832)
4(161 4949 2832 5268)
4(161 5268 5736 654)
4(161 654 5497 4949)
4(5497 5499 3519 3517)
4(654 5736 5738 656)
4(654 656 5499 5497)
4(5497 5498 3518 3517)
4(5497 5499 5500 5498)
4(4949 4950 2833 2832)
4(4949 5497 5498 4950)
4(4947 2830 2832 4949)
4(4947 4948 2831 2830)
4(4947 4949 4950 4948)
4(5266 2830 2832 5268)
4(159 4947 2830 5266)
4(159 161 4949 4947)
4(159 5266 5268 161)
4(5266 2830 2834 5270)
4(5266 5270 5272 5268)
4(4654 5266 2830 2816)
4(4654 2816 2820 5256)
4(4654 5256 5270 5266)
4(4438 4947 2830 2816)
4(145 4438 2816 4654)
4(145 159 4947 4438)
4(145 4654 5266 159)
4(4438 4439 2817 2816)
4(4438 4947 4948 4439)
4(4436 2814 2816 4438)
4(4436 4438 4439 4437)
4(4652 2814 2816 4654)
4(143 4436 2814 4652)
4(143 4652 4654 145)
4(143 145 4438 4436)
4(4652 2814 2818 5254)
4(4652 5254 5256 4654)
4(2377 4652 2814 479)
4(2377 479 483 2381)
4(2377 2381 5254 4652)
4(4399 2096 479 2377)
4(4399 2377 4652 143)
4(4399 143 4436 2096)
4(2375 477 479 2377)
4(4397 2094 477 2375)
4(2094 2096 479 477)
4(4397 2375 2377 4399)
4(4397 4399 2096 2094)
4(477 479 483 481)
4(2375 477 481 2379)
4(2375 2379 2381 2377)
4(478 480 484 482)
4(477 478 482 481)
4(477 479 480 478)
4(485 487 842 840)
4(478 485 840 482)
4(478 480 487 485)
4(486 488 843 841)
4(485 486 841 840)
4(485 487 488 486)
4(860 862 866 864)
4(486 860 864 841)
4(486 488 862 860)
4(861 863 867 865)
4(860 861 865 864)
4(860 862 863 861)
4(868 870 874 872)
4(861 863 870 868)
4(861 868 872 865)
4(869 871 875 873)
4(868 870 871 869)
4(868 869 873 872)
4(1822 1824 1828 1826)
4(869 1822 1826 873)
4(869 871 1824 1822)
4(1823 1825 1829 1827)
4(1822 1823 1827 1826)
4(1822 1824 1825 1823)
4(1830 1832 1836 1834)
4(1823 1830 1834 1827)
4(1823 1825 1832 1830)
4(1831 1833 1837 1835)
4(1830 1831 1835 1834)
4(1830 1832 1833 1831)
4(2394 2396 2400 2398)
4(1831 1833 2396 2394)
4(1831 2394 2398 1835)
4(2395 2397 2401 2399)
4(2394 2396 2397 2395)
4(2394 2395 2399 2398)
4(2395 2402 2404 2399)
4(2395 2397 2403 2402)
4(2385 2395 2402 2391)
4(2385 2389 2399 2395)
4(2385 2391 2393 2389)
4(4409 2395 2402 4414)
4(3815 2385 2395 4409)
4(3815 4403 2391 2385)
4(3815 4409 4414 4403)
4(4409 2395 2397 4411)
4(4409 4411 4415 4414)
4(4408 2394 2396 4410)
4(4408 4409 2395 2394)
4(4408 4410 4411 4409)
4(3793 4408 2394 1831)
4(3793 3795 4410 4408)
4(3793 1831 1833 3795)
4(1817 2384 2394 1831)
4(3814 4408 2394 2384)
4(3779 3793 4408 3814)
4(3779 3814 2384 1817)
4(3779 1817 1831 3793)
4(2384 2394 2398 2388)
4(1817 2384 2388 1821)
4(1817 1821 1835 1831)
4(2384 2394 2395 2385)
4(2384 2385 2389 2388)
4(3814 3815 2385 2384)
4(3814 4408 4409 3815)
4(2382 2383 2385 2384)
4(3813 3815 2385 2383)
4(3812 2382 2384 3814)
4(3812 3813 2383 2382)
4(3812 3814 3815 3813)
4(2383 2385 2389 2387)
4(2382 2386 2388 2384)
4(2382 2383 2387 2386)
4(2383 2390 2392 2387)
4(2383 2385 2391 2390)
4(1797 2383 2390 1803)
4(1797 1801 2387 2383)
4(1797 1803 1805 1801)
4(3813 2383 2390 4402)
4(3184 1797 2383 3813)
4(3184 3188 1803 1797)
4(3184 3813 4402 3188)
4(3813 3815 4403 4402)
4(3811 3815 4403 4401)
4(3809 4400 4402 3813)
4(3809 3811 4401 4400)
4(3809 3813 3815 3811)
4(4405 4409 4414 4412)
4(3811 4405 4412 4401)
4(3811 3815 4409 4405)
4(4405 4407 4413 4412)
4(4405 4409 4411 4407)
4(3803 3806 4412 4405)
4(3803 4405 4407 3805)
4(3799 3811 4405 3803)
4(3799 3801 4401 3811)
4(3810 3811 4405 4404)
4(3802 4404 4405 3803)
4(3798 3810 4404 3802)
4(3798 3799 3811 3810)
4(4404 4408 4409 4405)
4(3810 3814 4408 4404)
4(3810 3811 3815 3814)
4(4404 4408 4410 4406)
4(4404 4406 4407 4405)
4(3791 3795 4410 4406)
4(3789 3791 4406 4404)
4(3789 4404 4408 3793)
4(3789 3793 3795 3791)
4(3791 5969 182 4406)
4(3791 3795 5973 5969)
4(3804 170 182 4406)
4(3763 3804 4406 3791)
4(3763 3791 5969 5949)
4(3804 3805 4407 4406)
4(3802 4404 4406 3804)
4(3761 3802 4404 3789)
4(3761 3789 3791 3763)
4(3775 3810 4404 3789)
4(3755 3798 3810 3775)
4(3755 3775 3789 3761)
4(3775 3810 3814 3779)
4(3775 3779 3793 3789)
4(3777 3812 3814 3779)
4(3808 3810 3814 3812)
4(3773 3808 3812 3777)
4(3773 3775 3810 3808)
4(3773 3777 3779 3775)
4(1815 2382 2384 1817)
4(3777 3812 2382 1815)
4(3777 1815 1817 3779)
4(1815 2382 2386 1819)
4(1815 1819 1821 1817)
4(1796 2382 2386 1800)
4(1168 1815 2382 1796)
4(1168 1172 1819 1815)
4(1168 1796 1800 1172)
4(1796 2382 2383 1797)
4(1796 1797 1801 1800)
4(3183 1796 2382 3812)
4(3183 3184 1797 1796)
4(3183 3812 3813 3184)
4(3152 1168 1815 3777)
4(3152 3183 1796 1168)
4(3152 3777 3812 3183)
4(1167 1168 1815 1814)
4(3776 1814 1815 3777)
4(3151 1167 1814 3776)
4(3151 3776 3777 3152)
4(3151 3152 1168 1167)
4(1814 1818 1819 1815)
4(1167 1171 1818 1814)
4(1167 1168 1172 1171)
4(1816 1820 1821 1817)
4(1814 1816 1817 1815)
4(1814 1818 1820 1816)
4(1816 1820 1834 1830)
4(1816 1830 1831 1817)
4(1809 1823 1830 1816)
4(1809 1816 1820 1813)
4(1809 1813 1827 1823)
4(3785 1823 1830 3792)
4(3778 3792 1830 1816)
4(3771 3778 1816 1809)
4(3771 1809 1823 3785)
4(3771 3785 3792 3778)
4(3792 3794 1832 1830)
4(3785 1823 1825 3787)
4(3785 3787 3794 3792)
4(3792 3793 1831 1830)
4(3792 3794 3795 3793)
4(3778 3779 1817 1816)
4(3778 3792 3793 3779)
4(3776 1814 1816 3778)
4(3776 3778 3779 3777)
4(1807 1814 1816 1809)
4(3769 3776 1814 1807)
4(3769 1807 1809 3771)
4(3769 3771 3778 3776)
4(1807 1814 1818 1811)
4(1807 1811 1813 1809)
4(1160 1807 1814 1167)
4(1160 1164 1811 1807)
4(1160 1167 1171 1164)
4(3144 1160 1807 3769)
4(3144 3769 3776 3151)
4(3144 3151 1167 1160)
4(1159 1160 1807 1806)
4(3768 1806 1807 3769)
4(3143 1159 1806 3768)
4(3143 3768 3769 3144)
4(3143 3144 1160 1159)
4(1806 1810 1811 1807)
4(1159 1163 1810 1806)
4(1159 1160 1164 1163)
4(1808 1812 1813 1809)
4(1806 1808 1809 1807)
4(1806 1810 1812 1808)
4(1808 1812 1826 1822)
4(1808 1822 1823 1809)
4(855 869 1822 1808)
4(855 1808 1812 859)
4(855 859 873 869)
4(2547 869 1822 3784)
4(3770 3784 1822 1808)
4(2533 3770 1808 855)
4(2533 855 869 2547)
4(2533 2547 3784 3770)
4(3784 3786 1824 1822)
4(2547 869 871 2549)
4(2547 2549 3786 3784)
4(3784 3785 1823 1822)
4(3784 3786 3787 3785)
4(3770 3771 1809 1808)
4(3770 3784 3785 3771)
4(3768 1806 1808 3770)
4(3768 3770 3771 3769)
4(853 1806 1808 855)
4(2531 3768 1806 853)
4(2531 853 855 2533)
4(2531 2533 3770 3768)
4(853 1806 1810 857)
4(853 857 859 855)
4(456 853 1806 1159)
4(456 1159 1163 460)
4(456 460 857 853)
4(2057 3143 1159 456)
4(2057 456 853 2531)
4(2057 2531 3768 3143)
4(454 1157 1159 456)
4(2055 2057 3143 3141)
4(3141 3143 1159 1157)
4(2055 3141 1157 454)
4(2055 454 456 2057)
4(1157 1159 1163 1161)
4(454 1157 1161 458)
4(454 458 460 456)
4(1158 1160 1164 1162)
4(1157 1159 1160 1158)
4(1157 1158 1162 1161)
4(1165 1167 1171 1169)
4(1158 1160 1167 1165)
4(1158 1165 1169 1162)
4(1166 1168 1172 1170)
4(1165 1167 1168 1166)
4(1165 1166 1170 1169)
4(1794 1796 1800 1798)
4(1166 1168 1796 1794)
4(1166 1794 1798 1170)
4(1795 1797 1801 1799)
4(1794 1796 1797 1795)
4(1794 1795 1799 1798)
4(1795 1802 1804 1799)
4(1795 1797 1803 1802)
4(1176 1795 1802 1791)
4(1176 1789 1799 1795)
4(1176 1791 1793 1789)
4(3182 1795 1802 3187)
4(3172 1176 1795 3182)
4(3172 3176 1791 1176)
4(3172 3182 3187 3176)
4(3182 1795 1797 3184)
4(3182 3184 3188 3187)
4(3181 1794 1796 3183)
4(3181 3182 1795 1794)
4(3181 3183 3184 3182)
4(3150 3181 1794 1166)
4(3150 1166 1168 3152)
4(3150 3152 3183 3181)
4(1152 1175 1794 1166)
4(3171 3181 1794 1175)
4(3136 1152 1166 3150)
4(3136 3171 1175 1152)
4(3136 3150 3181 3171)
4(1175 1794 1798 1788)
4(1152 1156 1170 1166)
4(1152 1175 1788 1156)
4(1175 1794 1795 1176)
4(1175 1176 1789 1788)
4(3171 3172 1176 1175)
4(3171 3181 3182 3172)
4(1173 1174 1176 1175)
4(3170 3172 1176 1174)
4(3169 3170 1174 1173)
4(3169 1173 1175 3171)
4(3169 3171 3172 3170)
4(1174 1176 1789 1787)
4(1173 1786 1788 1175)
4(1173 1174 1787 1786)
4(1174 1790 1792 1787)
4(1174 1176 1791 1790)
4(5244 1174 1790 5250)
4(5244 5248 1787 1174)
4(5244 5250 5252 5248)
4(3170 1174 1790 3175)
4(99 5244 1174 3170)
4(99 103 5250 5244)
4(99 3170 3175 103)
4(3170 3172 3176 3175)
4(3168 3172 3176 3174)
4(3166 3173 3175 3170)
4(3166 3168 3174 3173)
4(3166 3170 3172 3168)
4(3178 3182 3187 3185)
4(3168 3178 3185 3174)
4(3168 3172 3182 3178)
4(3180 3184 3188 3186)
4(3178 3180 3186 3185)
4(3178 3182 3184 3180)
4(3180 3809 4400 3186)
4(3180 3184 3813 3809)
4(3797 3809 4400 3800)
4(3162 3164 3186 3180)
4(3162 3180 3809 3797)
4(3797 3809 3811 3799)
4(3808 3809 3811 3810)
4(3796 3808 3810 3798)
4(3796 3797 3809 3808)
4(3808 3809 3813 3812)
4(3179 3183 3812 3808)
4(3179 3180 3184 3183)
4(3179 3808 3809 3180)
4(3148 3773 3808 3179)
4(3148 3152 3777 3773)
4(3148 3179 3183 3152)
4(3753 3773 3808 3796)
4(2565 3148 3773 3753)
4(2565 3161 3179 3148)
4(3161 3796 3808 3179)
4(3753 3773 3775 3755)
4(3772 3773 3775 3774)
4(3754 3774 3775 3755)
4(3752 3753 3773 3772)
4(3752 3772 3774 3754)
4(3774 3778 3779 3775)
4(3772 3776 3778 3774)
4(3772 3773 3777 3776)
4(3788 3792 3793 3789)
4(3774 3778 3792 3788)
4(3774 3788 3789 3775)
4(3790 3794 3795 3791)
4(3788 3790 3791 3789)
4(3788 3792 3794 3790)
4(5968 5972 5973 5969)
4(3790 3794 5972 5968)
4(3790 5968 5969 3791)
4(5968 5972 5974 5970)
4(5968 5970 5971 5969)
4(5961 5968 5972 5965)
4(5961 5963 5970 5968)
4(5961 5965 5967 5963)
4(3783 5961 5968 3790)
4(3783 3790 3794 3787)
4(3783 3787 5965 5961)
4(5945 5961 5968 5948)
4(3762 5948 5968 3790)
4(3759 3762 3790 3783)
4(3759 3783 5961 5945)
4(5948 5950 5970 5968)
4(5945 5961 5963 5947)
4(5948 5949 5969 5968)
4(3762 3763 3791 3790)
4(3760 3788 3790 3762)
4(3760 3761 3789 3788)
4(3781 3788 3790 3783)
4(3757 3760 3788 3781)
4(3757 3781 3783 3759)
4(3781 3788 3792 3785)
4(3781 3785 3787 3783)
4(3767 3781 3788 3774)
4(3767 3771 3785 3781)
4(3767 3774 3778 3771)
4(3754 3760 3788 3774)
4(3751 3767 3781 3757)
4(3751 3754 3774 3767)
4(3766 3767 3781 3780)
4(3756 3780 3781 3757)
4(3750 3766 3780 3756)
4(3750 3751 3767 3766)
4(3780 3784 3785 3781)
4(3766 3770 3784 3780)
4(3766 3767 3771 3770)
4(3782 3786 3787 3783)
4(3780 3784 3786 3782)
4(3780 3782 3783 3781)
4(5960 5964 5965 5961)
4(3782 5960 5961 3783)
4(3782 3786 5964 5960)
4(5960 5964 5966 5962)
4(5960 5962 5963 5961)
4(4986 4990 5966 5962)
4(4984 4986 5962 5960)
4(4984 5960 5964 4988)
4(4984 4988 4990 4986)
4(5000 5004 5980 5976)
4(4986 5000 5976 5962)
4(4986 4990 5004 5000)
4(5002 5006 5982 5978)
4(5976 5978 5982 5980)
4(5000 5002 5978 5976)
4(5000 5004 5006 5002)
4(5550 5554 665 661)
4(5002 5550 661 5978)
4(5978 661 665 5982)
4(5002 5006 5554 5550)
4(5550 5552 663 661)
4(5550 5554 5556 5552)
4(5530 206 661 5550)
4(5530 5550 5552 5532)
4(5954 206 661 5978)
4(4974 5954 5978 5002)
4(4974 5002 5550 5530)
4(5978 5979 662 661)
4(5954 5955 5979 5978)
4(5978 5979 5983 5982)
4(5980 5981 5983 5982)
4(5976 5978 5979 5977)
4(5952 5976 5978 5954)
4(4972 5952 5976 5000)
4(4972 5000 5002 4974)
4(4966 5946 5962 4986)
4(4966 4986 5000 4972)
4(5944 5946 5962 5960)
4(4964 5944 5960 4984)
4(4964 4984 4986 4966)
4(5944 5945 5961 5960)
4(3758 3782 5960 5944)
4(3758 3759 3783 3782)
4(2545 3782 5960 4984)
4(2517 2545 4984 4964)
4(2517 3758 3782 2545)
4(2545 2549 4988 4984)
4(2545 3782 3786 2549)
4(4983 4987 4988 4984)
4(2544 2548 4987 4983)
4(2544 4983 4984 2545)
4(2544 2545 2549 2548)
4(4985 4989 4990 4986)
4(4983 4985 4986 4984)
4(4983 4987 4989 4985)
4(4999 5003 5004 5000)
4(4985 4989 5003 4999)
4(4985 4999 5000 4986)
4(5001 5005 5006 5002)
4(4999 5001 5002 5000)
4(4999 5003 5005 5001)
4(5549 5553 5554 5550)
4(5001 5005 5553 5549)
4(5001 5549 5550 5002)
4(5551 5555 5556 5552)
4(5549 5551 5552 5550)
4(5549 5553 5555 5551)
4(5936 5940 5941 5937)
4(5551 5555 5940 5936)
4(5551 5936 5937 5552)
4(5936 5940 5942 5938)
4(5936 5938 5939 5937)
4(5558 5936 5940 5933)
4(5558 5560 5938 5936)
4(5558 5933 5935 5560)
4(5544 5558 5936 5551)
4(5544 5551 5555 5548)
4(5544 5548 5933 5558)
4(5534 5558 5936 5537)
4(5531 5537 5936 5551)
4(5528 5531 5551 5544)
4(5528 5544 5558 5534)
4(5537 5539 5938 5936)
4(5534 5558 5560 5536)
4(5537 5538 5937 5936)
4(5531 5532 5552 5551)
4(5529 5549 5551 5531)
4(5529 5530 5550 5549)
4(5542 5549 5551 5544)
4(5526 5529 5549 5542)
4(5526 5542 5544 5528)
4(5542 5549 5553 5546)
4(5542 5546 5548 5544)
4(4994 5542 5549 5001)
4(4994 5001 5005 4998)
4(4994 4998 5546 5542)
4(4973 5529 5549 5001)
4(4970 4973 5001 4994)
4(4970 4994 5542 5526)
4(4973 4974 5002 5001)
4(4971 4999 5001 4973)
4(4971 4972 5000 4999)
4(4992 4999 5001 4994)
4(4968 4971 4999 4992)
4(4968 4992 4994 4970)
4(4992 4999 5003 4996)
4(4992 4996 4998 4994)
4(4978 4992 4999 4985)
4(4978 4985 4989 4982)
4(4978 4982 4996 4992)
4(4965 4971 4999 4985)
4(4962 4965 4985 4978)
4(4962 4978 4992 4968)
4(4965 4966 4986 4985)
4(4963 4983 4985 4965)
4(4963 4964 4984 4983)
4(4976 4983 4985 4978)
4(4960 4963 4983 4976)
4(4960 4976 4978 4962)
4(4976 4983 4987 4980)
4(4976 4980 4982 4978)
4(2537 4976 4983 2544)
4(2537 2541 4980 4976)
4(2537 2544 2548 2541)
4(2516 4963 4983 2544)
4(2117 2537 4976 4960)
4(2117 2516 2544 2537)
4(2516 2517 2545 2544)
4(2542 2543 2545 2544)
4(2514 2542 2544 2516)
4(2515 2517 2545 2543)
4(2514 2515 2543 2542)
4(2546 2547 2549 2548)
4(2542 2546 2548 2544)
4(2542 2543 2547 2546)
4(2543 2545 2549 2547)
4(2546 868 870 2548)
4(2546 2547 869 868)
4(2539 2546 868 861)
4(2539 861 863 2541)
4(2539 2541 2548 2546)
4(847 854 868 861)
4(2532 2546 868 854)
4(2525 2532 854 847)
4(2525 847 861 2539)
4(2525 2539 2546 2532)
4(854 868 872 858)
4(847 854 858 851)
4(847 851 865 861)
4(854 868 869 855)
4(854 855 859 858)
4(2532 2533 855 854)
4(2532 2546 2547 2533)
4(852 853 855 854)
4(2530 2531 853 852)
4(2530 852 854 2532)
4(2530 2532 2533 2531)
4(852 856 858 854)
4(852 853 857 856)
4(845 852 856 849)
4(845 847 854 852)
4(845 849 851 847)
4(455 852 856 459)
4(448 845 852 455)
4(448 455 459 452)
4(448 452 849 845)
4(455 852 853 456)
4(455 456 460 459)
4(2056 455 852 2530)
4(2056 2057 456 455)
4(2056 2530 2531 2057)
4(2523 845 852 2530)
4(1510 2056 455 448)
4(1510 448 845 2523)
4(1510 2523 2530 2056)
4(2523 845 847 2525)
4(2523 2525 2532 2530)
4(844 845 847 846)
4(2524 846 847 2525)
4(2522 844 846 2524)
4(2522 2523 845 844)
4(2522 2524 2525 2523)
4(846 850 851 847)
4(844 845 849 848)
4(844 848 850 846)
4(846 850 864 860)
4(846 860 861 847)
4(472 486 860 846)
4(472 846 850 476)
4(472 476 841 486)
4(2103 486 860 2538)
4(2524 2538 860 846)
4(2089 2524 846 472)
4(2089 472 486 2103)
4(2089 2103 2538 2524)
4(2538 2540 862 860)
4(2103 486 488 2105)
4(2103 2105 2540 2538)
4(2538 2539 861 860)
4(2538 2540 2541 2539)
4(2524 2538 2539 2525)
4(2534 2538 2539 2535)
4(2521 2535 2539 2525)
4(2520 2524 2538 2534)
4(2520 2521 2525 2524)
4(2520 2534 2535 2521)
4(2536 2540 2541 2537)
4(2534 2536 2537 2535)
4(2535 2537 2541 2539)
4(2534 2538 2540 2536)
4(4975 4979 4980 4976)
4(2536 2540 4979 4975)
4(2536 4975 4976 2537)
4(4977 4981 4982 4978)
4(4975 4977 4978 4976)
4(4975 4979 4981 4977)
4(4991 4995 4996 4992)
4(4977 4981 4995 4991)
4(4977 4991 4992 4978)
4(4993 4997 4998 4994)
4(4991 4993 4994 4992)
4(4991 4995 4997 4993)
4(5541 5545 5546 5542)
4(4993 4997 5545 5541)
4(4993 5541 5542 4994)
4(5543 5547 5548 5544)
4(5541 5543 5544 5542)
4(5541 5545 5547 5543)
4(5557 5932 5933 5558)
4(5543 5547 5932 5557)
4(5543 5557 5558 5544)
4(5559 5934 5935 5560)
4(5557 5559 5560 5558)
4(5557 5932 5934 5559)
4(5559 5934 1546 1542)
4(5559 1542 1543 5560)
4(1039 1043 1546 1542)
4(5520 1039 1542 5559)
4(5520 5559 5934 5524)
4(5520 5524 1043 1039)
4(1039 1041 1544 1542)
4(1039 1043 1045 1041)
4(1019 1526 1542 1039)
4(1019 1039 1041 1021)
4(5535 1526 1542 5559)
4(5492 5535 5559 5520)
4(5492 5520 1039 1019)
4(5535 5536 5560 5559)
4(5533 5557 5559 5535)
4(5533 5534 5558 5557)
4(5518 5557 5559 5520)
4(5490 5533 5557 5518)
4(5490 5518 5520 5492)
4(5518 5557 5932 5522)
4(5518 5522 5524 5520)
4(5504 5518 5557 5543)
4(5504 5543 5547 5508)
4(5504 5508 5522 5518)
4(5527 5533 5557 5543)
4(5014 5527 5543 5504)
4(5014 5504 5518 5490)
4(5527 5528 5544 5543)
4(5525 5541 5543 5527)
4(5525 5526 5542 5541)
4(5502 5541 5543 5504)
4(5012 5525 5541 5502)
4(5012 5502 5504 5014)
4(5502 5541 5545 5506)
4(5502 5506 5508 5504)
4(4954 5502 5541 4993)
4(4954 4993 4997 4958)
4(4954 4958 5506 5502)
4(4969 5525 5541 4993)
4(4431 4969 4993 4954)
4(4431 4954 5502 5012)
4(4969 4970 4994 4993)
4(4967 4991 4993 4969)
4(4967 4968 4992 4991)
4(4952 4991 4993 4954)
4(4429 4967 4991 4952)
4(4429 4952 4954 4431)
4(4952 4991 4995 4956)
4(4952 4956 4958 4954)
4(4443 4952 4991 4977)
4(4443 4977 4981 4942)
4(4443 4942 4956 4952)
4(4961 4967 4991 4977)
4(4423 4961 4977 4443)
4(4423 4443 4952 4429)
4(4961 4962 4978 4977)
4(4959 4975 4977 4961)
4(4959 4960 4976 4975)
4(4441 4975 4977 4443)
4(4421 4959 4975 4441)
4(4421 4441 4443 4423)
4(4441 4975 4979 4940)
4(4441 4940 4942 4443)
4(2101 4441 4975 2536)
4(2101 2105 4940 4441)
4(2101 2536 2540 2105)
4(2116 4959 4975 2536)
4(2073 2101 4441 4421)
4(2073 2116 2536 2101)
4(2116 2117 2537 2536)
4(2115 2117 2537 2535)
4(2114 2534 2536 2116)
4(2114 2115 2535 2534)
4(2535 2542 2544 2537)
4(2115 2514 2542 2535)
4(2535 2542 2546 2539)
4(2528 2542 2546 2532)
4(2521 2528 2532 2525)
4(2521 2535 2542 2528)
4(2529 2543 2547 2533)
4(2528 2529 2533 2532)
4(2528 2542 2543 2529)
4(2543 2547 3784 3780)
4(2529 2543 3780 3766)
4(2529 3766 3770 2533)
4(2543 2545 3782 3780)
4(3756 3758 3782 3780)
4(2515 3756 3780 2543)
4(2113 3750 3766 2529)
4(2113 2529 2543 2515)
4(2527 3764 3766 2529)
4(3748 3750 3766 3764)
4(2111 3748 3764 2527)
4(2111 2527 2529 2113)
4(3764 3766 3770 3768)
4(2527 3764 3768 2531)
4(2527 2531 2533 2529)
4(3765 3767 3771 3769)
4(3764 3766 3767 3765)
4(3764 3765 3769 3768)
4(3765 3772 3776 3769)
4(3765 3767 3774 3772)
4(3147 3772 3776 3151)
4(3140 3765 3772 3147)
4(3140 3144 3769 3765)
4(3140 3147 3151 3144)
4(3147 3772 3773 3148)
4(3147 3148 3152 3151)
4(2564 3147 3772 3752)
4(2564 2565 3148 3147)
4(3749 3765 3772 3752)
4(2561 3140 3765 3749)
4(2561 2564 3147 3140)
4(3749 3765 3767 3751)
4(3748 3749 3765 3764)
4(3139 3140 3765 3764)
4(2560 3139 3764 3748)
4(2560 2561 3140 3139)
4(3139 3143 3768 3764)
4(3139 3140 3144 3143)
4(2053 2527 3764 3139)
4(2053 3139 3143 2057)
4(2053 2057 2531 2527)
4(1486 2560 3139 2053)
4(1486 2053 2527 2111)
4(2051 3137 3139 2053)
4(2558 2560 3139 3137)
4(1484 2558 3137 2051)
4(1484 2051 2053 1486)
4(3137 3139 3143 3141)
4(2051 3137 3141 2055)
4(2051 2055 2057 2053)
4(3141 3142 3144 3143)
4(3138 3140 3144 3142)
4(3137 3139 3140 3138)
4(3137 3138 3142 3141)
4(3142 3144 1160 1158)
4(3141 3142 1158 1157)
4(3149 3151 1167 1165)
4(3142 3149 1165 1158)
4(3142 3144 3151 3149)
4(3149 3150 1166 1165)
4(3149 3151 3152 3150)
4(1151 1152 1166 1165)
4(3135 1151 1165 3149)
4(3135 3136 1152 1151)
4(3135 3149 3150 3136)
4(1151 1155 1169 1165)
4(1151 1152 1156 1155)
4(1144 1158 1165 1151)
4(1144 1148 1162 1158)
4(1144 1151 1155 1148)
4(3128 1144 1158 3142)
4(3128 3135 1151 1144)
4(3128 3142 3149 3135)
4(1143 1144 1158 1157)
4(3127 1143 1157 3141)
4(3127 3141 3142 3128)
4(3127 3128 1144 1143)
4(1143 1147 1161 1157)
4(1143 1144 1148 1147)
4(440 454 1157 1143)
4(440 1143 1147 444)
4(440 444 458 454)
4(1502 3127 1143 440)
4(1502 2055 3141 3127)
4(1502 440 454 2055)
4(438 1141 1143 440)
4(1500 1502 3127 3125)
4(3125 3127 1143 1141)
4(1500 3125 1141 438)
4(1500 438 440 1502)
4(1141 1143 1147 1145)
4(438 1141 1145 442)
4(438 442 444 440)
4(1142 1144 1148 1146)
4(1141 1143 1144 1142)
4(1141 1142 1146 1145)
4(1149 1151 1155 1153)
4(1142 1144 1151 1149)
4(1142 1149 1153 1146)
4(1150 1152 1156 1154)
4(1149 1151 1152 1150)
4(1149 1150 1154 1153)
4(1150 1173 1786 1154)
4(1150 1152 1175 1173)
4(5243 1173 1786 5247)
4(4616 1150 1173 5243)
4(4616 4620 1154 1150)
4(4616 5243 5247 4620)
4(5243 1173 1174 5244)
4(5243 5244 5248 5247)
4(98 5243 1173 3169)
4(98 99 5244 5243)
4(98 3169 3170 99)
4(3134 1150 1173 3169)
4(67 4616 1150 3134)
4(67 98 5243 4616)
4(67 3134 3169 98)
4(3134 1150 1152 3136)
4(3134 3136 3171 3169)
4(3133 1149 1151 3135)
4(3133 3134 1150 1149)
4(3133 3135 3136 3134)
4(3126 3133 1149 1142)
4(3126 1142 1144 3128)
4(3126 3128 3135 3133)
4(4608 4615 1149 1142)
4(66 3133 1149 4615)
4(59 4608 1142 3126)
4(59 3126 3133 66)
4(59 66 4615 4608)
4(4615 1149 1153 4619)
4(4608 4612 1146 1142)
4(4608 4615 4619 4612)
4(4615 1149 1150 4616)
4(4615 4616 4620 4619)
4(66 67 4616 4615)
4(66 3133 3134 67)
4(4613 4614 4616 4615)
4(65 67 4616 4614)
4(64 4613 4615 66)
4(64 65 4614 4613)
4(64 66 67 65)
4(4614 4616 4620 4618)
4(4613 4614 4618 4617)
4(4613 4617 4619 4615)
4(5241 5243 5247 5245)
4(4614 4616 5243 5241)
4(4614 5241 5245 4618)
4(5242 5244 5248 5246)
4(5241 5243 5244 5242)
4(5241 5242 5246 5245)
4(5242 5249 5251 5246)
4(5242 5244 5250 5249)
4(4624 5242 5249 4630)
4(4624 4628 5246 5242)
4(4624 4630 4632 4628)
4(97 5242 5249 102)
4(87 4624 5242 97)
4(87 91 4630 4624)
4(87 97 102 91)
4(97 5242 5244 99)
4(97 99 103 102)
4(96 5241 5243 98)
4(96 97 5242 5241)
4(96 98 99 97)
4(65 96 5241 4614)
4(65 67 98 96)
4(4600 4623 5241 4614)
4(86 96 5241 4623)
4(51 65 96 86)
4(51 86 4623 4600)
4(51 4600 4614 65)
4(4623 5241 5245 4627)
4(4600 4623 4627 4604)
4(4600 4604 4618 4614)
4(4623 5241 5242 4624)
4(4623 4624 4628 4627)
4(86 87 4624 4623)
4(86 96 97 87)
4(4621 4622 4624 4623)
4(85 87 4624 4622)
4(84 85 4622 4621)
4(84 4621 4623 86)
4(84 86 87 85)
4(4622 4624 4628 4626)
4(4621 4622 4626 4625)
4(4621 4625 4627 4623)
4(4622 4629 4631 4626)
4(4622 4624 4630 4629)
4(4127 4622 4629 4133)
4(4127 4131 4626 4622)
4(4127 4133 4135 4131)
4(85 4622 4629 90)
4(5894 85 90 5898)
4(5894 4127 4622 85)
4(5894 5898 4133 4127)
4(85 87 91 90)
4(83 87 91 89)
4(81 83 89 88)
4(81 88 90 85)
4(81 85 87 83)
4(93 97 102 100)
4(83 87 97 93)
4(83 93 100 89)
4(95 99 103 101)
4(93 97 99 95)
4(93 95 101 100)
4(95 3166 3173 101)
4(95 99 3170 3166)
4(3154 3166 3173 3157)
4(77 95 3166 3154)
4(77 79 101 95)
4(3156 3168 3174 3158)
4(3154 3166 3168 3156)
4(3160 3178 3185 3163)
4(3156 3168 3178 3160)
4(3160 3178 3180 3162)
4(3177 3178 3180 3179)
4(3159 3160 3178 3177)
4(3159 3177 3179 3161)
4(3161 3179 3180 3162)
4(3177 3181 3183 3179)
4(3177 3178 3182 3181)
4(3146 3177 3181 3150)
4(3146 3148 3179 3177)
4(3146 3150 3152 3148)
4(3167 3177 3181 3171)
4(3132 3146 3177 3167)
4(3132 3136 3150 3146)
4(3132 3167 3171 3136)
4(3167 3177 3178 3168)
4(3167 3168 3172 3171)
4(3155 3167 3177 3159)
4(3155 3156 3168 3167)
4(2563 3146 3177 3159)
4(2557 3132 3146 2563)
4(2557 3155 3167 3132)
4(2563 3146 3148 2565)
4(3145 3146 3148 3147)
4(2562 2563 3146 3145)
4(2562 3145 3147 2564)
4(3145 3149 3151 3147)
4(3145 3146 3150 3149)
4(3138 3145 3149 3142)
4(3138 3140 3147 3145)
4(3131 3145 3149 3135)
4(3124 3138 3145 3131)
4(3124 3128 3142 3138)
4(3124 3131 3135 3128)
4(3131 3145 3146 3132)
4(3131 3132 3136 3135)
4(2556 3131 3145 2562)
4(2556 2557 3132 3131)
4(2559 3138 3145 2562)
4(2553 3124 3138 2559)
4(2553 2556 3131 3124)
4(2559 3138 3140 2561)
4(2558 2559 3138 3137)
4(3123 3124 3138 3137)
4(2552 3123 3137 2558)
4(2552 2553 3124 3123)
4(3123 3127 3141 3137)
4(3123 3124 3128 3127)
4(1498 2051 3137 3123)
4(1498 3123 3127 1502)
4(1498 1502 2055 2051)
4(1478 2552 3123 1498)
4(1478 1498 2051 1484)
4(1496 3121 3123 1498)
4(2550 2552 3123 3121)
4(1476 2550 3121 1496)
4(1476 1496 1498 1478)
4(3121 3123 3127 3125)
4(1496 1500 1502 1498)
4(1496 3121 3125 1500)
4(3125 3126 3128 3127)
4(3121 3122 3126 3125)
4(3122 3124 3128 3126)
4(3121 3123 3124 3122)
4(3125 3126 1142 1141)
4(4607 4608 1142 1141)
4(58 4607 1141 3125)
4(58 3125 3126 59)
4(58 59 4608 4607)
4(4607 4611 1145 1141)
4(4607 4608 4612 4611)
4(3488 438 1141 4607)
4(3488 3492 442 438)
4(3488 4607 4611 3492)
4(4938 3488 438 1500)
4(4938 1500 3125 58)
4(4938 58 4607 3488)
4(3487 3488 438 437)
4(1499 437 438 1500)
4(4937 3487 437 1499)
4(4937 1499 1500 4938)
4(4937 4938 3488 3487)
4(437 441 442 438)
4(3487 3491 441 437)
4(3487 3488 3492 3491)
4(439 443 444 440)
4(437 439 440 438)
4(437 441 443 439)
4(453 457 458 454)
4(439 443 457 453)
4(439 453 454 440)
4(453 457 459 455)
4(453 455 456 454)
4(446 453 457 450)
4(446 448 455 453)
4(446 450 452 448)
4(432 446 453 439)
4(432 439 443 436)
4(432 436 450 446)
4(1508 446 453 2054)
4(1501 2054 453 439)
4(1494 1501 439 432)
4(1494 432 446 1508)
4(1494 1508 2054 1501)
4(2054 2056 455 453)
4(1508 446 448 1510)
4(1508 1510 2056 2054)
4(2054 2055 454 453)
4(2054 2056 2057 2055)
4(1501 1502 440 439)
4(1501 2054 2055 1502)
4(1499 437 439 1501)
4(1499 1501 1502 1500)
4(430 437 439 432)
4(1492 1499 437 430)
4(1492 430 432 1494)
4(1492 1494 1501 1499)
4(430 437 441 434)
4(430 434 436 432)
4(3480 430 437 3487)
4(3480 3484 434 430)
4(3480 3487 3491 3484)
4(4930 3480 430 1492)
4(4930 1492 1499 4937)
4(4930 4937 3487 3480)
4(3479 3480 430 429)
4(1491 429 430 1492)
4(4929 3479 429 1491)
4(4929 1491 1492 4930)
4(4929 4930 3480 3479)
4(429 433 434 430)
4(3479 3483 433 429)
4(3479 3480 3484 3483)
4(431 435 436 432)
4(429 431 432 430)
4(429 433 435 431)
4(445 449 450 446)
4(431 435 449 445)
4(431 445 446 432)
4(447 451 452 448)
4(445 447 448 446)
4(445 449 451 447)
4(447 451 848 844)
4(447 844 845 448)
4(470 474 848 844)
4(6285 470 844 447)
4(6285 447 451 6289)
4(6285 6289 474 470)
4(470 472 846 844)
4(470 474 476 472)
4(2087 2522 844 470)
4(2087 470 472 2089)
4(2087 2089 2524 2522)
4(1509 2522 844 447)
4(1470 1509 447 6285)
4(1470 6285 470 2087)
4(1470 2087 2522 1509)
4(1509 1510 448 447)
4(1509 2522 2523 1510)
4(1507 445 447 1509)
4(1507 1508 446 445)
4(1507 1509 1510 1508)
4(6283 445 447 6285)
4(1468 1507 445 6283)
4(1468 6283 6285 1470)
4(1468 1470 1509 1507)
4(6283 445 449 6287)
4(6283 6287 6289 6285)
4(6269 6283 445 431)
4(6269 431 435 6273)
4(6269 6273 6287 6283)
4(1493 1507 445 431)
4(1454 1493 431 6269)
4(1454 6269 6283 1468)
4(1454 1468 1507 1493)
4(1493 1494 432 431)
4(1493 1507 1508 1494)
4(1491 429 431 1493)
4(1491 1493 1494 1492)
4(6267 429 431 6269)
4(1452 1491 429 6267)
4(1452 6267 6269 1454)
4(1452 1454 1493 1491)
4(6267 429 433 6271)
4(6267 6271 6273 6269)
4(2805 6267 429 3479)
4(2805 2809 6271 6267)
4(2805 3479 3483 2809)
4(4890 2805 6267 1452)
4(4890 1452 1491 4929)
4(4890 4929 3479 2805)
4(2804 2805 6267 6266)
4(1451 6266 6267 1452)
4(4889 2804 6266 1451)
4(4889 4890 2805 2804)
4(4889 1451 1452 4890)
4(6266 6270 6271 6267)
4(2804 2808 6270 6266)
4(2804 2805 2809 2808)
4(6268 6272 6273 6269)
4(6266 6268 6269 6267)
4(6266 6270 6272 6268)
4(6282 6286 6287 6283)
4(6268 6272 6286 6282)
4(6268 6282 6283 6269)
4(6284 6288 6289 6285)
4(6282 6284 6285 6283)
4(6282 6286 6288 6284)
4(469 473 474 470)
4(6284 6288 473 469)
4(6284 469 470 6285)
4(471 475 476 472)
4(469 471 472 470)
4(469 473 475 471)
4(471 475 840 485)
4(471 485 486 472)
4(464 478 485 471)
4(464 471 475 468)
4(464 468 482 478)
4(2095 478 485 2102)
4(2088 2102 485 471)
4(2081 2088 471 464)
4(2081 464 478 2095)
4(2081 2095 2102 2088)
4(2102 2104 487 485)
4(2095 478 480 2097)
4(2095 2097 2104 2102)
4(2102 2103 486 485)
4(2102 2104 2105 2103)
4(2088 2089 472 471)
4(2088 2102 2103 2089)
4(2086 469 471 2088)
4(2086 2087 470 469)
4(2086 2088 2089 2087)
4(462 469 471 464)
4(2079 2086 469 462)
4(2079 2081 2088 2086)
4(2079 462 464 2081)
4(462 469 473 466)
4(462 466 468 464)
4(6277 462 469 6284)
4(6277 6284 6288 6281)
4(6277 6281 466 462)
4(1469 2086 469 6284)
4(1462 1469 6284 6277)
4(1462 2079 2086 1469)
4(1462 6277 462 2079)
4(1469 1470 6285 6284)
4(1469 2086 2087 1470)
4(1467 6282 6284 1469)
4(1467 1468 6283 6282)
4(1467 1469 1470 1468)
4(6275 6282 6284 6277)
4(1460 1467 6282 6275)
4(1460 6275 6277 1462)
4(1460 1462 1469 1467)
4(6275 6282 6286 6279)
4(6275 6279 6281 6277)
4(6261 6275 6282 6268)
4(6261 6268 6272 6265)
4(6261 6265 6279 6275)
4(1453 1467 6282 6268)
4(1446 1453 6268 6261)
4(1446 6261 6275 1460)
4(1446 1460 1467 1453)
4(1453 1454 6269 6268)
4(1453 1467 1468 1454)
4(1451 6266 6268 1453)
4(1451 1453 1454 1452)
4(6259 6266 6268 6261)
4(1444 1451 6266 6259)
4(1444 6259 6261 1446)
4(1444 1446 1453 1451)
4(6259 6266 6270 6263)
4(6259 6263 6265 6261)
4(2797 6259 6266 2804)
4(2797 2801 6263 6259)
4(2797 2804 2808 2801)
4(4882 2797 6259 1444)
4(4882 4889 2804 2797)
4(4882 1444 1451 4889)
4(2796 2797 6259 6258)
4(1443 6258 6259 1444)
4(4881 2796 6258 1443)
4(4881 1443 1444 4882)
4(4881 4882 2797 2796)
4(6258 6262 6263 6259)
4(2796 2797 2801 2800)
4(2796 2800 6262 6258)
4(6260 6264 6265 6261)
4(6258 6262 6264 6260)
4(6258 6260 6261 6259)
4(6274 6278 6279 6275)
4(6260 6264 6278 6274)
4(6260 6274 6275 6261)
4(6276 6280 6281 6277)
4(6274 6278 6280 6276)
4(6274 6276 6277 6275)
4(461 465 466 462)
4(6276 461 462 6277)
4(6276 6280 465 461)
4(463 467 468 464)
4(461 463 464 462)
4(461 465 467 463)
4(463 467 481 477)
4(463 477 478 464)
4(2361 2375 477 463)
4(2361 2365 2379 2375)
4(2361 463 467 2365)
4(2080 2094 477 463)
4(4383 2361 2375 4397)
4(4383 4397 2094 2080)
4(4383 2080 463 2361)
4(2094 477 478 2095)
4(2080 2094 2095 2081)
4(2080 2081 464 463)
4(2094 2096 2097 2095)
4(2092 2096 2097 2093)
4(2090 2094 2096 2092)
4(2090 2091 2095 2094)
4(2091 2093 2097 2095)
4(2090 2092 2093 2091)
4(4432 4436 4437 4433)
4(2093 4433 4437 2097)
4(2092 2096 4436 4432)
4(2092 4432 4433 2093)
4(4434 4438 4439 4435)
4(4433 4435 4439 4437)
4(4432 4434 4435 4433)
4(4432 4436 4438 4434)
4(4943 4947 4948 4944)
4(4435 4944 4948 4439)
4(4434 4943 4944 4435)
4(4434 4438 4947 4943)
4(4945 4949 4950 4946)
4(4943 4945 4946 4944)
4(4944 4946 4950 4948)
4(4943 4947 4949 4945)
4(5493 5497 5498 5494)
4(4946 5494 5498 4950)
4(4945 4949 5497 5493)
4(4945 5493 5494 4946)
4(5495 5499 5500 5496)
4(5494 5496 5500 5498)
4(5493 5495 5496 5494)
4(5493 5497 5499 5495)
4(5509 5513 5514 5510)
4(5495 5499 5513 5509)
4(5496 5510 5514 5500)
4(5495 5509 5510 5496)
4(5511 5515 5516 5512)
4(5509 5513 5515 5511)
4(5509 5511 5512 5510)
4(5510 5512 5516 5514)
4(5512 1031 1035 5516)
4(5511 1030 1031 5512)
4(5511 5515 1034 1030)
4(1031 1035 1042 1038)
4(5519 1038 1042 5523)
4(5512 1031 1038 5519)
4(5512 5519 5523 5516)
4(1038 1040 1044 1042)
4(1031 1033 1040 1038)
4(1038 1039 1043 1042)
4(1038 1040 1041 1039)
4(5519 1038 1039 5520)
4(5519 5520 5524 5523)
4(1018 1038 1039 1019)
4(5491 5519 1038 1018)
4(5491 5492 5520 5519)
4(1018 1038 1040 1020)
4(1015 1018 1038 1031)
4(1015 1031 1033 1017)
4(5488 5512 1031 1015)
4(5488 5491 5519 5512)
4(1014 1030 1031 1015)
4(5487 5511 1030 1014)
4(5487 5488 5512 5511)
4(1014 1030 1032 1016)
4(3230 1030 1032 3232)
4(3210 1014 1030 3230)
4(3210 3230 3232 3212)
4(3230 1030 1034 3234)
4(3230 3234 3236 3232)
4(1001 3230 1030 5511)
4(1001 1005 3234 3230)
4(1001 5511 5515 1005)
4(640 1001 3230 3210)
4(640 5487 5511 1001)
4(1000 1001 3230 3229)
4(3209 3229 3230 3210)
4(639 1000 3229 3209)
4(639 640 1001 1000)
4(3229 3233 3234 3230)
4(1000 1004 3233 3229)
4(1000 1001 1005 1004)
4(3231 3235 3236 3232)
4(3229 3231 3232 3230)
4(3229 3233 3235 3231)
4(3231 3235 3249 3245)
4(3231 3245 3246 3232)
4(3238 3242 3249 3245)
4(3224 3238 3245 3231)
4(3224 3231 3235 3228)
4(3224 3228 3242 3238)
4(3238 3240 3247 3245)
4(3238 3242 3244 3240)
4(3214 3217 3245 3238)
4(3214 3238 3240 3216)
4(3211 3217 3245 3231)
4(3208 3211 3231 3224)
4(3208 3224 3238 3214)
4(3211 3212 3232 3231)
4(3209 3229 3231 3211)
4(3222 3229 3231 3224)
4(3206 3209 3229 3222)
4(3206 3222 3224 3208)
4(3222 3229 3233 3226)
4(3222 3226 3228 3224)
4(993 3222 3229 1000)
4(993 997 3226 3222)
4(993 1000 1004 997)
4(636 993 3222 3206)
4(636 639 1000 993)
4(992 993 3222 3221)
4(3205 3221 3222 3206)
4(635 992 3221 3205)
4(635 636 993 992)
4(996 997 3226 3225)
4(3221 3225 3226 3222)
4(992 996 3225 3221)
4(992 993 997 996)
4(5745 5746 1208 1207)
4(996 5745 1207 3225)
4(996 997 5746 5745)
4(5745 5749 1211 1207)
4(5745 5746 5750 5749)
4(1184 1188 1211 1207)
4(5288 1184 1207 5745)
4(5288 5292 1188 1184)
4(5288 5745 5749 5292)
4(1184 1186 1209 1207)
4(1184 1188 1190 1186)
4(2607 3225 1207 1184)
4(2607 1184 1186 2609)
4(2607 2609 3227 3225)
4(624 5288 1184 2607)
4(624 2607 3225 996)
4(624 996 5745 5288)
4(5287 5288 1184 1183)
4(2606 1183 1184 2607)
4(623 5287 1183 2606)
4(623 2606 2607 624)
4(623 624 5288 5287)
4(1183 1187 1188 1184)
4(5287 5291 1187 1183)
4(5287 5288 5292 5291)
4(1185 1189 1190 1186)
4(1183 1185 1186 1184)
4(1183 1187 1189 1185)
4(1185 1189 1203 1199)
4(1185 1199 1200 1186)
4(1179 1192 1199 1185)
4(1179 1185 1189 1182)
4(1179 1182 1196 1192)
4(3194 1192 1199 3201)
4(2608 3201 1199 1185)
4(2601 2608 1185 1179)
4(2601 1179 1192 3194)
4(2601 3194 3201 2608)
4(3201 3203 1201 1199)
4(3194 1192 1194 3196)
4(3194 3196 3203 3201)
4(3201 3202 1200 1199)
4(3201 3203 3204 3202)
4(2608 2609 1186 1185)
4(2608 3201 3202 2609)
4(2606 1183 1185 2608)
4(2606 2608 2609 2607)
4(1177 1183 1185 1179)
4(2599 2606 1183 1177)
4(2599 2601 2608 2606)
4(1177 1183 1187 1180)
4(5282 1177 1183 5287)
4(5282 5287 5291 5284)
4(616 2599 2606 623)
4(616 623 5287 5282)
4(1178 1191 1192 1179)
4(3193 3194 1192 1191)
4(3193 3195 3196 3194)
4(2600 3193 3194 2601)
4(2573 2575 2579 2577)
4(2569 2570 2575 2573)
4(2573 2574 2578 2577)
4(2573 2575 2576 2574)
4(2128 2573 2574 2129)
4(2123 2125 2575 2573)
4(2124 2126 2576 2574)
4(2123 2124 2574 2573)
4(2124 3816 3840 2574)
4(3255 3816 3840 3826)
4(2120 3255 3826 2129)
4(2120 2129 2574 2124)
4(3255 3256 3827 3826)
4(3824 3825 3827 3826)
4(3254 3256 3827 3825)
4(3253 3824 3826 3255)
4(3253 3254 3825 3824)
4(3825 3827 3831 3829)
4(3824 3825 3829 3828)
4(3824 3828 3830 3826)
4(3832 3834 3838 3836)
4(3825 3827 3834 3832)
4(3825 3832 3836 3829)
4(3832 3834 3835 3833)
4(3257 3832 3834 3259)
4(3254 3257 3832 3825)
4(3192 3199 3832 3825)
4(2591 3192 3825 3254)
4(2591 2594 3199 3192)
4(3192 3196 3829 3825)
4(3192 3199 3203 3196)
4(3191 3195 3828 3824)
4(3191 3824 3825 3192)
4(3191 3192 3196 3195)
4(2127 2566 3828 3824)
4(1512 2127 3824 3191)
4(2127 2129 3826 3824)
4(2118 3253 3824 2127)
4(2590 3253 3824 3191)
4(2590 2591 3192 3191)
4(3189 3190 3192 3191)
4(2589 2591 3192 3190)
4(2588 2589 3190 3189)
4(3190 3192 3196 3194)
4(3189 3190 3194 3193)
4(3197 3199 3203 3201)
4(3190 3197 3201 3194)
4(3190 3192 3199 3197)
4(3198 3200 3204 3202)
4(3197 3198 3202 3201)
4(3197 3199 3200 3198)
4(3237 3239 3243 3241)
4(3198 3237 3241 3202)
4(3198 3200 3239 3237)
4(3237 3238 3242 3241)
4(3237 3239 3240 3238)
4(3223 3227 3241 3237)
4(3223 3237 3238 3224)
4(3223 3224 3228 3227)
4(2605 3198 3237 3223)
4(2605 3223 3227 2609)
4(2605 2609 3202 3198)
4(2593 3198 3237 3213)
4(3207 3213 3237 3223)
4(2587 3207 3223 2605)
4(2587 2605 3198 2593)
4(3213 3215 3239 3237)
4(2593 3198 3200 2595)
4(3213 3214 3238 3237)
4(3207 3208 3224 3223)
4(3221 3222 3224 3223)
4(3205 3221 3223 3207)
4(3221 3225 3227 3223)
4(2603 3221 3225 2607)
4(2603 2605 3223 3221)
4(2603 2607 2609 2605)
4(620 2603 3221 992)
4(620 624 2607 2603)
4(620 992 996 624)
4(2585 2603 3221 3205)
4(604 620 2603 2585)
4(604 635 992 620)
4(2585 2603 2605 2587)
4(2602 2603 2605 2604)
4(2586 2604 2605 2587)
4(2584 2585 2603 2602)
4(2584 2602 2604 2586)
4(2604 2608 2609 2605)
4(2602 2606 2608 2604)
4(2602 2603 2607 2606)
4(2604 2608 3201 3197)
4(2604 3197 3198 2605)
4(2598 3190 3197 2604)
4(2598 2601 3194 3190)
4(2598 2604 2608 2601)
4(2589 3190 3197 2592)
4(2586 2592 3197 2604)
4(2583 2598 3190 2589)
4(2583 2586 2604 2598)
4(2592 2594 3199 3197)
4(2592 2593 3198 3197)
4(2597 2598 3190 3189)
4(2596 2602 2606 2599)
4(2596 2598 2604 2602)
4(619 2602 2606 623)
4(614 2596 2602 619)
4(614 619 623 616)
4(619 2602 2603 620)
4(619 620 624 623)
4(603 619 2602 2584)
4(603 604 620 619)
4(2581 2596 2602 2584)
4(600 603 619 614)
4(5285 5287 5291 5289)
4(5281 5282 5287 5285)
4(5286 5288 5292 5290)
4(5285 5286 5290 5289)
4(5285 5287 5288 5286)
4(5743 5745 5749 5747)
4(5286 5743 5747 5290)
4(5286 5288 5745 5743)
4(5744 5746 5750 5748)
4(5743 5744 5748 5747)
4(5743 5745 5746 5744)
4(5751 5753 5757 5755)
4(5744 5751 5755 5748)
4(5744 5746 5753 5751)
4(5751 5752 5756 5755)
4(5751 5753 5754 5752)
4(5737 5741 5755 5751)
4(5737 5751 5752 5738)
4(5737 5738 5742 5741)
4(5730 5744 5751 5737)
4(5730 5737 5741 5734)
4(5730 5734 5748 5744)
4(995 5744 5751 1002)
4(655 1002 5751 5737)
4(648 655 5737 5730)
4(648 5730 5744 995)
4(648 995 1002 655)
4(1002 1004 5753 5751)
4(995 5744 5746 997)
4(995 997 1004 1002)
4(1002 1003 5752 5751)
4(1002 1004 1005 1003)
4(655 656 5738 5737)
4(655 1002 1003 656)
4(5735 5736 5738 5737)
4(653 654 5736 5735)
4(653 5735 5737 655)
4(653 655 656 654)
4(5735 5739 5741 5737)
4(5735 5736 5740 5739)
4(5728 5735 5739 5732)
4(5728 5730 5737 5735)
4(5728 5732 5734 5730)
4(5267 5735 5739 5271)
4(5260 5728 5735 5267)
4(5260 5267 5271 5264)
4(5260 5264 5732 5728)
4(5267 5735 5736 5268)
4(5267 5268 5272 5271)
4(160 5267 5735 653)
4(160 161 5268 5267)
4(160 653 654 161)
4(646 5728 5735 653)
4(153 160 5267 5260)
4(153 5260 5728 646)
4(153 646 653 160)
4(646 5728 5730 648)
4(646 648 655 653)
4(5727 5728 5730 5729)
4(647 5729 5730 648)
4(645 5727 5729 647)
4(645 646 5728 5727)
4(645 647 648 646)
4(5729 5733 5734 5730)
4(5727 5728 5732 5731)
4(5727 5731 5733 5729)
4(5729 5733 5747 5743)
4(5729 5743 5744 5730)
4(5276 5286 5743 5729)
4(5276 5729 5733 5280)
4(5276 5280 5290 5286)
4(622 5286 5743 994)
4(647 994 5743 5729)
4(612 647 5729 5276)
4(612 622 994 647)
4(612 5276 5286 622)
4(994 996 5745 5743)
4(622 624 996 994)
4(622 5286 5288 624)
4(994 995 5744 5743)
4(994 996 997 995)
4(647 994 995 648)
4(990 994 995 991)
4(643 644 648 647)
4(644 991 995 648)
4(643 990 991 644)
4(643 647 994 990)
4(991 993 997 995)
4(990 992 993 991)
4(990 994 996 992)
4(998 1000 1004 1002)
4(991 998 1002 995)
4(991 993 1000 998)
4(999 1001 1005 1003)
4(998 999 1003 1002)
4(998 1000 1001 999)
4(999 5509 5513 1003)
4(999 1001 5511 5509)
4(652 999 5509 5495)
4(652 5495 5499 656)
4(652 656 1003 999)
4(638 999 5509 5485)
4(5009 5485 5509 5495)
4(632 5009 5495 652)
4(632 652 999 638)
4(5485 5487 5511 5509)
4(638 999 1001 640)
4(5486 5488 5512 5510)
4(5485 5486 5510 5509)
4(5510 5517 5519 5512)
4(5486 5489 5517 5510)
4(5489 5491 5519 5517)
4(5517 5519 5523 5521)
4(5510 5517 5521 5514)
4(5517 5518 5522 5521)
4(5517 5519 5520 5518)
4(5503 5507 5521 5517)
4(5503 5517 5518 5504)
4(5503 5504 5508 5507)
4(5496 5510 5517 5503)
4(5496 5503 5507 5500)
4(5013 5489 5517 5503)
4(5010 5013 5503 5496)
4(5010 5496 5510 5486)
4(5489 5517 5518 5490)
4(5013 5014 5504 5503)
4(5501 5502 5504 5503)
4(5011 5012 5502 5501)
4(5011 5501 5503 5013)
4(5501 5505 5507 5503)
4(5501 5502 5506 5505)
4(5494 5501 5505 5498)
4(5494 5496 5503 5501)
4(4953 5501 5505 4957)
4(4946 5494 5501 4953)
4(4946 4953 4957 4950)
4(4953 5501 5502 4954)
4(4953 4954 4958 4957)
4(4430 4953 5501 5011)
4(4430 4431 4954 4953)
4(5008 5494 5501 5011)
4(4427 4946 5494 5008)
4(4427 4430 4953 4946)
4(5008 5494 5496 5010)
4(5009 5495 5496 5010)
4(5007 5493 5495 5009)
4(5007 5008 5494 5493)
4(650 5493 5495 652)
4(630 5007 5493 650)
4(630 650 652 632)
4(650 5493 5497 654)
4(650 654 656 652)
4(157 650 5493 4945)
4(157 4945 4949 161)
4(157 161 654 650)
4(4426 5007 5493 4945)
4(129 4426 4945 157)
4(129 157 650 630)
4(4426 4427 4946 4945)
4(4425 4427 4946 4944)
4(4424 4425 4944 4943)
4(4424 4943 4945 4426)
4(4944 4951 4953 4946)
4(4425 4428 4951 4944)
4(4428 4430 4953 4951)
4(4951 4953 4957 4955)
4(4944 4951 4955 4948)
4(4951 4952 4956 4955)
4(4951 4953 4954 4952)
4(4442 4941 4955 4951)
4(4442 4951 4952 4443)
4(4442 4443 4942 4941)
4(4435 4944 4951 4442)
4(4435 4442 4941 4439)
4(4422 4428 4951 4442)
4(4419 4422 4442 4435)
4(4419 4435 4944 4425)
4(4428 4951 4952 4429)
4(4422 4423 4443 4442)
4(4440 4441 4443 4442)
4(4420 4421 4441 4440)
4(4420 4440 4442 4422)
4(4440 4939 4941 4442)
4(4440 4441 4940 4939)
4(4433 4440 4939 4437)
4(4433 4435 4442 4440)
4(2100 4440 4939 2104)
4(2093 4433 4440 2100)
4(2093 2100 2104 2097)
4(2100 4440 4441 2101)
4(2100 2101 2105 2104)
4(2072 2100 4440 4420)
4(2072 2073 2101 2100)
4(4417 4433 4440 4420)
4(2069 2072 2100 2093)
4(2069 2093 4433 4417)
4(4417 4433 4435 4419)
4(4418 4434 4435 4419)
4(4416 4432 4434 4418)
4(4416 4417 4433 4432)
4(4418 4434 4943 4424)
4(141 4434 4943 155)
4(127 155 4943 4424)
4(121 141 155 127)
4(121 4418 4434 141)
4(155 159 4947 4943)
4(141 145 159 155)
4(141 4434 4438 145)
4(155 157 4945 4943)
4(155 159 161 157)
4(127 155 157 129)
4(154 155 157 156)
4(128 156 157 129)
4(126 154 156 128)
4(126 127 155 154)
4(158 159 161 160)
4(156 160 161 157)
4(154 158 160 156)
4(154 155 159 158)
4(5265 5266 5268 5267)
4(158 159 5266 5265)
4(158 5265 5267 160)
4(5265 5269 5271 5267)
4(5265 5266 5270 5269)
4(5258 5265 5269 5262)
4(5258 5260 5267 5265)
4(5258 5262 5264 5260)
4(4653 5265 5269 5255)
4(4646 5258 5265 4653)
4(4646 4650 5262 5258)
4(4646 4653 5255 4650)
4(4653 5265 5266 4654)
4(4653 4654 5256 5255)
4(144 4653 5265 158)
4(144 158 159 145)
4(144 145 4654 4653)
4(151 5258 5265 158)
4(137 151 158 144)
4(137 4646 5258 151)
4(137 144 4653 4646)
4(151 5258 5260 153)
4(151 153 160 158)
4(5257 5258 5260 5259)
4(152 5259 5260 153)
4(150 151 5258 5257)
4(150 5257 5259 152)
4(150 152 153 151)
4(5259 5263 5264 5260)
4(5257 5258 5262 5261)
4(5257 5261 5263 5259)
4(5259 5263 5731 5727)
4(5259 5727 5728 5260)
4(5274 5278 5731 5727)
4(4639 5274 5727 5259)
4(4639 5259 5263 4642)
4(4639 4642 5278 5274)
4(5274 5276 5729 5727)
4(5274 5278 5280 5276)
4(610 645 5727 5274)
4(610 612 647 645)
4(610 5274 5276 612)
4(152 645 5727 5259)
4(113 610 645 152)
4(113 152 5259 4639)
4(113 4639 5274 610)
4(152 645 646 153)
4(641 645 646 642)
4(148 152 645 641)
4(148 641 642 149)
4(149 642 646 153)
4(148 149 153 152)
4(642 644 648 646)
4(641 645 647 643)
4(641 643 644 642)
4(644 648 655 651)
4(642 644 651 649)
4(649 651 655 653)
4(642 649 653 646)
4(651 998 1002 655)
4(644 991 998 651)
4(651 998 999 652)
4(651 652 656 655)
4(637 998 999 638)
4(631 651 998 637)
4(631 632 652 651)
4(637 998 1000 639)
4(634 637 998 991)
4(634 991 993 636)
4(628 644 991 634)
4(628 631 651 644)
4(633 990 991 634)
4(627 643 990 633)
4(627 628 644 643)
4(633 990 992 635)
4(618 990 992 620)
4(602 633 990 618)
4(602 618 620 604)
4(618 990 994 622)
4(618 622 624 620)
4(608 618 990 643)
4(608 643 647 612)
4(608 612 622 618)
4(598 627 643 608)
4(598 608 618 602)
4(606 641 643 608)
4(596 625 641 606)
4(625 627 643 641)
4(596 606 608 598)
4(606 641 645 610)
4(606 610 612 608)
4(110 606 641 148)
4(110 113 610 606)
4(110 148 152 113)
4(124 625 641 148)
4(5931 110 606 596)
4(5931 124 148 110)
4(625 641 642 626)
4(125 626 642 149)
4(124 125 149 148)
4(626 628 644 642)
4(629 631 651 649)
4(626 629 649 642)
4(649 650 652 651)
4(629 630 650 649)
4(649 650 654 653)
4(156 160 653 649)
4(156 649 650 157)
4(149 642 649 156)
4(149 156 160 153)
4(128 629 649 156)
4(125 128 156 149)
4(147 154 156 149)
4(123 126 154 147)
4(123 147 149 125)
4(147 154 158 151)
4(147 151 153 149)
4(140 154 158 144)
4(133 147 154 140)
4(133 137 151 147)
4(133 140 144 137)
4(140 154 155 141)
4(140 141 145 144)
4(120 140 154 126)
4(120 121 141 140)
4(117 133 147 123)
4(117 120 140 133)
4(132 133 147 146)
4(122 146 147 123)
4(116 132 146 122)
4(116 117 133 132)
4(136 137 151 150)
4(132 133 137 136)
4(146 150 151 147)
4(132 136 150 146)
4(4645 4646 5258 5257)
4(136 4645 5257 150)
4(136 137 4646 4645)
4(4645 4649 5261 5257)
4(4645 4646 4650 4649)
4(4637 4640 5261 5257)
4(4634 4637 5257 4645)
4(4634 4645 4649 4636)
4(4637 4639 5259 5257)
4(111 150 5257 4637)
4(111 113 152 150)
4(107 136 4645 4634)
4(107 111 150 136)
4(4633 4643 4645 4634)
4(106 134 4643 4633)
4(134 136 4645 4643)
4(106 107 136 134)
4(4643 4645 4649 4647)
4(4633 4643 4647 4635)
4(4644 4646 4650 4648)
4(4643 4644 4648 4647)
4(4643 4645 4646 4644)
4(4651 4653 5255 5253)
4(4644 4651 5253 4648)
4(4644 4646 4653 4651)
4(4651 4652 5254 5253)
4(4651 4653 4654 4652)
4(2376 2380 5253 4651)
4(2376 4651 4652 2377)
4(2376 2377 2381 2380)
4(2369 4644 4651 2376)
4(2369 2376 2380 2373)
4(2369 2373 4648 4644)
4(135 4644 4651 142)
4(4398 142 4651 2376)
4(4391 4398 2376 2369)
4(4391 2369 4644 135)
4(4391 135 142 4398)
4(142 144 4653 4651)
4(135 4644 4646 137)
4(135 137 144 142)
4(142 143 4652 4651)
4(142 144 145 143)
4(4398 4399 2377 2376)
4(4398 142 143 4399)
4(2374 2375 2377 2376)
4(4396 4397 2375 2374)
4(4396 2374 2376 4398)
4(4396 4398 4399 4397)
4(2374 2378 2380 2376)
4(2374 2375 2379 2378)
4(2367 2374 2378 2371)
4(2367 2369 2376 2374)
4(2367 2371 2373 2369)
4(2360 2374 2378 2364)
4(2353 2367 2374 2360)
4(2353 2360 2364 2357)
4(2353 2357 2371 2367)
4(2360 2374 2375 2361)
4(2360 2361 2365 2364)
4(4382 2360 2374 4396)
4(4382 4383 2361 2360)
4(4382 4396 4397 4383)
4(4389 2367 2374 4396)
4(4375 4382 2360 2353)
4(4375 2353 2367 4389)
4(4375 4389 4396 4382)
4(4389 2367 2369 4391)
4(4389 4391 4398 4396)
4(2366 2367 2369 2368)
4(4390 2368 2369 4391)
4(4388 4389 2367 2366)
4(4388 4390 4391 4389)
4(2368 2372 2373 2369)
4(2366 2367 2371 2370)
4(2368 2372 4647 4643)
4(2368 4643 4644 2369)
4(2348 4633 4643 2368)
4(4390 134 4643 2368)
4(3735 106 134 4390)
4(134 4643 4644 135)
4(4390 134 135 4391)
4(134 136 137 135)
4(131 133 137 135)
4(130 134 136 132)
4(130 131 135 134)
4(130 132 133 131)
4(138 140 144 142)
4(131 133 140 138)
4(131 138 142 135)
4(139 141 145 143)
4(138 140 141 139)
4(138 139 143 142)
4(139 4432 4436 143)
4(139 141 4434 4432)
4(4395 139 4432 2092)
4(4395 4399 143 139)
4(4395 2092 2096 4399)
4(119 139 4432 4416)
4(4367 4395 139 119)
4(2068 4416 4432 2092)
4(4367 2068 2092 4395)
4(119 139 141 121)
4(118 138 140 120)
4(118 119 139 138)
4(115 118 138 131)
4(115 131 133 117)
4(4387 4394 138 131)
4(4366 118 138 4394)
4(3747 4387 131 115)
4(3747 4366 4394 4387)
4(4394 138 142 4398)
4(4387 4391 135 131)
4(4387 4394 4398 4391)
4(4394 138 139 4395)
4(4394 4395 4399 4398)
4(4366 4367 4395 4394)
4(4392 4393 4395 4394)
4(4365 4367 4395 4393)
4(4364 4365 4393 4392)
4(4364 4392 4394 4366)
4(4393 4395 4399 4397)
4(4392 4396 4398 4394)
4(4392 4393 4397 4396)
4(4393 2090 2094 4397)
4(4393 4395 2092 2090)
4(2076 2090 2094 2080)
4(4379 2076 2080 4383)
4(4379 4393 2090 2076)
4(4379 4383 4397 4393)
4(2077 2091 2095 2081)
4(2076 2077 2081 2080)
4(2076 2090 2091 2077)
4(2091 2095 2102 2098)
4(2077 2091 2098 2084)
4(2084 2098 2102 2088)
4(2077 2084 2088 2081)
4(2098 2100 2104 2102)
4(2091 2093 2100 2098)
4(2099 2101 2105 2103)
4(2098 2100 2101 2099)
4(2098 2099 2103 2102)
4(2099 2534 2538 2103)
4(2099 2101 2536 2534)
4(2085 2099 2534 2520)
4(2085 2089 2103 2099)
4(2085 2520 2524 2089)
4(2071 2099 2534 2114)
4(2065 2085 2099 2071)
4(2065 2108 2520 2085)
4(2108 2114 2534 2520)
4(2071 2099 2101 2073)
4(2070 2098 2100 2072)
4(2070 2071 2099 2098)
4(2067 2070 2098 2091)
4(2067 2091 2093 2069)
4(2064 2070 2098 2084)
4(2061 2064 2084 2077)
4(2061 2077 2091 2067)
4(2084 2085 2099 2098)
4(2064 2065 2085 2084)
4(2084 2085 2089 2088)
4(2083 2085 2089 2087)
4(2082 2084 2085 2083)
4(2082 2086 2088 2084)
4(2082 2083 2087 2086)
4(2518 2520 2524 2522)
4(2083 2518 2522 2087)
4(2083 2085 2520 2518)
4(2519 2521 2525 2523)
4(2518 2519 2523 2522)
4(2518 2520 2521 2519)
4(2526 2528 2532 2530)
4(2519 2526 2530 2523)
4(2519 2521 2528 2526)
4(2526 2527 2531 2530)
4(2526 2528 2529 2527)
4(2052 2056 2530 2526)
4(2052 2526 2527 2053)
4(2052 2053 2057 2056)
4(1506 2519 2526 2052)
4(1506 2052 2056 1510)
4(1506 1510 2523 2519)
4(2107 2519 2526 2110)
4(1485 2110 2526 2052)
4(1482 1485 2052 1506)
4(1482 1506 2519 2107)
4(2109 2521 2528 2112)
4(2110 2112 2528 2526)
4(2107 2519 2521 2109)
4(2112 2514 2542 2528)
4(2109 2521 2535 2115)
4(2112 2113 2529 2528)
4(2110 2111 2527 2526)
4(1485 1486 2053 2052)
4(2050 2051 2053 2052)
4(1483 1484 2051 2050)
4(1483 2050 2052 1485)
4(2050 2054 2056 2052)
4(2050 2051 2055 2054)
4(1504 2050 2054 1508)
4(1504 1506 2052 2050)
4(1504 1508 1510 1506)
4(1497 2050 2054 1501)
4(1490 1504 2050 1497)
4(1490 1494 1508 1504)
4(1490 1497 1501 1494)
4(1497 2050 2051 1498)
4(1497 1498 1502 1501)
4(1477 1497 2050 1483)
4(1477 1478 1498 1497)
4(1480 1504 2050 1483)
4(1474 1490 1504 1480)
4(1474 1477 1497 1490)
4(1480 1504 1506 1482)
4(1503 1504 1506 1505)
4(1481 1505 1506 1482)
4(1479 1480 1504 1503)
4(1479 1503 1505 1481)
4(1505 1509 1510 1506)
4(1503 1507 1509 1505)
4(1503 1504 1508 1507)
4(1505 1509 2522 2518)
4(1505 2518 2519 1506)
4(1466 2083 2518 1505)
4(1466 1470 2087 2083)
4(1466 1505 1509 1470)
4(2063 2083 2518 2106)
4(1481 2106 2518 1505)
4(1438 1466 2083 2063)
4(1438 1481 1505 1466)
4(2106 2108 2520 2518)
4(2063 2083 2085 2065)
4(2108 2520 2521 2109)
4(2106 2107 2519 2518)
4(2062 2082 2084 2064)
4(2062 2063 2083 2082)
4(2075 2082 2084 2077)
4(2059 2062 2082 2075)
4(2059 2075 2077 2061)
4(2075 2082 2086 2079)
4(2075 2079 2081 2077)
4(1465 2082 2086 1469)
4(1458 2075 2082 1465)
4(1458 1462 2079 2075)
4(1458 1465 1469 1462)
4(1465 2082 2083 1466)
4(1465 1466 1470 1469)
4(1437 1465 2082 2062)
4(1437 1438 1466 1465)
4(1434 1458 2075 2059)
4(1434 1437 1465 1458)
4(1457 1458 2075 2074)
4(2058 2074 2075 2059)
4(1433 1457 2074 2058)
4(1433 1434 1458 1457)
4(1461 1462 2079 2078)
4(1457 1458 1462 1461)
4(1457 1461 2078 2074)
4(2074 2078 2079 2075)
4(2078 461 462 2079)
4(1461 6276 461 2078)
4(1461 1462 6277 6276)
4(2078 461 463 2080)
4(2078 2080 2081 2079)
4(2359 461 463 2361)
4(4381 2078 461 2359)
4(4381 4383 2080 2078)
4(4381 2359 2361 4383)
4(2359 461 465 2363)
4(2359 2363 2365 2361)
4(1781 2359 461 6276)
4(1781 6276 6280 1785)
4(1781 1785 2363 2359)
4(3732 1461 6276 1781)
4(3732 4381 2078 1461)
4(3732 1781 2359 4381)
4(1779 6274 6276 1781)
4(3730 1459 6274 1779)
4(1459 1461 6276 6274)
4(3730 3732 1461 1459)
4(3730 1779 1781 3732)
4(1779 6274 6278 1783)
4(1779 1783 1785 1781)
4(1765 1779 6274 6260)
4(1765 6260 6264 1769)
4(1765 1769 1783 1779)
4(1445 1459 6274 6260)
4(3116 1445 6260 1765)
4(3116 3730 1459 1445)
4(3116 1765 1779 3730)
4(1459 6274 6275 1460)
4(1445 1446 6261 6260)
4(1445 1459 1460 1446)
4(1459 1461 1462 1460)
4(1456 1458 1462 1460)
4(1455 1456 1460 1459)
4(1455 1459 1461 1457)
4(1455 1457 1458 1456)
4(1463 1465 1469 1467)
4(1456 1458 1465 1463)
4(1456 1463 1467 1460)
4(1464 1466 1470 1468)
4(1463 1465 1466 1464)
4(1463 1464 1468 1467)
4(1464 1503 1507 1468)
4(1464 1466 1505 1503)
4(1489 1503 1507 1493)
4(1450 1464 1503 1489)
4(1450 1454 1468 1464)
4(1450 1489 1493 1454)
4(1489 1503 1504 1490)
4(1489 1490 1494 1493)
4(1473 1489 1503 1479)
4(1473 1474 1490 1489)
4(1436 1464 1503 1479)
4(1013 1450 1464 1436)
4(1013 1473 1489 1450)
4(1436 1464 1466 1438)
4(1435 1463 1465 1437)
4(1435 1436 1464 1463)
4(1432 1435 1463 1456)
4(1432 1456 1458 1434)
4(1442 1449 1463 1456)
4(1012 1435 1463 1449)
4(1009 1442 1456 1432)
4(1009 1012 1449 1442)
4(1449 1463 1467 1453)
4(1442 1446 1460 1456)
4(1442 1449 1453 1446)
4(1449 1463 1464 1450)
4(1449 1450 1454 1453)
4(1012 1013 1450 1449)
4(1447 1448 1450 1449)
4(1011 1013 1450 1448)
4(1010 1447 1449 1012)
4(1010 1011 1448 1447)
4(1448 1450 1454 1452)
4(1447 1451 1453 1449)
4(1447 1448 1452 1451)
4(1487 1489 1493 1491)
4(1448 1487 1491 1452)
4(1448 1450 1489 1487)
4(1488 1490 1494 1492)
4(1487 1488 1492 1491)
4(1487 1489 1490 1488)
4(1495 1497 1501 1499)
4(1488 1490 1497 1495)
4(1488 1495 1499 1492)
4(1495 1496 1500 1499)
4(1495 1497 1498 1496)
4(4934 1496 1500 4938)
4(4933 1495 1496 4934)
4(4933 4937 1499 1495)
4(4933 4934 4938 4937)
4(54 3121 3125 58)
4(4934 1496 3121 54)
4(4934 54 58 4938)
4(55 3122 3126 59)
4(54 3121 3122 55)
4(54 55 59 58)
4(3122 3126 3133 3129)
4(62 3129 3133 66)
4(55 3122 3129 62)
4(55 62 66 59)
4(3129 3131 3135 3133)
4(3122 3124 3131 3129)
4(3130 3132 3136 3134)
4(3129 3130 3134 3133)
4(3129 3131 3132 3130)
4(3165 3167 3171 3169)
4(3130 3165 3169 3134)
4(3130 3132 3167 3165)
4(3165 3166 3170 3169)
4(3165 3167 3168 3166)
4(94 98 3169 3165)
4(94 3165 3166 95)
4(94 95 99 98)
4(63 3130 3165 94)
4(63 94 98 67)
4(63 67 3134 3130)
4(2555 3130 3165 3153)
4(76 3153 3165 94)
4(5914 76 94 63)
4(5914 63 3130 2555)
4(3153 3155 3167 3165)
4(2555 3130 3132 2557)
4(3153 3154 3166 3165)
4(76 77 95 94)
4(92 93 95 94)
4(74 75 93 92)
4(75 77 95 93)
4(74 92 94 76)
4(92 96 98 94)
4(92 93 97 96)
4(61 92 96 65)
4(61 63 94 92)
4(61 65 67 63)
4(82 92 96 86)
4(5926 82 86 51)
4(5926 61 92 82)
4(5926 51 65 61)
4(82 92 93 83)
4(82 83 87 86)
4(71 75 93 83)
4(70 71 83 82)
4(70 82 92 74)
4(75 93 100 78)
4(71 73 89 83)
4(69 72 88 81)
4(69 81 83 71)
4(5890 5896 88 81)
4(5872 5874 5896 5890)
4(5872 5890 81 69)
4(5890 5894 85 81)
4(5890 5896 5898 5894)
4(5893 5894 85 84)
4(5889 5890 5894 5893)
4(5889 5893 84 80)
4(80 84 85 81)
4(5889 80 81 5890)
4(4126 4127 4622 4621)
4(5893 4126 4621 84)
4(5893 5894 4127 4126)
4(4126 4130 4625 4621)
4(4126 4127 4131 4130)
4(4598 4602 4625 4621)
4(4107 4598 4621 4126)
4(4107 4111 4602 4598)
4(4107 4126 4130 4111)
4(4598 4600 4623 4621)
4(4598 4602 4604 4600)
4(49 84 4621 4598)
4(49 4598 4600 51)
4(49 51 86 84)
4(5480 4107 4598 49)
4(5480 5893 4126 4107)
4(5480 49 84 5893)
4(4106 4107 4598 4597)
4(48 4597 4598 49)
4(5479 4106 4597 48)
4(5479 48 49 5480)
4(5479 5480 4107 4106)
4(4597 4601 4602 4598)
4(4106 4110 4601 4597)
4(4106 4107 4111 4110)
4(4599 4603 4604 4600)
4(4597 4599 4600 4598)
4(4597 4601 4603 4599)
4(4599 4603 4617 4613)
4(4599 4613 4614 4600)
4(4606 4610 4617 4613)
4(4592 4606 4613 4599)
4(4592 4599 4603 4596)
4(4592 4596 4610 4606)
4(4606 4608 4615 4613)
4(4606 4610 4612 4608)
4(57 64 4613 4606)
4(57 4606 4608 59)
4(57 59 66 64)
4(50 64 4613 4599)
4(5922 50 4599 4592)
4(5922 4592 4606 57)
4(5922 57 64 50)
4(50 51 4600 4599)
4(50 64 65 51)
4(48 4597 4599 50)
4(48 50 51 49)
4(4590 4597 4599 4592)
4(5920 48 4597 4590)
4(5920 4590 4592 5922)
4(5920 5922 50 48)
4(4590 4597 4601 4594)
4(4590 4594 4596 4592)
4(4099 4590 4597 4106)
4(4099 4103 4594 4590)
4(4099 4106 4110 4103)
4(5472 4099 4590 5920)
4(5472 5920 48 5479)
4(5472 5479 4106 4099)
4(4098 4099 4590 4589)
4(5919 4589 4590 5920)
4(5471 4098 4589 5919)
4(5471 5472 4099 4098)
4(5471 5919 5920 5472)
4(4589 4593 4594 4590)
4(4098 4102 4593 4589)
4(4098 4099 4103 4102)
4(4591 4595 4596 4592)
4(4589 4591 4592 4590)
4(4589 4593 4595 4591)
4(4605 4609 4610 4606)
4(4591 4595 4609 4605)
4(4591 4605 4606 4592)
4(4605 4609 4611 4607)
4(4605 4607 4608 4606)
4(3486 4605 4609 3490)
4(3486 3488 4607 4605)
4(3486 3490 3492 3488)
4(3472 3486 4605 4591)
4(3472 4591 4595 3476)
4(3472 3476 3490 3486)
4(4936 3486 4605 56)
4(5921 56 4605 4591)
4(4922 5921 4591 3472)
4(4922 3472 3486 4936)
4(4922 4936 56 5921)
4(56 58 4607 4605)
4(4936 3486 3488 4938)
4(4936 4938 58 56)
4(56 57 4606 4605)
4(56 58 59 57)
4(5921 5922 4592 4591)
4(5921 56 57 5922)
4(5919 4589 4591 5921)
4(5919 5921 5922 5920)
4(3470 4589 4591 3472)
4(4920 5919 4589 3470)
4(4920 3470 3472 4922)
4(4920 4922 5921 5919)
4(3470 4589 4593 3474)
4(3470 3474 3476 3472)
4(2343 3470 4589 4098)
4(2343 4098 4102 2347)
4(2343 2347 3474 3470)
4(4347 5471 4098 2343)
4(4347 2343 3470 4920)
4(4347 4920 5919 5471)
4(2341 4096 4098 2343)
4(4345 5469 4096 2341)
4(5469 5471 4098 4096)
4(4345 2341 2343 4347)
4(4345 4347 5471 5469)
4(4096 4098 4102 4100)
4(2341 4096 4100 2345)
4(2341 2345 2347 2343)
4(4097 4099 4103 4101)
4(4096 4097 4101 4100)
4(4096 4098 4099 4097)
4(4104 4106 4110 4108)
4(4097 4104 4108 4101)
4(4097 4099 4106 4104)
4(4105 4107 4111 4109)
4(4104 4105 4109 4108)
4(4104 4106 4107 4105)
4(4124 4126 4130 4128)
4(4105 4107 4126 4124)
4(4105 4124 4128 4109)
4(4125 4127 4131 4129)
4(4124 4126 4127 4125)
4(4124 4125 4129 4128)
4(4125 4132 4134 4129)
4(4125 4127 4133 4132)
4(4115 4125 4132 4121)
4(4115 4119 4129 4125)
4(4115 4121 4123 4119)
4(5892 4125 4132 5897)
4(5882 4115 4125 5892)
4(5882 5886 4121 4115)
4(5882 5892 5897 5886)
4(5892 4125 4127 5894)
4(5892 5894 5898 5897)
4(5891 4124 4126 5893)
4(5891 5892 4125 4124)
4(5891 5893 5894 5892)
4(5478 5891 4124 4105)
4(5478 5480 5893 5891)
4(5478 4105 4107 5480)
4(4091 4114 4124 4105)
4(5881 5891 4124 4114)
4(5464 5478 5891 5881)
4(5464 5881 4114 4091)
4(5464 4091 4105 5478)
4(4114 4124 4128 4118)
4(4091 4114 4118 4095)
4(4091 4095 4109 4105)
4(4114 4124 4125 4115)
4(4114 4115 4119 4118)
4(5881 5882 4115 4114)
4(5881 5891 5892 5882)
4(4112 4113 4115 4114)
4(5880 5882 4115 4113)
4(5879 4112 4114 5881)
4(5879 5880 4113 4112)
4(5879 5881 5882 5880)
4(4113 4115 4119 4117)
4(4112 4116 4118 4114)
4(4112 4113 4117 4116)
4(4113 4120 4122 4117)
4(4113 4115 4121 4120)
4(1745 4113 4120 1751)
4(1745 1749 4117 4113)
4(1745 1751 1753 1749)
4(5880 4113 4120 5885)
4(3084 1745 4113 5880)
4(3084 5880 5885 3676)
4(3084 3676 1751 1745)
4(5880 5882 5886 5885)
4(5878 5882 5886 5884)
4(5876 5880 5882 5878)
4(5876 5878 5884 5883)
4(5876 5883 5885 5880)
4(5888 5892 5897 5895)
4(5878 5888 5895 5884)
4(5878 5882 5892 5888)
4(5888 5890 5896 5895)
4(5888 5892 5894 5890)
4(5870 5873 5895 5888)
4(5870 5888 5890 5872)
4(5484 5878 5888 5870)
4(5484 5868 5884 5878)
4(5877 5878 5888 5887)
4(5869 5887 5888 5870)
4(5483 5877 5887 5869)
4(5483 5484 5878 5877)
4(5887 5891 5892 5888)
4(5877 5881 5891 5887)
4(5877 5878 5882 5881)
4(5887 5891 5893 5889)
4(5887 5889 5890 5888)
4(5476 5480 5893 5889)
4(5474 5476 5889 5887)
4(5474 5887 5891 5478)
4(5474 5478 5480 5476)
4(5924 49 84 80)
4(5476 5480 49 5924)
4(5476 5924 80 5889)
4(80 82 86 84)
4(5924 5926 82 80)
4(5924 49 51 5926)
4(80 82 83 81)
4(68 80 82 70)
4(68 69 81 80)
4(5906 5926 82 70)
4(5904 5924 5926 5906)
4(5904 68 80 5924)
4(5912 61 92 74)
4(5906 5926 61 5912)
4(5912 61 63 5914)
4(60 61 63 62)
4(5913 62 63 5914)
4(5911 5912 61 60)
4(5911 60 62 5913)
4(62 66 67 63)
4(60 64 66 62)
4(60 61 65 64)
4(62 3129 3130 63)
4(2554 3129 3130 2555)
4(5913 62 3129 2554)
4(2554 3129 3131 2556)
4(2551 2554 3129 3122)
4(2551 3122 3124 2553)
4(5910 55 3122 2551)
4(5910 5913 62 55)
4(2550 3121 3122 2551)
4(5909 54 3121 2550)
4(5909 5910 55 54)
4(4906 4934 1496 1476)
4(4906 5909 54 4934)
4(1475 1495 1496 1476)
4(4905 4933 1495 1475)
4(4905 4906 4934 4933)
4(1475 1495 1497 1477)
4(1472 1475 1495 1488)
4(1472 1488 1490 1474)
4(4926 4933 1495 1488)
4(4902 4926 1488 1472)
4(4902 4905 4933 4926)
4(4926 4930 1492 1488)
4(4926 4933 4937 4930)
4(4925 4929 1491 1487)
4(4925 1487 1488 4926)
4(4925 4926 4930 4929)
4(4886 1448 1487 4925)
4(4886 4890 1452 1448)
4(4886 4925 4929 4890)
4(1011 1448 1487 1471)
4(4901 1471 1487 4925)
4(4363 4886 1448 1011)
4(4363 4901 4925 4886)
4(1471 1473 1489 1487)
4(1471 1472 1488 1487)
4(4901 4902 4926 4925)
4(4923 4924 4926 4925)
4(4899 4923 4925 4901)
4(4900 4902 4926 4924)
4(4899 4900 4924 4923)
4(4927 4928 4930 4929)
4(4923 4924 4928 4927)
4(4924 4926 4930 4928)
4(4923 4927 4929 4925)
4(3477 3478 3480 3479)
4(4928 4930 3480 3478)
4(4927 3477 3479 4929)
4(4927 4928 3478 3477)
4(3478 3480 3484 3482)
4(3477 3478 3482 3481)
4(3477 3481 3483 3479)
4(3485 3487 3491 3489)
4(3478 3485 3489 3482)
4(3478 3480 3487 3485)
4(3485 3486 3490 3489)
4(3485 3487 3488 3486)
4(3471 3475 3489 3485)
4(3471 3485 3486 3472)
4(3471 3472 3476 3475)
4(2813 3478 3485 3471)
4(2813 3471 3475 3468)
4(2813 3468 3482 3478)
4(4928 3478 3485 4935)
4(4921 4935 3485 3471)
4(4914 4921 3471 2813)
4(4914 2813 3478 4928)
4(4914 4928 4935 4921)
4(4935 4937 3487 3485)
4(4928 4930 4937 4935)
4(4935 4936 3486 3485)
4(4935 4937 4938 4936)
4(4921 4922 3472 3471)
4(4921 4935 4936 4922)
4(3469 3470 3472 3471)
4(4919 4920 3470 3469)
4(4919 3469 3471 4921)
4(4919 4921 4922 4920)
4(3469 3473 3475 3471)
4(3469 3470 3474 3473)
4(2811 3469 3473 3466)
4(2811 2813 3471 3469)
4(2811 3466 3468 2813)
4(2342 3469 3473 2346)
4(2335 2811 3469 2342)
4(2335 2342 2346 2339)
4(2335 2339 3466 2811)
4(2342 3469 3470 2343)
4(2342 2343 2347 2346)
4(4346 2342 3469 4919)
4(4346 4347 2343 2342)
4(4346 4919 4920 4347)
4(4912 2811 3469 4919)
4(4339 4346 2342 2335)
4(4339 2335 2811 4912)
4(4339 4912 4919 4346)
4(4912 2811 2813 4914)
4(4912 4914 4921 4919)
4(2810 2811 2813 2812)
4(4913 2812 2813 4914)
4(4911 2810 2812 4913)
4(4911 4912 2811 2810)
4(4911 4913 4914 4912)
4(2812 3467 3468 2813)
4(2810 2811 3466 3465)
4(2810 3465 3467 2812)
4(2812 3467 3481 3477)
4(2812 3477 3478 2813)
4(2803 2807 3481 3477)
4(2789 2803 3477 2812)
4(2789 2812 3467 2793)
4(2789 2793 2807 2803)
4(2803 2805 3479 3477)
4(2803 2807 2809 2805)
4(4888 4927 3477 2803)
4(4888 2803 2805 4890)
4(4888 4890 4929 4927)
4(4913 4927 3477 2812)
4(4874 4913 2812 2789)
4(4874 2789 2803 4888)
4(4874 4888 4927 4913)
4(4913 4927 4928 4914)
4(4910 4924 4928 4914)
4(4909 4913 4927 4923)
4(4909 4910 4914 4913)
4(4909 4923 4924 4910)
4(4924 4928 4935 4931)
4(4910 4917 4921 4914)
4(4917 4931 4935 4921)
4(4910 4924 4931 4917)
4(4931 4933 4937 4935)
4(4924 4926 4933 4931)
4(4932 4934 4938 4936)
4(4931 4932 4936 4935)
4(4931 4933 4934 4932)
4(52 54 58 56)
4(4932 4934 54 52)
4(4932 52 56 4936)
4(53 55 59 57)
4(52 54 55 53)
4(52 53 57 56)
4(53 60 64 57)
4(53 55 62 60)
4(5925 60 64 50)
4(5918 53 60 5925)
4(5918 5922 57 53)
4(5918 5925 50 5922)
4(5925 60 61 5926)
4(5925 5926 51 50)
4(5905 5925 60 5911)
4(5905 5906 5926 5925)
4(5908 53 60 5911)
4(5902 5918 53 5908)
4(5902 5905 5925 5918)
4(5908 53 55 5910)
4(5907 52 54 5909)
4(5907 5908 53 52)
4(4904 5907 52 4932)
4(4904 4932 4934 4906)
4(4918 5917 52 4932)
4(5901 5907 52 5917)
4(4898 5901 5917 4918)
4(4898 4918 4932 4904)
4(5917 52 56 5921)
4(4918 5917 5921 4922)
4(4918 4922 4936 4932)
4(5917 52 53 5918)
4(5917 5918 5922 5921)
4(5901 5902 5918 5917)
4(5915 5916 5918 5917)
4(5900 5902 5918 5916)
4(5899 5915 5917 5901)
4(5899 5900 5916 5915)
4(5916 5918 5922 5920)
4(5915 5916 5920 5919)
4(5915 5919 5921 5917)
4(5923 5925 50 48)
4(5916 5923 48 5920)
4(5916 5918 5925 5923)
4(5923 5924 49 48)
4(5923 5925 5926 5924)
4(5475 5479 48 5923)
4(5475 5923 5924 5476)
4(5475 5476 5480 5479)
4(5468 5916 5923 5475)
4(5468 5472 5920 5916)
4(5468 5475 5479 5472)
4(5900 5916 5923 5903)
4(5447 5903 5923 5475)
4(5444 5468 5916 5900)
4(5444 5447 5475 5468)
4(5903 5905 5925 5923)
4(5903 5904 5924 5923)
4(5448 5904 5924 5476)
4(5447 5448 5476 5475)
4(5871 68 80 5889)
4(5448 5871 5889 5476)
4(5871 5872 5890 5889)
4(5869 5887 5889 5871)
4(5446 5869 5887 5474)
4(5446 5474 5476 5448)
4(5460 5877 5887 5474)
4(5440 5460 5474 5446)
4(5440 5483 5877 5460)
4(5460 5877 5881 5464)
4(5460 5464 5478 5474)
4(5462 5879 5881 5464)
4(5458 5462 5464 5460)
4(5458 5875 5879 5462)
4(5875 5877 5881 5879)
4(5458 5460 5877 5875)
4(4089 4112 4114 4091)
4(5462 5879 4112 4089)
4(5462 4089 4091 5464)
4(4089 4112 4116 4093)
4(4089 4093 4095 4091)
4(1744 4112 4116 1748)
4(1136 4089 4112 1744)
4(1136 1140 4093 4089)
4(1136 1744 1748 1140)
4(1744 4112 4113 1745)
4(1744 1745 1749 1748)
4(3083 1744 4112 5879)
4(3083 5879 5880 3084)
4(3083 3084 1745 1744)
4(3052 1136 4089 5462)
4(3052 5462 5879 3083)
4(3052 3083 1744 1136)
4(1135 1136 4089 4088)
4(5461 4088 4089 5462)
4(3051 1135 4088 5461)
4(3051 5461 5462 3052)
4(3051 3052 1136 1135)
4(4088 4092 4093 4089)
4(1135 1139 4092 4088)
4(1135 1136 1140 1139)
4(4090 4094 4095 4091)
4(4088 4090 4091 4089)
4(4088 4092 4094 4090)
4(4090 4094 4108 4104)
4(4090 4104 4105 4091)
4(3496 4097 4104 4090)
4(3496 4090 4094 3500)
4(3496 3500 4101 4097)
4(5470 4097 4104 5477)
4(5463 5477 4104 4090)
4(5456 5463 4090 3496)
4(5456 3496 4097 5470)
4(5456 5470 5477 5463)
4(5477 5479 4106 4104)
4(5470 4097 4099 5472)
4(5470 5472 5479 5477)
4(5477 5478 4105 4104)
4(5477 5479 5480 5478)
4(5463 5464 4091 4090)
4(5463 5477 5478 5464)
4(5461 4088 4090 5463)
4(5461 5463 5464 5462)
4(3494 4088 4090 3496)
4(5454 5461 4088 3494)
4(5454 5456 5463 5461)
4(5454 3494 3496 5456)
4(3494 4088 4092 3498)
4(3494 3498 3500 3496)
4(1128 3494 4088 1135)
4(1128 1132 3498 3494)
4(1128 1135 1139 1132)
4(3044 1128 3494 5454)
4(3044 5454 5461 3051)
4(3044 3051 1135 1128)
4(1127 1128 3494 3493)
4(5453 3493 3494 5454)
4(3043 1127 3493 5453)
4(3043 3044 1128 1127)
4(3043 5453 5454 3044)
4(3493 3497 3498 3494)
4(1127 1131 3497 3493)
4(1127 1128 1132 1131)
4(3495 3499 3500 3496)
4(3493 3495 3496 3494)
4(3493 3497 3499 3495)
4(3495 3499 4100 4096)
4(3495 4096 4097 3496)
4(2327 2341 4096 3495)
4(2327 3495 3499 2331)
4(2327 2331 2345 2341)
4(5455 5469 4096 3495)
4(4331 5455 3495 2327)
4(4331 2327 2341 4345)
4(4331 4345 5469 5455)
4(5469 4096 4097 5470)
4(5455 5456 3496 3495)
4(5455 5469 5470 5456)
4(5469 5471 5472 5470)
4(5467 5471 5472 5468)
4(5465 5467 5468 5466)
4(5466 5468 5472 5470)
4(5465 5469 5471 5467)
4(5465 5466 5470 5469)
4(5467 5471 5919 5915)
4(5467 5915 5916 5468)
4(4916 4920 5919 5915)
4(4343 4916 5915 5467)
4(4343 4347 4920 4916)
4(4343 5467 5471 4347)
4(4916 4918 5917 5915)
4(4916 4920 4922 4918)
4(4896 5899 5915 4916)
4(4896 4916 4918 4898)
4(5443 5899 5915 5467)
4(4315 4343 4916 4896)
4(4315 5443 5467 4343)
4(5443 5444 5468 5467)
4(5442 5444 5468 5466)
4(5441 5442 5466 5465)
4(5441 5465 5467 5443)
4(5466 5473 5475 5468)
4(5442 5445 5473 5466)
4(5445 5447 5475 5473)
4(5473 5475 5479 5477)
4(5466 5473 5477 5470)
4(5473 5474 5478 5477)
4(5473 5475 5476 5474)
4(5459 5463 5477 5473)
4(5459 5473 5474 5460)
4(5459 5460 5464 5463)
4(5452 5466 5473 5459)
4(5452 5459 5463 5456)
4(5452 5456 5470 5466)
4(5439 5445 5473 5459)
4(5436 5439 5459 5452)
4(5436 5452 5466 5442)
4(5445 5473 5474 5446)
4(5439 5440 5460 5459)
4(5457 5458 5460 5459)
4(5438 5440 5460 5458)
4(5437 5438 5458 5457)
4(5437 5457 5459 5439)
4(5457 5461 5463 5459)
4(5457 5458 5462 5461)
4(5450 5457 5461 5454)
4(5450 5452 5459 5457)
4(5450 5454 5456 5452)
4(3047 5457 5461 3051)
4(3040 5450 5457 3047)
4(3040 3047 3051 3044)
4(3040 3044 5454 5450)
4(3048 5458 5462 3052)
4(3047 5457 5458 3048)
4(3047 3048 3052 3051)
4(3079 5875 5879 3083)
4(3048 3079 3083 3052)
4(3048 5458 5875 3079)
4(5875 5879 5880 5876)
4(3080 5876 5880 3084)
4(3079 3080 3084 3083)
4(3079 5875 5876 3080)
4(5875 5877 5878 5876)
4(5482 5484 5878 5876)
4(5481 5482 5876 5875)
4(5481 5875 5877 5483)
4(5482 5867 5883 5876)
4(3080 3674 5883 5876)
4(3062 3064 3674 3080)
4(3062 3080 5876 5482)
4(3080 3674 3676 3084)
4(3082 3675 3676 3084)
4(3078 3082 3084 3080)
4(3078 3673 3675 3082)
4(3078 3080 3674 3673)
4(1743 1750 1751 1745)
4(3082 3675 1750 1743)
4(3082 1743 1745 3084)
4(1743 1750 1752 1747)
4(1743 1747 1749 1745)
4(1733 1743 1750 1739)
4(1733 1737 1747 1743)
4(1733 1739 1741 1737)
4(3072 1733 1743 3082)
4(3072 3082 3675 3076)
4(3072 3076 1739 1733)
4(1732 1733 1743 1742)
4(3071 1732 1742 3081)
4(3081 1742 1743 3082)
4(3071 3081 3082 3072)
4(3071 3072 1733 1732)
4(1742 1746 1747 1743)
4(1732 1736 1746 1742)
4(1732 1733 1737 1736)
4(1742 1746 1748 1744)
4(1742 1744 1745 1743)
4(1134 1742 1746 1138)
4(1134 1136 1744 1742)
4(1134 1138 1140 1136)
4(1120 1134 1742 1732)
4(1120 1124 1138 1134)
4(1120 1732 1736 1124)
4(3050 1134 1742 3081)
4(3036 3050 3081 3071)
4(3036 1120 1134 3050)
4(3036 3071 1732 1120)
4(3081 3083 1744 1742)
4(3050 3052 3083 3081)
4(3050 1134 1136 3052)
4(3081 3083 3084 3082)
4(3077 3081 3083 3079)
4(3077 3078 3082 3081)
4(3077 3079 3080 3078)
4(3046 3077 3081 3050)
4(3046 3048 3079 3077)
4(3046 3050 3052 3048)
4(3067 3077 3081 3071)
4(3032 3067 3071 3036)
4(3032 3046 3077 3067)
4(3032 3036 3050 3046)
4(3068 3078 3082 3072)
4(3067 3068 3072 3071)
4(3067 3077 3078 3068)
4(3068 3078 3673 3074)
4(3068 3074 3076 3072)
4(3060 3078 3673 3063)
4(3056 3058 3074 3068)
4(3056 3068 3078 3060)
4(3060 3078 3080 3062)
4(3061 3079 3080 3062)
4(3059 3077 3079 3061)
4(3059 3060 3078 3077)
4(3061 3079 5875 5481)
4(5438 5458 5875 5481)
4(3020 3048 5458 5438)
4(3020 3061 3079 3048)
4(3019 3047 5457 5437)
4(3019 3020 3048 3047)
4(5434 5450 5457 5437)
4(3016 3019 3047 3040)
4(3016 3040 5450 5434)
4(5434 5450 5452 5436)
4(5449 5450 5452 5451)
4(5435 5451 5452 5436)
4(5433 5434 5450 5449)
4(5433 5449 5451 5435)
4(5453 5454 5456 5455)
4(5451 5455 5456 5452)
4(5449 5453 5455 5451)
4(5449 5450 5454 5453)
4(5453 3493 3495 5455)
4(2325 3493 3495 2327)
4(4329 5453 3493 2325)
4(4329 2325 2327 4331)
4(4329 4331 5455 5453)
4(2325 3493 3497 2329)
4(2325 2329 2331 2327)
4(424 2325 3493 1127)
4(424 428 2329 2325)
4(424 1127 1131 428)
4(2049 424 2325 4329)
4(2049 3043 1127 424)
4(2049 4329 5453 3043)
4(423 424 2325 2324)
4(4328 2324 2325 4329)
4(2048 423 2324 4328)
4(2048 2049 424 423)
4(2048 4328 4329 2049)
4(2324 2328 2329 2325)
4(423 427 2328 2324)
4(423 424 428 427)
4(2326 2330 2331 2327)
4(2324 2326 2327 2325)
4(2324 2328 2330 2326)
4(2340 2344 2345 2341)
4(2326 2330 2344 2340)
4(2326 2340 2341 2327)
4(2340 2344 2346 2342)
4(2340 2342 2343 2341)
4(2333 2340 2344 2337)
4(2333 2335 2342 2340)
4(2333 2337 2339 2335)
4(2319 2333 2340 2326)
4(2319 2326 2330 2323)
4(2319 2323 2337 2333)
4(4337 2333 2340 4344)
4(4330 4344 2340 2326)
4(4323 4330 2326 2319)
4(4323 2319 2333 4337)
4(4323 4337 4344 4330)
4(4344 4346 2342 2340)
4(4337 2333 2335 4339)
4(4337 4339 4346 4344)
4(4344 4345 2341 2340)
4(4344 4346 4347 4345)
4(4330 4331 2327 2326)
4(4330 4344 4345 4331)
4(4328 2324 2326 4330)
4(4328 4330 4331 4329)
4(2317 2324 2326 2319)
4(4321 4328 2324 2317)
4(4321 2317 2319 4323)
4(4321 4323 4330 4328)
4(2317 2324 2328 2321)
4(2317 2321 2323 2319)
4(416 2317 2324 423)
4(416 420 2321 2317)
4(416 423 427 420)
4(2041 416 2317 4321)
4(2041 2048 423 416)
4(2041 4321 4328 2048)
4(415 416 2317 2316)
4(4320 2316 2317 4321)
4(2040 415 2316 4320)
4(2040 2041 416 415)
4(2040 4320 4321 2041)
4(2316 2320 2321 2317)
4(415 419 2320 2316)
4(415 416 420 419)
4(2318 2322 2323 2319)
4(2316 2318 2319 2317)
4(2316 2320 2322 2318)
4(2332 2336 2337 2333)
4(2318 2322 2336 2332)
4(2318 2332 2333 2319)
4(2334 2338 2339 2335)
4(2332 2334 2335 2333)
4(2332 2336 2338 2334)
4(2334 2338 3465 2810)
4(2334 2810 2811 2335)
4(2787 2791 3465 2810)
4(2311 2787 2810 2334)
4(2311 2334 2338 2315)
4(2311 2315 2791 2787)
4(2787 2789 2812 2810)
4(2787 2791 2793 2789)
4(4872 4911 2810 2787)
4(4872 2787 2789 4874)
4(4872 4874 4913 4911)
4(4338 4911 2810 2334)
4(4299 4338 2334 2311)
4(4299 2311 2787 4872)
4(4299 4872 4911 4338)
4(4338 4339 2335 2334)
4(4338 4911 4912 4339)
4(4336 2332 2334 4338)
4(4336 4337 2333 2332)
4(4336 4338 4339 4337)
4(2309 2332 2334 2311)
4(4297 4336 2332 2309)
4(4297 2309 2311 4299)
4(4297 4299 4338 4336)
4(2309 2332 2336 2313)
4(2309 2313 2315 2311)
4(2295 2309 2332 2318)
4(2295 2318 2322 2299)
4(2295 2299 2313 2309)
4(4322 4336 2332 2318)
4(3708 4322 2318 2295)
4(3708 2295 2309 4297)
4(3708 4297 4336 4322)
4(4322 4323 2319 2318)
4(4322 4336 4337 4323)
4(4320 2316 2318 4322)
4(4320 4322 4323 4321)
4(2293 2316 2318 2295)
4(3706 4320 2316 2293)
4(3706 2293 2295 3708)
4(3706 3708 4322 4320)
4(2293 2316 2320 2297)
4(2293 2297 2299 2295)
4(6253 2293 2316 415)
4(6253 6257 2297 2293)
4(6253 415 419 6257)
4(1402 6253 2293 3706)
4(1402 2040 415 6253)
4(1402 3706 4320 2040)
4(6252 6253 2293 2292)
4(3705 2292 2293 3706)
4(1401 6252 2292 3705)
4(1401 1402 6253 6252)
4(1401 3705 3706 1402)
4(2292 2296 2297 2293)
4(6252 6256 2296 2292)
4(6252 6253 6257 6256)
4(2294 2298 2299 2295)
4(2292 2294 2295 2293)
4(2292 2296 2298 2294)
4(2308 2312 2313 2309)
4(2294 2298 2312 2308)
4(2294 2308 2309 2295)
4(2310 2314 2315 2311)
4(2308 2310 2311 2309)
4(2308 2312 2314 2310)
4(2786 2790 2791 2787)
4(2310 2314 2790 2786)
4(2310 2786 2787 2311)
4(2788 2792 2793 2789)
4(2786 2788 2789 2787)
4(2786 2790 2792 2788)
4(2802 2806 2807 2803)
4(2788 2792 2806 2802)
4(2788 2802 2803 2789)
4(2802 2806 2808 2804)
4(2802 2804 2805 2803)
4(2795 2802 2806 2799)
4(2795 2797 2804 2802)
4(2795 2799 2801 2797)
4(2781 2795 2802 2788)
4(2781 2788 2792 2785)
4(2781 2785 2799 2795)
4(4880 2795 2802 4887)
4(4873 4887 2802 2788)
4(4866 4873 2788 2781)
4(4866 4880 4887 4873)
4(4866 2781 2795 4880)
4(4887 4889 2804 2802)
4(4880 4882 4889 4887)
4(4880 2795 2797 4882)
4(4887 4888 2803 2802)
4(4887 4889 4890 4888)
4(4873 4874 2789 2788)
4(4873 4887 4888 4874)
4(4871 2786 2788 4873)
4(4871 4872 2787 2786)
4(4871 4873 4874 4872)
4(2779 2786 2788 2781)
4(4864 4871 2786 2779)
4(4864 2779 2781 4866)
4(4864 4866 4873 4871)
4(2779 2786 2790 2783)
4(2779 2783 2785 2781)
4(2303 2779 2786 2310)
4(2303 2310 2314 2307)
4(2303 2307 2783 2779)
4(4298 4871 2786 2310)
4(3716 4298 2310 2303)
4(3716 2303 2779 4864)
4(3716 4864 4871 4298)
4(4298 4299 2311 2310)
4(4298 4871 4872 4299)
4(4296 2308 2310 4298)
4(4296 4297 2309 2308)
4(4296 4298 4299 4297)
4(2301 2308 2310 2303)
4(3714 4296 2308 2301)
4(3714 2301 2303 3716)
4(3714 3716 4298 4296)
4(2301 2308 2312 2305)
4(2301 2305 2307 2303)
4(2287 2301 2308 2294)
4(2287 2294 2298 2291)
4(2287 2291 2305 2301)
4(3707 4296 2308 2294)
4(3700 3707 2294 2287)
4(3700 2287 2301 3714)
4(3700 3714 4296 3707)
4(3707 3708 2295 2294)
4(3707 4296 4297 3708)
4(3705 2292 2294 3707)
4(3705 3707 3708 3706)
4(2285 2292 2294 2287)
4(3698 3705 2292 2285)
4(3698 2285 2287 3700)
4(3698 3700 3707 3705)
4(2285 2292 2296 2289)
4(2285 2289 2291 2287)
4(6245 2285 2292 6252)
4(6245 6249 2289 2285)
4(6245 6252 6256 6249)
4(1394 6245 2285 3698)
4(1394 1401 6252 6245)
4(1394 3698 3705 1401)
4(6244 6245 2285 2284)
4(3697 2284 2285 3698)
4(1393 6244 2284 3697)
4(1393 1394 6245 6244)
4(1393 3697 3698 1394)
4(2284 2288 2289 2285)
4(6244 6248 2288 2284)
4(6244 6245 6249 6248)
4(2286 2290 2291 2287)
4(2284 2286 2287 2285)
4(2284 2288 2290 2286)
4(2300 2304 2305 2301)
4(2286 2290 2304 2300)
4(2286 2300 2301 2287)
4(2302 2306 2307 2303)
4(2300 2302 2303 2301)
4(2300 2304 2306 2302)
4(2778 2782 2783 2779)
4(2302 2306 2782 2778)
4(2302 2778 2779 2303)
4(2780 2784 2785 2781)
4(2778 2782 2784 2780)
4(2778 2780 2781 2779)
4(2794 2798 2799 2795)
4(2780 2794 2795 2781)
4(2780 2784 2798 2794)
4(2794 2798 2800 2796)
4(2794 2796 2797 2795)
4(5236 5240 2800 2796)
4(5234 5236 2796 2794)
4(5234 2794 2798 5238)
4(5234 5238 5240 5236)
4(1763 1767 6262 6258)
4(5236 1763 6258 2796)
4(5236 5240 1767 1763)
4(1763 1765 6260 6258)
4(1763 1767 1769 1765)
4(1443 1445 6260 6258)
4(3114 3116 1445 1443)
4(3114 1443 6258 1763)
4(3114 1763 1765 3116)
4(1443 1445 1446 1444)
4(1441 1445 1446 1442)
4(1439 1443 1445 1441)
4(1439 1440 1444 1443)
4(1440 1442 1446 1444)
4(1439 1441 1442 1440)
4(1441 1445 1459 1455)
4(1441 1455 1456 1442)
4(3726 3730 1459 1455)
4(3112 3726 1455 1441)
4(3112 1441 1445 3116)
4(3112 3116 3730 3726)
4(3728 3732 1461 1457)
4(3726 3728 1457 1455)
4(3726 3730 3732 3728)
4(4377 4381 2078 2074)
4(3728 4377 2074 1457)
4(3728 3732 4381 4377)
4(2074 2076 2080 2078)
4(4377 4379 2076 2074)
4(4377 4381 4383 4379)
4(2074 2076 2077 2075)
4(2060 2076 2077 2061)
4(2058 2074 2076 2060)
4(2066 2090 2091 2067)
4(2060 2076 2090 2066)
4(2068 2092 2093 2069)
4(2066 2090 2092 2068)
4(4365 2066 2090 4393)
4(3743 2060 2076 4379)
4(3743 4379 4393 4365)
4(3741 2058 2074 4377)
4(3741 4377 4379 3743)
4(3100 1433 1457 3728)
4(3100 3728 4377 3741)
4(1431 1433 1457 1455)
4(3098 1431 1455 3726)
4(3098 3726 3728 3100)
4(1431 1432 1456 1455)
4(1008 1441 1455 1431)
4(1008 1009 1442 1441)
4(3092 1008 1441 3112)
4(3092 3112 3726 3098)
4(3110 1439 1441 3112)
4(3090 3110 3112 3092)
4(3090 1006 1439 3110)
4(1006 1008 1441 1439)
4(3110 1439 1443 3114)
4(3110 3114 3116 3112)
4(47 4881 1443 3114)
4(43 47 3114 3110)
4(43 3110 1439 4877)
4(4877 1439 1443 4881)
4(43 4877 4881 47)
4(47 5236 1763 3114)
4(47 4881 2796 5236)
4(5235 5236 1763 1762)
4(3113 1762 1763 3114)
4(46 5235 1762 3113)
4(46 3113 3114 47)
4(46 47 5236 5235)
4(1762 1766 1767 1763)
4(5235 5239 1766 1762)
4(5235 5236 5240 5239)
4(1764 1768 1769 1765)
4(1762 1764 1765 1763)
4(1762 1766 1768 1764)
4(1778 1782 1783 1779)
4(1764 1768 1782 1778)
4(1764 1778 1779 1765)
4(1780 1784 1785 1781)
4(1778 1780 1781 1779)
4(1778 1782 1784 1780)
4(2358 2362 2363 2359)
4(1780 1784 2362 2358)
4(1780 2358 2359 1781)
4(2358 2362 2364 2360)
4(2358 2360 2361 2359)
4(2351 2358 2362 2355)
4(2351 2353 2360 2358)
4(2351 2355 2357 2353)
4(1773 2351 2358 1780)
4(1773 1780 1784 1777)
4(1773 1777 2355 2351)
4(4373 2351 2358 4380)
4(3731 4380 2358 1780)
4(3724 3731 1780 1773)
4(3724 1773 2351 4373)
4(3724 4373 4380 3731)
4(4380 4382 2360 2358)
4(4373 2351 2353 4375)
4(4373 4375 4382 4380)
4(4380 4381 2359 2358)
4(4380 4382 4383 4381)
4(3731 3732 1781 1780)
4(3731 4380 4381 3732)
4(3729 1778 1780 3731)
4(3729 3730 1779 1778)
4(3729 3731 3732 3730)
4(1771 1778 1780 1773)
4(3722 3729 1778 1771)
4(3722 1771 1773 3724)
4(3722 3724 3731 3729)
4(1771 1778 1782 1775)
4(1771 1775 1777 1773)
4(1757 1771 1778 1764)
4(1757 1764 1768 1761)
4(1757 1761 1775 1771)
4(3115 3729 1778 1764)
4(3108 3115 1764 1757)
4(3108 1757 1771 3722)
4(3108 3722 3729 3115)
4(3115 3116 1765 1764)
4(3115 3729 3730 3116)
4(3113 1762 1764 3115)
4(3113 3115 3116 3114)
4(1755 1762 1764 1757)
4(3106 3113 1762 1755)
4(3106 1755 1757 3108)
4(3106 3108 3115 3113)
4(1755 1762 1766 1759)
4(1755 1759 1761 1757)
4(5228 1755 1762 5235)
4(5228 5232 1759 1755)
4(5228 5235 5239 5232)
4(39 5228 1755 3106)
4(39 3106 3113 46)
4(39 46 5235 5228)
4(5227 5228 1755 1754)
4(3105 1754 1755 3106)
4(38 39 5228 5227)
4(38 3105 3106 39)
4(1754 1758 1759 1755)
4(5227 5228 5232 5231)
4(1756 1760 1761 1757)
4(1754 1756 1757 1755)
4(1770 1774 1775 1771)
4(1756 1770 1771 1757)
4(1772 1776 1777 1773)
4(1770 1772 1773 1771)
4(2350 2354 2355 2351)
4(1772 2350 2351 1773)
4(2352 2356 2357 2353)
4(2350 2352 2353 2351)
4(2352 2366 2367 2353)
4(4374 4375 2353 2352)
4(4374 4388 4389 4375)
4(4372 4373 2351 2350)
4(4372 4374 4375 4373)
4(3723 3724 1773 1772)
4(3723 4372 4373 3724)
4(3721 3722 1771 1770)
4(3721 3723 3724 3722)
4(3107 3108 1757 1756)
4(3107 3721 3722 3108)
4(3105 3107 3108 3106)
4(5273 5277 5278 5274)
4(4638 5273 5274 4639)
4(5275 5279 5280 5276)
4(5273 5275 5276 5274)
4(5275 5285 5286 5276)
4(621 623 5287 5285)
4(615 616 623 621)
4(621 622 5286 5285)
4(621 623 624 622)
4(611 612 5276 5275)
4(611 621 622 612)
4(609 610 5274 5273)
4(609 611 612 610)
4(112 609 610 113)
4(617 619 623 621)
4(613 614 619 617)
4(617 618 622 621)
4(617 619 620 618)
4(607 617 618 608)
4(607 608 612 611)
4(601 603 619 617)
4(601 602 618 617)
4(597 598 608 607)
4(605 606 608 607)
4(595 596 606 605)
4(605 606 610 609)
4(109 605 606 110)
4(146 148 152 150)
4(108 110 148 146)
4(108 146 150 111)
4(146 148 149 147)
4(122 146 148 124)
4(5929 122 146 108)
4(105 132 146 108)
4(5928 116 132 105)
4(105 132 136 107)
4(104 130 134 106)
4(104 105 132 130)
4(4386 130 134 4390)
4(3734 104 130 4386)
4(4386 130 131 4387)
4(4386 4387 4391 4390)
4(114 130 131 115)
4(3746 4386 130 114)
4(3746 3747 4387 4386)
4(114 130 132 116)
4(5927 114 130 104)
4(4385 4387 4391 4389)
4(4384 4386 4387 4385)
4(4384 4385 4389 4388)
4(4385 4392 4396 4389)
4(4385 4387 4394 4392)
4(4378 4392 4396 4382)
4(4371 4385 4392 4378)
4(4371 4375 4389 4385)
4(4371 4378 4382 4375)
4(4378 4392 4393 4379)
4(4378 4379 4383 4382)
4(3742 4378 4392 4364)
4(3742 3743 4379 4378)
4(3745 4385 4392 4364)
4(3739 4371 4385 3745)
4(3739 3742 4378 4371)
4(3745 4385 4387 3747)
4(3744 3745 4385 4384)
4(4370 4384 4385 4371)
4(4370 4371 4375 4374)
4(3738 3739 4371 4370)
4(4368 4369 4371 4370)
4(3737 3739 4371 4369)
4(3736 3737 4369 4368)
4(4369 4371 4375 4373)
4(4368 4369 4373 4372)
4(4376 4378 4382 4380)
4(4369 4376 4380 4373)
4(4369 4371 4378 4376)
4(4376 4377 4381 4380)
4(4376 4378 4379 4377)
4(3727 3731 4380 4376)
4(3727 4376 4377 3728)
4(3727 3728 3732 3731)
4(3120 4369 4376 3727)
4(3120 3727 3731 3724)
4(3120 3724 4373 4369)
4(3737 4369 4376 3740)
4(3099 3740 4376 3727)
4(3096 3099 3727 3120)
4(3096 3120 4369 3737)
4(3740 3742 4378 4376)
4(3740 3741 4377 4376)
4(3099 3100 3728 3727)
4(3725 3726 3728 3727)
4(3097 3098 3726 3725)
4(3097 3725 3727 3099)
4(3725 3729 3731 3727)
4(3725 3726 3730 3729)
4(3118 3725 3729 3722)
4(3118 3120 3727 3725)
4(3118 3722 3724 3120)
4(3111 3725 3729 3115)
4(3104 3118 3725 3111)
4(3104 3108 3722 3118)
4(3104 3111 3115 3108)
4(3111 3725 3726 3112)
4(3111 3112 3116 3115)
4(3091 3111 3725 3097)
4(3091 3092 3112 3111)
4(3094 3118 3725 3097)
4(3088 3104 3118 3094)
4(3088 3091 3111 3104)
4(3094 3118 3120 3096)
4(3117 3118 3120 3119)
4(3095 3119 3120 3096)
4(3093 3094 3118 3117)
4(3119 3723 3724 3120)
4(3117 3118 3722 3721)
4(3119 4368 4369 3120)
4(3103 3117 3118 3104)
4(3103 3104 3108 3107)
4(3087 3088 3104 3103)
4(3102 3104 3108 3106)
4(3101 3102 3106 3105)
4(3101 3103 3104 3102)
4(3109 3111 3115 3113)
4(3102 3109 3113 3106)
4(3102 3104 3111 3109)
4(3109 3110 3114 3113)
4(3109 3111 3112 3110)
4(42 46 3113 3109)
4(42 3109 3110 43)
4(42 43 47 46)
4(35 3102 3109 42)
4(35 42 46 39)
4(35 39 3106 3102)
4(3086 3102 3109 3089)
4(14 3089 3109 42)
4(11 14 42 35)
4(11 35 3102 3086)
4(3089 3091 3111 3109)
4(3086 3102 3104 3088)
4(3089 3090 3110 3109)
4(15 3090 3110 43)
4(14 15 43 42)
4(4358 1006 1439 4877)
4(15 4358 4877 43)
4(4877 4878 1440 1439)
4(4359 1007 1440 4878)
4(4358 4359 4878 4877)
4(1006 1439 1440 1007)
4(4878 1440 1444 4882)
4(4877 4878 4882 4881)
4(1440 1444 1451 1447)
4(4878 1440 1447 4885)
4(4885 1447 1451 4889)
4(4878 4885 4889 4882)
4(1440 1442 1449 1447)
4(1007 1010 1447 1440)
4(1007 1440 1442 1009)
4(4362 1010 1447 4885)
4(4359 4362 4885 4878)
4(4885 4886 1448 1447)
4(4362 4363 4886 4885)
4(4885 4886 4890 4889)
4(4884 4886 4890 4888)
4(4883 4885 4886 4884)
4(4883 4887 4889 4885)
4(4883 4884 4888 4887)
4(4884 4923 4927 4888)
4(4884 4886 4925 4923)
4(4870 4884 4923 4909)
4(4870 4874 4888 4884)
4(4870 4909 4913 4874)
4(4361 4884 4923 4899)
4(4355 4870 4884 4361)
4(4893 4899 4923 4909)
4(4355 4893 4909 4870)
4(4361 4884 4886 4363)
4(4360 4883 4885 4362)
4(4360 4361 4884 4883)
4(4876 4883 4885 4878)
4(4357 4360 4883 4876)
4(4357 4876 4878 4359)
4(4876 4883 4887 4880)
4(4876 4880 4882 4878)
4(4869 4883 4887 4873)
4(4862 4876 4883 4869)
4(4862 4866 4880 4876)
4(4862 4869 4873 4866)
4(4869 4883 4884 4870)
4(4869 4870 4874 4873)
4(4354 4869 4883 4360)
4(4354 4355 4870 4869)
4(4351 4862 4876 4357)
4(4351 4354 4869 4862)
4(4861 4862 4876 4875)
4(4350 4351 4862 4861)
4(4356 4875 4876 4357)
4(4350 4861 4875 4356)
4(4865 4866 4880 4879)
4(4861 4862 4866 4865)
4(4861 4865 4879 4875)
4(4875 4879 4880 4876)
4(4879 2794 2795 4880)
4(4865 2780 2794 4879)
4(4865 4866 2781 2780)
4(4879 2794 2796 4881)
4(4879 4881 4882 4880)
4(45 4879 2794 5234)
4(45 47 4881 4879)
4(45 5234 5236 47)
4(5220 2780 2794 5234)
4(31 4865 2780 5220)
4(31 45 4879 4865)
4(31 5220 5234 45)
4(5220 2780 2784 5224)
4(5220 5224 5238 5234)
4(5218 2778 2782 5222)
4(5218 5220 2780 2778)
4(5218 5222 5224 5220)
4(4087 5218 2778 2302)
4(4087 2302 2306 4588)
4(4087 4588 5222 5218)
4(29 5218 2778 4863)
4(3715 4863 2778 2302)
4(5866 3715 2302 4087)
4(5866 4087 5218 29)
4(5866 29 4863 3715)
4(4863 4865 2780 2778)
4(29 31 4865 4863)
4(29 5218 5220 31)
4(4863 4864 2779 2778)
4(4863 4865 4866 4864)
4(3715 3716 2303 2302)
4(3715 4863 4864 3716)
4(3713 2300 2302 3715)
4(3713 3714 2301 2300)
4(3713 3715 3716 3714)
4(4085 2300 2302 4087)
4(5864 3713 2300 4085)
4(5864 4085 4087 5866)
4(5864 5866 3715 3713)
4(4085 2300 2304 4586)
4(4085 4586 4588 4087)
4(4071 4085 2300 2286)
4(4071 2286 2290 4075)
4(4071 4075 4586 4085)
4(3699 3713 2300 2286)
4(5850 3699 2286 4071)
4(5850 4071 4085 5864)
4(5850 5864 3713 3699)
4(3699 3700 2287 2286)
4(3699 3713 3714 3700)
4(3697 2284 2286 3699)
4(3697 3699 3700 3698)
4(4069 2284 2286 4071)
4(5848 3697 2284 4069)
4(5848 5850 3699 3697)
4(5848 4069 4071 5850)
4(4069 2284 2288 4073)
4(4069 4073 4075 4071)
4(1725 4069 2284 6244)
4(1725 6244 6248 1729)
4(1725 1729 4073 4069)
4(3672 1393 6244 1725)
4(3672 5848 3697 1393)
4(3672 1725 4069 5848)
4(1723 6242 6244 1725)
4(3670 1391 6242 1723)
4(1391 1393 6244 6242)
4(3670 3672 1393 1391)
4(3670 1723 1725 3672)
4(6242 6244 6248 6246)
4(1723 6242 6246 1727)
4(1723 1727 1729 1725)
4(6243 6245 6249 6247)
4(6242 6243 6247 6246)
4(6242 6244 6245 6243)
4(6250 6252 6256 6254)
4(6243 6250 6254 6247)
4(6243 6245 6252 6250)
4(6251 6253 6257 6255)
4(6250 6251 6255 6254)
4(6250 6252 6253 6251)
4(413 415 419 417)
4(6251 413 417 6255)
4(6251 6253 415 413)
4(414 416 420 418)
4(413 414 418 417)
4(413 415 416 414)
4(421 423 427 425)
4(414 421 425 418)
4(414 416 423 421)
4(422 424 428 426)
4(421 422 426 425)
4(421 423 424 422)
4(1125 1127 1131 1129)
4(422 424 1127 1125)
4(422 1125 1129 426)
4(1126 1128 1132 1130)
4(1125 1127 1128 1126)
4(1125 1126 1130 1129)
4(1133 1135 1139 1137)
4(1126 1133 1137 1130)
4(1126 1128 1135 1133)
4(1133 1134 1138 1137)
4(1133 1135 1136 1134)
4(1119 1123 1137 1133)
4(1119 1133 1134 1120)
4(1119 1120 1124 1123)
4(1112 1126 1133 1119)
4(1112 1116 1130 1126)
4(1112 1119 1123 1116)
4(3042 1126 1133 3049)
4(3035 3049 1133 1119)
4(3028 3042 3049 3035)
4(3028 1112 1126 3042)
4(3028 3035 1119 1112)
4(3049 3051 1135 1133)
4(3042 3044 3051 3049)
4(3042 1126 1128 3044)
4(3049 3050 1134 1133)
4(3049 3051 3052 3050)
4(3035 3036 1120 1119)
4(3035 3049 3050 3036)
4(1117 1118 1120 1119)
4(3034 3036 1120 1118)
4(3033 1117 1119 3035)
4(3033 3035 3036 3034)
4(1118 1120 1124 1122)
4(1117 1121 1123 1119)
4(1730 1732 1736 1734)
4(1118 1120 1732 1730)
4(1731 1733 1737 1735)
4(1730 1732 1733 1731)
4(1731 1733 1739 1738)
4(3070 1731 1733 3072)
4(3070 3072 3076 3075)
4(3069 1730 1732 3071)
4(3069 3071 3072 3070)
4(3034 3036 3071 3069)
4(3066 3068 3074 3073)
4(3066 3070 3072 3068)
4(3054 3066 3068 3056)
4(3065 3069 3071 3067)
4(3065 3067 3068 3066)
4(3030 3032 3067 3065)
4(3030 3034 3036 3032)
4(2513 3032 3067 3055)
4(2511 3030 3032 2513)
4(3053 3055 3067 3065)
4(3018 3046 3077 3059)
4(2513 3032 3046 3018)
4(3055 3059 3077 3067)
4(3018 3046 3048 3020)
4(3045 3046 3048 3047)
4(3017 3018 3046 3045)
4(3017 3045 3047 3019)
4(3045 3049 3051 3047)
4(3045 3046 3050 3049)
4(3038 3045 3049 3042)
4(3038 3040 3047 3045)
4(3038 3042 3044 3040)
4(3031 3045 3049 3035)
4(3024 3038 3045 3031)
4(3024 3031 3035 3028)
4(3024 3028 3042 3038)
4(3031 3045 3046 3032)
4(3031 3032 3036 3035)
4(2512 3031 3045 3017)
4(2512 2513 3032 3031)
4(3014 3038 3045 3017)
4(2509 2512 3031 3024)
4(2509 3024 3038 3014)
4(3014 3038 3040 3016)
4(3037 3038 3040 3039)
4(3015 3039 3040 3016)
4(3013 3014 3038 3037)
4(3013 3037 3039 3015)
4(3041 3042 3044 3043)
4(3039 3043 3044 3040)
4(3037 3041 3043 3039)
4(3037 3038 3042 3041)
4(3041 1125 1127 3043)
4(3041 3042 1126 1125)
4(2047 3041 1125 422)
4(2047 422 424 2049)
4(2047 2049 3043 3041)
4(408 1111 1125 422)
4(3027 3041 1125 1111)
4(2033 3027 1111 408)
4(2033 408 422 2047)
4(2033 2047 3041 3027)
4(1111 1125 1129 1115)
4(408 1111 1115 412)
4(408 412 426 422)
4(1111 1125 1126 1112)
4(1111 1112 1116 1115)
4(3027 3028 1112 1111)
4(3027 3041 3042 3028)
4(1109 1110 1112 1111)
4(3026 3028 1112 1110)
4(3025 1109 1111 3027)
4(3025 3027 3028 3026)
4(1110 1112 1116 1114)
4(1109 1113 1115 1111)
4(1110 1112 1119 1117)
4(3026 3028 3035 3033)
4(3029 3031 3035 3033)
4(3022 3024 3031 3029)
4(3022 3026 3028 3024)
4(3029 3031 3032 3030)
4(2510 2512 3031 3029)
4(2507 3022 3024 2509)
4(406 408 1111 1109)
4(406 410 412 408)
4(2031 406 408 2033)
4(2031 2033 3027 3025)
4(407 411 412 408)
4(405 407 408 406)
4(405 409 411 407)
4(407 411 425 421)
4(407 421 422 408)
4(400 414 421 407)
4(400 407 411 404)
4(400 404 418 414)
4(2039 414 421 2046)
4(2032 2046 421 407)
4(1426 2032 407 400)
4(1426 400 414 2039)
4(1426 2039 2046 2032)
4(2046 2048 423 421)
4(2039 414 416 2041)
4(2039 2041 2048 2046)
4(2046 2047 422 421)
4(2046 2048 2049 2047)
4(2032 2033 408 407)
4(2032 2046 2047 2033)
4(2030 405 407 2032)
4(2030 2032 2033 2031)
4(398 405 407 400)
4(1424 398 400 1426)
4(1424 1426 2032 2030)
4(398 402 404 400)
4(399 403 404 400)
4(397 399 400 398)
4(397 401 403 399)
4(399 403 417 413)
4(399 413 414 400)
4(6237 6251 413 399)
4(6237 399 403 6241)
4(6237 6241 6255 6251)
4(1400 6251 413 2038)
4(1425 2038 413 399)
4(1386 1425 399 6237)
4(1386 6237 6251 1400)
4(1386 1400 2038 1425)
4(2038 2040 415 413)
4(1400 6251 6253 1402)
4(1400 1402 2040 2038)
4(2038 2039 414 413)
4(2038 2040 2041 2039)
4(1425 1426 400 399)
4(1425 2038 2039 1426)
4(1423 397 399 1425)
4(1423 1425 1426 1424)
4(6235 397 399 6237)
4(1384 6235 6237 1386)
4(1384 1386 1425 1423)
4(6235 6239 6241 6237)
4(6236 6240 6241 6237)
4(6234 6236 6237 6235)
4(6234 6238 6240 6236)
4(6236 6240 6254 6250)
4(6236 6250 6251 6237)
4(6229 6243 6250 6236)
4(6229 6236 6240 6233)
4(6229 6233 6247 6243)
4(1392 6243 6250 1399)
4(1385 1399 6250 6236)
4(1378 1385 6236 6229)
4(1378 6229 6243 1392)
4(1378 1392 1399 1385)
4(1399 1401 6252 6250)
4(1392 6243 6245 1394)
4(1392 1394 1401 1399)
4(1399 1400 6251 6250)
4(1399 1401 1402 1400)
4(1385 1386 6237 6236)
4(1385 1399 1400 1386)
4(1383 6234 6236 1385)
4(1383 1385 1386 1384)
4(6227 6234 6236 6229)
4(1376 6227 6229 1378)
4(1376 1378 1385 1383)
4(6227 6231 6233 6229)
4(6228 6232 6233 6229)
4(6226 6230 6232 6228)
4(6226 6228 6229 6227)
4(6228 6232 6246 6242)
4(6228 6242 6243 6229)
4(1710 1723 6242 6228)
4(1710 6228 6232 1713)
4(1710 1713 1727 1723)
4(1377 1391 6242 6228)
4(3656 3670 1391 1377)
4(3656 1377 6228 1710)
4(3656 1710 1723 3670)
4(1391 6242 6243 1392)
4(1377 1391 1392 1378)
4(1377 1378 6229 6228)
4(1391 1393 1394 1392)
4(1389 1393 1394 1390)
4(1387 1391 1393 1389)
4(1387 1388 1392 1391)
4(1388 1390 1394 1392)
4(1387 1389 1390 1388)
4(3693 3697 3698 3694)
4(1390 3694 3698 1394)
4(1389 3693 3694 1390)
4(1389 1393 3697 3693)
4(3695 3699 3700 3696)
4(3694 3696 3700 3698)
4(3693 3695 3696 3694)
4(3693 3697 3699 3695)
4(3709 3713 3714 3710)
4(3696 3710 3714 3700)
4(3695 3709 3710 3696)
4(3695 3699 3713 3709)
4(3711 3715 3716 3712)
4(3710 3712 3716 3714)
4(3709 3711 3712 3710)
4(3709 3713 3715 3711)
4(4859 4863 4864 4860)
4(3712 4860 4864 3716)
4(3711 4859 4860 3712)
4(3711 3715 4863 4859)
4(4860 4862 4866 4864)
4(4859 4861 4862 4860)
4(4859 4863 4865 4861)
4(4867 4869 4873 4871)
4(4860 4862 4869 4867)
4(4860 4867 4871 4864)
4(4868 4870 4874 4872)
4(4867 4869 4870 4868)
4(4867 4868 4872 4871)
4(4907 4909 4913 4911)
4(4868 4907 4911 4872)
4(4868 4870 4909 4907)
4(4908 4910 4914 4912)
4(4907 4909 4910 4908)
4(4907 4908 4912 4911)
4(4915 4917 4921 4919)
4(4908 4910 4917 4915)
4(4908 4915 4919 4912)
4(4917 4921 4922 4918)
4(4915 4917 4918 4916)
4(4915 4916 4920 4919)
4(4917 4931 4932 4918)
4(4903 4931 4932 4904)
4(4897 4917 4931 4903)
4(4897 4898 4918 4917)
4(4903 4931 4933 4905)
4(4900 4903 4931 4924)
4(4894 4910 4924 4900)
4(4894 4897 4917 4910)
4(4893 4894 4910 4909)
4(4892 4894 4910 4908)
4(4891 4892 4908 4907)
4(4891 4907 4909 4893)
4(4895 4897 4917 4915)
4(4892 4895 4915 4908)
4(4895 4896 4916 4915)
4(4342 4343 4916 4915)
4(4314 4342 4915 4895)
4(4314 4315 4343 4342)
4(4342 4346 4919 4915)
4(4342 4343 4347 4346)
4(4335 4908 4915 4342)
4(4335 4339 4912 4908)
4(4335 4342 4346 4339)
4(4311 4335 4908 4892)
4(4311 4314 4342 4335)
4(4334 4335 4908 4907)
4(4310 4334 4907 4891)
4(4310 4311 4335 4334)
4(4334 4338 4911 4907)
4(4334 4335 4339 4338)
4(3720 4868 4907 4334)
4(3720 4299 4872 4868)
4(3720 4334 4338 4299)
4(4353 4868 4907 4891)
4(3692 3720 4868 4353)
4(3692 4310 4334 3720)
4(4353 4868 4870 4355)
4(4352 4867 4869 4354)
4(4352 4353 4868 4867)
4(4349 4352 4867 4860)
4(4349 4860 4862 4351)
4(3712 3719 4867 4860)
4(3691 4352 4867 3719)
4(3688 3691 3719 3712)
4(3688 3712 4860 4349)
4(3719 4867 4871 4298)
4(3712 3719 4298 3716)
4(3719 4867 4868 3720)
4(3719 3720 4299 4298)
4(3691 3692 3720 3719)
4(3717 3718 3720 3719)
4(3690 3692 3720 3718)
4(3689 3717 3719 3691)
4(3689 3690 3718 3717)
4(3718 3720 4299 4297)
4(3717 3718 4297 4296)
4(3717 4296 4298 3719)
4(4332 4334 4338 4336)
4(3718 4332 4336 4297)
4(3718 3720 4334 4332)
4(4333 4335 4339 4337)
4(4332 4333 4337 4336)
4(4332 4334 4335 4333)
4(4340 4342 4346 4344)
4(4333 4335 4342 4340)
4(4333 4340 4344 4337)
4(4341 4343 4347 4345)
4(4340 4342 4343 4341)
4(4340 4341 4345 4344)
4(4341 5465 5469 4345)
4(4341 4343 5467 5465)
4(5451 5465 5469 5455)
4(4327 4341 5465 5451)
4(4327 4331 4345 4341)
4(4327 5451 5455 4331)
4(5451 5465 5466 5452)
4(5435 5451 5465 5441)
4(4313 4341 5465 5441)
4(4307 4327 4341 4313)
4(4307 5435 5451 4327)
4(4313 4341 4343 4315)
4(4312 4340 4342 4314)
4(4312 4313 4341 4340)
4(4309 4312 4340 4333)
4(4309 4333 4335 4311)
4(4319 4326 4340 4333)
4(4306 4312 4340 4326)
4(4303 4306 4326 4319)
4(4303 4319 4333 4309)
4(4326 4340 4344 4330)
4(4319 4326 4330 4323)
4(4319 4323 4337 4333)
4(4326 4340 4341 4327)
4(4326 4327 4331 4330)
4(4306 4307 4327 4326)
4(4324 4325 4327 4326)
4(4305 4307 4327 4325)
4(4304 4305 4325 4324)
4(4304 4324 4326 4306)
4(4325 4327 4331 4329)
4(4324 4325 4329 4328)
4(4324 4328 4330 4326)
4(4325 5449 5453 4329)
4(4325 4327 5451 5449)
4(3039 5449 5453 3043)
4(2045 4325 5449 3039)
4(2045 2049 4329 4325)
4(2045 3039 3043 2049)
4(3039 5449 5450 3040)
4(3015 3039 5449 5433)
4(4305 4325 5449 5433)
4(1418 2045 4325 4305)
4(1418 3015 3039 2045)
4(2044 2045 4325 4324)
4(1417 2044 4324 4304)
4(1417 1418 2045 2044)
4(2044 2048 4328 4324)
4(2044 2045 2049 2048)
4(4317 4321 4328 4324)
4(2037 4317 4324 2044)
4(2037 2041 4321 4317)
4(2037 2044 2048 2041)
4(4317 4319 4326 4324)
4(4317 4321 4323 4319)
4(4301 4304 4324 4317)
4(4301 4317 4319 4303)
4(1414 2037 4317 4301)
4(1414 1417 2044 2037)
4(2036 2037 4317 4316)
4(4300 4316 4317 4301)
4(1413 2036 4316 4300)
4(1413 1414 2037 2036)
4(4316 4320 4321 4317)
4(2036 2040 4320 4316)
4(2036 2037 2041 2040)
4(4318 4322 4323 4319)
4(4316 4318 4319 4317)
4(4316 4320 4322 4318)
4(4318 4322 4336 4332)
4(4318 4332 4333 4319)
4(3704 3718 4332 4318)
4(3704 4318 4322 3708)
4(3704 3708 4297 3718)
4(3690 3718 4332 4308)
4(4302 4308 4332 4318)
4(3684 4302 4318 3704)
4(3684 3704 3718 3690)
4(4308 4310 4334 4332)
4(4308 4309 4333 4332)
4(4302 4303 4319 4318)
4(4300 4316 4318 4302)
4(3702 4316 4318 3704)
4(3682 4300 4316 3702)
4(3682 3702 3704 3684)
4(3702 4316 4320 3706)
4(3702 3706 3708 3704)
4(1398 3702 4316 2036)
4(1398 1402 3706 3702)
4(1398 2036 2040 1402)
4(1370 1398 3702 3682)
4(1370 1413 2036 1398)
4(1397 1398 3702 3701)
4(3681 3701 3702 3682)
4(1369 1397 3701 3681)
4(1369 1370 1398 1397)
4(3701 3705 3706 3702)
4(1397 1401 3705 3701)
4(1397 1398 1402 1401)
4(3703 3707 3708 3704)
4(3701 3703 3704 3702)
4(3701 3705 3707 3703)
4(3703 3707 4296 3717)
4(3703 3717 3718 3704)
4(3710 3714 4296 3717)
4(3696 3710 3717 3703)
4(3696 3703 3707 3700)
4(3710 3712 3719 3717)
4(3686 3689 3717 3710)
4(3686 3710 3712 3688)
4(3683 3689 3717 3703)
4(3680 3683 3703 3696)
4(3680 3696 3710 3686)
4(3683 3684 3704 3703)
4(3681 3701 3703 3683)
4(3694 3701 3703 3696)
4(3678 3681 3701 3694)
4(3678 3694 3696 3680)
4(3694 3701 3705 3698)
4(1390 3694 3701 1397)
4(1390 1397 1401 1394)
4(1366 1390 3694 3678)
4(1366 1369 1397 1390)
4(3677 3693 3694 3678)
4(1365 1389 3693 3677)
4(1365 1366 1390 1389)
4(3679 3695 3696 3680)
4(3677 3693 3695 3679)
4(3685 3709 3710 3686)
4(3679 3695 3709 3685)
4(3687 3711 3712 3688)
4(3685 3709 3711 3687)
4(4348 4859 4860 4349)
4(3687 3711 4859 4348)
4(4348 4859 4861 4350)
4(25 4859 4861 27)
4(7 27 4861 4350)
4(5 4348 4859 25)
4(5 25 27 7)
4(27 31 4865 4861)
4(25 29 31 27)
4(25 4859 4863 29)
4(41 45 4879 4875)
4(27 41 4875 4861)
4(27 31 45 41)
4(4875 4877 4881 4879)
4(41 43 4877 4875)
4(41 45 47 43)
4(4875 4877 4878 4876)
4(4356 4875 4877 4358)
4(13 4356 4875 41)
4(13 41 43 15)
4(7 27 41 13)
4(26 27 41 40)
4(6 26 40 12)
4(12 40 41 13)
4(6 7 27 26)
4(30 31 45 44)
4(40 44 45 41)
4(26 30 44 40)
4(26 27 31 30)
4(5219 5220 5234 5233)
4(30 5219 5233 44)
4(44 5233 5234 45)
4(30 31 5220 5219)
4(5233 5237 5238 5234)
4(5219 5223 5237 5233)
4(5219 5220 5224 5223)
4(5233 5237 5239 5235)
4(5233 5235 5236 5234)
4(5226 5233 5237 5230)
4(5226 5228 5235 5233)
4(5226 5230 5232 5228)
4(5212 5226 5233 5219)
4(5212 5216 5230 5226)
4(5212 5219 5223 5216)
4(37 5226 5233 44)
4(23 37 44 30)
4(23 5212 5226 37)
4(23 30 5219 5212)
4(44 46 5235 5233)
4(37 39 46 44)
4(37 5226 5228 39)
4(44 46 47 45)
4(40 44 46 42)
4(40 42 43 41)
4(33 40 44 37)
4(33 35 42 40)
4(33 37 39 35)
4(19 33 40 26)
4(19 23 37 33)
4(19 26 30 23)
4(9 33 40 12)
4(3 19 33 9)
4(3 6 26 19)
4(12 14 42 40)
4(9 33 35 11)
4(32 33 35 34)
4(10 34 35 11)
4(8 9 33 32)
4(36 37 39 38)
4(34 38 39 35)
4(32 33 37 36)
4(5225 5226 5228 5227)
4(36 37 5226 5225)
4(5225 5226 5230 5229)
4(5211 5225 5226 5212)
4(5211 5212 5216 5215)
4(22 23 5212 5211)
4(22 36 37 23)
4(34 3101 3102 35)
4(3085 3101 3102 3086)
4(5210 5212 5216 5214)
4(5209 5210 5214 5213)
4(5209 5211 5212 5210)
4(5217 5219 5223 5221)
4(5210 5217 5221 5214)
4(5210 5212 5219 5217)
4(5217 5218 5222 5221)
4(5217 5219 5220 5218)
4(4086 4587 5221 5217)
4(4086 5217 5218 4087)
4(4086 4087 4588 4587)
4(4079 5210 5217 4086)
4(4079 4086 4587 4083)
4(4079 4083 5214 5210)
4(21 5210 5217 28)
4(5865 28 5217 4086)
4(5858 5865 4086 4079)
4(5858 4079 5210 21)
4(5858 21 28 5865)
4(28 30 5219 5217)
4(21 5210 5212 23)
4(21 23 30 28)
4(28 29 5218 5217)
4(28 30 31 29)
4(5865 5866 4087 4086)
4(5865 28 29 5866)
4(4084 4085 4087 4086)
4(5863 5864 4085 4084)
4(5863 4084 4086 5865)
4(5863 5865 5866 5864)
4(4084 4585 4587 4086)
4(4084 4085 4586 4585)
4(4077 4084 4585 4081)
4(4077 4079 4086 4084)
4(4077 4081 4083 4079)
4(4070 4084 4585 4074)
4(4063 4077 4084 4070)
4(4063 4070 4074 4067)
4(4063 4067 4081 4077)
4(4070 4084 4085 4071)
4(4070 4071 4075 4074)
4(5849 4070 4084 5863)
4(5849 5850 4071 4070)
4(5849 5863 5864 5850)
4(5856 4077 4084 5863)
4(5842 5849 4070 4063)
4(5842 5856 5863 5849)
4(5842 4063 4077 5856)
4(5856 4077 4079 5858)
4(5856 5858 5865 5863)
4(4076 4077 4079 4078)
4(5857 4078 4079 5858)
4(5855 5856 4077 4076)
4(5855 5857 5858 5856)
4(4078 4082 4083 4079)
4(4076 4077 4081 4080)
4(4078 5209 5210 4079)
4(20 21 5210 5209)
4(20 22 23 21)
4(5857 20 21 5858)
4(16 20 21 17)
4(5854 17 21 5858)
4(5853 16 17 5854)
4(5853 5854 5858 5857)
4(18 22 23 19)
4(16 18 19 17)
4(17 19 23 21)
4(18 32 33 19)
4(2 3 19 18)
4(1 3 19 17)
4(0 1 17 16)
4(17 24 26 19)
4(1 4 24 17)
4(4 6 26 24)
4(24 26 30 28)
4(17 24 28 21)
4(24 25 29 28)
4(24 26 27 25)
4(5862 25 29 5866)
4(5861 5862 5866 5865)
4(5861 5865 28 24)
4(5861 24 25 5862)
4(5862 25 4859 3711)
4(5862 3711 3715 5866)
4(5834 3687 3711 5862)
4(5834 5862 25 5)
4(5860 3709 3711 5862)
4(5832 3685 3709 5860)
4(5832 5860 5862 5834)
4(5860 3709 3713 5864)
4(5860 5864 5866 5862)
4(5846 5860 3709 3695)
4(5846 3695 3699 5850)
4(5846 5850 5864 5860)
4(5826 3679 3695 5846)
4(5826 5846 5860 5832)
4(5844 3693 3695 5846)
4(5824 3677 3693 5844)
4(5824 5844 5846 5826)
4(5844 3693 3697 5848)
4(5844 5848 5850 5846)
4(3668 5844 3693 1389)
4(3668 1389 1393 3672)
4(3668 3672 5848 5844)
4(3012 1365 1389 3668)
4(3012 3668 5844 5824)
4(3666 1387 1389 3668)
4(1363 1365 1389 1387)
4(3010 1363 1387 3666)
4(3010 3666 3668 3012)
4(3666 1387 1391 3670)
4(3666 3670 3672 3668)
4(1373 1387 1391 1377)
4(3653 3666 1387 1373)
4(3653 1373 1377 3656)
4(3653 3656 3670 3666)
4(1374 1388 1392 1378)
4(1373 1374 1378 1377)
4(1373 1387 1388 1374)
4(1388 1392 1399 1395)
4(1374 1381 1385 1378)
4(1381 1395 1399 1385)
4(1374 1388 1395 1381)
4(1395 1397 1401 1399)
4(1388 1390 1397 1395)
4(1396 1398 1402 1400)
4(1395 1396 1400 1399)
4(1395 1397 1398 1396)
4(2034 2036 2040 2038)
4(1396 2034 2038 1400)
4(1396 1398 2036 2034)
4(2035 2037 2041 2039)
4(2034 2035 2039 2038)
4(2034 2036 2037 2035)
4(2042 2044 2048 2046)
4(2035 2037 2044 2042)
4(2035 2042 2046 2039)
4(2043 2045 2049 2047)
4(2042 2044 2045 2043)
4(2042 2043 2047 2046)
4(2043 3037 3041 2047)
4(2043 2045 3039 3037)
4(3023 3037 3041 3027)
4(1430 2043 3037 3023)
4(1430 2033 2047 2043)
4(1430 3023 3027 2033)
4(3023 3037 3038 3024)
4(3023 3024 3028 3027)
4(2508 3023 3037 3013)
4(2508 2509 3024 3023)
4(1416 2043 3037 3013)
4(1410 1430 2043 1416)
4(1410 2508 3023 1430)
4(1416 2043 2045 1418)
4(1415 2042 2044 1417)
4(1415 1416 2043 2042)
4(1412 1415 2042 2035)
4(1412 2035 2037 1414)
4(1422 1429 2042 2035)
4(1409 1415 2042 1429)
4(1406 1422 2035 1412)
4(1406 1409 1429 1422)
4(1429 2042 2046 2032)
4(1422 1426 2039 2035)
4(1422 1429 2032 1426)
4(1429 2042 2043 1430)
4(1429 1430 2033 2032)
4(1409 1410 1430 1429)
4(1427 1428 1430 1429)
4(1408 1410 1430 1428)
4(1407 1427 1429 1409)
4(1428 1430 2033 2031)
4(1427 2030 2032 1429)
4(3021 3023 3027 3025)
4(1428 1430 3023 3021)
4(3021 3023 3024 3022)
4(2506 2508 3023 3021)
4(1708 1710 6228 6226)
4(1375 1377 6228 6226)
4(3654 3656 1377 1375)
4(1375 1377 1378 1376)
4(1372 1374 1378 1376)
4(1371 1375 1377 1373)
4(1371 1373 1374 1372)
4(1379 1381 1385 1383)
4(1372 1374 1381 1379)
4(1381 1385 1386 1382)
4(1380 1382 1386 1384)
4(1379 1381 1382 1380)
4(1382 1396 1400 1386)
4(1381 1395 1396 1382)
4(1421 2034 2038 1425)
4(1382 1396 2034 1421)
4(1382 1421 1425 1386)
4(1421 2034 2035 1422)
4(1421 1422 1426 1425)
4(1411 2034 2035 1412)
4(1405 1421 2034 1411)
4(1405 1406 1422 1421)
4(1411 2034 2036 1413)
4(1368 1411 2034 1396)
4(1368 1396 1398 1370)
4(1362 1405 1421 1382)
4(1362 1382 1396 1368)
4(1380 1419 1421 1382)
4(1403 1405 1421 1419)
4(1360 1380 1382 1362)
4(1419 1421 1425 1423)
4(1420 1422 1426 1424)
4(1419 1421 1422 1420)
4(1420 1422 1429 1427)
4(1404 1420 1422 1406)
4(989 1374 1381 1361)
4(1359 1361 1381 1379)
4(987 1372 1374 989)
4(1364 1388 1395 1367)
4(1361 1367 1395 1381)
4(989 1374 1388 1364)
4(1367 1369 1397 1395)
4(1364 1388 1390 1366)
4(1367 1368 1396 1395)
4(1361 1362 1382 1381)
4(1363 1364 1388 1387)
4(988 1373 1387 1363)
4(988 989 1374 1373)
4(3004 988 1373 3653)
4(3004 3653 3666 3010)
4(3651 1371 1373 3653)
4(986 988 1373 1371)
4(1722 1726 1727 1723)
4(1709 1722 1723 1710)
4(1724 1728 1729 1725)
4(1722 1724 1725 1723)
4(1722 1726 1728 1724)
4(4068 4072 4073 4069)
4(1724 1728 4072 4068)
4(1724 4068 4069 1725)
4(4068 4072 4074 4070)
4(4068 4070 4071 4069)
4(4061 4068 4072 4065)
4(4061 4063 4070 4068)
4(4061 4065 4067 4063)
4(1717 4061 4068 1724)
4(1717 1724 1728 1721)
4(1717 1721 4065 4061)
4(5840 4061 4068 5847)
4(3671 5847 4068 1724)
4(3664 3671 1724 1717)
4(3664 1717 4061 5840)
4(3664 5840 5847 3671)
4(5847 5849 4070 4068)
4(5840 4061 4063 5842)
4(5840 5842 5849 5847)
4(5847 5848 4069 4068)
4(5847 5849 5850 5848)
4(3671 3672 1725 1724)
4(3671 5847 5848 3672)
4(3669 1722 1724 3671)
4(3669 3670 1723 1722)
4(3669 3671 3672 3670)
4(1715 1722 1724 1717)
4(3662 3664 3671 3669)
4(3662 1715 1717 3664)
4(1715 1719 1721 1717)
4(3655 3669 3670 3656)
4(3665 3669 3670 3666)
4(3652 3665 3666 3653)
4(3667 3671 3672 3668)
4(3665 3667 3668 3666)
4(3665 3669 3671 3667)
4(5843 5847 5848 5844)
4(3667 3671 5847 5843)
4(3667 5843 5844 3668)
4(5845 5849 5850 5846)
4(5843 5847 5849 5845)
4(5843 5845 5846 5844)
4(5859 5863 5864 5860)
4(5845 5849 5863 5859)
4(5845 5859 5860 5846)
4(5859 5863 5865 5861)
4(5859 5861 5862 5860)
4(5854 5858 5865 5861)
4(5852 5854 5861 5859)
4(5852 5859 5863 5856)
4(5852 5856 5858 5854)
4(5854 17 24 5861)
4(5833 4 24 5861)
4(5830 5833 5861 5854)
4(5830 5854 17 1)
4(4 24 25 5)
4(5833 5834 5862 5861)
4(5831 5859 5861 5833)
4(5831 5832 5860 5859)
4(5828 5831 5859 5852)
4(5828 5852 5854 5830)
4(5838 5845 5859 5852)
4(5822 5825 5845 5838)
4(5825 5831 5859 5845)
4(5822 5838 5852 5828)
4(5838 5842 5856 5852)
4(5838 5845 5849 5842)
4(5841 5842 5856 5855)
4(5837 5838 5842 5841)
4(5851 5855 5856 5852)
4(5837 5851 5852 5838)
4(4062 4063 4077 4076)
4(5841 5842 4063 4062)
4(4062 4063 4067 4066)
4(4060 4061 4065 4064)
4(4060 4062 4063 4061)
4(1716 4060 4061 1717)
4(1716 1717 1721 1720)
4(5839 4060 4061 5840)
4(3663 3664 1717 1716)
4(3663 5839 5840 3664)
4(5839 5841 5842 5840)
4(5836 5838 5842 5840)
4(5835 5836 5840 5839)
4(5835 5837 5838 5836)
4(5836 5843 5847 5840)
4(5836 5838 5845 5843)
4(3660 5836 5843 3667)
4(3660 3667 3671 3664)
4(3660 3664 5840 5836)
4(5820 5836 5843 5823)
4(3011 5823 5843 3667)
4(3008 3011 3667 3660)
4(3008 3660 5836 5820)
4(5823 5825 5845 5843)
4(5820 5836 5838 5822)
4(5825 5845 5846 5826)
4(5823 5824 5844 5843)
4(3011 3012 3668 3667)
4(3009 3665 3667 3011)
4(3009 3010 3666 3665)
4(3658 3665 3667 3660)
4(3006 3658 3660 3008)
4(3658 3662 3664 3660)
4(1714 1716 1717 1715)
4(3661 3663 3664 3662)
4(5829 5830 5854 5853)
4(5851 5852 5854 5853)
4(5827 5828 5852 5851)
4(3659 5835 5836 3660)
4(3659 3660 3664 3663)
4(5819 5835 5836 5820)
4(3007 3008 3660 3659)
4(5821 5837 5838 5822)
4(3657 3659 3660 3658)
4(3055 3056 3068 3067)
4(3926 3927 3939 3938)
4(8537 8539 8540 8538)
4(8535 8541 8542 8536)
4(8538 8540 8543 8541)
4(8541 8543 8544 8542)
4(8539 9113 9114 8540)
4(9113 9115 9116 9114)
4(8540 9114 9117 8543)
4(8543 9117 9118 8544)
4(9114 9116 9119 9117)
4(9117 9119 9120 9118)
4(9115 9121 9122 9116)
4(9121 9123 9124 9122)
4(9116 9122 9125 9119)
4(9119 9125 9126 9120)
4(9122 9124 9127 9125)
4(9125 9127 9128 9126)
4(9123 7984 7985 9124)
4(7984 7986 7987 7985)
4(9124 7985 7988 9127)
4(9127 7988 7989 9128)
4(7985 7987 7990 7988)
4(7988 7990 7991 7989)
4(7986 7992 7993 7987)
4(7992 7994 7995 7993)
4(7987 7993 7996 7990)
4(7990 7996 7997 7991)
4(7993 7995 7998 7996)
4(7996 7998 7999 7997)
4(8534 8536 8174 8172)
4(8172 8174 8175 8173)
4(8173 8175 8227 8225)
4(8225 8227 8228 8226)
4(8536 8542 8229 8174)
4(8174 8229 8230 8175)
4(8542 8544 8231 8229)
4(8229 8231 8232 8230)
4(8175 8230 8233 8227)
4(8227 8233 8234 8228)
4(8230 8232 8235 8233)
4(8233 8235 8236 8234)
4(8226 8228 8239 8237)
4(8237 8239 8240 8238)
4(8238 8240 8243 8241)
4(8241 8243 8244 8242)
4(8228 8234 8245 8239)
4(8239 8245 8246 8240)
4(8234 8236 8247 8245)
4(8245 8247 8248 8246)
4(8240 8246 8249 8243)
4(8243 8249 8250 8244)
4(8246 8248 8251 8249)
4(8249 8251 8252 8250)
4(8242 8244 8425 8423)
4(8423 8425 8426 8424)
4(8424 8426 8429 8427)
4(8427 8429 8430 8428)
4(8244 8250 8545 8425)
4(8425 8545 8546 8426)
4(8250 8252 8547 8545)
4(8545 8547 8548 8546)
4(8426 8546 8549 8429)
4(8429 8549 8550 8430)
4(8546 8548 8551 8549)
4(8549 8551 8552 8550)
4(8428 8430 8555 8553)
4(8553 8555 8556 8554)
4(8554 8556 7827 7826)
4(8430 8550 8559 8555)
4(8555 8559 8560 8556)
4(8550 8552 8561 8559)
4(8559 8561 8562 8560)
4(8556 8560 7828 7827)
4(8560 8562 7829 7828)
4(8544 9118 8685 8231)
4(8231 8685 8686 8232)
4(9118 9120 8687 8685)
4(8685 8687 8688 8686)
4(8232 8686 8689 8235)
4(8235 8689 8690 8236)
4(8686 8688 8691 8689)
4(8689 8691 8692 8690)
4(9120 9126 8693 8687)
4(8687 8693 8694 8688)
4(9126 9128 8695 8693)
4(8693 8695 8696 8694)
4(8688 8694 8697 8691)
4(8691 8697 8698 8692)
4(8694 8696 8699 8697)
4(8697 8699 8700 8698)
4(8236 8690 8810 8247)
4(8247 8810 8811 8248)
4(8690 8692 8812 8810)
4(8810 8812 8813 8811)
4(8248 8811 8814 8251)
4(8251 8814 8815 8252)
4(8811 8813 8816 8814)
4(8814 8816 8817 8815)
4(8692 8698 8818 8812)
4(8812 8818 8819 8813)
4(8698 8700 8820 8818)
4(8818 8820 8821 8819)
4(8813 8819 8822 8816)
4(8816 8822 8823 8817)
4(8819 8821 8824 8822)
4(8822 8824 8825 8823)
4(9128 7989 8826 8695)
4(8695 8826 8827 8696)
4(7989 7991 8828 8826)
4(8826 8828 8829 8827)
4(8696 8827 8830 8699)
4(8699 8830 8831 8700)
4(8827 8829 8832 8830)
4(8830 8832 8833 8831)
4(7991 7997 8834 8828)
4(8828 8834 8835 8829)
4(7997 7999 8836 8834)
4(8834 8836 8837 8835)
4(8829 8835 8838 8832)
4(8832 8838 8839 8833)
4(8835 8837 8840 8838)
4(8838 8840 8841 8839)
4(8700 8831 8914 8820)
4(8820 8914 8915 8821)
4(8831 8833 8916 8914)
4(8914 8916 8917 8915)
4(8821 8915 8918 8824)
4(8824 8918 8919 8825)
4(8915 8917 8920 8918)
4(8918 8920 8921 8919)
4(8833 8839 8922 8916)
4(8916 8922 8923 8917)
4(8839 8841 8924 8922)
4(8922 8924 8925 8923)
4(8917 8923 8926 8920)
4(8920 8926 8927 8921)
4(8923 8925 8928 8926)
4(8926 8928 8929 8927)
4(8252 8815 9029 8547)
4(8547 9029 9030 8548)
4(8815 8817 9031 9029)
4(9029 9031 9032 9030)
4(8548 9030 9033 8551)
4(8551 9033 9034 8552)
4(9030 9032 9035 9033)
4(9033 9035 9036 9034)
4(8817 8823 9037 9031)
4(9031 9037 9038 9032)
4(8823 8825 9039 9037)
4(9037 9039 9040 9038)
4(9032 9038 9041 9035)
4(9035 9041 9042 9036)
4(9038 9040 9043 9041)
4(9041 9043 9044 9042)
4(8552 9034 9045 8561)
4(8561 9045 9046 8562)
4(9034 9036 9047 9045)
4(9045 9047 9048 9046)
4(8562 9046 7962 7829)
4(9046 9048 7963 7962)
4(9036 9042 9131 9047)
4(9047 9131 9132 9048)
4(9042 9044 9133 9131)
4(9131 9133 9134 9132)
4(9048 9132 7964 7963)
4(9132 9134 7965 7964)
4(8825 8919 9137 9039)
4(9039 9137 9138 9040)
4(8919 8921 9139 9137)
4(9137 9139 9140 9138)
4(9040 9138 9141 9043)
4(9043 9141 9142 9044)
4(9138 9140 9143 9141)
4(9141 9143 9144 9142)
4(8921 8927 9145 9139)
4(9139 9145 9146 9140)
4(8927 8929 9147 9145)
4(9145 9147 9148 9146)
4(9140 9146 9149 9143)
4(9143 9149 9150 9144)
4(9146 9148 9151 9149)
4(9149 9151 9152 9150)
4(9044 9142 8000 9133)
4(9133 8000 8001 9134)
4(9142 9144 8002 8000)
4(8000 8002 8003 8001)
4(9134 8001 7704 7965)
4(8001 8003 7705 7704)
4(9144 9150 8006 8002)
4(8002 8006 8007 8003)
4(9150 9152 8008 8006)
4(8006 8008 8009 8007)
4(8003 8007 7706 7705)
4(8007 8009 7707 7706)
4(7994 8565 8566 7995)
4(8565 8567 8568 8566)
4(7995 8566 8569 7998)
4(7998 8569 8570 7999)
4(8566 8568 8571 8569)
4(8569 8571 8572 8570)
4(8567 8573 8574 8568)
4(8573 8575 8576 8574)
4(8568 8574 8577 8571)
4(8571 8577 8578 8572)
4(8574 8576 8579 8577)
4(8577 8579 8580 8578)
4(8575 8702 8703 8576)
4(8702 8704 8705 8703)
4(8576 8703 8706 8579)
4(8579 8706 8707 8580)
4(8703 8705 8708 8706)
4(8706 8708 8709 8707)
4(8704 8710 8711 8705)
4(8710 8712 8713 8711)
4(8705 8711 8842 8708)
4(8708 8842 8843 8709)
4(8711 8713 8844 8842)
4(8842 8844 8845 8843)
4(8701 9153 8012 8712)
4(8712 8012 8013 8713)
4(9153 9154 8014 8012)
4(8012 8014 8015 8013)
4(8713 8013 8016 8844)
4(8844 8016 8017 8845)
4(8013 8015 8018 8016)
4(8016 8018 8019 8017)
4(9154 9155 8020 8014)
4(8014 8020 8021 8015)
4(9155 9157 8022 8020)
4(8020 8022 8023 8021)
4(8015 8021 8024 8018)
4(8018 8024 8025 8019)
4(8021 8023 8026 8024)
4(8024 8026 8027 8025)
4(9156 8101 8102 9157)
4(8101 8103 8104 8102)
4(8103 8107 8108 8104)
4(8105 8106 8109 8107)
4(8107 8109 8110 8108)
4(9157 8102 8111 8022)
4(8022 8111 8112 8023)
4(8102 8104 8113 8111)
4(8111 8113 8114 8112)
4(8023 8112 8115 8026)
4(8026 8115 8116 8027)
4(8112 8114 8117 8115)
4(8115 8117 8118 8116)
4(8104 8108 8119 8113)
4(8113 8119 8120 8114)
4(8108 8110 8121 8119)
4(8119 8121 8122 8120)
4(8114 8120 8123 8117)
4(8117 8123 8124 8118)
4(8120 8122 8125 8123)
4(8123 8125 8126 8124)
4(7999 8570 8176 8836)
4(8836 8176 8177 8837)
4(8570 8572 8178 8176)
4(8176 8178 8179 8177)
4(8837 8177 8180 8840)
4(8840 8180 8181 8841)
4(8177 8179 8182 8180)
4(8180 8182 8183 8181)
4(8572 8578 8253 8178)
4(8178 8253 8254 8179)
4(8578 8580 8255 8253)
4(8253 8255 8256 8254)
4(8179 8254 8257 8182)
4(8182 8257 8258 8183)
4(8254 8256 8259 8257)
4(8257 8259 8260 8258)
4(8841 8181 8261 8924)
4(8924 8261 8262 8925)
4(8181 8183 8263 8261)
4(8261 8263 8264 8262)
4(8925 8262 8265 8928)
4(8928 8265 8266 8929)
4(8262 8264 8267 8265)
4(8265 8267 8268 8266)
4(8183 8258 8269 8263)
4(8263 8269 8270 8264)
4(8258 8260 8271 8269)
4(8269 8271 8272 8270)
4(8264 8270 8273 8267)
4(8267 8273 8274 8268)
4(8270 8272 8275 8273)
4(8273 8275 8276 8274)
4(8580 8707 8344 8255)
4(8255 8344 8345 8256)
4(8707 8709 8346 8344)
4(8344 8346 8347 8345)
4(8256 8345 8348 8259)
4(8259 8348 8349 8260)
4(8345 8347 8350 8348)
4(8348 8350 8351 8349)
4(8709 8843 8352 8346)
4(8346 8352 8353 8347)
4(8843 8845 8354 8352)
4(8352 8354 8355 8353)
4(8347 8353 8356 8350)
4(8350 8356 8357 8351)
4(8353 8355 8358 8356)
4(8356 8358 8359 8357)
4(8260 8349 8360 8271)
4(8271 8360 8361 8272)
4(8349 8351 8362 8360)
4(8360 8362 8363 8361)
4(8272 8361 8364 8275)
4(8275 8364 8365 8276)
4(8361 8363 8366 8364)
4(8364 8366 8367 8365)
4(8351 8357 8368 8362)
4(8362 8368 8369 8363)
4(8357 8359 8370 8368)
4(8368 8370 8371 8369)
4(8363 8369 8431 8366)
4(8366 8431 8432 8367)
4(8369 8371 8433 8431)
4(8431 8433 8434 8432)
4(8929 8266 8435 9147)
4(9147 8435 8436 9148)
4(8266 8268 8437 8435)
4(8435 8437 8438 8436)
4(9148 8436 8439 9151)
4(9151 8439 8440 9152)
4(8436 8438 8441 8439)
4(8439 8441 8442 8440)
4(8268 8274 8443 8437)
4(8437 8443 8444 8438)
4(8274 8276 8445 8443)
4(8443 8445 8446 8444)
4(8438 8444 8447 8441)
4(8441 8447 8448 8442)
4(8444 8446 8449 8447)
4(8447 8449 8450 8448)
4(9152 8440 8581 8008)
4(8008 8581 8582 8009)
4(8440 8442 8583 8581)
4(8581 8583 8584 8582)
4(8009 8582 7834 7707)
4(8582 8584 7835 7834)
4(8442 8448 8587 8583)
4(8583 8587 8588 8584)
4(8448 8450 8589 8587)
4(8587 8589 8590 8588)
4(8584 8588 7836 7835)
4(8588 8590 7837 7836)
4(8276 8365 8714 8445)
4(8445 8714 8715 8446)
4(8365 8367 8716 8714)
4(8714 8716 8717 8715)
4(8446 8715 8718 8449)
4(8449 8718 8719 8450)
4(8715 8717 8720 8718)
4(8718 8720 8721 8719)
4(8367 8432 8722 8716)
4(8716 8722 8723 8717)
4(8432 8434 8724 8722)
4(8722 8724 8725 8723)
4(8717 8723 8726 8720)
4(8720 8726 8727 8721)
4(8723 8725 8728 8726)
4(8726 8728 8729 8727)
4(8450 8719 8730 8589)
4(8589 8730 8731 8590)
4(8719 8721 8732 8730)
4(8730 8732 8733 8731)
4(8590 8731 7870 7837)
4(8731 8733 7871 7870)
4(8721 8727 8736 8732)
4(8732 8736 8737 8733)
4(8727 8729 8738 8736)
4(8736 8738 8739 8737)
4(8733 8737 7872 7871)
4(8737 8739 7873 7872)
4(8845 8017 8846 8354)
4(8354 8846 8847 8355)
4(8017 8019 8848 8846)
4(8846 8848 8849 8847)
4(8355 8847 8850 8358)
4(8358 8850 8851 8359)
4(8847 8849 8852 8850)
4(8850 8852 8853 8851)
4(8019 8025 8854 8848)
4(8848 8854 8855 8849)
4(8025 8027 8856 8854)
4(8854 8856 8857 8855)
4(8849 8855 8858 8852)
4(8852 8858 8859 8853)
4(8855 8857 8860 8858)
4(8858 8860 8861 8859)
4(8359 8851 8930 8370)
4(8370 8930 8931 8371)
4(8851 8853 8932 8930)
4(8930 8932 8933 8931)
4(8371 8931 8934 8433)
4(8433 8934 8935 8434)
4(8931 8933 8936 8934)
4(8934 8936 8937 8935)
4(8853 8859 8938 8932)
4(8932 8938 8939 8933)
4(8859 8861 8940 8938)
4(8938 8940 8941 8939)
4(8933 8939 8942 8936)
4(8936 8942 8943 8937)
4(8939 8941 8944 8942)
4(8942 8944 8945 8943)
4(8027 8116 8946 8856)
4(8856 8946 8947 8857)
4(8116 8118 8948 8946)
4(8946 8948 8949 8947)
4(8857 8947 8950 8860)
4(8860 8950 8951 8861)
4(8947 8949 8952 8950)
4(8950 8952 8953 8951)
4(8118 8124 9049 8948)
4(8948 9049 9050 8949)
4(8124 8126 9051 9049)
4(9049 9051 9052 9050)
4(8949 9050 9053 8952)
4(8952 9053 9054 8953)
4(9050 9052 9055 9053)
4(9053 9055 9056 9054)
4(8861 8951 9057 8940)
4(8940 9057 9058 8941)
4(8951 8953 9059 9057)
4(9057 9059 9060 9058)
4(8941 9058 9061 8944)
4(8944 9061 9062 8945)
4(9058 9060 9063 9061)
4(9061 9063 9064 9062)
4(8953 9054 9065 9059)
4(9059 9065 9066 9060)
4(9054 9056 9067 9065)
4(9065 9067 9068 9066)
4(9060 9066 9069 9063)
4(9063 9069 9070 9064)
4(9066 9068 9071 9069)
4(9069 9071 9072 9070)
4(8434 8935 9158 8724)
4(8724 9158 9159 8725)
4(8935 8937 9160 9158)
4(9158 9160 9161 9159)
4(8725 9159 9162 8728)
4(8728 9162 9163 8729)
4(9159 9161 9164 9162)
4(9162 9164 9165 9163)
4(8937 8943 9166 9160)
4(9160 9166 9167 9161)
4(8943 8945 9168 9166)
4(9166 9168 9169 9167)
4(9161 9167 9170 9164)
4(9164 9170 9171 9165)
4(9167 9169 9172 9170)
4(9170 9172 9173 9171)
4(8729 9163 8028 8738)
4(8738 8028 8029 8739)
4(9163 9165 8030 8028)
4(8028 8030 8031 8029)
4(8739 8029 7716 7873)
4(8029 8031 7717 7716)
4(9165 9171 8034 8030)
4(8030 8034 8035 8031)
4(9171 9173 8036 8034)
4(8034 8036 8037 8035)
4(8031 8035 7718 7717)
4(8035 8037 7719 7718)
4(8945 9062 8040 9168)
4(9168 8040 8041 9169)
4(9062 9064 8042 8040)
4(8040 8042 8043 8041)
4(9169 8041 8044 9172)
4(9172 8044 8045 9173)
4(8041 8043 8046 8044)
4(8044 8046 8047 8045)
4(9064 9070 8048 8042)
4(8042 8048 8049 8043)
4(9070 9072 8050 8048)
4(8048 8050 8051 8049)
4(8043 8049 8127 8046)
4(8046 8127 8128 8047)
4(8049 8051 8129 8127)
4(8127 8129 8130 8128)
4(9173 8045 8131 8036)
4(8036 8131 8132 8037)
4(8045 8047 8133 8131)
4(8131 8133 8134 8132)
4(8037 8132 7742 7719)
4(8132 8134 7743 7742)
4(8047 8128 8137 8133)
4(8133 8137 8138 8134)
4(8128 8130 8139 8137)
4(8137 8139 8140 8138)
4(8134 8138 7744 7743)
4(8138 8140 7745 7744)
4(8373 8377 8378 8374)
4(8375 8376 8379 8377)
4(8377 8379 8380 8378)
4(8106 8451 8454 8109)
4(8109 8454 8455 8110)
4(8451 8453 8456 8454)
4(8454 8456 8457 8455)
4(8452 8458 8459 8453)
4(8458 8460 8461 8459)
4(8453 8459 8462 8456)
4(8456 8462 8463 8457)
4(8459 8461 8464 8462)
4(8462 8464 8465 8463)
4(8110 8455 8593 8121)
4(8121 8593 8594 8122)
4(8455 8457 8595 8593)
4(8593 8595 8596 8594)
4(8122 8594 8597 8125)
4(8125 8597 8598 8126)
4(8594 8596 8599 8597)
4(8597 8599 8600 8598)
4(8457 8463 8601 8595)
4(8595 8601 8602 8596)
4(8463 8465 8603 8601)
4(8601 8603 8604 8602)
4(8596 8602 8605 8599)
4(8599 8605 8606 8600)
4(8602 8604 8607 8605)
4(8605 8607 8608 8606)
4(8277 8372 8609 8460)
4(8460 8609 8610 8461)
4(8372 8374 8611 8609)
4(8609 8611 8612 8610)
4(8461 8610 8613 8464)
4(8464 8613 8614 8465)
4(8610 8612 8615 8613)
4(8613 8615 8616 8614)
4(8374 8378 8742 8611)
4(8611 8742 8743 8612)
4(8378 8380 8744 8742)
4(8742 8744 8745 8743)
4(8612 8743 8746 8615)
4(8615 8746 8747 8616)
4(8743 8745 8748 8746)
4(8746 8748 8749 8747)
4(8465 8614 8750 8603)
4(8603 8750 8751 8604)
4(8614 8616 8752 8750)
4(8750 8752 8753 8751)
4(8604 8751 8754 8607)
4(8607 8754 8755 8608)
4(8751 8753 8756 8754)
4(8754 8756 8757 8755)
4(8616 8747 8758 8752)
4(8752 8758 8759 8753)
4(8747 8749 8760 8758)
4(8758 8760 8761 8759)
4(8753 8759 8762 8756)
4(8756 8762 8763 8757)
4(8759 8761 8764 8762)
4(8762 8764 8765 8763)
4(8954 8956 8957 8955)
4(8376 8955 8958 8379)
4(8379 8958 8959 8380)
4(8955 8957 8960 8958)
4(8958 8960 8961 8959)
4(8862 8863 8962 8956)
4(8956 8962 8963 8957)
4(8863 8865 8964 8962)
4(8962 8964 8965 8963)
4(8957 8963 8966 8960)
4(8960 8966 8967 8961)
4(8963 8965 8968 8966)
4(8966 8968 8969 8967)
4(8864 8973 8974 8865)
4(8970 8972 8975 8973)
4(8973 8975 8976 8974)
4(8971 8977 8978 8972)
4(8977 8979 8980 8978)
4(8972 8978 8981 8975)
4(8975 8981 8982 8976)
4(8978 8980 8983 8981)
4(8981 8983 8984 8982)
4(8865 8974 9073 8964)
4(8964 9073 9074 8965)
4(8974 8976 9075 9073)
4(9073 9075 9076 9074)
4(8965 9074 9077 8968)
4(8968 9077 9078 8969)
4(9074 9076 9079 9077)
4(9077 9079 9080 9078)
4(8976 8982 9081 9075)
4(9075 9081 9082 9076)
4(8982 8984 9083 9081)
4(9081 9083 9084 9082)
4(9076 9082 9085 9079)
4(9079 9085 9086 9080)
4(9082 9084 9087 9085)
4(9085 9087 9088 9086)
4(8380 8959 9174 8744)
4(8744 9174 9175 8745)
4(8959 8961 9176 9174)
4(9174 9176 9177 9175)
4(8745 9175 9178 8748)
4(8748 9178 9179 8749)
4(9175 9177 9180 9178)
4(9178 9180 9181 9179)
4(8961 8967 9182 9176)
4(9176 9182 9183 9177)
4(8967 8969 9184 9182)
4(9182 9184 9185 9183)
4(9177 9183 9186 9180)
4(9180 9186 9187 9181)
4(9183 9185 9188 9186)
4(9186 9188 9189 9187)
4(8749 9179 9190 8760)
4(8760 9190 9191 8761)
4(9179 9181 9192 9190)
4(9190 9192 9193 9191)
4(8761 9191 8052 8764)
4(8764 8052 8053 8765)
4(9191 9193 8054 8052)
4(8052 8054 8055 8053)
4(9181 9187 8056 9192)
4(9192 8056 8057 9193)
4(9187 9189 8058 8056)
4(8056 8058 8059 8057)
4(9193 8057 8060 8054)
4(8054 8060 8061 8055)
4(8057 8059 8062 8060)
4(8060 8062 8063 8061)
4(8969 9078 8064 9184)
4(9184 8064 8065 9185)
4(9078 9080 8066 8064)
4(8064 8066 8067 8065)
4(9185 8065 8068 9188)
4(9188 8068 8069 9189)
4(8065 8067 8070 8068)
4(8068 8070 8071 8069)
4(9080 9086 8072 8066)
4(8066 8072 8073 8067)
4(9086 9088 8074 8072)
4(8072 8074 8075 8073)
4(8067 8073 8076 8070)
4(8070 8076 8077 8071)
4(8073 8075 8078 8076)
4(8076 8078 8079 8077)
4(9189 8069 8143 8058)
4(8058 8143 8144 8059)
4(8069 8071 8145 8143)
4(8143 8145 8146 8144)
4(8059 8144 8147 8062)
4(8062 8147 8148 8063)
4(8144 8146 8149 8147)
4(8147 8149 8150 8148)
4(8071 8077 8151 8145)
4(8145 8151 8152 8146)
4(8077 8079 8153 8151)
4(8151 8153 8154 8152)
4(8146 8152 8155 8149)
4(8149 8155 8156 8150)
4(8152 8154 8157 8155)
4(8155 8157 8158 8156)
4(8126 8598 8184 9051)
4(9051 8184 8185 9052)
4(8598 8600 8186 8184)
4(8184 8186 8187 8185)
4(9052 8185 8188 9055)
4(9055 8188 8189 9056)
4(8185 8187 8190 8188)
4(8188 8190 8191 8189)
4(8600 8606 8192 8186)
4(8186 8192 8193 8187)
4(8606 8608 8194 8192)
4(8192 8194 8195 8193)
4(8187 8193 8196 8190)
4(8190 8196 8197 8191)
4(8193 8195 8198 8196)
4(8196 8198 8199 8197)
4(9056 8189 8278 9067)
4(9067 8278 8279 9068)
4(8189 8191 8280 8278)
4(8278 8280 8281 8279)
4(9068 8279 8282 9071)
4(9071 8282 8283 9072)
4(8279 8281 8284 8282)
4(8282 8284 8285 8283)
4(8191 8197 8286 8280)
4(8280 8286 8287 8281)
4(8197 8199 8288 8286)
4(8286 8288 8289 8287)
4(8281 8287 8290 8284)
4(8284 8290 8291 8285)
4(8287 8289 8292 8290)
4(8290 8292 8293 8291)
4(8608 8755 8294 8194)
4(8194 8294 8295 8195)
4(8755 8757 8296 8294)
4(8294 8296 8297 8295)
4(8195 8295 8298 8198)
4(8198 8298 8299 8199)
4(8295 8297 8300 8298)
4(8298 8300 8301 8299)
4(8757 8763 8302 8296)
4(8296 8302 8303 8297)
4(8763 8765 8304 8302)
4(8302 8304 8305 8303)
4(8297 8303 8381 8300)
4(8300 8381 8382 8301)
4(8303 8305 8383 8381)
4(8381 8383 8384 8382)
4(8199 8299 8385 8288)
4(8288 8385 8386 8289)
4(8299 8301 8387 8385)
4(8385 8387 8388 8386)
4(8289 8386 8389 8292)
4(8292 8389 8390 8293)
4(8386 8388 8391 8389)
4(8389 8391 8392 8390)
4(8301 8382 8393 8387)
4(8387 8393 8394 8388)
4(8382 8384 8395 8393)
4(8393 8395 8396 8394)
4(8388 8394 8397 8391)
4(8391 8397 8398 8392)
4(8394 8396 8399 8397)
4(8397 8399 8400 8398)
4(9072 8283 8466 8050)
4(8050 8466 8467 8051)
4(8283 8285 8468 8466)
4(8466 8468 8469 8467)
4(8051 8467 8470 8129)
4(8129 8470 8471 8130)
4(8467 8469 8472 8470)
4(8470 8472 8473 8471)
4(8285 8291 8474 8468)
4(8468 8474 8475 8469)
4(8291 8293 8476 8474)
4(8474 8476 8477 8475)
4(8469 8475 8478 8472)
4(8472 8478 8479 8473)
4(8475 8477 8480 8478)
4(8478 8480 8481 8479)
4(8130 8471 8617 8139)
4(8139 8617 8618 8140)
4(8471 8473 8619 8617)
4(8617 8619 8620 8618)
4(8140 8618 7846 7745)
4(8618 8620 7847 7846)
4(8473 8479 8623 8619)
4(8619 8623 8624 8620)
4(8479 8481 8625 8623)
4(8623 8625 8626 8624)
4(8620 8624 7848 7847)
4(8624 8626 7849 7848)
4(8293 8390 8629 8476)
4(8476 8629 8630 8477)
4(8390 8392 8631 8629)
4(8629 8631 8632 8630)
4(8477 8630 8633 8480)
4(8480 8633 8634 8481)
4(8630 8632 8635 8633)
4(8633 8635 8636 8634)
4(8392 8398 8637 8631)
4(8631 8637 8638 8632)
4(8398 8400 8639 8637)
4(8637 8639 8640 8638)
4(8632 8638 8641 8635)
4(8635 8641 8642 8636)
4(8638 8640 8643 8641)
4(8641 8643 8644 8642)
4(8481 8634 8766 8625)
4(8625 8766 8767 8626)
4(8634 8636 8768 8766)
4(8766 8768 8769 8767)
4(8626 8767 7874 7849)
4(8767 8769 7875 7874)
4(8636 8642 8772 8768)
4(8768 8772 8773 8769)
4(8642 8644 8774 8772)
4(8772 8774 8775 8773)
4(8769 8773 7876 7875)
4(8773 8775 7877 7876)
4(8765 8053 8866 8304)
4(8304 8866 8867 8305)
4(8053 8055 8868 8866)
4(8866 8868 8869 8867)
4(8305 8867 8870 8383)
4(8383 8870 8871 8384)
4(8867 8869 8872 8870)
4(8870 8872 8873 8871)
4(8055 8061 8874 8868)
4(8868 8874 8875 8869)
4(8061 8063 8876 8874)
4(8874 8876 8877 8875)
4(8869 8875 8878 8872)
4(8872 8878 8879 8873)
4(8875 8877 8880 8878)
4(8878 8880 8881 8879)
4(8384 8871 8882 8395)
4(8395 8882 8883 8396)
4(8871 8873 8884 8882)
4(8882 8884 8885 8883)
4(8396 8883 8985 8399)
4(8399 8985 8986 8400)
4(8883 8885 8987 8985)
4(8985 8987 8988 8986)
4(8873 8879 8989 8884)
4(8884 8989 8990 8885)
4(8879 8881 8991 8989)
4(8989 8991 8992 8990)
4(8885 8990 8993 8987)
4(8987 8993 8994 8988)
4(8990 8992 8995 8993)
4(8993 8995 8996 8994)
4(8063 8148 8997 8876)
4(8876 8997 8998 8877)
4(8148 8150 8999 8997)
4(8997 8999 9000 8998)
4(8877 8998 9001 8880)
4(8880 9001 9002 8881)
4(8998 9000 9003 9001)
4(9001 9003 9004 9002)
4(8150 8156 9005 8999)
4(8999 9005 9006 9000)
4(8156 8158 9007 9005)
4(9005 9007 9008 9006)
4(9000 9006 9009 9003)
4(9003 9009 9010 9004)
4(9006 9008 9011 9009)
4(9009 9011 9012 9010)
4(8881 9002 9089 8991)
4(8991 9089 9090 8992)
4(9002 9004 9091 9089)
4(9089 9091 9092 9090)
4(8992 9090 9093 8995)
4(8995 9093 9094 8996)
4(9090 9092 9095 9093)
4(9093 9095 9096 9094)
4(9004 9010 9097 9091)
4(9091 9097 9098 9092)
4(9010 9012 9099 9097)
4(9097 9099 9100 9098)
4(9092 9098 9101 9095)
4(9095 9101 9102 9096)
4(9098 9100 9103 9101)
4(9101 9103 9104 9102)
4(8400 8986 9194 8639)
4(8639 9194 9195 8640)
4(8986 8988 9196 9194)
4(9194 9196 9197 9195)
4(8640 9195 9198 8643)
4(8643 9198 9199 8644)
4(9195 9197 9200 9198)
4(9198 9200 9201 9199)
4(8988 8994 9202 9196)
4(9196 9202 9203 9197)
4(8994 8996 9204 9202)
4(9202 9204 9205 9203)
4(9197 9203 9206 9200)
4(9200 9206 9207 9201)
4(9203 9205 9208 9206)
4(9206 9208 9209 9207)
4(8644 9199 9210 8774)
4(8774 9210 9211 8775)
4(9199 9201 9212 9210)
4(9210 9212 9213 9211)
4(8775 9211 7974 7877)
4(9211 9213 7975 7974)
4(9201 9207 9216 9212)
4(9212 9216 9217 9213)
4(9207 9209 9218 9216)
4(9216 9218 9219 9217)
4(9213 9217 7728 7975)
4(9217 9219 7729 7728)
4(8996 9094 8082 9204)
4(9204 8082 8083 9205)
4(9094 9096 8084 8082)
4(8082 8084 8085 8083)
4(9205 8083 8086 9208)
4(9208 8086 8087 9209)
4(8083 8085 8088 8086)
4(8086 8088 8089 8087)
4(9096 9102 8090 8084)
4(8084 8090 8091 8085)
4(9102 9104 8092 8090)
4(8090 8092 8093 8091)
4(8085 8091 8094 8088)
4(8088 8094 8095 8089)
4(8091 8093 8096 8094)
4(8094 8096 8097 8095)
4(9209 8087 8159 9218)
4(9218 8159 8160 9219)
4(8087 8089 8161 8159)
4(8159 8161 8162 8160)
4(9219 8160 7754 7729)
4(8160 8162 7755 7754)
4(8089 8095 8165 8161)
4(8161 8165 8166 8162)
4(8095 8097 8167 8165)
4(8165 8167 8168 8166)
4(8162 8166 7756 7755)
4(8166 8168 7757 7756)
4(8984 8200 8306 9083)
4(9083 8306 8307 9084)
4(8306 8308 8309 8307)
4(9084 8307 8310 9087)
4(9087 8310 8311 9088)
4(8307 8309 8312 8310)
4(8310 8312 8313 8311)
4(8309 8314 8316 8312)
4(8312 8316 8317 8313)
4(8314 8315 8318 8316)
4(8316 8318 8319 8317)
4(8318 8401 8402 8319)
4(8401 8403 8404 8402)
4(9088 8311 8482 8074)
4(8074 8482 8483 8075)
4(8311 8313 8484 8482)
4(8482 8484 8485 8483)
4(8075 8483 8486 8078)
4(8078 8486 8487 8079)
4(8483 8485 8488 8486)
4(8486 8488 8489 8487)
4(8313 8317 8490 8484)
4(8484 8490 8491 8485)
4(8317 8319 8492 8490)
4(8490 8492 8493 8491)
4(8485 8491 8494 8488)
4(8488 8494 8495 8489)
4(8491 8493 8496 8494)
4(8494 8496 8497 8495)
4(8079 8487 8498 8153)
4(8153 8498 8499 8154)
4(8487 8489 8500 8498)
4(8498 8500 8501 8499)
4(8154 8499 8502 8157)
4(8157 8502 8503 8158)
4(8499 8501 8504 8502)
4(8502 8504 8505 8503)
4(8489 8495 8645 8500)
4(8500 8645 8646 8501)
4(8495 8497 8647 8645)
4(8645 8647 8648 8646)
4(8501 8646 8649 8504)
4(8504 8649 8650 8505)
4(8646 8648 8651 8649)
4(8649 8651 8652 8650)
4(8319 8402 8653 8492)
4(8492 8653 8654 8493)
4(8402 8404 8655 8653)
4(8653 8655 8656 8654)
4(8493 8654 8657 8496)
4(8496 8657 8658 8497)
4(8654 8656 8659 8657)
4(8657 8659 8660 8658)
4(8404 8405 8661 8655)
4(8655 8661 8662 8656)
4(8405 8406 8663 8661)
4(8661 8663 8664 8662)
4(8656 8662 8665 8659)
4(8659 8665 8666 8660)
4(8662 8664 8667 8665)
4(8665 8667 8668 8666)
4(8497 8658 8778 8647)
4(8647 8778 8779 8648)
4(8658 8660 8780 8778)
4(8778 8780 8781 8779)
4(8648 8779 8782 8651)
4(8651 8782 8783 8652)
4(8779 8781 8784 8782)
4(8782 8784 8785 8783)
4(8660 8666 8786 8780)
4(8780 8786 8787 8781)
4(8666 8668 8788 8786)
4(8786 8788 8789 8787)
4(8781 8787 8790 8784)
4(8784 8790 8791 8785)
4(8787 8789 8792 8790)
4(8790 8792 8793 8791)
4(8663 9220 9221 8664)
4(9220 9222 9223 9221)
4(8664 9221 9224 8667)
4(8667 9224 9225 8668)
4(9221 9223 9226 9224)
4(9224 9226 9227 9225)
4(9223 9228 9229 9226)
4(9226 9229 9230 9227)
4(8668 9225 9232 8788)
4(8788 9232 9233 8789)
4(9225 9227 9234 9232)
4(9232 9234 9235 9233)
4(8789 9233 9236 8792)
4(8792 9236 9237 8793)
4(9233 9235 9238 9236)
4(9236 9238 9239 9237)
4(9227 9230 9240 9234)
4(9234 9240 9241 9235)
4(9230 9231 9242 9240)
4(9240 9242 9243 9241)
4(9235 9241 9244 9238)
4(9238 9244 9245 9239)
4(9241 9243 9246 9244)
4(9244 9246 9247 9245)
4(8158 8503 8201 9007)
4(9007 8201 8202 9008)
4(8503 8505 8203 8201)
4(8201 8203 8204 8202)
4(9008 8202 8205 9011)
4(9011 8205 8206 9012)
4(8202 8204 8207 8205)
4(8205 8207 8208 8206)
4(8505 8650 8209 8203)
4(8203 8209 8210 8204)
4(8650 8652 8211 8209)
4(8209 8211 8212 8210)
4(8204 8210 8213 8207)
4(8207 8213 8214 8208)
4(8210 8212 8215 8213)
4(8213 8215 8216 8214)
4(9012 8206 8217 9099)
4(9099 8217 8218 9100)
4(8206 8208 8219 8217)
4(8217 8219 8220 8218)
4(9100 8218 8221 9103)
4(9103 8221 8222 9104)
4(8218 8220 8223 8221)
4(8221 8223 8224 8222)
4(8208 8214 8320 8219)
4(8219 8320 8321 8220)
4(8214 8216 8322 8320)
4(8320 8322 8323 8321)
4(8220 8321 8324 8223)
4(8223 8324 8325 8224)
4(8321 8323 8326 8324)
4(8324 8326 8327 8325)
4(8652 8783 8328 8211)
4(8211 8328 8329 8212)
4(8783 8785 8330 8328)
4(8328 8330 8331 8329)
4(8212 8329 8332 8215)
4(8215 8332 8333 8216)
4(8329 8331 8334 8332)
4(8332 8334 8335 8333)
4(8785 8791 8336 8330)
4(8330 8336 8337 8331)
4(8791 8793 8338 8336)
4(8336 8338 8339 8337)
4(8331 8337 8340 8334)
4(8334 8340 8341 8335)
4(8337 8339 8342 8340)
4(8340 8342 8343 8341)
4(8216 8333 8407 8322)
4(8322 8407 8408 8323)
4(8333 8335 8409 8407)
4(8407 8409 8410 8408)
4(8323 8408 8411 8326)
4(8326 8411 8412 8327)
4(8408 8410 8413 8411)
4(8411 8413 8414 8412)
4(8335 8341 8415 8409)
4(8409 8415 8416 8410)
4(8341 8343 8417 8415)
4(8415 8417 8418 8416)
4(8410 8416 8419 8413)
4(8413 8419 8420 8414)
4(8416 8418 8421 8419)
4(8419 8421 8422 8420)
4(9104 8222 8506 8092)
4(8092 8506 8507 8093)
4(8222 8224 8508 8506)
4(8506 8508 8509 8507)
4(8093 8507 8510 8096)
4(8096 8510 8511 8097)
4(8507 8509 8512 8510)
4(8510 8512 8513 8511)
4(8224 8325 8514 8508)
4(8508 8514 8515 8509)
4(8325 8327 8516 8514)
4(8514 8516 8517 8515)
4(8509 8515 8518 8512)
4(8512 8518 8519 8513)
4(8515 8517 8520 8518)
4(8518 8520 8521 8519)
4(8097 8511 8522 8167)
4(8167 8522 8523 8168)
4(8511 8513 8524 8522)
4(8522 8524 8525 8523)
4(8168 8523 7822 7757)
4(8523 8525 7823 7822)
4(8513 8519 8528 8524)
4(8524 8528 8529 8525)
4(8519 8521 8530 8528)
4(8528 8530 8531 8529)
4(8525 8529 7824 7823)
4(8529 8531 7825 7824)
4(8327 8412 8669 8516)
4(8516 8669 8670 8517)
4(8412 8414 8671 8669)
4(8669 8671 8672 8670)
4(8517 8670 8673 8520)
4(8520 8673 8674 8521)
4(8670 8672 8675 8673)
4(8673 8675 8676 8674)
4(8414 8420 8677 8671)
4(8671 8677 8678 8672)
4(8420 8422 8679 8677)
4(8677 8679 8680 8678)
4(8672 8678 8681 8675)
4(8675 8681 8682 8676)
4(8678 8680 8683 8681)
4(8681 8683 8684 8682)
4(8521 8674 8794 8530)
4(8530 8794 8795 8531)
4(8674 8676 8796 8794)
4(8794 8796 8797 8795)
4(8531 8795 7886 7825)
4(8795 8797 7887 7886)
4(8676 8682 8800 8796)
4(8796 8800 8801 8797)
4(8682 8684 8802 8800)
4(8800 8802 8803 8801)
4(8797 8801 7888 7887)
4(8801 8803 7889 7888)
4(8793 9237 8806 8338)
4(8338 8806 8807 8339)
4(9237 9239 8808 8806)
4(8806 8808 8809 8807)
4(8339 8807 8886 8342)
4(8342 8886 8887 8343)
4(8807 8809 8888 8886)
4(8886 8888 8889 8887)
4(9239 9245 8890 8808)
4(8808 8890 8891 8809)
4(9245 9247 8892 8890)
4(8890 8892 8893 8891)
4(8809 8891 8894 8888)
4(8888 8894 8895 8889)
4(8891 8893 8896 8894)
4(8894 8896 8897 8895)
4(8343 8887 8898 8417)
4(8417 8898 8899 8418)
4(8887 8889 8900 8898)
4(8898 8900 8901 8899)
4(8418 8899 8902 8421)
4(8421 8902 8903 8422)
4(8899 8901 8904 8902)
4(8902 8904 8905 8903)
4(8889 8895 8906 8900)
4(8900 8906 8907 8901)
4(8895 8897 8908 8906)
4(8906 8908 8909 8907)
4(8901 8907 8910 8904)
4(8904 8910 8911 8905)
4(8907 8909 8912 8910)
4(8910 8912 8913 8911)
4(9247 8171 9013 8892)
4(8892 9013 9014 8893)
4(9013 9015 9016 9014)
4(8893 9014 9017 8896)
4(8896 9017 9018 8897)
4(9014 9016 9019 9017)
4(9017 9019 9020 9018)
4(8897 9018 9021 8908)
4(8908 9021 9022 8909)
4(9018 9020 9023 9021)
4(9021 9023 9024 9022)
4(8909 9022 9025 8912)
4(8912 9025 9026 8913)
4(9022 9024 9027 9025)
4(9025 9027 9028 9026)
4(8422 8903 9105 8679)
4(8679 9105 9106 8680)
4(8903 8905 9107 9105)
4(9105 9107 9108 9106)
4(8680 9106 9109 8683)
4(8683 9109 9110 8684)
4(9106 9108 9111 9109)
4(9109 9111 9112 9110)
4(8905 8911 9248 9107)
4(9107 9248 9249 9108)
4(8911 8913 9250 9248)
4(9248 9250 9251 9249)
4(9108 9249 9252 9111)
4(9111 9252 9253 9112)
4(9249 9251 9254 9252)
4(9252 9254 9255 9253)
4(8684 9110 9256 8802)
4(8802 9256 9257 8803)
4(9110 9112 9258 9256)
4(9256 9258 9259 9257)
4(8803 9257 7976 7889)
4(9257 9259 7977 7976)
4(9112 9253 9262 9258)
4(9258 9262 9263 9259)
4(9253 9255 9264 9262)
4(9262 9264 9265 9263)
4(9259 9263 7978 7977)
4(9263 9265 7979 7978)
4(8913 9026 8098 9250)
4(9250 8098 8099 9251)
4(9251 8099 8100 9254)
4(7705 9269 9268 7704)
4(7704 9268 9373 7965)
4(7706 9270 9269 7705)
4(7707 9271 9270 7706)
4(7834 9322 9271 7707)
4(7717 9273 9272 7716)
4(7716 9272 9333 7873)
4(7718 9274 9273 7717)
4(7719 9275 9274 7718)
4(7742 9278 9275 7719)
4(7729 9277 9276 7728)
4(7728 9276 9375 7975)
4(7754 9282 9277 7729)
4(7743 9279 9278 7742)
4(7744 9280 9279 7743)
4(7745 9281 9280 7744)
4(7846 9326 9281 7745)
4(7755 9283 9282 7754)
4(7756 9284 9283 7755)
4(7757 9285 9284 7756)
4(7822 9314 9285 7757)
4(7823 9315 9314 7822)
4(7824 9316 9315 7823)
4(7825 9317 9316 7824)
4(7886 9338 9317 7825)
4(7827 9319 9318 7826)
4(7828 9320 9319 7827)
4(7829 9321 9320 7828)
4(7962 9370 9321 7829)
4(7835 9323 9322 7834)
4(7836 9324 9323 7835)
4(7837 9325 9324 7836)
4(7870 9330 9325 7837)
4(7847 9327 9326 7846)
4(7848 9328 9327 7847)
4(7849 9329 9328 7848)
4(7874 9334 9329 7849)
4(7871 9331 9330 7870)
4(7872 9332 9331 7871)
4(7873 9333 9332 7872)
4(7875 9335 9334 7874)
4(7876 9336 9335 7875)
4(7877 9337 9336 7876)
4(7974 9374 9337 7877)
4(7887 9339 9338 7886)
4(7888 9340 9339 7887)
4(7889 9341 9340 7888)
4(7976 9376 9341 7889)
4(7963 9371 9370 7962)
4(7964 9372 9371 7963)
4(7965 9373 9372 7964)
4(7975 9375 9374 7974)
4(7977 9377 9376 7976)
4(7978 9378 9377 7977)
4(7979 9379 9378 7978)
4(7456 7457 6735 6734)
4(6734 6735 6737 6736)
4(7457 7460 6738 6735)
4(7460 7461 6739 6738)
4(6735 6738 6740 6737)
4(6738 6739 6741 6740)
4(6736 6737 6743 6742)
4(6742 6743 6745 6744)
4(6737 6740 6746 6743)
4(6740 6741 6747 6746)
4(6743 6746 6748 6745)
4(6746 6747 6749 6748)
4(6744 6745 6912 6911)
4(6911 6912 6914 6913)
4(6745 6748 6915 6912)
4(6748 6749 6916 6915)
4(6912 6915 6917 6914)
4(6915 6916 6918 6917)
4(6913 6914 6920 6919)
4(6919 6920 6922 6921)
4(6914 6917 6923 6920)
4(6917 6918 6924 6923)
4(6920 6923 6925 6922)
4(6923 6924 6926 6925)
4(6910 6921 7341 7336)
4(6921 6922 7342 7341)
4(7336 7341 7343 7337)
4(7341 7342 7344 7343)
4(6922 6925 7468 7342)
4(6925 6926 7469 7468)
4(7342 7468 7470 7344)
4(7468 7469 7471 7470)
4(7337 7343 7472 7338)
4(7343 7344 7473 7472)
4(7338 7472 7474 7340)
4(7472 7473 7475 7474)
4(7344 7470 7476 7473)
4(7470 7471 7477 7476)
4(7473 7476 7478 7475)
4(7476 7477 7479 7478)
4(7339 7340 7481 7480)
4(7480 7481 7483 7482)
4(7482 7483 7487 7486)
4(7484 7486 7488 7485)
4(7486 7487 7489 7488)
4(7340 7474 7561 7481)
4(7474 7475 7562 7561)
4(7481 7561 7563 7483)
4(7561 7562 7564 7563)
4(7475 7478 7565 7562)
4(7478 7479 7566 7565)
4(7562 7565 7567 7564)
4(7565 7566 7568 7567)
4(7483 7563 7569 7487)
4(7563 7564 7570 7569)
4(7487 7569 7571 7489)
4(7569 7570 7572 7571)
4(7564 7567 7573 7570)
4(7567 7568 7574 7573)
4(7570 7573 7575 7572)
4(7573 7574 7576 7575)
4(7461 6997 7621 6739)
4(6997 6998 7622 7621)
4(6739 7621 7623 6741)
4(7621 7622 7624 7623)
4(6998 7001 7625 7622)
4(7001 7002 7626 7625)
4(7622 7625 7627 7624)
4(7625 7626 7628 7627)
4(6741 7623 7629 6747)
4(7623 7624 7630 7629)
4(6747 7629 7631 6749)
4(7629 7630 7632 7631)
4(7624 7627 7633 7630)
4(7627 7628 7634 7633)
4(7630 7633 7635 7632)
4(7633 7634 7636 7635)
4(7002 7109 6436 7626)
4(7109 7110 6437 6436)
4(7626 6436 6438 7628)
4(6436 6437 6439 6438)
4(7110 7113 6440 6437)
4(7113 7114 6441 6440)
4(6437 6440 6442 6439)
4(6440 6441 6443 6442)
4(7628 6438 6444 7634)
4(6438 6439 6445 6444)
4(7634 6444 6446 7636)
4(6444 6445 6447 6446)
4(6439 6442 6448 6445)
4(6442 6443 6449 6448)
4(6445 6448 6450 6447)
4(6448 6449 6451 6450)
4(6749 7631 6452 6916)
4(7631 7632 6453 6452)
4(6916 6452 6454 6918)
4(6452 6453 6455 6454)
4(7632 7635 6456 6453)
4(7635 7636 6457 6456)
4(6453 6456 6458 6455)
4(6456 6457 6459 6458)
4(6918 6454 6460 6924)
4(6454 6455 6461 6460)
4(6924 6460 6462 6926)
4(6460 6461 6463 6462)
4(6455 6458 6513 6461)
4(6458 6459 6514 6513)
4(6461 6513 6515 6463)
4(6513 6514 6516 6515)
4(7636 6446 6517 6457)
4(6446 6447 6518 6517)
4(6457 6517 6519 6459)
4(6517 6518 6520 6519)
4(6447 6450 6521 6518)
4(6450 6451 6522 6521)
4(6518 6521 6523 6520)
4(6521 6522 6524 6523)
4(6459 6519 6525 6514)
4(6519 6520 6526 6525)
4(6514 6525 6527 6516)
4(6525 6526 6528 6527)
4(6520 6523 6529 6526)
4(6523 6524 6530 6529)
4(6526 6529 6531 6528)
4(6529 6530 6532 6531)
4(7114 7324 6608 6441)
4(7324 7325 6609 6608)
4(6441 6608 6610 6443)
4(6608 6609 6611 6610)
4(7325 7328 6612 6609)
4(7328 7329 6613 6612)
4(6609 6612 6614 6611)
4(6612 6613 6615 6614)
4(6443 6610 6616 6449)
4(6610 6611 6617 6616)
4(6449 6616 6618 6451)
4(6616 6617 6619 6618)
4(6611 6614 6620 6617)
4(6614 6615 6621 6620)
4(6617 6620 6622 6619)
4(6620 6621 6623 6622)
4(7329 7464 6750 6613)
4(7464 7465 6751 6750)
4(6613 6750 6752 6615)
4(6750 6751 6753 6752)
4(7465 7943 7792 6751)
4(6751 7792 7793 6753)
4(6615 6752 6756 6621)
4(6752 6753 6757 6756)
4(6621 6756 6758 6623)
4(6756 6757 6759 6758)
4(6753 7793 7796 6757)
4(6757 7796 7797 6759)
4(6451 6618 6762 6522)
4(6618 6619 6763 6762)
4(6522 6762 6764 6524)
4(6762 6763 6765 6764)
4(6619 6622 6766 6763)
4(6622 6623 6767 6766)
4(6763 6766 6768 6765)
4(6766 6767 6769 6768)
4(6524 6764 6770 6530)
4(6764 6765 6771 6770)
4(6530 6770 6772 6532)
4(6770 6771 6773 6772)
4(6765 6768 6774 6771)
4(6768 6769 6775 6774)
4(6771 6774 6776 6773)
4(6774 6775 6777 6776)
4(6623 6758 6927 6767)
4(6758 6759 6928 6927)
4(6767 6927 6929 6769)
4(6927 6928 6930 6929)
4(6759 7797 7808 6928)
4(6928 7808 7809 6930)
4(6769 6929 6933 6775)
4(6929 6930 6934 6933)
4(6775 6933 6935 6777)
4(6933 6934 6936 6935)
4(6930 7809 7812 6934)
4(6934 7812 7813 6936)
4(6926 6462 7003 7469)
4(6462 6463 7004 7003)
4(7469 7003 7005 7471)
4(7003 7004 7006 7005)
4(6463 6515 7007 7004)
4(6515 6516 7008 7007)
4(7004 7007 7009 7006)
4(7007 7008 7010 7009)
4(7471 7005 7011 7477)
4(7005 7006 7012 7011)
4(7477 7011 7013 7479)
4(7011 7012 7014 7013)
4(7006 7009 7015 7012)
4(7009 7010 7016 7015)
4(7012 7015 7017 7014)
4(7015 7016 7018 7017)
4(6516 6527 7019 7008)
4(6527 6528 7020 7019)
4(7008 7019 7021 7010)
4(7019 7020 7022 7021)
4(6528 6531 7023 7020)
4(6531 6532 7024 7023)
4(7020 7023 7025 7022)
4(7023 7024 7026 7025)
4(7010 7021 7119 7016)
4(7021 7022 7120 7119)
4(7016 7119 7121 7018)
4(7119 7120 7122 7121)
4(7022 7025 7123 7120)
4(7025 7026 7124 7123)
4(7120 7123 7125 7122)
4(7123 7124 7126 7125)
4(7479 7013 7127 7566)
4(7013 7014 7128 7127)
4(7566 7127 7129 7568)
4(7127 7128 7130 7129)
4(7014 7017 7131 7128)
4(7017 7018 7132 7131)
4(7128 7131 7133 7130)
4(7131 7132 7134 7133)
4(7568 7129 7135 7574)
4(7129 7130 7136 7135)
4(7574 7135 7137 7576)
4(7135 7136 7138 7137)
4(7130 7133 7139 7136)
4(7133 7134 7140 7139)
4(7136 7139 7141 7138)
4(7139 7140 7142 7141)
4(7018 7121 7226 7132)
4(7121 7122 7227 7226)
4(7132 7226 7228 7134)
4(7226 7227 7229 7228)
4(7122 7125 7230 7227)
4(7125 7126 7231 7230)
4(7227 7230 7232 7229)
4(7230 7231 7233 7232)
4(7134 7228 7234 7140)
4(7228 7229 7235 7234)
4(7140 7234 7236 7142)
4(7234 7235 7237 7236)
4(7229 7232 7238 7235)
4(7232 7233 7239 7238)
4(7235 7238 7240 7237)
4(7238 7239 7241 7240)
4(6532 6772 7345 7024)
4(6772 6773 7346 7345)
4(7024 7345 7347 7026)
4(7345 7346 7348 7347)
4(6773 6776 7349 7346)
4(6776 6777 7350 7349)
4(7346 7349 7351 7348)
4(7349 7350 7352 7351)
4(7026 7347 7353 7124)
4(7347 7348 7354 7353)
4(7124 7353 7355 7126)
4(7353 7354 7356 7355)
4(7348 7351 7357 7354)
4(7351 7352 7358 7357)
4(7354 7357 7359 7356)
4(7357 7358 7360 7359)
4(6777 6935 7361 7350)
4(6935 6936 7362 7361)
4(7350 7361 7363 7352)
4(7361 7362 7364 7363)
4(6936 7813 7920 7362)
4(7362 7920 7921 7364)
4(7352 7363 7367 7358)
4(7363 7364 7368 7367)
4(7358 7367 7369 7360)
4(7367 7368 7370 7369)
4(7364 7921 7944 7368)
4(7368 7944 7945 7370)
4(7126 7355 7492 7231)
4(7355 7356 7493 7492)
4(7231 7492 7494 7233)
4(7492 7493 7495 7494)
4(7356 7359 7496 7493)
4(7359 7360 7497 7496)
4(7493 7496 7498 7495)
4(7496 7497 7499 7498)
4(7233 7494 7500 7239)
4(7494 7495 7501 7500)
4(7239 7500 7502 7241)
4(7500 7501 7503 7502)
4(7495 7498 7504 7501)
4(7498 7499 7505 7504)
4(7501 7504 7506 7503)
4(7504 7505 7507 7506)
4(7360 7369 7577 7497)
4(7369 7370 7578 7577)
4(7497 7577 7579 7499)
4(7577 7578 7580 7579)
4(7370 7945 7956 7578)
4(7578 7956 7957 7580)
4(7499 7579 7583 7505)
4(7579 7580 7584 7583)
4(7505 7583 7585 7507)
4(7583 7584 7586 7585)
4(7580 7957 7960 7584)
4(7584 7960 7961 7586)
4(6534 6535 6539 6538)
4(6536 6538 6540 6537)
4(6538 6539 6541 6540)
4(7485 7488 6627 6624)
4(7488 7489 6628 6627)
4(6624 6627 6629 6626)
4(6627 6628 6630 6629)
4(6625 6626 6632 6631)
4(6631 6632 6634 6633)
4(6626 6629 6635 6632)
4(6629 6630 6636 6635)
4(6632 6635 6637 6634)
4(6635 6636 6638 6637)
4(7489 7571 6639 6628)
4(7571 7572 6640 6639)
4(6628 6639 6641 6630)
4(6639 6640 6642 6641)
4(7572 7575 6643 6640)
4(7575 7576 6644 6643)
4(6640 6643 6645 6642)
4(6643 6644 6646 6645)
4(6630 6641 6778 6636)
4(6641 6642 6779 6778)
4(6636 6778 6780 6638)
4(6778 6779 6781 6780)
4(6642 6645 6782 6779)
4(6645 6646 6783 6782)
4(6779 6782 6784 6781)
4(6782 6783 6785 6784)
4(6464 6633 6786 6533)
4(6633 6634 6787 6786)
4(6533 6786 6788 6535)
4(6786 6787 6789 6788)
4(6634 6637 6790 6787)
4(6637 6638 6791 6790)
4(6787 6790 6792 6789)
4(6790 6791 6793 6792)
4(6535 6788 6794 6539)
4(6788 6789 6795 6794)
4(6539 6794 6796 6541)
4(6794 6795 6797 6796)
4(6789 6792 6798 6795)
4(6792 6793 6799 6798)
4(6795 6798 6800 6797)
4(6798 6799 6801 6800)
4(6638 6780 6939 6791)
4(6780 6781 6940 6939)
4(6791 6939 6941 6793)
4(6939 6940 6942 6941)
4(6781 6784 6943 6940)
4(6784 6785 6944 6943)
4(6940 6943 6945 6942)
4(6943 6944 6946 6945)
4(6793 6941 6947 6799)
4(6941 6942 6948 6947)
4(6799 6947 6949 6801)
4(6947 6948 6950 6949)
4(6942 6945 6951 6948)
4(6945 6946 6952 6951)
4(6948 6951 6953 6950)
4(6951 6952 6954 6953)
4(7031 7032 7034 7033)
4(6537 6540 7035 7032)
4(6540 6541 7036 7035)
4(7032 7035 7037 7034)
4(7035 7036 7038 7037)
4(7027 7033 7039 7028)
4(7033 7034 7040 7039)
4(7028 7039 7041 7030)
4(7039 7040 7042 7041)
4(7034 7037 7043 7040)
4(7037 7038 7044 7043)
4(7040 7043 7045 7042)
4(7043 7044 7046 7045)
4(7029 7030 7147 7146)
4(7143 7146 7148 7145)
4(7146 7147 7149 7148)
4(7144 7145 7151 7150)
4(7150 7151 7153 7152)
4(7145 7148 7154 7151)
4(7148 7149 7155 7154)
4(7151 7154 7156 7153)
4(7154 7155 7157 7156)
4(7030 7041 7242 7147)
4(7041 7042 7243 7242)
4(7147 7242 7244 7149)
4(7242 7243 7245 7244)
4(7042 7045 7246 7243)
4(7045 7046 7247 7246)
4(7243 7246 7248 7245)
4(7246 7247 7249 7248)
4(7149 7244 7250 7155)
4(7244 7245 7251 7250)
4(7155 7250 7252 7157)
4(7250 7251 7253 7252)
4(7245 7248 7254 7251)
4(7248 7249 7255 7254)
4(7251 7254 7256 7253)
4(7254 7255 7257 7256)
4(6541 6796 7258 7036)
4(6796 6797 7259 7258)
4(7036 7258 7260 7038)
4(7258 7259 7261 7260)
4(6797 6800 7371 7259)
4(6800 6801 7372 7371)
4(7259 7371 7373 7261)
4(7371 7372 7374 7373)
4(7038 7260 7375 7044)
4(7260 7261 7376 7375)
4(7044 7375 7377 7046)
4(7375 7376 7378 7377)
4(7261 7373 7379 7376)
4(7373 7374 7380 7379)
4(7376 7379 7381 7378)
4(7379 7380 7382 7381)
4(6801 6949 7383 7372)
4(6949 6950 7384 7383)
4(7372 7383 7385 7374)
4(7383 7384 7386 7385)
4(6950 6953 7387 7384)
4(6953 6954 7388 7387)
4(7384 7387 7389 7386)
4(7387 7388 7390 7389)
4(7374 7385 7391 7380)
4(7385 7386 7392 7391)
4(7380 7391 7393 7382)
4(7391 7392 7394 7393)
4(7386 7389 7395 7392)
4(7389 7390 7396 7395)
4(7392 7395 7397 7394)
4(7395 7396 7398 7397)
4(7046 7377 7508 7247)
4(7377 7378 7509 7508)
4(7247 7508 7510 7249)
4(7508 7509 7511 7510)
4(7378 7381 7512 7509)
4(7381 7382 7513 7512)
4(7509 7512 7514 7511)
4(7512 7513 7515 7514)
4(7249 7510 7516 7255)
4(7510 7511 7517 7516)
4(7255 7516 7518 7257)
4(7516 7517 7519 7518)
4(7511 7514 7520 7517)
4(7514 7515 7521 7520)
4(7517 7520 7522 7519)
4(7520 7521 7523 7522)
4(7382 7393 7524 7513)
4(7393 7394 7525 7524)
4(7513 7524 7526 7515)
4(7524 7525 7527 7526)
4(7394 7397 7528 7525)
4(7397 7398 7529 7528)
4(7525 7528 7530 7527)
4(7528 7529 7531 7530)
4(7515 7526 7589 7521)
4(7526 7527 7590 7589)
4(7521 7589 7591 7523)
4(7589 7590 7592 7591)
4(7527 7530 7593 7590)
4(7530 7531 7594 7593)
4(7590 7593 7595 7592)
4(7593 7594 7596 7595)
4(7576 7137 7637 6644)
4(7137 7138 7638 7637)
4(6644 7637 7639 6646)
4(7637 7638 7640 7639)
4(7138 7141 7641 7638)
4(7141 7142 7642 7641)
4(7638 7641 7643 7640)
4(7641 7642 7644 7643)
4(6646 7639 7645 6783)
4(7639 7640 7646 7645)
4(6783 7645 7647 6785)
4(7645 7646 7648 7647)
4(7640 7643 7649 7646)
4(7643 7644 7650 7649)
4(7646 7649 7651 7648)
4(7649 7650 7652 7651)
4(7142 7236 7653 7642)
4(7236 7237 7654 7653)
4(7642 7653 7655 7644)
4(7653 7654 7656 7655)
4(7237 7240 7657 7654)
4(7240 7241 7658 7657)
4(7654 7657 7659 7656)
4(7657 7658 7660 7659)
4(7644 7655 7661 7650)
4(7655 7656 7662 7661)
4(7650 7661 7663 7652)
4(7661 7662 7664 7663)
4(7656 7659 6465 7662)
4(7659 7660 6466 6465)
4(7662 6465 6467 7664)
4(6465 6466 6468 6467)
4(6785 7647 6469 6944)
4(7647 7648 6470 6469)
4(6944 6469 6471 6946)
4(6469 6470 6472 6471)
4(7648 7651 6473 6470)
4(7651 7652 6474 6473)
4(6470 6473 6475 6472)
4(6473 6474 6476 6475)
4(6946 6471 6477 6952)
4(6471 6472 6478 6477)
4(6952 6477 6479 6954)
4(6477 6478 6480 6479)
4(6472 6475 6481 6478)
4(6475 6476 6482 6481)
4(6478 6481 6483 6480)
4(6481 6482 6484 6483)
4(7652 7663 6542 6474)
4(7663 7664 6543 6542)
4(6474 6542 6544 6476)
4(6542 6543 6545 6544)
4(7664 6467 6546 6543)
4(6467 6468 6547 6546)
4(6543 6546 6548 6545)
4(6546 6547 6549 6548)
4(6476 6544 6550 6482)
4(6544 6545 6551 6550)
4(6482 6550 6552 6484)
4(6550 6551 6553 6552)
4(6545 6548 6554 6551)
4(6548 6549 6555 6554)
4(6551 6554 6556 6553)
4(6554 6555 6557 6556)
4(7241 7502 6647 7658)
4(7502 7503 6648 6647)
4(7658 6647 6649 7660)
4(6647 6648 6650 6649)
4(7503 7506 6651 6648)
4(7506 7507 6652 6651)
4(6648 6651 6653 6650)
4(6651 6652 6654 6653)
4(7660 6649 6655 6466)
4(6649 6650 6656 6655)
4(6466 6655 6657 6468)
4(6655 6656 6658 6657)
4(6650 6653 6659 6656)
4(6653 6654 6660 6659)
4(6656 6659 6661 6658)
4(6659 6660 6662 6661)
4(7507 7585 6663 6652)
4(7585 7586 6664 6663)
4(6652 6663 6665 6654)
4(6663 6664 6666 6665)
4(7586 7961 7768 6664)
4(6664 7768 7769 6666)
4(6654 6665 6669 6660)
4(6665 6666 6670 6669)
4(6660 6669 6671 6662)
4(6669 6670 6672 6671)
4(6666 7769 7772 6670)
4(6670 7772 7773 6672)
4(6468 6657 6802 6547)
4(6657 6658 6803 6802)
4(6547 6802 6804 6549)
4(6802 6803 6805 6804)
4(6658 6661 6806 6803)
4(6661 6662 6807 6806)
4(6803 6806 6808 6805)
4(6806 6807 6809 6808)
4(6549 6804 6810 6555)
4(6804 6805 6811 6810)
4(6555 6810 6812 6557)
4(6810 6811 6813 6812)
4(6805 6808 6814 6811)
4(6808 6809 6815 6814)
4(6811 6814 6816 6813)
4(6814 6815 6817 6816)
4(6662 6671 6818 6807)
4(6671 6672 6819 6818)
4(6807 6818 6820 6809)
4(6818 6819 6821 6820)
4(6672 7773 7816 6819)
4(6819 7816 7817 6821)
4(6809 6820 6957 6815)
4(6820 6821 6958 6957)
4(6815 6957 6959 6817)
4(6957 6958 6960 6959)
4(6821 7817 7820 6958)
4(6958 7820 7821 6960)
4(6954 6479 6963 7388)
4(6479 6480 6964 6963)
4(7388 6963 6965 7390)
4(6963 6964 6966 6965)
4(6480 6483 7047 6964)
4(6483 6484 7048 7047)
4(6964 7047 7049 6966)
4(7047 7048 7050 7049)
4(7390 6965 7051 7396)
4(6965 6966 7052 7051)
4(7396 7051 7053 7398)
4(7051 7052 7054 7053)
4(6966 7049 7055 7052)
4(7049 7050 7056 7055)
4(7052 7055 7057 7054)
4(7055 7056 7058 7057)
4(6484 6552 7059 7048)
4(6552 6553 7060 7059)
4(7048 7059 7061 7050)
4(7059 7060 7062 7061)
4(6553 6556 7063 7060)
4(6556 6557 7064 7063)
4(7060 7063 7065 7062)
4(7063 7064 7066 7065)
4(7050 7061 7067 7056)
4(7061 7062 7068 7067)
4(7056 7067 7069 7058)
4(7067 7068 7070 7069)
4(7062 7065 7071 7068)
4(7065 7066 7072 7071)
4(7068 7071 7073 7070)
4(7071 7072 7074 7073)
4(7398 7053 7158 7529)
4(7053 7054 7159 7158)
4(7529 7158 7160 7531)
4(7158 7159 7161 7160)
4(7054 7057 7162 7159)
4(7057 7058 7163 7162)
4(7159 7162 7164 7161)
4(7162 7163 7165 7164)
4(7531 7160 7166 7594)
4(7160 7161 7167 7166)
4(7594 7166 7168 7596)
4(7166 7167 7169 7168)
4(7161 7164 7170 7167)
4(7164 7165 7171 7170)
4(7167 7170 7172 7169)
4(7170 7171 7173 7172)
4(7058 7069 7174 7163)
4(7069 7070 7175 7174)
4(7163 7174 7176 7165)
4(7174 7175 7177 7176)
4(7070 7073 7178 7175)
4(7073 7074 7179 7178)
4(7175 7178 7180 7177)
4(7178 7179 7181 7180)
4(7165 7176 7262 7171)
4(7176 7177 7263 7262)
4(7171 7262 7264 7173)
4(7262 7263 7265 7264)
4(7177 7180 7266 7263)
4(7180 7181 7267 7266)
4(7263 7266 7268 7265)
4(7266 7267 7269 7268)
4(6557 6812 7270 7064)
4(6812 6813 7271 7270)
4(7064 7270 7272 7066)
4(7270 7271 7273 7272)
4(6813 6816 7274 7271)
4(6816 6817 7275 7274)
4(7271 7274 7276 7273)
4(7274 7275 7277 7276)
4(7066 7272 7278 7072)
4(7272 7273 7279 7278)
4(7072 7278 7280 7074)
4(7278 7279 7281 7280)
4(7273 7276 7399 7279)
4(7276 7277 7400 7399)
4(7279 7399 7401 7281)
4(7399 7400 7402 7401)
4(6817 6959 7403 7275)
4(6959 6960 7404 7403)
4(7275 7403 7405 7277)
4(7403 7404 7406 7405)
4(6960 7821 7926 7404)
4(7404 7926 7927 7406)
4(7277 7405 7409 7400)
4(7405 7406 7410 7409)
4(7400 7409 7411 7402)
4(7409 7410 7412 7411)
4(7406 7927 7930 7410)
4(7410 7930 7931 7412)
4(7074 7280 7532 7179)
4(7280 7281 7533 7532)
4(7179 7532 7534 7181)
4(7532 7533 7535 7534)
4(7281 7401 7536 7533)
4(7401 7402 7537 7536)
4(7533 7536 7538 7535)
4(7536 7537 7539 7538)
4(7181 7534 7540 7267)
4(7534 7535 7541 7540)
4(7267 7540 7542 7269)
4(7540 7541 7543 7542)
4(7535 7538 7544 7541)
4(7538 7539 7545 7544)
4(7541 7544 7546 7543)
4(7544 7545 7547 7546)
4(7402 7411 7548 7537)
4(7411 7412 7549 7548)
4(7537 7548 7550 7539)
4(7548 7549 7551 7550)
4(7412 7931 7948 7549)
4(7549 7948 7949 7551)
4(7539 7550 7554 7545)
4(7550 7551 7555 7554)
4(7545 7554 7556 7547)
4(7554 7555 7557 7556)
4(7551 7949 7952 7555)
4(7555 7952 7953 7557)
4(7157 7252 7666 7665)
4(7252 7253 7667 7666)
4(7666 7667 7669 7668)
4(7253 7256 7670 7667)
4(7256 7257 7671 7670)
4(7667 7670 7672 7669)
4(7670 7671 7673 7672)
4(7669 7672 7676 7674)
4(7672 7673 7677 7676)
4(7674 7676 7678 7675)
4(7676 7677 7679 7678)
4(7678 7679 6559 6558)
4(6558 6559 6561 6560)
4(7257 7518 6564 7671)
4(7518 7519 6565 6564)
4(7671 6564 6566 7673)
4(6564 6565 6567 6566)
4(7519 7522 6568 6565)
4(7522 7523 6569 6568)
4(6565 6568 6570 6567)
4(6568 6569 6571 6570)
4(7673 6566 6675 7677)
4(6566 6567 6676 6675)
4(7677 6675 6677 7679)
4(6675 6676 6678 6677)
4(6567 6570 6679 6676)
4(6570 6571 6680 6679)
4(6676 6679 6681 6678)
4(6679 6680 6682 6681)
4(7523 7591 6683 6569)
4(7591 7592 6684 6683)
4(6569 6683 6685 6571)
4(6683 6684 6686 6685)
4(7592 7595 6687 6684)
4(7595 7596 6688 6687)
4(6684 6687 6689 6686)
4(6687 6688 6690 6689)
4(6571 6685 6691 6680)
4(6685 6686 6692 6691)
4(6680 6691 6693 6682)
4(6691 6692 6694 6693)
4(6686 6689 6695 6692)
4(6689 6690 6696 6695)
4(6692 6695 6697 6694)
4(6695 6696 6698 6697)
4(7679 6677 6822 6559)
4(6677 6678 6823 6822)
4(6559 6822 6824 6561)
4(6822 6823 6825 6824)
4(6678 6681 6826 6823)
4(6681 6682 6827 6826)
4(6823 6826 6828 6825)
4(6826 6827 6829 6828)
4(6561 6824 6830 6562)
4(6824 6825 6831 6830)
4(6562 6830 6832 6563)
4(6830 6831 6833 6832)
4(6825 6828 6834 6831)
4(6828 6829 6835 6834)
4(6831 6834 6836 6833)
4(6834 6835 6837 6836)
4(6682 6693 6838 6827)
4(6693 6694 6839 6838)
4(6827 6838 6840 6829)
4(6838 6839 6841 6840)
4(6694 6697 6842 6839)
4(6697 6698 6843 6842)
4(6839 6842 6844 6841)
4(6842 6843 6845 6844)
4(6829 6840 6846 6835)
4(6840 6841 6847 6846)
4(6835 6846 6848 6837)
4(6846 6847 6849 6848)
4(6841 6844 6967 6847)
4(6844 6845 6968 6967)
4(6847 6967 6969 6849)
4(6967 6968 6970 6969)
4(6832 6833 7283 7282)
4(7282 7283 7285 7284)
4(6833 6836 7286 7283)
4(6836 6837 7287 7286)
4(7283 7286 7288 7285)
4(7286 7287 7289 7288)
4(7285 7288 7291 7290)
4(7288 7289 7292 7291)
4(6837 6848 7415 7287)
4(6848 6849 7416 7415)
4(7287 7415 7417 7289)
4(7415 7416 7418 7417)
4(6849 6969 7419 7416)
4(6969 6970 7420 7419)
4(7416 7419 7421 7418)
4(7419 7420 7422 7421)
4(7289 7417 7423 7292)
4(7417 7418 7424 7423)
4(7292 7423 7425 7293)
4(7423 7424 7426 7425)
4(7418 7421 7427 7424)
4(7421 7422 7428 7427)
4(7424 7427 7429 7426)
4(7427 7428 7430 7429)
4(7596 7168 7597 6688)
4(7168 7169 7598 7597)
4(6688 7597 7599 6690)
4(7597 7598 7600 7599)
4(7169 7172 7601 7598)
4(7172 7173 7602 7601)
4(7598 7601 7603 7600)
4(7601 7602 7604 7603)
4(6690 7599 7680 6696)
4(7599 7600 7681 7680)
4(6696 7680 7682 6698)
4(7680 7681 7683 7682)
4(7600 7603 7684 7681)
4(7603 7604 7685 7684)
4(7681 7684 7686 7683)
4(7684 7685 7687 7686)
4(7173 7264 7688 7602)
4(7264 7265 7689 7688)
4(7602 7688 7690 7604)
4(7688 7689 7691 7690)
4(7265 7268 7692 7689)
4(7268 7269 7693 7692)
4(7689 7692 7694 7691)
4(7692 7693 7695 7694)
4(7604 7690 7696 7685)
4(7690 7691 7697 7696)
4(7685 7696 7698 7687)
4(7696 7697 7699 7698)
4(7691 7694 7700 7697)
4(7694 7695 7701 7700)
4(7697 7700 7702 7699)
4(7700 7701 7703 7702)
4(6698 7682 6485 6843)
4(7682 7683 6486 6485)
4(6843 6485 6487 6845)
4(6485 6486 6488 6487)
4(7683 7686 6489 6486)
4(7686 7687 6490 6489)
4(6486 6489 6491 6488)
4(6489 6490 6492 6491)
4(6845 6487 6493 6968)
4(6487 6488 6494 6493)
4(6968 6493 6495 6970)
4(6493 6494 6496 6495)
4(6488 6491 6497 6494)
4(6491 6492 6498 6497)
4(6494 6497 6499 6496)
4(6497 6498 6500 6499)
4(7687 7698 6501 6490)
4(7698 7699 6502 6501)
4(6490 6501 6503 6492)
4(6501 6502 6504 6503)
4(7699 7702 6505 6502)
4(7702 7703 6506 6505)
4(6502 6505 6507 6504)
4(6505 6506 6508 6507)
4(6492 6503 6509 6498)
4(6503 6504 6510 6509)
4(6498 6509 6511 6500)
4(6509 6510 6512 6511)
4(6504 6507 6572 6510)
4(6507 6508 6573 6572)
4(6510 6572 6574 6512)
4(6572 6573 6575 6574)
4(7269 7542 6576 7693)
4(7542 7543 6577 6576)
4(7693 6576 6578 7695)
4(6576 6577 6579 6578)
4(7543 7546 6580 6577)
4(7546 7547 6581 6580)
4(6577 6580 6582 6579)
4(6580 6581 6583 6582)
4(7695 6578 6584 7701)
4(6578 6579 6585 6584)
4(7701 6584 6586 7703)
4(6584 6585 6587 6586)
4(6579 6582 6588 6585)
4(6582 6583 6589 6588)
4(6585 6588 6590 6587)
4(6588 6589 6591 6590)
4(7547 7556 6699 6581)
4(7556 7557 6700 6699)
4(6581 6699 6701 6583)
4(6699 6700 6702 6701)
4(7557 7953 7776 6700)
4(6700 7776 7777 6702)
4(6583 6701 6705 6589)
4(6701 6702 6706 6705)
4(6589 6705 6707 6591)
4(6705 6706 6708 6707)
4(6702 7777 7780 6706)
4(6706 7780 7781 6708)
4(7703 6586 6850 6506)
4(6586 6587 6851 6850)
4(6506 6850 6852 6508)
4(6850 6851 6853 6852)
4(6587 6590 6854 6851)
4(6590 6591 6855 6854)
4(6851 6854 6856 6853)
4(6854 6855 6857 6856)
4(6508 6852 6858 6573)
4(6852 6853 6859 6858)
4(6573 6858 6860 6575)
4(6858 6859 6861 6860)
4(6853 6856 6862 6859)
4(6856 6857 6863 6862)
4(6859 6862 6864 6861)
4(6862 6863 6865 6864)
4(6591 6707 6866 6855)
4(6707 6708 6867 6866)
4(6855 6866 6868 6857)
4(6866 6867 6869 6868)
4(6708 7781 7800 6867)
4(6867 7800 7801 6869)
4(6857 6868 6872 6863)
4(6868 6869 6873 6872)
4(6863 6872 6874 6865)
4(6872 6873 6875 6874)
4(6869 7801 7804 6873)
4(6873 7804 7805 6875)
4(6714 6715 6717 6716)
4(6712 6713 6719 6718)
4(6715 6718 6720 6717)
4(6718 6719 6721 6720)
4(6970 6495 6971 7420)
4(6495 6496 6972 6971)
4(7420 6971 6973 7422)
4(6971 6972 6974 6973)
4(6496 6499 6975 6972)
4(6499 6500 6976 6975)
4(6972 6975 6977 6974)
4(6975 6976 6978 6977)
4(7422 6973 6979 7428)
4(6973 6974 6980 6979)
4(7428 6979 6981 7430)
4(6979 6980 6982 6981)
4(6974 6977 6983 6980)
4(6977 6978 6984 6983)
4(6980 6983 6985 6982)
4(6983 6984 6986 6985)
4(6716 6717 7191 7190)
4(7190 7191 7193 7192)
4(6717 6720 7194 7191)
4(6720 6721 7195 7194)
4(7191 7194 7196 7193)
4(6500 6511 7075 6976)
4(7194 7195 7197 7196)
4(6511 6512 7076 7075)
4(7192 7193 7199 7198)
4(6976 7075 7077 6978)
4(7198 7199 7201 7200)
4(7193 7196 7310 7199)
4(7075 7076 7078 7077)
4(7196 7197 7311 7310)
4(7199 7310 7312 7201)
4(7310 7311 7313 7312)
4(6512 6574 7079 7076)
4(6574 6575 7080 7079)
4(7076 7079 7081 7078)
4(7079 7080 7082 7081)
4(7200 7201 7447 7446)
4(7446 7447 7449 7448)
4(7201 7312 7450 7447)
4(7312 7313 7451 7450)
4(7447 7450 7452 7449)
4(7450 7451 7453 7452)
4(7448 7449 7455 7454)
4(7454 7455 7457 7456)
4(7449 7452 7458 7455)
4(7452 7453 7459 7458)
4(7455 7458 7460 7457)
4(6978 7077 7083 6984)
4(7458 7459 7461 7460)
4(7077 7078 7084 7083)
4(6984 7083 7085 6986)
4(7083 7084 7086 7085)
4(7078 7081 7087 7084)
4(7081 7082 7088 7087)
4(7084 7087 7089 7086)
4(7087 7088 7090 7089)
4(6711 7605 7607 6713)
4(7605 7606 7608 7607)
4(7606 7609 7611 7608)
4(7430 6981 7091 7560)
4(7609 7610 7612 7611)
4(6713 7607 7613 6719)
4(6981 6982 7092 7091)
4(7607 7608 7614 7613)
4(6719 7613 7615 6721)
4(7613 7614 7616 7615)
4(7608 7611 7617 7614)
4(7091 7092 7094 7093)
4(7611 7612 7618 7617)
4(7614 7617 7619 7616)
4(7617 7618 7620 7619)
4(7610 6420 6422 7612)
4(6420 6421 6423 6422)
4(6421 6424 6426 6423)
4(6424 6425 6427 6426)
4(7612 6422 6428 7618)
4(6422 6423 6429 6428)
4(7618 6428 6430 7620)
4(6982 6985 7095 7092)
4(6428 6429 6431 6430)
4(6423 6426 6432 6429)
4(6985 6986 7096 7095)
4(6426 6427 6433 6432)
4(6429 6432 6434 6431)
4(7092 7095 7097 7094)
4(6432 6433 6435 6434)
4(7095 7096 7098 7097)
4(6425 6592 6594 6427)
4(6592 6593 6595 6594)
4(6593 6596 6598 6595)
4(6596 6597 6599 6598)
4(6427 6594 6600 6433)
4(6594 6595 6601 6600)
4(6433 6600 6602 6435)
4(6600 6601 6603 6602)
4(6595 6598 6604 6601)
4(6598 6599 6605 6604)
4(6601 6604 6606 6603)
4(6604 6605 6607 6606)
4(6597 6722 6724 6599)
4(6986 7085 7182 7096)
4(6722 6723 6725 6724)
4(7085 7086 7183 7182)
4(7096 7182 7184 7098)
4(7182 7183 7185 7184)
4(6723 7784 7785 6725)
4(6599 6724 6728 6605)
4(6724 6725 6729 6728)
4(6605 6728 6730 6607)
4(6728 6729 6731 6730)
4(6725 7785 7788 6729)
4(6729 7788 7789 6731)
4(6721 7615 6878 7195)
4(7615 7616 6879 6878)
4(7195 6878 6880 7197)
4(7086 7089 7186 7183)
4(6878 6879 6881 6880)
4(7616 7619 6882 6879)
4(7089 7090 7187 7186)
4(7619 7620 6883 6882)
4(6879 6882 6884 6881)
4(7183 7186 7188 7185)
4(6882 6883 6885 6884)
4(7197 6880 6886 7311)
4(7186 7187 7189 7188)
4(6880 6881 6887 6886)
4(7311 6886 6888 7313)
4(6886 6887 6889 6888)
4(6881 6884 6890 6887)
4(6884 6885 6891 6890)
4(6887 6890 6892 6889)
4(6890 6891 6893 6892)
4(7620 6430 6894 6883)
4(6430 6431 6895 6894)
4(6883 6894 6896 6885)
4(6894 6895 6897 6896)
4(6431 6434 6898 6895)
4(6434 6435 6899 6898)
4(6895 6898 6900 6897)
4(6898 6899 6901 6900)
4(6885 6896 6902 6891)
4(6896 6897 6903 6902)
4(6891 6902 6904 6893)
4(6902 6903 6905 6904)
4(6897 6900 6906 6903)
4(6900 6901 6907 6906)
4(6903 6906 6908 6905)
4(6906 6907 6909 6908)
4(7313 6888 6987 7451)
4(6888 6889 6988 6987)
4(7451 6987 6989 7453)
4(6987 6988 6990 6989)
4(6889 6892 6991 6988)
4(6892 6893 6992 6991)
4(6988 6991 6993 6990)
4(6991 6992 6994 6993)
4(7453 6989 6995 7459)
4(6989 6990 6996 6995)
4(7459 6995 6997 7461)
4(6995 6996 6998 6997)
4(6990 6993 6999 6996)
4(6993 6994 7000 6999)
4(6996 6999 7001 6998)
4(6999 7000 7002 7001)
4(6893 6904 7099 6992)
4(6904 6905 7100 7099)
4(6992 7099 7101 6994)
4(7099 7100 7102 7101)
4(6905 6908 7103 7100)
4(6908 6909 7104 7103)
4(7100 7103 7105 7102)
4(7103 7104 7106 7105)
4(6994 7101 7107 7000)
4(7101 7102 7108 7107)
4(7000 7107 7109 7002)
4(7107 7108 7110 7109)
4(7102 7105 7111 7108)
4(7105 7106 7112 7111)
4(7108 7111 7113 7110)
4(6575 6860 7294 7080)
4(7111 7112 7114 7113)
4(6435 6602 7115 6899)
4(6860 6861 7295 7294)
4(6602 6603 7116 7115)
4(6899 7115 7117 6901)
4(7080 7294 7296 7082)
4(7115 7116 7118 7117)
4(6603 6606 7202 7116)
4(7294 7295 7297 7296)
4(6606 6607 7203 7202)
4(7116 7202 7204 7118)
4(7202 7203 7205 7204)
4(6901 7117 7206 6907)
4(7117 7118 7207 7206)
4(6907 7206 7208 6909)
4(7206 7207 7209 7208)
4(7118 7204 7210 7207)
4(7204 7205 7211 7210)
4(7207 7210 7212 7209)
4(7210 7211 7213 7212)
4(6607 6730 7214 7203)
4(6730 6731 7215 7214)
4(7203 7214 7216 7205)
4(6861 6864 7298 7295)
4(7214 7215 7217 7216)
4(6864 6865 7299 7298)
4(7295 7298 7300 7297)
4(6731 7789 7900 7215)
4(7298 7299 7301 7300)
4(7215 7900 7901 7217)
4(7205 7216 7220 7211)
4(7216 7217 7221 7220)
4(7211 7220 7222 7213)
4(7220 7221 7223 7222)
4(7217 7901 7904 7221)
4(7221 7904 7905 7223)
4(6909 7208 7314 7104)
4(7208 7209 7315 7314)
4(7104 7314 7316 7106)
4(7082 7296 7302 7088)
4(7314 7315 7317 7316)
4(7209 7212 7318 7315)
4(7296 7297 7303 7302)
4(7212 7213 7319 7318)
4(7315 7318 7320 7317)
4(7088 7302 7304 7090)
4(7318 7319 7321 7320)
4(7106 7316 7322 7112)
4(7302 7303 7305 7304)
4(7316 7317 7323 7322)
4(7112 7322 7324 7114)
4(7322 7323 7325 7324)
4(7317 7320 7326 7323)
4(7320 7321 7327 7326)
4(7323 7326 7328 7325)
4(7326 7327 7329 7328)
4(7213 7222 7330 7319)
4(7222 7223 7331 7330)
4(7319 7330 7332 7321)
4(7330 7331 7333 7332)
4(7297 7300 7306 7303)
4(7223 7905 7916 7331)
4(7300 7301 7307 7306)
4(7331 7916 7917 7333)
4(7321 7332 7462 7327)
4(7303 7306 7308 7305)
4(7332 7333 7463 7462)
4(7327 7462 7464 7329)
4(7306 7307 7309 7308)
4(7462 7463 7465 7464)
4(7333 7917 7942 7463)
4(7463 7942 7943 7465)
4(6865 6874 7431 7299)
4(6874 6875 7432 7431)
4(7299 7431 7433 7301)
4(7431 7432 7434 7433)
4(6875 7805 7934 7432)
4(7432 7934 7935 7434)
4(7301 7433 7437 7307)
4(7433 7434 7438 7437)
4(7307 7437 7439 7309)
4(7437 7438 7440 7439)
4(7434 7935 7938 7438)
4(7438 7938 7939 7440)
4(7090 7304 7443 7187)
4(7304 7305 7444 7443)
4(7305 7308 7445 7444)
4(7768 9286 9287 7769)
4(7961 9369 9286 7768)
4(7769 9287 9288 7772)
4(7772 9288 9289 7773)
4(7773 9289 9310 7816)
4(7776 9290 9291 7777)
4(7953 9365 9290 7776)
4(7777 9291 9292 7780)
4(7780 9292 9293 7781)
4(7781 9293 9302 7800)
4(7784 9294 9295 7785)
4(7785 9295 9296 7788)
4(7788 9296 9297 7789)
4(7789 9297 9342 7900)
4(7792 9298 9299 7793)
4(7943 9359 9298 7792)
4(7793 9299 9300 7796)
4(7796 9300 9301 7797)
4(7797 9301 9306 7808)
4(7800 9302 9303 7801)
4(7801 9303 9304 7804)
4(7804 9304 9305 7805)
4(7805 9305 9354 7934)
4(7808 9306 9307 7809)
4(7809 9307 9308 7812)
4(7812 9308 9309 7813)
4(7813 9309 9348 7920)
4(7816 9310 9311 7817)
4(7817 9311 9312 7820)
4(7820 9312 9313 7821)
4(7821 9313 9350 7926)
4(7900 9342 9343 7901)
4(7901 9343 9344 7904)
4(7904 9344 9345 7905)
4(7905 9345 9346 7916)
4(7916 9346 9347 7917)
4(7917 9347 9358 7942)
4(7920 9348 9349 7921)
4(7921 9349 9360 7944)
4(7926 9350 9351 7927)
4(7927 9351 9352 7930)
4(7930 9352 9353 7931)
4(7931 9353 9362 7948)
4(7934 9354 9355 7935)
4(7935 9355 9356 7938)
4(7938 9356 9357 7939)
4(7942 9358 9359 7943)
4(7944 9360 9361 7945)
4(7945 9361 9366 7956)
4(7948 9362 9363 7949)
4(7949 9363 9364 7952)
4(7952 9364 9365 7953)
4(7956 9366 9367 7957)
4(7957 9367 9368 7960)
4(7960 9368 9369 7961)
4(8557 8558 7831 7830)
4(7830 7831 7833 7832)
4(8558 8563 7866 7831)
4(8563 8564 7867 7866)
4(7831 7866 7868 7833)
4(7866 7867 7869 7868)
4(8564 9129 7966 7867)
4(9129 9130 7967 7966)
4(7867 7966 7968 7869)
4(7966 7967 7969 7968)
4(9130 9135 7970 7967)
4(9135 9136 7971 7970)
4(7967 7970 7972 7969)
4(7970 7971 7973 7972)
4(9136 8004 7708 7971)
4(8004 8005 7709 7708)
4(7971 7708 7710 7973)
4(7708 7709 7711 7710)
4(8005 8010 7712 7709)
4(8010 8011 7713 7712)
4(7709 7712 7714 7711)
4(7712 7713 7715 7714)
4(8011 8585 7838 7713)
4(8585 8586 7839 7838)
4(7713 7838 7840 7715)
4(7838 7839 7841 7840)
4(8586 8591 7842 7839)
4(8591 8592 7843 7842)
4(7839 7842 7844 7841)
4(7842 7843 7845 7844)
4(8592 8734 7906 7843)
4(8734 8735 7907 7906)
4(7843 7906 7908 7845)
4(7906 7907 7909 7908)
4(8735 8740 7910 7907)
4(8740 8741 7911 7910)
4(7907 7910 7912 7909)
4(7910 7911 7913 7912)
4(8741 8032 7720 7911)
4(8032 8033 7721 7720)
4(7911 7720 7722 7913)
4(7720 7721 7723 7722)
4(8033 8038 7724 7721)
4(8038 8039 7725 7724)
4(7721 7724 7726 7723)
4(7724 7725 7727 7726)
4(8039 8135 7746 7725)
4(8135 8136 7747 7746)
4(7725 7746 7748 7727)
4(7746 7747 7749 7748)
4(8136 8141 7750 7747)
4(8141 8142 7751 7750)
4(7747 7750 7752 7749)
4(7750 7751 7753 7752)
4(8142 8621 7850 7751)
4(8621 8622 7851 7850)
4(7751 7850 7852 7753)
4(7850 7851 7853 7852)
4(8622 8627 7854 7851)
4(8627 8628 7855 7854)
4(7851 7854 7856 7853)
4(7854 7855 7857 7856)
4(8628 8770 7878 7855)
4(8770 8771 7879 7878)
4(7855 7878 7880 7857)
4(7878 7879 7881 7880)
4(8771 8776 7882 7879)
4(8776 8777 7883 7882)
4(7879 7882 7884 7881)
4(7882 7883 7885 7884)
4(8777 9214 7730 7883)
4(9214 9215 7731 7730)
4(7883 7730 7732 7885)
4(7730 7731 7733 7732)
4(9215 8080 7734 7731)
4(8080 8081 7735 7734)
4(7731 7734 7736 7733)
4(7734 7735 7737 7736)
4(8081 8163 7758 7735)
4(8163 8164 7759 7758)
4(7735 7758 7760 7737)
4(7758 7759 7761 7760)
4(8164 8169 7762 7759)
4(8169 8170 7763 7762)
4(7759 7762 7764 7761)
4(7762 7763 7765 7764)
4(7715 7840 7790 7941)
4(7840 7841 7791 7790)
4(7941 7790 6754 7467)
4(7790 7791 6755 6754)
4(7841 7844 7794 7791)
4(7844 7845 7795 7794)
4(7791 7794 6760 6755)
4(7794 7795 6761 6760)
4(7845 7908 7806 7795)
4(7908 7909 7807 7806)
4(7795 7806 6931 6761)
4(7806 7807 6932 6931)
4(7909 7912 7810 7807)
4(7912 7913 7811 7810)
4(7807 7810 6937 6932)
4(7810 7811 6938 6937)
4(7913 7722 7918 7811)
4(7722 7723 7919 7918)
4(7811 7918 7365 6938)
4(7918 7919 7366 7365)
4(7723 7726 7922 7919)
4(7726 7727 7923 7922)
4(7919 7922 7490 7366)
4(7922 7923 7491 7490)
4(7727 7748 7954 7923)
4(7748 7749 7955 7954)
4(7923 7954 7581 7491)
4(7954 7955 7582 7581)
4(7749 7752 7958 7955)
4(7752 7753 7959 7958)
4(7955 7958 7587 7582)
4(7958 7959 7588 7587)
4(8170 8526 7858 7763)
4(8526 8527 7859 7858)
4(7763 7858 7860 7765)
4(7858 7859 7861 7860)
4(8527 8532 7862 7859)
4(8532 8533 7863 7862)
4(7859 7862 7864 7861)
4(7862 7863 7865 7864)
4(8533 8798 7890 7863)
4(8798 8799 7891 7890)
4(7863 7890 7892 7865)
4(7890 7891 7893 7892)
4(8799 8804 7894 7891)
4(8804 8805 7895 7894)
4(7891 7894 7896 7893)
4(7894 7895 7897 7896)
4(8805 9260 7980 7895)
4(9260 9261 7981 7980)
4(7895 7980 7982 7897)
4(7980 7981 7983 7982)
4(9261 9266 7738 7981)
4(9266 9267 7739 7738)
4(7981 7738 7740 7983)
4(7738 7739 7741 7740)
4(7753 7852 7766 7959)
4(7852 7853 7767 7766)
4(7959 7766 6667 7588)
4(7766 7767 6668 6667)
4(7853 7856 7770 7767)
4(7856 7857 7771 7770)
4(7767 7770 6673 6668)
4(7770 7771 6674 6673)
4(7857 7880 7814 7771)
4(7880 7881 7815 7814)
4(7771 7814 6955 6674)
4(7814 7815 6956 6955)
4(7881 7884 7818 7815)
4(7884 7885 7819 7818)
4(7815 7818 6961 6956)
4(7818 7819 6962 6961)
4(7885 7732 7924 7819)
4(7732 7733 7925 7924)
4(7819 7924 7407 6962)
4(7924 7925 7408 7407)
4(7733 7736 7928 7925)
4(7736 7737 7929 7928)
4(7925 7928 7413 7408)
4(7928 7929 7414 7413)
4(7737 7760 7946 7929)
4(7760 7761 7947 7946)
4(7929 7946 7552 7414)
4(7946 7947 7553 7552)
4(7761 7764 7950 7947)
4(7764 7765 7951 7950)
4(7947 7950 7558 7553)
4(7950 7951 7559 7558)
4(7765 7860 7774 7951)
4(7860 7861 7775 7774)
4(7951 7774 6703 7559)
4(7774 7775 6704 6703)
4(7861 7864 7778 7775)
4(7864 7865 7779 7778)
4(7775 7778 6709 6704)
4(7778 7779 6710 6709)
4(7865 7892 7798 7779)
4(7892 7893 7799 7798)
4(7779 7798 6870 6710)
4(7798 7799 6871 6870)
4(7893 7896 7802 7799)
4(7896 7897 7803 7802)
4(7799 7802 6876 6871)
4(7802 7803 6877 6876)
4(7832 7833 7783 7782)
4(7782 7783 6727 6726)
4(7833 7868 7786 7783)
4(7868 7869 7787 7786)
4(7783 7786 6732 6727)
4(7786 7787 6733 6732)
4(7869 7968 7898 7787)
4(7968 7969 7899 7898)
4(7787 7898 7218 6733)
4(7898 7899 7219 7218)
4(7969 7972 7902 7899)
4(7972 7973 7903 7902)
4(7899 7902 7224 7219)
4(7902 7903 7225 7224)
4(7973 7710 7914 7903)
4(7710 7711 7915 7914)
4(7903 7914 7334 7225)
4(7914 7915 7335 7334)
4(7711 7714 7940 7915)
4(7714 7715 7941 7940)
4(7915 7940 7466 7335)
4(7940 7941 7467 7466)
4(7897 7982 7932 7803)
4(7982 7983 7933 7932)
4(7803 7932 7435 6877)
4(7932 7933 7436 7435)
4(7983 7740 7936 7933)
4(7740 7741 7937 7936)
4(7933 7936 7441 7436)
4(7936 7937 7442 7441)
4(8004 9268 9269 8005)
4(9136 9373 9268 8004)
4(8005 9269 9270 8010)
4(8010 9270 9271 8011)
4(8011 9271 9322 8585)
4(8032 9272 9273 8033)
4(8741 9333 9272 8032)
4(8033 9273 9274 8038)
4(8038 9274 9275 8039)
4(8039 9275 9278 8135)
4(8080 9276 9277 8081)
4(9215 9375 9276 8080)
4(8081 9277 9282 8163)
4(8135 9278 9279 8136)
4(8136 9279 9280 8141)
4(8141 9280 9281 8142)
4(8142 9281 9326 8621)
4(8163 9282 9283 8164)
4(8164 9283 9284 8169)
4(8169 9284 9285 8170)
4(8170 9285 9314 8526)
4(6668 9287 9286 6667)
4(6667 9286 9369 7588)
4(6673 9288 9287 6668)
4(6674 9289 9288 6673)
4(6955 9310 9289 6674)
4(6704 9291 9290 6703)
4(6703 9290 9365 7559)
4(6709 9292 9291 6704)
4(6710 9293 9292 6709)
4(6870 9302 9293 6710)
4(6727 9295 9294 6726)
4(6732 9296 9295 6727)
4(6733 9297 9296 6732)
4(7218 9342 9297 6733)
4(6755 9299 9298 6754)
4(6754 9298 9359 7467)
4(6760 9300 9299 6755)
4(6761 9301 9300 6760)
4(6931 9306 9301 6761)
4(6871 9303 9302 6870)
4(6876 9304 9303 6871)
4(6877 9305 9304 6876)
4(7435 9354 9305 6877)
4(6932 9307 9306 6931)
4(6937 9308 9307 6932)
4(6938 9309 9308 6937)
4(7365 9348 9309 6938)
4(6956 9311 9310 6955)
4(6961 9312 9311 6956)
4(6962 9313 9312 6961)
4(7407 9350 9313 6962)
4(8526 9314 9315 8527)
4(8527 9315 9316 8532)
4(8532 9316 9317 8533)
4(8533 9317 9338 8798)
4(8557 9318 9319 8558)
4(8558 9319 9320 8563)
4(8563 9320 9321 8564)
4(8564 9321 9370 9129)
4(8585 9322 9323 8586)
4(8586 9323 9324 8591)
4(8591 9324 9325 8592)
4(8592 9325 9330 8734)
4(8621 9326 9327 8622)
4(8622 9327 9328 8627)
4(8627 9328 9329 8628)
4(8628 9329 9334 8770)
4(8734 9330 9331 8735)
4(8735 9331 9332 8740)
4(8740 9332 9333 8741)
4(8770 9334 9335 8771)
4(8771 9335 9336 8776)
4(8776 9336 9337 8777)
4(8777 9337 9374 9214)
4(8798 9338 9339 8799)
4(8799 9339 9340 8804)
4(8804 9340 9341 8805)
4(8805 9341 9376 9260)
4(7219 9343 9342 7218)
4(7224 9344 9343 7219)
4(7225 9345 9344 7224)
4(7334 9346 9345 7225)
4(7335 9347 9346 7334)
4(7466 9358 9347 7335)
4(7366 9349 9348 7365)
4(7490 9360 9349 7366)
4(7408 9351 9350 7407)
4(7413 9352 9351 7408)
4(7414 9353 9352 7413)
4(7552 9362 9353 7414)
4(7436 9355 9354 7435)
4(7441 9356 9355 7436)
4(7442 9357 9356 7441)
4(7467 9359 9358 7466)
4(7491 9361 9360 7490)
4(7581 9366 9361 7491)
4(7553 9363 9362 7552)
4(7558 9364 9363 7553)
4(7559 9365 9364 7558)
4(7582 9367 9366 7581)
4(7587 9368 9367 7582)
4(7588 9369 9368 7587)
4(9129 9370 9371 9130)
4(9130 9371 9372 9135)
4(9135 9372 9373 9136)
4(9214 9374 9375 9215)
4(9260 9376 9377 9261)
4(9261 9377 9378 9266)
4(9266 9378 9379 9267)
4(3553 7144 7150 3567)
4(3554 7145 7144 3553)
4(3552 7143 7145 3554)
4(3559 7146 7143 3552)
4(2868 7029 7146 3559)
4(2869 7030 7029 2868)
4(2867 7028 7030 2869)
4(2863 7027 7028 2867)
4(2876 7033 7027 2863)
4(2874 7031 7033 2876)
4(2875 7032 7031 2874)
4(885 6537 7032 2875)
4(884 6536 6537 885)
4(890 6538 6536 884)
4(880 6534 6538 890)
4(881 6535 6534 880)
4(879 6533 6535 881)
4(490 6464 6533 879)
4(1197 6633 6464 490)
4(1195 6631 6633 1197)
4(1181 6625 6631 1195)
4(1182 6626 6625 1181)
4(1180 6624 6626 1182)
4(5284 7485 6624 1180)
4(5283 7484 7485 5284)
4(5289 7486 7484 5283)
4(5279 7482 7486 5289)
4(5277 7480 7482 5279)
4(4641 7339 7480 5277)
4(4642 7340 7339 4641)
4(4640 7338 7340 4642)
4(4636 7337 7338 4640)
4(4635 7336 7337 4636)
4(2349 6910 7336 4635)
4(2372 6921 6910 2349)
4(2370 6919 6921 2372)
4(2356 6913 6919 2370)
4(2354 6911 6913 2356)
4(1776 6744 6911 2354)
4(1774 6742 6744 1776)
4(1760 6736 6742 1774)
4(1758 6734 6736 1760)
4(5231 7456 6734 1758)
4(5229 7454 7456 5231)
4(5215 7448 7454 5229)
4(5213 7446 7448 5215)
4(4082 7200 7446 5213)
4(4080 7198 7200 4082)
4(4066 7192 7198 4080)
4(4064 7190 7192 4066)
4(1720 6716 7190 4064)
4(5819 9113 8539 3007)
4(5821 9115 9113 5819)
4(5827 9121 9115 5821)
4(5829 9123 9121 5827)
4(0 7984 9123 5829)
4(2 7986 7984 0)
4(8 7992 7986 2)
4(10 7994 7992 8)
4(3085 8565 7994 10)
4(3087 8567 8565 3085)
4(3093 8573 8567 3087)
4(3095 8575 8573 3093)
4(3736 8702 8575 3095)
4(3738 8704 8702 3736)
4(3744 8710 8704 3738)
4(3746 8712 8710 3744)
4(5931 9157 9155 5929)
4(5929 9155 9154 5928)
4(5928 9154 9153 5927)
4(3733 8701 8712 3746)
4(5927 9153 8701 3733)
4(5930 9156 9157 5931)
4(595 8101 9156 5930)
4(597 8103 8101 595)
4(601 8107 8103 597)
4(2583 8453 8451 2581)
4(2581 8451 8106 600)
4(599 8105 8107 601)
4(600 8106 8105 599)
4(2582 8452 8453 2583)
4(2588 8458 8452 2582)
4(2590 8460 8458 2588)
4(2120 8374 8372 2118)
4(1511 8277 8460 2590)
4(2118 8372 8277 1511)
4(2119 8373 8374 2120)
4(2123 8377 8373 2119)
4(5019 8955 8376 2122)
4(2121 8375 8377 2123)
4(2122 8376 8375 2121)
4(5018 8954 8955 5019)
4(5020 8956 8954 5018)
4(4455 8865 8863 4453)
4(4452 8862 8956 5020)
4(4453 8863 8862 4452)
4(4454 8864 8865 4455)
4(5069 8973 8864 4454)
4(5066 8970 8973 5069)
4(5068 8972 8970 5066)
4(5067 8971 8972 5068)
4(5073 8977 8971 5067)
4(883 885 2875 2871)
4(2572 883 2871 5039)
4(5038 5039 2871 2870)
4(2870 2871 2875 2874)
4(2870 2874 2876 2872)
4(5015 2864 2866 5017)
4(2864 2867 2869 2866)
4(2862 2872 2876 2863)
4(2862 2863 2867 2864)
4(4457 5040 2872 2862)
4(4457 2862 2864 5015)
4(5038 2870 2872 5040)
4(2865 2866 2869 2868)
4(2865 2868 3559 3555)
4(5564 5571 3555 3549)
4(5564 3549 3551 5566)
4(3549 3555 3559 3552)
4(3549 3552 3554 3551)
4(5016 2865 3555 5571)
4(5016 5017 2866 2865)
4(3550 3551 3554 3553)
4(3550 3553 3567 3563)
4(5565 3550 3563 5579)
4(5565 5566 3551 3550)
4(882 884 885 883)
4(882 886 890 884)
4(2571 2577 886 882)
4(2571 882 883 2572)
4(2567 877 886 2577)
4(877 880 890 886)
4(877 878 881 880)
4(2567 2568 878 877)
4(2566 876 878 2568)
4(876 879 881 878)
4(489 490 879 876)
4(489 1193 1197 490)
4(1513 489 876 2566)
4(1513 3195 1193 489)
4(2570 2572 5039 5035)
4(2122 2570 5035 5019)
4(5018 5019 5035 5034)
4(5034 5035 5039 5038)
4(5034 5038 5040 5036)
4(4453 4458 4460 4455)
4(4458 5015 5017 4460)
4(4456 5036 5040 4457)
4(4456 4457 5015 4458)
4(4452 5020 5036 4456)
4(4452 4456 4458 4453)
4(5018 5034 5036 5020)
4(4459 4460 5017 5016)
4(4459 5016 5571 5567)
4(5066 5069 5567 5561)
4(5066 5561 5563 5068)
4(5561 5567 5571 5564)
4(5561 5564 5566 5563)
4(4454 4459 5567 5069)
4(4454 4455 4460 4459)
4(5562 5563 5566 5565)
4(5562 5565 5579 5575)
4(5067 5562 5575 5073)
4(5067 5068 5563 5562)
4(1191 1195 1197 1193)
4(2599 1177 1179 2601)
4(1177 1180 1182 1179)
4(5282 5284 1180 1177)
4(616 5282 1177 2599)
4(1178 1179 1182 1181)
4(1178 1181 1195 1191)
4(2600 1178 1191 3193)
4(3193 1191 1193 3195)
4(2600 2601 1179 1178)
4(2569 2571 2572 2570)
4(2569 2573 2577 2571)
4(2128 2567 2577 2573)
4(2128 2129 2568 2567)
4(2121 2123 2573 2569)
4(2119 2128 2573 2123)
4(2121 2569 2570 2122)
4(1512 3191 3195 1513)
4(1512 1513 2566 2127)
4(2127 2566 2568 2129)
4(2118 2127 2129 2120)
4(1511 2590 3191 1512)
4(1511 1512 2127 2118)
4(2588 3189 3191 2590)
4(3189 3193 3195 3191)
4(2582 2597 3189 2588)
4(2582 2583 2598 2597)
4(2597 2600 3193 3189)
4(2597 2598 2601 2600)
4(2596 2599 2601 2598)
4(614 616 2599 2596)
4(600 614 2596 2581)
4(2581 2596 2598 2583)
4(2119 2120 2129 2128)
4(5281 5283 5284 5282)
4(5281 5285 5289 5283)
4(4634 4636 4640 4637)
4(4637 4640 4642 4639)
4(111 4637 4639 113)
4(107 4634 4637 111)
4(106 4633 4634 107)
4(4633 4635 4636 4634)
4(4388 2366 2368 4390)
4(2366 2370 2372 2368)
4(2348 2368 2372 2349)
4(2348 2349 4635 4633)
4(3735 4390 2368 2348)
4(3735 2348 4633 106)
4(38 5227 1754 3105)
4(5227 5231 1758 1754)
4(1754 1758 1760 1756)
4(1756 1760 1774 1770)
4(1770 1774 1776 1772)
4(1772 1776 2354 2350)
4(2350 2354 2356 2352)
4(2352 2356 2370 2366)
4(4374 2352 2366 4388)
4(4372 2350 2352 4374)
4(3723 1772 2350 4372)
4(3721 1770 1772 3723)
4(3107 1756 1770 3721)
4(3105 1754 1756 3107)
4(4638 4639 4642 4641)
4(4638 4641 5277 5273)
4(5273 5277 5279 5275)
4(5275 5279 5289 5285)
4(615 621 5285 5281)
4(611 5275 5285 621)
4(615 5281 5282 616)
4(609 5273 5275 611)
4(112 4638 5273 609)
4(112 113 4639 4638)
4(613 615 616 614)
4(613 617 621 615)
4(607 611 621 617)
4(599 601 617 613)
4(597 607 617 601)
4(599 613 614 600)
4(595 605 607 597)
4(605 609 611 607)
4(109 112 609 605)
4(109 110 113 112)
4(5930 109 605 595)
4(5930 5931 110 109)
4(108 111 113 110)
4(5929 108 110 5931)
4(5928 105 108 5929)
4(105 107 111 108)
4(104 106 107 105)
4(3734 3735 106 104)
4(3734 4386 4390 3735)
4(5927 104 105 5928)
4(3733 3734 104 5927)
4(3733 3746 4386 3734)
4(4384 4388 4390 4386)
4(3744 4384 4386 3746)
4(3738 4370 4384 3744)
4(4370 4374 4388 4384)
4(3736 4368 4370 3738)
4(4368 4372 4374 4370)
4(3093 3117 3119 3095)
4(3117 3721 3723 3119)
4(3119 3723 4372 4368)
4(3095 3119 4368 3736)
4(3103 3107 3721 3117)
4(3087 3103 3117 3093)
4(3101 3105 3107 3103)
4(8 32 34 10)
4(32 36 38 34)
4(36 5225 5227 38)
4(5225 5229 5231 5227)
4(5211 5215 5229 5225)
4(22 5211 5225 36)
4(34 38 3105 3101)
4(10 34 3101 3085)
4(3085 3101 3103 3087)
4(5209 5213 5215 5211)
4(5855 4076 4078 5857)
4(4076 4080 4082 4078)
4(4078 4082 5213 5209)
4(5857 4078 5209 20)
4(20 5209 5211 22)
4(5853 5857 20 16)
4(16 20 22 18)
4(18 22 36 32)
4(2 18 32 8)
4(0 16 18 2)
4(5837 5841 5855 5851)
4(5841 4062 4076 5855)
4(4062 4066 4080 4076)
4(5839 4060 4062 5841)
4(4060 4064 4066 4062)
4(1716 1720 4064 4060)
4(3663 1716 4060 5839)
4(5835 5839 5841 5837)
4(5829 5853 16 0)
4(5827 5851 5853 5829)
4(5851 5855 5857 5853)
4(5821 5837 5851 5827)
4(3659 3663 5839 5835)
4(3007 3659 5835 5819)
4(5819 5835 5837 5821)
4(4852 7939 9357 7442)
4(2993 2992 7093 7094)
4(3000 2993 7094 7097)
4(3001 3000 7097 7098)
4(3641 3001 7098 7184)
4(3642 3641 7184 7185)
4(3649 3642 7185 7188)
4(3650 3649 7188 7189)
4(4858 4856 7444 7445)
4(4856 4855 7443 7444)
4(3648 3650 7189 7187)
4(4855 3648 7187 7443)
4(2990 7091 7093 2992)
4(2990 5432 7560 7091)
4(4819 4263 7293 7425)
4(4820 4819 7425 7426)
4(4827 4820 7426 7429)
4(4828 7430 7560 5432)
4(4828 4827 7429 7430)
4(4294 4858 7445 7308)
4(4295 4294 7308 7309)
4(4847 4295 7309 7439)
4(4848 4847 7439 7440)
4(4852 4848 7440 7939)
4(4262 7292 7293 4263)
4(4262 4261 7291 7292)
4(4261 4257 7290 7291)
4(4247 7285 7290 4257)
4(4247 4246 7284 7285)
4(4244 7282 7284 4246)
4(1944 6832 7282 4244)
4(1944 933 6563 6832)
4(932 6562 6563 933)
4(929 6561 6562 932)
4(929 928 6560 6561)
4(926 6558 6560 928)
4(6374 7678 6558 926)
4(6374 6367 7675 7678)
4(6366 7674 7675 6367)
4(6355 7669 7674 6366)
4(6355 6354 7668 7669)
4(6352 7666 7668 6354)
4(6352 6347 7665 7666)
4(3570 3569 7152 7153)
4(3577 3570 7153 7156)
4(3578 7157 7665 6347)
4(3578 3577 7156 7157)
4(3567 7150 7152 3569)
4(6205 9267 9379 7979)
4(4850 4852 7442 7937)
4(387 4850 7937 7741)
4(385 387 7741 7739)
4(6205 385 7739 9267)
4(6203 6205 7979 9265)
4(6202 6203 9265 9264)
4(6161 6202 9264 9255)
4(6160 6161 9255 9254)
4(390 6160 9254 8100)
4(389 390 8100 8099)
4(388 389 8099 8098)
4(5206 388 8098 9026)
4(5208 5206 9026 9028)
4(5207 5208 9028 9027)
4(5204 5207 9027 9024)
4(5203 5204 9024 9023)
4(5184 5203 9023 9020)
4(5183 5184 9020 9019)
4(5180 5183 9019 9016)
4(5179 5180 9016 9015)
4(5179 9015 9013 5177)
4(837 5177 9013 8171)
4(837 8171 9247 6145)
4(6144 6145 9247 9246)
4(6141 6144 9246 9243)
4(6140 6141 9243 9242)
4(6105 6140 9242 9231)
4(6105 9231 9230 6104)
4(6103 6104 9230 9229)
4(6102 6103 9229 9228)
4(6102 9228 9223 6097)
4(6094 9220 8663 3367)
4(6096 6097 9223 9222)
4(6096 9222 9220 6094)
4(2215 3367 8663 8406)
4(2215 8406 8405 2214)
4(2214 8405 8404 2213)
4(2210 8401 8318 1598)
4(2212 2213 8404 8403)
4(2212 8403 8401 2210)
4(1595 1598 8318 8315)
4(1595 8315 8314 1594)
4(1594 8314 8309 1589)
4(1588 1589 8309 8308)
4(1588 8308 8306 1586)
4(1050 1586 8306 8200)
4(1050 8200 8984 5080)
4(5079 5080 8984 8983)
4(5076 5079 8983 8980)
4(5075 5076 8980 8979)
4(5075 8979 8977 5073)
4(4844 4848 4852 4850)
4(6225 4844 4850 387)
4(6224 4843 4844 6225)
4(4843 4847 4848 4844)
4(4291 4295 4847 4843)
4(6193 4291 4843 6224)
4(6192 396 4857 4290)
4(6192 4290 4291 6193)
4(4290 4857 4858 4294)
4(4290 4294 4295 4291)
4(394 4854 4857 396)
4(4854 4856 4858 4857)
4(393 4853 4854 394)
4(4853 4855 4856 4854)
4(5716 3644 4853 393)
4(5716 5718 3646 3644)
4(3644 3648 4855 4853)
4(3644 3646 3650 3648)
4(6221 6225 387 385)
4(6203 6221 385 6205)
4(6202 6220 6221 6203)
4(6220 6224 6225 6221)
4(6161 6189 6220 6202)
4(6189 6193 6224 6220)
4(6188 395 396 6192)
4(6188 6192 6193 6189)
4(389 392 395 390)
4(392 394 396 395)
4(6160 390 395 6188)
4(6160 6188 6189 6161)
4(3645 3649 3650 3646)
4(3638 3642 3649 3645)
4(5710 3638 3645 5717)
4(5717 3645 3646 5718)
4(3637 3641 3642 3638)
4(2997 3001 3641 3637)
4(5200 2997 3637 5709)
4(5709 3637 3638 5710)
4(2996 3000 3001 2997)
4(2989 2993 3000 2996)
4(5192 2989 2996 5199)
4(5199 2996 2997 5200)
4(2988 2992 2993 2989)
4(2986 2990 2992 2988)
4(5191 2988 2989 5192)
4(5189 2986 2988 5191)
4(839 5431 2986 5189)
4(5431 5432 2990 2986)
4(4824 4828 5432 5431)
4(383 4824 5431 839)
4(5712 5716 393 391)
4(5712 5714 5718 5716)
4(5206 5712 391 388)
4(5206 5208 5714 5712)
4(388 391 392 389)
4(391 393 394 392)
4(5713 5717 5718 5714)
4(5706 5710 5717 5713)
4(5204 5706 5713 5207)
4(5207 5713 5714 5208)
4(5705 5709 5710 5706)
4(5196 5200 5709 5705)
4(5184 5196 5705 5203)
4(5203 5705 5706 5204)
4(5187 5191 5192 5188)
4(5185 5189 5191 5187)
4(5188 5192 5199 5195)
4(5195 5199 5200 5196)
4(5183 5195 5196 5184)
4(5180 5188 5195 5183)
4(5179 5187 5188 5180)
4(4823 4827 4828 4824)
4(4816 4820 4827 4823)
4(375 4816 4823 382)
4(382 4823 4824 383)
4(374 4815 4816 375)
4(4815 4819 4820 4816)
4(4260 4263 4819 4815)
4(6129 4260 4815 374)
4(370 374 375 371)
4(838 839 5189 5185)
4(379 383 839 838)
4(837 838 5185 5177)
4(6145 379 838 837)
4(5177 5185 5187 5179)
4(4259 4262 4263 4260)
4(6128 4259 4260 6129)
4(4258 4261 4262 4259)
4(6127 4258 4259 6128)
4(6123 4256 4258 6127)
4(4256 4257 4261 4258)
4(4243 4247 4257 4256)
4(6113 4243 4256 6123)
4(1940 1944 4244 4240)
4(4242 4246 4247 4243)
4(4240 4244 4246 4242)
4(6112 4242 4243 6113)
4(6110 4240 4242 6112)
4(931 933 1944 1940)
4(3962 1940 4240 6110)
4(2227 931 1940 3962)
4(2226 930 931 2227)
4(930 932 933 931)
4(534 929 932 930)
4(2223 534 930 2226)
4(6370 6374 926 531)
4(533 928 929 534)
4(531 926 928 533)
4(2222 533 534 2223)
4(2220 531 533 2222)
4(6365 6367 6374 6370)
4(1626 6370 531 2220)
4(1619 6365 6370 1626)
4(1618 6364 6365 1619)
4(6364 6366 6367 6365)
4(6351 6355 6366 6364)
4(1607 6351 6364 1618)
4(6350 6354 6355 6351)
4(6348 6352 6354 6350)
4(1606 6350 6351 1607)
4(1604 6348 6350 1606)
4(1052 6346 6348 1604)
4(6346 6347 6352 6348)
4(3574 3578 6347 6346)
4(5590 3574 6346 1052)
4(5589 3573 3574 5590)
4(3573 3577 3578 3574)
4(3566 3570 3577 3573)
4(5582 3566 3573 5589)
4(5581 3565 3566 5582)
4(3565 3569 3570 3566)
4(3563 3567 3569 3565)
4(378 382 383 379)
4(371 375 382 378)
4(6141 371 378 6144)
4(6144 378 379 6145)
4(6126 6129 374 370)
4(6125 6128 6129 6126)
4(6140 370 371 6141)
4(6105 6126 370 6140)
4(6122 6123 6127 6124)
4(6124 6127 6128 6125)
4(6104 6125 6126 6105)
4(6109 6113 6123 6122)
4(6102 6122 6124 6103)
4(6097 6109 6122 6102)
4(6103 6124 6125 6104)
4(3391 3962 6110 6106)
4(6108 6112 6113 6109)
4(6106 6110 6112 6108)
4(6096 6108 6109 6097)
4(6094 6106 6108 6096)
4(2225 2227 3962 3391)
4(3367 3391 6106 6094)
4(2215 2225 3391 3367)
4(2219 2223 2226 2224)
4(2224 2226 2227 2225)
4(2214 2224 2225 2215)
4(2213 2219 2224 2214)
4(1622 1626 2220 2216)
4(2218 2222 2223 2219)
4(2216 2220 2222 2218)
4(2212 2218 2219 2213)
4(2210 2216 2218 2212)
4(1617 1619 1626 1622)
4(1598 1622 2216 2210)
4(1595 1617 1622 1598)
4(1594 1616 1617 1595)
4(1616 1618 1619 1617)
4(1603 1607 1618 1616)
4(1589 1603 1616 1594)
4(1602 1606 1607 1603)
4(1600 1604 1606 1602)
4(1588 1602 1603 1589)
4(1586 1600 1602 1588)
4(1050 1051 1600 1586)
4(1051 1052 1604 1600)
4(5586 5590 1052 1051)
4(5080 5586 1051 1050)
4(5079 5585 5586 5080)
4(5585 5589 5590 5586)
4(5578 5582 5589 5585)
4(5076 5578 5585 5079)
4(5075 5577 5578 5076)
4(5577 5581 5582 5578)
4(5579 3563 3565 5581)
4(5575 5579 5581 5577)
4(5073 5575 5577 5075)
4(1740 6726 9294 7784)
4(1726 6718 6715 1719)
4(1718 6714 6716 1720)
4(1719 6715 6714 1718)
4(1712 6712 6718 1726)
4(1713 6713 6712 1712)
4(1740 7784 6723 1735)
4(1735 6723 6722 1734)
4(1734 6722 6597 1122)
4(1122 6597 6596 1121)
4(1121 6596 6593 1114)
4(1114 6593 6592 1113)
4(1113 6592 6425 410)
4(410 6425 6424 409)
4(409 6424 6421 402)
4(402 6421 6420 401)
4(401 6420 7610 6239)
4(6239 7610 7609 6238)
4(6238 7609 7606 6231)
4(6231 7606 7605 6230)
4(1711 6711 6713 1713)
4(6230 7605 6711 1711)
4(3057 7826 9318 8557)
4(1738 7782 6726 1740)
4(3075 7832 7782 1738)
4(3073 7830 7832 3075)
4(3057 8557 7830 3073)
4(3054 8554 7826 3057)
4(3053 8553 8554 3054)
4(2511 8428 8553 3053)
4(2510 8427 8428 2511)
4(2507 8424 8427 2510)
4(2506 8423 8424 2507)
4(1408 8242 8423 2506)
4(1407 8241 8242 1408)
4(1404 8238 8241 1407)
4(1403 8237 8238 1404)
4(1360 8226 8237 1403)
4(1359 8225 8226 1360)
4(987 8173 8225 1359)
4(986 8172 8173 987)
4(3002 8534 8172 986)
4(3004 8536 8534 3002)
4(3003 8535 8536 3004)
4(3009 8541 8535 3003)
4(3006 8538 8541 3009)
4(3005 8537 8538 3006)
4(3007 8539 8537 3005)
4(3033 3034 1118 1117)
4(1117 1118 1122 1121)
4(1118 1730 1734 1122)
4(1730 1731 1735 1734)
4(1731 1738 1740 1735)
4(3070 3075 1738 1731)
4(3069 3070 1731 1730)
4(3034 3069 1730 1118)
4(3066 3073 3075 3070)
4(3054 3057 3073 3066)
4(3053 3054 3066 3065)
4(3065 3066 3070 3069)
4(3030 3065 3069 3034)
4(2511 3053 3065 3030)
4(3025 3026 1110 1109)
4(1109 1110 1114 1113)
4(1110 1117 1121 1114)
4(3026 3033 1117 1110)
4(3022 3029 3033 3026)
4(3029 3030 3034 3033)
4(2507 2510 3029 3022)
4(2510 2511 3030 3029)
4(406 1109 1113 410)
4(2031 3025 1109 406)
4(405 406 410 409)
4(2030 2031 406 405)
4(1424 2030 405 398)
4(398 405 409 402)
4(397 398 402 401)
4(1423 1424 398 397)
4(1384 1423 397 6235)
4(6235 397 401 6239)
4(6234 6235 6239 6238)
4(1383 1384 6235 6234)
4(1376 1383 6234 6227)
4(6227 6234 6238 6231)
4(6226 6227 6231 6230)
4(1407 1408 1428 1427)
4(1427 1428 2031 2030)
4(1428 3021 3025 2031)
4(3021 3022 3026 3025)
4(1408 2506 3021 1428)
4(2506 2507 3022 3021)
4(1708 6226 6230 1711)
4(1708 1711 1713 1710)
4(3654 1375 6226 1708)
4(3654 1708 1710 3656)
4(1375 1376 6227 6226)
4(1371 1372 1376 1375)
4(1372 1379 1383 1376)
4(1379 1380 1384 1383)
4(1360 1403 1419 1380)
4(1380 1419 1423 1384)
4(1419 1420 1424 1423)
4(1420 1427 2030 1424)
4(1404 1407 1427 1420)
4(1403 1404 1420 1419)
4(1359 1360 1380 1379)
4(987 1359 1379 1372)
4(3002 986 1371 3651)
4(3002 3651 3653 3004)
4(3651 1371 1375 3654)
4(3651 3654 3656 3653)
4(986 987 1372 1371)
4(1709 1710 1713 1712)
4(1709 1712 1726 1722)
4(3662 3669 1722 1715)
4(1715 1722 1726 1719)
4(3655 1709 1722 3669)
4(3655 3656 1710 1709)
4(3652 3653 3656 3655)
4(3652 3655 3669 3665)
4(3006 3009 3665 3658)
4(3658 3665 3669 3662)
4(3003 3652 3665 3009)
4(3003 3004 3653 3652)
4(1714 1715 1719 1718)
4(1714 1718 1720 1716)
4(3661 1714 1716 3663)
4(3661 3662 1715 1714)
4(3657 3661 3663 3659)
4(3657 3658 3662 3661)
4(3005 3657 3659 3007)
4(3005 3006 3658 3657)
)


// ************************************************************************* //
