/*--------------------------------*- C++ -*----------------------------------*\
| =========                 |                                                 |
| \\      /  F ield         | OpenFOAM: The Open Source CFD Toolbox           |
|  \\    /   O peration     | Version:  2412                                  |
|   \\  /    A nd           | Website:  www.openfoam.com                      |
|    \\/     M anipulation  |                                                 |
\*---------------------------------------------------------------------------*/
FoamFile
{
    version     2.0;
    format      ascii;
    arch        "LSB;label=32;scalar=64";
    note        "nPoints:9380  nCells:7506  nFaces:24297  nInternalFaces:20739";
    class       labelList;
    location    "constant/coolantZone/polyMesh";
    object      neighbour;
}
// * * * * * * * * * * * * * * * * * * * * * * * * * * * * * * * * * * * * * //


20739
(
1
1236
1360
2
1235
1359
3
1202
1358
4
1201
1357
5
1166
1356
6
1165
1355
7
1130
1354
8
1129
1353
9
1094
1352
10
1093
1351
11
1058
1350
12
1057
1349
13
1022
1348
14
1021
1347
15
986
1346
16
985
1345
17
950
1344
18
949
1343
19
914
1342
20
913
1341
21
876
1340
22
875
1339
23
838
1338
24
837
1337
25
798
1336
26
797
1335
27
757
1334
28
756
1333
29
715
1332
30
714
1331
31
671
1330
32
670
1329
33
625
1328
34
624
1327
35
576
1326
36
575
1325
37
525
1324
38
524
1323
39
471
1322
40
470
1321
41
414
1320
42
413
1319
43
354
1318
44
353
1317
45
301
1316
46
300
1315
47
251
1314
48
250
1313
49
203
1312
50
202
1311
51
157
1310
52
156
1309
53
113
1308
54
112
1307
73
1306
56
69
2822
57
68
2825
58
67
2846
59
66
2849
60
65
2870
61
64
2873
63
2894
63
87
2896
64
86
2893
65
85
2874
66
84
2869
67
83
2850
68
82
2845
69
81
2826
70
80
2821
71
79
2726
72
78
2725
77
2722
74
112
2735
75
111
2734
76
110
2733
77
109
2732
78
108
2731
79
107
2730
80
106
2729
81
105
2820
82
104
2831
83
103
2844
84
102
2855
85
101
2868
86
100
2879
87
99
2892
88
98
2901
89
97
3341
90
96
3342
91
95
3349
94
3678
93
133
3723
94
132
3722
95
131
3677
96
130
3676
97
129
3343
98
128
3344
99
127
2902
100
126
2891
101
125
2880
102
124
2867
103
123
2856
104
122
2843
105
121
2832
106
120
2819
107
119
2800
108
118
2799
109
117
2761
110
116
2762
111
115
2742
112
114
2743
113
2736
114
156
2747
115
155
2746
116
154
2766
117
153
2765
118
152
2805
119
151
2804
120
150
2803
121
149
2818
122
148
2837
123
147
2842
124
146
2861
125
145
2866
126
144
2885
127
143
2890
128
142
2907
129
141
3635
130
140
3636
131
139
3675
132
138
3684
133
137
3721
134
136
3728
135
3765
136
178
3764
137
177
3729
138
176
3720
139
175
3685
140
174
3674
141
173
3637
142
172
3634
143
171
2908
144
170
2889
145
169
2886
146
168
2865
147
167
2862
148
166
2841
149
165
2838
150
164
2817
151
163
2814
152
162
2813
153
161
2806
154
160
2807
155
159
2767
156
158
2768
157
2748
158
202
2925
159
201
2924
160
200
2923
161
199
2922
162
198
2921
163
197
2920
164
196
2919
165
195
2918
166
194
2917
167
193
2916
168
192
2915
169
191
2914
170
190
2913
171
189
2912
172
188
2911
173
187
3633
174
186
3644
175
185
3673
176
184
3690
177
183
3719
178
182
3734
179
181
3763
180
3770
181
225
3771
182
224
3762
183
223
3735
184
222
3718
185
221
3691
186
220
3672
187
219
3645
188
218
3632
189
217
3329
190
216
3328
191
215
3299
192
214
3298
193
213
3110
194
212
3109
195
211
3096
196
210
3097
197
209
2982
198
208
2981
199
207
2968
200
206
2967
201
205
2932
202
204
2933
203
2926
204
250
2937
205
249
2936
206
248
2959
207
247
2966
208
246
2975
209
245
2980
210
244
2989
211
243
3100
212
242
3101
213
241
3108
214
240
3276
215
239
3297
216
238
3306
217
237
3327
218
236
3433
219
235
3631
220
234
3650
221
233
3671
222
232
3696
223
231
3717
224
230
3740
225
229
3761
226
228
3776
227
3797
228
274
3796
229
273
3777
230
272
3760
231
271
3741
232
270
3716
233
269
3697
234
268
3670
235
267
3651
236
266
3630
237
265
3434
238
264
3326
239
263
3307
240
262
3296
241
261
3275
242
260
3274
243
259
3102
244
258
3103
245
257
2990
246
256
2979
247
255
2976
248
254
2965
249
253
2960
250
252
2961
251
2938
252
300
2999
253
299
2998
254
298
2997
255
297
2996
256
296
2995
257
295
2994
258
294
2993
259
293
3257
260
292
3258
261
291
3273
262
290
3282
263
289
3295
264
288
3312
265
287
3325
266
286
3453
267
285
3629
268
284
3656
269
283
3669
270
282
3702
271
281
3715
272
280
3746
273
279
3759
274
278
3782
275
277
3795
276
3802
277
325
3803
278
324
3794
279
323
3783
280
322
3758
281
321
3747
282
320
3714
283
319
3703
284
318
3668
285
317
3657
286
316
3628
287
315
3454
288
314
3324
289
313
3313
290
312
3294
291
311
3283
292
310
3272
293
309
3259
294
308
3256
295
307
3177
296
306
3176
297
305
3173
298
304
3172
299
303
3006
300
302
3007
301
3000
302
353
3011
303
352
3010
304
351
3184
305
350
3183
306
349
3182
307
348
3181
308
347
3180
309
346
3255
310
345
3266
311
344
3271
312
343
3288
313
342
3293
314
341
3318
315
340
3323
316
339
3622
317
338
3627
318
337
3662
319
336
3667
320
335
3708
321
334
3713
322
333
3752
323
332
3757
324
331
3788
325
330
3793
326
329
3808
328
3813
328
380
3815
329
379
3812
330
378
3809
331
377
3792
332
376
3789
333
375
3756
334
374
3753
335
373
3712
336
372
3709
337
371
3666
338
370
3663
339
369
3626
340
368
3623
341
367
3322
342
366
3319
343
365
3292
344
364
3289
345
363
3270
346
362
3267
347
361
3254
348
360
3251
349
359
3250
350
358
3193
351
357
3194
352
356
3185
353
355
3186
354
3012
355
413
3200
356
412
3199
357
411
3198
358
410
3197
359
409
3512
360
408
3525
361
407
3526
362
406
3839
363
405
3838
364
404
3837
365
403
3836
366
402
3835
367
401
3834
368
400
3833
369
399
3832
370
398
3831
371
397
3830
372
396
3829
373
395
3828
374
394
3827
375
393
3826
376
392
3825
377
391
3824
378
390
3823
379
389
3822
380
388
3821
381
387
3820
382
386
3819
383
385
3818
384
3817
385
5569
386
442
5562
387
441
5561
388
440
5543
389
439
5542
390
438
5517
391
437
5516
392
436
5300
393
435
5299
394
434
5288
395
433
5287
396
432
4697
397
431
4696
398
430
4693
399
429
4692
400
428
4063
401
427
4062
402
426
4033
403
425
4032
404
424
3857
405
423
3856
406
422
3841
407
421
3840
408
420
3527
409
419
3524
410
418
3511
411
417
3510
412
416
3207
413
415
3208
414
3201
415
470
3212
416
469
3211
417
468
3504
418
467
3509
419
466
3518
420
465
3523
421
464
3534
422
463
3847
423
462
3848
424
461
3855
425
460
4010
426
459
4031
427
458
4040
428
457
4061
429
456
4070
430
455
4703
431
454
4702
432
453
4701
433
452
4700
434
451
5286
435
450
5293
436
449
5298
437
448
5305
438
447
5515
439
446
5522
440
445
5541
441
444
5548
442
443
5560
5567
444
5559
445
497
5549
446
496
5540
447
495
5523
448
494
5514
449
493
5306
450
492
5297
451
491
5294
452
490
5285
453
489
4721
454
488
4720
455
487
4705
456
486
4704
457
485
4071
458
484
4060
459
483
4041
460
482
4030
461
481
4009
462
480
4008
463
479
3849
464
478
3850
465
477
3535
466
476
3522
467
475
3519
468
474
3508
469
473
3503
470
472
3502
471
3213
472
524
3544
473
523
3543
474
522
3542
475
521
3541
476
520
3540
477
519
3539
478
518
3538
479
517
3991
480
516
3992
481
515
4007
482
514
4016
483
513
4029
484
512
4046
485
511
4059
486
510
4076
487
509
4711
488
508
4712
489
507
4719
490
506
5313
491
505
5312
492
504
5311
493
503
5310
494
502
5309
495
501
5513
496
500
5528
497
499
5539
498
5554
499
5555
500
550
5538
501
549
5529
502
548
5512
503
547
5444
504
546
5443
505
545
5322
506
544
5323
507
543
5314
508
542
5315
509
541
4713
510
540
4714
511
539
4077
512
538
4058
513
537
4047
514
536
4028
515
535
4017
516
534
4006
517
533
3993
518
532
3990
519
531
3921
520
530
3920
521
529
3907
522
528
3906
523
527
3551
524
526
3552
525
3545
526
575
3556
527
574
3555
528
573
3898
529
572
3905
530
571
3914
531
570
3919
532
569
3984
533
568
3989
534
567
4000
535
566
4005
536
565
4022
537
564
4027
538
563
4052
539
562
4057
540
561
4082
541
560
5230
542
559
5231
543
558
5328
544
557
5327
545
556
5326
546
555
5347
547
554
5442
548
553
5506
549
552
5511
550
551
5534
5537
552
600
5535
553
599
5510
554
598
5507
555
597
5441
556
596
5346
557
595
5345
558
594
5330
559
593
5329
560
592
5232
561
591
5229
562
590
4083
563
589
4056
564
588
4053
565
587
4026
566
586
4023
567
585
4004
568
584
4001
569
583
3988
570
582
3985
571
581
3918
572
580
3915
573
579
3904
574
578
3899
575
577
3900
576
3557
577
624
3955
578
623
3960
579
622
3961
580
621
4097
581
620
4096
582
619
4095
583
618
4094
584
617
4093
585
616
4092
586
615
4091
587
614
4090
588
613
4089
589
612
4088
590
611
4087
591
610
4086
592
609
5228
593
608
5239
594
607
5336
595
606
5337
596
605
5344
597
604
5427
598
603
5440
599
602
5573
600
601
5572
5571
602
5579
603
647
5574
604
646
5439
605
645
5426
606
644
5425
607
643
5338
608
642
5339
609
641
5240
610
640
5227
611
639
4337
612
638
4336
613
637
4307
614
636
4306
615
635
4277
616
634
4276
617
633
4247
618
632
4246
619
631
4151
620
630
4152
621
629
4099
622
628
4098
623
627
3962
624
626
3959
625
3956
626
670
4108
627
669
4107
628
668
4106
629
667
4105
630
666
4156
631
665
4155
632
664
4224
633
663
4245
634
662
4254
635
661
4275
636
660
4284
637
659
4305
638
658
4314
639
657
4335
640
656
5123
641
655
5226
642
654
5245
643
653
5386
644
652
5387
645
651
5424
646
650
5433
647
649
5438
648
5581
649
5582
650
692
5437
651
691
5434
652
690
5423
653
689
5388
654
688
5385
655
687
5246
656
686
5225
657
685
5122
658
684
4334
659
683
4315
660
682
4304
661
681
4285
662
680
4274
663
679
4255
664
678
4244
665
677
4223
666
676
4222
667
675
4157
668
674
4158
669
673
4115
670
672
4116
671
4109
672
714
4120
673
713
4119
674
712
4174
675
711
4173
676
710
4208
677
709
4221
678
708
4230
679
707
4243
680
706
4260
681
705
4273
682
704
4290
683
703
4303
684
702
4320
685
701
4333
686
700
5121
687
699
5224
688
698
5685
689
697
5684
690
696
5683
691
695
5682
692
694
5681
693
5680
694
6237
695
735
6227
696
734
6226
697
733
5694
698
732
5695
699
731
5686
700
730
5687
701
729
5120
702
728
4332
703
727
4321
704
726
4302
705
725
4291
706
724
4272
707
723
4261
708
722
4242
709
721
4231
710
720
4220
711
719
4207
712
718
4206
713
717
4175
714
716
4176
715
4121
716
756
4194
717
755
4193
718
754
4192
719
753
4205
720
752
4214
721
751
4219
722
750
4236
723
749
4241
724
748
4266
725
747
4271
726
746
4296
727
745
4301
728
744
4326
729
743
4331
730
742
5119
731
741
5700
732
740
5699
733
739
5698
734
738
6220
735
737
6225
736
6234
737
777
6235
738
776
6224
739
775
6219
740
774
6218
741
773
5702
742
772
5701
743
771
5118
744
770
4330
745
769
4327
746
768
4300
747
767
4297
748
766
4270
749
765
4267
750
764
4240
751
763
4237
752
762
4218
753
761
4215
754
760
4204
755
759
4201
756
758
4200
757
4195
758
797
4814
759
796
4813
760
795
4827
761
794
4846
762
793
4847
763
792
4862
764
791
4863
765
790
5020
766
789
5021
767
788
5052
768
787
5053
769
786
5084
770
785
5085
771
784
5116
772
783
5117
773
782
6302
774
781
6301
775
780
6300
776
779
6299
777
778
6298
6297
779
817
6990
780
816
6320
781
815
6319
782
814
6304
783
813
6303
784
812
5712
785
811
5115
786
810
5086
787
809
5083
788
808
5054
789
807
5051
790
806
5022
791
805
5019
792
804
4864
793
803
4861
794
802
4848
795
801
4845
796
800
4826
797
799
4825
798
4815
799
837
4833
800
836
4832
801
835
4831
802
834
4844
803
833
4855
804
832
4860
805
831
4871
806
830
5018
807
829
5029
808
828
5050
809
827
5061
810
826
5082
811
825
5093
812
824
5114
813
823
5713
814
822
6310
815
821
6311
816
820
6318
817
819
6394
818
6989
819
6988
820
856
6393
821
855
6392
822
854
6312
823
853
6313
824
852
5714
825
851
5113
826
850
5094
827
849
5081
828
848
5062
829
847
5049
830
846
5030
831
845
5017
832
844
4872
833
843
4859
834
842
4856
835
841
4843
836
840
4840
837
839
4839
838
4834
839
875
4881
840
874
4880
841
873
4879
842
872
4878
843
871
4877
844
870
4876
845
869
4875
846
868
5016
847
867
5035
848
866
5048
849
865
5067
850
864
5080
851
863
5099
852
862
5112
853
861
5721
854
860
6383
855
859
6384
856
858
6391
857
6437
858
894
6436
859
893
6435
860
892
6385
861
891
6386
862
890
5722
863
889
5111
864
888
5100
865
887
5079
866
886
5068
867
885
5047
868
884
5036
869
883
5015
870
882
4996
871
881
4995
872
880
4957
873
879
4958
874
878
4888
875
877
4889
876
4882
877
913
4893
878
912
4892
879
911
4962
880
910
4961
881
909
5001
882
908
5000
883
907
4999
884
906
5014
885
905
5041
886
904
5046
887
903
5073
888
902
5078
889
901
5105
890
900
5110
891
899
5727
892
898
6444
893
897
6443
894
896
6442
895
6441
896
6462
897
931
6461
898
930
6446
899
929
6445
900
928
5728
901
927
5109
902
926
5106
903
925
5077
904
924
5074
905
923
5045
906
922
5042
907
921
5013
908
920
5010
909
919
5009
910
918
5002
911
917
5003
912
916
4963
913
915
4964
914
4894
915
949
5745
916
948
5744
917
947
5743
918
946
5742
919
945
5741
920
944
5740
921
943
5739
922
942
5738
923
941
5737
924
940
5736
925
939
5735
926
938
5734
927
937
5733
928
936
5732
929
935
5731
930
934
6452
931
933
6453
932
6460
933
967
6981
934
966
6454
935
965
6455
936
964
6173
937
963
6172
938
962
6143
939
961
6142
940
960
5940
941
959
5939
942
958
5926
943
957
5927
944
956
5802
945
955
5801
946
954
5788
947
953
5787
948
952
5752
949
951
5753
950
5746
951
985
5757
952
984
5756
953
983
5779
954
982
5786
955
981
5795
956
980
5800
957
979
5809
958
978
5930
959
977
5931
960
976
5938
961
975
6120
962
974
6141
963
973
6150
964
972
6171
965
971
6538
966
970
6956
967
969
6957
968
6980
969
1003
6979
970
1002
6958
971
1001
6955
972
1000
6539
973
999
6170
974
998
6151
975
997
6140
976
996
6119
977
995
6118
978
994
5932
979
993
5933
980
992
5810
981
991
5799
982
990
5796
983
989
5785
984
988
5780
985
987
5781
986
5758
987
1021
5819
988
1020
5818
989
1019
5817
990
1018
5816
991
1017
5815
992
1016
5814
993
1015
5813
994
1014
6101
995
1013
6102
996
1012
6117
997
1011
6126
998
1010
6139
999
1009
6156
1000
1008
6169
1001
1007
6542
1002
1006
6954
1003
1005
6965
1004
6978
1005
1039
6977
1006
1038
6966
1007
1037
6953
1008
1036
6543
1009
1035
6168
1010
1034
6157
1011
1033
6138
1012
1032
6127
1013
1031
6116
1014
1030
6103
1015
1029
6100
1016
1028
6021
1017
1027
6020
1018
1026
6017
1019
1025
6016
1020
1024
5826
1021
1023
5827
1022
5820
1023
1057
5831
1024
1056
5830
1025
1055
6028
1026
1054
6027
1027
1053
6026
1028
1052
6025
1029
1051
6024
1030
1050
6099
1031
1049
6110
1032
1048
6115
1033
1047
6132
1034
1046
6137
1035
1045
6162
1036
1044
6167
1037
1043
6924
1038
1042
6952
1039
1041
6971
1040
6976
1041
1075
6975
1042
1074
6972
1043
1073
6951
1044
1072
6923
1045
1071
6166
1046
1070
6163
1047
1069
6136
1048
1068
6133
1049
1067
6114
1050
1066
6111
1051
1065
6098
1052
1064
6095
1053
1063
6094
1054
1062
6037
1055
1061
6038
1056
1060
6029
1057
1059
6030
1058
5832
1059
1093
6044
1060
1092
6043
1061
1091
6042
1062
1090
6041
1063
1089
6605
1064
1088
6618
1065
1087
6619
1066
1086
6695
1067
1085
6694
1068
1084
6693
1069
1083
6714
1070
1082
6889
1071
1081
6890
1072
1080
6921
1073
1079
6922
1074
1078
7318
1075
1077
7319
1076
7333
1077
1111
7334
1078
1110
7320
1079
1109
7317
1080
1108
7089
1081
1107
6920
1082
1106
6891
1083
1105
6888
1084
1104
6713
1085
1103
6712
1086
1102
6697
1087
1101
6696
1088
1100
6620
1089
1099
6617
1090
1098
6604
1091
1097
6603
1092
1096
6051
1093
1095
6052
1094
6045
1095
1129
6056
1096
1128
6055
1097
1127
6597
1098
1126
6602
1099
1125
6611
1100
1124
6616
1101
1123
6627
1102
1122
6703
1103
1121
6704
1104
1120
6711
1105
1119
6866
1106
1118
6887
1107
1117
6898
1108
1116
6919
1109
1115
7090
1110
1114
7341
1111
1113
7340
1112
7339
1113
1147
7358
1114
1146
7343
1115
1145
7342
1116
1144
7091
1117
1143
6918
1118
1142
6899
1119
1141
6886
1120
1140
6865
1121
1139
6864
1122
1138
6705
1123
1137
6706
1124
1136
6628
1125
1135
6615
1126
1134
6612
1127
1133
6601
1128
1132
6596
1129
1131
6595
1130
6057
1131
1165
6637
1132
1164
6636
1133
1163
6635
1134
1162
6634
1135
1161
6633
1136
1160
6632
1137
1159
6631
1138
1158
6847
1139
1157
6848
1140
1156
6863
1141
1155
6872
1142
1154
6885
1143
1153
6904
1144
1152
6917
1145
1151
7098
1146
1150
7349
1147
1149
7350
1148
7357
1149
1183
7471
1150
1182
7351
1151
1181
7352
1152
1180
7099
1153
1179
6916
1154
1178
6905
1155
1177
6884
1156
1176
6873
1157
1175
6862
1158
1174
6849
1159
1173
6846
1160
1172
6777
1161
1171
6776
1162
1170
6763
1163
1169
6762
1164
1168
6644
1165
1167
6645
1166
6638
1167
1201
6649
1168
1200
6648
1169
1199
6754
1170
1198
6761
1171
1197
6770
1172
1196
6775
1173
1195
6840
1174
1194
6845
1175
1193
6856
1176
1192
6861
1177
1191
6878
1178
1190
6883
1179
1189
6910
1180
1188
6915
1181
1187
7104
1182
1186
7443
1183
1185
7444
1184
7472
1185
1219
7473
1186
1218
7445
1187
1217
7442
1188
1216
7105
1189
1215
6914
1190
1214
6911
1191
1213
6882
1192
1212
6879
1193
1211
6860
1194
1210
6857
1195
1209
6844
1196
1208
6841
1197
1207
6774
1198
1206
6771
1199
1205
6760
1200
1204
6755
1201
1203
6756
1202
6650
1203
1235
6811
1204
1234
6816
1205
1233
6817
1206
1232
7119
1207
1231
7118
1208
1230
7117
1209
1229
7116
1210
1228
7115
1211
1227
7114
1212
1226
7113
1213
1225
7112
1214
1224
7111
1215
1223
7110
1216
1222
7109
1217
1221
7108
1218
1220
7441
1219
7452
7488
1221
7440
1222
1250
7199
1223
1249
7198
1224
1248
7189
1225
1247
7188
1226
1246
7179
1227
1245
7178
1228
1244
7169
1229
1243
7168
1230
1242
7154
1231
1241
7155
1232
1240
7121
1233
1239
7120
1234
1238
6818
1235
1237
6815
1236
6812
1237
7130
1238
7129
1239
7128
1240
7127
1241
7159
1242
7158
1243
7165
1244
7167
1245
7176
1246
7177
1247
7186
1248
7187
1249
7196
1250
7197
7409
1252
1471
1580
1253
1472
1579
1254
1473
1578
1255
1474
1577
1256
1475
1576
1257
1476
1575
1258
1477
1574
1259
1478
1573
1260
1479
1572
1261
1480
1571
1262
1481
1570
1263
1482
1569
1264
1483
1568
1265
1484
1567
1266
1485
1566
1267
1486
1565
1268
1487
1564
1269
1488
1563
1270
1489
1562
1271
1490
1561
1272
1491
1560
1273
1492
1559
1274
1493
1558
1275
1494
1557
1276
1495
1556
1277
1496
1555
1278
1497
1554
1279
1498
1553
1280
1499
1552
1281
1500
1551
1282
1501
1550
1283
1502
1549
1284
1503
1548
1285
1504
1547
1286
1505
1546
1287
1506
1545
1288
1507
1544
1289
1508
1543
1290
1509
1542
1291
1510
1541
1292
1511
1540
1293
1512
1539
1294
1513
1538
1295
1514
1537
1296
1515
1536
1297
1516
1535
1298
1517
1534
1299
1518
1533
1300
1519
1532
1301
1520
1531
1302
1521
1530
1303
1522
1529
1304
1523
1528
1305
1524
1527
1525
1526
1307
1415
2735
1308
1414
2736
1309
1413
2747
1310
1412
2748
1311
1411
2925
1312
1410
2926
1313
1409
2937
1314
1408
2938
1315
1407
2999
1316
1406
3000
1317
1405
3011
1318
1404
3012
1319
1403
3200
1320
1402
3201
1321
1401
3212
1322
1400
3213
1323
1399
3544
1324
1398
3545
1325
1397
3556
1326
1396
3557
1327
1395
3955
1328
1394
3956
1329
1393
4108
1330
1392
4109
1331
1391
4120
1332
1390
4121
1333
1389
4194
1334
1388
4195
1335
1387
4814
1336
1386
4815
1337
1385
4833
1338
1384
4834
1339
1383
4881
1340
1382
4882
1341
1381
4893
1342
1380
4894
1343
1379
5745
1344
1378
5746
1345
1377
5757
1346
1376
5758
1347
1375
5819
1348
1374
5820
1349
1373
5831
1350
1372
5832
1351
1371
6044
1352
1370
6045
1353
1369
6056
1354
1368
6057
1355
1367
6637
1356
1366
6638
1357
1365
6649
1358
1364
6650
1359
1363
6811
1360
1362
6812
1361
7130
1362
1470
7131
1363
1469
6813
1364
1468
6810
1365
1467
6651
1366
1466
6652
1367
1465
6639
1368
1464
6640
1369
1463
6058
1370
1462
6059
1371
1461
6046
1372
1460
6047
1373
1459
5833
1374
1458
5834
1375
1457
5821
1376
1456
5822
1377
1455
5759
1378
1454
5760
1379
1453
5747
1380
1452
5748
1381
1451
4895
1382
1450
4896
1383
1449
4883
1384
1448
4884
1385
1447
4835
1386
1446
4836
1387
1445
4816
1388
1444
4817
1389
1443
4196
1390
1442
4197
1391
1441
4122
1392
1440
4123
1393
1439
4110
1394
1438
4111
1395
1437
3957
1396
1436
3954
1397
1435
3558
1398
1434
3559
1399
1433
3546
1400
1432
3547
1401
1431
3214
1402
1430
3215
1403
1429
3202
1404
1428
3203
1405
1427
3013
1406
1426
3014
1407
1425
3001
1408
1424
3002
1409
1423
2939
1410
1422
2940
1411
1421
2927
1412
1420
2928
1413
1419
2749
1414
1418
2750
1415
1417
2737
1416
2738
1417
1525
2753
1418
1524
2752
1419
1523
2751
1420
1522
2783
1421
1521
2943
1422
1520
2942
1423
1519
2941
1424
1518
3018
1425
1517
3017
1426
1516
3016
1427
1515
3015
1428
1514
3219
1429
1513
3218
1430
1512
3217
1431
1511
3216
1432
1510
3499
1433
1509
3562
1434
1508
3561
1435
1507
3560
1436
1506
3952
1437
1505
3953
1438
1504
3970
1439
1503
4126
1440
1502
4125
1441
1501
4124
1442
1500
4183
1443
1499
4801
1444
1498
4802
1445
1497
4818
1446
1496
4819
1447
1495
4901
1448
1494
4900
1449
1493
4899
1450
1492
4898
1451
1491
4897
1452
1490
4979
1453
1489
5763
1454
1488
5762
1455
1487
5761
1456
1486
5838
1457
1485
5837
1458
1484
5836
1459
1483
5835
1460
1482
6063
1461
1481
6062
1462
1480
6061
1463
1479
6060
1464
1478
6592
1465
1477
6655
1466
1476
6654
1467
1475
6653
1468
1474
6808
1469
1473
6809
1470
1472
6826
1471
7134
1472
7135
1473
6827
1474
6828
1475
6807
1476
6806
1477
6657
1478
6656
1479
6591
1480
6590
1481
6588
1482
6589
1483
6064
1484
6065
1485
6066
1486
6067
1487
5839
1488
5840
1489
5765
1490
5764
1491
4978
1492
4977
1493
4976
1494
4975
1495
4903
1496
4902
1497
4820
1498
4821
1499
4803
1500
4804
1501
4184
1502
4185
1503
4128
1504
4127
1505
3971
1506
3972
1507
3951
1508
3950
1509
3564
1510
3563
1511
3498
1512
3497
1513
3495
1514
3496
1515
3220
1516
3221
1517
3222
1518
3223
1519
3019
1520
3020
1521
2945
1522
2944
1523
2782
1524
2781
1525
2780
2779
1527
1635
2779
1528
1634
2780
1529
1633
2781
1530
1632
2782
1531
1631
2944
1532
1630
2945
1533
1629
3020
1534
1628
3019
1535
1627
3223
1536
1626
3222
1537
1625
3221
1538
1624
3220
1539
1623
3496
1540
1622
3495
1541
1621
3497
1542
1620
3498
1543
1619
3563
1544
1618
3564
1545
1617
3950
1546
1616
3951
1547
1615
3972
1548
1614
3971
1549
1613
4127
1550
1612
4128
1551
1611
4185
1552
1610
4184
1553
1609
4804
1554
1608
4803
1555
1607
4821
1556
1606
4820
1557
1605
4902
1558
1604
4903
1559
1603
4975
1560
1602
4976
1561
1601
4977
1562
1600
4978
1563
1599
5764
1564
1598
5765
1565
1597
5840
1566
1596
5839
1567
1595
6067
1568
1594
6066
1569
1593
6065
1570
1592
6064
1571
1591
6589
1572
1590
6588
1573
1589
6590
1574
1588
6591
1575
1587
6656
1576
1586
6657
1577
1585
6806
1578
1584
6807
1579
1583
6828
1580
1582
6827
1581
7135
1582
1690
7500
1583
1689
7499
1584
1688
6829
1585
1687
6830
1586
1686
6805
1587
1685
6658
1588
1684
6748
1589
1683
6747
1590
1682
6665
1591
1681
6587
1592
1680
6582
1593
1679
6581
1594
1678
6580
1595
1677
6073
1596
1676
6068
1597
1675
7502
1598
1674
5841
1599
1673
5766
1600
1672
5773
1601
1671
5772
1602
1670
4982
1603
1669
4973
1604
1668
4974
1605
1667
4904
1606
1666
4913
1607
1665
4822
1608
1664
4810
1609
1663
4809
1610
1662
4805
1611
1661
4806
1612
1660
4186
1613
1659
4129
1614
1658
7504
1615
1657
7503
1616
1656
3973
1617
1655
3974
1618
1654
3949
1619
1653
3565
1620
1652
3892
1621
1651
3891
1622
1650
3572
1623
1649
3494
1624
1648
3489
1625
1647
3488
1626
1646
3487
1627
1645
3229
1628
1644
3224
1629
1643
7505
1630
1642
3021
1631
1641
2946
1632
1640
2953
1633
1639
2952
1634
1638
2786
1635
1637
2777
1636
2778
1637
1745
2789
1638
1744
2788
1639
1743
2787
1640
1742
2951
1641
1741
2954
1642
1740
2955
1643
1739
3026
1644
1738
3025
1645
1737
3231
1646
1736
3230
1647
1735
3486
1648
1734
3485
1649
1733
3575
1650
1732
3574
1651
1731
3573
1652
1730
3890
1653
1729
3893
1654
1728
3894
1655
1727
3976
1656
1726
3975
1657
1725
4137
1658
1724
4136
1659
1723
4135
1660
1722
4134
1661
1721
4187
1662
1720
4188
1663
1719
4807
1664
1718
4808
1665
1717
4910
1666
1716
4911
1667
1715
4912
1668
1714
4914
1669
1713
4985
1670
1712
4984
1671
1711
4983
1672
1710
5771
1673
1709
5774
1674
1708
5775
1675
1707
5846
1676
1706
5845
1677
1705
6075
1678
1704
6074
1679
1703
6579
1680
1702
6578
1681
1701
6668
1682
1700
6667
1683
1699
6666
1684
1698
6746
1685
1697
6749
1686
1696
6750
1687
1695
6832
1688
1694
6831
1689
1693
7140
1690
1692
7139
1691
7138
1692
1801
7164
1693
1800
7146
1694
1799
7141
1695
1798
6833
1696
1797
6797
1697
1796
6795
1698
1795
6796
1699
1794
6745
1700
1793
6744
1701
1792
6727
1702
1791
6669
1703
1790
6672
1704
1789
6673
1705
1788
6081
1706
1787
6076
1707
1786
6001
1708
1785
5847
1709
1784
5864
1710
1783
5859
1711
1782
5858
1712
1781
5857
1713
1780
4986
1714
1779
4952
1715
1778
4951
1716
1777
4949
1717
1776
4950
1718
1775
4926
1719
1774
4925
1720
1773
4924
1721
1772
4783
1722
1771
4170
1723
1770
4169
1724
1769
4168
1725
1768
4143
1726
1767
4138
1727
1766
3977
1728
1765
3941
1729
1764
3939
1730
1763
3940
1731
1762
3889
1732
1761
3888
1733
1760
3871
1734
1759
3576
1735
1758
3579
1736
1757
3580
1737
1756
3237
1738
1755
3232
1739
1754
3157
1740
1753
3027
1741
1752
3044
1742
1751
3039
1743
1750
3038
1744
1749
3037
1745
1748
2790
1747
2756
1747
1857
2755
1748
1856
2794
1749
1855
2795
1750
1854
3036
1751
1853
3035
1752
1852
3040
1753
1851
3043
1754
1850
3159
1755
1849
3158
1756
1848
3239
1757
1847
3238
1758
1846
3581
1759
1845
3582
1760
1844
3873
1761
1843
3872
1762
1842
3887
1763
1841
3886
1764
1840
3933
1765
1839
3938
1766
1838
3979
1767
1837
3978
1768
1836
4145
1769
1835
4144
1770
1834
4167
1771
1833
4166
1772
1832
4785
1773
1831
4784
1774
1830
4923
1775
1829
4922
1776
1828
4927
1777
1827
4928
1778
1826
4948
1779
1825
4947
1780
1824
4990
1781
1823
4991
1782
1822
5856
1783
1821
5855
1784
1820
5860
1785
1819
5863
1786
1818
6003
1787
1817
6002
1788
1816
6083
1789
1815
6082
1790
1814
6674
1791
1813
6675
1792
1812
6729
1793
1811
6728
1794
1810
6743
1795
1809
6742
1796
1808
6789
1797
1807
6794
1798
1806
6835
1799
1805
6834
1800
1804
7148
1801
1803
7147
1802
7163
1803
1913
7408
1804
1912
7394
1805
1911
7149
1806
1910
7263
1807
1909
6836
1808
1908
7249
1809
1907
6788
1810
1906
6787
1811
1905
6736
1812
1904
6735
1813
1903
6730
1814
1902
6676
1815
1901
6677
1816
1900
6085
1817
1899
6084
1818
1898
6005
1819
1897
6004
1820
1896
5865
1821
1895
5993
1822
1894
5886
1823
1893
5885
1824
1892
4992
1825
1891
5881
1826
1890
5877
1827
1889
4943
1828
1888
4942
1829
1887
4937
1830
1886
4935
1831
1885
4936
1832
1884
4786
1833
1883
4778
1834
1882
4777
1835
1881
4776
1836
1880
4759
1837
1879
4146
1838
1878
4386
1839
1877
3980
1840
1876
4379
1841
1875
3932
1842
1874
3931
1843
1873
3880
1844
1872
3879
1845
1871
3874
1846
1870
3583
1847
1869
3584
1848
1868
3241
1849
1867
3240
1850
1866
3161
1851
1865
3160
1852
1864
3045
1853
1863
3149
1854
1862
3064
1855
1861
3063
1856
1860
2796
1857
1859
3058
1858
3055
1859
1969
3056
1860
1968
3057
1861
1967
3061
1862
1966
3062
1863
1965
3065
1864
1964
3148
1865
1963
3150
1866
1962
3151
1867
1961
3164
1868
1960
3165
1869
1959
3244
1870
1958
3245
1871
1957
3585
1872
1956
3875
1873
1955
3876
1874
1954
3929
1875
1953
3930
1876
1952
4381
1877
1951
4380
1878
1950
4382
1879
1949
4387
1880
1948
4761
1881
1947
4760
1882
1946
4775
1883
1945
4774
1884
1944
4790
1885
1943
4791
1886
1942
4792
1887
1941
4934
1888
1940
4938
1889
1939
4941
1890
1938
5875
1891
1937
5876
1892
1936
5882
1893
1935
5883
1894
1934
5884
1895
1933
5887
1896
1932
5992
1897
1931
5994
1898
1930
5995
1899
1929
6008
1900
1928
6009
1901
1927
6088
1902
1926
6089
1903
1925
6678
1904
1924
6731
1905
1923
6732
1906
1922
6785
1907
1921
6786
1908
1920
7251
1909
1919
7250
1910
1918
7265
1911
1917
7264
1912
1916
7396
1913
1915
7395
1914
7407
1915
2027
7403
1916
2026
7402
1917
2025
7397
1918
2024
7266
1919
2023
7258
1920
2022
7257
1921
2021
7252
1922
2020
7225
1923
2019
7224
1924
2018
7217
1925
2017
7218
1926
2016
6679
1927
2015
6680
1928
2014
6514
1929
2013
6509
1930
2012
6508
1931
2011
6507
1932
2010
6506
1933
2009
5921
1934
2008
5920
1935
2007
5915
1936
2006
5914
1937
2005
5909
1938
2004
5908
1939
2003
5903
1940
2002
5902
1941
2001
5901
1942
2000
5200
1943
1999
5195
1944
1998
5194
1945
1997
5193
1946
1996
5154
1947
1995
4768
1948
1994
4767
1949
1993
4762
1950
1992
4388
1951
1991
4397
1952
1990
4396
1953
1989
4374
1954
1988
4373
1955
1987
4372
1956
1986
4359
1957
1985
4358
1958
1984
3586
1959
1983
3471
1960
1982
3470
1961
1981
3469
1962
1980
3399
1963
1979
3394
1964
1978
3393
1965
1977
3091
1966
1976
3090
1967
1975
3085
1968
1974
3084
1969
1973
3079
1970
1972
3078
1971
3073
1972
2084
3074
1973
2083
3077
1974
2082
3080
1975
2081
3083
1976
2080
3086
1977
2079
3089
1978
2078
3142
1979
2077
3392
1980
2076
3401
1981
2075
3400
1982
2074
3468
1983
2073
3467
1984
2072
3588
1985
2071
3587
1986
2070
4357
1987
2069
4362
1988
2068
4371
1989
2067
4370
1990
2066
4394
1991
2065
4395
1992
2064
4398
1993
2063
4401
1994
2062
4763
1995
2061
4764
1996
2060
5156
1997
2059
5155
1998
2058
5192
1999
2057
5191
2000
2056
5202
2001
2055
5201
2002
2054
5900
2003
2053
5899
2004
2052
5904
2005
2051
5907
2006
2050
5910
2007
2049
5913
2008
2048
5916
2009
2047
5919
2010
2046
5986
2011
2045
6505
2012
2044
6504
2013
2043
6503
2014
2042
6516
2015
2041
6515
2016
2040
6681
2017
2039
6682
2018
2038
7219
2019
2037
7220
2020
2036
7223
2021
2035
7228
2022
2034
7253
2023
2033
7254
2024
2032
7270
2025
2031
7271
2026
2030
7398
2027
2029
7399
2028
7426
2029
2141
7427
2030
2140
7418
2031
2139
7419
2032
2138
7272
2033
2137
7281
2034
2136
7280
2035
2135
7279
2036
2134
7229
2037
2133
7222
2038
2132
7221
2039
2131
6690
2040
2130
6689
2041
2129
6688
2042
2128
6553
2043
2127
6517
2044
2126
6525
2045
2125
6523
2046
2124
6524
2047
2123
5985
2048
2122
5984
2049
2121
5979
2050
2120
5978
2051
2119
5973
2052
2118
5972
2053
2117
5967
2054
2116
5966
2055
2115
5961
2056
2114
5960
2057
2113
5203
2058
2112
5210
2059
2111
5209
2060
2110
5158
2061
2109
5157
2062
2108
5144
2063
2107
5145
2064
2106
4402
2065
2105
4419
2066
2104
4418
2067
2103
4413
2068
2102
4412
2069
2101
4364
2070
2100
4363
2071
2099
4356
2072
2098
3608
2073
2097
3589
2074
2096
3596
2075
2095
3595
2076
2094
3407
2077
2093
3402
2078
2092
3391
2079
2091
3141
2080
2090
3140
2081
2089
3135
2082
2088
3134
2083
2087
3129
2084
2086
3128
2085
3123
2086
2198
3124
2087
2197
3127
2088
2196
3130
2089
2195
3133
2090
2194
3136
2091
2193
3139
2092
2192
3390
2093
2191
3389
2094
2190
3409
2095
2189
3408
2096
2188
3594
2097
2187
3593
2098
2186
3610
2099
2185
3609
2100
2184
4355
2101
2183
4354
2102
2182
4410
2103
2181
4411
2104
2180
4414
2105
2179
4417
2106
2178
4420
2107
2177
4423
2108
2176
5146
2109
2175
5147
2110
2174
5148
2111
2173
5161
2112
2172
5208
2113
2171
5207
2114
2170
5958
2115
2169
5959
2116
2168
5962
2117
2167
5965
2118
2166
5968
2119
2165
5971
2120
2164
5974
2121
2163
5977
2122
2162
5980
2123
2161
5983
2124
2160
6490
2125
2159
6489
2126
2158
6522
2127
2157
6521
2128
2156
6555
2129
2155
6554
2130
2154
6687
2131
2153
6686
2132
2152
7075
2133
2151
7074
2134
2150
7233
2135
2149
7232
2136
2148
7278
2137
2147
7277
2138
2146
7282
2139
2145
7285
2140
2144
7420
2141
2143
7421
2142
7422
2143
2255
7433
2144
2254
7432
2145
2253
7431
2146
2252
7286
2147
2251
7295
2148
2250
7294
2149
2249
7240
2150
2248
7239
2151
2247
7234
2152
2246
7081
2153
2245
7076
2154
2244
7069
2155
2243
6562
2156
2242
6561
2157
2241
6556
2158
2240
6531
2159
2239
6526
2160
2238
6494
2161
2237
6491
2162
2236
6371
2163
2235
6366
2164
2234
6364
2165
2233
6365
2166
2232
6347
2167
2231
6342
2168
2230
6340
2169
2229
6341
2170
2228
6191
2171
2227
6192
2172
2226
5212
2173
2225
5211
2174
2224
5162
2175
2223
5171
2176
2222
5170
2177
2221
5169
2178
2220
4424
2179
2219
4449
2180
2218
4448
2181
2217
4443
2182
2216
4442
2183
2215
4437
2184
2214
4436
2185
2213
4435
2186
2212
3611
2187
2211
3603
2188
2210
3602
2189
2209
3597
2190
2208
3442
2191
2207
3410
2192
2206
3417
2193
2205
3385
2194
2204
3383
2195
2203
3384
2196
2202
3366
2197
2201
3361
2198
2200
3359
2199
3360
2200
2312
3353
2201
2311
3358
2202
2310
3368
2203
2309
3367
2204
2308
3377
2205
2307
3382
2206
2306
3415
2207
2305
3416
2208
2304
3444
2209
2303
3443
2210
2302
3598
2211
2301
3599
2212
2300
3615
2213
2299
3616
2214
2298
4434
2215
2297
4433
2216
2296
4438
2217
2295
4441
2218
2294
4444
2219
2293
4447
2220
2292
4450
2221
2291
4453
2222
2290
5168
2223
2289
5167
2224
2288
5166
2225
2287
5165
2226
2286
5182
2227
2285
5215
2228
2284
6193
2229
2283
6194
2230
2282
6334
2231
2281
6339
2232
2280
6349
2233
2279
6348
2234
2278
6358
2235
2277
6363
2236
2276
6373
2237
2275
6372
2238
2274
6492
2239
2273
6493
2240
2272
6527
2241
2271
6532
2242
2270
6557
2243
2269
6558
2244
2268
7067
2245
2267
7068
2246
2266
7077
2247
2265
7082
2248
2264
7235
2249
2263
7236
2250
2262
7292
2251
2261
7293
2252
2260
7296
2253
2259
7299
2254
2258
7430
2255
2257
7429
2256
7428
2257
2368
7439
2258
2367
7435
2259
2366
7434
2260
2365
7300
2261
2364
7301
2262
2363
7302
2263
2362
7303
2264
2361
7304
2265
2360
7305
2266
2359
7083
2267
2358
7311
2268
2357
7063
2269
2356
7501
2270
2355
6944
2271
2354
6943
2272
2353
6533
2273
2352
6934
2274
2351
6935
2275
2350
6936
2276
2349
6937
2277
2348
6374
2278
2347
6375
2279
2346
6357
2280
2345
6356
2281
2344
6350
2282
2343
6351
2283
2342
6333
2284
2341
6195
2285
2340
6196
2286
2339
5216
2287
2338
5181
2288
2337
5179
2289
2336
5180
2290
2335
5173
2291
2334
5172
2292
2333
4454
2293
2332
4455
2294
2331
4456
2295
2330
4457
2296
2329
4458
2297
2328
4459
2298
2327
4460
2299
2326
4461
2300
2325
3617
2301
2324
4472
2302
2323
4468
2303
2322
4469
2304
2321
3446
2305
2320
3445
2306
2319
3418
2307
2318
3427
2308
2317
3426
2309
2316
3376
2310
2315
3375
2311
2314
3369
2312
2313
3370
3352
2314
3351
2315
2422
3371
2316
2421
3374
2317
2420
3424
2318
2419
3425
2319
2418
3428
2320
2417
3429
2321
2416
3430
2322
2415
3449
2323
2414
3450
2324
2413
4470
2325
2412
4471
2326
2411
4473
2327
2410
4462
2328
2409
4732
2329
2408
4733
2330
2407
4736
2331
2406
4737
2332
2405
4740
2333
2404
4741
2334
2403
4744
2335
2402
4745
2336
2401
5174
2337
2400
5175
2338
2399
5178
2339
2398
5220
2340
2397
5217
2341
2396
6197
2342
2395
6200
2343
2394
6332
2344
2393
6331
2345
2392
6352
2346
2391
6355
2347
2390
6379
2348
2389
6376
2349
2388
6472
2350
2387
6471
2351
2386
6938
2352
2385
6939
2353
2384
6940
2354
2383
6941
2355
2382
6942
2356
2381
6945
2357
2380
6946
2358
2379
7062
2359
2378
7312
2360
2377
7313
2361
2376
7306
2362
2375
7371
2363
2374
7372
2364
2373
7375
2365
2372
7376
2366
2371
7379
2367
2370
7380
2368
2369
7436
7437
2370
7487
2371
2475
7484
2372
2474
7483
2373
2473
7481
2374
2472
7482
2375
2471
7465
2376
2470
7463
2377
2469
7464
2378
2468
7314
2379
2467
7329
2380
2466
7061
2381
2465
7060
2382
2464
7044
2383
2463
7039
2384
2462
7038
2385
2461
7037
2386
2460
7023
2387
2459
6479
2388
2458
6478
2389
2457
6473
2390
2456
6430
2391
2455
6380
2392
2454
6425
2393
2453
6420
2394
2452
6403
2395
2451
6404
2396
2450
6201
2397
2449
6210
2398
2448
6209
2399
2447
5221
2400
2446
5381
2401
2445
5376
2402
2444
5375
2403
2443
5370
2404
2442
5369
2405
2441
5364
2406
2440
5363
2407
2439
5361
2408
2438
5362
2409
2437
5265
2410
2436
5264
2411
2435
5263
2412
2434
4474
2413
2433
4517
2414
2432
4516
2415
2431
4511
2416
2430
4510
2417
2429
4505
2418
2428
4504
2419
2427
4499
2420
2426
4498
2421
2425
4493
2422
2424
4492
2423
4487
2424
2528
4488
2425
2527
4491
2426
2526
4494
2427
2525
4497
2428
2524
4500
2429
2523
4503
2430
2522
4506
2431
2521
4509
2432
2520
4512
2433
2519
4515
2434
2518
4518
2435
2517
4521
2436
2516
5262
2437
2515
5261
2438
2514
5266
2439
2513
5267
2440
2512
5360
2441
2511
5359
2442
2510
5365
2443
2509
5368
2444
2508
5371
2445
2507
5374
2446
2506
5377
2447
2505
5380
2448
2504
6207
2449
2503
6208
2450
2502
6211
2451
2501
6214
2452
2500
6405
2453
2499
6406
2454
2498
6419
2455
2497
6424
2456
2496
6426
2457
2495
6431
2458
2494
6474
2459
2493
6475
2460
2492
7025
2461
2491
7024
2462
2490
7036
2463
2489
7035
2464
2488
7046
2465
2487
7045
2466
2486
7059
2467
2485
7058
2468
2484
7328
2469
2483
7327
2470
2482
7366
2471
2481
7462
2472
2480
7466
2473
2479
7467
2474
2478
7480
2475
2477
7479
2476
7485
2477
7498
2478
7494
2479
7495
2480
7496
2481
7491
2482
7490
2483
7365
2484
7364
2485
7330
2486
7337
2487
7338
2488
7052
2489
7047
2490
7050
2491
7029
2492
7028
2493
7026
2494
2564
7015
2495
2563
7016
2496
2562
6432
2497
2561
7008
2498
2560
6417
2499
2559
6418
2500
2558
6407
2501
2557
6408
2502
2556
6215
2503
2555
6274
2504
2554
6273
2505
2553
6272
2506
2552
5382
2507
2551
5415
2508
2550
5414
2509
2549
5409
2510
2548
5408
2511
2547
5403
2512
2546
5402
2513
2545
5401
2514
2544
5280
2515
2543
5279
2516
2542
5276
2517
2541
5275
2518
2540
4522
2519
2539
4566
2520
2538
4565
2521
2537
4560
2522
2536
4559
2523
2535
4554
2524
2534
4553
2525
2533
4548
2526
2532
4547
2527
2531
4542
2528
2530
4541
2529
4540
2530
4539
2531
2595
4538
2532
2594
4543
2533
2593
4546
2534
2592
4549
2535
2591
4552
2536
2590
4555
2537
2589
4558
2538
2588
4561
2539
2587
4564
2540
2586
4567
2541
2585
4570
2542
2584
5274
2543
2583
5277
2544
2582
5278
2545
2581
5281
2546
2580
5400
2547
2579
5399
2548
2578
5404
2549
2577
5407
2550
2576
5410
2551
2575
5413
2552
2574
5416
2553
2573
5419
2554
2572
6271
2555
2571
6270
2556
2570
6279
2557
2569
6278
2558
2568
6409
2559
2567
6412
2560
2566
6413
2561
2565
6416
2562
7009
2563
7010
2564
7017
7018
2566
7005
2567
7002
2568
7001
2569
2623
7000
2570
2622
6293
2571
2621
6280
2572
2620
6287
2573
2619
6286
2574
2618
5420
2575
2617
6252
2576
2616
5497
2577
2615
5492
2578
2614
5491
2579
2613
5486
2580
2612
5484
2581
2611
5485
2582
2610
5282
2583
2609
5461
2584
2608
5460
2585
2607
5459
2586
2606
4571
2587
2605
4615
2588
2604
4614
2589
2603
4609
2590
2602
4608
2591
2601
4603
2592
2600
4602
2593
2599
4600
2594
2598
4601
2595
2597
4586
2596
4585
2597
4584
2598
2647
4587
2599
2646
4588
2600
2645
4599
2601
2644
4598
2602
2643
4604
2603
2642
4607
2604
2641
4610
2605
2640
4613
2606
2639
4616
2607
2638
4619
2608
2637
5458
2609
2636
5457
2610
2635
5466
2611
2634
5465
2612
2633
5480
2613
2632
5483
2614
2631
5487
2615
2630
5490
2616
2629
5499
2617
2628
5498
2618
2627
6253
2619
2626
6254
2620
2625
6285
2621
2624
6284
2622
6295
2623
6294
6999
2625
6288
2626
6262
2627
2667
6261
2628
2666
6248
2629
2665
6247
2630
2664
5500
2631
2663
5600
2632
2662
5601
2633
2661
5596
2634
2660
5479
2635
2659
5478
2636
2658
5467
2637
2657
5468
2638
2656
5469
2639
2655
4620
2640
2654
4645
2641
2653
4644
2642
2652
4639
2643
2651
4638
2644
2650
4633
2645
2649
4632
2646
2648
4594
2647
4593
4592
2649
4630
2650
4631
2651
2683
4634
2652
2682
4637
2653
2681
4640
2654
2680
4643
2655
2679
4646
2656
2678
4649
2657
2677
5470
2658
2676
5473
2659
2675
5474
2660
2674
5477
2661
2673
5594
2662
2672
5595
2663
2671
5602
2664
2670
5603
2665
2669
6245
2666
2668
6246
2667
6259
6260
2669
6296
2670
2696
6244
2671
2695
5604
2672
2694
5631
2673
2693
5630
2674
2692
5625
2675
2691
5624
2676
2690
5619
2677
2689
5618
2678
2688
5617
2679
2687
4650
2680
2686
4665
2681
2685
4664
2682
2684
4659
2683
4658
4657
2685
4660
2686
4663
2687
2705
4666
2688
2704
4669
2689
2703
5616
2690
2702
5615
2691
2701
5620
2692
2700
5623
2693
2699
5626
2694
2698
5629
2695
2697
5632
2696
5635
6243
2698
5661
2699
2712
5660
2700
2711
5655
2701
2710
5654
2702
2709
5649
2703
2708
5648
2704
2707
5647
2705
2706
4670
4673
2707
4675
2708
2716
5646
2709
2715
5645
2710
2714
5650
2711
2713
5653
2712
5656
5659
2714
5675
2715
2719
5672
2716
2718
5671
2717
5670
2718
2721
5669
2719
2720
5668
5673
2721
5679
5678
2723
2725
2731
2724
2754
2759
2725
2727
3054
3060
2726
2730
2727
2729
2821
2728
2828
3053
2729
2801
2829
3052
3060
2730
2800
2820
2731
2799
3060
2732
2759
2761
2733
2758
2762
2734
2740
2742
2735
2739
2743
2736
2738
2737
2743
2747
2738
2744
2750
2752
2739
2753
2740
2744
2775
2741
2758
2774
2742
2744
2763
2771
2773
2743
2762
2766
2744
2746
2745
2776
2746
2750
2769
2771
2785
2747
2766
2768
2748
2750
2749
2768
2925
2750
2769
2783
2928
2751
2752
2781
2783
2785
2753
2776
2780
2775
2779
2755
2793
3054
2794
3055
2757
2789
2790
2794
2758
2774
2791
2793
2759
2763
2760
2793
3060
2761
2763
2792
2798
2810
2762
2799
2805
2763
2765
2764
2791
2765
2771
2808
2810
3032
2766
2805
2807
2767
2771
2768
2770
2807
2923
2769
2924
2770
2784
2929
2771
2808
2930
2950
2772
2773
2785
2787
2950
3032
2774
2776
2788
2791
2775
2789
2776
2778
2777
2785
2778
2780
2786
2788
2779
2789
2780
2781
2782
2786
2783
2944
2952
2784
2943
2785
2948
2950
2952
2786
2787
2952
2788
2951
3037
2789
2790
2791
2795
3037
2792
3032
2793
2795
2797
3033
2794
3059
2795
3058
2796
3036
2797
3058
3061
3063
2798
3049
3051
3059
2799
2801
2811
3060
2800
2804
2801
2803
2819
2802
2834
3051
2803
2811
2815
2835
3050
2804
2814
2818
2805
2811
2813
2806
2810
2807
2809
2813
2921
2808
2922
2809
2971
3031
2810
2812
2970
3034
2811
3033
2812
3049
2813
2815
2985
3048
2814
2920
2815
2817
2919
2816
2984
3066
2817
2835
2839
3067
3093
2818
2838
2918
2819
2835
2837
2820
2832
2834
2821
2829
2831
2822
2826
2828
2823
2825
2824
2828
3072
2825
2827
2847
3075
2826
2846
2827
2831
2845
2828
2830
2852
3076
2829
3071
2830
2834
3070
2831
2833
2853
3081
2832
2844
2833
2837
2843
2834
2836
2858
3082
2835
3069
2836
3068
2837
2839
2859
3087
2838
2842
2839
2841
2917
2840
3088
3094
2841
2859
2863
3113
3117
2842
2862
2916
2843
2859
2861
2844
2856
2858
2845
2853
2855
2846
2850
2852
2847
2849
2848
2852
3122
2849
2851
2871
3125
2850
2870
2851
2855
2869
2852
2854
2876
3126
2853
3121
2854
2858
3120
2855
2857
2877
3131
2856
2868
2857
2861
2867
2858
2860
2882
3132
2859
3119
2860
3118
2861
2863
2883
3137
2862
2866
2863
2865
2915
2864
3112
3138
2865
2883
2887
3302
3380
2866
2886
2914
2867
2883
2885
2868
2880
2882
2869
2877
2879
2870
2874
2876
2871
2873
2872
2876
3355
2873
2875
2895
3354
2874
2894
2875
2879
2893
2876
2878
2898
3357
2877
3356
2878
2882
3362
2879
2881
2899
3363
2880
2892
2881
2885
2891
2882
2884
2904
3364
2883
3365
2884
3379
2885
2887
2905
3378
2886
2890
2887
2889
2913
2888
3301
3381
2889
2905
2909
3332
3334
2890
2908
2912
2891
2905
2907
2892
2902
2904
2893
2899
2901
2894
2896
2898
2895
2898
3339
2897
2901
2898
2900
3350
2899
3338
2900
2904
3337
2901
2903
3340
3372
2902
3341
2903
2907
3344
2904
2906
3345
3373
2905
3336
2906
3335
2907
2909
3423
3640
2908
3635
2909
2911
3634
2910
3422
3641
2911
3330
3332
3421
3642
2912
3329
3633
2913
3328
3332
2914
3299
3301
2915
3298
3302
2916
3110
3112
2917
3109
3113
2918
3094
3096
2919
3093
3097
2920
2982
2984
2921
2981
2985
2922
2968
2970
2923
2967
2971
2924
2930
2932
2925
2929
2933
2926
2928
2927
2933
2937
2928
2934
2940
2942
2929
2943
2930
2934
2948
2931
2949
2971
2932
2934
2956
2958
2972
2933
2959
2967
2934
2936
2935
2947
2936
2940
2958
2962
3022
2937
2959
2961
2938
2940
2939
2961
2999
2940
2962
3002
3018
2941
2942
3018
3020
3022
2943
2945
2947
2944
2948
2945
2953
2946
3020
2947
2953
2955
3021
2948
2956
3022
2949
2953
2950
2954
2956
3030
2951
3031
2952
2954
3038
2953
2954
2955
3039
2956
3026
3044
2957
3029
2958
3022
3024
3026
3028
2959
2963
2973
2960
2966
2961
2963
2965
2997
2962
2998
2963
3003
3023
2964
3004
3024
2965
2973
2977
3156
3170
2966
2976
2996
2967
2973
2975
2968
2972
2969
2975
2981
2970
2972
2974
2986
3042
2971
2985
3041
2972
3030
2973
3029
2974
3028
2975
2977
2987
3154
2976
2980
2977
2979
2995
2978
3155
3169
2979
2987
2991
3162
3168
2980
2990
2994
2981
2987
2989
2982
2986
2983
2989
3097
2984
2986
2988
3098
3146
2985
3093
3147
2986
3047
2987
3046
2988
3153
2989
2991
3099
3152
2990
3100
2991
2993
3103
2992
3104
3163
2993
3166
3168
3178
3262
2994
3177
3257
2995
3168
3176
2996
3169
3173
2997
3170
3172
2998
3004
3006
2999
3003
3007
3000
3002
3001
3007
3011
3002
3008
3014
3016
3003
3017
3004
3008
3225
3005
3170
3226
3006
3008
3171
3189
3227
3007
3172
3184
3008
3010
3009
3228
3010
3014
3187
3189
3482
3011
3184
3186
3012
3014
3013
3186
3200
3014
3187
3203
3219
3015
3016
3219
3221
3482
3017
3222
3228
3018
3223
3225
3019
3023
3020
3223
7505
3021
3022
3026
7505
3023
3024
3225
7505
3025
3156
3226
3026
3157
3231
7505
3027
3028
3044
3157
3159
3029
3154
3156
3030
3042
3044
3031
3039
3041
3032
3034
3038
3033
3037
3034
3036
3049
3035
3041
3048
3036
3038
3040
3064
3037
3063
3038
3039
3040
3044
3041
3043
3149
3042
3047
3043
3046
3154
3044
3045
3159
3046
3149
3150
3160
3047
3146
3153
3048
3147
3149
3049
3064
3066
3050
3063
3051
3062
3066
3068
3052
3061
3069
3053
3057
3059
3070
3054
3056
3071
3055
3059
3056
3058
3057
3078
3058
3061
3079
3059
3060
3062
3084
3063
3065
3085
3064
3065
3149
3066
3090
3148
3067
3147
3068
3088
3090
3092
3069
3085
3087
3070
3082
3084
3071
3079
3081
3072
3076
3078
3073
3075
3074
3078
3075
3077
3123
3076
3122
3077
3081
3121
3078
3080
3128
3079
3080
3084
3081
3083
3129
3082
3120
3083
3087
3119
3084
3086
3134
3085
3086
3090
3087
3089
3135
3088
3118
3089
3117
3143
3090
3140
3142
3091
3092
3142
3148
3393
3093
3143
3145
3147
3094
3098
3095
3113
3143
3096
3098
3106
3114
3144
3097
3101
3109
3098
3100
3099
3145
3100
3104
3106
3395
3101
3103
3102
3106
3108
3103
3105
3258
3274
3104
3257
3105
3262
3398
3106
3261
3279
3397
3107
3396
3108
3114
3277
3279
3403
3109
3274
3276
3110
3114
3111
3276
3298
3112
3114
3277
3303
3388
3113
3302
3387
3114
3116
3115
3116
3144
3388
3391
3403
3117
3141
3143
3387
3118
3138
3140
3119
3135
3137
3120
3132
3134
3121
3129
3131
3122
3126
3128
3123
3125
3124
3128
3125
3127
3360
3126
3355
3127
3131
3356
3128
3130
3359
3129
3130
3134
3131
3133
3361
3132
3362
3133
3137
3365
3134
3136
3366
3135
3136
3140
3137
3139
3384
3138
3379
3139
3380
3387
3140
3383
3390
3141
3142
3390
3391
3143
3392
3144
3145
3392
3396
3146
3393
3395
3147
3150
3152
3148
3149
3150
3151
3393
3152
3160
3164
3394
3153
3163
3395
3154
3160
3162
3155
3159
3156
3158
3162
3234
3157
3233
3158
3232
3159
3161
3239
3160
3161
3162
3164
3240
3163
3167
3164
3166
3398
3165
3399
3166
3240
3244
3469
3167
3243
3464
3168
3234
3240
3242
3169
3175
3170
3174
3234
3171
3233
3172
3174
3190
3236
3173
3183
3174
3176
3182
3175
3191
3235
3176
3178
3242
3248
3177
3181
3178
3180
3256
3179
3243
3263
3180
3246
3248
3252
3264
3181
3251
3255
3182
3248
3250
3183
3191
3193
3184
3190
3194
3185
3189
3186
3188
3194
3198
3187
3199
3188
3204
3483
3189
3195
3205
3484
3190
3481
3191
3195
3480
3192
3248
3479
3193
3195
3249
3478
3513
3194
3250
3512
3195
3197
3196
3578
3197
3205
3513
3515
3577
3198
3510
3512
3199
3205
3207
3200
3204
3208
3201
3203
3202
3208
3212
3203
3209
3215
3217
3204
3218
3205
3209
3490
3206
3491
3207
3209
3492
3505
3515
3208
3504
3510
3209
3211
3210
3493
3211
3215
3501
3505
3571
3212
3502
3504
3213
3215
3214
3502
3544
3215
3499
3501
3547
3216
3217
3497
3499
3571
3218
3493
3495
3219
3490
3496
3220
3483
3221
3488
3496
3222
3487
3223
3229
3224
3225
3229
3231
7505
3226
3228
3227
3231
3233
3228
3230
3236
3481
3229
3482
3230
3487
3231
3237
3486
3232
3233
3237
3239
3234
3236
3235
3239
3236
3238
3242
3479
3237
3480
3238
3580
3239
3241
3581
3240
3241
3242
3244
3584
3243
3247
3244
3246
3465
3245
3470
3246
3471
3584
3585
3247
3472
3476
3248
3477
3479
3584
3249
3250
3252
3477
3530
3251
3525
3252
3254
3526
3253
3476
3529
3254
3264
3268
3475
3844
3255
3267
3839
3256
3264
3266
3257
3259
3263
3258
3262
3259
3261
3273
3260
3266
3272
3261
3263
3265
3285
3466
3262
3280
3463
3263
3464
3264
3465
3265
3472
3266
3268
3286
3473
3267
3271
3268
3270
3838
3269
3474
3843
3270
3286
3290
3607
3860
3271
3289
3837
3272
3286
3288
3273
3283
3285
3274
3280
3282
3275
3279
3276
3278
3282
3296
3277
3297
3278
3304
3404
3279
3281
3309
3405
3280
3406
3281
3285
3462
3282
3284
3310
3461
3283
3295
3284
3288
3294
3285
3287
3315
3592
3286
3591
3287
3590
3288
3290
3316
3605
3289
3293
3290
3292
3836
3291
3606
3859
3292
3316
3320
3612
4036
3293
3319
3835
3294
3316
3318
3295
3313
3315
3296
3310
3312
3297
3307
3309
3298
3304
3306
3299
3303
3300
3306
3328
3301
3303
3305
3331
3413
3302
3332
3414
3303
3386
3304
3412
3305
3309
3411
3306
3308
3437
3439
3307
3327
3308
3312
3326
3309
3311
3436
3440
3310
3441
3311
3315
3460
3312
3314
3457
3459
3313
3325
3314
3318
3324
3315
3317
3456
3600
3316
3601
3317
3604
3318
3320
3614
3620
3319
3323
3320
3322
3834
3321
3613
4035
3322
3618
3620
3624
4066
3323
3623
3833
3324
3620
3622
3325
3454
3456
3326
3453
3457
3327
3434
3436
3328
3433
3437
3329
3331
3330
3433
3632
3331
3420
3432
3647
3332
3419
3437
3333
3334
3414
3419
3421
3427
3335
3381
3422
3426
3336
3376
3378
3423
3337
3364
3373
3375
3338
3363
3369
3372
3339
3350
3357
3370
3352
3354
3341
3345
3347
4486
3342
3344
3343
3347
3349
3344
3346
3636
3676
3345
3635
3346
3640
4485
3347
3639
3681
4490
3348
4489
3349
3679
3681
4534
3676
3678
3351
3372
3370
3371
3353
3370
3354
3358
3360
3355
3357
3356
3360
3357
3359
3362
3358
3363
3359
3368
3370
3360
3361
3362
3366
3368
3363
3365
3364
3368
3365
3367
3378
3366
3379
3367
3384
3368
3375
3377
3369
3370
3371
3375
3372
3374
4487
3373
4486
3374
3423
4485
3375
3424
4492
3376
3377
3424
3426
3378
3382
3384
3379
3381
3380
3384
3381
3383
3386
3382
3414
3383
3415
3426
3384
3385
3386
3390
3415
3417
3387
3412
3414
3388
3390
3389
3404
3412
3390
3391
3409
3417
3392
3402
3393
3401
3394
3395
3399
3401
3396
3398
3397
3401
3403
3398
3400
3406
3463
3399
3464
3400
3469
3401
3407
3468
3402
3403
3407
3409
3404
3406
3405
3409
3411
3406
3408
3441
3461
3407
3462
3408
3595
3409
3442
3594
3410
3411
3417
3442
3444
3412
3439
3441
3413
3417
3414
3416
3419
3439
3415
3416
3427
3417
3418
3444
3419
3427
3429
3445
3420
3438
3421
3429
3431
4481
3422
3428
4482
3423
3425
4483
3424
4484
3425
4493
3426
3428
4498
3427
3428
3429
4499
3430
4504
3431
3445
3449
4505
3432
3438
3448
4480
3433
3435
3437
3648
3434
3631
3435
3453
3630
3436
3448
3452
3653
3437
3447
3457
3438
3439
3445
3447
3440
3444
3441
3443
3447
3459
3442
3460
3443
3597
3444
3446
3598
3445
3446
3447
3449
4469
3448
3458
3449
3451
4479
3450
4510
3451
4469
4470
4511
3452
3458
4466
4478
3453
3455
3457
3654
3454
3629
3455
3622
3628
3456
3621
3659
4466
3457
3620
4467
3458
3459
4467
4469
3460
3598
3600
3461
3597
3601
3462
3592
3594
3463
3591
3595
3464
3466
3468
3465
3469
3466
3470
3472
3467
3473
3591
3468
3470
3588
3596
3469
3595
3470
3471
3472
3586
3588
3473
3475
3474
3588
3590
3475
3587
3607
3864
3476
3586
3865
3477
3585
3866
3478
3583
3867
3479
3578
3582
3868
3480
3581
3481
3578
3580
3482
3484
3486
3483
3487
3484
3488
3490
3485
3491
3578
3486
3488
3575
3579
3487
3580
3488
3489
3490
3494
3496
3575
3491
3493
3492
3575
3577
3493
3570
3574
3870
3494
3571
3495
3572
3574
3496
3497
3498
3572
3499
3563
3891
3500
3562
3501
3567
3569
3571
3891
3502
3506
3548
3503
3543
3504
3506
3508
3542
3505
3509
3506
3516
3570
3507
3549
3569
3508
3516
3520
3884
3910
3509
3519
3541
3510
3516
3518
3511
3515
3512
3514
3518
3524
3513
3525
3514
3530
3868
3515
3517
3531
3869
3516
3870
3517
3883
3518
3520
3532
3882
3519
3523
3520
3522
3540
3521
3885
3909
3522
3532
3536
3924
3926
3523
3535
3539
3524
3532
3534
3525
3527
3531
3526
3530
3527
3529
3839
3528
3534
3840
3529
3531
3533
3845
3877
3530
3844
3866
3531
3867
3532
3878
3533
3881
3534
3536
3846
3928
3535
3847
3536
3538
3850
3537
3851
3927
3538
3922
3924
3996
4376
3539
3921
3991
3540
3920
3924
3541
3907
3909
3542
3906
3910
3543
3549
3551
3544
3548
3552
3545
3547
3546
3552
3556
3547
3553
3559
3561
3548
3562
3549
3553
3567
3550
3568
3910
3551
3553
3895
3897
3911
3552
3898
3906
3553
3555
3554
3566
3555
3559
3897
3901
3948
3556
3898
3900
3557
3559
3558
3900
3955
3559
3901
3952
3954
3560
3561
3948
3950
3952
3562
3564
3566
3563
3567
3564
3892
3565
3950
3566
3892
3894
3949
3567
3895
3948
3568
3892
3569
3893
3895
3935
3570
3884
3890
3571
3573
3883
3572
3573
3891
3574
3888
3890
3575
3871
3576
3577
3579
3871
3873
3578
3868
3870
3579
3580
3582
3581
3582
3584
3583
3873
3584
3585
3874
3586
3875
3587
4358
3588
3608
4357
3589
3590
3596
3608
3610
3591
3605
3607
3592
3596
3593
3601
3605
3594
3596
3602
3610
3595
3597
3596
3598
3602
3599
4469
3600
3602
3615
4468
3601
3614
4467
3602
3604
3603
3604
3610
3611
3615
3605
3612
3614
3606
3610
3607
3609
3612
4352
3608
3863
3609
4356
3610
3611
4355
3612
3616
4435
3613
4351
3614
3616
3618
4350
3615
3619
3616
4472
3617
4434
3618
4461
4472
4473
3619
4349
4464
3620
4465
4467
4472
3621
3622
3624
3660
4465
3623
3627
3624
3626
3832
3625
4065
4464
3626
3660
3664
4475
4690
3627
3663
3831
3628
3660
3662
3629
3657
3659
3630
3654
3656
3631
3651
3653
3632
3648
3650
3633
3645
3647
3634
3642
3644
3635
3637
3641
3636
3640
3637
3639
3675
3638
3644
3674
3639
3641
3643
3687
4496
3640
3682
4495
3641
4484
3642
4483
3643
3647
4482
3644
3646
3688
4501
3645
3673
3646
3650
3672
3647
3649
3693
4502
3648
4481
3649
3653
4480
3650
3652
3694
4507
3651
3671
3652
3656
3670
3653
3655
3699
4508
3654
4479
3655
3659
4478
3656
3658
3700
4513
3657
3669
3658
3662
3668
3659
3661
3705
4514
3660
4477
3661
4476
3662
3664
3706
4519
3663
3667
3664
3666
3830
3665
4520
4689
3666
3706
3710
4523
4688
3667
3709
3829
3668
3706
3708
3669
3703
3705
3670
3700
3702
3671
3697
3699
3672
3694
3696
3673
3691
3693
3674
3688
3690
3675
3685
3687
3676
3682
3684
3677
3681
3678
3680
3684
3722
3679
3680
4535
3681
3683
3725
4537
3682
4533
3683
3687
4532
3684
3686
3726
4544
3685
3721
3686
3690
3720
3687
3689
3731
4545
3688
4531
3689
3693
4530
3690
3692
3732
4550
3691
3719
3692
3696
3718
3693
3695
3737
4551
3694
4529
3695
3699
4528
3696
3698
3738
4556
3697
3717
3698
3702
3716
3699
3701
3743
4557
3700
4527
3701
3705
4526
3702
3704
3744
4562
3703
3715
3704
3708
3714
3705
3707
3749
4563
3706
4525
3707
4524
3708
3710
3750
4568
3709
3713
3710
3712
3828
3711
4569
4687
3712
3750
3754
4572
4686
3713
3753
3827
3714
3750
3752
3715
3747
3749
3716
3744
3746
3717
3741
3743
3718
3738
3740
3719
3735
3737
3720
3732
3734
3721
3729
3731
3722
3726
3728
3723
3725
3724
3728
3725
3727
4583
3726
4536
3727
3731
4581
3728
3730
3766
4582
3729
3765
3730
3734
3764
3731
3733
3767
4589
3732
4580
3733
3737
4579
3734
3736
3768
4596
3735
3763
3736
3740
3762
3737
3739
3773
4597
3738
4578
3739
3743
4577
3740
3742
3774
4605
3741
3761
3742
3746
3760
3743
3745
3779
4606
3744
4576
3745
3749
4575
3746
3748
3780
4611
3747
3759
3748
3752
3758
3749
3751
3785
4612
3750
4574
3751
4573
3752
3754
3786
4617
3753
3757
3754
3756
3826
3755
4618
4685
3756
3786
3790
4621
4684
3757
3789
3825
3758
3786
3788
3759
3783
3785
3760
3780
3782
3761
3777
3779
3762
3774
3776
3763
3771
3773
3764
3768
3770
3765
3767
3766
3767
4591
3768
4590
3769
3773
4595
3770
3772
4629
3771
3772
3776
3773
3775
4628
3774
4627
3775
3779
4626
3776
3778
3798
4635
3777
3797
3778
3782
3796
3779
3781
3799
4636
3780
4625
3781
3785
4624
3782
3784
3800
4641
3783
3795
3784
3788
3794
3785
3787
3805
4642
3786
4623
3787
4622
3788
3790
3806
4647
3789
3793
3790
3792
3824
3791
4648
4683
3792
3806
3810
4651
4682
3793
3809
3823
3794
3806
3808
3795
3803
3805
3796
3800
3802
3797
3799
3798
3799
4656
3800
4655
3801
3805
4654
3802
3804
4661
3803
3804
3808
3805
3807
4662
3806
4653
3807
4652
3808
3810
3814
4667
3809
3813
3810
3812
3822
3811
4668
4681
3812
3814
3816
4671
4680
3813
3815
3821
3814
4672
3816
3820
4674
4679
3818
4676
5569
3819
4677
5562
3820
4678
5561
3821
4679
5543
3822
4680
5542
3823
4681
5517
3824
4682
5516
3825
4683
5300
3826
4684
5299
3827
4685
5288
3828
4686
5287
3829
4687
4697
3830
4688
4696
3831
4689
4693
3832
4690
4692
3833
4063
4065
3834
4062
4066
3835
4033
4035
3836
4032
4036
3837
3857
3859
3838
3856
3860
3839
3841
3843
3840
3844
3841
3845
3847
3842
3848
3856
3843
3845
3853
3861
4361
3844
3860
3864
3845
3865
3846
4360
3847
3851
3853
4367
3848
3850
3849
3853
3855
3850
3852
3992
4008
3851
3991
3852
3996
4368
3853
3995
4013
4369
3854
4366
3855
3861
4011
4013
4365
3856
4008
4010
3857
3861
3858
4010
4032
3859
3861
4011
4037
4353
3860
4036
4352
3861
3863
3862
3863
4353
4361
4363
4365
3864
4352
4356
3865
4357
4361
3866
4358
4360
3867
3875
3877
3868
3874
3878
3869
3873
3870
3872
3878
3882
3871
3883
3872
3888
3873
3879
3887
3874
3875
3879
3876
4358
3877
3879
3929
4359
3878
3928
4360
3879
3881
3880
3881
3887
3929
3931
3882
3926
3928
3883
3885
3887
3884
3888
3885
3889
3935
3886
3926
3934
3887
3889
3931
3933
3888
3889
3890
3940
3891
3893
3892
3893
3894
3940
3895
3939
3976
3896
3936
3897
3942
3946
3948
3976
3898
3902
3912
3899
3905
3900
3902
3904
3961
3901
3960
3902
3947
3965
3903
3946
3964
3904
3912
3916
3945
4102
3905
3915
4097
3906
3912
3914
3907
3911
3908
3914
3920
3909
3911
3913
3923
3937
3910
3924
3934
3911
3935
3912
3936
3913
3942
3914
3916
3943
3982
3915
3919
3916
3918
4096
3917
3944
4101
3918
3982
3986
4148
4385
3919
3985
4095
3920
3982
3984
3921
3923
3922
3984
3990
3923
3983
3997
4377
3924
3982
4378
3925
3926
3932
3934
4376
4378
3927
3931
3928
3930
4368
4376
3929
4367
3930
4372
3931
4373
4381
3932
3933
4379
4381
3934
3938
3940
3935
3937
3936
3940
3937
3939
3942
3938
3943
4378
3939
3979
4379
3940
3941
3942
3976
3977
3979
3943
3945
3944
3979
3981
3945
3978
4140
4385
3946
3977
4139
3947
3967
3975
3948
3952
3966
3974
3949
3950
3974
3976
3951
3952
3972
3974
3953
3954
3966
3970
3972
3955
3957
3965
3956
3960
3957
3959
4108
3958
3970
4111
3959
3963
3965
3969
4112
3960
3962
4107
3961
3965
3962
3964
4097
3963
4098
4106
3964
3968
4103
4113
3965
3967
4102
3966
3967
3969
3973
3968
4137
4139
3969
4132
4136
4142
3970
4131
7503
3971
4126
3972
4127
7503
3973
3974
4137
7503
3975
3976
3977
4137
3978
4138
3979
4145
4386
3980
3981
4379
4382
4386
3982
4378
4383
4385
3983
3984
3986
3998
4383
3985
3989
3986
3988
4094
3987
4149
4384
3988
3998
4002
4250
4389
3989
4001
4093
3990
3998
4000
3991
3993
3997
3992
3996
3993
3995
4007
3994
4000
4006
3995
3997
3999
4019
4392
3996
4014
4393
3997
4375
3998
4391
3999
4390
4000
4002
4020
4399
4001
4005
4002
4004
4092
4003
4249
4400
4004
4020
4024
4280
4403
4005
4023
4091
4006
4020
4022
4007
4017
4019
4008
4014
4016
4009
4013
4010
4012
4016
4030
4011
4031
4012
4038
4409
4013
4015
4043
4408
4014
4407
4015
4019
4406
4016
4018
4044
4415
4017
4029
4018
4022
4028
4019
4021
4049
4416
4020
4405
4021
4404
4022
4024
4050
4421
4023
4027
4024
4026
4090
4025
4279
4422
4026
4050
4054
4310
4425
4027
4053
4089
4028
4050
4052
4029
4047
4049
4030
4044
4046
4031
4041
4043
4032
4038
4040
4033
4037
4034
4040
4062
4035
4037
4039
4067
4432
4036
4066
4350
4037
4351
4038
4431
4039
4043
4430
4040
4042
4068
4439
4041
4061
4042
4046
4060
4043
4045
4073
4440
4044
4429
4045
4049
4428
4046
4048
4074
4445
4047
4059
4048
4052
4058
4049
4051
4079
4446
4050
4427
4051
4426
4052
4054
4080
4451
4053
4057
4054
4056
4088
4055
4309
4452
4056
4080
4084
4340
4342
4057
4083
4087
4058
4080
4082
4059
4077
4079
4060
4074
4076
4061
4071
4073
4062
4068
4070
4063
4067
4064
4070
4692
4065
4067
4069
4691
4731
4066
4463
4690
4067
4349
4068
4348
4069
4073
4347
4070
4072
4708
4734
4071
4703
4072
4076
4704
4073
4075
4709
4735
4074
4346
4075
4079
4345
4076
4078
4710
4738
4077
4711
4078
4082
4714
4079
4081
4715
4739
4080
4344
4081
4343
4082
4084
4742
5235
4083
5230
4084
4086
5229
4085
4743
5236
4086
4338
4340
4746
5237
4087
4337
5228
4088
4336
4340
4089
4307
4309
4090
4306
4310
4091
4277
4279
4092
4276
4280
4093
4247
4249
4094
4246
4250
4095
4149
4151
4096
4148
4152
4097
4099
4101
4098
4102
4099
4103
4105
4100
4152
4156
4101
4103
4141
4153
4161
4102
4140
4148
4103
4139
4104
4142
4105
4113
4159
4161
4163
4106
4156
4158
4107
4113
4115
4108
4112
4116
4109
4111
4110
4116
4120
4111
4117
4123
4125
4112
4126
4113
4117
4131
4114
4132
4115
4117
4133
4159
4179
4116
4158
4174
4117
4119
4118
4130
4119
4123
4177
4179
4181
4120
4174
4176
4121
4123
4122
4176
4194
4123
4177
4183
4197
4124
4125
4181
4183
4185
4126
4128
4130
4127
4131
4128
7504
4129
4185
4130
4134
4186
7504
4131
4133
4181
4132
7504
4133
4135
4163
4134
4164
4180
4135
4169
4187
4136
4168
7504
4137
4143
7503
4138
4139
4143
4145
4140
4142
4141
4145
4147
4142
4144
4162
4758
4143
4163
4144
4168
4145
4167
4759
4146
4147
4386
4759
4761
4148
4385
4756
4758
4149
4153
4150
4250
4756
4151
4153
4225
4251
4757
4152
4224
4246
4153
4155
4154
4758
4155
4161
4225
4227
4771
4156
4222
4224
4157
4161
4158
4160
4208
4222
4159
4173
4160
4164
4172
4161
4165
4209
4227
4162
4163
4165
4167
4771
4164
4168
4165
4169
4171
4166
4772
4780
4167
4169
4777
4785
4168
4776
4169
4170
4171
4187
4783
4785
4172
4180
4780
4782
4173
4179
4209
4211
4174
4206
4208
4175
4179
4176
4178
4192
4206
4177
4193
4178
4182
4198
4179
4189
4191
4211
4180
4181
4187
4189
4182
4186
4183
4189
4800
4806
4184
4801
4185
4804
4806
4186
4187
4806
4188
4189
4783
4806
4807
4190
4782
4191
4796
4798
4800
4807
4192
4198
4202
4212
4193
4201
4205
4194
4198
4200
4195
4197
4196
4200
4814
4197
4199
4802
4817
4198
4801
4199
4800
4200
4202
4799
4812
4201
4813
4202
4204
4827
4203
4798
4828
4204
4212
4216
4797
4851
4205
4215
4846
4206
4212
4214
4207
4211
4208
4210
4214
4220
4209
4221
4210
4228
4780
4211
4213
4233
4781
4212
4782
4213
4796
4214
4216
4234
4795
4215
4219
4216
4218
4847
4217
4850
4921
4218
4234
4238
4867
4932
4219
4237
4862
4220
4234
4236
4221
4231
4233
4222
4228
4230
4223
4227
4224
4226
4230
4244
4225
4245
4226
4252
4770
4227
4229
4257
4773
4228
4772
4229
4233
4779
4230
4232
4258
4789
4231
4243
4232
4236
4242
4233
4235
4263
4788
4234
4787
4235
4794
4236
4238
4264
4793
4237
4241
4238
4240
4863
4239
4866
4933
4240
4264
4268
5025
5199
4241
4267
5020
4242
4264
4266
4243
4261
4263
4244
4258
4260
4245
4255
4257
4246
4252
4254
4247
4251
4248
4254
4276
4249
4251
4253
4281
4765
4250
4280
4754
4251
4755
4252
4766
4253
4257
4769
4254
4256
4282
5151
4255
4275
4256
4260
4274
4257
4259
4287
5152
4258
5153
4259
4263
5188
4260
4262
4288
5187
4261
4273
4262
4266
4272
4263
4265
4293
5190
4264
5189
4265
5196
4266
4268
4294
5197
4267
4271
4268
4270
5021
4269
5024
5198
4270
4294
4298
5057
5955
4271
4297
5052
4272
4294
4296
4273
4291
4293
4274
4288
4290
4275
4285
4287
4276
4282
4284
4277
4281
4278
4284
4306
4279
4281
4283
4311
5142
4280
4310
4752
4281
4753
4282
5143
4283
4287
5150
4284
4286
4312
5149
4285
4305
4286
4290
4304
4287
4289
4317
5160
4288
5159
4289
4293
5186
4290
4292
4318
5185
4291
4303
4292
4296
4302
4293
4295
4323
5206
4294
5205
4295
5204
4296
4298
4324
5957
4297
4301
4298
4300
5053
4299
5056
5956
4300
4324
4328
5089
6190
4301
4327
5084
4302
4324
4326
4303
4321
4323
4304
4318
4320
4305
4315
4317
4306
4312
4314
4307
4311
4308
4314
4336
4309
4311
4313
4339
4749
4310
4340
4750
4311
4751
4312
5141
4313
4317
5140
4314
4316
5125
5139
4315
4335
4316
4320
4334
4317
4319
5126
5164
4318
5163
4319
4323
5184
4320
4322
5129
5183
4321
4333
4322
4326
4332
4323
4325
5130
5214
4324
5213
4325
6189
4326
4328
5133
6188
4327
4331
4328
4330
5085
4329
5088
6187
4330
5133
5707
5709
6186
4331
5116
5118
4332
5119
5133
4333
5120
5130
4334
5121
5129
4335
5122
5126
4336
5123
5125
4337
4339
4338
5123
5227
4339
4747
5124
5242
4340
4748
5125
4341
4342
4746
4748
4750
5172
4343
4452
4454
4743
4344
4451
4455
4742
4345
4446
4456
4739
4346
4445
4457
4738
4347
4440
4458
4735
4348
4439
4459
4734
4349
4432
4460
4731
4350
4461
4463
4351
4432
4434
4352
4431
4435
4353
4355
4354
4409
4431
4355
4363
4410
4436
4356
4435
4357
4363
4358
4362
4359
4360
4362
4372
4361
4367
4362
4366
4363
4371
4364
4365
4371
4410
4412
4366
4407
4409
4367
4369
4371
4368
4372
4369
4373
4375
4370
4393
4407
4371
4373
4394
4412
4372
4373
4374
4375
4381
4394
4396
4376
4391
4393
4377
4381
4378
4380
4383
4391
4379
4380
4381
4382
4396
4383
4387
4397
4384
4390
4385
4387
4389
4756
4386
4387
4388
4761
4389
4397
4401
4762
4390
4400
4755
4391
4397
4399
4392
4396
4393
4395
4399
4405
4394
4406
4395
4413
4396
4398
4418
4397
4398
4399
4401
4419
4400
4404
4401
4403
4754
4402
4763
4403
4419
4423
5145
4404
4422
4753
4405
4419
4421
4406
4416
4418
4407
4413
4415
4408
4412
4409
4411
4415
4429
4410
4430
4411
4437
4412
4414
4442
4413
4414
4418
4415
4417
4443
4416
4428
4417
4421
4427
4418
4420
4448
4419
4420
4421
4423
4449
4422
4426
4423
4425
4752
4424
5146
4425
4449
4453
5169
4426
4452
4751
4427
4449
4451
4428
4446
4448
4429
4443
4445
4430
4440
4442
4431
4437
4439
4432
4436
4433
4439
4434
4436
4438
4460
4435
4461
4436
4437
4438
4442
4439
4441
4459
4440
4441
4445
4442
4444
4458
4443
4444
4448
4445
4447
4457
4446
4447
4451
4448
4450
4456
4449
4450
4451
4453
4455
4452
4453
4750
4454
5168
4455
4744
5172
4456
4741
4457
4740
4458
4737
4459
4736
4460
4733
4461
4732
4462
4463
4473
4732
5263
4464
4729
4731
4465
4473
4475
4466
4471
4476
4467
4470
4477
4468
4469
4470
4472
4471
4516
4472
4473
4517
4474
4475
4517
4521
5263
4476
4520
4729
4477
4517
4519
4478
4514
4516
4479
4511
4513
4480
4508
4510
4481
4505
4507
4482
4502
4504
4483
4499
4501
4484
4496
4498
4485
4493
4495
4486
4490
4492
4487
4489
4488
4492
4489
4491
4540
4490
4534
4491
4495
4533
4492
4494
4541
4493
4494
4498
4495
4497
4542
4496
4532
4497
4501
4531
4498
4500
4547
4499
4500
4504
4501
4503
4548
4502
4530
4503
4507
4529
4504
4506
4553
4505
4506
4510
4507
4509
4554
4508
4528
4509
4513
4527
4510
4512
4559
4511
4512
4516
4513
4515
4560
4514
4526
4515
4519
4525
4516
4518
4565
4517
4518
4519
4521
4566
4520
4524
4521
4523
4728
4522
5262
4523
4566
4570
5275
4524
4569
4727
4525
4566
4568
4526
4563
4565
4527
4560
4562
4528
4557
4559
4529
4554
4556
4530
4551
4553
4531
4548
4550
4532
4545
4547
4533
4542
4544
4534
4537
4541
4535
4540
4537
4539
4537
4581
4583
4585
4538
4544
4539
4541
4543
4585
4540
4541
4542
4543
4547
4544
4546
4586
4545
4581
4546
4550
4580
4547
4549
4601
4548
4549
4553
4550
4552
4600
4551
4579
4552
4556
4578
4553
4555
4602
4554
4555
4559
4556
4558
4603
4557
4577
4558
4562
4576
4559
4561
4608
4560
4561
4565
4562
4564
4609
4563
4575
4564
4568
4574
4565
4567
4614
4566
4567
4568
4570
4615
4569
4573
4570
4572
5273
4571
5274
4572
4615
4619
5459
4573
4618
5454
4574
4615
4617
4575
4612
4614
4576
4609
4611
4577
4606
4608
4578
4603
4605
4579
4597
4602
4580
4596
4600
4581
4589
4601
4582
4586
4583
4587
4589
4591
4584
4585
4587
4586
4587
4601
4588
4592
4589
4593
4599
4601
4590
4596
4591
4593
4595
4592
4593
4594
4595
4599
4630
4632
4596
4627
4629
4597
4599
4598
4605
4627
4599
4602
4604
4632
4600
4601
4602
4603
4604
4608
4605
4607
4633
4606
4626
4607
4611
4625
4608
4610
4638
4609
4610
4614
4611
4613
4639
4612
4624
4613
4617
4623
4614
4616
4644
4615
4616
4617
4619
4645
4618
4622
4619
4621
5453
4620
5458
4621
4645
4649
5469
4622
4648
5452
4623
4645
4647
4624
4642
4644
4625
4639
4641
4626
4636
4638
4627
4633
4635
4628
4632
4629
4631
4635
4630
4631
4632
4634
4633
4634
4638
4635
4637
4657
4636
4656
4637
4641
4655
4638
4640
4658
4639
4640
4644
4641
4643
4659
4642
4654
4643
4647
4653
4644
4646
4664
4645
4646
4647
4649
4665
4648
4652
4649
4651
5471
4650
5470
4651
4665
4669
5617
4652
4668
5612
4653
4665
4667
4654
4662
4664
4655
4659
4661
4656
4658
4657
4658
4659
4660
4664
4661
4663
4662
4663
4667
4664
4666
4665
4666
4667
4669
4673
4668
4672
4669
4671
5613
4670
5616
4671
4673
4675
5647
4672
4674
5642
4673
4675
5643
5646
4677
5570
5677
4678
5563
5666
4679
5564
5665
4680
5544
5643
4681
5545
5642
4682
5518
5613
4683
5519
5612
4684
5301
5471
4685
5302
5452
4686
5289
5453
4687
5290
5454
4688
4698
5273
4689
4695
4727
4690
4694
4728
4691
4729
4692
4694
4708
4730
4693
4703
4694
4696
4702
4695
4707
5260
4696
4698
4724
4726
4697
4701
4698
4700
5287
4699
5272
5290
4700
4722
4724
5271
5291
4701
4721
5286
4702
4720
4724
4703
4705
4707
4704
4708
4705
4709
4711
4706
4712
4720
4707
4709
4717
4723
5268
4708
4724
5259
4709
5258
4710
5257
4711
4715
4717
5256
4712
4714
4713
4717
4719
4714
4716
5231
5315
4715
5230
4716
5235
5255
4717
5234
5316
5358
4718
5357
4719
4723
5316
5318
5356
4720
5313
5315
4721
4723
4722
5285
5313
4723
5270
5284
5318
4724
5269
4725
4726
5259
5269
5271
5279
4727
5260
5272
5276
4728
5273
5275
4729
5260
5262
4730
5263
4731
5258
5260
5264
4732
4734
4733
5264
4734
4736
5265
4735
5258
4736
4738
5257
4737
5362
4738
4740
5361
4739
5256
4740
4742
5255
4741
5363
4742
4744
5364
4743
5254
4744
4746
5253
4745
5369
4746
5172
5174
5370
4747
5252
4748
5174
5176
5251
4749
5138
5173
4750
5139
5141
5167
4751
5168
4752
5141
5169
4753
5142
5146
4754
5143
5145
4755
4763
4765
4756
4762
4766
4757
4761
4758
4760
4766
4770
4759
4771
4760
4776
4761
4767
4775
4762
4763
4767
4764
5145
4765
4767
5144
5156
4766
5143
5151
4767
4769
4768
4769
4775
5154
5156
4770
5151
5153
4771
4773
4775
4772
4776
4773
4777
4779
4774
4789
5153
4775
4777
4790
5154
4776
4777
4778
4779
4785
4786
4790
4780
4787
4789
4781
4785
4782
4784
4787
4795
4783
4796
4784
4924
4785
4786
4923
4787
4791
4936
4788
4794
4789
4791
4793
5189
4790
5188
4791
5193
4792
5194
4793
4934
4936
5195
4794
4933
5196
4795
4932
4936
4796
4921
4923
4797
4924
4798
4919
4921
4925
4799
4808
4909
4800
4802
4809
4811
4801
4805
4802
4804
4803
4818
4804
4809
4821
4805
4806
4807
4809
4808
4924
4809
4910
4925
4810
4811
4821
4822
4910
4812
4818
4823
4909
4813
4817
4824
4828
4814
4825
4827
4815
4817
4816
4825
4833
4817
4819
4824
4836
4818
4819
4821
4820
4823
4901
4821
4822
4902
4823
4911
4913
4824
4906
4908
4825
4829
4837
4826
4832
4827
4829
4831
4845
4828
4846
4829
4851
4909
4830
4852
4908
4831
4837
4841
4853
4907
4832
4840
4844
4833
4837
4839
4834
4836
4835
4839
4881
4836
4838
4884
4900
4837
4901
4838
4906
4839
4841
4885
4905
4840
4880
4841
4843
4879
4842
4886
4915
4843
4853
4857
4916
4954
4844
4856
4878
4845
4853
4855
4846
4848
4852
4847
4851
4848
4850
4862
4849
4855
4861
4850
4852
4854
4868
4929
4851
4867
4920
4852
4919
4853
4918
4854
4917
4855
4857
4869
4945
4856
4860
4857
4859
4877
4858
4946
4955
4859
4869
4873
5878
5880
4860
4872
4876
4861
4869
4871
4862
4864
4868
4863
4867
4864
4866
5020
4865
4871
5019
4866
4868
4870
4940
5026
4867
4939
5025
4868
4931
4869
4930
4870
4944
4871
4873
5027
5874
4872
5018
4873
4875
5017
4874
5032
5873
4875
4997
5033
5872
5880
4876
4996
5016
4877
4995
5880
4878
4955
4957
4879
4954
4958
4880
4886
4888
4881
4885
4889
4882
4884
4883
4889
4893
4884
4890
4896
4898
4885
4899
4886
4890
4971
4887
4954
4970
4888
4890
4959
4967
4969
4889
4958
4962
4890
4892
4891
4972
4892
4896
4965
4967
4981
4893
4962
4964
4894
4896
4895
4964
5745
4896
4965
4979
5748
4897
4898
4977
4979
4981
4899
4972
4976
4900
4971
4975
4901
4903
4905
4902
4906
4903
4913
4904
4975
4905
4913
4914
4974
4906
4915
4971
4907
4913
4908
4912
4915
4917
4909
4911
4918
4910
4919
4911
4926
4912
4950
4913
4914
4949
4915
4951
4985
4916
4970
4917
4946
4951
4953
4918
4945
4949
4919
4929
4950
4920
4926
4921
4927
4929
4931
4922
4932
4923
4925
4927
4935
4924
4936
4925
4926
4927
4950
4928
4937
4929
4942
4948
4950
4930
4945
4931
4940
4942
4944
4932
4937
4939
4933
4935
4934
4939
5199
4935
4938
5200
4936
4937
4938
4942
4939
4941
5901
4940
5896
4941
5874
5895
4942
5875
5902
4943
4944
4948
5875
5877
4945
5874
5878
4946
4948
4947
4989
5878
4948
4951
4990
5877
4949
4950
4951
4952
4953
4985
4986
4990
4954
4970
4987
4989
4955
4959
4956
4989
5880
4957
4959
4988
4994
5006
4958
4995
5001
4959
4961
4960
4987
4961
4967
5004
5006
5852
4962
5001
5003
4963
4967
4964
4966
5003
5743
4965
5744
4966
4980
5749
4967
5004
5750
5770
4968
4969
4981
4983
5770
5852
4970
4972
4984
4987
4971
4985
4972
4974
4973
4981
4974
4976
4982
4984
4975
4985
4976
4977
4978
4982
4979
5764
5772
4980
5763
4981
5768
5770
5772
4982
4983
5772
4984
5771
5857
4985
4986
4987
4991
5857
4988
5852
4989
4991
4993
5853
4990
5879
4991
5881
4992
5856
4993
5881
5883
5885
4994
5869
5871
5879
4995
4997
5007
5880
4996
5000
4997
4999
5015
4998
5038
5871
4999
5007
5011
5039
5870
5000
5010
5014
5001
5007
5009
5002
5006
5003
5005
5009
5741
5004
5742
5005
5791
5851
5006
5008
5790
5854
5007
5853
5008
5869
5009
5011
5805
5868
5010
5740
5011
5013
5739
5012
5804
5888
5013
5039
5043
5889
5923
5014
5042
5738
5015
5039
5041
5016
5036
5038
5017
5033
5035
5018
5030
5032
5019
5027
5029
5020
5022
5026
5021
5025
5022
5024
5052
5023
5029
5051
5024
5026
5028
5058
5898
5025
5057
5897
5026
5896
5027
5895
5028
5032
5894
5029
5031
5059
5905
5030
5050
5031
5035
5049
5032
5034
5064
5906
5033
5893
5034
5038
5892
5035
5037
5065
5911
5036
5048
5037
5041
5047
5038
5040
5070
5912
5039
5891
5040
5890
5041
5043
5071
5917
5042
5046
5043
5045
5737
5044
5918
5924
5045
5071
5075
5943
5947
5046
5074
5736
5047
5071
5073
5048
5068
5070
5049
5065
5067
5050
5062
5064
5051
5059
5061
5052
5054
5058
5053
5057
5054
5056
5084
5055
5061
5083
5056
5058
5060
5090
5964
5057
5089
5963
5058
5954
5059
5953
5060
5064
5952
5061
5063
5091
5969
5062
5082
5063
5067
5081
5064
5066
5096
5970
5065
5951
5066
5070
5950
5067
5069
5097
5975
5068
5080
5069
5073
5079
5070
5072
5102
5976
5071
5949
5072
5948
5073
5075
5103
5981
5074
5078
5075
5077
5735
5076
5942
5982
5077
5103
5107
6146
6370
5078
5106
5734
5079
5103
5105
5080
5100
5102
5081
5097
5099
5082
5094
5096
5083
5091
5093
5084
5086
5090
5085
5089
5086
5088
5116
5087
5093
5115
5088
5090
5092
5710
6338
5089
5709
6335
5090
6336
5091
6337
5092
5096
6343
5093
5095
5717
6344
5094
5114
5095
5099
5113
5096
5098
5718
6345
5097
6346
5098
5102
6360
5099
5101
5719
6359
5100
5112
5101
5105
5111
5102
5104
5724
6362
5103
6361
5104
6367
5105
5107
5725
6368
5106
5110
5107
5109
5733
5108
6145
6369
5109
5725
5729
6176
6178
5110
5728
5732
5111
5725
5727
5112
5722
5724
5113
5719
5721
5114
5714
5718
5115
5713
5717
5116
5710
5712
5117
5709
5118
5708
5712
6302
5119
5701
5707
5120
5132
5700
5121
5131
5687
5122
5128
5224
5123
5127
5225
5124
5226
5125
5127
5176
5243
5126
5138
5127
5129
5137
5128
5177
5248
5129
5131
5219
5223
5130
5136
5131
5133
5135
5132
5218
5688
5133
5705
5707
6198
5134
5135
6186
6188
6196
6198
5136
5214
5216
5218
5137
5181
5183
5219
5138
5164
5177
5179
5139
5176
5180
5140
5164
5166
5141
5149
5163
5171
5142
5170
5143
5147
5149
5144
5150
5145
5147
5157
5146
5147
5169
5148
5170
5149
5157
5161
5171
5150
5160
5151
5157
5159
5152
5156
5153
5155
5159
5187
5154
5188
5155
5193
5156
5158
5192
5157
5158
5159
5161
5209
5160
5186
5161
5163
5185
5162
5208
5163
5165
5171
5211
5164
5184
5165
5183
5166
5179
5182
5167
5171
5180
5168
5170
5173
5169
5172
5170
5171
5173
5174
5180
5175
5375
5176
5178
5180
5376
5177
5250
5178
5219
5249
5179
5220
5381
5180
5181
5182
5216
5220
5183
5211
5215
5184
5214
5185
5211
5213
5186
5206
5208
5187
5205
5209
5188
5190
5192
5189
5193
5190
5194
5196
5191
5197
5205
5192
5194
5202
5210
5193
5209
5194
5195
5196
5200
5202
5197
5199
5198
5202
5204
5199
5201
5897
5955
5200
5896
5201
5901
5202
5900
5960
5203
5204
5210
5958
5960
5205
5955
5957
5206
5210
5207
5213
5957
5208
5210
5212
5958
5209
5211
5210
5212
5213
5215
6192
5214
6189
5215
6188
5216
6193
5217
6196
5218
5220
6197
6209
5219
6198
6204
5220
5222
5221
5222
5381
6207
6209
5223
5249
6204
6206
5224
5248
5688
5690
5225
5685
5687
5226
5246
5248
5227
5243
5245
5228
5240
5242
5229
5237
5239
5230
5232
5236
5231
5235
5232
5234
5328
5233
5239
5329
5234
5236
5238
5334
5367
5235
5333
5366
5236
5254
5237
5253
5238
5242
5252
5239
5241
5335
5372
5240
5336
5241
5245
5339
5242
5244
5340
5373
5243
5251
5244
5248
5250
5245
5247
5378
5391
5246
5386
5247
5385
5685
5248
5379
5384
5690
5249
5250
5379
5381
5251
5376
5378
5252
5373
5375
5253
5370
5372
5254
5367
5369
5255
5364
5366
5256
5358
5363
5257
5357
5361
5258
5268
5362
5259
5265
5260
5266
5268
5261
5262
5264
5266
5276
5263
5275
5264
5265
5266
5362
5267
5279
5268
5280
5360
5362
5269
5357
5270
5280
5356
5271
5281
5283
5355
5272
5278
5462
5273
5277
5455
5274
5454
5275
5277
5459
5276
5277
5279
5278
5460
5279
5281
5461
5280
5281
5401
5282
5400
5283
5461
5465
5485
5284
5354
5462
5464
5285
5291
5295
5319
5286
5294
5312
5287
5291
5293
5288
5290
5289
5293
5299
5290
5292
5302
5456
5291
5455
5292
5462
5293
5295
5303
5463
5294
5298
5295
5297
5311
5296
5320
5464
5297
5303
5307
5447
5449
5298
5306
5310
5299
5303
5305
5300
5302
5301
5305
5516
5302
5304
5472
5519
5303
5451
5304
5450
5305
5307
5475
5520
5306
5515
5307
5309
5514
5308
5476
5525
5309
5445
5447
5526
5593
5310
5444
5513
5311
5443
5447
5312
5320
5322
5313
5319
5323
5314
5318
5315
5317
5323
5327
5316
5328
5317
5333
5397
5318
5324
5332
5398
5319
5355
5320
5324
5354
5321
5447
5481
5322
5324
5348
5446
5482
5323
5347
5443
5324
5326
5325
5353
5326
5332
5348
5350
5352
5327
5345
5347
5328
5330
5332
5329
5333
5330
5334
5336
5331
5337
5345
5332
5334
5342
5350
5406
5333
5405
5334
5396
5335
5395
5336
5340
5342
5394
5337
5339
5338
5342
5344
5339
5341
5387
5425
5340
5386
5341
5391
5393
5342
5390
5412
5430
5343
5411
5344
5350
5428
5430
5493
5345
5425
5427
5346
5350
5347
5349
5427
5441
5348
5442
5349
5488
5504
5350
5428
5489
5503
5351
5352
5406
5489
5491
5493
5353
5405
5486
5488
5354
5398
5482
5484
5355
5481
5485
5356
5398
5400
5357
5397
5401
5358
5360
5359
5366
5397
5360
5363
5365
5402
5361
5401
5362
5363
5364
5365
5369
5366
5368
5403
5367
5396
5368
5372
5395
5369
5371
5408
5370
5371
5375
5372
5374
5409
5373
5394
5374
5378
5393
5375
5377
5414
5376
5377
5381
5378
5380
5415
5379
5392
5380
5383
6206
5381
5382
6207
5383
5415
5419
6272
5384
5392
5418
6267
5385
5389
5391
5691
5386
5388
5684
5387
5391
5388
5390
5424
5389
5423
5683
5390
5418
5422
5692
5391
5417
5431
5392
5393
5415
5417
5394
5412
5414
5395
5409
5411
5396
5406
5408
5397
5403
5405
5398
5402
5399
5405
5400
5402
5404
5484
5401
5485
5402
5403
5404
5408
5405
5407
5486
5406
5407
5411
5408
5410
5491
5409
5410
5414
5411
5413
5492
5412
5493
5413
5417
5496
5414
5416
5497
5415
5416
5417
5419
6252
5418
6251
5419
5421
6266
5420
6271
5421
6252
6254
6286
5422
6251
6255
6265
5423
5431
5435
6230
5424
5434
5682
5425
5431
5433
5426
5430
5427
5429
5433
5439
5428
5440
5429
5494
5502
5430
5432
5495
5586
5431
5496
5432
6251
5433
5435
5585
6250
5434
5438
5435
5437
5681
5436
6229
6255
5437
5583
5585
6238
6256
5438
5582
5680
5439
5581
5585
5440
5574
5586
5441
5502
5573
5442
5503
5507
5443
5504
5506
5444
5446
5445
5506
5512
5446
5505
5531
5592
5447
5504
5597
5448
5449
5479
5481
5593
5597
5450
5464
5476
5478
5451
5463
5467
5475
5452
5456
5468
5472
5453
5469
5471
5454
5456
5458
5455
5459
5456
5460
5462
5457
5463
5458
5460
5466
5468
5459
5469
5460
5461
5462
5466
5463
5464
5466
5465
5481
5466
5478
5480
5467
5468
5474
5478
5469
5473
5470
5471
5473
5617
5472
5612
5473
5475
5611
5474
5618
5475
5477
5619
5476
5610
5477
5593
5609
5478
5594
5624
5479
5480
5594
5596
5481
5483
5485
5482
5483
5488
5597
5484
5487
5596
5485
5486
5487
5491
5488
5490
5601
5489
5598
5490
5494
5599
5491
5499
5600
5492
5493
5497
5499
5494
5496
5495
5499
5501
5496
5498
5587
6250
5497
6251
5498
6252
5499
6247
6253
5500
5501
5600
6245
6247
5502
5587
5589
5599
5503
5576
5586
5504
5508
5599
5505
5598
5506
5508
5532
5591
5507
5511
5508
5510
5573
5509
5576
5590
5510
5532
5536
5577
5605
5511
5535
5572
5512
5532
5534
5513
5529
5531
5514
5526
5528
5515
5523
5525
5516
5520
5522
5517
5519
5518
5522
5542
5519
5521
5545
5614
5520
5611
5521
5525
5610
5522
5524
5546
5621
5523
5541
5524
5528
5540
5525
5527
5551
5622
5526
5609
5527
5531
5608
5528
5530
5552
5627
5529
5539
5530
5534
5538
5531
5533
5557
5628
5532
5607
5533
5606
5534
5536
5558
5633
5535
5537
5536
5571
5578
5634
5538
5558
5539
5555
5557
5540
5552
5554
5541
5549
5551
5542
5546
5548
5543
5545
5544
5548
5561
5545
5547
5564
5644
5546
5641
5547
5551
5640
5548
5550
5565
5651
5549
5560
5550
5554
5559
5551
5553
5568
5652
5552
5639
5553
5557
5638
5554
5556
5657
5555
5556
5557
5658
5558
5637
5636
5560
5568
5561
5565
5567
5562
5564
5563
5567
5569
5564
5566
5570
5667
5565
5664
5566
5568
5663
5567
5674
5662
5570
5676
5572
5578
5573
5577
5579
5574
5576
5575
5579
5581
5576
5580
5584
5586
5588
5577
5589
5578
5580
6241
6240
5580
6242
5582
5584
5583
5584
6257
5585
6258
5586
6249
5587
5588
6247
6249
5589
6242
6246
6258
5590
6241
6245
5591
5599
5603
5605
5592
5598
5602
5606
5593
5595
5597
5607
5594
5608
5595
5625
5596
5602
5630
5597
5601
5598
5599
5601
5600
5601
5603
5602
5603
5631
5604
6245
5605
5631
5635
6244
5606
5634
6241
5607
5631
5633
5608
5628
5630
5609
5625
5627
5610
5622
5624
5611
5619
5621
5612
5614
5618
5613
5617
5614
5616
5642
5615
5621
5641
5616
5618
5620
5648
5617
5647
5618
5619
5620
5624
5621
5623
5649
5622
5640
5623
5627
5639
5624
5626
5654
5625
5626
5630
5627
5629
5655
5628
5638
5629
5633
5637
5630
5632
5660
5631
5632
5633
5635
5661
5634
5636
5635
6240
6243
5637
5661
5638
5658
5660
5639
5655
5657
5640
5652
5654
5641
5649
5651
5642
5644
5648
5643
5647
5644
5646
5665
5645
5651
5664
5646
5648
5650
5671
5647
5670
5648
5649
5650
5654
5651
5653
5672
5652
5663
5653
5657
5662
5654
5656
5675
5655
5656
5660
5657
5659
5658
5659
5660
5661
5663
5675
5664
5672
5674
5665
5667
5671
5666
5670
5667
5669
5677
5668
5674
5676
5669
5671
5673
5679
5670
5678
5671
5672
5673
5675
5674
5677
5679
5678
5679
5681
6237
6238
5682
6227
6229
5683
6226
6230
5684
5692
5694
5685
5691
5695
5686
5690
5687
5689
5695
5699
5688
5700
5689
5705
6204
5690
5696
5704
6205
5691
6206
5692
5696
6267
5693
6230
6266
5694
5696
6221
6231
6269
5695
6220
6226
5696
5698
5697
6268
5698
5704
6217
6221
6275
5699
6218
6220
5700
5702
5704
5701
5705
5702
5706
6302
5703
6218
6301
5704
5706
6213
6217
6306
5705
6212
5706
6203
5707
6202
6307
5708
6199
5709
5711
6307
6329
5710
6185
5711
5717
6184
5712
5716
6308
6330
5713
6303
5714
5716
6310
5715
5721
6313
5716
5718
5720
6314
6354
5717
6309
6353
5718
6183
5719
6182
5720
5724
6181
5721
5723
6378
6382
5722
6383
5723
5727
6386
5724
5726
6377
6387
5725
6180
5726
6179
5727
5729
6449
6469
5728
6444
5729
5731
6445
5730
6450
6470
5731
6174
6176
6451
6481
5732
6173
6452
5733
6172
6176
5734
6143
6145
5735
6142
6146
5736
5940
5942
5737
5939
5943
5738
5924
5926
5739
5923
5927
5740
5802
5804
5741
5801
5805
5742
5788
5790
5743
5787
5791
5744
5750
5752
5745
5749
5753
5746
5748
5747
5753
5757
5748
5754
5760
5762
5749
5763
5750
5754
5768
5751
5769
5791
5752
5754
5776
5778
5792
5753
5779
5787
5754
5756
5755
5767
5756
5760
5778
5782
5842
5757
5779
5781
5758
5760
5759
5781
5819
5760
5782
5822
5838
5761
5762
5838
5840
5842
5763
5765
5767
5764
5768
5765
5773
5766
5840
5767
5773
5775
5841
5768
5776
5842
5769
5773
5770
5774
5776
5850
5771
5851
5772
5774
5858
5773
5774
5775
5859
5776
5846
5864
5777
5849
5778
5842
5844
5846
5848
5779
5783
5793
5780
5786
5781
5783
5785
5817
5782
5818
5783
5823
5843
5784
5824
5844
5785
5793
5797
6000
6014
5786
5796
5816
5787
5793
5795
5788
5792
5789
5795
5801
5790
5792
5794
5806
5862
5791
5805
5861
5792
5850
5793
5849
5794
5848
5795
5797
5807
5998
5796
5800
5797
5799
5815
5798
5999
6013
5799
5807
5811
6006
6012
5800
5810
5814
5801
5807
5809
5802
5806
5803
5809
5927
5804
5806
5808
5928
5990
5805
5923
5991
5806
5867
5807
5866
5808
5997
5809
5811
5929
5996
5810
5930
5811
5813
5933
5812
5934
6007
5813
6010
6012
6022
6106
5814
6021
6101
5815
6012
6020
5816
6013
6017
5817
6014
6016
5818
5824
5826
5819
5823
5827
5820
5822
5821
5827
5831
5822
5828
5834
5836
5823
5837
5824
5828
6069
5825
6014
6070
5826
5828
6015
6033
6071
5827
6016
6028
5828
5830
5829
6072
5830
5834
6031
6033
6575
5831
6028
6030
5832
5834
5833
6030
6044
5834
6031
6047
6063
5835
5836
6063
6065
6575
5837
6066
6072
5838
6067
6069
5839
5843
5840
6067
7502
5841
5842
5846
7502
5843
5844
6069
7502
5845
6000
6070
5846
6001
6075
7502
5847
5848
5864
6001
6003
5849
5998
6000
5850
5862
5864
5851
5859
5861
5852
5854
5858
5853
5857
5854
5856
5869
5855
5861
5868
5856
5858
5860
5886
5857
5885
5858
5859
5860
5864
5861
5863
5993
5862
5867
5863
5866
5998
5864
5865
6003
5866
5993
5994
6004
5867
5990
5997
5868
5991
5993
5869
5886
5888
5870
5885
5871
5884
5888
5890
5872
5883
5891
5873
5879
5882
5892
5874
5876
5878
5893
5875
5894
5876
5903
5877
5882
5908
5878
5881
5879
5880
5881
5882
5883
5909
5884
5914
5885
5887
5915
5886
5887
5993
5888
5920
5992
5889
5991
5890
5918
5920
5922
5891
5915
5917
5892
5912
5914
5893
5909
5911
5894
5906
5908
5895
5903
5905
5896
5898
5902
5897
5901
5898
5900
5954
5899
5905
5953
5900
5902
5904
5966
5901
5961
5902
5903
5904
5908
5905
5907
5967
5906
5952
5907
5911
5951
5908
5910
5972
5909
5910
5914
5911
5913
5973
5912
5950
5913
5917
5949
5914
5916
5978
5915
5916
5920
5917
5919
5979
5918
5948
5919
5947
5987
5920
5984
5986
5921
5922
5986
5992
6506
5923
5987
5989
5991
5924
5928
5925
5943
5987
5926
5928
5936
5944
5988
5927
5931
5939
5928
5930
5929
5989
5930
5934
5936
6500
5931
5933
5932
5936
5938
5933
5935
6102
6118
5934
6101
5935
6106
6501
5936
6105
6123
6502
5937
6499
5938
5944
6121
6123
6498
5939
6118
6120
5940
5944
5941
6120
6142
5942
5944
6121
6147
6488
5943
6146
6487
5944
5946
5945
5946
5988
6488
6498
6524
5947
5985
5987
6487
5948
5982
5984
5949
5979
5981
5950
5976
5978
5951
5973
5975
5952
5970
5972
5953
5967
5969
5954
5964
5966
5955
5961
5963
5956
5960
5957
5959
5963
6190
5958
6189
5959
6192
5960
5962
6191
5961
5962
5966
5963
5965
6341
5964
6336
5965
5969
6337
5966
5968
6340
5967
5968
5972
5969
5971
6342
5970
6343
5971
5975
6346
5972
5974
6347
5973
5974
5978
5975
5977
6365
5976
6360
5977
5981
6361
5978
5980
6364
5979
5980
5984
5981
5983
6366
5982
6367
5983
6370
6487
5984
6371
6490
5985
5986
6490
6524
5987
6505
5988
5989
6499
6505
5990
6500
6506
5991
5994
5996
5992
5993
5994
5995
6506
5996
6004
6008
6507
5997
6007
6500
5998
6004
6006
5999
6003
6000
6002
6006
6078
6001
6077
6002
6076
6003
6005
6083
6004
6005
6006
6008
6084
6007
6011
6008
6010
6501
6009
6508
6010
6084
6088
6509
6011
6087
6510
6012
6078
6084
6086
6013
6019
6014
6018
6078
6015
6077
6016
6018
6034
6080
6017
6027
6018
6020
6026
6019
6035
6079
6020
6022
6086
6092
6021
6025
6022
6024
6100
6023
6087
6107
6024
6090
6092
6096
6108
6025
6095
6099
6026
6092
6094
6027
6035
6037
6028
6034
6038
6029
6033
6030
6032
6038
6042
6031
6043
6032
6048
6576
6033
6039
6049
6577
6034
6574
6035
6039
6573
6036
6092
6572
6037
6039
6093
6571
6606
6038
6094
6605
6039
6041
6040
6671
6041
6049
6606
6608
6670
6042
6603
6605
6043
6049
6051
6044
6048
6052
6045
6047
6046
6052
6056
6047
6053
6059
6061
6048
6062
6049
6053
6583
6050
6584
6051
6053
6585
6598
6608
6052
6597
6603
6053
6055
6054
6586
6055
6059
6594
6598
6664
6056
6595
6597
6057
6059
6058
6595
6637
6059
6592
6594
6640
6060
6061
6590
6592
6664
6062
6586
6588
6063
6583
6589
6064
6576
6065
6581
6589
6066
6580
6067
6073
6068
6069
6073
6075
7502
6070
6072
6071
6075
6077
6072
6074
6080
6574
6073
6575
6074
6580
6075
6081
6579
6076
6077
6081
6083
6078
6080
6079
6083
6080
6082
6086
6572
6081
6573
6082
6673
6083
6085
6674
6084
6085
6086
6088
6677
6087
6091
6088
6090
6513
6089
6514
6090
6677
6678
6680
6091
6567
6569
6092
6570
6572
6677
6093
6094
6096
6570
6623
6095
6618
6096
6098
6619
6097
6569
6622
6098
6108
6112
6568
6700
6099
6111
6695
6100
6108
6110
6101
6103
6107
6102
6106
6103
6105
6117
6104
6110
6116
6105
6107
6109
6129
6512
6106
6124
6511
6107
6510
6108
6513
6109
6567
6110
6112
6130
6566
6111
6115
6112
6114
6694
6113
6683
6699
6114
6130
6134
6684
6692
6115
6133
6693
6116
6130
6132
6117
6127
6129
6118
6124
6126
6119
6123
6120
6122
6126
6140
6121
6141
6122
6148
6497
6123
6125
6153
6520
6124
6519
6125
6129
6518
6126
6128
6154
6550
6127
6139
6128
6132
6138
6129
6131
6159
6551
6130
6552
6131
6565
6132
6134
6160
6564
6133
6137
6134
6136
6714
6135
6685
6715
6136
6160
6164
6894
7070
6137
6163
6889
6138
6160
6162
6139
6157
6159
6140
6154
6156
6141
6151
6153
6142
6148
6150
6143
6147
6144
6150
6172
6145
6147
6149
6175
6484
6146
6176
6485
6147
6486
6148
6495
6149
6153
6496
6150
6152
6528
6536
6151
6171
6152
6156
6170
6153
6155
6529
6535
6154
6530
6155
6159
6549
6156
6158
6546
6548
6157
6169
6158
6162
6168
6159
6161
6545
6559
6160
6560
6161
6563
6162
6164
6926
7066
6163
6167
6164
6166
6890
6165
6893
7065
6166
6926
6949
7064
7086
6167
6921
6923
6168
6924
6926
6169
6543
6545
6170
6542
6546
6171
6535
6539
6172
6536
6538
6173
6175
6174
6455
6538
6175
6456
6482
6537
6176
6483
6536
6177
6178
6481
6483
6485
6936
6179
6369
6470
6937
6180
6368
6374
6469
6181
6362
6375
6377
6182
6357
6359
6378
6183
6345
6354
6356
6184
6344
6350
6353
6185
6330
6338
6351
6186
6329
6333
6335
6187
6195
6199
6188
6190
6194
6335
6189
6193
6190
6192
6191
6336
6192
6194
6341
6193
6194
6196
6195
6334
6196
6200
6333
6197
6198
6200
6210
6199
6203
6200
6202
6329
6201
6332
6202
6210
6214
6404
6203
6213
6328
6204
6210
6212
6205
6209
6206
6208
6212
6268
6207
6267
6208
6272
6209
6211
6273
6210
6211
6212
6214
6274
6213
6275
6214
6216
6327
6215
6405
6216
6274
6278
6408
6217
6275
6277
6326
6218
6222
6323
6219
6300
6220
6222
6224
6299
6221
6225
6222
6232
6276
6223
6277
6322
6224
6232
6236
6292
6992
6225
6235
6298
6226
6232
6234
6227
6231
6228
6234
6237
6229
6231
6233
6239
6283
6230
6238
6264
6231
6265
6232
6282
6233
6281
6234
6236
6290
6235
6236
6297
6291
6991
6239
6239
6263
6289
6241
6243
6242
6244
6296
6244
6245
6296
6246
6247
6259
6296
6248
6249
6253
6259
6261
6250
6256
6258
6251
6253
6255
6252
6253
6254
6255
6261
6285
6256
6264
6257
6261
6263
6258
6260
6259
6260
6261
6262
6263
6285
6288
6264
6289
6265
6283
6285
6266
6282
6286
6267
6269
6271
6268
6272
6269
6273
6275
6270
6276
6282
6271
6273
6279
6287
6272
6286
6273
6274
6275
6279
6276
6277
6279
6281
6278
6292
6410
6279
6293
6409
6280
6281
6287
6293
6295
6282
6290
6292
6283
6287
6284
6289
6290
6285
6287
6288
6295
6286
6287
6289
6291
6295
6292
6294
6996
6293
6997
6294
7000
6295
6999
6298
6991
6299
6990
6992
6300
6320
6322
6301
6319
6323
6302
6304
6306
6303
6307
6304
6308
6310
6305
6311
6319
6306
6308
6316
6324
6401
6307
6323
6327
6308
6328
6309
6402
6310
6314
6316
6421
6311
6313
6312
6316
6318
6313
6315
6384
6392
6314
6383
6315
6382
6422
6316
6389
6397
6423
6317
6400
6318
6324
6395
6397
6399
6319
6392
6394
6320
6324
6321
6394
6990
6322
6324
6395
6411
6993
6323
6410
6992
6324
6326
6325
6326
6399
6401
6407
6411
6327
6408
6410
6328
6401
6405
6329
6402
6404
6330
6332
6331
6353
6402
6332
6351
6352
6403
6333
6404
6334
6351
6335
6339
6341
6336
6338
6337
6341
6338
6340
6343
6339
6344
6340
6349
6351
6341
6342
6343
6347
6349
6344
6346
6345
6349
6346
6348
6359
6347
6360
6348
6365
6349
6356
6358
6350
6351
6352
6356
6353
6355
6420
6354
6421
6355
6378
6422
6356
6379
6425
6357
6358
6375
6379
6359
6363
6365
6360
6362
6361
6365
6362
6364
6367
6363
6368
6364
6373
6375
6365
6366
6367
6371
6373
6368
6370
6369
6373
6370
6372
6485
6371
6486
6372
6491
6373
6492
6937
6374
6375
6472
6937
6376
6377
6379
6430
6472
6378
6429
6469
6379
6381
6380
6381
6425
6426
6430
6382
6422
6427
6429
6383
6387
6389
6384
6386
6385
6389
6391
6386
6388
6435
6443
6387
6444
6388
6429
6449
6389
6428
6434
6448
6390
6427
6391
6397
6434
6438
7007
6392
6435
6437
6393
6397
6394
6396
6437
6988
6395
6989
6396
6414
6994
6397
6415
6438
6995
6398
6399
6415
6417
6423
7007
6400
6414
6418
6401
6419
6421
6423
6402
6406
6403
6421
6404
6406
6420
6405
6406
6408
6407
6419
6408
6412
6418
6409
6410
6412
7000
6411
6997
6412
6414
6998
6413
7001
6414
6416
6418
7002
6415
7003
6416
7004
7006
6417
7005
7009
6418
6424
7008
6419
6420
6424
6421
6425
6422
6423
6425
6424
6427
6425
6426
6427
6431
7008
6428
7007
6429
6431
6433
6467
6430
6468
6431
6473
6432
6474
6433
7008
7010
7016
6434
6466
7007
7011
6435
6439
6465
6436
6442
6437
6439
6441
6438
6439
7006
6440
7011
6441
6463
6465
7012
6442
6462
6443
6461
6465
6444
6446
6448
6445
6449
6446
6450
6452
6447
6453
6461
6448
6450
6458
6464
6476
6449
6465
6467
6450
6468
6451
6477
6452
6456
6458
6480
6453
6455
6454
6458
6460
6455
6457
6957
6981
6456
6956
6457
6961
7022
6458
6960
6982
7021
6459
7020
6460
6464
6982
7019
6461
6981
6462
6464
6463
6464
7013
6465
7014
6466
6467
7012
7014
7016
6468
6474
6476
6469
6473
6477
6470
6472
6471
6477
6481
6472
6478
6937
6938
6473
6474
6478
6475
7016
6476
6478
7015
7025
6477
7014
7020
6478
6480
6479
6480
6938
7023
7025
6481
7020
7022
6482
6938
6483
6932
6939
7022
6484
6933
6935
6485
6493
6495
6528
6486
6492
6487
6491
6495
6488
6490
6489
6495
6497
6490
6494
6522
6524
6491
6492
6494
6493
6936
6494
6527
6935
6495
6526
6496
6497
6526
6528
6530
6498
6520
6522
6499
6519
6523
6500
6502
6504
6501
6507
6502
6508
6510
6503
6511
6519
6504
6508
6516
6525
6505
6507
6523
6506
6524
6507
6508
6509
6510
6514
6516
6511
6513
6512
6516
6518
6513
6515
6552
6566
6514
6567
6515
6680
6516
6553
6681
6517
6518
6525
6553
6555
6519
6550
6552
6520
6525
6521
6530
6550
6522
6525
6531
6555
6523
6526
6524
6525
6527
6531
6528
6532
6934
6529
6933
6530
6532
6534
6548
6531
6549
6532
6556
6533
6557
6534
6934
6941
6943
6535
6547
6931
6933
6536
6540
6546
6537
6933
6538
6540
6932
6961
6539
6956
6540
6542
6955
6541
6931
6962
6542
6544
6546
6930
6963
6543
6954
6544
6924
6953
6545
6925
6929
6968
6546
6926
6928
6547
6548
6928
6930
6943
6549
6557
6559
6550
6556
6560
6551
6555
6552
6554
6560
6564
6553
6565
6554
6688
6555
6561
6687
6556
6557
6561
6558
6943
6559
6561
6944
7067
6560
6928
7066
6561
6563
6562
6563
6687
7067
7069
6564
7066
7070
6565
6685
6687
6566
6684
6688
6567
6681
6683
6568
6680
6569
6679
6683
6721
6570
6678
6722
6571
6676
6723
6572
6671
6675
6724
6573
6674
6574
6671
6673
6575
6577
6579
6576
6580
6577
6581
6583
6578
6584
6671
6579
6581
6668
6672
6580
6673
6581
6582
6583
6587
6589
6668
6584
6586
6585
6668
6670
6586
6663
6667
6726
6587
6664
6588
6665
6667
6589
6590
6591
6665
6592
6656
6747
6593
6655
6594
6660
6662
6664
6747
6595
6599
6641
6596
6636
6597
6599
6601
6635
6598
6602
6599
6609
6663
6600
6642
6662
6601
6609
6613
6740
6766
6602
6612
6634
6603
6609
6611
6604
6608
6605
6607
6611
6617
6606
6618
6607
6623
6724
6608
6610
6624
6725
6609
6726
6610
6739
6611
6613
6625
6738
6612
6616
6613
6615
6633
6614
6741
6765
6615
6625
6629
6780
6782
6616
6628
6632
6617
6625
6627
6618
6620
6624
6619
6623
6620
6622
6695
6621
6627
6696
6622
6624
6626
6701
6733
6623
6700
6722
6624
6723
6625
6734
6626
6737
6627
6629
6702
6784
6628
6703
6629
6631
6706
6630
6707
6783
6631
6778
6780
6852
7246
6632
6777
6847
6633
6776
6780
6634
6763
6765
6635
6762
6766
6636
6642
6644
6637
6641
6645
6638
6640
6639
6645
6649
6640
6646
6652
6654
6641
6655
6642
6646
6660
6643
6661
6766
6644
6646
6751
6753
6767
6645
6754
6762
6646
6648
6647
6659
6648
6652
6753
6757
6804
6649
6754
6756
6650
6652
6651
6756
6811
6652
6757
6808
6810
6653
6654
6804
6806
6808
6655
6657
6659
6656
6660
6657
6748
6658
6806
6659
6748
6750
6805
6660
6751
6804
6661
6748
6662
6749
6751
6791
6663
6740
6746
6664
6666
6739
6665
6666
6747
6667
6744
6746
6668
6727
6669
6670
6672
6727
6729
6671
6724
6726
6672
6673
6675
6674
6675
6677
6676
6729
6677
6678
6730
6679
6731
6680
6682
7218
6681
6682
6688
6683
6689
7219
6684
6720
6685
6689
6691
6686
7070
7072
6687
6689
7069
7075
6688
6689
6690
6691
7075
7219
7221
6692
6718
6720
7072
6693
6699
6715
6717
6694
6712
6714
6695
6697
6699
6696
6700
6697
6701
6703
6698
6704
6712
6699
6701
6709
6717
6719
6700
6720
6701
6721
6702
7216
6703
6707
6709
7215
6704
6706
6705
6709
6711
6706
6708
6848
6864
6707
6847
6708
6852
7226
6709
6851
6869
7227
6710
7214
6711
6717
6867
6869
7213
6712
6864
6866
6713
6717
6714
6716
6866
6888
6715
6889
6716
6894
7072
6717
6867
6895
7073
6718
6719
7073
7213
7221
6720
7214
7216
7220
6721
7219
6722
7216
7218
6723
6731
6733
6724
6730
6734
6725
6729
6726
6728
6734
6738
6727
6739
6728
6744
6729
6735
6743
6730
6731
6735
6732
7218
6733
6735
6785
7217
6734
6784
7216
6735
6737
6736
6737
6743
6785
6787
6738
6782
6784
6739
6741
6743
6740
6744
6741
6745
6791
6742
6782
6790
6743
6745
6787
6789
6744
6745
6746
6796
6747
6749
6748
6749
6750
6796
6751
6795
6832
6752
6792
6753
6798
6802
6804
6832
6754
6758
6768
6755
6761
6756
6758
6760
6817
6757
6816
6758
6803
6821
6759
6802
6820
6760
6768
6772
6801
7124
6761
6771
7119
6762
6768
6770
6763
6767
6764
6770
6776
6765
6767
6769
6779
6793
6766
6780
6790
6767
6791
6768
6792
6769
6798
6770
6772
6799
6838
6771
6775
6772
6774
7118
6773
6800
7123
6774
6838
6842
7151
7262
6775
6841
7117
6776
6838
6840
6777
6779
6778
6840
6846
6779
6839
6853
7247
6780
6838
7248
6781
6782
6788
6790
7246
7248
6783
6787
6784
6786
7226
7246
6785
7215
6786
7224
6787
7225
7251
6788
6789
7249
7251
6790
6794
6796
6791
6793
6792
6796
6793
6795
6798
6794
6799
7248
6795
6835
7249
6796
6797
6798
6832
6833
6835
6799
6801
6800
6835
6837
6801
6834
7143
7262
6802
6833
7142
6803
6823
6831
6804
6808
6822
6830
6805
6806
6830
6832
6807
6808
6828
6830
6809
6810
6822
6826
6828
6811
6813
6821
6812
6816
6813
6815
7130
6814
6826
7131
6815
6819
6821
6825
7132
6816
6818
7129
6817
6821
6818
6820
7119
6819
7120
7128
6820
6824
7125
7133
6821
6823
7124
6822
6823
6825
6829
6824
7140
7142
6825
7137
7139
7145
6826
7136
7499
6827
7134
6828
7135
7499
6829
6830
7140
7499
6831
6832
6833
7140
6834
7141
6835
7148
7263
6836
6837
7249
7263
7265
6838
7248
7260
7262
6839
6840
6842
6854
7260
6841
6845
6842
6844
7116
6843
7152
7261
6844
6854
6858
7172
7267
6845
6857
7115
6846
6854
6856
6847
6849
6853
6848
6852
6849
6851
6863
6850
6856
6862
6851
6853
6855
6875
7255
6852
6870
7244
6853
7245
6854
7256
6855
7259
6856
6858
6876
7269
6857
6861
6858
6860
7114
6859
7171
7268
6860
6876
6880
7182
7273
6861
6879
7113
6862
6876
6878
6863
6873
6875
6864
6870
6872
6865
6869
6866
6868
6872
6886
6867
6887
6868
6896
7212
6869
6871
6901
7231
6870
7230
6871
6875
7243
6872
6874
6902
7242
6873
6885
6874
6878
6884
6875
6877
6907
7276
6876
7275
6877
7274
6878
6880
6908
7283
6879
6883
6880
6882
7112
6881
7181
7284
6882
6908
6912
7192
7287
6883
6911
7111
6884
6908
6910
6885
6905
6907
6886
6902
6904
6887
6899
6901
6888
6896
6898
6889
6891
6895
6890
6894
6891
6893
6921
6892
6898
6920
6893
6895
6897
7079
7085
6894
7078
7086
6895
7071
6896
7080
6897
6901
7211
6898
6900
7094
7210
6899
6919
6900
6904
6918
6901
6903
7095
7237
6902
7238
6903
6907
7241
6904
6906
7096
7291
6905
6917
6906
6910
6916
6907
6909
7101
7290
6908
7289
6909
7288
6910
6912
7102
7297
6911
6915
6912
6914
7110
6913
7191
7298
6914
7102
7106
7202
7204
6915
7105
7109
6916
7102
7104
6917
7099
7101
6918
7096
7098
6919
7091
7095
6920
7090
7094
6921
7085
7089
6922
7086
6923
7087
7089
7318
6924
6949
6951
6925
6952
6926
6947
6949
6969
6927
6928
6947
7064
7066
7501
6929
6944
6930
6945
6947
7043
6931
6942
7040
6932
6941
7033
6933
6940
7032
6934
6935
6940
6936
6939
6937
6938
6939
6940
7023
6941
7037
6942
7038
6943
6945
7039
6944
6945
7501
6946
7044
6947
7060
7062
7501
6948
7055
6949
7056
7062
7064
7309
6950
7087
6951
6969
6973
7056
7323
6952
6972
7318
6953
6969
6971
6954
6966
6968
6955
6963
6965
6956
6958
6962
6957
6961
6958
6960
6980
6959
6965
6979
6960
6962
6964
6984
7034
6961
6983
7031
6962
7032
6963
7033
6964
6968
7040
6965
6967
6985
7041
6966
6978
6967
6971
6977
6968
6970
6986
7042
6969
7043
6970
7055
6971
6973
6987
7054
6972
6976
6973
6975
7319
6974
7057
7322
6975
6987
7332
7336
6976
7333
6977
6987
6978
6986
6979
6985
6980
6984
6981
6983
6982
6983
7027
6984
7030
6985
7049
6986
7048
6987
7051
7053
6989
6995
6990
6994
6993
6992
6996
6993
6997
6994
6998
6995
7003
7004
6997
6999
6998
7000
7001
7003
7000
7001
7002
7003
7005
7004
7005
7007
7009
7011
7008
7009
7010
7011
7017
7012
7013
7017
7014
7018
7015
7019
7016
7018
7026
7017
7018
7020
7026
7027
7021
7025
7022
7024
7027
7031
7023
7032
7024
7037
7025
7028
7036
7026
7028
7028
7030
7029
7030
7036
7050
7031
7049
7032
7034
7036
7033
7037
7034
7038
7040
7035
7041
7049
7036
7038
7046
7050
7037
7038
7039
7040
7044
7046
7041
7043
7042
7046
7048
7043
7045
7051
7054
7044
7055
7045
7060
7046
7052
7059
7047
7048
7050
7052
7049
7051
7050
7052
7053
7338
7054
7336
7338
7055
7057
7059
7056
7060
7057
7061
7324
7058
7325
7336
7059
7061
7328
7337
7060
7338
7061
7062
7329
7063
7312
7064
7068
7311
7501
7065
7310
7066
7068
7070
7078
7067
7068
7501
7069
7077
7070
7076
7071
7072
7076
7078
7080
7073
7075
7074
7080
7212
7075
7081
7221
7233
7076
7077
7081
7078
7082
7311
7079
7310
7080
7082
7084
7210
7081
7211
7082
7234
7083
7235
7084
7305
7311
7313
7085
7209
7308
7310
7086
7088
7094
7087
7310
7088
7309
7323
7089
7093
7308
7316
7090
7317
7091
7093
7341
7092
7098
7342
7093
7095
7097
7347
7370
7094
7307
7346
7095
7209
7096
7208
7097
7101
7207
7098
7100
7348
7373
7099
7349
7100
7104
7352
7101
7103
7353
7374
7102
7206
7103
7205
7104
7106
7377
7448
7105
7443
7106
7108
7442
7107
7378
7449
7108
7200
7202
7381
7450
7109
7199
7441
7110
7198
7202
7111
7189
7191
7112
7188
7192
7113
7179
7181
7114
7178
7182
7115
7169
7171
7116
7168
7172
7117
7152
7154
7118
7151
7155
7119
7121
7123
7120
7124
7121
7125
7127
7122
7155
7159
7123
7125
7144
7156
7160
7124
7143
7151
7125
7142
7126
7145
7127
7133
7160
7162
7128
7159
7129
7133
7130
7132
7131
7132
7134
7133
7136
7137
7135
7136
7500
7137
7500
7138
7162
7139
7164
7500
7140
7146
7499
7141
7142
7146
7148
7143
7145
7144
7148
7150
7145
7147
7161
7393
7146
7162
7147
7164
7148
7163
7394
7149
7150
7263
7394
7396
7151
7262
7391
7393
7152
7156
7153
7172
7391
7154
7156
7166
7173
7392
7155
7165
7168
7156
7158
7157
7393
7158
7160
7166
7406
7159
7165
7160
7161
7162
7163
7406
7164
7164
7408
7166
7167
7174
7405
7168
7174
7176
7169
7173
7170
7176
7178
7171
7173
7175
7183
7400
7172
7182
7389
7173
7390
7174
7401
7175
7404
7176
7184
7425
7177
7178
7184
7186
7179
7183
7180
7186
7188
7181
7183
7185
7193
7416
7182
7192
7387
7183
7388
7184
7417
7185
7424
7186
7194
7423
7187
7188
7194
7196
7189
7193
7190
7196
7198
7191
7193
7195
7201
7384
7192
7202
7385
7193
7386
7194
7415
7195
7414
7196
7411
7413
7197
7198
7409
7411
7199
7201
7200
7409
7440
7201
7382
7410
7453
7202
7383
7411
7203
7204
7381
7383
7385
7434
7205
7298
7300
7378
7206
7297
7301
7377
7207
7290
7302
7374
7208
7291
7303
7373
7209
7237
7304
7370
7210
7305
7307
7211
7235
7237
7212
7234
7238
7213
7231
7233
7214
7222
7230
7215
7223
7227
7216
7224
7226
7217
7218
7220
7224
7219
7220
7221
7223
7222
7223
7229
7233
7224
7228
7225
7226
7228
7252
7227
7245
7228
7230
7244
7229
7253
7230
7232
7279
7231
7243
7232
7238
7242
7233
7239
7278
7234
7235
7239
7236
7305
7237
7239
7292
7304
7238
7291
7239
7241
7240
7241
7278
7292
7294
7242
7289
7291
7243
7276
7278
7244
7275
7279
7245
7253
7255
7246
7252
7256
7247
7251
7248
7250
7256
7260
7249
7250
7251
7257
7265
7252
7253
7257
7254
7279
7255
7257
7270
7280
7256
7269
7275
7257
7259
7258
7259
7265
7266
7270
7260
7267
7269
7261
7265
7262
7264
7267
7391
7263
7264
7265
7266
7396
7267
7271
7397
7268
7390
7269
7271
7273
7389
7270
7274
7271
7281
7272
7398
7273
7281
7285
7419
7274
7284
7388
7275
7281
7283
7276
7280
7277
7283
7289
7278
7280
7282
7294
7279
7280
7281
7282
7283
7285
7295
7284
7288
7285
7287
7387
7286
7420
7287
7295
7299
7431
7288
7298
7386
7289
7295
7297
7290
7294
7291
7293
7297
7292
7293
7303
7294
7296
7302
7295
7296
7297
7299
7301
7298
7299
7385
7300
7430
7301
7379
7434
7302
7376
7303
7375
7304
7372
7305
7371
7306
7307
7313
7371
7464
7308
7368
7370
7309
7313
7315
7310
7312
7324
7311
7312
7313
7329
7314
7315
7327
7329
7464
7316
7324
7326
7368
7317
7321
7323
7346
7318
7320
7341
7319
7323
7320
7322
7333
7321
7334
7340
7322
7326
7335
7345
7323
7325
7332
7324
7325
7329
7326
7328
7331
7327
7363
7367
7328
7364
7366
7329
7330
7331
7337
7364
7332
7336
7363
7333
7335
7334
7335
7339
7359
7363
7337
7338
7340
7358
7359
7341
7343
7345
7342
7346
7343
7347
7349
7344
7350
7358
7345
7347
7355
7360
7461
7346
7359
7367
7347
7368
7348
7369
7349
7353
7355
7459
7350
7352
7351
7355
7357
7352
7354
7444
7471
7353
7443
7354
7448
7458
7355
7447
7468
7470
7356
7460
7357
7360
7470
7492
7358
7471
7360
7360
7362
7361
7362
7461
7490
7492
7363
7365
7367
7364
7365
7366
7490
7367
7462
7464
7368
7461
7369
7464
7370
7459
7461
7463
7371
7373
7372
7463
7373
7375
7465
7374
7459
7375
7377
7458
7376
7482
7377
7379
7481
7378
7457
7379
7381
7456
7380
7483
7381
7434
7436
7484
7382
7455
7383
7436
7438
7454
7384
7412
7435
7385
7413
7415
7429
7386
7430
7387
7415
7431
7388
7416
7420
7389
7417
7419
7390
7398
7400
7391
7397
7401
7392
7396
7393
7395
7401
7405
7394
7406
7395
7408
7396
7402
7407
7397
7398
7402
7399
7419
7400
7402
7418
7426
7401
7417
7425
7402
7404
7403
7404
7407
7426
7405
7425
7406
7407
7408
7408
7410
7411
7438
7412
7413
7438
7439
7414
7428
7415
7423
7433
7416
7432
7417
7421
7423
7418
7424
7419
7421
7427
7420
7421
7431
7422
7432
7423
7427
7433
7424
7425
7427
7426
7427
7429
7433
7439
7430
7432
7435
7431
7434
7432
7433
7435
7436
7439
7437
7487
7438
7439
7441
7453
7442
7450
7452
7443
7445
7449
7444
7448
7445
7447
7472
7446
7452
7473
7447
7449
7451
7474
7478
7448
7475
7477
7449
7457
7450
7456
7451
7453
7455
7452
7486
7489
7488
7454
7455
7487
7456
7484
7486
7457
7478
7483
7458
7477
7481
7459
7468
7482
7460
7465
7461
7466
7468
7492
7462
7463
7466
7490
7464
7465
7466
7482
7467
7491
7468
7480
7482
7496
7469
7477
7470
7476
7492
7496
7471
7475
7472
7473
7475
7474
7488
7475
7489
7493
7476
7477
7493
7495
7478
7480
7479
7486
7493
7480
7483
7485
7494
7481
7495
7482
7483
7484
7485
7487
7486
7498
7497
7489
7497
7491
7492
7496
7494
7497
7495
7498
7496
7498
7500
7504
)


// ************************************************************************* //
