/*--------------------------------*- C++ -*----------------------------------*\
| =========                 |                                                 |
| \\      /  F ield         | OpenFOAM: The Open Source CFD Toolbox           |
|  \\    /   O peration     | Version:  2412                                  |
|   \\  /    A nd           | Website:  www.openfoam.com                      |
|    \\/     M anipulation  |                                                 |
\*---------------------------------------------------------------------------*/
FoamFile
{
    version     2.0;
    format      ascii;
    arch        "LSB;label=32;scalar=64";
    class       faceList;
    location    "constant/claddingZone/polyMesh";
    object      faces;
}
// * * * * * * * * * * * * * * * * * * * * * * * * * * * * * * * * * * * * * //


12924
(
4(1977 1984 6222 6219)
4(1977 6219 6212 918)
4(918 1555 1984 1977)
4(1979 6221 6219 1977)
4(1977 1984 1985 1979)
4(1976 6218 6219 1977)
4(1976 1977 1979 1978)
4(1976 6218 6211 917)
4(917 918 1977 1976)
4(5998 917 6211 6299)
4(5998 6299 6297 5996)
4(5996 916 917 5998)
4(349 6198 6299 5998)
4(5998 917 1976 349)
4(5997 6298 6299 5998)
4(5997 5998 349 348)
4(5997 6298 6296 5995)
4(5995 5996 5998 5997)
4(5990 6295 6293 5988)
4(5988 5995 5997 5990)
4(5987 6292 6293 5988)
4(5989 6294 6292 5987)
4(5987 5988 5990 5989)
4(5987 6292 6290 5983)
4(5983 5984 5988 5987)
4(5952 5987 6292 6287)
4(5952 6287 6280 5495)
4(5495 5983 5987 5952)
4(5954 6289 6287 5952)
4(5952 5987 5989 5954)
4(5951 6286 6287 5952)
4(5953 6288 6286 5951)
4(5951 5952 5954 5953)
4(5951 6286 6279 5494)
4(5494 5495 5952 5951)
4(5944 5951 6286 6283)
4(5944 6283 6278 5491)
4(5491 5494 5951 5944)
4(5946 6285 6283 5944)
4(5944 5951 5953 5946)
4(5943 6282 6283 5944)
4(5943 5944 5946 5945)
4(5943 6282 6277 5490)
4(5490 5491 5944 5943)
4(5184 6275 6269 5172)
4(5172 5490 5943 5184)
4(5183 6274 6268 5171)
4(5171 5172 5184 5183)
4(5176 5183 6274 6271)
4(5176 6271 6267 5168)
4(5168 5171 5183 5176)
4(5178 6273 6271 5176)
4(5176 5183 5185 5178)
4(5175 6270 6271 5176)
4(5177 6272 6270 5175)
4(5175 5176 5178 5177)
4(5175 6270 6266 5167)
4(5167 5168 5176 5175)
4(4740 5175 6270 6263)
4(4740 6263 6257 4728)
4(4728 5167 5175 4740)
4(4742 6265 6263 4740)
4(4740 5175 5177 4742)
4(4739 6262 6263 4740)
4(4741 6264 6262 4739)
4(4739 4740 4742 4741)
4(4739 6262 6256 4727)
4(4727 4728 4740 4739)
4(4732 4739 6262 6259)
4(4725 4727 4739 4732)
4(4734 6261 6259 4732)
4(4732 4739 4741 4734)
4(4733 6260 6258 4731)
4(4731 4732 4734 4733)
4(3757 4733 6260 6235)
4(3757 6235 6233 3755)
4(3755 4731 4733 3757)
4(4309 6252 6235 3757)
4(3757 4733 5651 4309)
4(3756 6234 6235 3757)
4(4308 6251 6234 3756)
4(3756 3757 4309 4308)
4(3754 3755 3757 3756)
4(4301 4308 6251 6248)
4(4301 6248 6231 3751)
4(3751 3756 4308 4301)
4(4303 6250 6248 4301)
4(4301 4308 4310 4303)
4(4300 6247 6248 4301)
4(4302 6249 6247 4300)
4(4300 4301 4303 4302)
4(3750 3751 4301 4300)
4(4260 4302 6249 6239)
4(4258 4300 4302 4260)
4(4273 6245 6239 4260)
4(4260 4302 4314 4273)
4(4272 6244 6238 4259)
4(4259 4260 4273 4272)
4(4265 4272 6244 6241)
4(4256 4259 4272 4265)
4(4267 6243 6241 4265)
4(4265 4272 4274 4267)
4(4266 6242 6243 4267)
4(2666 6226 6242 4266)
4(4266 4267 2667 2666)
4(4264 4265 4267 4266)
4(71 2666 6226 6188)
4(1668 4266 2666 71)
4(73 6190 6188 71)
4(71 2666 2668 73)
4(72 6189 6190 73)
4(84 6194 6189 72)
4(72 73 85 84)
4(70 71 73 72)
4(78 84 6194 6191)
4(68 72 84 78)
4(80 86 6196 6193)
4(78 84 86 80)
4(514 6206 6193 80)
4(80 86 521 514)
4(515 6207 6208 516)
4(1132 6213 6207 515)
4(515 516 1133 1132)
4(513 6205 6206 514)
4(515 6207 6205 513)
4(513 514 516 515)
4(79 80 514 513)
4(490 515 6207 6200)
4(489 513 515 490)
4(494 1132 6213 6202)
4(490 515 1132 494)
4(496 1134 6215 6204)
4(496 6204 6202 494)
4(494 1132 1134 496)
4(2610 6225 6204 496)
4(496 1134 3298 2610)
4(495 6203 6204 496)
4(495 496 2610 2609)
4(493 494 496 495)
4(5638 4702 4704 5642)
4(5638 5642 5650 5648)
4(5634 4701 4703 5640)
4(5634 5640 5642 5638)
4(4684 3747 3749 4688)
4(4684 4688 5640 5634)
4(4243 3746 3748 4686)
4(4243 4686 4688 4684)
4(4231 3239 3241 4235)
4(4231 4235 4686 4243)
4(4227 3238 3240 4233)
4(4227 4233 4235 4231)
4(1655 449 451 1659)
4(1655 1659 4233 4227)
4(5636 5638 5642 5641)
4(5636 5646 5648 5638)
4(5632 5634 5640 5639)
4(5632 5636 5638 5634)
4(4245 5632 5634 4684)
4(4245 4684 4688 4687)
4(5629 5635 5645 5643)
4(5120 5124 5635 5629)
4(5120 5132 5134 5124)
4(5635 5636 5646 5645)
4(5635 5637 5638 5636)
4(5629 5635 5636 5630)
4(5631 5635 5636 5632)
4(5627 5629 5635 5631)
4(5627 5631 5632 5628)
4(5631 5633 5634 5632)
4(5116 5122 5631 5627)
4(5116 5120 5124 5122)
4(4238 4244 5631 5627)
4(4215 5116 5122 4219)
4(4215 4219 4244 4238)
4(4244 4245 5632 5631)
4(4244 4683 4684 4245)
4(4238 4244 4245 4239)
4(5119 5120 5132 5131)
4(5119 5123 5124 5120)
4(5117 5129 5131 5119)
4(5117 5119 5120 5118)
4(5110 5117 5129 5126)
4(5110 5112 5119 5117)
4(5110 5126 5128 5112)
4(4694 5110 5117 4696)
4(4694 4699 5126 5110)
4(5115 5119 5120 5116)
4(5113 5115 5116 5114)
4(5113 5117 5119 5115)
4(5115 5121 5122 5116)
4(4214 4215 5116 5115)
4(4214 4218 4219 4215)
4(4212 5113 5115 4214)
4(4212 4214 4215 4213)
4(5106 5113 5115 5108)
4(4205 4212 5113 5106)
4(4205 5106 5108 4207)
4(4205 4207 4214 4212)
4(5106 5113 5117 5110)
4(5106 5110 5112 5108)
4(4691 5106 5113 4695)
4(4691 4694 5110 5106)
4(3727 4691 5106 4205)
4(3727 4205 4212 3729)
4(1651 1657 450 448)
4(1014 6185 447 1018)
4(1014 1018 1657 1651)
4(1651 1657 1659 1655)
4(1010 6184 446 1016)
4(1010 1016 1018 1014)
4(4241 4243 4686 4685)
4(4241 4245 4684 4243)
4(4229 4241 4243 4231)
4(4229 4231 4235 4234)
4(4240 4241 4243 4242)
4(4228 4229 4241 4240)
4(4228 4230 4231 4229)
4(4240 4241 4245 4244)
4(4236 4240 4244 4238)
4(4211 4217 4240 4236)
4(4211 4215 4219 4217)
4(4236 4240 4241 4237)
4(4222 4236 4240 4228)
4(4222 4228 4229 4223)
4(3745 4199 4228 4222)
4(3745 4211 4217 4199)
4(4225 4227 4231 4229)
4(4224 4226 4227 4225)
4(4224 4225 4229 4228)
4(4225 4227 4233 4232)
4(1653 4225 4227 1655)
4(1653 1655 1659 1658)
4(1652 1653 4225 4224)
4(1652 1654 1655 1653)
4(3741 4220 4224 4197)
4(1021 1652 4224 4220)
4(998 3741 4197 1002)
4(998 1002 1652 1021)
4(4220 4224 4228 4222)
4(3741 3745 4199 4197)
4(4220 4224 4225 4221)
4(1021 1652 1653 1022)
4(1649 1651 1657 1656)
4(1649 1653 1655 1651)
4(1012 1014 1018 1017)
4(1012 1649 1651 1014)
4(5109 5110 5126 5125)
4(5109 5111 5112 5110)
4(4693 4698 5125 5109)
4(4693 5109 5110 4694)
4(2127 3227 5109 4693)
4(2127 4693 4698 2604)
4(2127 2604 3229 3227)
4(4690 5105 5109 4693)
4(2123 2606 5105 4690)
4(2123 4690 4693 2127)
4(2123 2127 3227 2606)
4(5105 5106 5108 5107)
4(4204 4205 5106 5105)
4(4204 4206 4207 4205)
4(5105 5106 5110 5109)
4(4690 5105 5106 4691)
4(3726 4690 5105 4204)
4(3726 4204 4205 3727)
4(1068 3726 4690 2123)
4(1068 1667 4204 3726)
4(1068 2123 2606 1667)
4(2121 4689 4690 2123)
4(1066 1068 3726 3725)
4(1066 2121 2123 1068)
4(2125 4692 4693 2127)
4(2121 2125 2127 2123)
4(2125 2602 2604 2127)
4(4210 4214 4215 4211)
4(4208 4210 4211 4209)
4(4208 4212 4214 4210)
4(4210 4216 4217 4211)
4(3744 3745 4211 4210)
4(3744 4198 4199 3745)
4(3742 4208 4210 3744)
4(3742 3744 3745 3743)
4(4201 4208 4210 4203)
4(3735 3742 4208 4201)
4(3735 3737 3744 3742)
4(3735 4201 4203 3737)
4(4201 4208 4212 4205)
4(4201 4205 4207 4203)
4(3724 4201 4208 3728)
4(3724 3727 4205 4201)
4(3235 3735 3742 3237)
4(3235 3724 4201 3735)
4(3740 3744 3745 3741)
4(3738 3740 3741 3739)
4(3738 3742 3744 3740)
4(3740 4196 4197 3741)
4(997 998 3741 3740)
4(997 1001 1002 998)
4(995 3738 3740 997)
4(995 997 998 996)
4(3731 3738 3740 3733)
4(988 995 3738 3731)
4(988 3731 3733 990)
4(988 990 997 995)
4(3731 3738 3742 3735)
4(3731 3735 3737 3733)
4(3232 3731 3738 3236)
4(3232 3235 3735 3731)
4(391 3232 3731 988)
4(391 988 995 393)
4(1064 1068 3726 3723)
4(1062 1064 3723 3722)
4(1062 1066 1068 1064)
4(3723 4200 4204 3726)
4(1064 1665 4200 3723)
4(1064 1068 1667 1665)
4(4200 4201 4203 4202)
4(3734 3735 4201 4200)
4(3734 3736 3737 3735)
4(4200 4201 4205 4204)
4(3723 4200 4201 3724)
4(3234 3723 4200 3734)
4(3234 3734 3735 3235)
4(1048 1663 3734 3234)
4(1048 3234 3723 1064)
4(1048 1064 1665 1663)
4(3231 3730 3734 3234)
4(1044 1661 3730 3231)
4(1044 3231 3234 1048)
4(1044 1048 1663 1661)
4(3730 3731 3733 3732)
4(987 988 3731 3730)
4(987 989 990 988)
4(3730 3731 3735 3734)
4(3231 3730 3731 3232)
4(390 3231 3730 987)
4(390 987 988 391)
4(4195 390 3231 1044)
4(4195 1044 1661 4682)
4(4195 4682 987 390)
4(1042 3230 3231 1044)
4(4193 1042 1044 4195)
4(4193 4195 390 389)
4(1046 3233 3234 1048)
4(1042 1046 1048 1044)
4(1046 1062 1064 1048)
4(6171 5136 5138 6175)
4(6171 6175 1016 1010)
4(6167 6173 6175 6171)
4(1008 1010 1016 1015)
4(1008 1012 1014 1010)
4(6169 1008 1010 6171)
4(6169 6171 6175 6174)
4(1007 1008 1010 1009)
4(6168 6169 1008 1007)
4(6168 6170 6171 6169)
4(1011 1012 1014 1013)
4(1007 1008 1012 1011)
4(1648 1649 1651 1650)
4(1011 1012 1649 1648)
4(1648 1649 1653 1652)
4(1019 1648 1652 1021)
4(994 1000 1648 1019)
4(994 998 1002 1000)
4(1019 1648 1649 1020)
4(1005 1019 1648 1011)
4(1005 1011 1012 1006)
4(978 982 1011 1005)
4(978 994 1000 982)
4(1003 1007 1011 1005)
4(974 980 1007 1003)
4(974 978 982 980)
4(1003 1007 1008 1004)
4(6162 1003 1007 6168)
4(6162 6168 6169 6163)
4(5622 5626 6168 6162)
4(5622 974 980 5626)
4(993 999 1000 994)
4(993 994 998 997)
4(977 978 994 993)
4(977 981 982 978)
4(6165 6169 6171 6167)
4(6164 6168 6169 6165)
4(6160 6162 6168 6164)
4(5618 5622 5626 5624)
4(402 403 974 973)
4(5621 973 974 5622)
4(5619 402 973 5621)
4(5619 5621 5622 5620)
4(975 976 978 977)
4(973 977 978 974)
4(402 975 977 973)
4(991 992 994 993)
4(975 991 993 977)
4(991 995 997 993)
4(984 991 995 988)
4(984 986 993 991)
4(984 988 990 986)
4(388 984 991 392)
4(388 391 988 984)
4(399 984 991 975)
4(6181 388 984 399)
4(6181 399 975 6183)
4(399 984 986 401)
4(399 401 977 975)
4(983 984 986 985)
4(398 399 984 983)
4(398 400 401 399)
4(983 984 988 987)
4(973 979 980 974)
4(5621 5625 5626 5622)
4(5617 5618 5622 5621)
4(2126 3226 3227 2127)
4(2126 2127 2604 2603)
4(2122 2605 2606 2123)
4(2122 2123 2127 2126)
4(1067 1068 2123 2122)
4(1067 1666 1667 1068)
4(2116 2117 2119 2118)
4(2112 2116 2118 2114)
4(2112 2113 2117 2116)
4(2113 2115 2119 2117)
4(2112 2114 2115 2113)
4(2593 2594 2596 2595)
4(2117 2119 2596 2594)
4(2116 2117 2594 2593)
4(2116 2593 2595 2118)
4(2593 2597 2599 2595)
4(2593 2594 2598 2597)
4(2101 2593 2597 2105)
4(2101 2103 2595 2593)
4(2101 2105 2107 2103)
4(2128 2593 2597 2591)
4(2089 2101 2593 2128)
4(2089 2091 2105 2101)
4(2128 2593 2594 2129)
4(2124 2601 2603 2126)
4(2124 2126 2127 2125)
4(2117 2119 2126 2124)
4(2110 2128 2593 2116)
4(2110 2116 2117 2111)
4(2081 2101 2593 2116)
4(2067 2081 2116 2110)
4(2067 2089 2101 2081)
4(2081 2083 2118 2116)
4(2081 2101 2103 2083)
4(2077 2112 2116 2081)
4(2077 2079 2114 2112)
4(2077 2081 2083 2079)
4(2108 2112 2116 2110)
4(2065 2077 2112 2108)
4(2065 2067 2081 2077)
4(2108 2112 2113 2109)
4(2120 2122 2126 2124)
4(2113 2115 2122 2120)
4(2120 2122 2123 2121)
4(1065 2120 2122 1067)
4(1065 1067 1068 1066)
4(1058 2113 2115 1060)
4(1058 1060 1067 1065)
4(1057 2112 2113 1058)
4(1051 2108 2112 1057)
4(1051 1057 1058 1052)
4(1057 2112 2114 1059)
4(1057 1059 1060 1058)
4(1026 1057 2112 2077)
4(1026 1028 1059 1057)
4(1026 2077 2079 1028)
4(435 1026 1057 1051)
4(435 2065 2077 1026)
4(2097 457 1069 2104)
4(2087 453 457 2097)
4(2087 2097 2104 2090)
4(2097 457 459 2099)
4(2097 2099 2106 2104)
4(2096 2097 457 456)
4(2096 2098 2099 2097)
4(5924 5936 456 452)
4(5924 5926 5939 5936)
4(2086 452 456 2096)
4(2086 2096 2097 2087)
4(1536 1549 2096 2086)
4(1536 5924 5936 1549)
4(1063 1067 1068 1064)
4(1061 1063 1064 1062)
4(1061 1065 1067 1063)
4(1063 1664 1665 1064)
4(1047 1662 1663 1048)
4(1047 1048 1064 1063)
4(1043 1660 1661 1044)
4(1043 1044 1048 1047)
4(4194 4195 1044 1043)
4(4194 4681 4682 4195)
4(1041 1042 1044 1043)
4(4192 1041 1043 4194)
4(4192 4194 4195 4193)
4(1045 1046 1048 1047)
4(1041 1045 1047 1043)
4(1045 1061 1063 1047)
4(1054 1061 1063 1056)
4(1038 1054 1056 1040)
4(1038 1040 1047 1045)
4(1054 1058 1060 1056)
4(2100 2104 2105 2101)
4(2088 2090 2104 2100)
4(2088 2100 2101 2089)
4(2100 2104 2106 2102)
4(2100 2102 2103 2101)
4(2093 2100 2104 2097)
4(2093 2095 2102 2100)
4(2093 2097 2099 2095)
4(2085 2093 2100 2088)
4(2085 2087 2097 2093)
4(2073 2093 2100 2080)
4(2066 2080 2100 2088)
4(2063 2085 2093 2073)
4(2063 2073 2080 2066)
4(2080 2082 2102 2100)
4(2073 2093 2095 2075)
4(2073 2075 2082 2080)
4(2080 2081 2101 2100)
4(2080 2082 2083 2081)
4(2066 2080 2081 2067)
4(1053 1057 1058 1054)
4(1049 1051 1057 1053)
4(1049 1053 1054 1050)
4(1053 1055 1056 1054)
4(1053 1057 1059 1055)
4(1033 1034 1036 1035)
4(4184 1033 1035 4186)
4(4184 4185 1034 1033)
4(4185 4187 1036 1034)
4(4184 4186 4187 4185)
4(1037 1038 1040 1039)
4(1033 1037 1039 1035)
4(1033 1034 1038 1037)
4(1034 1036 1040 1038)
4(1037 1053 1055 1039)
4(1037 1038 1054 1053)
4(445 1053 1055 1024)
4(425 1037 1053 445)
4(425 427 1039 1037)
4(425 445 1024 427)
4(445 1053 1057 1026)
4(445 1026 1028 1024)
4(433 445 1053 1049)
4(433 435 1026 445)
4(1031 1037 1053 1049)
4(411 425 1037 1031)
4(411 433 445 425)
4(1031 1037 1038 1032)
4(421 425 1037 1033)
4(409 421 1033 1029)
4(1029 1033 1037 1031)
4(409 411 425 421)
4(421 423 1035 1033)
4(421 425 427 423)
4(4153 4184 1033 421)
4(4153 4155 4186 4184)
4(4153 421 423 4155)
4(4178 4184 1033 1029)
4(3719 4153 4184 4178)
4(3719 409 421 4153)
4(1029 1030 1034 1033)
4(4178 4184 4185 4179)
4(1034 1036 1043 1041)
4(4185 4187 4194 4192)
4(387 390 987 983)
4(387 983 984 388)
4(4191 4680 983 387)
4(4191 387 390 4195)
4(4191 4195 4682 4680)
4(6180 398 983 387)
4(4175 4678 398 6180)
4(4175 6180 387 4191)
4(4175 4191 4680 4678)
4(6180 398 399 6181)
4(394 398 399 395)
4(6178 395 399 6181)
4(6177 394 395 6178)
4(6177 6180 398 394)
4(394 396 397 395)
4(395 397 401 399)
4(5612 5614 397 395)
4(5611 5612 395 394)
4(5611 5613 5614 5612)
4(395 402 973 397)
4(5612 5619 402 395)
4(5612 5614 5621 5619)
4(395 402 975 399)
4(6178 395 402 6182)
4(5102 6178 395 5612)
4(5102 5612 5619 5104)
4(5101 6177 394 5611)
4(5101 5611 5612 5102)
4(4171 6177 394 4676)
4(3221 5101 6177 4171)
4(3221 4171 4676 3687)
4(3221 3687 5611 5101)
4(4171 6177 6180 4175)
4(4171 4175 4678 4676)
4(5608 5610 5614 5612)
4(5607 5608 5612 5611)
4(5607 5609 5610 5608)
4(5615 5617 5621 5619)
4(5608 5610 5617 5615)
4(5608 5615 5619 5612)
4(5600 5605 5615 5608)
4(5600 5602 5606 5605)
4(5600 5608 5610 5602)
4(5099 5103 5615 5608)
4(5094 5600 5605 5096)
4(5094 5099 5608 5600)
4(5099 5102 5612 5608)
4(5596 5600 5605 5603)
4(5091 5094 5600 5596)
4(5091 5596 5603 5095)
4(5596 5600 5602 5598)
4(5596 5598 5604 5603)
4(2092 2093 2097 2096)
4(2092 2094 2095 2093)
4(2084 2086 2096 2092)
4(2084 2092 2093 2085)
4(1534 1546 2092 2084)
4(1534 1536 1549 1546)
4(2062 2072 2092 2084)
4(866 879 2072 2062)
4(866 1534 1546 879)
4(2072 2092 2093 2073)
4(2062 2072 2073 2063)
4(2072 2074 2075 2073)
4(2069 2071 2075 2073)
4(2068 2069 2073 2072)
4(2068 2070 2071 2069)
4(2076 2078 2082 2080)
4(2069 2076 2080 2073)
4(2069 2071 2078 2076)
4(2076 2077 2081 2080)
4(2076 2078 2079 2077)
4(2064 2066 2080 2076)
4(2064 2076 2077 2065)
4(2061 2069 2076 2064)
4(2061 2063 2073 2069)
4(441 2069 2076 1025)
4(434 1025 2076 2064)
4(431 2061 2069 441)
4(431 441 1025 434)
4(1025 1027 2078 2076)
4(441 2069 2071 443)
4(441 443 1027 1025)
4(1025 1026 2077 2076)
4(1025 1027 1028 1026)
4(434 1025 1026 435)
4(2060 2068 2072 2062)
4(864 876 2068 2060)
4(864 866 879 876)
4(2060 2068 2069 2061)
4(440 2068 2069 441)
4(430 2060 2068 440)
4(430 440 441 431)
4(440 442 443 441)
4(437 439 443 441)
4(436 438 439 437)
4(436 437 441 440)
4(444 1023 1027 1025)
4(437 444 1025 441)
4(437 439 1023 444)
4(444 445 1026 1025)
4(444 1023 1024 445)
4(432 434 1025 444)
4(432 444 445 433)
4(429 437 444 432)
4(429 431 441 437)
4(417 437 444 424)
4(410 424 444 432)
4(407 429 437 417)
4(407 417 424 410)
4(424 426 1023 444)
4(417 437 439 419)
4(417 419 426 424)
4(424 425 445 444)
4(424 426 427 425)
4(410 424 425 411)
4(4189 386 387 4191)
4(4173 4175 6180 6179)
4(4173 4189 4191 4175)
4(4189 4193 4195 4191)
4(4169 4171 6177 6176)
4(4169 4173 4175 4171)
4(3219 4169 4171 3221)
4(3219 3221 5101 5100)
4(4190 4194 4195 4191)
4(4188 4190 4191 4189)
4(4188 4192 4194 4190)
4(4190 4679 4680 4191)
4(4174 4677 4678 4175)
4(4174 4175 4191 4190)
4(4170 4675 4676 4171)
4(4170 4171 4175 4174)
4(3220 3221 4171 4170)
4(3220 3686 3687 3221)
4(4168 4169 4171 4170)
4(3218 4168 4170 3220)
4(3218 3220 3221 3219)
4(4172 4173 4175 4174)
4(4168 4172 4174 4170)
4(4172 4188 4190 4174)
4(4181 4188 4190 4183)
4(4165 4181 4183 4167)
4(4165 4167 4174 4172)
4(4181 4185 4187 4183)
4(5866 5879 440 430)
4(5866 864 876 5879)
4(5864 5876 436 428)
4(428 436 440 430)
4(5864 5866 5879 5876)
4(4160 4161 4163 4162)
4(3211 3213 4163 4161)
4(3210 4160 4162 3212)
4(3210 3211 4161 4160)
4(3210 3212 3213 3211)
4(4164 4165 4167 4166)
4(4160 4164 4166 4162)
4(4160 4161 4165 4164)
4(4161 4163 4167 4165)
4(4180 4181 4183 4182)
4(4164 4165 4181 4180)
4(4164 4180 4182 4166)
4(4180 4184 4186 4182)
4(4180 4181 4185 4184)
4(4149 4180 4184 4153)
4(4149 4151 4182 4180)
4(4149 4153 4155 4151)
4(4176 4180 4184 4178)
4(3717 4149 4180 4176)
4(3717 3719 4153 4149)
4(4176 4180 4181 4177)
4(4158 4176 4180 4164)
4(4158 4164 4165 4159)
4(3709 4149 4180 4164)
4(3695 3709 4164 4158)
4(3695 3717 4149 3709)
4(3709 3711 4166 4164)
4(3709 4149 4151 3711)
4(3705 4160 4164 3709)
4(3705 3707 4162 4160)
4(3705 3709 3711 3707)
4(4156 4160 4164 4158)
4(3693 3705 4160 4156)
4(3693 3695 3709 3705)
4(4156 4160 4161 4157)
4(4161 4163 4170 4168)
4(3211 3213 3220 3218)
4(2564 3705 4160 3210)
4(2550 3693 3705 2564)
4(2589 3210 4160 4156)
4(2550 2564 3210 2589)
4(2564 3705 3707 2566)
4(2564 2566 3212 3210)
4(3704 3705 3707 3706)
4(2563 3704 3706 2565)
4(2563 2564 3705 3704)
4(2563 2565 2566 2564)
4(3708 3709 3711 3710)
4(3704 3705 3709 3708)
4(3704 3708 3710 3706)
4(4148 4149 4151 4150)
4(3708 4148 4150 3710)
4(3708 3709 4149 4148)
4(4152 4153 4155 4154)
4(4148 4152 4154 4150)
4(4148 4149 4153 4152)
4(420 421 423 422)
4(4152 420 422 4154)
4(4152 4153 421 420)
4(420 424 426 422)
4(420 421 425 424)
4(3217 3685 3687 3221)
4(3216 3684 3685 3217)
4(3216 3217 3221 3220)
4(5098 5607 5611 5101)
4(3217 3685 5607 5098)
4(3217 5098 5101 3221)
4(5098 5607 5608 5099)
4(5599 5607 5608 5600)
4(5093 5098 5607 5599)
4(5093 5599 5600 5094)
4(5599 5601 5602 5600)
4(2586 3225 5599 5093)
4(2586 3217 3685 3225)
4(2586 5093 5098 3217)
4(5090 5595 5599 5093)
4(2582 2586 3225 3223)
4(2582 3223 5595 5090)
4(2582 5090 5093 2586)
4(5595 5596 5598 5597)
4(966 967 5596 5595)
4(967 969 5598 5596)
4(966 968 969 967)
4(5595 5596 5600 5599)
4(5090 5595 5596 5091)
4(383 967 5596 5091)
4(382 966 967 383)
4(382 5090 5595 966)
4(967 5596 5603 972)
4(383 967 972 385)
4(967 969 1647 972)
4(963 970 972 967)
4(963 967 969 965)
4(406 416 436 428)
4(5844 5857 416 406)
4(5844 5864 5876 5857)
4(416 417 437 436)
4(416 418 419 417)
4(428 429 437 436)
4(406 416 417 407)
4(412 416 417 413)
4(405 413 417 407)
4(404 412 413 405)
4(404 406 416 412)
4(412 414 415 413)
4(413 415 419 417)
4(4145 4147 415 413)
4(4144 4145 413 412)
4(4144 4146 4147 4145)
4(413 420 422 415)
4(4145 4152 420 413)
4(4145 4147 4154 4152)
4(413 420 424 417)
4(408 420 424 410)
4(405 413 420 408)
4(408 420 421 409)
4(3718 408 420 4152)
4(3718 4152 4153 3719)
4(3715 405 413 4145)
4(3715 4145 4152 3718)
4(3714 404 412 4144)
4(3714 4144 4145 3715)
4(5842 404 412 5854)
4(3040 3053 4144 3714)
4(3040 5842 5854 3053)
4(5842 5844 5857 5854)
4(3720 4142 4143 3721)
4(3721 4143 4147 4145)
4(3720 3721 4145 4144)
4(3701 3703 4143 3721)
4(3700 3701 3721 3720)
4(3700 3702 3703 3701)
4(3721 4148 4150 4143)
4(3701 3708 4148 3721)
4(3701 3703 3710 3708)
4(3721 4148 4152 4145)
4(3716 4148 4152 3718)
4(3713 3721 4148 3716)
4(3713 3715 4145 3721)
4(3716 4148 4149 3717)
4(3694 3716 4148 3708)
4(3694 3708 3709 3695)
4(3691 3713 3721 3701)
4(3691 3701 3708 3694)
4(3712 3713 3721 3720)
4(3690 3712 3720 3700)
4(3690 3700 3701 3691)
4(3712 3714 4144 3720)
4(3038 3050 3720 3712)
4(3038 3040 3053 3050)
4(3018 3031 3700 3690)
4(3018 3038 3050 3031)
4(3692 3694 3708 3704)
4(3692 3704 3705 3693)
4(3697 3701 3708 3704)
4(3689 3697 3704 3692)
4(3689 3691 3701 3697)
4(3697 3699 3706 3704)
4(3697 3701 3703 3699)
4(2556 2563 3704 3697)
4(2556 2558 2565 2563)
4(2556 3697 3699 2558)
4(2549 2563 3704 3692)
4(2546 2556 2563 2549)
4(2546 3689 3697 2556)
4(2549 2563 2564 2550)
4(2559 2563 2564 2560)
4(2548 2560 2564 2550)
4(2547 2559 2560 2548)
4(2547 2549 2563 2559)
4(2560 2562 2566 2564)
4(2559 2561 2562 2560)
4(2559 2563 2565 2561)
4(3206 3208 3212 3210)
4(2560 2562 3208 3206)
4(2560 3206 3210 2564)
4(2585 2586 3225 3224)
4(2581 3222 3223 2582)
4(2581 2582 2586 2585)
4(2585 2586 3217 3216)
4(3214 3215 3217 3216)
4(2584 2586 3217 3215)
4(2583 2585 2586 2584)
4(2583 3214 3216 2585)
4(3215 3217 3221 3219)
4(3214 3218 3220 3216)
4(3215 3217 5098 5097)
4(2584 2586 5093 5092)
4(380 383 967 963)
4(962 966 967 963)
4(379 382 966 962)
4(4674 382 966 5084)
4(4670 5082 962 379)
4(4670 379 382 4674)
4(4670 4674 5084 5082)
4(4674 382 5090 2582)
4(4674 2582 3223 5084)
4(2580 5089 5090 2582)
4(4672 4674 382 381)
4(4672 2580 2582 4674)
4(2580 2584 2586 2582)
4(4654 5080 961 377)
4(4654 377 379 4670)
4(4654 4670 5082 5080)
4(4650 5078 960 375)
4(4650 375 377 4654)
4(4650 4654 5080 5078)
4(3205 5593 375 4650)
4(3205 3683 6159 5593)
4(3205 4650 5078 3683)
4(4668 4670 379 378)
4(4668 4672 4674 4670)
4(4652 4654 377 376)
4(4652 4668 4670 4654)
4(4673 4674 2582 2581)
4(4673 5083 5084 4674)
4(2579 2580 2582 2581)
4(4671 2579 2581 4673)
4(4671 4673 4674 4672)
4(2579 2583 2585 2581)
4(2576 2583 2585 2578)
4(2572 2574 2581 2579)
4(2572 2576 2578 2574)
4(3207 3214 3216 3209)
4(2576 3207 3209 2578)
4(3207 3211 3213 3209)
4(2587 2588 3207 3206)
4(2575 3206 3207 2576)
4(2569 2587 3206 2575)
4(2569 2575 2576 2570)
4(2589 2590 3211 3210)
4(3206 3210 3211 3207)
4(2587 2589 3210 3206)
4(4664 2572 2574 4666)
4(4664 4666 4673 4671)
4(2571 2572 2574 2573)
4(4663 2571 2573 4665)
4(4663 4664 2572 2571)
4(4663 4665 4666 4664)
4(2575 2576 2578 2577)
4(2571 2575 2577 2573)
4(2571 2572 2576 2575)
4(3206 3207 3209 3208)
4(2575 3206 3208 2577)
4(2540 2575 3206 2560)
4(2540 2542 2577 2575)
4(2540 2560 2562 2542)
4(2548 2587 3206 2560)
4(2526 2540 2575 2569)
4(2526 2548 2560 2540)
4(2536 2540 2575 2571)
4(2567 2571 2575 2569)
4(2524 2536 2571 2567)
4(2524 2526 2540 2536)
4(2536 2538 2573 2571)
4(2536 2540 2542 2538)
4(4129 4663 2571 2536)
4(4129 4131 4665 4663)
4(4129 2536 2538 4131)
4(4669 5081 5082 4670)
4(4669 4670 4674 4673)
4(4653 4654 4670 4669)
4(4653 5079 5080 4654)
4(4648 4650 375 374)
4(4648 4652 4654 4650)
4(3203 3205 5593 5592)
4(3203 4648 4650 3205)
4(3201 3681 6158 5591)
4(3201 5591 5593 3205)
4(3201 3205 3683 3681)
4(3185 3679 6157 5088)
4(3185 5088 5591 3201)
4(3185 3201 3681 3679)
4(3181 3677 5594 5086)
4(3181 5086 5088 3185)
4(3181 3185 3679 3677)
4(6156 2492 5086 3181)
4(6156 3181 3677 959)
4(6156 959 3145 2492)
4(3199 3201 5591 5590)
4(3199 3203 3205 3201)
4(3183 3185 5088 5087)
4(3183 3199 3201 3185)
4(3179 3181 5086 5085)
4(3179 3183 3185 3181)
4(6154 3179 3181 6156)
4(6154 6156 2492 2491)
4(3178 3179 3181 3180)
4(6155 3180 3181 6156)
4(6153 3178 3180 6155)
4(6153 6155 6156 6154)
4(3182 3183 3185 3184)
4(3180 3184 3185 3181)
4(3178 3182 3184 3180)
4(3198 3199 3201 3200)
4(3184 3200 3201 3185)
4(3182 3198 3200 3184)
4(3202 3203 3205 3204)
4(3200 3204 3205 3201)
4(3198 3202 3204 3200)
4(4647 4648 4650 4649)
4(3204 4649 4650 3205)
4(3202 4647 4649 3204)
4(4651 4652 4654 4653)
4(4649 4653 4654 4650)
4(4647 4651 4653 4649)
4(4667 4668 4670 4669)
4(4651 4667 4669 4653)
4(4667 4671 4673 4669)
4(4660 4662 4669 4667)
4(4660 4664 4666 4662)
4(2567 2571 2572 2568)
4(4657 2567 2571 4663)
4(4657 4663 4664 4658)
4(4115 4129 4663 4657)
4(4115 2524 2536 4129)
4(2539 2559 2560 2540)
4(2525 2547 2559 2539)
4(2525 2539 2540 2526)
4(2539 2559 2561 2541)
4(2539 2541 2542 2540)
4(2552 2559 2561 2554)
4(2532 2539 2559 2552)
4(2532 2552 2554 2534)
4(2532 2534 2541 2539)
4(2552 2559 2563 2556)
4(2552 2556 2558 2554)
4(2544 2552 2559 2547)
4(2544 2546 2556 2552)
4(2522 2544 2552 2532)
4(2522 2532 2539 2525)
4(2543 2544 2552 2551)
4(2531 2551 2552 2532)
4(2521 2543 2551 2531)
4(2521 2531 2532 2522)
4(2545 2546 2556 2555)
4(2551 2555 2556 2552)
4(2543 2545 2555 2551)
4(3688 3689 3697 3696)
4(2545 3688 3696 2555)
4(2555 3696 3697 2556)
4(3696 3700 3701 3697)
4(3688 3690 3700 3696)
4(3696 3698 3699 3697)
4(3016 3028 3696 3688)
4(3016 3018 3031 3028)
4(1957 1970 2555 2545)
4(1957 3016 3028 1970)
4(1542 1548 1550 1544)
4(1538 1540 1547 1545)
4(1538 1545 1548 1542)
4(1538 1542 1544 1540)
4(5928 5935 5937 5930)
4(1542 1548 5935 5928)
4(1542 5928 5930 1544)
4(5928 5935 5938 5932)
4(5928 5932 5934 5930)
4(5923 5935 5938 5925)
4(5920 5928 5935 5923)
4(5920 5922 5932 5928)
4(5923 5935 5936 5924)
4(1535 1548 5935 5923)
4(1532 5920 5928 1542)
4(1532 1542 1548 1535)
4(1535 1548 1549 1536)
4(5927 5931 5932 5928)
4(5919 5921 5931 5927)
4(5919 5927 5928 5920)
4(5927 5931 5933 5929)
4(5927 5929 5930 5928)
4(5912 5927 5931 5916)
4(5912 5914 5929 5927)
4(5912 5916 5918 5914)
4(5483 5912 5927 5919)
4(5483 5485 5916 5912)
4(856 5912 5927 1541)
4(1531 1541 5927 5919)
4(842 856 1541 1531)
4(842 5483 5912 856)
4(1541 1543 5929 5927)
4(856 858 1543 1541)
4(856 5912 5914 858)
4(1541 1542 5928 5927)
4(1541 1543 1544 1542)
4(1531 1541 1542 1532)
4(5872 5878 5880 5874)
4(5868 5870 5877 5875)
4(5868 5875 5878 5872)
4(5868 5872 5874 5870)
4(868 875 877 870)
4(5872 868 870 5874)
4(5872 5878 875 868)
4(872 878 880 874)
4(868 872 874 870)
4(868 875 878 872)
4(872 878 1545 1538)
4(872 1538 1540 874)
4(1530 1533 1545 1538)
4(865 878 1545 1533)
4(862 1530 1538 872)
4(862 872 878 865)
4(1533 1545 1548 1535)
4(1530 1532 1542 1538)
4(1533 1545 1546 1534)
4(865 878 879 866)
4(1537 1541 1542 1538)
4(1529 1531 1541 1537)
4(1529 1537 1538 1530)
4(1537 1541 1543 1539)
4(1537 1539 1540 1538)
4(852 1537 1541 856)
4(852 854 1539 1537)
4(852 856 858 854)
4(840 852 1537 1529)
4(840 842 856 852)
4(834 852 1537 871)
4(861 871 1537 1529)
4(820 834 871 861)
4(820 840 852 834)
4(871 873 1539 1537)
4(834 836 873 871)
4(834 852 854 836)
4(871 872 1538 1537)
4(871 873 874 872)
4(861 871 872 862)
4(867 871 872 868)
4(859 861 871 867)
4(859 867 868 860)
4(860 868 872 862)
4(867 871 873 869)
4(867 869 870 868)
4(830 867 871 834)
4(830 832 869 867)
4(830 834 836 832)
4(818 830 867 859)
4(818 820 834 830)
4(5834 830 867 5871)
4(5861 5871 867 859)
4(5441 818 830 5834)
4(5441 5834 5871 5861)
4(5871 5873 869 867)
4(5834 830 832 5836)
4(5834 5836 5873 5871)
4(5871 5872 868 867)
4(5871 5873 5874 5872)
4(5862 5872 868 860)
4(5861 5871 5872 5862)
4(860 863 875 868)
4(5865 5878 875 863)
4(5862 5872 5878 5865)
4(863 875 878 865)
4(863 875 876 864)
4(5865 5878 5879 5866)
4(5911 5915 5916 5912)
4(5482 5484 5915 5911)
4(5482 5911 5912 5483)
4(5911 5915 5917 5913)
4(5911 5913 5914 5912)
4(5487 5911 5915 5908)
4(5487 5489 5913 5911)
4(5487 5908 5910 5489)
4(5480 5487 5911 5482)
4(848 5487 5911 855)
4(841 855 5911 5482)
4(838 848 855 841)
4(855 857 5913 5911)
4(848 850 857 855)
4(848 5487 5489 850)
4(855 856 5912 5911)
4(855 857 858 856)
4(841 855 856 842)
4(851 855 856 852)
4(839 841 855 851)
4(839 851 852 840)
4(851 853 854 852)
4(851 855 857 853)
4(829 830 832 831)
4(5833 829 831 5835)
4(5833 5834 830 829)
4(5833 5835 5836 5834)
4(833 834 836 835)
4(829 830 834 833)
4(829 833 835 831)
4(833 851 853 835)
4(833 834 852 851)
4(844 851 853 846)
4(826 833 851 844)
4(826 828 835 833)
4(826 844 846 828)
4(844 851 855 848)
4(844 848 850 846)
4(837 844 851 839)
4(819 833 851 839)
4(816 826 833 819)
4(819 833 834 820)
4(817 819 833 829)
4(817 829 830 818)
4(822 826 833 829)
4(815 822 829 817)
4(822 824 831 829)
4(822 826 828 824)
4(5447 5833 829 822)
4(5447 822 824 5828)
4(5447 5828 5835 5833)
4(5440 5833 829 817)
4(5437 5447 5833 5440)
4(5440 5833 5834 5441)
4(5829 5833 5834 5830)
4(5439 5830 5834 5441)
4(5438 5440 5833 5829)
4(5438 5829 5830 5439)
4(5830 5832 5836 5834)
4(5829 5833 5835 5831)
4(5829 5831 5832 5830)
4(4024 4026 4030 4028)
4(4023 4024 4028 4027)
4(4023 4025 4026 4024)
4(4024 4031 4034 4028)
4(4024 4026 4033 4031)
4(3640 4024 4031 3645)
4(3640 3642 4028 4024)
4(5403 4024 4031 5409)
4(4943 5409 4031 3645)
4(4936 3640 4024 5403)
4(4936 5403 5409 4943)
4(5403 4024 4026 5405)
4(5403 5405 5411 5409)
4(4944 849 5488 3646)
4(4944 5410 1554 849)
4(4944 3646 4032 5410)
4(847 849 5488 5486)
4(4942 4944 849 847)
4(4942 3644 3646 4944)
4(5486 5488 5489 5487)
4(847 849 850 848)
4(843 847 849 845)
4(843 845 846 844)
4(4940 845 1553 5407)
4(4515 4940 5407 5001)
4(4515 5001 1552 827)
4(4515 827 845 4940)
4(4940 845 849 4944)
4(4940 4944 5410 5407)
4(4938 4942 4944 4940)
4(4938 4940 845 843)
4(3639 4023 4024 3640)
4(5402 5404 5405 5403)
4(5402 5403 4024 4023)
4(4971 4984 5412 5400)
4(4971 5400 5404 4974)
4(4971 4974 4987 4984)
4(4952 4995 5400 4971)
4(4952 4965 5397 4995)
4(4952 4971 4984 4965)
4(5398 5399 5401 5400)
4(4994 4996 5401 5399)
4(4993 5398 5400 4995)
4(4993 4994 5399 5398)
4(4993 4995 4996 4994)
4(5399 5401 5405 5403)
4(5398 5399 5403 5402)
4(5398 5402 5404 5400)
4(5399 5406 5409 5403)
4(5399 5401 5408 5406)
4(4943 4944 5410 5409)
4(4939 4940 4944 4943)
4(4939 4943 5409 5406)
4(4939 5406 5407 4940)
4(4943 4944 3646 3645)
4(4941 4943 4944 4942)
4(4935 5402 5403 4936)
4(4141 4660 4662 4646)
4(4141 4646 4653 4651)
4(4659 4660 4662 4661)
4(4140 4141 4660 4659)
4(4140 4659 4661 4645)
4(4140 4645 4646 4141)
4(4659 4663 4665 4661)
4(4659 4660 4664 4663)
4(4125 4659 4663 4129)
4(4125 4127 4661 4659)
4(4125 4129 4131 4127)
4(4655 4659 4663 4657)
4(4113 4125 4659 4655)
4(4113 4115 4129 4125)
4(4655 4659 4660 4656)
4(4134 4655 4659 4140)
4(4134 4140 4141 4135)
4(4105 4125 4659 4140)
4(4091 4113 4125 4105)
4(4091 4105 4140 4134)
4(4105 4107 4645 4140)
4(4105 4125 4127 4107)
4(4136 4138 4645 4140)
4(4101 4103 4138 4136)
4(4101 4136 4140 4105)
4(4101 4105 4107 4103)
4(4649 5077 5078 4650)
4(3204 3682 3683 3205)
4(3200 3680 3681 3201)
4(3184 3678 3679 3185)
4(2555 2556 2558 2557)
4(2551 2553 2554 2552)
4(2531 2533 2534 2532)
4(2528 2530 2534 2532)
4(2527 2528 2532 2531)
4(2527 2529 2530 2528)
4(2535 2537 2541 2539)
4(2528 2535 2539 2532)
4(2528 2530 2537 2535)
4(2535 2536 2540 2539)
4(2535 2537 2538 2536)
4(2523 2525 2539 2535)
4(2523 2535 2536 2524)
4(2059 2528 2535 2523)
4(2059 2522 2532 2528)
4(4121 2528 2535 4128)
4(4114 4128 2535 2523)
4(4111 2059 2528 4121)
4(4111 4121 4128 4114)
4(4128 4130 2537 2535)
4(4121 2528 2530 4123)
4(4121 4123 4130 4128)
4(4128 4129 2536 2535)
4(4128 4130 4131 4129)
4(4114 4128 4129 4115)
4(1955 1967 2551 2543)
4(1955 1957 1970 1967)
4(1512 1525 2531 2521)
4(1512 1955 1967 1525)
4(2058 2521 2531 2527)
4(2058 2527 2528 2059)
4(1510 1522 2527 2058)
4(1510 1512 1525 1522)
4(4110 4120 2527 2058)
4(3528 3541 4120 4110)
4(3528 1510 1522 3541)
4(4120 2527 2528 4121)
4(4110 4120 4121 4111)
4(4120 4122 4123 4121)
4(4117 4119 4123 4121)
4(4116 4118 4119 4117)
4(4116 4117 4121 4120)
4(4124 4126 4130 4128)
4(4117 4124 4128 4121)
4(4117 4119 4126 4124)
4(4124 4125 4129 4128)
4(4124 4126 4127 4125)
4(4112 4114 4128 4124)
4(4112 4124 4125 4113)
4(4109 4117 4124 4112)
4(4109 4111 4121 4117)
4(4097 4117 4124 4104)
4(4090 4104 4124 4112)
4(4087 4109 4117 4097)
4(4087 4097 4104 4090)
4(4104 4106 4126 4124)
4(4097 4117 4119 4099)
4(4097 4099 4106 4104)
4(4104 4105 4125 4124)
4(4104 4106 4107 4105)
4(4090 4104 4105 4091)
4(4136 4140 4141 4137)
4(4132 4134 4140 4136)
4(4132 4136 4137 4133)
4(4137 4139 4646 4141)
4(4136 4138 4139 4137)
4(4137 4139 4649 4647)
4(3195 4137 4139 3197)
4(3195 3197 3204 3202)
4(3194 4136 4138 3196)
4(3194 3195 4137 4136)
4(3194 3196 3197 3195)
4(3163 3194 4136 4101)
4(3163 3165 3196 3194)
4(3163 4101 4103 3165)
4(4089 4132 4136 4101)
4(3188 3194 4136 4132)
4(3149 3163 3194 3188)
4(3149 4089 4101 3163)
4(4089 4091 4105 4101)
4(3188 3194 3195 3189)
4(3190 3194 3195 3191)
4(3186 3188 3194 3190)
4(3186 3190 3191 3187)
4(3191 3193 3197 3195)
4(3190 3192 3193 3191)
4(3190 3194 3196 3192)
4(3191 3193 3200 3198)
4(3175 3191 3193 3177)
4(3175 3177 3184 3182)
4(3174 3190 3192 3176)
4(3174 3175 3191 3190)
4(3174 3176 3177 3175)
4(3159 3190 3192 3161)
4(2514 3174 3190 3159)
4(2514 2516 3176 3174)
4(2514 3159 3161 2516)
4(3159 3190 3194 3163)
4(3159 3163 3165 3161)
4(3180 3676 3677 3181)
4(6155 958 959 6156)
4(4096 4097 4099 4098)
4(4092 4093 4097 4096)
4(4093 4095 4099 4097)
4(4092 4094 4095 4093)
4(4096 4097 4117 4116)
4(4108 4116 4120 4110)
4(3526 3538 4116 4108)
4(3526 3528 3541 3538)
4(4108 4116 4117 4109)
4(4086 4108 4116 4096)
4(4086 4096 4097 4087)
4(2978 3519 4096 4086)
4(2978 3526 3538 3519)
4(3147 3159 3190 3186)
4(3147 3149 3163 3159)
4(3168 3174 3190 3186)
4(2500 2514 3174 3168)
4(2500 3147 3159 2514)
4(3168 3174 3175 3169)
4(4085 4093 4097 4087)
4(4084 4092 4093 4085)
4(4084 4086 4096 4092)
4(4093 4097 4104 4100)
4(4088 4100 4104 4090)
4(4085 4093 4100 4088)
4(4100 4102 4106 4104)
4(4093 4095 4102 4100)
4(4100 4101 4105 4104)
4(4100 4102 4103 4101)
4(4088 4100 4101 4089)
4(3162 4100 4101 3163)
4(3148 4088 4100 3162)
4(3148 3162 3163 3149)
4(3162 4100 4102 3164)
4(3162 3164 3165 3163)
4(3155 3162 4100 4093)
4(3155 4093 4095 3157)
4(3155 3157 3164 3162)
4(2520 4085 4093 3155)
4(2520 3155 3162 3148)
4(3154 4092 4093 3155)
4(2519 4084 4092 3154)
4(2519 3154 3155 2520)
4(3154 3156 3157 3155)
4(2976 3516 4092 4084)
4(2976 2978 3519 3516)
4(1917 1930 3154 2519)
4(1917 2976 3516 1930)
4(4937 4939 4940 4938)
4(4934 5399 5406 4939)
4(4934 4936 5403 5399)
4(4994 5399 5406 5000)
4(4514 5000 5406 4939)
4(4507 4994 5000 4514)
4(4507 4934 5399 4994)
4(4994 4996 5002 5000)
4(4514 5000 5001 4515)
4(4514 4515 4940 4939)
4(4511 4998 5001 4515)
4(4510 4514 5000 4997)
4(4510 4997 4998 4511)
4(4510 4511 4515 4514)
4(4511 4998 1551 823)
4(4511 823 827 4515)
4(3572 3989 281 5827)
4(3572 5827 823 4511)
4(3572 4511 4998 3989)
4(3568 3986 280 5444)
4(3568 5444 5827 3572)
4(3568 3572 3989 3986)
4(3560 3973 5882 5426)
4(3560 5426 5444 3568)
4(3560 3568 3986 3973)
4(3556 3970 5881 5422)
4(3556 5422 5426 3560)
4(3556 3560 3973 3970)
4(3046 3052 3054 3048)
4(3042 3044 3051 3049)
4(3042 3049 3052 3046)
4(3042 3046 3048 3044)
4(5846 5853 5855 5848)
4(3046 5846 5848 3048)
4(3046 3052 5853 5846)
4(5850 5856 5858 5852)
4(5846 5850 5852 5848)
4(5846 5853 5856 5850)
4(5850 5856 5875 5868)
4(5850 5868 5870 5852)
4(5860 5863 5875 5868)
4(5843 5856 5875 5863)
4(5840 5860 5868 5850)
4(5840 5850 5856 5843)
4(5863 5875 5878 5865)
4(5860 5862 5872 5868)
4(5863 5875 5876 5864)
4(5843 5856 5857 5844)
4(5867 5871 5872 5868)
4(5859 5861 5871 5867)
4(5859 5867 5868 5860)
4(5867 5871 5873 5869)
4(5867 5869 5870 5868)
4(5830 5867 5871 5834)
4(5830 5832 5869 5867)
4(5439 5830 5867 5859)
4(5433 5830 5867 5849)
4(5839 5849 5867 5859)
4(5419 5433 5849 5839)
4(5419 5439 5830 5433)
4(5849 5851 5869 5867)
4(5433 5435 5851 5849)
4(5433 5830 5832 5435)
4(5849 5850 5868 5867)
4(5849 5851 5852 5850)
4(5839 5849 5850 5840)
4(5845 5849 5850 5846)
4(5837 5839 5849 5845)
4(5837 5845 5846 5838)
4(5838 5846 5850 5840)
4(5845 5849 5851 5847)
4(5845 5847 5848 5846)
4(5429 5845 5849 5433)
4(5429 5431 5847 5845)
4(5429 5433 5435 5431)
4(5417 5429 5845 5837)
4(5417 5419 5433 5429)
4(3008 5429 5845 3045)
4(3035 3045 5845 5837)
4(2994 5417 5429 3008)
4(2994 3008 3045 3035)
4(3045 3047 5847 5845)
4(3008 5429 5431 3010)
4(3008 3010 3047 3045)
4(3045 3046 5846 5845)
4(3045 3047 3048 3046)
4(3036 3046 5846 5838)
4(3035 3045 3046 3036)
4(5838 5841 5853 5846)
4(3039 3052 5853 5841)
4(3036 3046 3052 3039)
4(5841 5853 5856 5843)
4(5841 5853 5854 5842)
4(3039 3052 3053 3040)
4(825 843 845 827)
4(825 827 828 826)
4(4513 4515 827 825)
4(4513 4938 4940 4515)
4(821 823 827 825)
4(4509 4511 823 821)
4(4509 4513 4515 4511)
4(821 823 824 822)
4(5446 821 823 5827)
4(5446 5827 5828 5447)
4(3570 3572 5827 5446)
4(3570 4509 4511 3572)
4(5442 5444 5827 5446)
4(3566 3568 5444 5442)
4(3566 3570 3572 3568)
4(5443 5445 5828 5447)
4(5442 5444 5445 5443)
4(5443 5829 5833 5447)
4(5443 5445 5831 5829)
4(5436 5443 5829 5438)
4(5425 5443 5829 5432)
4(5418 5432 5829 5438)
4(5415 5425 5432 5418)
4(5432 5434 5831 5829)
4(5425 5427 5434 5432)
4(5425 5443 5445 5427)
4(5432 5433 5830 5829)
4(5432 5434 5435 5433)
4(5418 5432 5433 5419)
4(5428 5432 5433 5429)
4(5416 5418 5432 5428)
4(5416 5428 5429 5417)
4(5428 5432 5434 5430)
4(5428 5430 5431 5429)
4(5421 5428 5432 5425)
4(5421 5423 5430 5428)
4(5421 5425 5427 5423)
4(5414 5421 5428 5416)
4(3000 5421 5428 3007)
4(2993 3007 5428 5416)
4(2470 3000 3007 2993)
4(3007 3009 5430 5428)
4(3000 5421 5423 3002)
4(3000 3002 3009 3007)
4(3007 3008 5429 5428)
4(3007 3009 3010 3008)
4(2993 3007 3008 2994)
4(3003 3007 3008 3004)
4(2472 3004 3008 2994)
4(2471 2993 3007 3003)
4(2471 3003 3004 2472)
4(3004 3006 3010 3008)
4(3003 3007 3009 3005)
4(3003 3005 3006 3004)
4(258 3001 3548 811)
4(254 2997 3001 258)
4(254 808 3547 2997)
4(254 258 811 808)
4(258 3001 5422 3556)
4(258 3556 3970 811)
4(3554 5420 5422 3556)
4(2999 3001 5422 5420)
4(256 258 3001 2999)
4(256 3554 3556 258)
4(3558 5424 5426 3560)
4(5420 5422 5426 5424)
4(3554 3558 3560 3556)
4(5424 5426 5444 5442)
4(3558 3566 3568 3560)
4(5424 5426 5427 5425)
4(5420 5422 5423 5421)
4(2999 3001 3002 3000)
4(4990 4997 4999 4992)
4(3982 3988 4997 4990)
4(3982 4990 4992 3984)
4(3982 3984 3990 3988)
4(4990 4997 5000 4994)
4(4990 4994 4996 4992)
4(4505 4990 4997 4510)
4(4505 4507 4994 4990)
4(3571 3988 4997 4510)
4(3564 4505 4990 3982)
4(3564 3982 3988 3571)
4(3571 3572 4511 4510)
4(3571 3988 3989 3572)
4(4508 4509 4511 4510)
4(3569 3571 3572 3570)
4(4512 4513 4515 4514)
4(4933 5398 5399 4934)
4(4969 4971 5400 5398)
4(4950 4952 4995 4993)
4(4506 4993 4994 4507)
4(4989 4993 4994 4990)
4(4504 4989 4990 4505)
4(4989 4991 4992 4990)
4(4989 4993 4995 4991)
4(4949 4962 5003 4991)
4(4949 4991 4995 4952)
4(4949 4952 4965 4962)
4(3946 3983 4991 4949)
4(3946 3959 3992 3983)
4(3946 4949 4962 3959)
4(3981 4989 4991 3983)
4(3981 3982 4990 4989)
4(3981 3983 3984 3982)
4(4947 4989 4991 4949)
4(3944 3946 3983 3981)
4(3563 3981 3982 3564)
4(3978 3982 3988 3985)
4(3567 3985 3988 3571)
4(3562 3978 3985 3567)
4(3562 3564 3982 3978)
4(3978 3980 3987 3985)
4(3978 3982 3984 3980)
4(3567 3985 3986 3568)
4(3567 3568 3572 3571)
4(3559 3567 3985 3972)
4(3559 3972 3973 3560)
4(3559 3560 3568 3567)
4(3966 3972 3985 3978)
4(3966 3978 3980 3968)
4(3966 3968 3974 3972)
4(3552 3562 3978 3966)
4(3552 3966 3972 3559)
4(3561 3562 3978 3977)
4(3965 3977 3978 3966)
4(3551 3965 3966 3552)
4(3977 3981 3982 3978)
4(3977 3979 3980 3978)
4(3977 3981 3983 3979)
4(3943 3956 3991 3979)
4(3943 3979 3983 3946)
4(3943 3946 3959 3956)
4(3580 3967 3979 3943)
4(3580 3593 3976 3967)
4(3580 3943 3956 3593)
4(3965 3977 3979 3967)
4(3965 3967 3968 3966)
4(3941 3977 3979 3943)
4(3578 3580 3967 3965)
4(3577 3580 3967 3963)
4(3961 3963 3967 3965)
4(3575 3577 3963 3961)
4(3577 3590 3975 3963)
4(3577 3580 3593 3590)
4(3962 3969 3972 3966)
4(3962 3964 3971 3969)
4(3962 3966 3968 3964)
4(3555 3969 3972 3559)
4(3550 3962 3969 3555)
4(3550 3552 3966 3962)
4(3555 3969 3970 3556)
4(3555 3556 3560 3559)
4(257 3555 3969 810)
4(257 810 811 258)
4(257 258 3556 3555)
4(804 3962 3969 810)
4(250 3550 3962 804)
4(250 804 810 257)
4(804 3962 3964 806)
4(804 806 812 810)
4(3961 3962 3964 3963)
4(803 3961 3963 805)
4(803 804 3962 3961)
4(803 805 806 804)
4(3961 3962 3966 3965)
4(768 805 3963 3577)
4(768 781 814 805)
4(768 3577 3590 781)
4(766 768 805 803)
4(3549 3550 3962 3961)
4(249 803 804 250)
4(3565 3566 3568 3567)
4(3557 3559 3560 3558)
4(4970 4973 4986 4983)
4(4970 4983 4984 4971)
4(4976 4983 4986 4980)
4(4976 4978 4985 4983)
4(4976 4980 4982 4978)
4(4967 4976 4983 4970)
4(4958 4976 4983 4964)
4(4951 4964 4983 4970)
4(4946 4958 4964 4951)
4(4958 4976 4978 4960)
4(4958 4960 4966 4964)
4(4951 4964 4965 4952)
4(4948 4951 4964 4961)
4(4948 4961 4962 4949)
4(4975 4977 4978 4976)
4(3949 3953 3077 3074)
4(3949 3074 3075 3950)
4(3949 3950 3954 3953)
4(3610 3074 3077 3614)
4(3610 3612 3076 3074)
4(3610 3614 3616 3612)
4(4502 3610 3074 3949)
4(3064 3610 3074 3071)
4(3587 3071 3074 3949)
4(3939 3064 3071 3587)
4(3064 3066 3073 3071)
4(3064 3610 3612 3066)
4(3587 3071 3072 3588)
4(3587 3588 3950 3949)
4(3583 3587 3071 3068)
4(3583 3068 3069 3584)
4(3583 3584 3588 3587)
4(3060 3068 3071 3064)
4(3060 3062 3070 3068)
4(3060 3064 3066 3062)
4(3938 3060 3068 3583)
4(307 3060 3068 5904)
4(775 5904 3068 3583)
4(1460 307 5904 775)
4(307 3060 3062 309)
4(307 309 5906 5904)
4(775 5904 5905 776)
4(775 776 3584 3583)
4(771 775 5904 5901)
4(771 5901 5902 772)
4(771 772 776 775)
4(1963 1969 1971 1965)
4(1959 1963 1965 1961)
4(1959 1966 1969 1963)
4(1959 1961 1968 1966)
4(3020 3027 3029 3022)
4(1963 3020 3022 1965)
4(1963 1969 3027 3020)
4(3024 3030 3032 3026)
4(3020 3024 3026 3022)
4(3020 3027 3030 3024)
4(3024 3030 3049 3042)
4(3024 3042 3044 3026)
4(3034 3037 3049 3042)
4(3017 3030 3049 3037)
4(3014 3034 3042 3024)
4(3014 3024 3030 3017)
4(3037 3049 3052 3039)
4(3034 3036 3046 3042)
4(3037 3049 3050 3038)
4(3017 3030 3031 3018)
4(3041 3045 3046 3042)
4(3033 3035 3045 3041)
4(3033 3041 3042 3034)
4(3041 3045 3047 3043)
4(3041 3043 3044 3042)
4(3004 3041 3045 3008)
4(3004 3006 3043 3041)
4(2472 3004 3041 3033)
4(2466 3004 3041 3023)
4(3013 3023 3041 3033)
4(2452 2466 3023 3013)
4(2452 2472 3004 2466)
4(3023 3025 3043 3041)
4(2466 2468 3025 3023)
4(2466 3004 3006 2468)
4(3023 3024 3042 3041)
4(3023 3025 3026 3024)
4(3013 3023 3024 3014)
4(3019 3023 3024 3020)
4(3011 3013 3023 3019)
4(3011 3019 3020 3012)
4(3012 3020 3024 3014)
4(3019 3023 3025 3021)
4(3019 3021 3022 3020)
4(2462 3019 3023 2466)
4(2462 2464 3021 3019)
4(2462 2466 2468 2464)
4(2450 2462 3019 3011)
4(2450 2452 2466 2462)
4(1502 2462 3019 1962)
4(1952 1962 3019 3011)
4(1488 2450 2462 1502)
4(1488 1502 1962 1952)
4(1962 1964 3021 3019)
4(1502 2462 2464 1504)
4(1502 1504 1964 1962)
4(1962 1963 3020 3019)
4(1962 1964 1965 1963)
4(1953 1963 3020 3012)
4(1952 1962 1963 1953)
4(3012 3015 3027 3020)
4(1956 1969 3027 3015)
4(1953 1963 1969 1956)
4(3015 3027 3030 3017)
4(3015 3027 3028 3016)
4(1956 1969 1970 1957)
4(2996 3000 3007 3003)
4(2469 2996 3003 2471)
4(2996 2998 3005 3003)
4(2996 3000 3002 2998)
4(2465 2467 3005 3003)
4(2458 2465 3003 2996)
4(2458 2996 2998 2460)
4(2458 2460 2467 2465)
4(2465 2466 3004 3003)
4(2465 2467 2468 2466)
4(2451 2471 3003 2465)
4(2451 2465 2466 2452)
4(2448 2458 2465 2451)
4(2995 2999 3001 2997)
4(2995 2997 2998 2996)
4(252 254 2997 2995)
4(252 256 258 254)
4(246 254 2997 2459)
4(244 252 254 246)
4(244 246 2459 2457)
4(2457 2459 2997 2995)
4(246 795 3056 2459)
4(246 254 808 795)
4(242 246 795 792)
4(242 2455 2459 246)
4(242 792 3055 2455)
4(6152 2490 2492 6156)
4(6152 6156 959 373)
4(6150 6154 6156 6152)
4(3611 3615 3616 3612)
4(3609 3611 3612 3610)
4(3611 3615 3626 3623)
4(3611 3623 3624 3612)
4(3619 4010 4017 3625)
4(3619 3625 3628 3622)
4(3619 3622 4014 4010)
4(3600 4000 4004 3606)
4(3600 3606 3625 3619)
4(3600 3619 4010 4000)
4(3597 3996 4003 3603)
4(3597 3603 3606 3600)
4(3597 3600 4000 3996)
4(315 321 3603 3597)
4(315 3597 3996 903)
4(315 903 907 321)
4(3617 3623 3625 3619)
4(3598 3604 3623 3617)
4(3598 3600 3606 3604)
4(3617 3623 3626 3620)
4(3607 3617 3623 3611)
4(3065 3604 3623 3611)
4(3058 3598 3604 3065)
4(3065 3066 3612 3611)
4(3065 3604 3605 3066)
4(3063 3065 3066 3064)
4(3061 3065 3066 3062)
4(3059 3061 3062 3060)
4(3061 3065 3604 3601)
4(3061 3601 3602 3062)
4(3067 3598 3604 3601)
4(3057 3067 3601 3061)
4(3067 3597 3603 3601)
4(313 319 3601 3067)
4(313 315 321 319)
4(308 319 3601 3061)
4(301 313 319 308)
4(308 309 3062 3061)
4(308 319 320 309)
4(306 308 309 307)
4(304 308 309 305)
4(303 305 309 307)
4(302 304 305 303)
4(304 316 317 305)
4(304 308 319 316)
4(303 5901 5903 305)
4(285 5898 5901 303)
4(285 287 5900 5898)
4(285 303 305 287)
4(303 5901 5904 307)
4(1459 303 5901 771)
4(273 5898 5901 771)
4(759 285 5898 273)
4(273 5898 5899 274)
4(273 274 772 771)
4(269 270 5896 5895)
4(5373 5374 270 269)
4(5373 269 5895 4525)
4(5373 4525 4526 5374)
4(269 273 5898 5895)
4(269 270 274 273)
4(5894 285 5898 5895)
4(758 5894 5895 269)
4(5894 283 5897 5895)
4(5894 285 287 283)
4(765 778 813 801)
4(765 801 805 768)
4(765 768 781 778)
4(266 279 798 789)
4(266 789 801 765)
4(266 765 778 279)
4(263 276 797 785)
4(263 785 789 266)
4(263 266 279 276)
4(5366 5817 785 263)
4(5366 5379 5826 5817)
4(5366 263 276 5379)
4(783 784 786 785)
4(5815 783 785 5817)
4(5815 5816 784 783)
4(5816 5818 786 784)
4(5815 5817 5818 5816)
4(787 788 790 789)
4(783 787 789 785)
4(783 784 788 787)
4(784 786 790 788)
4(799 800 802 801)
4(788 790 802 800)
4(787 788 800 799)
4(787 799 801 789)
4(800 802 806 804)
4(799 800 804 803)
4(799 803 805 801)
4(800 807 810 804)
4(800 802 809 807)
4(253 807 810 257)
4(248 800 807 253)
4(248 250 804 800)
4(253 807 808 254)
4(253 254 258 257)
4(245 253 807 794)
4(245 794 795 246)
4(245 246 254 253)
4(788 794 807 800)
4(788 790 796 794)
4(238 248 800 788)
4(238 788 794 245)
4(247 248 800 799)
4(237 787 788 238)
4(763 765 801 799)
4(264 266 789 787)
4(261 263 785 783)
4(5364 5366 5817 5815)
4(235 236 784 783)
4(5328 5816 784 236)
4(5327 5815 5816 5328)
4(236 784 788 238)
4(784 788 794 791)
4(241 791 794 245)
4(236 784 791 241)
4(784 786 793 791)
4(241 791 792 242)
4(241 242 246 245)
4(5335 241 791 5822)
4(5336 5823 792 242)
4(5335 5822 5823 5336)
4(5335 5336 242 241)
4(5816 5822 791 784)
4(5816 5818 5824 5822)
4(5328 5816 5822 5335)
4(3553 3555 3556 3554)
4(255 257 258 256)
4(251 253 254 252)
4(243 245 246 244)
4(240 242 246 244)
4(239 241 242 240)
4(2453 2455 2459 2457)
4(240 242 2455 2453)
4(2457 2458 2460 2459)
4(2454 2456 2460 2458)
4(2453 2455 2456 2454)
4(2461 2463 2467 2465)
4(2454 2461 2465 2458)
4(2454 2456 2463 2461)
4(2461 2462 2466 2465)
4(2461 2463 2464 2462)
4(2449 2451 2465 2461)
4(2449 2461 2462 2450)
4(2447 2454 2461 2449)
4(1494 2454 2461 1501)
4(1487 1501 2461 2449)
4(1484 1494 1501 1487)
4(1501 1503 2463 2461)
4(1494 1496 1503 1501)
4(1494 2454 2456 1496)
4(1501 1502 2462 2461)
4(1501 1503 1504 1502)
4(1487 1501 1502 1488)
4(1497 1501 1502 1498)
4(1486 1498 1502 1488)
4(1485 1487 1501 1497)
4(1485 1497 1498 1486)
4(1498 1500 1504 1502)
4(1497 1501 1503 1499)
4(1497 1499 1500 1498)
4(1958 1960 1964 1962)
4(1498 1500 1960 1958)
4(1498 1958 1962 1502)
4(1958 1959 1963 1962)
4(1958 1960 1961 1959)
4(1528 1959 1963 1953)
4(1527 1952 1962 1958)
4(1527 1958 1959 1528)
4(1954 1966 1969 1956)
4(1528 1959 1966 1954)
4(1954 1966 1967 1955)
4(1511 1954 1966 1524)
4(1511 1524 1525 1512)
4(1518 1959 1966 1524)
4(1508 1518 1524 1511)
4(1508 1528 1959 1518)
4(1518 1959 1961 1520)
4(1518 1520 1526 1524)
4(1517 1958 1960 1519)
4(1517 1518 1959 1958)
4(1517 1519 1520 1518)
4(1480 1517 1958 1498)
4(1480 1482 1519 1517)
4(1480 1498 1500 1482)
4(1486 1527 1958 1498)
4(1507 1517 1958 1527)
4(1466 1480 1517 1507)
4(1466 1486 1498 1480)
4(1509 1511 1524 1521)
4(1509 1521 1522 1510)
4(1514 1518 1524 1521)
4(1506 1514 1521 1509)
4(1506 1508 1518 1514)
4(1514 1516 1523 1521)
4(1514 1518 1520 1516)
4(3534 3540 1521 1514)
4(3534 3536 3542 3540)
4(3534 1514 1516 3536)
4(3527 3540 1521 1509)
4(3524 3534 3540 3527)
4(3524 1506 1514 3534)
4(3527 3540 3541 3528)
4(4011 4019 4021 4015)
4(3636 3993 4019 4011)
4(3636 4011 4015 3638)
4(4011 4019 4020 4012)
4(4011 4012 4016 4015)
4(4001 4011 4019 4007)
4(4001 4007 4008 4002)
4(4001 4002 4012 4011)
4(3632 3634 4007 4001)
4(3632 4001 4011 3636)
4(3997 4005 4007 4001)
4(3630 3633 4005 3997)
4(3630 3997 4001 3632)
4(3997 4005 4006 3998)
4(3997 3998 4002 4001)
4(904 3997 4005 910)
4(904 905 3998 3997)
4(904 910 911 905)
4(881 904 3997 3630)
4(881 883 910 904)
4(4009 4013 4014 4010)
4(3618 4009 4010 3619)
4(4009 4013 4015 4011)
4(4009 4011 4012 4010)
4(3635 3636 4011 4009)
4(3999 4001 4011 4009)
4(3631 3632 4001 3999)
4(3999 4000 4010 4009)
4(3999 4001 4002 4000)
4(3599 3999 4000 3600)
4(3995 3999 4000 3996)
4(3596 3995 3996 3597)
4(3995 3999 4001 3997)
4(3995 3997 3998 3996)
4(3629 3630 3997 3995)
4(902 904 3997 3995)
4(330 881 904 902)
4(902 903 3996 3995)
4(902 904 905 903)
4(314 902 903 315)
4(4957 4959 4960 4958)
4(4954 4956 4960 4958)
4(4953 4955 4956 4954)
4(4954 4961 4964 4958)
4(4954 4956 4963 4961)
4(4945 4954 4961 4948)
4(3952 4954 4961 3958)
4(3945 3958 4961 4948)
4(3940 3952 3958 3945)
4(3952 4954 4956 3954)
4(3952 3954 3960 3958)
4(3945 3958 3959 3946)
4(3951 3953 3954 3952)
4(3948 3950 3954 3952)
4(3947 3949 3950 3948)
4(3948 3955 3958 3952)
4(3948 3950 3957 3955)
4(3942 3945 3958 3955)
4(3942 3955 3956 3943)
4(3595 3948 3955 3942)
4(3586 3948 3955 3592)
4(3579 3592 3955 3942)
4(3574 3586 3592 3579)
4(3586 3948 3950 3588)
4(3586 3588 3594 3592)
4(3579 3592 3593 3580)
4(3585 3587 3588 3586)
4(6151 6152 6156 6155)
4(3171 3173 3177 3175)
4(3170 3172 3173 3171)
4(3170 3174 3176 3172)
4(3170 3171 3175 3174)
4(3171 3173 3180 3178)
4(6146 3171 3173 6148)
4(6146 6148 6155 6153)
4(6145 3170 3172 6147)
4(6145 6146 3171 3170)
4(6145 6147 6148 6146)
4(2510 3170 3172 2512)
4(6118 6145 3170 2510)
4(6118 6120 6147 6145)
4(6118 2510 2512 6120)
4(2510 3170 3174 2514)
4(2510 2514 2516 2512)
4(3166 3170 3174 3168)
4(2498 2510 3170 3166)
4(2498 2500 2514 2510)
4(3166 3170 3171 3167)
4(6139 3166 3170 6145)
4(6139 6145 6146 6140)
4(6104 6118 6145 6139)
4(6104 2498 2510 6118)
4(6149 6153 6155 6151)
4(6142 6144 6151 6149)
4(6142 6146 6148 6144)
4(6130 6142 6144 6132)
4(6130 6132 6136 6135)
4(6114 6118 6145 6141)
4(6102 6104 6118 6114)
4(6102 6114 6141 6137)
4(6137 6141 6145 6139)
4(6141 6143 6147 6145)
4(6114 6118 6120 6116)
4(6114 6116 6143 6141)
4(6141 6143 6144 6142)
4(6141 6142 6146 6145)
4(2506 2513 2515 2508)
4(2509 2511 2515 2513)
4(2502 2509 2513 2506)
4(2502 2504 2511 2509)
4(2502 2506 2508 2504)
4(3151 3158 3160 3153)
4(2506 2513 3158 3151)
4(2513 2515 3160 3158)
4(2506 3151 3153 2508)
4(3158 3160 3164 3162)
4(3151 3158 3162 3155)
4(3151 3155 3157 3153)
4(3158 3159 3163 3162)
4(3158 3160 3161 3159)
4(3146 3148 3162 3158)
4(3146 3158 3159 3147)
4(2518 3151 3158 3146)
4(2518 2520 3155 3151)
4(2499 2513 3158 3146)
4(2496 2506 2513 2499)
4(2496 2518 3151 2506)
4(2513 3158 3159 2514)
4(2499 2513 2514 2500)
4(2513 2515 2516 2514)
4(2509 2510 2514 2513)
4(2509 2511 2512 2510)
4(2497 2499 2513 2509)
4(2497 2509 2510 2498)
4(2494 2502 2509 2497)
4(2494 2496 2506 2502)
4(6110 2502 2509 6117)
4(6103 6117 2509 2497)
4(6100 6110 6117 6103)
4(6100 2494 2502 6110)
4(6117 6119 2511 2509)
4(6110 6112 6119 6117)
4(6110 2502 2504 6112)
4(6117 6118 2510 2509)
4(6117 6119 6120 6118)
4(6103 6117 6118 6104)
4(3150 3154 3155 3151)
4(2517 2519 3154 3150)
4(2517 3150 3151 2518)
4(3150 3152 3153 3151)
4(1915 1927 3150 2517)
4(1915 1917 1930 1927)
4(2495 2505 3150 2517)
4(1895 1908 2505 2495)
4(1895 1915 1927 1908)
4(2505 2506 3151 3150)
4(2505 2507 2508 2506)
4(2495 2505 2506 2496)
4(3525 3527 3540 3537)
4(3525 3537 3538 3526)
4(3530 3537 3539 3532)
4(3512 3518 3537 3530)
4(3512 3530 3532 3514)
4(3512 3514 3520 3518)
4(3530 3537 3540 3534)
4(3530 3534 3536 3532)
4(3522 3530 3537 3525)
4(3522 3524 3534 3530)
4(2977 3518 3537 3525)
4(2974 3522 3530 3512)
4(2974 3512 3518 2977)
4(2977 3518 3519 2978)
4(1507 1517 1518 1508)
4(1513 1517 1518 1514)
4(1505 1507 1517 1513)
4(1505 1513 1514 1506)
4(1513 1517 1519 1515)
4(1513 1515 1516 1514)
4(1476 1513 1517 1480)
4(1476 1478 1515 1513)
4(1476 1480 1482 1478)
4(1464 1476 1513 1505)
4(1464 1466 1480 1476)
4(2968 1476 1513 3533)
4(3523 3533 1513 1505)
4(2954 1464 1476 2968)
4(2954 2968 3533 3523)
4(3533 3535 1515 1513)
4(2968 1476 1478 2970)
4(2968 2970 3535 3533)
4(3533 3534 1514 1513)
4(3533 3535 3536 3534)
4(3523 3533 3534 3524)
4(1483 1485 1497 1490)
4(1472 1490 1497 1479)
4(1465 1479 1497 1485)
4(1462 1472 1479 1465)
4(1490 1494 1501 1497)
4(1490 1492 1499 1497)
4(1490 1494 1496 1492)
4(1479 1481 1499 1497)
4(1472 1474 1481 1479)
4(1472 1490 1492 1474)
4(1479 1480 1498 1497)
4(1479 1481 1482 1480)
4(1465 1479 1480 1466)
4(1475 1479 1480 1476)
4(1463 1465 1479 1475)
4(1463 1475 1476 1464)
4(1475 1479 1481 1477)
4(1475 1477 1478 1476)
4(1468 1475 1479 1472)
4(1468 1470 1477 1475)
4(1468 1472 1474 1470)
4(1461 1468 1475 1463)
4(2960 1468 1475 2967)
4(2953 2967 1475 1463)
4(2950 2960 2967 2953)
4(2967 2969 1477 1475)
4(2960 1468 1470 2962)
4(2960 2962 2969 2967)
4(2967 2968 1476 1475)
4(2967 2969 2970 2968)
4(2953 2967 2968 2954)
4(2963 2967 2968 2964)
4(2952 2964 2968 2954)
4(2951 2953 2967 2963)
4(2951 2963 2964 2952)
4(2964 2966 2970 2968)
4(2963 2967 2969 2965)
4(2963 2965 2966 2964)
4(5582 5583 5585 5584)
4(4629 4631 5585 5583)
4(4628 4629 5583 5582)
4(4628 5582 5584 4630)
4(4628 4630 4631 4629)
4(5586 5587 5589 5588)
4(5583 5585 5589 5587)
4(5582 5586 5588 5584)
4(5582 5583 5587 5586)
4(6113 6114 6116 6115)
4(5586 5587 6114 6113)
4(5587 5589 6116 6114)
4(5586 6113 6115 5588)
4(6113 6117 6119 6115)
4(6113 6114 6118 6117)
4(6106 6113 6117 6110)
4(6106 6110 6112 6108)
4(6106 6108 6115 6113)
4(6101 6113 6117 6103)
4(6098 6100 6110 6106)
4(6098 6106 6113 6101)
4(6101 6113 6114 6102)
4(5573 5587 6114 6102)
4(5572 6101 6113 5586)
4(5572 5586 5587 5573)
4(5587 6114 6141 6129)
4(6123 6129 6141 6137)
4(5573 5587 6129 6123)
4(6129 6131 6143 6141)
4(5587 5589 6131 6129)
4(6129 6130 6142 6141)
4(6129 6131 6132 6130)
4(6137 6138 6142 6141)
4(6123 6129 6130 6124)
4(6125 6129 6130 6126)
4(6121 6123 6129 6125)
4(6121 6125 6126 6122)
4(6126 6128 6132 6130)
4(6125 6129 6131 6127)
4(6125 6127 6128 6126)
4(6126 6128 6134 6133)
4(5070 6126 6128 5072)
4(5070 5072 5076 5075)
4(5571 6121 6125 5583)
4(4629 5583 6125 5069)
4(5063 5069 6125 6121)
4(4615 5571 5583 4629)
4(4615 4629 5069 5063)
4(5583 5587 6129 6125)
4(5571 5573 5587 5583)
4(5583 5585 6127 6125)
4(5069 5071 6127 6125)
4(4629 4631 5071 5069)
4(5069 5070 6126 6125)
4(5069 5071 5072 5070)
4(5063 5069 5070 5064)
4(5065 5069 5070 5066)
4(5061 5063 5069 5065)
4(5061 5065 5066 5062)
4(5066 5068 5072 5070)
4(5065 5067 5068 5066)
4(5065 5069 5071 5067)
4(5066 5068 5074 5073)
4(4641 5066 5068 4643)
4(4641 4643 5060 5059)
4(2493 2501 2505 2495)
4(1893 1905 2501 2493)
4(1893 1895 1908 1905)
4(2501 2502 2506 2505)
4(2501 2503 2504 2502)
4(2493 2501 2502 2494)
4(6109 2501 2502 6110)
4(6099 2493 2501 6109)
4(6099 6109 6110 6100)
4(6109 6111 6112 6110)
4(4893 4906 6109 6099)
4(4893 1893 1905 4906)
4(6105 6109 6110 6106)
4(6097 6099 6109 6105)
4(6097 6105 6106 6098)
4(6105 6107 6108 6106)
4(4891 4903 6105 6097)
4(4891 4893 4906 4903)
4(5568 5578 6105 6097)
4(4871 4884 5578 5568)
4(4871 4891 4903 4884)
4(5578 6105 6106 5579)
4(5569 5579 6106 6098)
4(5568 5578 5579 5569)
4(5579 5581 6108 6106)
4(5578 5580 5581 5579)
4(5579 5586 6113 6106)
4(5579 5581 5588 5586)
4(5569 5579 5586 5572)
4(3576 3579 3592 3589)
4(3576 3589 3590 3577)
4(3582 3589 3592 3586)
4(3582 3584 3591 3589)
4(3582 3586 3588 3584)
4(3573 3582 3589 3576)
4(774 3582 3589 780)
4(767 780 3589 3576)
4(762 774 780 767)
4(774 3582 3584 776)
4(774 776 782 780)
4(767 780 781 768)
4(5336 242 2455 1495)
4(1493 1495 2455 2453)
4(5334 5336 1495 1493)
4(5334 240 242 5336)
4(5336 5823 1975 1495)
4(5332 5820 1974 1491)
4(5332 1491 1495 5336)
4(5332 5336 5823 5820)
4(4932 1473 1491 5332)
4(4932 5393 1973 1473)
4(4932 5332 5820 5393)
4(1493 1494 1496 1495)
4(1489 1493 1495 1491)
4(1489 1491 1492 1490)
4(5330 5332 1491 1489)
4(5330 5334 5336 5332)
4(1471 1473 1491 1489)
4(4930 4932 1473 1471)
4(4930 5330 5332 4932)
4(1471 1473 1474 1472)
4(1467 1469 1470 1468)
4(1467 1471 1473 1469)
4(4928 5390 1972 1469)
4(4928 1469 1473 4932)
4(4928 4932 5393 5390)
4(634 2961 1469 4928)
4(634 4928 5390 1399)
4(634 1399 3546 2961)
4(2959 1467 1469 2961)
4(2959 2961 2962 2960)
4(4926 1467 1469 4928)
4(632 634 2961 2959)
4(632 4926 4928 634)
4(4926 4930 4932 4928)
4(2964 2968 3533 3529)
4(3521 3529 3533 3523)
4(2952 2964 3529 3521)
4(3529 3531 3535 3533)
4(2964 2966 3531 3529)
4(3529 3530 3534 3533)
4(3529 3531 3532 3530)
4(3521 3529 3530 3522)
4(3511 3529 3530 3512)
4(2973 3521 3529 3511)
4(2973 3511 3512 2974)
4(3511 3529 3531 3513)
4(3511 3513 3514 3512)
4(2946 3511 3529 2964)
4(2946 2964 2966 2948)
4(2946 2948 3513 3511)
4(2932 2952 2964 2946)
4(2932 2946 3511 2973)
4(2979 3511 3512 2980)
4(2971 2973 3511 2979)
4(2972 2980 3512 2974)
4(2971 2979 2980 2972)
4(2979 3511 3513 3509)
4(2979 3509 3510 2980)
4(2980 3510 3514 3512)
4(5029 4522 4524 5031)
4(5011 4519 4522 5029)
4(5011 5013 4521 4519)
4(5011 5029 5031 5013)
4(5033 4525 4527 5035)
4(5029 4522 4525 5033)
4(5029 5033 5035 5031)
4(5033 4525 5895 5894)
4(5033 5894 283 5035)
4(5812 5819 5822 5816)
4(5812 5814 5821 5819)
4(5812 5816 5818 5814)
4(5331 5819 5822 5335)
4(5326 5812 5819 5331)
4(5326 5328 5816 5812)
4(5331 5819 5820 5332)
4(5331 5332 5336 5335)
4(4931 5331 5819 5392)
4(4931 5392 5393 4932)
4(4931 4932 5332 5331)
4(5386 5812 5819 5392)
4(4924 5386 5392 4931)
4(4924 5326 5812 5386)
4(5386 5812 5814 5388)
4(5386 5388 5394 5392)
4(5811 5812 5814 5813)
4(5385 5387 5388 5386)
4(5385 5811 5813 5387)
4(5385 5386 5812 5811)
4(5811 5812 5816 5815)
4(5811 5815 5817 5813)
4(5363 5376 5825 5813)
4(5363 5813 5817 5366)
4(5363 5366 5379 5376)
4(5344 5357 5396 5387)
4(5344 5387 5813 5363)
4(5344 5363 5376 5357)
4(5341 5354 5395 5383)
4(5341 5383 5387 5344)
4(5341 5344 5357 5354)
4(664 1393 5383 5341)
4(664 5341 5354 677)
4(664 677 1402 1393)
4(5381 5382 5384 5383)
4(1392 1394 5384 5382)
4(1391 5381 5383 1393)
4(1391 1392 5382 5381)
4(1391 1393 1394 1392)
4(5382 5384 5388 5386)
4(5381 5382 5386 5385)
4(5381 5385 5387 5383)
4(5382 5389 5392 5386)
4(5382 5384 5391 5389)
4(4927 5389 5392 4931)
4(4922 5382 5389 4927)
4(4922 4924 5386 5382)
4(4927 5389 5390 4928)
4(4927 4928 4932 4931)
4(633 4927 5389 1398)
4(633 1398 1399 634)
4(633 634 4928 4927)
4(1392 5382 5389 1398)
4(626 1392 1398 633)
4(626 4922 5382 1392)
4(1392 1394 1400 1398)
4(1388 1395 1398 1392)
4(1388 1390 1397 1395)
4(1388 1392 1394 1390)
4(629 1395 1398 633)
4(624 1388 1395 629)
4(624 626 1392 1388)
4(630 1396 1399 634)
4(629 630 634 633)
4(629 1395 1396 630)
4(630 1396 3545 2957)
4(630 2957 2961 634)
4(622 2939 2957 630)
4(622 1383 3544 2939)
4(622 630 1396 1383)
4(2956 2958 2962 2960)
4(2955 2959 2961 2957)
4(2955 2957 2958 2956)
4(2956 2963 2967 2960)
4(2956 2958 2965 2963)
4(2949 2956 2963 2951)
4(2938 2956 2963 2945)
4(2931 2945 2963 2951)
4(2928 2938 2945 2931)
4(2945 2947 2965 2963)
4(2938 2940 2947 2945)
4(2938 2956 2958 2940)
4(2945 2946 2964 2963)
4(2945 2947 2948 2946)
4(2931 2945 2946 2932)
4(2942 2946 3511 2979)
4(2930 2942 2979 2971)
4(2930 2932 2946 2942)
4(2942 2944 3509 2979)
4(2942 2946 2948 2944)
4(1922 1924 3509 2979)
4(1885 1922 2979 2942)
4(1885 2942 2944 1887)
4(1885 1887 1924 1922)
4(1923 1925 3510 2980)
4(1922 1923 2980 2979)
4(1922 1924 1925 1923)
4(2980 3515 3517 3510)
4(1923 1929 3515 2980)
4(1923 1925 1931 1929)
4(2980 3515 3518 3512)
4(2975 3515 3518 2977)
4(2972 2980 3515 2975)
4(2975 3515 3516 2976)
4(1916 2975 3515 1929)
4(1916 1929 1930 1917)
4(1913 2972 2980 1923)
4(1913 1923 1929 1916)
4(1912 2971 2979 1922)
4(1912 1922 1923 1913)
4(1871 2930 2942 1885)
4(1871 1885 1922 1912)
4(1914 1916 1929 1926)
4(1914 1926 1927 1915)
4(1919 1926 1929 1923)
4(1919 1921 1928 1926)
4(1919 1923 1925 1921)
4(1911 1919 1926 1914)
4(1911 1913 1923 1919)
4(1901 1919 1926 1907)
4(1894 1907 1926 1914)
4(1891 1911 1919 1901)
4(1891 1901 1907 1894)
4(1901 1919 1921 1903)
4(1901 1903 1909 1907)
4(1894 1907 1908 1895)
4(2941 2945 2946 2942)
4(2929 2931 2945 2941)
4(2929 2941 2942 2930)
4(2941 2945 2947 2943)
4(2941 2943 2944 2942)
4(2934 2936 2943 2941)
4(2934 2941 2945 2938)
4(2934 2938 2940 2936)
4(1884 2941 2943 1886)
4(1884 1885 2942 2941)
4(1884 1886 1887 1885)
4(1877 1884 2941 2934)
4(1877 2934 2936 1879)
4(1877 1879 1886 1884)
4(2927 2929 2941 2934)
4(1870 1884 2941 2929)
4(1867 1877 1884 1870)
4(628 630 2957 2955)
4(628 632 634 630)
4(2937 2939 2957 2955)
4(192 622 2939 2937)
4(192 628 630 622)
4(2937 2939 2940 2938)
4(2933 2935 2936 2934)
4(2933 2937 2939 2935)
4(190 1380 3543 2935)
4(190 2935 2939 622)
4(190 622 1383 1380)
4(5266 1878 2935 190)
4(5266 5778 2402 1878)
4(5266 190 1380 5778)
4(1876 2933 2935 1878)
4(1876 1878 1879 1877)
4(188 2933 2935 190)
4(5264 5266 1878 1876)
4(5264 188 190 5266)
4(188 192 622 190)
4(1870 1884 1885 1871)
4(1880 1884 1885 1881)
4(1869 1881 1885 1871)
4(1868 1870 1884 1880)
4(1868 1880 1881 1869)
4(1880 1882 1883 1881)
4(1881 1883 1887 1885)
4(1880 1884 1886 1882)
4(1417 1418 1420 1419)
4(4861 4863 1420 1418)
4(4860 4861 1418 1417)
4(4860 1417 1419 4862)
4(4860 4862 4863 4861)
4(1421 1422 1424 1423)
4(1418 1420 1424 1422)
4(1417 1421 1423 1419)
4(1417 1418 1422 1421)
4(1422 1424 1883 1881)
4(1421 1880 1882 1423)
4(1421 1422 1881 1880)
4(1881 1918 1920 1883)
4(1422 1900 1918 1881)
4(1900 1902 1920 1918)
4(1422 1424 1902 1900)
4(1918 1920 1924 1922)
4(1881 1918 1922 1885)
4(1918 1919 1923 1922)
4(1918 1920 1921 1919)
4(1910 1912 1922 1918)
4(1910 1918 1919 1911)
4(1869 1881 1918 1910)
4(1890 1900 1918 1910)
4(1408 1422 1900 1890)
4(1408 1869 1881 1422)
4(1900 1918 1919 1901)
4(1890 1900 1901 1891)
4(1900 1902 1903 1901)
4(1897 1899 1903 1901)
4(1896 1897 1901 1900)
4(1896 1900 1902 1898)
4(1896 1898 1899 1897)
4(1897 1904 1907 1901)
4(1897 1899 1906 1904)
4(1892 1894 1907 1904)
4(1892 1904 1905 1893)
4(1889 1897 1904 1892)
4(1889 1891 1901 1897)
4(4899 1897 1904 4905)
4(4892 4905 1904 1892)
4(4889 1889 1897 4899)
4(4889 4899 4905 4892)
4(4899 1897 1899 4901)
4(4899 4901 4907 4905)
4(4892 4905 4906 4893)
4(1888 1890 1900 1896)
4(1888 1896 1897 1889)
4(1418 1422 1900 1896)
4(1406 1418 1896 1888)
4(1406 1408 1422 1418)
4(1418 1420 1898 1896)
4(4898 4900 1898 1896)
4(4861 4898 1896 1418)
4(4861 4863 4900 4898)
4(4898 4899 1897 1896)
4(4898 4900 4901 4899)
4(4888 1888 1896 4898)
4(4888 4898 4899 4889)
4(4847 1406 1418 4861)
4(4847 4861 4898 4888)
4(5566 5574 5578 5568)
4(4869 4881 5574 5566)
4(4869 4871 4884 4881)
4(5574 5578 5579 5575)
4(5567 5575 5579 5569)
4(5566 5574 5575 5567)
4(5575 5577 5581 5579)
4(5574 5576 5577 5575)
4(5575 5582 5586 5579)
4(5575 5577 5584 5582)
4(5570 5582 5586 5572)
4(5567 5575 5582 5570)
4(5570 5582 5583 5571)
4(4614 5570 5582 4628)
4(4614 4628 4629 4615)
4(4621 5575 5582 4628)
4(4611 5567 5575 4621)
4(4611 4621 4628 4614)
4(4621 5575 5577 4623)
4(4621 4623 4630 4628)
4(4620 4621 5575 5574)
4(4620 4622 4623 4621)
4(4610 5566 5574 4620)
4(4610 4620 4621 4611)
4(3919 3932 4620 4610)
4(3919 4869 4881 3932)
4(4624 4628 4629 4625)
4(4613 4625 4629 4615)
4(4612 4614 4628 4624)
4(4612 4624 4625 4613)
4(4625 4627 4631 4629)
4(4624 4626 4627 4625)
4(4624 4628 4630 4626)
4(4636 4637 4639 4638)
4(6090 6092 4639 4637)
4(6089 4636 4638 6091)
4(6089 6090 4637 4636)
4(6089 6091 6092 6090)
4(4640 4641 4643 4642)
4(4637 4639 4643 4641)
4(4636 4640 4642 4638)
4(4636 4637 4641 4640)
4(4640 5065 5067 4642)
4(4640 4641 5066 5065)
4(4625 5065 5067 4627)
4(4605 4640 5065 4625)
4(4605 4607 4642 4640)
4(4605 4625 4627 4607)
4(4625 5065 5069 4629)
4(4613 4625 5065 5061)
4(4634 4640 5065 5061)
4(4591 4605 4640 4634)
4(4591 4613 4625 4605)
4(4634 4640 4641 4635)
4(4637 4639 5058 4644)
4(6090 6092 6096 6095)
4(4601 4605 4640 4636)
4(4589 4601 4636 4632)
4(4632 4636 4640 4634)
4(4589 4591 4605 4601)
4(4601 4603 4638 4636)
4(4601 4605 4607 4603)
4(5549 6089 4636 4601)
4(5549 4601 4603 5551)
4(5549 5551 6091 6089)
4(6083 6089 4636 4632)
4(5535 4589 4601 5549)
4(5535 5549 6089 6083)
4(4632 4633 4637 4636)
4(6083 6089 6090 6084)
4(6086 6088 6094 6093)
4(6086 6090 6092 6088)
4(5561 5563 6080 6079)
4(5561 6086 6088 5563)
4(3581 3583 3584 3582)
4(773 775 776 774)
4(770 772 776 774)
4(769 771 772 770)
4(770 777 780 774)
4(770 772 779 777)
4(764 767 780 777)
4(764 777 778 765)
4(761 770 777 764)
4(272 770 777 278)
4(265 278 777 764)
4(260 272 278 265)
4(272 770 772 274)
4(272 274 760 278)
4(265 278 279 266)
4(271 273 274 272)
4(268 270 274 272)
4(267 269 270 268)
4(268 275 278 272)
4(268 270 277 275)
4(262 265 278 275)
4(262 275 276 263)
4(259 268 275 262)
4(5372 268 275 5378)
4(5365 5378 275 262)
4(5360 5372 5378 5365)
4(5372 268 270 5374)
4(5372 5374 5380 5378)
4(5365 5378 5379 5366)
4(5371 5373 5374 5372)
4(5333 5335 5336 5334)
4(5329 5331 5332 5330)
4(4929 4931 4932 4930)
4(5325 5811 5812 5326)
4(5361 5363 5813 5811)
4(5342 5344 5387 5385)
4(4923 5385 5386 4924)
4(4921 5381 5382 4922)
4(5339 5341 5383 5381)
4(662 664 1393 1391)
4(625 1391 1392 626)
4(4925 4927 4928 4926)
4(631 633 634 632)
4(5810 5373 4525 5033)
4(5369 4522 4525 5373)
4(5809 5029 4522 5369)
4(286 304 305 287)
4(284 286 287 285)
4(286 304 316 297)
4(286 297 298 287)
4(900 901 909 908)
4(890 900 908 896)
4(890 891 901 900)
4(890 896 897 891)
4(900 904 910 908)
4(900 901 905 904)
4(329 882 908 900)
4(329 900 904 881)
4(325 890 900 329)
4(325 327 896 890)
4(312 899 906 318)
4(312 315 903 899)
4(312 318 321 315)
4(293 312 899 889)
4(293 889 893 299)
4(293 299 318 312)
4(311 312 899 898)
4(888 898 899 889)
4(292 888 889 293)
4(898 902 903 899)
4(898 902 904 900)
4(898 900 901 899)
4(328 329 900 898)
4(888 890 900 898)
4(324 325 890 888)
4(888 890 891 889)
4(886 890 891 887)
4(884 888 890 886)
4(884 885 889 888)
4(884 886 887 885)
4(886 890 896 894)
4(886 894 895 887)
4(323 326 894 886)
4(323 886 890 325)
4(5883 886 894 5889)
4(5883 5884 887 886)
4(5883 5889 5890 5884)
4(5457 5883 886 323)
4(5457 5459 5889 5883)
4(322 884 886 323)
4(5478 5883 886 884)
4(5456 5457 5883 5478)
4(290 885 889 293)
4(289 884 885 290)
4(290 885 892 296)
4(290 296 299 293)
4(5041 290 885 5479)
4(5041 5047 296 290)
4(5041 5479 5886 5047)
4(5478 5479 885 884)
4(5478 5883 5884 5479)
4(5040 5478 5479 5041)
4(310 316 319 313)
4(310 312 318 316)
4(300 310 316 304)
4(291 310 316 297)
4(5892 291 297 286)
4(291 293 299 297)
4(288 291 297 294)
4(282 294 297 286)
4(5891 288 294 282)
4(288 290 296 294)
4(282 294 295 283)
4(282 283 287 286)
4(5034 282 294 5045)
4(5034 5045 5046 5035)
4(5034 5035 283 282)
4(5039 5045 294 288)
4(5039 5041 5047 5045)
4(5027 5039 5045 5034)
4(5474 5478 5479 5475)
4(5038 5475 5479 5041)
4(5037 5474 5475 5038)
4(5476 5883 5884 5477)
4(5474 5476 5477 5475)
4(5474 5478 5883 5476)
4(5476 5887 5888 5477)
4(5476 5883 5889 5887)
4(5038 5475 5885 5044)
4(5038 5044 5047 5041)
4(5019 5038 5475 5465)
4(5019 5465 5469 5025)
4(5019 5025 5044 5038)
4(5466 5476 5477 5467)
4(5464 5474 5476 5466)
4(5464 5465 5475 5474)
4(5464 5466 5467 5465)
4(5466 5476 5887 5472)
4(5466 5472 5473 5467)
4(5455 5458 5887 5476)
4(5455 5476 5883 5457)
4(5451 5466 5476 5455)
4(5451 5453 5472 5466)
4(5454 5474 5476 5455)
4(5450 5451 5466 5464)
4(5018 5464 5465 5019)
4(5460 5464 5465 5461)
4(5016 5461 5465 5019)
4(5015 5460 5461 5016)
4(5462 5466 5467 5463)
4(5460 5462 5463 5461)
4(5460 5464 5466 5462)
4(5462 5470 5471 5463)
4(5462 5466 5472 5470)
4(5016 5461 5468 5022)
4(5016 5022 5025 5019)
4(721 5016 5461 1450)
4(721 727 5022 5016)
4(721 1450 1454 727)
4(1451 5462 5463 1452)
4(1449 5460 5462 1451)
4(1449 1450 5461 5460)
4(1449 1451 1452 1450)
4(1451 5462 5470 1457)
4(1451 1457 1458 1452)
4(5449 5452 5470 5462)
4(5449 5462 5466 5451)
4(737 1451 5462 5449)
4(737 739 1457 1451)
4(5448 5460 5462 5449)
4(736 737 1451 1449)
4(720 1449 1450 721)
4(5036 5042 5044 5038)
4(5017 5023 5042 5036)
4(5017 5019 5025 5023)
4(5036 5042 5045 5039)
4(5030 5034 5045 5042)
4(5030 5042 5043 5031)
4(5030 5031 5035 5034)
4(5026 5036 5042 5030)
4(5012 5023 5042 5030)
4(5005 5017 5023 5012)
4(5012 5023 5024 5013)
4(5012 5013 5031 5030)
4(5014 5020 5022 5016)
4(719 725 5020 5014)
4(719 721 727 725)
4(5014 5020 5023 5017)
4(5008 5020 5023 5012)
4(5004 5014 5020 5008)
4(5008 5020 5021 5009)
4(5008 5009 5013 5012)
4(714 5008 5020 725)
4(714 715 5009 5008)
4(714 725 726 715)
4(216 719 725 714)
4(5893 5894 283 282)
4(5032 5034 5035 5033)
4(5028 5030 5031 5029)
4(5362 5365 5378 5375)
4(5362 5375 5376 5363)
4(5368 5375 5378 5372)
4(5368 5370 5377 5375)
4(5368 5372 5374 5370)
4(5359 5368 5375 5362)
4(5350 5368 5375 5356)
4(5343 5356 5375 5362)
4(5338 5350 5356 5343)
4(5350 5352 5358 5356)
4(5350 5368 5370 5352)
4(5343 5356 5357 5344)
4(5340 5343 5356 5353)
4(5340 5353 5354 5341)
4(5346 5353 5356 5350)
4(5346 5348 5355 5353)
4(5346 5350 5352 5348)
4(5337 5346 5353 5340)
4(670 5346 5353 676)
4(663 676 5353 5340)
4(658 670 676 663)
4(670 5346 5348 672)
4(670 672 678 676)
4(663 676 677 664)
4(718 1446 1453 724)
4(718 721 1450 1446)
4(718 724 727 721)
4(208 745 749 214)
4(208 718 1446 745)
4(208 214 724 718)
4(1445 1446 1448 1447)
4(746 1447 1448 747)
4(744 746 747 745)
4(744 745 1446 1445)
4(744 1445 1447 746)
4(1447 1451 1452 1448)
4(1445 1449 1451 1447)
4(1445 1446 1450 1449)
4(1447 1451 1457 1455)
4(1447 1455 1456 1448)
4(735 738 1455 1447)
4(735 1447 1451 737)
4(746 1443 1455 1447)
4(731 733 1443 746)
4(731 746 1447 735)
4(746 1443 1444 747)
4(742 746 1443 750)
4(742 750 751 743)
4(742 743 747 746)
4(729 732 750 742)
4(729 742 746 731)
4(5795 5799 750 742)
4(5783 5795 742 729)
4(5795 5796 743 742)
4(740 741 743 742)
4(5793 5794 741 740)
4(5793 740 742 5795)
4(740 744 746 742)
4(740 741 745 744)
4(205 741 748 211)
4(205 208 745 741)
4(205 211 214 208)
4(5318 205 741 5794)
4(5318 5794 5798 5324)
4(5318 5324 211 205)
4(5369 5370 4523 4522)
4(5351 5352 5370 5369)
4(5351 5369 4522 4519)
4(5351 4519 4520 5352)
4(5369 5370 5374 5373)
4(5367 5369 5370 5368)
4(5349 5351 5352 5350)
4(5808 5011 4519 5351)
4(5007 5011 4519 4516)
4(5807 5007 4516 5347)
4(5347 4516 4519 5351)
4(5007 5009 4518 4516)
4(5007 5011 5013 5009)
4(222 232 4516 5007)
4(222 715 234 232)
4(222 5007 5009 715)
4(671 232 4516 5347)
4(1310 222 232 671)
4(5347 5348 4517 4516)
4(671 672 5348 5347)
4(671 232 233 672)
4(5347 5348 5352 5351)
4(5345 5347 5348 5346)
4(669 671 672 670)
4(5010 5012 5013 5011)
4(734 735 1447 1445)
4(717 1445 1446 718)
4(207 744 745 208)
4(730 731 746 744)
4(728 729 742 740)
4(204 740 741 205)
4(5317 5793 5794 5318)
4(4600 4601 4603 4602)
4(5548 4600 4602 5550)
4(5548 5549 4601 4600)
4(5548 5550 5551 5549)
4(4604 4605 4607 4606)
4(4600 4601 4605 4604)
4(4600 4604 4606 4602)
4(4604 4624 4626 4606)
4(4604 4605 4625 4624)
4(4617 4624 4626 4619)
4(4597 4604 4624 4617)
4(4597 4599 4606 4604)
4(4597 4617 4619 4599)
4(4617 4624 4628 4621)
4(4617 4621 4623 4619)
4(4609 4617 4624 4612)
4(4609 4611 4621 4617)
4(4590 4604 4624 4612)
4(4587 4597 4604 4590)
4(4587 4609 4617 4597)
4(4590 4604 4605 4591)
4(4588 4590 4604 4600)
4(4588 4600 4601 4589)
4(4593 4597 4604 4600)
4(4585 4593 4600 4588)
4(4585 4587 4597 4593)
4(4593 4595 4602 4600)
4(4593 4597 4599 4595)
4(5541 5548 4600 4593)
4(5541 4593 4595 5543)
4(5541 5543 5550 5548)
4(5534 5548 4600 4588)
4(5531 4585 4593 5541)
4(5531 5541 5548 5534)
4(5534 5548 5549 5535)
4(6085 6089 6090 6086)
4(6081 6083 6089 6085)
4(6081 6085 6086 6082)
4(6085 6087 6088 6086)
4(6085 6089 6091 6087)
4(5557 5559 5565 5564)
4(5557 5561 5563 5559)
4(4577 5557 5559 4579)
4(4577 4579 4583 4582)
4(5556 5557 5559 5558)
4(4576 5556 5558 4578)
4(4576 4577 5557 5556)
4(4576 4578 4579 4577)
4(5560 5561 5563 5562)
4(5556 5560 5562 5558)
4(5556 5557 5561 5560)
4(5560 6085 6087 5562)
4(5560 5561 6086 6085)
4(5545 6085 6087 5547)
4(5525 5560 6085 5545)
4(5525 5527 5562 5560)
4(5525 5545 5547 5527)
4(5545 6085 6089 5549)
4(5545 5549 5551 5547)
4(5533 5545 6085 6081)
4(5533 5535 5549 5545)
4(5554 5560 6085 6081)
4(5511 5525 5560 5554)
4(5511 5533 5545 5525)
4(5554 5560 5561 5555)
4(5521 5525 5560 5556)
4(5509 5511 5525 5521)
4(5509 5521 5556 5552)
4(5552 5556 5560 5554)
4(5521 5525 5527 5523)
4(5521 5523 5558 5556)
4(4616 4617 4621 4620)
4(4616 4618 4619 4617)
4(4608 4610 4620 4616)
4(4608 4616 4617 4609)
4(3917 3929 4616 4608)
4(3917 3919 3932 3929)
4(4586 4596 4616 4608)
4(3502 3910 4596 4586)
4(3502 3917 3929 3910)
4(4596 4616 4617 4597)
4(4586 4596 4597 4587)
4(4596 4598 4599 4597)
4(4592 4593 4597 4596)
4(4592 4594 4595 4593)
4(4584 4586 4596 4592)
4(4584 4592 4593 4585)
4(3500 3907 4592 4584)
4(3500 3502 3910 3907)
4(5530 5540 4592 4584)
4(4821 4834 5540 5530)
4(4821 3500 3907 4834)
4(5540 4592 4593 5541)
4(5530 5540 5541 5531)
4(5540 5542 5543 5541)
4(5537 5539 5543 5541)
4(5536 5537 5541 5540)
4(5536 5538 5539 5537)
4(5544 5546 5550 5548)
4(5537 5544 5548 5541)
4(5537 5539 5546 5544)
4(5544 5545 5549 5548)
4(5544 5546 5547 5545)
4(5532 5534 5548 5544)
4(5532 5544 5545 5533)
4(5529 5537 5544 5532)
4(5529 5531 5541 5537)
4(5517 5537 5544 5524)
4(5510 5524 5544 5532)
4(5507 5529 5537 5517)
4(5507 5517 5524 5510)
4(5524 5526 5546 5544)
4(5517 5537 5539 5519)
4(5517 5519 5526 5524)
4(5524 5525 5545 5544)
4(5524 5526 5527 5525)
4(5510 5524 5525 5511)
4(5528 5530 5540 5536)
4(5528 5536 5537 5529)
4(4819 4831 5536 5528)
4(4819 4821 4834 4831)
4(5516 5517 5537 5536)
4(5516 5518 5519 5517)
4(5506 5528 5536 5516)
4(5506 5516 5517 5507)
4(4433 4812 5516 5506)
4(4433 4819 4831 4812)
4(5504 5512 5516 5506)
4(4431 4809 5512 5504)
4(4431 4433 4812 4809)
4(5512 5516 5517 5513)
4(5505 5513 5517 5507)
4(5504 5512 5513 5505)
4(5513 5515 5519 5517)
4(5512 5514 5515 5513)
4(5520 5522 5526 5524)
4(5513 5520 5524 5517)
4(5513 5515 5522 5520)
4(5520 5521 5525 5524)
4(5520 5522 5523 5521)
4(5508 5510 5524 5520)
4(5508 5520 5521 5509)
4(5505 5513 5520 5508)
4(4541 5513 5520 4548)
4(4082 4548 5520 5508)
4(4079 5505 5513 4541)
4(4079 4541 4548 4082)
4(4548 4550 5522 5520)
4(4541 5513 5515 4543)
4(4541 4543 4550 4548)
4(4549 4551 5523 5521)
4(4548 4549 5521 5520)
4(4548 4550 4551 4549)
4(4549 4576 5556 5521)
4(4549 4551 4578 4576)
4(4570 4576 5556 5552)
4(4083 5509 5521 4549)
4(4083 4549 4576 4570)
4(5552 5553 5557 5556)
4(4570 4576 4577 4571)
4(4573 4580 4581 4575)
4(4561 4563 4567 4566)
4(4561 4573 4575 4563)
4(4573 4577 4579 4575)
4(4557 4559 4565 4564)
4(4557 4561 4563 4559)
4(1640 1642 1646 1645)
4(1640 4557 4559 1642)
4(1873 1877 1884 1880)
4(1425 1873 1880 1868)
4(1873 1875 1882 1880)
4(1873 1877 1879 1875)
4(1414 1421 1880 1873)
4(1414 1873 1875 1416)
4(1414 1416 1423 1421)
4(1407 1421 1880 1868)
4(1404 1414 1421 1407)
4(1407 1421 1422 1408)
4(1872 1876 1878 1874)
4(1872 1874 1875 1873)
4(5262 5775 2401 1874)
4(5262 1874 1878 5266)
4(5262 5266 5778 5775)
4(5254 5762 1933 1415)
4(5254 1415 1874 5262)
4(5254 5262 5775 5762)
4(5250 5759 1932 1411)
4(5250 1411 1415 5254)
4(5250 5254 5762 5759)
4(2394 2924 5242 4854)
4(2394 4854 1411 5250)
4(2394 5250 5759 2924)
4(4895 4902 4905 4899)
4(4895 4897 4904 4902)
4(4895 4899 4901 4897)
4(4890 4902 4905 4892)
4(4887 4895 4902 4890)
4(4887 4889 4899 4895)
4(4890 4902 4903 4891)
4(4870 4890 4902 4883)
4(4870 4883 4884 4871)
4(4877 4895 4902 4883)
4(4867 4887 4895 4877)
4(4867 4877 4883 4870)
4(4877 4895 4897 4879)
4(4877 4879 4885 4883)
4(4894 4895 4897 4896)
4(4876 4894 4896 4878)
4(4876 4877 4895 4894)
4(4876 4878 4879 4877)
4(4894 4895 4899 4898)
4(4894 4898 4900 4896)
4(2390 2921 5241 4850)
4(2390 4850 4854 2394)
4(2390 2394 2924 2921)
4(2382 4494 5240 2908)
4(2378 4490 4494 2382)
4(2378 2905 4908 4490)
4(2378 2382 2908 2905)
4(2382 4494 4850 2390)
4(2382 2390 2921 2908)
4(2388 4848 4850 2390)
4(4492 4494 4850 4848)
4(2380 2382 4494 4492)
4(2380 2388 2390 2382)
4(2392 4852 4854 2394)
4(4848 4850 4854 4852)
4(2388 2392 2394 2390)
4(5248 1409 1411 5250)
4(4852 4854 1411 1409)
4(2392 5248 5250 2394)
4(5252 1413 1415 5254)
4(1409 1411 1415 1413)
4(5248 5252 5254 5250)
4(5260 1872 1874 5262)
4(1413 1415 1874 1872)
4(5252 5260 5262 5254)
4(5260 5264 5266 5262)
4(1413 1415 1416 1414)
4(1410 1412 1416 1414)
4(1409 1411 1412 1410)
4(1410 1417 1421 1414)
4(1410 1412 1419 1417)
4(1405 1417 1421 1407)
4(1403 1410 1417 1405)
4(1405 1417 1418 1406)
4(4846 1405 1417 4860)
4(4846 4860 4861 4847)
4(4853 1410 1417 4860)
4(4843 4853 4860 4846)
4(4853 1410 1412 4855)
4(4853 4855 4862 4860)
4(4852 4854 4855 4853)
4(4886 4888 4898 4894)
4(4886 4894 4895 4887)
4(4857 4861 4898 4894)
4(4845 4857 4894 4886)
4(4845 4847 4861 4857)
4(4857 4859 4896 4894)
4(4857 4861 4863 4859)
4(4501 4876 4894 4857)
4(4501 4841 4878 4876)
4(4501 4857 4859 4841)
4(4866 4876 4894 4886)
4(4487 4501 4876 4866)
4(4487 4845 4857 4501)
4(4866 4876 4877 4867)
4(4868 4870 4883 4880)
4(4868 4880 4881 4869)
4(4873 4877 4883 4880)
4(4865 4873 4880 4868)
4(4865 4867 4877 4873)
4(4873 4875 4882 4880)
4(4873 4877 4879 4875)
4(3925 3931 4880 4873)
4(3925 4873 4875 3927)
4(3925 3927 3933 3931)
4(3918 3931 4880 4868)
4(3915 4865 4873 3925)
4(3915 3925 3931 3918)
4(3918 3931 3932 3919)
4(4497 4501 4876 4872)
4(4864 4872 4876 4866)
4(4485 4497 4872 4864)
4(4485 4487 4501 4497)
4(4872 4874 4878 4876)
4(4497 4499 4874 4872)
4(4497 4501 4841 4499)
4(4872 4873 4877 4876)
4(4872 4874 4875 4873)
4(4864 4872 4873 4865)
4(3924 4872 4873 3925)
4(3914 4864 4872 3924)
4(3914 3924 3925 3915)
4(3924 4872 4874 3926)
4(3924 3926 3927 3925)
4(3492 3924 4872 4497)
4(3492 3494 3926 3924)
4(3492 4497 4499 3494)
4(3478 3492 3924 3914)
4(3478 4485 4497 3492)
4(3920 3924 3925 3921)
4(3913 3921 3925 3915)
4(3912 3920 3921 3913)
4(3912 3914 3924 3920)
4(3920 3922 3923 3921)
4(3921 3923 3927 3925)
4(3920 3924 3926 3922)
4(3503 3504 3506 3505)
4(4827 4829 3506 3504)
4(4826 4827 3504 3503)
4(4826 3503 3505 4828)
4(4826 4828 4829 4827)
4(3507 3508 3905 3904)
4(3504 3506 3905 3508)
4(3503 3504 3508 3507)
4(3503 3507 3904 3505)
4(3508 3905 3923 3921)
4(3507 3508 3921 3920)
4(3507 3920 3922 3904)
4(3921 3928 3930 3923)
4(3508 3909 3928 3921)
4(3508 3905 3911 3909)
4(3921 3928 3931 3925)
4(3916 3918 3931 3928)
4(3916 3928 3929 3917)
4(3913 3921 3928 3916)
4(3501 3909 3928 3916)
4(3498 3508 3909 3501)
4(3498 3913 3921 3508)
4(3501 3909 3910 3502)
4(3504 3906 3909 3508)
4(3504 3506 3908 3906)
4(3499 3906 3909 3501)
4(3496 3504 3906 3499)
4(3496 3498 3508 3504)
4(3499 3906 3907 3500)
4(4820 3499 3906 4833)
4(4820 4833 4834 4821)
4(4827 4833 3906 3504)
4(4827 4829 4835 4833)
4(4817 3496 3504 4827)
4(4817 4827 4833 4820)
4(3495 3496 3504 3503)
4(4816 3495 3503 4826)
4(4816 4826 4827 4817)
4(3497 3498 3508 3507)
4(3495 3497 3507 3503)
4(3497 3912 3920 3507)
4(3476 3912 3920 3488)
4(3470 3488 3920 3507)
4(3456 3470 3507 3497)
4(3456 3476 3488 3470)
4(3488 3492 3924 3920)
4(3476 3478 3492 3488)
4(3488 3490 3922 3920)
4(3488 3492 3494 3490)
4(3470 3472 3904 3507)
4(3470 3488 3490 3472)
4(3466 3503 3507 3470)
4(3466 3468 3505 3503)
4(3466 3470 3472 3468)
4(3454 3466 3503 3495)
4(3454 3456 3470 3466)
4(4423 3466 3503 4826)
4(4409 3454 3466 4423)
4(4409 4423 4826 4816)
4(4423 3466 3468 4425)
4(4423 4425 4828 4826)
4(3465 3466 3468 3467)
4(4422 3465 3467 4424)
4(4422 4423 3466 3465)
4(4422 4424 4425 4423)
4(3469 3470 3472 3471)
4(3465 3466 3470 3469)
4(3465 3469 3471 3467)
4(3487 3488 3490 3489)
4(3469 3487 3489 3471)
4(3469 3470 3488 3487)
4(3491 3492 3494 3493)
4(3487 3488 3492 3491)
4(3487 3491 3493 3489)
4(4496 4497 4499 4498)
4(3491 3492 4497 4496)
4(3491 4496 4498 3493)
4(4500 4501 4841 4840)
4(4496 4500 4840 4498)
4(4496 4497 4501 4500)
4(4856 4857 4859 4858)
4(4500 4501 4857 4856)
4(4500 4856 4858 4840)
4(4856 4860 4862 4858)
4(4856 4857 4861 4860)
4(4849 4856 4860 4853)
4(4849 4851 4858 4856)
4(4849 4853 4855 4851)
4(4844 4856 4860 4846)
4(4842 4849 4856 4844)
4(4844 4856 4857 4845)
4(4486 4844 4856 4500)
4(4486 4500 4501 4487)
4(4493 4849 4856 4500)
4(4483 4493 4500 4486)
4(4493 4849 4851 4495)
4(4493 4495 4840 4500)
4(4848 4849 4851 4850)
4(4492 4494 4495 4493)
4(627 629 630 628)
4(1376 1388 1395 1382)
4(186 624 1388 1376)
4(621 1382 1395 629)
4(186 1376 1382 621)
4(1376 1388 1390 1378)
4(1376 1378 1384 1382)
4(1387 1388 1390 1389)
4(1375 1387 1389 1377)
4(1375 1376 1388 1387)
4(1375 1377 1378 1376)
4(1387 1391 1393 1389)
4(1387 1388 1392 1391)
4(661 674 1401 1389)
4(661 1389 1393 664)
4(661 664 677 674)
4(642 655 1386 1377)
4(642 1377 1389 661)
4(642 661 674 655)
4(639 652 1385 1373)
4(639 1373 1377 642)
4(639 642 655 652)
4(5735 5772 1373 639)
4(5735 5748 5781 5772)
4(5735 639 652 5748)
4(637 679 1373 639)
4(5770 5772 1373 679)
4(5733 5735 5772 5770)
4(640 1375 1377 642)
4(679 1373 1377 1375)
4(659 1387 1389 661)
4(623 1387 1388 624)
4(185 1375 1376 186)
4(679 1375 1376 680)
4(184 680 1376 186)
4(183 679 680 184)
4(680 1374 1378 1376)
4(679 1373 1374 680)
4(680 1379 1382 1376)
4(680 1374 1381 1379)
4(621 622 1383 1382)
4(189 621 1382 1379)
4(189 1379 1380 190)
4(189 190 622 621)
4(621 622 630 629)
4(191 621 622 192)
4(184 680 1379 189)
4(5771 680 1379 5777)
4(5265 5777 1379 189)
4(5258 184 680 5771)
4(5258 5771 5777 5265)
4(5771 680 1374 5773)
4(5771 5773 5779 5777)
4(5265 5266 190 189)
4(5265 5777 5778 5266)
4(187 188 190 189)
4(5263 5265 5266 5264)
4(5770 679 680 5771)
4(5257 5770 5771 5258)
4(5770 5772 5773 5771)
4(5767 5769 5773 5771)
4(5766 5767 5771 5770)
4(5766 5770 5772 5768)
4(5766 5768 5769 5767)
4(4489 4491 4495 4493)
4(4488 4490 4491 4489)
4(4488 4492 4494 4490)
4(4489 4496 4500 4493)
4(4489 4491 4498 4496)
4(4484 4496 4500 4486)
4(4482 4489 4496 4484)
4(4484 4496 4497 4485)
4(3477 4484 4496 3491)
4(3477 3491 3492 3478)
4(3484 4489 4496 3491)
4(3474 3484 3491 3477)
4(3484 4489 4491 3486)
4(3484 3486 3493 3491)
4(3483 4488 4490 3485)
4(3483 3485 3486 3484)
4(2376 4488 4490 2378)
4(1322 2378 4490 3485)
4(1320 2376 2378 1322)
4(1320 1322 3485 3483)
4(2376 2380 2382 2378)
4(660 663 676 673)
4(660 673 674 661)
4(666 673 676 670)
4(666 668 675 673)
4(666 670 672 668)
4(657 666 673 660)
4(648 666 673 654)
4(641 654 673 660)
4(636 648 654 641)
4(648 650 656 654)
4(648 666 668 650)
4(641 654 655 642)
4(667 671 672 668)
4(665 667 668 666)
4(667 671 232 229)
4(667 229 230 668)
4(218 222 232 229)
4(1309 218 229 667)
4(218 220 231 229)
4(218 222 715 220)
4(200 5804 229 218)
4(200 202 5806 5804)
4(200 218 220 202)
4(649 5804 229 667)
4(1308 200 5804 649)
4(649 5804 5805 650)
4(649 650 668 667)
4(645 649 5804 5801)
4(645 5801 5802 646)
4(645 646 650 649)
4(196 5801 5803 198)
4(5310 4918 5801 196)
4(5310 196 198 5312)
4(5310 5312 4920 4918)
4(196 5801 5804 200)
4(196 200 202 198)
4(1307 196 5801 645)
4(5742 4918 5801 645)
4(182 5310 4918 5742)
4(5742 4918 4919 5743)
4(5742 5743 646 645)
4(5738 5742 4918 4915)
4(5738 4915 4916 5739)
4(5738 5739 5743 5742)
4(367 2486 3142 927)
4(6078 2484 2486 367)
4(6078 367 927 925)
4(6078 925 3141 2484)
4(367 2486 2488 371)
4(367 371 929 927)
4(365 367 2486 2485)
4(365 369 371 367)
4(6076 6078 2484 2483)
4(6076 365 367 6078)
4(1636 1643 1644 1638)
4(1624 1626 1630 1629)
4(1624 1636 1638 1626)
4(1636 1640 1642 1638)
4(1620 1622 1628 1627)
4(1620 1624 1626 1622)
4(361 1620 1622 363)
4(361 363 370 368)
4(4082 4548 4549 4083)
4(4544 4548 4549 4545)
4(4081 4545 4549 4083)
4(4080 4082 4548 4544)
4(4080 4544 4545 4081)
4(4545 4547 4551 4549)
4(4544 4546 4547 4545)
4(4544 4548 4550 4546)
4(4556 4557 4559 4558)
4(1639 1640 4557 4556)
4(1639 4556 4558 1641)
4(1639 1641 1642 1640)
4(4560 4561 4563 4562)
4(4556 4560 4562 4558)
4(4556 4557 4561 4560)
4(4572 4573 4575 4574)
4(4560 4561 4573 4572)
4(4560 4572 4574 4562)
4(4572 4576 4578 4574)
4(4572 4573 4577 4576)
4(4545 4572 4576 4549)
4(4545 4547 4574 4572)
4(4568 4572 4576 4570)
4(4081 4545 4572 4568)
4(4568 4572 4573 4569)
4(4554 4568 4572 4560)
4(4554 4560 4561 4555)
4(4073 4545 4572 4560)
4(4059 4073 4560 4554)
4(4059 4081 4545 4073)
4(4073 4075 4562 4560)
4(4073 4545 4547 4075)
4(4069 4556 4560 4073)
4(4069 4071 4558 4556)
4(4069 4073 4075 4071)
4(4552 4556 4560 4554)
4(4057 4069 4556 4552)
4(4057 4059 4073 4069)
4(4552 4556 4557 4553)
4(1633 4552 4556 1639)
4(1633 1639 1640 1634)
4(1612 4069 4556 1639)
4(1598 4057 4069 1612)
4(1598 1612 1639 1633)
4(1612 4069 4071 1614)
4(1612 1614 1641 1639)
4(4068 4069 4071 4070)
4(1611 4068 4070 1613)
4(1611 1612 4069 4068)
4(1611 1613 1614 1612)
4(4072 4073 4075 4074)
4(4068 4069 4073 4072)
4(4068 4072 4074 4070)
4(4072 4544 4546 4074)
4(4072 4073 4545 4544)
4(4540 4541 4543 4542)
4(4536 4537 4541 4540)
4(4537 4539 4543 4541)
4(4536 4538 4539 4537)
4(4540 4541 5513 5512)
4(4078 5504 5512 4540)
4(4078 4540 4541 4079)
4(3403 3416 4540 4078)
4(3403 4431 4809 3416)
4(4076 4536 4540 4078)
4(3401 3413 4536 4076)
4(3401 3403 3416 3413)
4(4077 4537 4541 4079)
4(4076 4536 4537 4077)
4(4537 4541 4548 4544)
4(4077 4537 4544 4080)
4(4537 4539 4546 4544)
4(4065 4072 4544 4537)
4(4065 4067 4074 4072)
4(4065 4537 4539 4067)
4(4058 4072 4544 4080)
4(4055 4065 4072 4058)
4(4055 4077 4537 4065)
4(4058 4072 4073 4059)
4(4056 4058 4072 4068)
4(4056 4068 4069 4057)
4(4061 4065 4072 4068)
4(4053 4061 4068 4056)
4(4053 4055 4065 4061)
4(4061 4063 4070 4068)
4(4061 4065 4067 4063)
4(1604 1611 4068 4061)
4(1604 4061 4063 1606)
4(1604 1606 1613 1611)
4(1597 1611 4068 4056)
4(957 4053 4061 1604)
4(957 1604 1611 1597)
4(1597 1611 1612 1598)
4(1607 1611 1612 1608)
4(1596 1608 1612 1598)
4(1595 1597 1611 1607)
4(1595 1607 1608 1596)
4(1608 1610 1614 1612)
4(1607 1609 1610 1608)
4(1607 1611 1613 1609)
4(1619 1620 1622 1621)
4(360 361 1620 1619)
4(360 1619 1621 362)
4(360 362 363 361)
4(1623 1624 1626 1625)
4(1619 1623 1625 1621)
4(1619 1620 1624 1623)
4(1635 1636 1638 1637)
4(1623 1624 1636 1635)
4(1623 1635 1637 1625)
4(1635 1639 1641 1637)
4(1635 1636 1640 1639)
4(1608 1635 1639 1612)
4(1608 1610 1637 1635)
4(1631 1635 1639 1633)
4(1596 1608 1635 1631)
4(1631 1635 1636 1632)
4(1617 1631 1635 1623)
4(1617 1623 1624 1618)
4(951 1608 1635 1623)
4(937 951 1623 1617)
4(937 1596 1608 951)
4(951 953 1625 1623)
4(951 1608 1610 953)
4(947 1619 1623 951)
4(947 949 1621 1619)
4(947 951 953 949)
4(1615 1619 1623 1617)
4(935 947 1619 1615)
4(935 937 951 947)
4(1615 1619 1620 1616)
4(354 1615 1619 360)
4(354 360 361 355)
4(6056 947 1619 360)
4(6042 6056 360 354)
4(6042 935 947 6056)
4(6056 947 949 6058)
4(6056 6058 362 360)
4(946 947 949 948)
4(6055 946 948 6057)
4(6055 6056 947 946)
4(6055 6057 6058 6056)
4(950 951 953 952)
4(946 947 951 950)
4(946 950 952 948)
4(950 1607 1609 952)
4(950 951 1608 1607)
4(366 926 927 367)
4(366 367 371 370)
4(6077 924 925 6078)
4(6077 6078 367 366)
4(6074 923 925 6078)
4(6073 922 923 6074)
4(6073 6074 6078 6077)
4(6074 923 3140 2482)
4(6074 2482 2484 6078)
4(3675 5503 2482 6074)
4(3675 6074 923 4043)
4(3675 4043 6010 5503)
4(6072 2481 2482 6074)
4(3673 6072 6074 3675)
4(3673 3675 5503 5502)
4(6072 6076 6078 6074)
4(356 360 361 357)
4(352 354 360 356)
4(352 356 357 353)
4(357 359 363 361)
4(356 358 359 357)
4(356 360 362 358)
4(3674 3675 6074 6073)
4(3674 4042 4043 3675)
4(6071 6072 6074 6073)
4(3672 6071 6073 3674)
4(3672 3674 3675 3673)
4(6075 6076 6078 6077)
4(6071 6075 6077 6073)
4(364 365 367 366)
4(6075 364 366 6077)
4(364 368 370 366)
4(357 359 366 364)
4(6068 357 359 6070)
4(6068 6070 6077 6075)
4(6067 356 358 6069)
4(6067 6068 357 356)
4(6067 6069 6070 6068)
4(6052 356 358 6054)
4(6032 6067 356 6052)
4(6032 6052 6054 6034)
4(6032 6034 6069 6067)
4(6052 356 360 6056)
4(6052 6056 6058 6054)
4(6040 6052 356 352)
4(6040 6042 6056 6052)
4(6061 6067 356 352)
4(6018 6040 6052 6032)
4(6018 6032 6067 6061)
4(6061 6067 6068 6062)
4(6064 6066 6073 6071)
4(6064 6068 6070 6066)
4(3665 6064 6066 3667)
4(3665 3667 3674 3672)
4(3671 4041 6009 5501)
4(3671 5501 5503 3675)
4(3671 3675 4043 4041)
4(3655 4039 6008 5499)
4(3655 5499 5501 3671)
4(3655 3671 4041 4039)
4(3651 4037 6007 5497)
4(3651 5497 5499 3655)
4(3651 3655 4039 4037)
4(2057 4531 5497 3651)
4(2057 2480 5057 4531)
4(2057 3651 4037 2480)
4(3649 5496 5497 3651)
4(2055 3649 3651 2057)
4(2055 2057 4531 4530)
4(3653 5498 5499 3655)
4(3649 3653 3655 3651)
4(3669 5500 5501 3671)
4(3653 3669 3671 3655)
4(3669 3673 3675 3671)
4(4064 4536 4537 4065)
4(4054 4064 4065 4055)
4(4054 4076 4536 4064)
4(4064 4066 4067 4065)
4(4060 4061 4065 4064)
4(4060 4062 4063 4061)
4(4052 4054 4064 4060)
4(4052 4060 4061 4053)
4(3381 4054 4064 3394)
4(3379 3391 4060 4052)
4(3379 3381 3394 3391)
4(3381 3401 3413 3394)
4(1603 4060 4061 1604)
4(956 4052 4060 1603)
4(956 1603 1604 957)
4(1603 1605 1606 1604)
4(1600 1602 1606 1604)
4(1599 1601 1602 1600)
4(1599 1600 1604 1603)
4(1600 1607 1611 1604)
4(1600 1602 1609 1607)
4(955 1600 1607 1595)
4(955 957 1604 1600)
4(943 1600 1607 950)
4(933 955 1600 943)
4(936 950 1607 1595)
4(933 943 950 936)
4(943 1600 1602 945)
4(943 945 952 950)
4(942 943 1600 1599)
4(942 944 945 943)
4(150 956 1603 163)
4(148 150 163 160)
4(148 160 1599 954)
4(954 1599 1603 956)
4(150 3379 3391 163)
4(3475 3477 3491 3487)
4(3475 3487 3488 3476)
4(3480 3484 3491 3487)
4(3473 3480 3487 3475)
4(3480 3484 3486 3482)
4(3480 3482 3489 3487)
4(1322 3485 3937 1863)
4(1318 1860 3936 3481)
4(1318 3481 3485 1322)
4(1318 1322 1863 1860)
4(1322 2378 2905 1863)
4(2377 2378 2905 2904)
4(1321 2377 2904 1862)
4(1321 1322 2378 2377)
4(1321 1862 1863 1322)
4(2381 2382 2908 2907)
4(2377 2378 2382 2381)
4(2377 2381 2907 2904)
4(2389 2390 2921 2920)
4(2381 2389 2920 2907)
4(2381 2382 2390 2389)
4(2393 2394 2924 2923)
4(2389 2393 2923 2920)
4(2389 2390 2394 2393)
4(5249 5250 5759 5758)
4(2393 5249 5758 2923)
4(2393 2394 5250 5249)
4(5253 5254 5762 5761)
4(5249 5253 5761 5758)
4(5249 5250 5254 5253)
4(5261 5262 5775 5774)
4(5253 5261 5774 5761)
4(5253 5254 5262 5261)
4(5261 5265 5777 5774)
4(5261 5262 5266 5265)
4(5767 5774 5776 5769)
4(5755 5761 5774 5767)
4(5755 5767 5769 5757)
4(5755 5757 5763 5761)
4(5767 5774 5777 5771)
4(5256 5767 5774 5261)
4(5256 5258 5771 5767)
4(5246 5256 5767 5755)
4(5246 5755 5761 5253)
4(5255 5256 5767 5766)
4(5754 5766 5767 5755)
4(5245 5754 5755 5246)
4(5732 5735 5772 5768)
4(5730 5732 5768 5766)
4(5732 5745 5780 5768)
4(5732 5735 5748 5745)
4(5274 5756 5768 5732)
4(5274 5726 5765 5756)
4(5274 5732 5745 5726)
4(5754 5756 5768 5766)
4(5272 5274 5756 5754)
4(5754 5756 5757 5755)
4(5751 5753 5757 5755)
4(5750 5752 5753 5751)
4(5750 5754 5756 5752)
4(5750 5751 5755 5754)
4(5751 5758 5761 5755)
4(5751 5753 5760 5758)
4(5244 5751 5758 5249)
4(5244 5246 5755 5751)
4(2917 5751 5758 2923)
4(2386 2917 2923 2393)
4(2386 5244 5751 2917)
4(2917 5751 5753 2919)
4(2917 2919 2925 2923)
4(2916 5750 5752 2918)
4(2916 2918 2919 2917)
4(2916 2917 5751 5750)
4(5271 5723 5764 5752)
4(5271 5752 5756 5274)
4(5271 5274 5726 5723)
4(2881 2918 5752 5271)
4(2881 2894 3450 2918)
4(2881 5271 5723 2894)
4(5269 5750 5752 5271)
4(2879 2881 2918 2916)
4(638 641 654 651)
4(638 651 652 639)
4(644 651 654 648)
4(644 646 653 651)
4(644 648 650 646)
4(635 644 651 638)
4(5741 644 651 5747)
4(5734 5747 651 638)
4(5729 5741 5747 5734)
4(5741 5743 5749 5747)
4(5741 644 646 5743)
4(5734 5747 5748 5735)
4(5731 5744 5745 5732)
4(5731 5734 5747 5744)
4(2913 2920 2923 2917)
4(2913 2915 2922 2920)
4(2913 2917 2919 2915)
4(2384 2913 2920 2389)
4(2384 2386 2917 2913)
4(2901 2913 2920 2907)
4(2374 2901 2907 2381)
4(2374 2384 2913 2901)
4(2901 2913 2915 2903)
4(2901 2903 2909 2907)
4(2912 2913 2915 2914)
4(2900 2912 2914 2902)
4(2900 2901 2913 2912)
4(2900 2902 2903 2901)
4(2912 2916 2918 2914)
4(2912 2913 2917 2916)
4(2878 2891 2926 2914)
4(2878 2914 2918 2881)
4(2878 2881 2894 2891)
4(2859 2872 2911 2902)
4(2859 2902 2914 2878)
4(2859 2878 2891 2872)
4(2399 2869 2910 2898)
4(2399 2898 2902 2859)
4(2399 2859 2872 2869)
4(1352 1857 2898 2399)
4(1352 2399 2869 1365)
4(1352 1365 1866 1857)
4(2397 2896 2898 2399)
4(1855 1857 2898 2896)
4(1350 1352 1857 1855)
4(2400 2900 2902 2859)
4(2896 2898 2902 2900)
4(2876 2912 2914 2878)
4(5243 5244 5751 5750)
4(2385 2916 2917 2386)
4(5259 5261 5262 5260)
4(5251 5253 5254 5252)
4(5247 5249 5250 5248)
4(2391 2393 2394 2392)
4(5006 5008 5009 5007)
4(221 714 715 222)
4(5315 5792 5797 5321)
4(5315 5321 5324 5318)
4(5315 5318 5794 5792)
4(5296 5788 5790 5302)
4(5296 5302 5321 5315)
4(5296 5315 5792 5788)
4(5293 5786 5789 5299)
4(5293 5296 5788 5786)
4(5293 5299 5302 5296)
4(2440 5293 5786 2990)
4(2440 2446 5299 5293)
4(2440 2990 2992 2446)
4(5316 5322 5324 5318)
4(5313 5319 5322 5316)
4(5313 5315 5321 5319)
4(203 209 211 205)
4(5316 5322 209 203)
4(206 212 214 208)
4(203 209 212 206)
4(716 722 724 718)
4(206 212 722 716)
4(716 722 725 719)
4(219 722 725 714)
4(215 716 722 219)
4(219 722 723 220)
4(219 220 715 714)
4(201 219 722 212)
4(201 212 213 202)
4(201 202 220 219)
4(194 206 212 201)
4(197 209 212 201)
4(193 203 209 197)
4(197 209 210 198)
4(197 198 202 201)
4(5311 197 209 5322)
4(5311 5312 198 197)
4(5311 5322 5323 5312)
4(5304 5316 5322 5311)
4(217 219 220 218)
4(199 201 202 200)
4(195 197 198 196)
4(5309 5311 5312 5310)
4(5307 5311 5312 5308)
4(5305 5307 5308 5306)
4(5306 5308 5312 5310)
4(5307 5311 5322 5319)
4(5307 5319 5320 5308)
4(5303 5313 5319 5307)
4(5294 5313 5319 5300)
4(5282 5294 5300 5289)
4(5289 5300 5319 5307)
4(5294 5296 5302 5300)
4(5314 5791 5792 5315)
4(5295 5787 5788 5296)
4(5292 5785 5786 5293)
4(2439 2989 2990 2440)
4(5291 5297 5300 5294)
4(5291 5293 5299 5297)
4(5285 5297 5300 5289)
4(5281 5291 5297 5285)
4(5289 5290 5301 5300)
4(5285 5297 5298 5286)
4(5285 5286 5290 5289)
4(5289 5290 5308 5307)
4(5288 5290 5308 5306)
4(5287 5289 5290 5288)
4(5306 4915 4917 5308)
4(5288 4912 4915 5306)
4(5288 5290 4914 4912)
4(5306 4915 4918 5310)
4(181 5306 4915 5738)
4(5720 4912 4915 5738)
4(5719 5288 4912 5720)
4(5720 4912 4913 5721)
4(5720 5721 5739 5738)
4(5284 4909 4912 5288)
4(5284 5286 4911 4909)
4(5284 5288 5290 5286)
4(5277 4909 4912 5720)
4(5718 5284 4909 5277)
4(5277 4909 4910 5278)
4(5277 5278 5721 5720)
4(2888 5277 4909 1949)
4(2888 2889 5278 5277)
4(2888 1949 1950 2889)
4(2432 1949 4909 5284)
4(2432 2434 1951 1949)
4(2432 5284 5286 2434)
4(3449 2432 1949 2888)
4(2428 2432 1949 1946)
4(2884 1946 1949 2888)
4(3448 2428 1946 2884)
4(2428 2430 1948 1946)
4(2428 2432 2434 2430)
4(4438 4439 4441 4440)
4(4434 4438 4440 4436)
4(4434 4436 4437 4435)
4(4435 4437 4441 4439)
4(4434 4435 4439 4438)
4(4822 4823 4825 4824)
4(4439 4441 4825 4823)
4(4438 4822 4824 4440)
4(4438 4439 4823 4822)
4(4823 4825 4829 4827)
4(4822 4823 4827 4826)
4(4822 4826 4828 4824)
4(4823 4830 4833 4827)
4(4823 4825 4832 4830)
4(4818 4820 4833 4830)
4(4818 4830 4831 4819)
4(4815 4823 4830 4818)
4(4815 4817 4827 4823)
4(4439 4823 4830 4811)
4(4432 4811 4830 4818)
4(4429 4815 4823 4439)
4(4429 4439 4811 4432)
4(4439 4441 4813 4811)
4(4432 4811 4812 4433)
4(2387 2389 2390 2388)
4(2379 2381 2382 2380)
4(2375 2377 2378 2376)
4(2897 2901 2907 2904)
4(2372 2897 2904 2377)
4(2372 2374 2901 2897)
4(2897 2899 2906 2904)
4(2897 2901 2903 2899)
4(1856 1862 2904 2897)
4(1856 1858 1864 1862)
4(1856 2897 2899 1858)
4(1314 2372 2897 1856)
4(1314 1856 1862 1321)
4(2371 2372 2897 2896)
4(1855 2896 2897 1856)
4(1313 1855 1856 1314)
4(2373 2374 2901 2900)
4(2896 2900 2901 2897)
4(2383 2384 2913 2912)
4(5273 5731 5744 5725)
4(5273 5725 5726 5274)
4(5737 5744 5746 5739)
4(5280 5725 5744 5737)
4(5280 5737 5739 5721)
4(5280 5721 5727 5725)
4(5737 5744 5747 5741)
4(5737 5741 5743 5739)
4(5728 5737 5744 5731)
4(5268 5280 5725 5273)
4(647 649 650 648)
4(643 645 646 644)
4(5740 5742 5743 5741)
4(5736 5738 5739 5737)
4(5279 5720 5721 5280)
4(2438 5291 5297 2444)
4(2433 2444 5297 5285)
4(2426 2438 2444 2433)
4(2438 2440 2446 2444)
4(2437 2440 2446 2443)
4(2435 2441 2444 2438)
4(2435 2437 2443 2441)
4(2437 2440 2990 2988)
4(2437 2988 2991 2443)
4(620 1847 3935 3463)
4(620 3463 3481 1318)
4(620 1318 1860 1847)
4(616 1844 3934 3459)
4(616 3459 3463 620)
4(616 620 1847 1844)
4(2258 4416 3459 616)
4(2258 616 1844 2769)
4(2258 2769 4839 4416)
4(2436 2987 2988 2437)
4(2418 2984 2988 2437)
4(2417 2983 2984 2418)
4(2418 2984 2986 2424)
4(2418 2424 2443 2437)
4(2415 2982 2985 2421)
4(2415 2418 2984 2982)
4(2415 2421 2424 2418)
4(1430 2415 2982 1937)
4(1430 1937 1939 1436)
4(1430 1436 2421 2415)
4(2433 2434 2445 2444)
4(2429 2433 2444 2441)
4(2429 2441 2442 2430)
4(2429 2430 2434 2433)
4(2433 2434 5286 5285)
4(5283 5284 5286 5285)
4(2431 2433 2434 2432)
4(5276 5278 5721 5280)
4(5275 5277 5278 5276)
4(5276 5722 5725 5280)
4(5276 5278 5724 5722)
4(5270 5273 5725 5722)
4(5270 5722 5723 5271)
4(5267 5276 5722 5270)
4(2887 5276 5722 2893)
4(2880 2893 5722 5270)
4(2875 2887 2893 2880)
4(2887 5276 5278 2889)
4(2887 2889 2895 2893)
4(2880 2893 2894 2881)
4(2886 2888 2889 2887)
4(2884 2888 2889 2885)
4(2883 2885 2889 2887)
4(2882 2884 2885 2883)
4(2884 1946 1947 2885)
4(2866 2884 1946 1943)
4(2866 1943 1944 2867)
4(2866 2867 2885 2884)
4(2410 2428 1946 1943)
4(2857 2410 1943 2866)
4(2410 2412 1945 1943)
4(2410 2428 2430 2412)
4(2406 2408 1942 1940)
4(2406 1940 1943 2410)
4(2406 2410 2412 2408)
4(2862 2866 1943 1940)
4(2862 2863 2867 2866)
4(2862 1940 1941 2863)
4(2883 2890 2893 2887)
4(2883 2885 2892 2890)
4(2877 2890 2893 2880)
4(2874 2883 2890 2877)
4(2877 2890 2891 2878)
4(2858 2877 2890 2871)
4(2858 2871 2872 2859)
4(2865 2883 2890 2871)
4(2396 2865 2871 2858)
4(2865 2883 2885 2867)
4(2865 2867 2873 2871)
4(2864 2866 2867 2865)
4(2398 2858 2871 2868)
4(2398 2868 2869 2399)
4(2861 2868 2871 2865)
4(2861 2863 2870 2868)
4(2861 2865 2867 2863)
4(2395 2861 2868 2398)
4(1358 2861 2868 1364)
4(1351 1364 2868 2398)
4(1346 1358 1364 1351)
4(1358 2861 2863 1360)
4(1358 1360 1366 1364)
4(1351 1364 1365 1352)
4(1319 1321 1322 1320)
4(3479 3483 3485 3481)
4(3479 3481 3482 3480)
4(1316 1318 3481 3479)
4(1316 1320 1322 1318)
4(3461 3463 3481 3479)
4(618 620 3463 3461)
4(618 1316 1318 620)
4(3462 3464 3482 3480)
4(3461 3463 3464 3462)
4(3462 3469 3487 3480)
4(3462 3464 3471 3469)
4(3455 3469 3487 3475)
4(3452 3462 3469 3455)
4(3455 3469 3470 3456)
4(3453 3455 3469 3465)
4(3453 3465 3466 3454)
4(3458 3462 3469 3465)
4(3451 3458 3465 3453)
4(3458 3460 3467 3465)
4(3458 3462 3464 3460)
4(4415 4422 3465 3458)
4(4415 3458 3460 4417)
4(4415 4417 4424 4422)
4(4408 4422 3465 3453)
4(4405 4415 4422 4408)
4(4408 4422 4423 4409)
4(4814 4816 4826 4822)
4(4814 4822 4823 4815)
4(4419 4423 4826 4822)
4(4407 4419 4822 4814)
4(4407 4409 4423 4419)
4(4419 4421 4824 4822)
4(4419 4423 4425 4421)
4(4401 4438 4822 4419)
4(4401 4403 4440 4438)
4(4401 4419 4421 4403)
4(4428 4438 4822 4814)
4(4387 4401 4438 4428)
4(4387 4407 4419 4401)
4(4428 4438 4439 4429)
4(4397 4401 4438 4434)
4(4426 4434 4438 4428)
4(4385 4397 4434 4426)
4(4385 4387 4401 4397)
4(4397 4399 4436 4434)
4(4397 4401 4403 4399)
4(3408 3410 4436 4434)
4(3371 3373 3410 3408)
4(3371 3408 4434 4397)
4(3371 4397 4399 3373)
4(3409 3411 4437 4435)
4(3408 3409 4435 4434)
4(3408 3410 3411 3409)
4(4435 4808 4810 4437)
4(3409 3415 4808 4435)
4(3409 3411 3417 3415)
4(4435 4808 4811 4439)
4(4430 4432 4811 4808)
4(4430 4808 4809 4431)
4(4427 4435 4808 4430)
4(4427 4429 4439 4435)
4(3402 3415 4808 4430)
4(3399 3409 3415 3402)
4(3399 4427 4435 3409)
4(3402 3415 3416 3403)
4(3405 3412 3414 3407)
4(3387 3393 3412 3405)
4(3387 3389 3395 3393)
4(3387 3405 3407 3389)
4(3405 3412 3415 3409)
4(3405 3409 3411 3407)
4(3400 3412 3415 3402)
4(3397 3405 3412 3400)
4(3397 3399 3409 3405)
4(3400 3412 3413 3401)
4(3380 3400 3412 3393)
4(3380 3393 3394 3381)
4(3377 3397 3405 3387)
4(3377 3387 3393 3380)
4(3396 3397 3405 3404)
4(3386 3404 3405 3387)
4(3376 3396 3404 3386)
4(3376 3386 3387 3377)
4(3398 3399 3409 3408)
4(3404 3408 3409 3405)
4(3396 3398 3408 3404)
4(4426 4427 4435 4434)
4(3398 4426 4434 3408)
4(3378 3380 3393 3390)
4(3378 3390 3391 3379)
4(3383 3387 3393 3390)
4(3375 3383 3390 3378)
4(3375 3377 3387 3383)
4(3383 3385 3392 3390)
4(3383 3387 3389 3385)
4(156 162 3390 3383)
4(156 3383 3385 158)
4(156 158 164 162)
4(149 162 3390 3378)
4(146 156 162 149)
4(146 3375 3383 156)
4(149 162 163 150)
4(3457 3461 3463 3459)
4(3457 3459 3460 3458)
4(614 616 3459 3457)
4(614 618 620 616)
4(4414 4416 3459 3457)
4(2256 614 616 2258)
4(2256 2258 4416 4414)
4(4414 4416 4417 4415)
4(1317 1321 1322 1318)
4(1315 1317 1318 1316)
4(1317 1321 1862 1859)
4(1317 1859 1860 1318)
4(1852 1859 1862 1856)
4(1852 1854 1861 1859)
4(1852 1856 1858 1854)
4(1312 1852 1859 1317)
4(1312 1314 1856 1852)
4(1372 1852 1859 1846)
4(619 1846 1859 1317)
4(612 1372 1846 619)
4(612 1312 1852 1372)
4(1372 1842 1848 1846)
4(1372 1852 1854 1842)
4(619 1846 1847 620)
4(619 620 1318 1317)
4(615 619 1846 1843)
4(615 1843 1844 616)
4(615 616 620 619)
4(1368 1843 1846 1372)
4(1368 1370 1845 1843)
4(1368 1372 1842 1370)
4(610 1368 1843 615)
4(610 612 1372 1368)
4(2762 1368 1843 2768)
4(2257 2768 1843 615)
4(2250 610 1368 2762)
4(2250 2762 2768 2257)
4(2762 1368 1370 2764)
4(2762 2764 2770 2768)
4(2257 2258 616 615)
4(2257 2768 2769 2258)
4(613 614 616 615)
4(2255 2257 2258 2256)
4(617 618 620 619)
4(2253 2257 2258 2254)
4(2252 2254 2258 2256)
4(2251 2253 2254 2252)
4(2254 2766 2769 2258)
4(2253 2257 2768 2765)
4(2253 2765 2766 2254)
4(2254 2766 4838 4412)
4(2254 4412 4416 2258)
4(1784 4394 4412 2254)
4(1784 2753 4837 4394)
4(1784 2254 2766 2753)
4(4411 4413 4417 4415)
4(4410 4414 4416 4412)
4(4410 4412 4413 4411)
4(4418 4420 4424 4422)
4(4411 4418 4422 4415)
4(4411 4413 4420 4418)
4(4418 4419 4423 4422)
4(4418 4420 4421 4419)
4(4406 4408 4422 4418)
4(4406 4418 4419 4407)
4(4404 4411 4418 4406)
4(4393 4411 4418 4400)
4(4386 4400 4418 4406)
4(4383 4393 4400 4386)
4(4400 4402 4420 4418)
4(4393 4411 4413 4395)
4(4393 4395 4402 4400)
4(4400 4401 4419 4418)
4(4400 4402 4403 4401)
4(4386 4400 4401 4387)
4(2252 2254 4412 4410)
4(4392 4394 4412 4410)
4(1782 1784 4394 4392)
4(1782 2252 2254 1784)
4(4392 4394 4395 4393)
4(1780 1784 4394 4390)
4(4388 4390 4394 4392)
4(1778 1780 4390 4388)
4(1778 1782 1784 1780)
4(1780 2750 4836 4390)
4(1780 1784 2753 2750)
4(3382 3383 3385 3384)
4(155 3382 3384 157)
4(155 156 3383 3382)
4(155 157 158 156)
4(3386 3387 3389 3388)
4(3382 3383 3387 3386)
4(3382 3386 3388 3384)
4(3404 3405 3407 3406)
4(3386 3404 3406 3388)
4(3404 3408 3410 3406)
4(3367 3404 3408 3371)
4(3367 3371 3373 3369)
4(3367 3369 3406 3404)
4(3357 3398 3408 3371)
4(2798 3357 3371 3367)
4(2798 3367 3404 3396)
4(3357 4385 4397 3371)
4(4396 4400 4401 4397)
4(4384 4386 4400 4396)
4(4384 4396 4397 4385)
4(4396 4398 4399 4397)
4(4396 4400 4402 4398)
4(3370 4396 4398 3372)
4(3370 3371 4397 4396)
4(3370 3372 3373 3371)
4(4389 4396 4398 4391)
4(3363 3370 4396 4389)
4(3363 4389 4391 3365)
4(3363 3365 3372 3370)
4(4389 4396 4400 4393)
4(4389 4393 4395 4391)
4(4382 4389 4396 4384)
4(3356 3370 4396 4384)
4(2796 3363 3370 3356)
4(3356 3370 3371 3357)
4(4388 4390 4391 4389)
4(547 3364 4390 1780)
4(547 1275 3847 3364)
4(547 1780 2750 1275)
4(3362 4388 4390 3364)
4(3362 3364 3365 3363)
4(545 547 3364 3362)
4(545 1778 1780 547)
4(543 547 3364 3360)
4(3358 3360 3364 3362)
4(541 543 3360 3358)
4(541 545 547 543)
4(543 1272 3846 3360)
4(543 547 1275 1272)
4(152 159 162 156)
4(152 154 161 159)
4(152 156 158 154)
4(147 159 162 149)
4(144 152 159 147)
4(144 146 156 152)
4(147 159 160 148)
4(128 141 160 148)
4(127 147 159 140)
4(127 140 141 128)
4(932 942 1599 954)
4(128 141 942 932)
4(954 955 1600 1599)
4(932 942 943 933)
4(936 950 951 937)
4(934 936 950 946)
4(934 946 947 935)
4(939 943 950 946)
4(931 939 946 934)
4(931 933 943 939)
4(939 941 948 946)
4(939 943 945 941)
4(6048 6055 946 939)
4(6048 939 941 6050)
4(6048 6050 6057 6055)
4(6041 6055 946 934)
4(6038 931 939 6048)
4(6038 6048 6055 6041)
4(6041 6055 6056 6042)
4(930 938 942 932)
4(126 138 938 930)
4(126 128 141 138)
4(938 939 943 942)
4(938 940 941 939)
4(930 938 939 931)
4(6047 938 939 6048)
4(6037 930 938 6047)
4(6037 6047 6048 6038)
4(6047 6049 6050 6048)
4(5221 5234 6047 6037)
4(5221 126 138 5234)
4(6044 6048 6055 6051)
4(6039 6051 6055 6041)
4(6036 6044 6051 6039)
4(6036 6038 6048 6044)
4(6051 6053 6057 6055)
4(6044 6046 6053 6051)
4(6044 6048 6050 6046)
4(3670 4040 4041 3671)
4(3670 3671 3675 3674)
4(3654 4038 4039 3655)
4(3654 3655 3671 3670)
4(2053 2478 5056 4529)
4(2053 4529 4531 2057)
4(2053 2057 2480 2478)
4(2037 2476 5048 4048)
4(2037 4048 4529 2053)
4(2037 2053 2478 2476)
4(4045 4532 5048 4048)
4(2033 2474 4532 4045)
4(2033 4045 4048 2037)
4(2033 2037 2476 2474)
4(4533 5052 5053 4535)
4(1993 1995 1999 1998)
4(1993 1998 5052 4533)
4(1993 4533 4535 1995)
4(4533 5052 5054 5049)
4(4533 5049 5051 4535)
4(1989 1996 1997 1991)
4(1981 1989 1991 1983)
4(1981 1983 1987 1986)
4(1981 1986 1996 1989)
4(1989 1996 1998 1993)
4(1989 1993 1995 1991)
4(1562 1564 1998 1993)
4(1559 1562 1993 1989)
4(1559 1989 1996 1563)
4(4046 4050 5052 4533)
4(1562 4046 4533 1993)
4(4046 4049 5049 4533)
4(4532 5048 5049 4533)
4(4045 4532 4533 4046)
4(4532 4534 4535 4533)
4(1992 1993 4533 4532)
4(1992 1994 1995 1993)
4(1561 1992 4532 4045)
4(347 1561 4045 2033)
4(347 2033 2474 915)
4(347 915 1992 1561)
4(1561 1992 1993 1562)
4(6051 6055 6056 6052)
4(6039 6051 6052 6040)
4(6051 6053 6054 6052)
4(6031 6051 6053 6033)
4(6031 6032 6052 6051)
4(6031 6033 6034 6032)
4(6024 6031 6051 6044)
4(6024 6044 6046 6026)
4(6024 6026 6033 6031)
4(6017 6031 6051 6039)
4(6014 6036 6044 6024)
4(6014 6024 6031 6017)
4(6017 6031 6032 6018)
4(6028 6032 6067 6063)
4(6059 6063 6067 6061)
4(6016 6028 6063 6059)
4(6016 6018 6032 6028)
4(6063 6065 6069 6067)
4(6028 6030 6065 6063)
4(6028 6032 6034 6030)
4(6063 6064 6066 6065)
4(3664 3665 6064 6063)
4(3664 6063 6065 3666)
4(3664 3666 3667 3665)
4(6063 6064 6068 6067)
4(6059 6063 6064 6060)
4(3658 6059 6063 3664)
4(3658 3664 3665 3659)
4(3125 6028 6063 3664)
4(3111 3125 3664 3658)
4(3111 6016 6028 3125)
4(3125 6028 6030 3127)
4(3125 3127 3666 3664)
4(6027 6028 6030 6029)
4(3124 6027 6029 3126)
4(3124 3125 6028 6027)
4(3124 3126 3127 3125)
4(6027 6031 6033 6029)
4(6027 6028 6032 6031)
4(3650 4036 4037 3651)
4(3650 3651 3655 3654)
4(2056 2057 3651 3650)
4(2056 2479 2480 2057)
4(3648 3649 3651 3650)
4(2054 2056 2057 2055)
4(2054 3648 3650 2056)
4(3652 3653 3655 3654)
4(3648 3652 3654 3650)
4(3668 3669 3671 3670)
4(3652 3668 3670 3654)
4(3668 3672 3674 3670)
4(3661 3663 3670 3668)
4(3661 3665 3667 3663)
4(3137 3661 3663 3139)
4(3137 3139 3654 3652)
4(3660 3661 3663 3662)
4(3136 3137 3661 3660)
4(3136 3660 3662 3138)
4(3136 3138 3139 3137)
4(3660 3664 3666 3662)
4(3660 3661 3665 3664)
4(3121 3660 3664 3125)
4(3121 3123 3662 3660)
4(3121 3125 3127 3123)
4(3656 3660 3664 3658)
4(3109 3121 3660 3656)
4(3109 3111 3125 3121)
4(3656 3660 3661 3657)
4(3130 3656 3660 3136)
4(3130 3136 3137 3131)
4(3101 3121 3660 3136)
4(3087 3109 3121 3101)
4(3087 3101 3136 3130)
4(3101 3103 3138 3136)
4(3101 3121 3123 3103)
4(3132 3134 3138 3136)
4(3097 3101 3103 3099)
4(3097 3132 3136 3101)
4(3097 3099 3134 3132)
4(3132 3133 3137 3136)
4(3133 3135 3139 3137)
4(3132 3134 3135 3133)
4(2425 2435 2441 2429)
4(2416 2435 2441 2422)
4(2404 2416 2422 2411)
4(2411 2422 2441 2429)
4(2416 2418 2424 2422)
4(2414 2981 2982 2415)
4(1429 1936 1937 1430)
4(710 755 1940 2406)
4(710 2406 2408 712)
4(710 712 757 755)
4(2856 2862 1940 2406)
4(1359 755 1940 2862)
4(1840 710 755 1359)
4(1427 1935 1938 1433)
4(1427 1433 1436 1430)
4(1427 1430 1937 1935)
4(696 1440 1442 702)
4(696 1427 1935 1440)
4(696 702 1433 1427)
4(693 1438 1441 699)
4(693 696 1440 1438)
4(693 699 702 696)
4(2355 693 1438 2853)
4(2355 2853 2855 2361)
4(2355 2361 699 693)
4(1428 1434 1436 1430)
4(713 1431 1434 1428)
4(713 1427 1433 1431)
4(2413 2419 2421 2415)
4(1428 1434 2419 2413)
4(2413 2419 2422 2416)
4(2407 2419 2422 2411)
4(2403 2413 2419 2407)
4(2411 2412 2423 2422)
4(2407 2419 2420 2408)
4(2407 2408 2412 2411)
4(2411 2412 2430 2429)
4(2427 2428 2430 2429)
4(2409 2411 2412 2410)
4(711 1434 2419 2407)
4(704 1428 1434 711)
4(711 712 2408 2407)
4(711 1434 1435 712)
4(2405 2406 2408 2407)
4(709 711 712 710)
4(2860 2862 2863 2861)
4(1359 2862 2863 1360)
4(1357 1359 1360 1358)
4(1359 755 756 1360)
4(1355 1359 755 752)
4(1355 752 753 1356)
4(1355 1356 1360 1359)
4(706 710 755 752)
4(1839 706 752 1355)
4(706 708 754 752)
4(706 710 712 708)
4(688 226 752 706)
4(688 690 228 226)
4(688 706 708 690)
4(1337 226 752 1355)
4(1838 688 226 1337)
4(1337 226 227 1338)
4(1337 1338 1356 1355)
4(1333 1337 226 223)
4(1333 223 224 1334)
4(1333 1334 1338 1337)
4(684 223 225 686)
4(1816 1834 223 684)
4(1816 1818 1836 1834)
4(1816 684 686 1818)
4(684 223 226 688)
4(684 688 690 686)
4(1837 684 223 1333)
4(2295 1834 223 1333)
4(2681 1816 1834 2295)
4(2295 1834 1835 2296)
4(2295 2296 1334 1333)
4(1812 1831 1833 1814)
4(1794 1304 1831 1812)
4(1794 1796 1306 1304)
4(1794 1812 1814 1796)
4(1812 1831 1834 1816)
4(1812 1816 1818 1814)
4(2291 1831 1834 2295)
4(2680 1812 1831 2291)
4(2291 1831 1832 2292)
4(2291 2292 2296 2295)
4(2273 2291 1831 1304)
4(2273 1304 1305 2274)
4(2273 2274 2292 2291)
4(2679 1794 1304 2273)
4(1790 1794 1304 1301)
4(2269 1301 1304 2273)
4(2678 1790 1301 2269)
4(1790 1792 1303 1301)
4(1790 1794 1796 1792)
4(2269 2270 1302 1301)
4(1239 1240 2270 2269)
4(1239 2269 1301 178)
4(1239 178 179 1240)
4(2269 2270 2274 2273)
4(2271 2272 2274 2273)
4(2268 2270 2274 2272)
4(2267 2269 2270 2268)
4(2289 2290 2292 2291)
4(2272 2274 2292 2290)
4(2293 2294 2296 2295)
4(2290 2292 2296 2294)
4(1331 1332 1334 1333)
4(2294 2296 1334 1332)
4(1335 1336 1338 1337)
4(1332 1334 1338 1336)
4(1353 1354 1356 1355)
4(1336 1338 1356 1354)
4(1354 1356 1360 1358)
4(1354 1361 1364 1358)
4(1354 1356 1363 1361)
4(1348 1361 1364 1351)
4(1345 1354 1361 1348)
4(1349 1362 1365 1352)
4(1348 1361 1362 1349)
4(1349 1362 1865 1853)
4(1349 1853 1857 1352)
4(1330 1841 1853 1349)
4(1330 1343 1850 1841)
4(1330 1349 1362 1343)
4(1855 1856 1858 1857)
4(1851 1855 1857 1853)
4(1851 1852 1856 1855)
4(1851 1853 1854 1852)
4(2896 2897 2899 2898)
4(1347 1349 1853 1851)
4(1311 1851 1852 1312)
4(1371 1851 1852 1372)
4(611 1371 1372 612)
4(1371 1851 1853 1841)
4(1371 1841 1842 1372)
4(1328 1330 1841 1371)
4(1327 1330 1841 1369)
4(1367 1369 1841 1371)
4(1325 1327 1369 1367)
4(1327 1340 1849 1369)
4(1327 1330 1343 1340)
4(2288 2763 1369 1327)
4(2288 2301 2772 2763)
4(2288 1327 1340 2301)
4(1367 1368 1372 1371)
4(1367 1369 1370 1368)
4(609 1367 1368 610)
4(2761 1367 1368 2762)
4(2249 2761 2762 2250)
4(2761 1367 1369 2763)
4(2761 2763 2764 2762)
4(2286 2288 2763 2761)
4(1336 1354 1361 1342)
4(1324 1336 1342 1329)
4(1329 1342 1361 1348)
4(1336 1338 1344 1342)
4(1332 1339 1342 1336)
4(1332 1334 1341 1339)
4(1326 1339 1342 1329)
4(1323 1332 1339 1326)
4(1329 1330 1343 1342)
4(1326 1339 1340 1327)
4(2294 1332 1339 2300)
4(2287 2300 1339 1326)
4(2282 2294 2300 2287)
4(2294 2296 2302 2300)
4(2290 2297 2300 2294)
4(2290 2292 2299 2297)
4(2285 2298 2771 2759)
4(2285 2759 2763 2288)
4(2285 2288 2301 2298)
4(2266 2279 2756 2309)
4(2266 2309 2759 2285)
4(2266 2285 2298 2279)
4(2757 2758 2760 2759)
4(2308 2310 2760 2758)
4(2307 2308 2758 2757)
4(2307 2757 2759 2309)
4(2307 2309 2310 2308)
4(2758 2760 2764 2762)
4(2757 2758 2762 2761)
4(2757 2761 2763 2759)
4(2758 2765 2768 2762)
4(2758 2760 2767 2765)
4(2248 2758 2765 2253)
4(2248 2250 2762 2758)
4(2308 2758 2765 2752)
4(1783 2752 2765 2253)
4(1776 2308 2752 1783)
4(1776 2248 2758 2308)
4(2308 2310 2754 2752)
4(2304 2306 2751 2749)
4(2304 2749 2752 2308)
4(2304 2308 2310 2306)
4(2263 2276 2755 2305)
4(2263 2305 2309 2266)
4(2263 2266 2279 2276)
4(1232 1269 2305 2263)
4(1232 2263 2276 1245)
4(1232 1245 1278 1269)
4(3359 3361 3365 3363)
4(3358 3360 3361 3359)
4(3366 3368 3372 3370)
4(3359 3366 3370 3363)
4(3359 3361 3368 3366)
4(3366 3367 3371 3370)
4(3366 3368 3369 3367)
4(2797 3356 3370 3366)
4(2797 3366 3367 2798)
4(2795 3359 3366 2797)
4(2784 3359 3366 2791)
4(2777 2791 3366 2797)
4(2774 2784 2791 2777)
4(2791 2793 3368 3366)
4(2784 2786 2793 2791)
4(2784 3359 3361 2786)
4(2792 2794 3369 3367)
4(2791 2792 3367 3366)
4(2791 2793 2794 2792)
4(2792 3386 3404 3367)
4(2792 2794 3388 3386)
4(2778 2792 3386 3376)
4(2778 2798 3367 2792)
4(3374 3376 3386 3382)
4(3374 3382 3383 3375)
4(2788 2792 3386 3382)
4(2776 2788 3382 3374)
4(2776 2778 2792 2788)
4(2788 2790 3384 3382)
4(2788 2792 2794 2790)
4(118 155 3382 2788)
4(118 2788 2790 120)
4(118 120 157 155)
4(145 155 3382 3374)
4(104 2776 2788 118)
4(104 118 155 145)
4(145 155 156 146)
4(2777 2791 2792 2778)
4(2787 2791 2792 2788)
4(2775 2777 2791 2787)
4(2775 2787 2788 2776)
4(2787 2791 2793 2789)
4(2787 2789 2790 2788)
4(2780 2784 2786 2782)
4(2780 2787 2791 2784)
4(2780 2782 2789 2787)
4(3833 111 523 4378)
4(3829 3833 4378 4375)
4(3829 4375 522 107)
4(3829 107 111 3833)
4(531 2781 3418 1256)
4(3833 531 1256 4378)
4(3833 111 2781 531)
4(535 2785 3419 1259)
4(531 2781 2785 535)
4(531 535 1259 1256)
4(535 2785 3360 543)
4(535 543 1272 1259)
4(2783 2785 3360 3358)
4(533 535 2785 2783)
4(533 541 543 535)
4(2783 2785 2786 2784)
4(2779 2781 2785 2783)
4(529 533 535 531)
4(529 531 2781 2779)
4(2779 2781 2782 2780)
4(2773 2780 2787 2775)
4(110 2780 2787 117)
4(103 117 2787 2775)
4(100 110 117 103)
4(117 119 2789 2787)
4(110 112 119 117)
4(110 2780 2782 112)
4(117 118 2788 2787)
4(117 119 120 118)
4(103 117 118 104)
4(1783 2253 2254 1784)
4(1781 1783 1784 1782)
4(1783 2752 2753 1784)
4(1779 1783 2752 2749)
4(1779 2749 2750 1780)
4(1779 1780 1784 1783)
4(1268 1274 2749 2304)
4(1268 2304 2306 1270)
4(1268 1270 1276 1274)
4(1774 1779 2749 2304)
4(539 1774 2304 1268)
4(546 1274 2749 1779)
4(539 1268 1274 546)
4(1774 1776 2308 2304)
4(1775 1776 2308 2307)
4(2303 2307 2308 2304)
4(1773 2303 2304 1774)
4(2247 2248 2758 2757)
4(2283 2285 2759 2757)
4(2264 2266 2309 2307)
4(2303 2305 2309 2307)
4(2261 2263 2305 2303)
4(2303 2305 2306 2304)
4(1267 2303 2305 1269)
4(1267 1268 2304 2303)
4(1267 1269 1270 1268)
4(1230 1232 1269 1267)
4(538 1267 1268 539)
4(2287 2300 2301 2288)
4(2284 2287 2300 2297)
4(2284 2297 2298 2285)
4(2281 2290 2297 2284)
4(2272 2290 2297 2278)
4(2265 2278 2297 2284)
4(2260 2272 2278 2265)
4(2272 2274 2280 2278)
4(2265 2278 2279 2266)
4(2268 2272 2278 2275)
4(2262 2275 2278 2265)
4(2259 2268 2275 2262)
4(2268 2270 2277 2275)
4(2262 2275 2276 2263)
4(1231 2262 2275 1244)
4(1231 1244 1245 1232)
4(1238 1244 2275 2268)
4(1238 2268 2270 1240)
4(1238 1240 1246 1244)
4(1226 1238 1244 1231)
4(1237 1239 1240 1238)
4(594 596 180 178)
4(594 178 1301 1790)
4(594 1790 1792 596)
4(590 175 178 594)
4(590 594 596 592)
4(590 592 177 175)
4(1772 1239 178 594)
4(1771 590 175 1235)
4(1235 175 178 1239)
4(1426 1934 1935 1427)
4(695 1439 1440 696)
4(692 1437 1438 693)
4(2354 2852 2853 2355)
4(1821 2851 2854 2358)
4(1821 2355 2853 2851)
4(1821 2358 2361 2355)
4(1802 1821 2851 2365)
4(1802 2365 2367 1808)
4(1802 1808 2358 1821)
4(1820 2850 2851 1821)
4(1801 2364 2365 1802)
4(1799 2363 2366 1805)
4(1799 1802 2365 2363)
4(1799 1805 1808 1802)
4(602 1799 2363 1298)
4(602 1298 1300 608)
4(602 608 1805 1799)
4(1798 1799 2363 2362)
4(601 1297 1298 602)
4(599 1296 1299 605)
4(599 602 1298 1296)
4(599 605 608 602)
4(580 1292 1294 586)
4(580 599 1296 1292)
4(580 586 605 599)
4(577 1290 1293 583)
4(577 580 1292 1290)
4(577 583 586 580)
4(3885 577 1290 4472)
4(3885 4472 4476 3891)
4(3885 3891 583 577)
4(576 577 1290 1289)
4(3884 4471 4472 3885)
4(579 580 1292 1291)
4(598 599 1296 1295)
4(4469 4473 4474 4470)
4(4467 4469 4470 4468)
4(4467 4471 4473 4469)
4(4467 4468 4472 4471)
4(4469 4473 4480 4477)
4(4469 4477 4478 4470)
4(3903 2352 2848 4466)
4(3903 4449 2846 2352)
4(3903 4466 4479 4449)
4(3899 2350 2847 4463)
4(3899 3903 2352 2350)
4(3899 4463 4466 3903)
4(2828 3899 2350 1286)
4(2828 1286 1786 3435)
4(2828 3435 4463 3899)
4(3898 3899 2350 2349)
4(2827 1285 1286 2828)
4(2827 2828 3899 3898)
4(3902 3903 2352 2351)
4(3898 3899 3903 3902)
4(3902 3903 4449 4448)
4(2824 1284 1785 3432)
4(2824 3432 3435 2828)
4(2824 2828 1286 1284)
4(2816 2844 3432 2824)
4(2816 1282 1288 2844)
4(2816 2824 1284 1282)
4(3901 4464 4477 4447)
4(3901 3903 4466 4464)
4(3901 4447 4449 3903)
4(4443 4447 4477 4469)
4(4443 4469 4473 4445)
4(4457 4464 4477 4469)
4(3895 4457 4469 4443)
4(3895 3901 4464 4457)
4(4457 4458 4470 4469)
4(4457 4464 4465 4458)
4(4455 4467 4469 4457)
4(4455 4456 4468 4467)
4(4455 4457 4458 4456)
4(3882 4468 4475 3888)
4(3882 3888 3891 3885)
4(3882 3885 4472 4468)
4(3863 4456 4460 3869)
4(3863 3869 3888 3882)
4(3863 3882 4468 4456)
4(3860 3863 4456 4452)
4(3860 4452 4459 3866)
4(3860 3866 3869 3863)
4(1229 1242 1277 1265)
4(1229 1265 1269 1232)
4(1229 1232 1245 1242)
4(555 1253 1265 1229)
4(555 1223 1262 1253)
4(555 1229 1242 1223)
4(1227 1263 1265 1229)
4(1251 1253 1265 1263)
4(553 555 1253 1251)
4(1263 1265 1269 1267)
4(1264 1266 1270 1268)
4(1263 1264 1268 1267)
4(1263 1265 1266 1264)
4(1264 1271 1274 1268)
4(1264 1266 1273 1271)
4(546 547 1275 1274)
4(542 546 1274 1271)
4(542 1271 1272 543)
4(542 543 547 546)
4(546 547 1780 1779)
4(1777 1778 1780 1779)
4(544 546 547 545)
4(537 1264 1271 542)
4(537 539 1268 1264)
4(1252 1264 1271 1258)
4(534 1258 1271 542)
4(527 1252 1258 534)
4(527 537 1264 1252)
4(1252 1254 1260 1258)
4(1252 1264 1266 1254)
4(534 1258 1259 535)
4(534 535 543 542)
4(530 534 1258 1255)
4(530 1255 1256 531)
4(530 531 535 534)
4(1248 1255 1258 1252)
4(1248 1250 1257 1255)
4(1248 1252 1254 1250)
4(525 1248 1255 530)
4(525 527 1252 1248)
4(4371 1248 1255 4377)
4(3832 4377 1255 530)
4(3825 525 1248 4371)
4(3825 4371 4377 3832)
4(4371 1248 1250 4373)
4(4371 4373 4379 4377)
4(3832 3833 531 530)
4(3832 4377 4378 3833)
4(528 529 531 530)
4(3831 3833 531 529)
4(3830 3832 3833 3831)
4(532 533 535 534)
4(540 541 543 542)
4(536 1263 1264 537)
4(1251 1263 1264 1252)
4(526 1251 1252 527)
4(1251 1253 1254 1252)
4(1247 1251 1253 1249)
4(1247 1249 1250 1248)
4(1247 1248 1252 1251)
4(552 555 1253 1249)
4(550 552 1249 1247)
4(552 565 1261 1249)
4(552 555 1223 565)
4(4335 4372 1249 552)
4(4335 552 565 4348)
4(4335 4348 4381 4372)
4(4370 4372 1249 1247)
4(4333 4335 4372 4370)
4(4370 4371 1248 1247)
4(4370 4372 4373 4371)
4(524 525 1248 1247)
4(3824 4370 4371 3825)
4(707 1431 1434 711)
4(703 713 1431 707)
4(707 1431 1432 708)
4(707 708 712 711)
4(689 707 1431 700)
4(689 690 708 707)
4(689 700 701 690)
4(694 713 1431 700)
4(682 694 700 689)
4(694 696 702 700)
4(705 706 708 707)
4(687 689 690 688)
4(685 689 690 686)
4(683 685 686 684)
4(685 689 700 697)
4(685 697 698 686)
4(691 694 700 697)
4(681 691 697 685)
4(691 693 699 697)
4(2353 2359 697 691)
4(2353 2355 2361 2359)
4(1817 2359 697 685)
4(1810 2353 2359 1817)
4(1817 1818 686 685)
4(1817 2359 2360 1818)
4(1815 1817 1818 1816)
4(1819 2356 2359 2353)
4(1819 1821 2358 2356)
4(1813 1817 2359 2356)
4(1813 2356 2357 1814)
4(1813 1814 1818 1817)
4(1809 1819 2356 1813)
4(1800 1819 2356 1806)
4(1795 1806 2356 1813)
4(1788 1800 1806 1795)
4(1800 1802 1808 1806)
4(1795 1796 1814 1813)
4(1795 1806 1807 1796)
4(1811 1812 1814 1813)
4(1793 1795 1796 1794)
4(1797 1803 1806 1800)
4(1797 1799 1805 1803)
4(1791 1795 1806 1803)
4(1791 1803 1804 1792)
4(1791 1792 1796 1795)
4(1787 1797 1803 1791)
4(600 1797 1803 606)
4(595 606 1803 1791)
4(588 600 606 595)
4(600 602 608 606)
4(595 596 1792 1791)
4(595 606 607 596)
4(1789 1790 1792 1791)
4(593 595 596 594)
4(597 603 606 600)
4(597 599 605 603)
4(591 595 606 603)
4(591 603 604 592)
4(591 592 596 595)
4(587 597 603 591)
4(578 597 603 584)
4(573 584 603 591)
4(168 578 584 573)
4(578 580 586 584)
4(573 574 592 591)
4(573 584 585 574)
4(589 590 592 591)
4(572 574 592 590)
4(571 573 574 572)
4(572 590 175 172)
4(1221 572 172 562)
4(562 172 175 1235)
4(572 574 174 172)
4(568 169 172 572)
4(568 570 171 169)
4(568 572 574 570)
4(558 169 172 562)
4(1220 568 169 558)
4(562 563 173 172)
4(558 169 170 559)
4(558 559 563 562)
4(1235 1236 176 175)
4(562 563 1236 1235)
4(1235 1236 1240 1239)
4(1234 1236 1240 1238)
4(1233 1235 1236 1234)
4(1234 1241 1244 1238)
4(1234 1236 1243 1241)
4(1228 1231 1244 1241)
4(1228 1241 1242 1229)
4(1225 1234 1241 1228)
4(561 1234 1241 1222)
4(554 1222 1241 1228)
4(549 561 1222 554)
4(561 1234 1236 563)
4(561 563 1224 1222)
4(554 1222 1223 555)
4(6035 6043 6047 6037)
4(5219 5231 6043 6035)
4(5219 5221 5234 5231)
4(6043 6044 6048 6047)
4(6043 6045 6046 6044)
4(6035 6043 6044 6036)
4(6023 6043 6044 6024)
4(6013 6035 6043 6023)
4(6013 6023 6024 6014)
4(6023 6025 6026 6024)
4(4796 5212 6023 6013)
4(4796 5219 5231 5212)
4(6020 6024 6031 6027)
4(6012 6020 6027 6015)
4(6015 6027 6031 6017)
4(6012 6014 6024 6020)
4(6020 6022 6029 6027)
4(6020 6024 6026 6022)
4(3117 3124 6027 6020)
4(3117 3119 3126 3124)
4(3117 6020 6022 3119)
4(3110 3124 6027 6015)
4(3107 3117 3124 3110)
4(3107 6012 6020 3117)
4(6015 6016 6028 6027)
4(3110 3124 3125 3111)
4(2051 2053 4529 4528)
4(2051 2055 2057 2053)
4(2035 2037 4048 4047)
4(2035 2051 2053 2037)
4(2031 2033 4045 4044)
4(2031 2035 2037 2033)
4(345 2031 2033 347)
4(345 347 1561 1560)
4(2030 2031 2033 2032)
4(346 2032 2033 347)
4(344 2030 2032 346)
4(344 346 347 345)
4(2034 2035 2037 2036)
4(2032 2036 2037 2033)
4(2030 2034 2036 2032)
4(2050 2051 2053 2052)
4(2036 2052 2053 2037)
4(2034 2050 2052 2036)
4(2052 2056 2057 2053)
4(2050 2054 2056 2052)
4(2052 2477 2478 2053)
4(2036 2475 2476 2037)
4(2032 2473 2474 2033)
4(346 914 915 347)
4(343 913 915 347)
4(342 912 913 343)
4(342 343 347 346)
4(1988 1989 1993 1992)
4(1988 1990 1991 1989)
4(1558 1561 1992 1988)
4(1558 1988 1989 1559)
4(343 913 1988 1558)
4(343 1558 1561 347)
4(920 1980 1988 1558)
4(6002 920 1558 343)
4(6002 351 1980 920)
4(6002 343 913 351)
4(1980 1988 1989 1981)
4(921 1981 1989 1559)
4(920 1980 1981 921)
4(1980 1982 1983 1981)
4(1977 1979 1983 1981)
4(1976 1977 1981 1980)
4(1977 1984 1986 1981)
4(921 1556 1986 1981)
4(918 921 1981 1977)
4(341 343 1558 1557)
4(341 345 347 343)
4(6000 341 343 6002)
4(6000 6002 920 919)
4(917 920 1980 1976)
4(5998 6002 351 349)
4(5998 917 920 6002)
4(6001 350 351 6002)
4(6001 6002 343 342)
4(5997 5998 6002 6001)
4(3093 3100 3102 3095)
4(3096 3098 3102 3100)
4(3089 3093 3095 3091)
4(3089 3091 3098 3096)
4(3089 3096 3100 3093)
4(3113 3120 3122 3115)
4(3093 3100 3120 3113)
4(3100 3102 3122 3120)
4(3093 3113 3115 3095)
4(3120 3122 3126 3124)
4(3113 3120 3124 3117)
4(3113 3117 3119 3115)
4(3120 3121 3125 3124)
4(3120 3122 3123 3121)
4(3108 3110 3124 3120)
4(3108 3120 3121 3109)
4(3105 3113 3120 3108)
4(3105 3107 3117 3113)
4(3086 3100 3120 3108)
4(3083 3105 3113 3093)
4(3083 3093 3100 3086)
4(3100 3120 3121 3101)
4(3086 3100 3101 3087)
4(3100 3102 3103 3101)
4(3096 3097 3101 3100)
4(3096 3098 3099 3097)
4(3085 3097 3101 3087)
4(3084 3096 3097 3085)
4(3084 3086 3100 3096)
4(3128 3132 3136 3130)
4(3085 3097 3132 3128)
4(3128 3132 3133 3129)
4(3133 3135 3650 3648)
4(2047 2049 2056 2054)
4(2047 3133 3135 2049)
4(6011 6019 6023 6013)
4(4794 4806 6019 6011)
4(4794 4796 5212 4806)
4(6019 6020 6024 6023)
4(6019 6021 6022 6020)
4(6011 6019 6020 6012)
4(3116 6019 6020 3117)
4(3106 6011 6019 3116)
4(3106 3116 3117 3107)
4(3116 3118 3119 3117)
4(3785 3798 3116 3106)
4(3785 4794 4806 3798)
4(2043 2045 2052 2050)
4(2043 2047 2049 2045)
4(2027 2043 2045 2029)
4(2027 2029 2036 2034)
4(2046 3132 3133 2047)
4(2040 3128 3132 2046)
4(2040 2046 2047 2041)
4(2046 3132 3134 2048)
4(2046 2048 2049 2047)
4(2015 2046 3132 3097)
4(2015 3097 3099 2017)
4(2015 2017 2048 2046)
4(2001 3085 3097 2015)
4(2001 2015 2046 2040)
4(3112 3116 3117 3113)
4(3104 3106 3116 3112)
4(3104 3112 3113 3105)
4(3112 3114 3115 3113)
4(3783 3795 3112 3104)
4(3783 3785 3798 3795)
4(3082 3092 3112 3104)
4(3293 3776 3092 3082)
4(3293 3783 3795 3776)
4(3092 3093 3113 3112)
4(3092 3094 3095 3093)
4(3082 3092 3093 3083)
4(3088 3092 3093 3089)
4(3081 3089 3093 3083)
4(3080 3082 3092 3088)
4(3080 3088 3089 3081)
4(3088 3090 3091 3089)
4(2007 2009 3091 3089)
4(2006 2007 3089 3088)
4(2006 2008 2009 2007)
4(2014 2016 3098 3096)
4(2007 2014 3096 3089)
4(2007 2009 2016 2014)
4(2014 2015 3097 3096)
4(2014 2016 2017 2015)
4(2000 3084 3096 2014)
4(2000 2014 2015 2001)
4(3081 3084 3096 3089)
4(1592 2007 2014 2000)
4(1592 3081 3089 2007)
4(2010 2014 2015 2011)
4(1594 2011 2015 2001)
4(1593 2000 2014 2010)
4(1593 2010 2011 1594)
4(2011 2013 2017 2015)
4(2010 2014 2016 2012)
4(2010 2012 2013 2011)
4(2042 2044 2048 2046)
4(2011 2042 2046 2015)
4(2011 2013 2044 2042)
4(2042 2043 2047 2046)
4(2042 2044 2045 2043)
4(2038 2040 2046 2042)
4(2038 2042 2043 2039)
4(1594 2011 2042 2038)
4(1586 2011 2042 2026)
4(2020 2026 2042 2038)
4(1572 1586 2026 2020)
4(1572 1594 2011 1586)
4(2026 2028 2044 2042)
4(1586 1588 2028 2026)
4(1586 2011 2013 1588)
4(2026 2027 2043 2042)
4(2026 2028 2029 2027)
4(2020 2026 2027 2021)
4(1582 1586 2026 2022)
4(1570 1582 2022 2018)
4(2018 2022 2026 2020)
4(1570 1572 1586 1582)
4(2022 2024 2028 2026)
4(1582 1584 2024 2022)
4(1582 1586 1588 1584)
4(2023 2025 2029 2027)
4(2022 2024 2025 2023)
4(2022 2023 2027 2026)
4(2023 2025 2032 2030)
4(337 2023 2025 339)
4(337 339 346 344)
4(336 2022 2024 338)
4(336 337 2023 2022)
4(336 338 339 337)
4(5980 336 2022 1582)
4(5980 1582 1584 5982)
4(5980 5982 338 336)
4(6005 336 2022 2018)
4(5966 1570 1582 5980)
4(5966 5980 336 6005)
4(2018 2019 2023 2022)
4(6005 336 337 6006)
4(2003 2007 2014 2010)
4(1590 1592 2007 2003)
4(1590 2003 2010 1593)
4(2003 2005 2012 2010)
4(2003 2007 2009 2005)
4(1578 2003 2005 1580)
4(1578 1585 2010 2003)
4(1585 1587 2012 2010)
4(1578 1580 1587 1585)
4(3291 3080 3088 3773)
4(1591 2006 3088 3080)
4(2182 2195 2006 1591)
4(2182 3291 3773 2195)
4(3291 3293 3776 3773)
4(1591 2006 2007 1592)
4(2002 2006 2007 2003)
4(1589 2002 2003 1590)
4(1589 1591 2006 2002)
4(2002 2004 2005 2003)
4(1577 1578 2003 2002)
4(1577 1579 1580 1578)
4(1568 1578 2003 1590)
4(1567 1577 1578 1568)
4(1567 1589 2002 1577)
4(1571 1585 2010 1593)
4(1568 1578 1585 1571)
4(1585 2010 2011 1586)
4(1571 1585 1586 1572)
4(1585 1587 1588 1586)
4(1581 1585 1587 1583)
4(1581 1582 1586 1585)
4(1581 1583 1584 1582)
4(1574 1581 1585 1578)
4(1574 1576 1583 1581)
4(1574 1578 1580 1576)
4(1569 1581 1585 1571)
4(1566 1574 1581 1569)
4(1566 1568 1578 1574)
4(1569 1581 1582 1570)
4(5979 1581 1582 5980)
4(5965 1569 1581 5979)
4(5965 5979 5980 5966)
4(5979 1581 1583 5981)
4(5979 5981 5982 5980)
4(5972 5979 1581 1574)
4(5972 1574 1576 5974)
4(5972 5974 5981 5979)
4(5962 1566 1574 5972)
4(5962 5972 5979 5965)
4(1565 1566 1574 1573)
4(5971 1573 1574 5972)
4(5961 1565 1573 5971)
4(5961 5971 5972 5962)
4(1573 1577 1578 1574)
4(1565 1567 1577 1573)
4(1573 1575 1576 1574)
4(5971 5973 5974 5972)
4(5968 5970 5974 5972)
4(5967 5969 5970 5968)
4(5967 5968 5972 5971)
4(5992 5999 6001 5994)
4(5995 5997 6001 5999)
4(5988 5992 5994 5990)
4(333 340 342 335)
4(5999 6001 342 340)
4(5992 333 335 5994)
4(340 342 346 344)
4(333 337 339 335)
4(340 342 343 341)
4(5999 6001 6002 6000)
4(5996 5998 6002 6000)
4(134 152 159 140)
4(124 144 152 134)
4(124 134 140 127)
4(134 152 154 136)
4(134 136 142 140)
4(151 152 154 153)
4(133 134 152 151)
4(133 151 153 135)
4(133 135 136 134)
4(151 155 157 153)
4(151 152 156 155)
4(114 151 155 118)
4(114 116 153 151)
4(114 118 120 116)
4(143 151 155 145)
4(102 114 151 143)
4(102 104 118 114)
4(143 151 152 144)
4(123 143 151 133)
4(123 133 134 124)
4(5714 114 151 133)
4(5700 5714 133 123)
4(5700 102 114 5714)
4(5714 5716 135 133)
4(5714 114 116 5716)
4(129 131 135 133)
4(5710 5712 131 129)
4(5710 129 133 5714)
4(5710 5714 5716 5712)
4(130 132 136 134)
4(129 131 132 130)
4(129 130 134 133)
4(130 137 140 134)
4(130 132 139 137)
4(125 137 140 127)
4(122 130 137 125)
4(122 124 134 130)
4(125 137 138 126)
4(5220 125 137 5233)
4(5220 5233 5234 5221)
4(5227 130 137 5233)
4(5217 122 130 5227)
4(5217 5227 5233 5220)
4(5227 130 132 5229)
4(5227 5229 5235 5233)
4(5226 129 131 5228)
4(5226 5227 130 129)
4(5226 5228 5229 5227)
4(4786 5226 129 5710)
4(4786 4788 5228 5226)
4(4786 5710 5712 4788)
4(5698 121 129 5710)
4(5216 5226 129 121)
4(4772 4786 5226 5216)
4(4772 5698 5710 4786)
4(121 129 133 123)
4(5698 5700 5714 5710)
4(121 129 130 122)
4(5216 5226 5227 5217)
4(113 117 118 114)
4(101 103 117 113)
4(101 113 114 102)
4(113 117 119 115)
4(113 115 116 114)
4(106 113 117 110)
4(106 108 115 113)
4(106 110 112 108)
4(5717 106 113 101)
4(5706 106 113 5713)
4(5699 5713 113 101)
4(5696 5706 5713 5699)
4(5713 5715 115 113)
4(5706 5708 5715 5713)
4(5706 106 108 5708)
4(5713 5714 114 113)
4(5713 5715 5716 5714)
4(5699 5713 5714 5700)
4(5709 5713 5714 5710)
4(5697 5699 5713 5709)
4(5697 5709 5710 5698)
4(5709 5713 5715 5711)
4(5709 5711 5712 5710)
4(5702 5709 5713 5706)
4(5702 5704 5711 5709)
4(5702 5706 5708 5704)
4(4367 4374 4376 4369)
4(4355 4367 4369 4357)
4(4355 4361 4374 4367)
4(4355 4357 4363 4361)
4(4367 4374 4377 4371)
4(4367 4371 4373 4369)
4(3828 4374 4377 3832)
4(3823 3825 4371 4367)
4(3823 4367 4374 3828)
4(3828 4374 4375 3829)
4(3828 3829 3833 3832)
4(3821 4362 4375 3829)
4(3820 3828 4374 4361)
4(3820 4361 4362 3821)
4(3820 3821 3829 3828)
4(3821 4362 166 5707)
4(3821 5707 107 3829)
4(3817 4359 165 5703)
4(3817 5703 5707 3821)
4(3817 3821 4362 4359)
4(2693 3352 5239 4779)
4(2693 4779 5703 3817)
4(2693 3817 4359 3352)
4(5223 5225 5229 5227)
4(5222 5223 5227 5226)
4(5222 5226 5228 5224)
4(5222 5224 5225 5223)
4(5223 5230 5233 5227)
4(5223 5225 5232 5230)
4(5218 5220 5233 5230)
4(5218 5230 5231 5219)
4(5215 5223 5230 5218)
4(5215 5217 5227 5223)
4(4802 5223 5230 5211)
4(4795 5211 5230 5218)
4(4792 5215 5223 4802)
4(4792 4802 5211 4795)
4(4802 5223 5225 4804)
4(4802 4804 5213 5211)
4(4795 5211 5212 4796)
4(5214 5216 5226 5222)
4(5214 5222 5223 5215)
4(4782 4786 5226 5222)
4(4770 4782 5222 5214)
4(4770 4772 4786 4782)
4(4782 4784 5224 5222)
4(4782 4786 4788 4784)
4(4801 4803 5224 5222)
4(4764 4801 5222 4782)
4(4764 4766 4803 4801)
4(4764 4782 4784 4766)
4(4801 4802 5223 5222)
4(4801 4803 4804 4802)
4(4791 5214 5222 4801)
4(4791 4801 4802 4792)
4(4750 4764 4801 4791)
4(4750 4770 4782 4764)
4(4760 4764 4801 4797)
4(4789 4797 4801 4791)
4(4748 4760 4797 4789)
4(4748 4750 4764 4760)
4(4797 4799 4803 4801)
4(4760 4762 4799 4797)
4(4760 4764 4766 4762)
4(4798 4800 4804 4802)
4(4797 4798 4802 4801)
4(4797 4799 4800 4798)
4(4798 4805 5211 4802)
4(4798 4800 4807 4805)
4(4793 4795 5211 4805)
4(4793 4805 4806 4794)
4(4790 4798 4805 4793)
4(4790 4792 4802 4798)
4(3791 4798 4805 3797)
4(3784 3797 4805 4793)
4(3781 4790 4798 3791)
4(3781 3791 3797 3784)
4(3791 4798 4800 3793)
4(3791 3793 3799 3797)
4(3784 3797 3798 3785)
4(4789 4797 4798 4790)
4(3790 4797 4798 3791)
4(3780 4789 4797 3790)
4(3780 3790 3791 3781)
4(3790 4797 4799 3792)
4(3790 3792 3793 3791)
4(3283 3790 4797 4760)
4(3283 4760 4762 3285)
4(3283 3285 3792 3790)
4(3269 4748 4760 3283)
4(3269 3283 3790 3780)
4(109 111 2781 2779)
4(3831 3833 111 109)
4(109 111 112 110)
4(105 109 111 107)
4(105 107 108 106)
4(3827 3829 107 105)
4(3827 3831 3833 3829)
4(5705 5707 107 105)
4(3819 3821 5707 5705)
4(3819 3827 3829 3821)
4(5705 5707 5708 5706)
4(5695 5702 5709 5697)
4(4778 5702 5709 4785)
4(4771 4785 5709 5697)
4(4768 4778 4785 4771)
4(4785 4787 5711 5709)
4(4778 4780 4787 4785)
4(4778 5702 5704 4780)
4(4785 4786 5710 5709)
4(4785 4787 4788 4786)
4(4771 4785 4786 4772)
4(4781 4785 4786 4782)
4(4769 4771 4785 4781)
4(4769 4781 4782 4770)
4(4781 4785 4787 4783)
4(4781 4783 4784 4782)
4(4774 4781 4785 4778)
4(4774 4776 4783 4781)
4(4774 4778 4780 4776)
4(4767 4774 4781 4769)
4(4756 4774 4781 4763)
4(4749 4763 4781 4769)
4(4746 4756 4763 4749)
4(4763 4765 4783 4781)
4(4756 4774 4776 4758)
4(4756 4758 4765 4763)
4(2689 3349 5238 4775)
4(2689 4775 4779 2693)
4(2689 2693 3352 3349)
4(2246 3336 5237 4757)
4(2246 4757 4775 2689)
4(2246 2689 3349 3336)
4(2242 2747 5236 4753)
4(2242 4753 4757 2246)
4(2242 2246 3336 2747)
4(4763 4764 4782 4781)
4(4763 4765 4766 4764)
4(4749 4763 4764 4750)
4(5701 5705 5707 5703)
4(5701 5703 5704 5702)
4(3815 3817 5703 5701)
4(3815 3819 3821 3817)
4(4777 4779 5703 5701)
4(2691 2693 4779 4777)
4(2691 3815 3817 2693)
4(4777 4779 4780 4778)
4(4773 4777 4779 4775)
4(4773 4775 4776 4774)
4(2687 2689 4775 4773)
4(2687 2691 2693 2689)
4(4755 4757 4775 4773)
4(2244 2246 4757 4755)
4(2244 2687 2689 2246)
4(4755 4757 4758 4756)
4(4752 4754 4758 4756)
4(4751 4753 4754 4752)
4(4751 4755 4757 4753)
4(4759 4760 4762 4761)
4(3282 3283 4760 4759)
4(3282 4759 4761 3284)
4(3282 3284 3285 3283)
4(4759 4763 4765 4761)
4(4759 4760 4764 4763)
4(4752 4759 4763 4756)
4(4752 4754 4761 4759)
4(4747 4759 4763 4749)
4(4745 4752 4759 4747)
4(4747 4759 4760 4748)
4(3268 4747 4759 3282)
4(3268 3282 3283 3269)
4(3275 4752 4759 3282)
4(3265 3275 3282 3268)
4(3275 4752 4754 3277)
4(3275 3277 3284 3282)
4(3274 4751 4753 3276)
4(3274 3276 3277 3275)
4(1086 3276 4753 2242)
4(1086 1698 3803 3276)
4(1086 2242 2747 1698)
4(2240 4751 4753 2242)
4(1084 1086 3276 3274)
4(1084 2240 2242 1086)
4(2240 2244 2246 2242)
4(5985 5986 5992 5991)
4(5987 5991 5992 5988)
4(5983 5985 5991 5987)
4(6003 6004 333 332)
4(5985 6003 332 5991)
4(5991 332 333 5992)
4(332 336 337 333)
4(6003 6005 336 332)
4(332 336 338 334)
4(332 334 335 333)
4(5976 332 336 5980)
4(5976 5978 334 332)
4(5976 5980 5982 5978)
4(5964 5976 332 6003)
4(5964 5966 5980 5976)
4(5956 5976 332 5991)
4(5942 5956 5991 5985)
4(5942 5964 5976 5956)
4(5991 5993 334 332)
4(5956 5958 5993 5991)
4(5956 5976 5978 5958)
4(5991 5993 5994 5992)
4(5987 5991 5993 5989)
4(5952 5987 5991 5956)
4(5952 5956 5958 5954)
4(5495 5942 5956 5952)
4(2180 2192 2002 1589)
4(2180 2182 2195 2192)
4(2160 2173 1577 1567)
4(2160 2180 2192 2173)
4(2158 2170 1573 1565)
4(2158 2160 2173 2170)
4(5196 5209 5971 5961)
4(5196 2158 2170 5209)
4(5194 5196 5209 5206)
4(5194 5206 5967 5959)
4(5959 5967 5971 5961)
4(5955 5956 5958 5957)
4(5951 5955 5957 5953)
4(5951 5952 5956 5955)
4(5975 5976 5978 5977)
4(5955 5956 5976 5975)
4(5955 5975 5977 5957)
4(5975 5979 5981 5977)
4(5975 5976 5980 5979)
4(5968 5975 5979 5972)
4(5968 5970 5977 5975)
4(5963 5975 5979 5965)
4(5960 5968 5975 5963)
4(5960 5962 5972 5968)
4(5963 5975 5976 5964)
4(5941 5963 5975 5955)
4(5941 5955 5956 5942)
4(5948 5968 5975 5955)
4(5493 5948 5955 5941)
4(5493 5960 5968 5948)
4(5948 5968 5970 5950)
4(5948 5950 5957 5955)
4(5947 5949 5950 5948)
4(5947 5948 5968 5967)
4(5944 5946 5950 5948)
4(5943 5944 5948 5947)
4(5944 5951 5955 5948)
4(5494 5951 5955 5941)
4(5491 5493 5948 5944)
4(3786 3790 3791 3787)
4(3779 3787 3791 3781)
4(3778 3786 3787 3779)
4(3778 3780 3790 3786)
4(3786 3788 3789 3787)
4(3787 3789 3793 3791)
4(3786 3790 3792 3788)
4(3764 3765 3767 3766)
4(2188 2190 3767 3765)
4(2187 2188 3765 3764)
4(2187 3764 3766 2189)
4(2187 2189 2190 2188)
4(3768 3769 3771 3770)
4(3765 3767 3771 3769)
4(3764 3765 3769 3768)
4(3764 3768 3770 3766)
4(3769 3771 3789 3787)
4(3768 3769 3787 3786)
4(3768 3786 3788 3770)
4(3787 3794 3796 3789)
4(3769 3775 3794 3787)
4(3769 3771 3777 3775)
4(3787 3794 3797 3791)
4(3782 3784 3797 3794)
4(3782 3794 3795 3783)
4(3779 3787 3794 3782)
4(3292 3775 3794 3782)
4(3289 3769 3775 3292)
4(3289 3779 3787 3769)
4(3292 3775 3776 3293)
4(3765 3772 3775 3769)
4(3765 3767 3774 3772)
4(3290 3772 3775 3292)
4(3287 3765 3772 3290)
4(3287 3289 3769 3765)
4(3290 3772 3773 3291)
4(2181 3290 3772 2194)
4(2181 2194 2195 2182)
4(2188 2194 3772 3765)
4(2188 2190 2196 2194)
4(2178 3287 3765 2188)
4(2178 2188 2194 2181)
4(3286 3287 3765 3764)
4(2177 3286 3764 2187)
4(2177 2187 2188 2178)
4(3288 3289 3769 3768)
4(3286 3288 3768 3764)
4(3288 3778 3786 3768)
4(3267 3778 3786 3279)
4(3261 3279 3786 3768)
4(3247 3261 3768 3288)
4(3247 3267 3279 3261)
4(3279 3283 3790 3786)
4(3267 3269 3283 3279)
4(3279 3281 3788 3786)
4(3279 3283 3285 3281)
4(3261 3263 3770 3768)
4(3261 3279 3281 3263)
4(3257 3764 3768 3261)
4(3257 3259 3766 3764)
4(3257 3261 3263 3259)
4(3245 3257 3764 3286)
4(3245 3247 3261 3257)
4(2150 3257 3764 2187)
4(2136 2150 2187 2177)
4(2136 3245 3257 2150)
4(2150 3257 3259 2152)
4(2150 2152 2189 2187)
4(3256 3257 3259 3258)
4(2149 3256 3258 2151)
4(2149 2150 3257 3256)
4(2149 2151 2152 2150)
4(3260 3261 3263 3262)
4(3256 3257 3261 3260)
4(3256 3260 3262 3258)
4(3278 3279 3281 3280)
4(3260 3278 3280 3262)
4(3260 3261 3279 3278)
4(3278 3279 3283 3282)
4(3278 3282 3284 3280)
4(2184 2191 2194 2188)
4(2184 2186 2193 2191)
4(2184 2188 2190 2186)
4(2179 2191 2194 2181)
4(2176 2184 2191 2179)
4(2176 2178 2188 2184)
4(2179 2191 2192 2180)
4(2159 2179 2191 2172)
4(2159 2172 2173 2160)
4(2166 2184 2191 2172)
4(2156 2176 2184 2166)
4(2156 2166 2172 2159)
4(2166 2184 2186 2168)
4(2166 2168 2174 2172)
4(2183 2184 2186 2185)
4(2165 2166 2184 2183)
4(2165 2183 2185 2167)
4(2165 2167 2168 2166)
4(2183 2187 2189 2185)
4(2183 2184 2188 2187)
4(2146 2183 2187 2150)
4(2146 2148 2185 2183)
4(2146 2150 2152 2148)
4(2175 2183 2187 2177)
4(2134 2146 2183 2175)
4(2134 2136 2150 2146)
4(2175 2183 2184 2176)
4(2155 2175 2183 2165)
4(2155 2165 2166 2156)
4(1721 2146 2183 2165)
4(1707 1721 2165 2155)
4(1707 2134 2146 1721)
4(1721 1723 2167 2165)
4(1721 2146 2148 1723)
4(2161 2163 2167 2165)
4(1717 1719 2163 2161)
4(1717 2161 2165 1721)
4(1717 1721 1723 1719)
4(2162 2164 2168 2166)
4(2161 2163 2164 2162)
4(2161 2162 2166 2165)
4(2162 2169 2172 2166)
4(2162 2164 2171 2169)
4(2157 2169 2172 2159)
4(2154 2162 2169 2157)
4(2154 2156 2166 2162)
4(2157 2169 2170 2158)
4(5195 2157 2169 5208)
4(5195 5208 5209 5196)
4(5202 2162 2169 5208)
4(5192 5202 5208 5195)
4(5192 2154 2162 5202)
4(5202 2162 2164 5204)
4(5202 5204 5210 5208)
4(5201 2161 2163 5203)
4(5201 5202 2162 2161)
4(5201 5203 5204 5202)
4(5198 5205 5208 5202)
4(5198 5202 5204 5200)
4(5198 5200 5207 5205)
4(5193 5205 5208 5195)
4(5190 5192 5202 5198)
4(5190 5198 5205 5193)
4(5193 5205 5206 5194)
4(5174 5187 5206 5194)
4(5173 5193 5205 5186)
4(5173 5186 5187 5174)
4(5174 5187 5947 5492)
4(5492 5947 5967 5959)
4(5490 5943 5947 5492)
4(5172 5174 5187 5184)
4(5492 5493 5948 5947)
4(5959 5960 5968 5967)
4(575 581 584 578)
4(575 577 583 581)
4(569 573 584 581)
4(569 581 582 570)
4(569 570 574 573)
4(167 575 581 569)
4(3883 575 581 3889)
4(3878 3889 581 569)
4(3871 3883 3889 3878)
4(3883 3885 3891 3889)
4(3878 3889 3890 3879)
4(3878 3879 570 569)
4(3873 3442 3444 3875)
4(3855 3439 3442 3873)
4(3855 3857 3441 3439)
4(3855 3873 3875 3857)
4(3877 3445 3447 3879)
4(3873 3442 3445 3877)
4(3873 3877 3879 3875)
4(3877 3445 169 568)
4(3877 568 570 3879)
4(4342 3445 169 558)
4(4744 3877 3445 4342)
4(4342 3445 3446 4343)
4(4342 4343 559 558)
4(4338 4342 3445 3442)
4(4338 3442 3443 4339)
4(4338 4339 4343 4342)
4(4743 3873 3442 4338)
4(4320 3439 3442 4338)
4(4317 3855 3439 4320)
4(4320 3439 3440 4321)
4(4320 4321 4339 4338)
4(3844 4320 3439 3436)
4(3844 3436 3437 3845)
4(3844 3845 4321 4320)
4(3851 3436 3438 3853)
4(2340 2368 3436 3851)
4(2340 2342 2370 2368)
4(2340 3851 3853 2342)
4(3851 3436 3439 3855)
4(3851 3855 3857 3853)
4(4316 3851 3436 3844)
4(2730 2368 3436 3844)
4(3334 2340 2368 2730)
4(2730 2368 2369 2731)
4(2730 2731 3845 3844)
4(2726 1828 1829 2727)
4(2726 2730 2368 1828)
4(2726 2727 2731 2730)
4(3880 3886 3889 3883)
4(3880 3882 3888 3886)
4(3874 3886 3889 3878)
4(3870 3880 3886 3874)
4(3874 3886 3887 3875)
4(3874 3875 3879 3878)
4(3856 3874 3886 3867)
4(3856 3867 3868 3857)
4(3856 3857 3875 3874)
4(3861 3880 3886 3867)
4(3849 3861 3867 3856)
4(3861 3863 3869 3867)
4(567 569 570 568)
4(3876 3878 3879 3877)
4(4442 4443 4469 4467)
4(3894 3895 4457 4455)
4(3881 3882 4468 4467)
4(3862 4455 4456 3863)
4(4451 4455 4456 4452)
4(3859 4451 4452 3860)
4(4453 4457 4458 4454)
4(4451 4453 4454 4452)
4(4451 4455 4457 4453)
4(4453 4457 4464 4461)
4(4453 4461 4462 4454)
4(3897 4461 4464 3901)
4(3897 3899 4463 4461)
4(3897 3901 3903 3899)
4(3893 3897 4461 4453)
4(3893 4453 4457 3895)
4(2826 3897 4461 3433)
4(3426 3433 4461 4453)
4(2820 3426 4453 3893)
4(2820 2826 3433 3426)
4(2826 2828 3435 3433)
4(2826 3897 3899 2828)
4(3426 3427 4454 4453)
4(3426 3433 3434 3427)
4(3424 4451 4453 3426)
4(3424 3425 4452 4451)
4(3424 3426 3427 3425)
4(3892 4451 4453 3893)
4(2819 2820 3426 3424)
4(2348 3425 4452 3860)
4(2347 3424 3425 2348)
4(2348 2804 3866 3860)
4(2348 3425 3429 2804)
4(3858 3864 3866 3860)
4(2346 2802 3864 3858)
4(2346 2348 2804 2802)
4(3858 3864 3867 3861)
4(3852 3864 3867 3856)
4(3848 3858 3864 3852)
4(3852 3864 3865 3853)
4(3852 3853 3857 3856)
4(2341 3852 3864 2802)
4(2341 2342 3853 3852)
4(2341 2802 2803 2342)
4(2334 2346 2802 2341)
4(560 562 563 561)
4(557 559 563 561)
4(556 558 559 557)
4(557 564 1222 561)
4(557 559 566 564)
4(551 554 1222 564)
4(551 564 565 552)
4(548 557 564 551)
4(4341 557 564 4347)
4(4334 4347 564 551)
4(4329 4341 4347 4334)
4(4341 557 559 4343)
4(4341 4343 4349 4347)
4(4334 4347 4348 4335)
4(4340 4342 4343 4341)
4(4337 4339 4343 4341)
4(4336 4338 4339 4337)
4(4337 4339 4346 4344)
4(4337 4344 4347 4341)
4(4332 4345 4380 4368)
4(4332 4335 4348 4345)
4(4332 4368 4372 4335)
4(3841 4326 4365 4356)
4(3841 4332 4345 4326)
4(3841 4356 4368 4332)
4(3838 4323 4364 4352)
4(3838 4352 4356 3841)
4(3838 3841 4326 4323)
4(2723 3346 4352 3838)
4(2723 2736 3355 3346)
4(2723 3838 4323 2736)
4(4319 4325 4344 4337)
4(4319 4337 4339 4321)
4(4319 4321 4327 4325)
4(4328 4331 4344 4337)
4(3840 4325 4344 4331)
4(3835 4319 4325 3840)
4(4331 4344 4347 4334)
4(4331 4344 4345 4332)
4(3840 4325 4326 3841)
4(4366 4368 4372 4370)
4(4330 4332 4368 4366)
4(4366 4367 4371 4370)
4(4366 4368 4369 4367)
4(3822 4366 4367 3823)
4(4354 4356 4368 4366)
4(3839 3841 4356 4354)
4(4354 4355 4367 4366)
4(4354 4356 4357 4355)
4(3813 4355 4367 3823)
4(3812 4354 4355 3813)
4(3813 4355 4361 3820)
4(4351 4355 4361 4358)
4(3816 4358 4361 3820)
4(3811 4351 4358 3816)
4(3811 3813 4355 4351)
4(4351 4353 4360 4358)
4(4351 4355 4357 4353)
4(3816 4358 4359 3817)
4(3816 3817 3821 3820)
4(2692 3816 4358 3351)
4(2692 3351 3352 2693)
4(2692 2693 3817 3816)
4(3345 3351 4358 4351)
4(3345 4351 4353 3347)
4(3345 3347 3353 3351)
4(2685 3811 4351 3345)
4(2685 3345 3351 2692)
4(3810 3811 4351 4350)
4(3344 4350 4351 3345)
4(2684 3344 3345 2685)
4(4350 4354 4355 4351)
4(4350 4354 4356 4352)
4(4350 4352 4353 4351)
4(3836 3838 4352 4350)
4(3344 3346 4352 4350)
4(2721 2723 3346 3344)
4(3344 3346 3347 3345)
4(3340 3342 3343 3341)
4(3341 3343 3347 3345)
4(3340 3341 3345 3344)
4(3340 3344 3346 3342)
4(2720 2733 3354 3342)
4(2720 3342 3346 2723)
4(2720 2723 2736 2733)
4(2701 2744 3342 2720)
4(2701 2714 3339 2744)
4(2701 2720 2733 2714)
4(2743 2745 3343 3341)
4(2742 3340 3342 2744)
4(2742 2743 3341 3340)
4(2742 2744 2745 2743)
4(3341 3348 3350 3343)
4(2743 3335 3348 3341)
4(2743 2745 3337 3335)
4(3341 3348 3351 3345)
4(2688 2692 3351 3348)
4(2688 3348 3349 2689)
4(2688 2689 2693 2692)
4(2683 3341 3348 2688)
4(2683 2685 3345 3341)
4(2245 3335 3348 2688)
4(2238 2683 3341 2743)
4(2238 2743 3335 2245)
4(2245 3335 3336 2246)
4(2245 2246 2689 2688)
4(1082 1695 3802 3272)
4(1082 3272 3276 1086)
4(1082 1086 1698 1695)
4(1074 1682 3801 3254)
4(1074 3254 3272 1082)
4(1074 1082 1695 1682)
4(468 1679 3800 3250)
4(468 3250 3254 1074)
4(468 1074 1682 1679)
4(5678 64 2608 2143)
4(5678 2143 3250 468)
4(5678 468 1679 64)
4(5674 61 2607 2139)
4(5674 2139 2143 5678)
4(5674 5678 64 61)
4(5666 1714 2139 5674)
4(5666 48 2198 1714)
4(5666 5674 61 48)
4(5164 5201 2161 1717)
4(5164 1717 1719 5166)
4(5164 5166 5203 5201)
4(1705 2153 2161 1717)
4(5191 5201 2161 2153)
4(5150 1705 1717 5164)
4(5150 5164 5201 5191)
4(2153 2161 2165 2155)
4(1705 1707 1721 1717)
4(2153 2161 2162 2154)
4(5191 5201 5202 5192)
4(3266 3268 3282 3278)
4(3266 3278 3279 3267)
4(3271 3275 3282 3278)
4(3264 3271 3278 3266)
4(3271 3273 3280 3278)
4(3271 3275 3277 3273)
4(3253 3260 3278 3271)
4(3253 3255 3262 3260)
4(3253 3271 3273 3255)
4(3246 3260 3278 3266)
4(3243 3253 3260 3246)
4(3246 3260 3261 3247)
4(3244 3246 3260 3256)
4(3244 3256 3257 3245)
4(3249 3253 3260 3256)
4(3242 3249 3256 3244)
4(3249 3251 3258 3256)
4(3249 3253 3255 3251)
4(2142 2149 3256 3249)
4(2142 2144 2151 2149)
4(2142 3249 3251 2144)
4(2135 2149 3256 3244)
4(2132 2142 2149 2135)
4(2135 2149 2150 2136)
4(2145 2149 2150 2146)
4(2133 2135 2149 2145)
4(2133 2145 2146 2134)
4(2145 2149 2151 2147)
4(2145 2147 2148 2146)
4(2138 2145 2149 2142)
4(2138 2140 2147 2145)
4(2138 2142 2144 2140)
4(1724 2138 2145 2133)
4(1713 2138 2145 1720)
4(1706 1720 2145 2133)
4(1703 1713 1720 1706)
4(1720 1722 2147 2145)
4(1713 1715 1722 1720)
4(1713 2138 2140 1715)
4(1720 1721 2146 2145)
4(1720 1722 1723 1721)
4(1706 1720 1721 1707)
4(1716 1720 1721 1717)
4(1704 1706 1720 1716)
4(1704 1716 1717 1705)
4(1716 1720 1722 1718)
4(1716 1718 1719 1717)
4(1709 1716 1720 1713)
4(1709 1711 1718 1716)
4(1709 1713 1715 1711)
4(1702 1709 1716 1704)
4(5156 1709 1716 5163)
4(5149 5163 1716 1704)
4(5146 5156 5163 5149)
4(5163 5165 1718 1716)
4(5156 1709 1711 5158)
4(5156 5158 5165 5163)
4(5163 5164 1717 1716)
4(5163 5165 5166 5164)
4(5149 5163 5164 5150)
4(3270 3274 3276 3272)
4(3270 3272 3273 3271)
4(1080 1082 3272 3270)
4(1080 1084 1086 1082)
4(3252 3254 3272 3270)
4(1072 1074 3254 3252)
4(1072 1080 1082 1074)
4(3252 3254 3255 3253)
4(3248 3252 3254 3250)
4(3248 3250 3251 3249)
4(466 468 3250 3248)
4(466 1072 1074 468)
4(2141 2143 3250 3248)
4(5676 5678 2143 2141)
4(5676 466 468 5678)
4(2141 2143 2144 2142)
4(2137 2141 2143 2139)
4(2137 2139 2140 2138)
4(5672 5674 2139 2137)
4(5672 5676 5678 5674)
4(1712 1714 2139 2137)
4(5664 5666 1714 1712)
4(5664 5672 5674 5666)
4(1712 1714 1715 1713)
4(1708 1712 1714 1710)
4(1708 1710 1711 1709)
4(5662 45 2197 1710)
4(5662 1710 1714 5666)
4(5662 5666 48 45)
4(4255 5157 1710 5662)
4(4255 5662 45 4721)
4(4255 4721 5654 5157)
4(5660 1708 1710 5662)
4(5155 5157 1710 1708)
4(4253 5660 5662 4255)
4(4253 4255 5157 5155)
4(5660 5664 5666 5662)
4(5155 5157 5158 5156)
4(5151 5155 5157 5153)
4(5152 5154 5158 5156)
4(5151 5153 5154 5152)
4(1119 1120 3805 3804)
4(1101 3328 3329 1102)
4(1101 1119 3804 3328)
4(1101 1102 1120 1119)
4(1123 1124 3808 3807)
4(1119 1123 3807 3804)
4(1119 1120 1124 1123)
4(2704 2705 1823 1822)
4(1123 2704 1822 3807)
4(1123 1124 2705 2704)
4(2708 2709 1826 1825)
4(2704 2708 1825 1822)
4(2704 2705 2709 2708)
4(2708 2726 1828 1825)
4(2708 2709 2727 2726)
4(2336 1828 1830 2338)
4(2318 1825 1828 2336)
4(2318 2320 1827 1825)
4(2318 2336 2338 2320)
4(2336 1828 2368 2340)
4(2336 2340 2342 2338)
4(3333 2336 1828 2726)
4(3332 2318 1825 2708)
4(2314 2318 1825 1822)
4(3331 2314 1822 2704)
4(2314 2316 1824 1822)
4(2314 2318 2320 2316)
4(2618 3807 1822 2314)
4(2618 2620 3809 3807)
4(2618 2314 2316 2620)
4(3 2618 3807 1123)
4(3872 3874 3875 3873)
4(3854 3856 3857 3855)
4(3850 3852 3853 3851)
4(2339 2341 2342 2340)
4(2337 2341 2342 2338)
4(2335 2337 2338 2336)
4(2337 2341 2802 2799)
4(2337 2799 2800 2338)
4(2343 2346 2802 2799)
4(2333 2343 2799 2337)
4(2345 2348 2804 2801)
4(2343 2345 2801 2799)
4(2345 3421 3428 2801)
4(2345 2348 3425 3421)
4(2326 2345 3421 2834)
4(2326 2332 2801 2345)
4(2326 2834 2838 2332)
4(2344 2345 3421 3420)
4(2833 3420 3421 2834)
4(2325 2833 2834 2326)
4(3420 3424 3425 3421)
4(3422 3426 3427 3423)
4(3420 3422 3423 3421)
4(3420 3424 3426 3422)
4(3422 3426 3433 3430)
4(3422 3430 3431 3423)
4(2822 3430 3433 2826)
4(2822 2824 3432 3430)
4(2822 2826 2828 2824)
4(2818 2822 3430 3422)
4(2818 3422 3426 2820)
4(2814 2822 3430 2842)
4(2835 2842 3430 3422)
4(2808 2835 3422 2818)
4(2808 2814 2842 2835)
4(2814 2816 2844 2842)
4(2814 2822 2824 2816)
4(2835 2836 3423 3422)
4(2835 2842 2843 2836)
4(2833 3420 3422 2835)
4(2833 2835 2836 2834)
4(2817 3420 3422 2818)
4(2807 2808 2835 2833)
4(2806 2808 2835 2831)
4(2829 2831 2835 2833)
4(2805 2806 2831 2829)
4(2810 2814 2842 2839)
4(2831 2839 2842 2835)
4(2806 2810 2839 2831)
4(2812 2816 2844 2841)
4(2810 2812 2841 2839)
4(2810 2814 2816 2812)
4(2812 1280 1287 2841)
4(2812 2816 1282 1280)
4(2831 2839 2840 2832)
4(2831 2832 2836 2835)
4(3315 2831 2839 3322)
4(3315 3316 2832 2831)
4(3315 3322 3323 3316)
4(2654 2810 2839 3322)
4(2648 3315 2831 2806)
4(2648 2654 3322 3315)
4(2656 2812 2841 3324)
4(2654 2656 3324 3322)
4(2654 2810 2812 2656)
4(2656 2812 1280 1217)
4(2656 1217 1770 3324)
4(2823 1283 1284 2824)
4(2823 2824 2828 2827)
4(2815 2816 2824 2823)
4(2815 1281 1282 2816)
4(3900 3902 3903 3901)
4(3896 3898 3899 3897)
4(2825 2827 2828 2826)
4(3826 3828 3829 3827)
4(3818 3820 3821 3819)
4(3814 3816 3817 3815)
4(2690 2692 2693 2691)
4(2682 3340 3341 2683)
4(2718 2720 3342 3340)
4(2699 2701 2744 2742)
4(2237 2742 2743 2238)
4(2738 2742 2743 2739)
4(2236 2739 2743 2238)
4(2235 2738 2739 2236)
4(2739 2741 2745 2743)
4(2738 2740 2741 2739)
4(2738 2742 2744 2740)
4(2698 2711 3338 2740)
4(2698 2740 2744 2701)
4(2698 2701 2714 2711)
4(1116 1692 2740 2698)
4(1116 2698 2711 1129)
4(1116 1129 1701 1692)
4(2739 2746 2748 2741)
4(1691 1697 2746 2739)
4(1691 2739 2741 1693)
4(1691 1693 1699 1697)
4(2739 2746 3335 2743)
4(2241 2746 3335 2245)
4(2236 2739 2746 2241)
4(2241 2746 2747 2242)
4(2241 2242 2246 2245)
4(1085 2241 2746 1697)
4(1085 1086 2242 2241)
4(1085 1697 1698 1086)
4(1078 2236 2739 1691)
4(1078 1691 1697 1085)
4(1690 2738 2739 1691)
4(1077 1690 1691 1078)
4(1690 2738 2740 1692)
4(1690 1692 1693 1691)
4(2696 2738 2740 2698)
4(1114 1116 1692 1690)
4(4318 4320 4321 4319)
4(3843 3845 4321 4319)
4(3842 3844 3845 3843)
4(3843 4322 4325 4319)
4(3843 3845 4324 4322)
4(3837 4322 4325 3840)
4(3834 3843 4322 3837)
4(3837 4322 4323 3838)
4(2722 3837 4322 2735)
4(2722 2735 2736 2723)
4(2729 3843 4322 2735)
4(2717 2729 2735 2722)
4(2729 3843 3845 2731)
4(2729 2731 2737 2735)
4(2728 2730 2731 2729)
4(2725 2727 2731 2729)
4(2724 2726 2727 2725)
4(2725 2732 2735 2729)
4(2725 2727 2734 2732)
4(2719 2722 2735 2732)
4(2719 2732 2733 2720)
4(2716 2725 2732 2719)
4(2707 2725 2732 2713)
4(2700 2713 2732 2719)
4(2695 2707 2713 2700)
4(2707 2725 2727 2709)
4(2707 2709 2715 2713)
4(2700 2713 2714 2701)
4(2706 2708 2709 2707)
4(2703 2705 2709 2707)
4(2702 2704 2705 2703)
4(2703 2710 2713 2707)
4(2703 2705 2712 2710)
4(2697 2700 2713 2710)
4(2697 2710 2711 2698)
4(2694 2703 2710 2697)
4(1122 2703 2710 1128)
4(1115 1128 2710 2697)
4(1110 1122 1128 1115)
4(1122 2703 2705 1124)
4(1122 1124 1130 1128)
4(1115 1128 1129 1116)
4(1121 1123 1124 1122)
4(2686 2688 2689 2687)
4(2243 2245 2246 2244)
4(2239 2241 2242 2240)
4(1083 1085 1086 1084)
4(1686 1690 1691 1687)
4(1076 1687 1691 1078)
4(1075 1686 1687 1076)
4(1687 1689 1693 1691)
4(1686 1688 1689 1687)
4(1686 1690 1692 1688)
4(1687 1694 1697 1691)
4(1687 1689 1696 1694)
4(1081 1694 1697 1085)
4(1076 1687 1694 1081)
4(1081 1694 1695 1082)
4(1081 1082 1086 1085)
4(1073 1081 1694 1681)
4(1073 1681 1682 1074)
4(1073 1074 1082 1081)
4(1675 1687 1694 1681)
4(464 1076 1687 1675)
4(464 1675 1681 1073)
4(1675 1687 1689 1677)
4(1675 1677 1683 1681)
4(1674 1686 1688 1676)
4(1674 1675 1687 1686)
4(1674 1676 1677 1675)
4(1113 1126 1700 1688)
4(1113 1688 1692 1116)
4(1113 1116 1129 1126)
4(1094 1676 1688 1113)
4(1094 1107 1685 1676)
4(1094 1113 1126 1107)
4(1111 1686 1688 1113)
4(1092 1094 1676 1674)
4(463 1674 1675 464)
4(1670 1674 1675 1671)
4(462 1671 1675 464)
4(461 1670 1671 462)
4(1671 1673 1677 1675)
4(1670 1672 1673 1671)
4(1670 1674 1676 1672)
4(1671 1678 1681 1675)
4(1671 1673 1680 1678)
4(467 1678 1681 1073)
4(462 1671 1678 467)
4(467 1678 1679 468)
4(467 468 1074 1073)
4(5677 467 1678 63)
4(5677 5678 468 467)
4(5677 63 64 5678)
4(57 1671 1678 63)
4(5670 462 1671 57)
4(5670 57 63 5677)
4(57 1671 1673 59)
4(57 59 65 63)
4(56 1670 1672 58)
4(56 57 1671 1670)
4(56 58 59 57)
4(1091 1104 1684 1672)
4(1091 1672 1676 1094)
4(1091 1094 1107 1104)
4(21 58 1672 1091)
4(21 34 67 58)
4(21 1091 1104 34)
4(1089 1670 1672 1091)
4(19 21 58 56)
4(5669 56 57 5670)
4(1079 1081 1082 1080)
4(1071 1073 1074 1072)
4(465 467 468 466)
4(5675 5677 5678 5676)
4(5673 5677 5678 5674)
4(5671 5673 5674 5672)
4(5673 5677 63 60)
4(5673 60 61 5674)
4(1097 1098 3326 3325)
4(28 1097 3325 2232)
4(28 2232 2233 29)
4(28 29 1098 1097)
4(1097 1101 3328 3325)
4(1097 1098 1102 1101)
4(2202 3325 3327 2204)
4(1183 2232 3325 2202)
4(1183 1185 2234 2232)
4(1183 2202 2204 1185)
4(2206 3328 3330 2208)
4(2202 3325 3328 2206)
4(2202 2206 2208 2204)
4(2614 3804 3806 2616)
4(2206 3328 3804 2614)
4(2206 2614 2616 2208)
4(2614 3804 3807 2618)
4(2614 2618 2620 2616)
4(2 2614 3804 1119)
4(1 2206 3328 1101)
4(0 2202 3325 1097)
4(5140 1183 2232 28)
4(1179 1183 2232 2229)
4(24 2229 2232 28)
4(5139 1179 2229 24)
4(1179 1181 2231 2229)
4(1179 1183 1185 1181)
4(1161 1179 1181 1163)
4(1161 2226 2229 1179)
4(1161 1163 2228 2226)
4(24 25 29 28)
4(24 2229 2230 25)
4(18 31 66 54)
4(18 21 34 31)
4(18 54 58 21)
4(5686 12 51 42)
4(5686 18 31 12)
4(5686 42 54 18)
4(52 53 55 54)
4(41 43 55 53)
4(40 42 43 41)
4(40 41 53 52)
4(40 52 54 42)
4(53 55 59 57)
4(52 56 58 54)
4(52 53 57 56)
4(53 60 63 57)
4(53 55 62 60)
4(5668 53 60 5673)
4(5668 5670 57 53)
4(41 53 60 47)
4(5658 41 47 5665)
4(5665 47 60 5673)
4(5658 5668 53 41)
4(41 43 49 47)
4(37 44 47 41)
4(37 39 46 44)
4(37 41 43 39)
4(5661 44 47 5665)
4(5656 37 44 5661)
4(5656 5658 41 37)
4(5665 5666 48 47)
4(5661 5662 5666 5665)
4(5661 44 45 5662)
4(5665 5666 5674 5673)
4(5663 5665 5666 5664)
4(5659 5661 5662 5660)
4(4714 37 44 4720)
4(4247 5656 37 4714)
4(4254 4720 44 5661)
4(4247 4714 4720 4254)
4(4714 37 39 4716)
4(4714 4716 4722 4720)
4(36 37 39 38)
4(4713 4714 37 36)
4(4713 36 38 4715)
4(4713 4715 4716 4714)
4(36 40 42 38)
4(36 37 41 40)
4(5683 9 50 38)
4(5683 38 42 5686)
4(5683 5686 12 9)
4(4285 4715 38 5683)
4(4285 5683 9 4298)
4(4285 4298 4724 4715)
4(5179 5180 5182 5181)
4(5176 5178 5182 5180)
4(5175 5176 5180 5179)
4(5175 5179 5181 5177)
4(5197 5198 5200 5199)
4(5179 5180 5198 5197)
4(5180 5182 5200 5198)
4(5179 5197 5199 5181)
4(5197 5201 5203 5199)
4(5197 5198 5202 5201)
4(5160 5197 5201 5164)
4(5160 5164 5166 5162)
4(5160 5162 5199 5197)
4(5189 5197 5201 5191)
4(5148 5150 5164 5160)
4(5148 5160 5197 5189)
4(5189 5197 5198 5190)
4(5170 5180 5198 5190)
4(5169 5189 5197 5179)
4(5169 5179 5180 5170)
4(5180 5198 5205 5186)
4(5170 5180 5186 5173)
4(5180 5182 5188 5186)
4(5176 5183 5186 5180)
4(5171 5183 5186 5173)
4(5168 5170 5180 5176)
4(1118 1122 1128 1125)
4(1112 1125 1128 1115)
4(1109 1118 1125 1112)
4(1118 1120 1127 1125)
4(1118 1122 1124 1120)
4(1112 1125 1126 1113)
4(1093 1112 1125 1106)
4(1093 1106 1107 1094)
4(1100 1106 1125 1118)
4(1100 1118 1120 1102)
4(1100 1102 1108 1106)
4(1088 1100 1106 1093)
4(1117 1119 1120 1118)
4(1099 1101 1102 1100)
4(1096 1098 1102 1100)
4(1095 1097 1098 1096)
4(1096 1103 1106 1100)
4(1096 1098 1105 1103)
4(1090 1093 1106 1103)
4(1090 1103 1104 1091)
4(1087 1096 1103 1090)
4(27 1096 1103 33)
4(20 33 1103 1090)
4(15 27 33 20)
4(27 1096 1098 29)
4(27 29 35 33)
4(20 33 34 21)
4(26 28 29 27)
4(23 25 29 27)
4(22 24 25 23)
4(23 30 33 27)
4(23 25 32 30)
4(17 20 33 30)
4(17 30 31 18)
4(14 23 30 17)
4(5 23 30 11)
4(5685 11 30 17)
4(5680 5 11 5685)
4(5 7 13 11)
4(5 23 25 7)
4(5685 11 12 5686)
4(16 18 54 52)
4(5667 52 53 5668)
4(5657 40 41 5658)
4(5684 5686 42 40)
4(5681 5683 38 36)
4(5655 36 37 5656)
4(4246 4713 4714 4247)
4(4283 4285 4715 4713)
4(5682 5685 11 8)
4(5682 8 9 5683)
4(5688 8 11 5)
4(5688 5690 10 8)
4(5688 5 7 5690)
4(5679 5688 8 5682)
4(4291 5688 8 4297)
4(4284 4297 8 5682)
4(4279 4291 4297 4284)
4(4291 5688 5690 4293)
4(4291 4293 4299 4297)
4(4284 4297 4298 4285)
4(4282 4295 4298 4285)
4(4281 4284 4297 4294)
4(4281 4294 4295 4282)
4(2324 2330 2799 2343)
4(2324 2326 2332 2330)
4(2319 2330 2799 2337)
4(2312 2324 2330 2319)
4(2319 2320 2338 2337)
4(2319 2330 2331 2320)
4(2317 2319 2320 2318)
4(2829 2833 2834 2830)
4(2323 2830 2834 2326)
4(2322 2829 2830 2323)
4(2829 2831 2832 2830)
4(2323 2830 2837 2329)
4(2323 2329 2332 2326)
4(2626 3314 3318 2632)
4(2626 2632 2329 2323)
4(2626 2323 2830 3314)
4(2623 3310 3317 2629)
4(2623 2629 2632 2626)
4(2623 2626 3314 3310)
4(2214 2662 3302 2220)
4(2214 2623 3310 2662)
4(2214 2220 2629 2623)
4(2211 2658 2665 2217)
4(2211 2214 2662 2658)
4(2211 2217 2220 2214)
4(1191 2211 2658 1758)
4(1191 1758 1762 1197)
4(1191 1197 2217 2211)
4(2624 2630 2632 2626)
4(2621 2627 2630 2624)
4(2621 2623 2629 2627)
4(2321 2327 2329 2323)
4(2624 2630 2327 2321)
4(2321 2327 2330 2324)
4(2315 2327 2330 2319)
4(2311 2321 2327 2315)
4(2315 2327 2328 2316)
4(2315 2316 2320 2319)
4(2619 2315 2327 2630)
4(2619 2620 2316 2315)
4(2619 2630 2631 2620)
4(2222 2624 2630 2619)
4(3313 2829 2830 3314)
4(2625 3313 3314 2626)
4(3313 2829 2831 3315)
4(3313 3315 3316 3314)
4(2647 2648 3315 3313)
4(2821 2823 2824 2822)
4(2813 2815 2816 2814)
4(2811 1279 1280 2812)
4(2811 2812 2816 2815)
4(2655 2656 2812 2811)
4(2655 1216 1217 2656)
4(2652 1215 1769 3321)
4(2652 3321 3324 2656)
4(2652 2656 1217 1215)
4(2644 1213 1219 3308)
4(2644 3308 3321 2652)
4(2644 2652 1215 1213)
4(2640 1211 1218 3305)
4(2640 3305 3308 2644)
4(2640 2644 1213 1211)
4(1736 95 99 1768)
4(1736 1768 3305 2640)
4(1736 2640 1211 95)
4(1732 93 98 1765)
4(1732 1736 95 93)
4(1732 1765 1768 1736)
4(1209 5694 97 1752)
4(1209 1732 93 5694)
4(1209 1752 1765 1732)
4(1205 5692 96 1749)
4(1205 1209 5694 5692)
4(1205 1749 1752 1209)
4(512 3297 3301 1153)
4(512 1205 5692 3297)
4(512 1153 1749 1205)
4(2650 3319 3322 2654)
4(2650 2652 3321 3319)
4(2650 2654 2656 2652)
4(3311 3319 3322 3315)
4(2646 2650 3319 3311)
4(2646 3311 3315 2648)
4(3311 3319 3320 3312)
4(3311 3312 3316 3315)
4(2663 3311 3319 3306)
4(2663 3306 3307 2664)
4(2663 2664 3312 3311)
4(2642 2650 3319 3306)
4(2636 2642 3306 2663)
4(2636 2663 3311 2646)
4(2642 2644 3308 3306)
4(2642 2650 2652 2644)
4(2638 3303 3306 2642)
4(2638 2640 3305 3303)
4(2638 2642 2644 2640)
4(2659 3303 3306 2663)
4(2634 2638 3303 2659)
4(2634 2659 2663 2636)
4(2659 3303 3304 2660)
4(2659 2660 2664 2663)
4(1759 2659 3303 1766)
4(1759 1760 2660 2659)
4(1759 1766 1767 1760)
4(1734 2638 3303 1766)
4(1728 1759 2659 2634)
4(1728 1734 1766 1759)
4(1734 2638 2640 1736)
4(1734 1736 1768 1766)
4(2637 2638 2640 2639)
4(1735 2639 2640 1736)
4(1733 1735 1736 1734)
4(2641 2642 2644 2643)
4(2639 2643 2644 2640)
4(2649 2650 2652 2651)
4(2643 2651 2652 2644)
4(2653 2654 2656 2655)
4(2651 2655 2656 2652)
4(2809 2810 2812 2811)
4(2651 2652 1215 1214)
4(2643 1212 1213 2644)
4(2639 1210 1211 2640)
4(1735 94 95 1736)
4(1731 92 93 1732)
4(1731 1732 1736 1735)
4(1208 5693 5694 1209)
4(1208 1209 1732 1731)
4(508 3295 3300 1150)
4(508 512 3297 3295)
4(508 1150 1153 512)
4(500 2612 3299 1137)
4(500 508 3295 2612)
4(500 1137 1150 508)
4(496 500 2612 2610)
4(496 1134 1137 500)
4(1204 5691 5692 1205)
4(1204 1205 1209 1208)
4(511 3296 3297 512)
4(511 512 1205 1204)
4(2313 2315 2316 2314)
4(2617 2619 2620 2618)
4(3309 3311 3315 3313)
4(2645 2646 3311 3309)
4(3309 3310 3314 3313)
4(3309 3311 3312 3310)
4(2622 3309 3310 2623)
4(2661 3309 3310 2662)
4(2213 2661 2662 2214)
4(2661 3309 3311 2663)
4(2661 2663 2664 2662)
4(2635 2636 2663 2661)
4(2657 2659 2663 2661)
4(2633 2634 2659 2657)
4(2657 2658 2662 2661)
4(2657 2659 2660 2658)
4(2210 2657 2658 2211)
4(1757 2657 2658 1758)
4(1190 1757 1758 1191)
4(1757 2657 2659 1759)
4(1757 1759 1760 1758)
4(1727 1728 1759 1757)
4(507 3294 3295 508)
4(507 508 512 511)
4(499 2611 2612 500)
4(499 500 508 507)
4(495 496 500 499)
4(497 498 500 499)
4(494 496 500 498)
4(505 506 508 507)
4(498 500 508 506)
4(509 510 512 511)
4(506 508 512 510)
4(1202 1203 1205 1204)
4(510 512 1205 1203)
4(1206 1207 1209 1208)
4(1203 1205 1209 1207)
4(1729 1730 1732 1731)
4(1207 1209 1732 1730)
4(1730 1732 1736 1734)
4(1730 1763 1766 1734)
4(1730 1732 1765 1763)
4(1755 1763 1766 1759)
4(1726 1755 1759 1728)
4(1726 1730 1763 1755)
4(1755 1756 1760 1759)
4(1755 1763 1764 1756)
4(1188 1754 1761 1194)
4(1188 1191 1758 1754)
4(1188 1194 1197 1191)
4(1169 1188 1754 1742)
4(1169 1742 1746 1175)
4(1169 1175 1194 1188)
4(1187 1188 1754 1753)
4(1741 1753 1754 1742)
4(1168 1741 1742 1169)
4(1753 1757 1758 1754)
4(1753 1757 1759 1755)
4(1753 1755 1756 1754)
4(1725 1726 1755 1753)
4(1201 1726 1755 1743)
4(1741 1743 1755 1753)
4(1200 1201 1743 1741)
4(1207 1730 1763 1750)
4(1201 1207 1750 1743)
4(1743 1750 1763 1755)
4(1207 1209 1752 1750)
4(1203 1747 1750 1207)
4(1203 1205 1749 1747)
4(1739 1747 1750 1743)
4(1199 1739 1743 1201)
4(1199 1203 1747 1739)
4(1743 1744 1751 1750)
4(1739 1740 1744 1743)
4(1739 1747 1748 1740)
4(1743 1744 1756 1755)
4(1741 1743 1744 1742)
4(1737 1738 1742 1741)
4(1737 1741 1743 1739)
4(1737 1739 1740 1738)
4(1166 1738 1745 1172)
4(1166 1169 1742 1738)
4(1166 1172 1175 1169)
4(482 1143 1147 488)
4(482 1166 1738 1143)
4(482 488 1172 1166)
4(479 1139 1146 485)
4(479 482 1143 1139)
4(479 485 488 482)
4(83 479 1139 518)
4(83 89 485 479)
4(83 518 1131 89)
4(478 479 1139 1138)
4(517 1138 1139 518)
4(82 517 518 83)
4(481 482 1143 1142)
4(1138 1142 1143 1139)
4(1165 1166 1738 1737)
4(1142 1737 1738 1143)
4(1198 1199 1739 1737)
4(504 1199 1739 1144)
4(1142 1144 1739 1737)
4(503 504 1144 1142)
4(510 1203 1747 1151)
4(1144 1151 1747 1739)
4(504 510 1151 1144)
4(510 512 1153 1151)
4(506 1148 1151 510)
4(506 508 1150 1148)
4(1144 1145 1152 1151)
4(1140 1141 1145 1144)
4(1140 1144 1151 1148)
4(1140 1148 1149 1141)
4(1144 1145 1740 1739)
4(1142 1144 1145 1143)
4(1138 1142 1144 1140)
4(1138 1140 1141 1139)
4(502 504 1144 1140)
4(501 502 1140 1138)
4(502 506 1148 1140)
4(498 506 1148 1135)
4(519 1135 1148 1140)
4(492 519 1140 502)
4(492 498 1135 519)
4(498 500 1137 1135)
4(519 520 1141 1140)
4(519 1135 1136 520)
4(517 1138 1140 519)
4(517 519 520 518)
4(491 492 519 517)
4(2615 2627 2630 2619)
4(2221 2621 2627 2615)
4(2615 2627 2628 2616)
4(2615 2616 2620 2619)
4(2207 2615 2627 2218)
4(2207 2208 2616 2615)
4(2207 2218 2219 2208)
4(2212 2621 2627 2218)
4(2200 2212 2218 2207)
4(2212 2214 2220 2218)
4(2613 2615 2616 2614)
4(2205 2207 2208 2206)
4(2203 2207 2208 2204)
4(2201 2203 2204 2202)
4(2203 2207 2218 2215)
4(2203 2215 2216 2204)
4(2209 2212 2218 2215)
4(2199 2209 2215 2203)
4(2209 2211 2217 2215)
4(1189 1195 2215 2209)
4(1189 1191 1197 1195)
4(1184 1195 2215 2203)
4(1177 1189 1195 1184)
4(1184 1185 2204 2203)
4(1184 1195 1196 1185)
4(1182 1184 1185 1183)
4(1180 1184 1185 1181)
4(1178 1180 1181 1179)
4(1180 1184 1195 1192)
4(1180 1192 1193 1181)
4(1186 1192 1195 1189)
4(1186 1188 1194 1192)
4(1176 1186 1192 1180)
4(1167 1186 1192 1173)
4(1162 1173 1192 1180)
4(1155 1167 1173 1162)
4(1167 1169 1175 1173)
4(1162 1163 1181 1180)
4(1162 1173 1174 1163)
4(1160 1162 1163 1161)
4(6 2226 2229 24)
4(4708 1161 2226 6)
4(6 2226 2227 7)
4(6 7 25 24)
4(5689 6 2226 2223)
4(5689 2223 2224 5690)
4(5689 5690 7 6)
4(1157 2223 2226 1161)
4(1157 1159 2225 2223)
4(1157 1161 1163 1159)
4(4707 1157 2223 5689)
4(474 1157 2223 2675)
4(4292 2675 2223 5689)
4(2131 474 2675 4292)
4(474 476 2677 2675)
4(474 1157 1159 476)
4(4292 2675 2676 4293)
4(4292 4293 5690 5689)
4(4288 2672 2673 4289)
4(4288 4292 2675 2672)
4(4288 4289 4293 4292)
4(4270 4271 2670 2669)
4(4266 4270 2669 2666)
4(4266 4267 4271 4270)
4(4270 4288 2672 2669)
4(4270 4271 4289 4288)
4(470 2672 2674 472)
4(75 2669 2672 470)
4(75 77 2671 2669)
4(75 470 472 77)
4(470 2672 2675 474)
4(470 474 476 472)
4(2130 470 2672 4288)
4(1669 75 2669 4270)
4(71 75 2669 2666)
4(71 75 77 73)
4(76 77 88 87)
4(72 73 77 76)
4(72 76 87 84)
4(471 472 484 483)
4(76 471 483 87)
4(76 77 472 471)
4(475 476 487 486)
4(471 475 486 483)
4(471 472 476 475)
4(1158 1159 1171 1170)
4(475 1158 1170 486)
4(475 476 1159 1158)
4(1158 1162 1173 1170)
4(1158 1159 1163 1162)
4(1164 1170 1173 1167)
4(1164 1166 1172 1170)
4(1154 1164 1170 1158)
4(480 1164 1170 486)
4(91 480 486 475)
4(480 482 488 486)
4(477 483 486 480)
4(477 479 485 483)
4(90 477 483 471)
4(81 477 483 87)
4(69 81 87 76)
4(81 83 89 87)
4(80 83 89 86)
4(78 84 87 81)
4(80 83 518 514)
4(494 1132 1135 498)
4(515 1132 1135 519)
4(490 515 519 492)
4(515 516 520 519)
4(513 517 519 515)
4(513 514 518 517)
4(4254 5661 5662 4255)
4(4252 4254 4255 4253)
4(4254 4720 4721 4255)
4(4251 4718 4721 4255)
4(4250 4251 4255 4254)
4(4250 4254 4720 4717)
4(4250 4717 4718 4251)
4(4251 4718 5653 5153)
4(4251 5153 5157 4255)
4(3761 4312 5652 4737)
4(3761 4737 5153 4251)
4(3761 4251 4718 4312)
4(3757 4733 4737 3761)
4(3757 3761 4312 4309)
4(3759 4735 4737 3761)
4(4731 4733 4737 4735)
4(3755 3759 3761 3757)
4(4249 5151 5153 4251)
4(4735 4737 5153 5151)
4(3759 4249 4251 3761)
4(4249 4253 4255 4251)
4(5152 5156 5163 5159)
4(5147 5159 5163 5149)
4(5145 5152 5159 5147)
4(5159 5161 5165 5163)
4(5152 5154 5161 5159)
4(5159 5160 5164 5163)
4(5159 5161 5162 5160)
4(5147 5159 5160 5148)
4(5141 5159 5160 5142)
4(4730 5142 5160 5148)
4(4729 5147 5159 5141)
4(4729 5141 5142 4730)
4(5142 5144 5162 5160)
4(5141 5143 5144 5142)
4(5141 5159 5161 5143)
4(5142 5179 5197 5160)
4(5142 5144 5181 5179)
4(4730 5142 5179 5169)
4(5167 5169 5179 5175)
4(4740 5142 5179 5175)
4(4728 4730 5142 4740)
4(4740 5142 5144 4742)
4(4739 5141 5143 4741)
4(4739 4740 5142 5141)
4(4736 5141 5143 4738)
4(4732 4736 4738 4734)
4(4732 4739 5141 4736)
4(4736 5141 5159 5152)
4(4736 5152 5154 4738)
4(4726 4736 5141 4729)
4(4735 4737 4738 4736)
4(4727 4739 5141 4729)
4(4 6 7 5)
4(5687 5689 5690 5688)
4(4290 4292 4293 4291)
4(1156 1158 1159 1157)
4(473 475 476 474)
4(469 471 472 470)
4(74 76 77 75)
4(4248 4250 4251 4249)
4(4710 4714 4720 4717)
4(3763 4247 4714 4710)
4(3763 4710 4717 4250)
4(4710 4712 4719 4717)
4(4710 4714 4716 4712)
4(4305 4710 4712 4307)
4(4305 4311 4717 4710)
4(4305 4307 4313 4311)
4(4282 4295 4723 4711)
4(4282 4711 4715 4285)
4(4263 4306 4711 4282)
4(4263 4282 4295 4276)
4(4263 4276 4315 4306)
4(4709 4710 4712 4711)
4(4304 4305 4710 4709)
4(4304 4306 4307 4305)
4(4304 4709 4711 4306)
4(4709 4713 4715 4711)
4(4709 4710 4714 4713)
4(4280 4282 4711 4709)
4(3762 4709 4710 3763)
4(3753 4305 4710 3763)
4(3752 4304 4305 3753)
4(3760 4311 4717 4250)
4(3753 4305 4311 3760)
4(3760 4311 4312 3761)
4(3760 3761 4251 4250)
4(4301 4308 4311 4305)
4(4301 4305 4307 4303)
4(3756 3760 4311 4308)
4(3756 3757 3761 3760)
4(3751 3753 4305 4301)
4(4300 4304 4305 4301)
4(4300 4304 4306 4302)
4(4261 4304 4306 4263)
4(4260 4263 4306 4302)
4(4287 4291 4297 4294)
4(4278 4287 4294 4281)
4(4287 4289 4296 4294)
4(4287 4291 4293 4289)
4(4269 4275 4294 4287)
4(4269 4287 4289 4271)
4(4269 4271 4277 4275)
4(4262 4281 4294 4275)
4(4262 4275 4276 4263)
4(4257 4269 4275 4262)
4(4286 4288 4289 4287)
4(4268 4270 4271 4269)
4(4265 4267 4271 4269)
4(4265 4272 4275 4269)
4(4260 4273 4276 4263)
4(4259 4262 4275 4272)
4(3758 3760 3761 3759)
4(6232 6234 6235 6233)
4(6240 6242 6243 6241)
4(6236 6241 6244 6238)
4(6238 6244 6245 6239)
4(6241 6243 6246 6244)
4(6230 6247 6248 6231)
4(6237 6239 6249 6247)
4(6247 6249 6250 6248)
4(6231 6248 6251 6234)
4(6234 6251 6252 6235)
4(6248 6250 6253 6251)
4(6239 6245 6254 6249)
4(6233 6235 6260 6258)
4(6258 6260 6261 6259)
4(6255 6259 6262 6256)
4(6256 6262 6263 6257)
4(6259 6261 6264 6262)
4(6262 6264 6265 6263)
4(6257 6263 6270 6266)
4(6266 6270 6271 6267)
4(6263 6265 6272 6270)
4(6270 6272 6273 6271)
4(6267 6271 6274 6268)
4(6268 6274 6275 6269)
4(6271 6273 6276 6274)
4(6235 6252 6281 6260)
4(6187 6189 6190 6188)
4(6186 6191 6194 6189)
4(6189 6194 6195 6190)
4(6191 6193 6196 6194)
4(6201 6203 6204 6202)
4(6192 6205 6206 6193)
4(6199 6200 6207 6205)
4(6205 6207 6208 6206)
4(6193 6206 6209 6196)
4(6200 6202 6213 6207)
4(6207 6213 6214 6208)
4(6202 6204 6215 6213)
4(6203 6224 6225 6204)
4(6204 6225 6229 6215)
4(6217 6188 6226 6242)
4(6242 6226 6227 6243)
4(6188 6190 6228 6226)
4(6269 6275 6282 6277)
4(6277 6282 6283 6278)
4(6282 6284 6285 6283)
4(6278 6283 6286 6279)
4(6279 6286 6287 6280)
4(6283 6285 6288 6286)
4(6286 6288 6289 6287)
4(6280 6287 6292 6290)
4(6290 6292 6293 6291)
4(6287 6289 6294 6292)
4(6292 6294 6295 6293)
4(6293 6295 6298 6296)
4(6296 6298 6299 6297)
4(6298 6197 6198 6299)
4(6297 6299 6211 6210)
4(6299 6198 6218 6211)
4(6211 6218 6219 6212)
4(6218 6220 6221 6219)
4(6212 6219 6222 6216)
4(6219 6221 6223 6222)
4(1979 1985 6223 6221)
4(1978 1979 6221 6220)
4(1978 6220 6218 1976)
4(349 1976 6218 6198)
4(348 349 6198 6197)
4(348 6197 6298 5997)
4(5990 5997 6298 6295)
4(5989 5990 6295 6294)
4(5954 5989 6294 6289)
4(5953 5954 6289 6288)
4(5946 5953 6288 6285)
4(5945 5946 6285 6284)
4(5945 6284 6282 5943)
4(5184 5943 6282 6275)
4(5183 5184 6275 6274)
4(5185 5183 6274 6276)
4(5178 5185 6276 6273)
4(5177 5178 6273 6272)
4(4742 5177 6272 6265)
4(4741 4742 6265 6264)
4(4734 4741 6264 6261)
4(4733 4734 6261 6260)
4(5651 4733 6260 6281)
4(4309 5651 6281 6252)
4(4308 4309 6252 6251)
4(4310 4308 6251 6253)
4(4303 4310 6253 6250)
4(4302 4303 6250 6249)
4(4314 4302 6249 6254)
4(4273 4314 6254 6245)
4(4272 4273 6245 6244)
4(4274 4272 6244 6246)
4(4267 4274 6246 6243)
4(2667 4267 6243 6227)
4(2666 2667 6227 6226)
4(2668 2666 6226 6228)
4(73 2668 6228 6190)
4(85 73 6190 6195)
4(521 86 6196 6209)
4(84 85 6195 6194)
4(86 84 6194 6196)
4(514 521 6209 6206)
4(516 514 6206 6208)
4(1133 516 6208 6214)
4(3298 1134 6215 6229)
4(1132 1133 6214 6213)
4(1134 1132 6213 6215)
4(2610 3298 6229 6225)
4(4702 4705 4706 4704)
4(5638 5648 4705 4702)
4(4701 4702 4704 4703)
4(5634 5638 4702 4701)
4(3747 4701 4703 3749)
4(4684 5634 4701 3747)
4(3239 3746 3748 3241)
4(3746 3747 3749 3748)
4(4243 4684 3747 3746)
4(4231 4243 3746 3239)
4(3238 3239 3241 3240)
4(4227 4231 3239 3238)
4(449 3238 3240 451)
4(1655 4227 3238 449)
4(5637 5647 5648 5638)
4(5633 5637 5638 5634)
4(4683 5633 5634 4684)
4(4242 4683 4684 4243)
4(4230 4242 4243 4231)
4(4226 4230 4231 4227)
4(1654 4226 4227 1655)
4(5124 5134 5645 5635)
4(5635 5645 5647 5637)
4(5631 5635 5637 5633)
4(5122 5124 5635 5631)
4(4219 5122 5631 4244)
4(4244 5631 5633 4683)
4(5119 5131 5133 5123)
4(5112 5128 5131 5119)
4(5123 5133 5134 5124)
4(5121 5123 5124 5122)
4(5115 5119 5123 5121)
4(5108 5112 5119 5115)
4(4214 5115 5121 4218)
4(4207 5108 5115 4214)
4(4218 5121 5122 4219)
4(448 449 451 450)
4(6185 448 450 447)
4(1014 1651 448 6185)
4(1651 1655 449 448)
4(1650 1654 1655 1651)
4(6184 6185 447 446)
4(1010 1014 6185 6184)
4(4228 4240 4242 4230)
4(4240 4244 4683 4242)
4(4217 4219 4244 4240)
4(4199 4217 4240 4228)
4(4224 4228 4230 4226)
4(4197 4199 4228 4224)
4(1652 4224 4226 1654)
4(1002 4197 4224 1652)
4(5111 5127 5128 5112)
4(5109 5125 5127 5111)
4(3227 3229 5125 5109)
4(2606 3227 5109 5105)
4(5105 5109 5111 5107)
4(5107 5111 5112 5108)
4(4206 5107 5108 4207)
4(4204 5105 5107 4206)
4(1667 2606 5105 4204)
4(4216 4218 4219 4217)
4(4210 4214 4218 4216)
4(4203 4207 4214 4210)
4(3744 4210 4216 4198)
4(3737 4203 4210 3744)
4(4198 4216 4217 4199)
4(4196 4198 4199 4197)
4(3740 3744 4198 4196)
4(3733 3737 3744 3740)
4(997 3740 4196 1001)
4(990 3733 3740 997)
4(1001 4196 4197 1002)
4(1665 1667 4204 4200)
4(4200 4204 4206 4202)
4(4202 4206 4207 4203)
4(3736 4202 4203 3737)
4(3734 4200 4202 3736)
4(1663 1665 4200 3734)
4(1661 1663 3734 3730)
4(3730 3734 3736 3732)
4(3732 3736 3737 3733)
4(989 3732 3733 990)
4(987 3730 3732 989)
4(4682 1661 3730 987)
4(1013 1650 1651 1014)
4(1009 1013 1014 1010)
4(5135 5136 5138 5137)
4(5136 6184 446 5138)
4(6171 1010 6184 5136)
4(6167 6171 5136 5135)
4(6170 1009 1010 6171)
4(6168 1007 1009 6170)
4(1007 1011 1013 1009)
4(1011 1648 1650 1013)
4(1648 1652 1654 1650)
4(1000 1002 1652 1648)
4(982 1000 1648 1011)
4(980 982 1011 1007)
4(5626 980 1007 6168)
4(5625 979 980 5626)
4(979 981 982 980)
4(981 999 1000 982)
4(999 1001 1002 1000)
4(993 997 1001 999)
4(986 990 997 993)
4(977 993 999 981)
4(401 986 993 977)
4(6166 6170 6171 6167)
4(6164 6168 6170 6166)
4(5624 5626 6168 6164)
4(398 983 985 400)
4(400 985 986 401)
4(985 989 990 986)
4(983 987 989 985)
4(973 977 981 979)
4(397 401 977 973)
4(5621 973 979 5625)
4(5614 397 973 5621)
4(5623 5625 5626 5624)
4(5617 5621 5625 5623)
4(5610 5614 5621 5617)
4(5602 5610 5617 5606)
4(3226 3228 3229 3227)
4(2126 2603 3228 3226)
4(2119 2596 2603 2126)
4(2118 2595 2596 2119)
4(2595 2599 2600 2596)
4(2103 2107 2599 2595)
4(2083 2103 2595 2118)
4(2079 2083 2118 2114)
4(1666 2605 2606 1667)
4(2605 3226 3227 2606)
4(2122 2126 3226 2605)
4(2115 2119 2126 2122)
4(1067 2122 2605 1666)
4(1060 2115 2122 1067)
4(1028 2079 2114 1059)
4(1059 2114 2115 1060)
4(2114 2118 2119 2115)
4(2099 459 1070 2106)
4(2095 2099 2106 2102)
4(2102 2106 2107 2103)
4(2098 458 459 2099)
4(2096 456 458 2098)
4(1549 5936 456 2096)
4(5936 5939 460 456)
4(1664 1666 1667 1665)
4(1063 1067 1666 1664)
4(1662 1664 1665 1663)
4(1056 1060 1067 1063)
4(1047 1063 1664 1662)
4(1040 1056 1063 1047)
4(1660 1662 1663 1661)
4(1043 1047 1662 1660)
4(4681 1660 1661 4682)
4(1036 1040 1047 1043)
4(4194 1043 1660 4681)
4(4187 1036 1043 4194)
4(2075 2095 2102 2082)
4(2094 2098 2099 2095)
4(2074 2094 2095 2075)
4(2078 2082 2083 2079)
4(2082 2102 2103 2083)
4(1055 1059 1060 1056)
4(1024 1028 1059 1055)
4(427 1024 1055 1039)
4(1039 1055 1056 1040)
4(1035 1039 1040 1036)
4(423 427 1039 1035)
4(4155 423 1035 4186)
4(4186 1035 1036 4187)
4(4680 4682 987 983)
4(4678 4680 983 398)
4(396 400 401 397)
4(394 398 400 396)
4(5613 396 397 5614)
4(5611 394 396 5613)
4(3687 4676 394 5611)
4(4676 4678 398 394)
4(5607 5611 5613 5609)
4(3685 3687 5611 5607)
4(5601 5609 5610 5602)
4(5609 5613 5614 5610)
4(5598 5602 5606 5604)
4(969 5598 5604 1647)
4(5930 5934 5940 5937)
4(1544 5930 5937 1550)
4(1548 1550 5937 5935)
4(1548 5935 5936 1549)
4(5935 5937 5940 5938)
4(5935 5938 5939 5936)
4(2070 2074 2075 2071)
4(2071 2075 2082 2078)
4(443 2071 2078 1027)
4(1027 2078 2079 1028)
4(439 443 1027 1023)
4(1023 1027 1028 1024)
4(426 1023 1024 427)
4(419 439 1023 426)
4(418 438 439 419)
4(438 442 443 439)
4(442 2070 2071 443)
4(440 2068 2070 442)
4(5879 876 2068 440)
4(2068 2072 2074 2070)
4(876 879 2072 2068)
4(879 1546 2092 2072)
4(2072 2092 2094 2074)
4(2092 2096 2098 2094)
4(1546 1549 2096 2092)
4(436 440 442 438)
4(5914 5918 5933 5929)
4(5929 5933 5934 5930)
4(1543 5929 5930 1544)
4(858 5914 5929 1543)
4(857 5913 5914 858)
4(5913 5917 5918 5914)
4(5489 5910 5917 5913)
4(850 5489 5913 857)
4(5488 5909 5910 5489)
4(849 1554 331 5488)
4(849 5488 5489 850)
4(1540 1544 1550 1547)
4(874 1540 1547 880)
4(4679 4681 4682 4680)
4(4190 4194 4681 4679)
4(4677 4679 4680 4678)
4(4183 4187 4194 4190)
4(4174 4190 4679 4677)
4(4167 4183 4190 4174)
4(4675 4677 4678 4676)
4(4170 4174 4677 4675)
4(3686 4675 4676 3687)
4(4163 4167 4174 4170)
4(3220 4170 4675 3686)
4(3213 4163 4170 3220)
4(5876 5879 440 436)
4(4151 4155 4186 4182)
4(4182 4186 4187 4183)
4(4166 4182 4183 4167)
4(3711 4151 4182 4166)
4(4162 4166 4167 4163)
4(3707 3711 4166 4162)
4(2566 3707 4162 3212)
4(3212 4162 4163 3213)
4(2565 3706 3707 2566)
4(3706 3710 3711 3707)
4(3710 4150 4151 3711)
4(4150 4154 4155 4151)
4(4154 422 423 4155)
4(422 426 427 423)
4(415 419 426 422)
4(4147 415 422 4154)
4(4143 4147 4154 4150)
4(3703 4143 4150 3710)
4(3699 3703 3710 3706)
4(2558 3699 3706 2565)
4(2561 2565 2566 2562)
4(3224 3684 3685 3225)
4(3684 3686 3687 3685)
4(3216 3220 3686 3684)
4(3209 3213 3220 3216)
4(5599 5607 5609 5601)
4(3225 3685 5607 5599)
4(3223 3225 5599 5595)
4(5595 5599 5601 5597)
4(5597 5601 5602 5598)
4(968 5597 5598 969)
4(966 5595 5597 968)
4(5084 3223 5595 966)
4(965 969 1647 971)
4(5857 5876 436 416)
4(416 436 438 418)
4(414 418 419 415)
4(412 416 418 414)
4(4146 414 415 4147)
4(4144 412 414 4146)
4(3053 5854 412 4144)
4(5854 5857 416 412)
4(3720 4144 4146 4142)
4(3050 3053 4144 3720)
4(4142 4146 4147 4143)
4(3702 4142 4143 3703)
4(3698 3702 3703 3699)
4(3700 3720 4142 3702)
4(3031 3050 3720 3700)
4(2562 2566 3212 3208)
4(3208 3212 3213 3209)
4(2577 3208 3209 2578)
4(2585 3216 3684 3224)
4(2578 3209 3216 2585)
4(2554 2558 2565 2561)
4(2534 2554 2561 2541)
4(2541 2561 2562 2542)
4(2542 2562 3208 2577)
4(2538 2542 2577 2573)
4(2573 2577 2578 2574)
4(2581 2585 3224 3222)
4(2574 2578 2585 2581)
4(3222 3224 3225 3223)
4(964 968 969 965)
4(962 966 968 964)
4(5082 5084 966 962)
4(5080 5082 962 961)
4(5078 5080 961 960)
4(3683 5078 960 6159)
4(5079 5081 5082 5080)
4(5081 5083 5084 5082)
4(5083 3222 3223 5084)
4(4673 2581 3222 5083)
4(4666 2574 2581 4673)
4(4665 2573 2574 4666)
4(4131 2538 2573 4665)
4(4661 4665 4666 4662)
4(4669 4673 5083 5081)
4(4662 4666 4673 4669)
4(4653 4669 5081 5079)
4(4646 4662 4669 4653)
4(4645 4661 4662 4646)
4(4107 4127 4661 4645)
4(4127 4131 4665 4661)
4(3679 3681 6158 6157)
4(3681 3683 6159 6158)
4(959 3677 5594 3145)
4(3677 3679 6157 5594)
4(3696 3700 3702 3698)
4(3028 3031 3700 3696)
4(1970 3028 3696 2555)
4(2555 3696 3698 2557)
4(2557 3698 3699 2558)
4(2553 2557 2558 2554)
4(2533 2553 2554 2534)
4(854 858 1543 1539)
4(1539 1543 1544 1540)
4(873 1539 1540 874)
4(836 854 1539 873)
4(832 836 873 869)
4(869 873 874 870)
4(870 874 880 877)
4(5874 870 877 5880)
4(5878 5880 877 875)
4(5878 875 876 5879)
4(875 877 880 878)
4(875 878 879 876)
4(878 880 1547 1545)
4(878 1545 1546 879)
4(1545 1547 1550 1548)
4(1545 1548 1549 1546)
4(4031 4033 4035 4034)
4(5870 5874 5880 5877)
4(5852 5870 5877 5858)
4(5848 5852 5858 5855)
4(3048 5848 5855 3054)
4(3052 3054 5855 5853)
4(3052 5853 5854 3053)
4(5853 5855 5858 5856)
4(5853 5856 5857 5854)
4(5856 5858 5877 5875)
4(5856 5875 5876 5857)
4(5875 5877 5880 5878)
4(5875 5878 5879 5876)
4(5836 832 869 5873)
4(5873 869 870 5874)
4(853 857 858 854)
4(846 850 857 853)
4(828 846 853 835)
4(835 853 854 836)
4(831 835 836 832)
4(824 828 835 831)
4(5828 824 831 5835)
4(5835 831 832 5836)
4(5831 5835 5836 5832)
4(5445 5828 5835 5831)
4(5427 5445 5831 5434)
4(5434 5831 5832 5435)
4(5435 5832 5869 5851)
4(5832 5836 5873 5869)
4(5869 5873 5874 5870)
4(5851 5869 5870 5852)
4(4025 4029 4030 4026)
4(5405 4026 4033 5411)
4(4026 4030 4035 4033)
4(5409 5411 4033 4031)
4(5409 4031 4032 5410)
4(5410 4032 331 1554)
4(845 849 850 846)
4(845 1553 1554 849)
4(5407 5410 1554 1553)
4(5001 5407 1553 1552)
4(827 1552 1553 845)
4(827 845 846 828)
4(5404 4025 4026 5405)
4(5400 5412 5413 5404)
4(5400 5404 5405 5401)
4(5401 5405 5411 5408)
4(4996 5401 5408 5002)
4(4965 4984 5412 5397)
4(4984 4987 5413 5412)
4(4995 5397 5412 5400)
4(4995 5400 5401 4996)
4(5406 5408 5411 5409)
4(5406 5409 5410 5407)
4(4103 4107 4645 4138)
4(4138 4645 4646 4139)
4(5077 5079 5080 5078)
4(4649 4653 5079 5077)
4(4139 4646 4653 4649)
4(3204 4649 5077 3682)
4(3197 4139 4649 3204)
4(3682 5077 5078 3683)
4(3680 3682 3683 3681)
4(958 3676 3677 959)
4(3676 3678 3679 3677)
4(3678 3680 3681 3679)
4(3200 3204 3682 3680)
4(3193 3197 3204 3200)
4(3184 3200 3680 3678)
4(3177 3193 3200 3184)
4(3176 3192 3193 3177)
4(3192 3196 3197 3193)
4(3196 4138 4139 3197)
4(3165 4103 4138 3196)
4(3164 4102 4103 3165)
4(4102 4106 4107 4103)
4(4106 4126 4127 4107)
4(4126 4130 4131 4127)
4(4130 2537 2538 4131)
4(2537 2541 2542 2538)
4(2530 2534 2541 2537)
4(4123 2530 2537 4130)
4(4119 4123 4130 4126)
4(4099 4119 4126 4106)
4(2529 2533 2534 2530)
4(4122 2529 2530 4123)
4(4118 4122 4123 4119)
4(3541 1522 2527 4120)
4(4120 2527 2529 4122)
4(2527 2531 2533 2529)
4(1522 1525 2531 2527)
4(2531 2551 2553 2533)
4(1525 1967 2551 2531)
4(2551 2555 2557 2553)
4(1967 1970 2555 2551)
4(4116 4120 4122 4118)
4(2516 3161 3192 3176)
4(3161 3165 3196 3192)
4(2512 2516 3176 3172)
4(3180 3184 3678 3676)
4(3173 3177 3184 3180)
4(6155 3180 3676 958)
4(6148 3173 3180 6155)
4(4095 4099 4106 4102)
4(3157 4095 4102 3164)
4(4098 4118 4119 4099)
4(3156 4094 4095 3157)
4(4094 4098 4099 4095)
4(4092 4096 4098 4094)
4(4096 4116 4118 4098)
4(3519 3538 4116 4096)
4(3538 3541 4120 4116)
4(3154 4092 4094 3156)
4(1930 3516 4092 3154)
4(3516 3519 4096 4092)
4(5000 5002 5408 5406)
4(5000 5406 5407 5001)
4(4997 5000 5001 4998)
4(4997 4999 5002 5000)
4(3989 4998 1551 281)
4(4998 5001 1552 1551)
4(823 1551 1552 827)
4(823 827 828 824)
4(5827 281 1551 823)
4(5827 823 824 5828)
4(3973 3986 280 5882)
4(3986 3989 281 280)
4(5444 280 281 5827)
4(5444 5827 5828 5445)
4(5426 5882 280 5444)
4(5426 5444 5445 5427)
4(3970 3973 5882 5881)
4(5422 5881 5882 5426)
4(5431 5435 5851 5847)
4(5847 5851 5852 5848)
4(3047 5847 5848 3048)
4(3010 5431 5847 3047)
4(3009 5430 5431 3010)
4(5430 5434 5435 5431)
4(5423 5427 5434 5430)
4(3002 5423 5430 3009)
4(3001 3548 5881 5422)
4(3001 5422 5423 3002)
4(5422 5426 5427 5423)
4(811 3970 5881 3548)
4(3044 3048 3054 3051)
4(3026 3044 3051 3032)
4(3022 3026 3032 3029)
4(1965 3022 3029 1971)
4(1969 1971 3029 3027)
4(1969 3027 3028 1970)
4(3027 3029 3032 3030)
4(3027 3030 3031 3028)
4(3030 3032 3051 3049)
4(3030 3049 3050 3031)
4(3049 3051 3054 3052)
4(3049 3052 3053 3050)
4(3005 3009 3010 3006)
4(2998 3002 3009 3005)
4(2460 2998 3005 2467)
4(2467 3005 3006 2468)
4(2468 3006 3043 3025)
4(3006 3010 3047 3043)
4(3043 3047 3048 3044)
4(3025 3043 3044 3026)
4(2464 2468 3025 3021)
4(3021 3025 3026 3022)
4(1964 3021 3022 1965)
4(1504 2464 3021 1964)
4(1503 2463 2464 1504)
4(2463 2467 2468 2464)
4(2456 2460 2467 2463)
4(1496 2456 2463 1503)
4(1495 1975 3055 2455)
4(1495 2455 2456 1496)
4(2455 3055 3056 2459)
4(2455 2459 2460 2456)
4(2459 3056 3547 2997)
4(2459 2997 2998 2460)
4(2997 3547 3548 3001)
4(2997 3001 3002 2998)
4(808 811 3548 3547)
4(4978 4982 4988 4985)
4(4960 4978 4985 4966)
4(3612 3616 3079 3076)
4(3612 3624 3627 3616)
4(3066 3612 3076 3073)
4(3066 3605 3624 3612)
4(4992 4996 5002 4999)
4(3984 4992 4999 3990)
4(3988 3990 4999 4997)
4(3988 4997 4998 3989)
4(4991 4995 4996 4992)
4(4991 5003 5397 4995)
4(4962 4965 5397 5003)
4(3959 4962 5003 3992)
4(3983 3992 5003 4991)
4(3983 4991 4992 3984)
4(3980 3984 3990 3987)
4(3985 3987 3990 3988)
4(3968 3980 3987 3974)
4(3985 3988 3989 3986)
4(3972 3985 3986 3973)
4(3972 3974 3987 3985)
4(3979 3983 3984 3980)
4(3979 3991 3992 3983)
4(3956 3959 3992 3991)
4(3593 3956 3991 3976)
4(3967 3976 3991 3979)
4(3967 3979 3980 3968)
4(3590 3593 3976 3975)
4(3963 3975 3976 3967)
4(3964 3968 3974 3971)
4(806 3964 3971 812)
4(795 808 3547 3056)
4(807 809 812 810)
4(807 810 811 808)
4(810 3969 3970 811)
4(810 812 3971 3969)
4(3969 3971 3974 3972)
4(3969 3972 3973 3970)
4(805 3963 3964 806)
4(3963 3967 3968 3964)
4(805 814 3975 3963)
4(781 3590 3975 814)
4(4983 4986 4987 4984)
4(4983 4985 4988 4986)
4(4964 4966 4985 4983)
4(4964 4983 4984 4965)
4(4961 4964 4965 4962)
4(4961 4963 4966 4964)
4(4956 4960 4966 4963)
4(3954 4956 4963 3960)
4(3950 3075 3078 3954)
4(3950 3954 3960 3957)
4(3588 3072 3075 3950)
4(3588 3950 3957 3594)
4(3584 3069 3072 3588)
4(3584 3588 3594 3591)
4(776 5905 3069 3584)
4(776 3584 3591 782)
4(3062 3066 3073 3070)
4(3062 3602 3605 3066)
4(309 3062 3070 5906)
4(309 320 3602 3062)
4(3074 3077 3078 3075)
4(3074 3076 3079 3077)
4(3071 3073 3076 3074)
4(3071 3074 3075 3072)
4(3068 3071 3072 3069)
4(3068 3070 3073 3071)
4(5904 5906 3070 3068)
4(5904 3068 3069 5905)
4(5901 5904 5905 5902)
4(772 5902 5905 776)
4(5901 5903 5906 5904)
4(772 776 782 779)
4(274 5899 5902 772)
4(274 772 779 760)
4(1961 1965 1971 1968)
4(1520 1961 1968 1526)
4(1516 1520 1526 1523)
4(3536 1516 1523 3542)
4(3540 3542 1523 1521)
4(3540 1521 1522 3541)
4(1521 1524 1525 1522)
4(1521 1523 1526 1524)
4(1524 1966 1967 1525)
4(1524 1526 1968 1966)
4(1966 1968 1971 1969)
4(1966 1969 1970 1967)
4(792 795 3056 3055)
4(5823 792 3055 1975)
4(1500 1504 1964 1960)
4(1960 1964 1965 1961)
4(1519 1960 1961 1520)
4(1482 1500 1960 1519)
4(1478 1482 1519 1515)
4(1515 1519 1520 1516)
4(3535 1515 1516 3536)
4(2970 1478 1515 3535)
4(2969 1477 1478 2970)
4(1477 1481 1482 1478)
4(1481 1499 1500 1482)
4(1499 1503 1504 1500)
4(1492 1496 1503 1499)
4(1474 1492 1499 1481)
4(1470 1474 1481 1477)
4(2962 1470 1477 2969)
4(3160 3164 3165 3161)
4(3153 3157 3164 3160)
4(2508 3153 3160 2515)
4(2515 3160 3161 2516)
4(2511 2515 2516 2512)
4(373 959 3145 3144)
4(3623 3626 3627 3624)
4(3623 3625 3628 3626)
4(3625 4017 4018 3628)
4(4012 4020 4022 4016)
4(4002 4008 4020 4012)
4(4000 4010 4017 4004)
4(4000 4002 4012 4010)
4(4010 4014 4018 4017)
4(4010 4012 4016 4014)
4(3606 4004 4017 3625)
4(3603 4003 4004 3606)
4(3998 4006 4008 4002)
4(905 911 4006 3998)
4(903 3996 4003 907)
4(903 905 3998 3996)
4(3996 4000 4004 4003)
4(3996 3998 4002 4000)
4(321 907 4003 3603)
4(319 321 3603 3601)
4(319 3601 3602 320)
4(3601 3604 3605 3602)
4(3601 3603 3606 3604)
4(3604 3606 3625 3623)
4(3604 3623 3624 3605)
4(316 319 320 317)
4(305 317 320 309)
4(316 318 321 319)
4(318 906 907 321)
4(305 309 5906 5903)
4(287 305 5903 5900)
4(287 298 317 305)
4(5898 5900 5903 5901)
4(5898 5901 5902 5899)
4(5895 5898 5899 5896)
4(5895 5897 5900 5898)
4(270 5896 5899 274)
4(270 274 760 277)
4(5374 4526 5896 270)
4(5374 270 277 5380)
4(4525 5895 5896 4526)
4(283 287 5900 5897)
4(283 295 298 287)
4(5035 283 5897 4527)
4(5035 5046 295 283)
4(802 806 812 809)
4(790 802 809 796)
4(789 798 813 801)
4(789 801 802 790)
4(801 813 814 805)
4(801 805 806 802)
4(778 781 814 813)
4(279 778 813 798)
4(276 279 798 797)
4(785 797 798 789)
4(785 789 790 786)
4(786 790 796 793)
4(5818 786 793 5824)
4(5379 276 797 5826)
4(5817 5826 797 785)
4(5817 785 786 5818)
4(794 807 808 795)
4(794 796 809 807)
4(791 793 796 794)
4(791 794 795 792)
4(5822 791 792 5823)
4(5822 5824 793 791)
4(910 4005 4006 911)
4(4005 4007 4008 4006)
4(4007 4019 4020 4008)
4(4019 4021 4022 4020)
4(3958 3960 4963 4961)
4(3958 4961 4962 3959)
4(3955 3957 3960 3958)
4(3955 3958 3959 3956)
4(3592 3594 3957 3955)
4(3592 3955 3956 3593)
4(372 958 959 373)
4(6151 6155 958 372)
4(6144 6148 6155 6151)
4(6132 6144 6151 6136)
4(6128 6132 6136 6134)
4(5072 6128 6134 5076)
4(6116 6120 6147 6143)
4(6120 2512 3172 6147)
4(6147 3172 3173 6148)
4(3172 3176 3177 3173)
4(6143 6147 6148 6144)
4(6131 6143 6144 6132)
4(5589 6116 6143 6131)
4(5585 5589 6131 6127)
4(6127 6131 6132 6128)
4(5071 6127 6128 5072)
4(4631 5585 6127 5071)
4(5068 5072 5076 5074)
4(4643 5068 5074 5060)
4(4607 4627 5067 4642)
4(4627 4631 5071 5067)
4(5067 5071 5072 5068)
4(4642 5067 5068 4643)
4(4638 4642 4643 4639)
4(4639 4643 5060 5058)
4(6092 4639 5058 6096)
4(3152 3156 3157 3153)
4(2507 3152 3153 2508)
4(2503 2507 2508 2504)
4(6119 2511 2512 6120)
4(6112 2504 2511 6119)
4(2504 2508 2515 2511)
4(3150 3154 3156 3152)
4(1927 1930 3154 3150)
4(1908 1927 3150 2505)
4(2505 3150 3152 2507)
4(3537 3540 3541 3538)
4(3537 3539 3542 3540)
4(3532 3536 3542 3539)
4(3514 3532 3539 3520)
4(3510 3514 3520 3517)
4(1925 3510 3517 1931)
4(1929 1931 3517 3515)
4(1929 3515 3516 1930)
4(3515 3517 3520 3518)
4(3515 3518 3519 3516)
4(3518 3520 3539 3537)
4(3518 3537 3538 3519)
4(2965 2969 2970 2966)
4(2966 2970 3535 3531)
4(3531 3535 3536 3532)
4(3513 3531 3532 3514)
4(2948 2966 3531 3513)
4(6115 6119 6120 6116)
4(6108 6112 6119 6115)
4(5581 6108 6115 5588)
4(5588 6115 6116 5589)
4(5584 5588 5589 5585)
4(5577 5581 5588 5584)
4(4623 5577 5584 4630)
4(4630 5584 5585 4631)
4(1905 1908 2505 2501)
4(2501 2505 2507 2503)
4(6111 2503 2504 6112)
4(6109 2501 2503 6111)
4(4906 1905 2501 6109)
4(6107 6111 6112 6108)
4(6105 6109 6111 6107)
4(5580 6107 6108 5581)
4(5576 5580 5581 5577)
4(4622 5576 5577 4623)
4(4620 5574 5576 4622)
4(3932 4881 5574 4620)
4(4881 4884 5578 5574)
4(5574 5578 5580 5576)
4(4884 4903 6105 5578)
4(5578 6105 6107 5580)
4(4903 4906 6109 6105)
4(3589 3592 3593 3590)
4(3589 3591 3594 3592)
4(780 782 3591 3589)
4(780 3589 3590 781)
4(5820 5823 1975 1974)
4(1491 1974 1975 1495)
4(5393 5820 1974 1973)
4(1473 1973 1974 1491)
4(1473 1491 1492 1474)
4(1491 1495 1496 1492)
4(1469 1473 1474 1470)
4(1469 1972 1973 1473)
4(1399 5390 1972 3546)
4(5390 5393 1973 1972)
4(2961 3546 1972 1469)
4(2961 1469 1470 2962)
4(3509 3513 3514 3510)
4(1924 3509 3510 1925)
4(1887 2944 3509 1924)
4(2944 2948 3513 3509)
4(2943 2947 2948 2944)
4(2947 2965 2966 2948)
4(2958 2962 2969 2965)
4(2940 2958 2965 2947)
4(1921 1925 1931 1928)
4(1903 1921 1928 1909)
4(1899 1903 1909 1906)
4(4901 1899 1906 4907)
4(1883 1887 1924 1920)
4(1920 1924 1925 1921)
4(1902 1920 1921 1903)
4(1424 1883 1920 1902)
4(1420 1424 1902 1898)
4(1898 1902 1903 1899)
4(4900 1898 1899 4901)
4(4863 1420 1898 4900)
4(5031 5035 4527 4524)
4(5031 5043 5046 5035)
4(5013 5031 4524 4521)
4(5013 5024 5043 5031)
4(4519 4521 4524 4522)
4(4522 4524 4527 4525)
4(4525 4527 5897 5895)
4(4522 4525 4526 4523)
4(5370 5374 5380 5377)
4(5370 4523 4526 5374)
4(5352 5370 5377 5358)
4(5352 4520 4523 5370)
4(5348 5352 5358 5355)
4(5348 4517 4520 5352)
4(672 5348 5355 678)
4(672 233 4517 5348)
4(5814 5818 5824 5821)
4(5388 5814 5821 5394)
4(5384 5388 5394 5391)
4(1394 5384 5391 1400)
4(1390 1394 1400 1397)
4(1378 1390 1397 1384)
4(1382 1384 1397 1395)
4(1382 1395 1396 1383)
4(1395 1397 1400 1398)
4(1395 1398 1399 1396)
4(1398 5389 5390 1399)
4(1398 1400 5391 5389)
4(5389 5391 5394 5392)
4(5389 5392 5393 5390)
4(5392 5819 5820 5393)
4(5392 5394 5821 5819)
4(5819 5821 5824 5822)
4(5819 5822 5823 5820)
4(5387 5813 5814 5388)
4(5813 5817 5818 5814)
4(5813 5825 5826 5817)
4(5376 5379 5826 5825)
4(5357 5376 5825 5396)
4(5387 5396 5825 5813)
4(5383 5395 5396 5387)
4(5383 5387 5388 5384)
4(5354 5357 5396 5395)
4(677 5354 5395 1402)
4(1393 1402 5395 5383)
4(1393 5383 5384 1394)
4(1396 1399 3546 3545)
4(2957 3545 3546 2961)
4(1383 1396 3545 3544)
4(2939 3544 3545 2957)
4(2939 2957 2958 2940)
4(2957 2961 2962 2958)
4(1926 1929 1930 1927)
4(1926 1928 1931 1929)
4(1907 1909 1928 1926)
4(1907 1926 1927 1908)
4(2936 2940 2947 2943)
4(1879 2936 2943 1886)
4(1886 2943 2944 1887)
4(2935 2939 2940 2936)
4(2935 3543 3544 2939)
4(1380 1383 3544 3543)
4(5778 1380 3543 2402)
4(1878 2402 3543 2935)
4(1878 2935 2936 1879)
4(1882 1886 1887 1883)
4(1875 1879 1886 1882)
4(1416 1875 1882 1423)
4(1423 1882 1883 1424)
4(1419 1423 1424 1420)
4(1412 1416 1423 1419)
4(4855 1412 1419 4862)
4(4862 1419 1420 4863)
4(1904 1906 1909 1907)
4(1904 1907 1908 1905)
4(4905 4907 1906 1904)
4(4905 1904 1905 4906)
4(4626 4630 4631 4627)
4(4619 4623 4630 4626)
4(4599 4619 4626 4606)
4(4606 4626 4627 4607)
4(4602 4606 4607 4603)
4(4603 4607 4642 4638)
4(5551 4603 4638 6091)
4(6091 4638 4639 6092)
4(6088 6092 6096 6094)
4(5563 6088 6094 6080)
4(777 779 782 780)
4(777 780 781 778)
4(278 760 779 777)
4(278 777 778 279)
4(275 277 760 278)
4(275 278 279 276)
4(5378 5380 277 275)
4(5378 275 276 5379)
4(297 316 317 298)
4(297 299 318 316)
4(299 893 906 318)
4(901 909 911 905)
4(891 897 909 901)
4(896 908 909 897)
4(908 910 911 909)
4(894 896 897 895)
4(887 895 897 891)
4(5884 5890 895 887)
4(885 887 891 889)
4(885 889 893 892)
4(889 899 906 893)
4(889 891 901 899)
4(899 903 907 906)
4(899 901 905 903)
4(5889 894 895 5890)
4(296 892 893 299)
4(5047 5886 892 296)
4(5479 885 892 5886)
4(5479 5884 887 885)
4(294 296 299 297)
4(294 297 298 295)
4(5045 294 295 5046)
4(5045 5047 296 294)
4(5475 5477 5884 5479)
4(5887 5889 5890 5888)
4(5477 5888 5890 5884)
4(5467 5473 5888 5477)
4(5475 5479 5886 5885)
4(5044 5885 5886 5047)
4(5025 5469 5885 5044)
4(5465 5475 5885 5469)
4(5465 5467 5477 5475)
4(5472 5887 5888 5473)
4(5461 5463 5467 5465)
4(5470 5472 5473 5471)
4(5463 5471 5473 5467)
4(1452 1458 5471 5463)
4(5461 5465 5469 5468)
4(5022 5468 5469 5025)
4(727 1454 5468 5022)
4(1450 5461 5468 1454)
4(1450 1452 5463 5461)
4(1457 5470 5471 1458)
4(5023 5025 5044 5042)
4(5042 5044 5047 5045)
4(5042 5045 5046 5043)
4(5023 5042 5043 5024)
4(5020 5022 5025 5023)
4(5020 5023 5024 5021)
4(5009 5021 5024 5013)
4(5009 5013 4521 4518)
4(715 726 5021 5009)
4(715 5009 4518 234)
4(725 727 5022 5020)
4(725 5020 5021 726)
4(5375 5378 5379 5376)
4(5375 5377 5380 5378)
4(5356 5358 5377 5375)
4(5356 5375 5376 5357)
4(5353 5356 5357 5354)
4(5353 5355 5358 5356)
4(676 678 5355 5353)
4(676 5353 5354 677)
4(1455 1457 1458 1456)
4(1448 1456 1458 1452)
4(747 1444 1456 1448)
4(1446 1450 1454 1453)
4(1446 1448 1452 1450)
4(724 1453 1454 727)
4(214 749 1453 724)
4(745 1446 1453 749)
4(745 747 1448 1446)
4(1443 1455 1456 1444)
4(750 1443 1444 751)
4(743 751 1444 747)
4(5796 5800 751 743)
4(5799 750 751 5800)
4(5794 5796 743 741)
4(741 743 747 745)
4(741 745 749 748)
4(211 748 749 214)
4(5794 741 748 5798)
4(5324 5798 748 211)
4(5322 5324 211 209)
4(5322 209 210 5323)
4(209 211 214 212)
4(209 212 213 210)
4(212 214 724 722)
4(212 722 723 213)
4(722 724 727 725)
4(722 725 726 723)
4(668 672 678 675)
4(668 230 233 672)
4(650 668 675 656)
4(650 5805 230 668)
4(5804 5806 231 229)
4(5804 229 230 5805)
4(229 232 233 230)
4(229 231 234 232)
4(232 234 4518 4516)
4(232 4516 4517 233)
4(4516 4518 4521 4519)
4(4516 4519 4520 4517)
4(4519 4522 4523 4520)
4(927 929 3143 3142)
4(4618 4622 4623 4619)
4(4598 4618 4619 4599)
4(4595 4599 4606 4602)
4(5543 4595 4602 5550)
4(5550 4602 4603 5551)
4(6087 6091 6092 6088)
4(5547 5551 6091 6087)
4(5527 5547 6087 5562)
4(5562 6087 6088 5563)
4(5558 5562 5563 5559)
4(5559 5563 6080 5565)
4(4579 5559 5565 4583)
4(4578 5558 5559 4579)
4(5523 5527 5562 5558)
4(4551 5523 5558 4578)
4(4550 5522 5523 4551)
4(5522 5526 5527 5523)
4(5526 5546 5547 5527)
4(5546 5550 5551 5547)
4(5539 5543 5550 5546)
4(5519 5539 5546 5526)
4(5515 5519 5526 5522)
4(4543 5515 5522 4550)
4(4542 5514 5515 4543)
4(5514 5518 5519 5515)
4(5518 5538 5539 5519)
4(5538 5542 5543 5539)
4(5542 4594 4595 5543)
4(4594 4598 4599 4595)
4(4834 3907 4592 5540)
4(5540 4592 4594 5542)
4(4592 4596 4598 4594)
4(3907 3910 4596 4592)
4(3910 3929 4616 4596)
4(4596 4616 4618 4598)
4(4616 4620 4622 4618)
4(3929 3932 4620 4616)
4(5536 5540 5542 5538)
4(4831 4834 5540 5536)
4(4540 5512 5514 4542)
4(3416 4809 5512 4540)
4(4809 4812 5516 5512)
4(5512 5516 5518 5514)
4(5516 5536 5538 5518)
4(4812 4831 5536 5516)
4(4575 4579 4583 4581)
4(4563 4575 4581 4567)
4(4559 4563 4567 4565)
4(1642 4559 4565 1646)
4(1874 1878 1879 1875)
4(1874 2401 2402 1878)
4(5762 5775 2401 1933)
4(5775 5778 2402 2401)
4(1415 1933 2401 1874)
4(1415 1874 1875 1416)
4(1411 1932 1933 1415)
4(1411 1415 1416 1412)
4(2924 5759 1932 5242)
4(5759 5762 1933 1932)
4(4854 5242 1932 1411)
4(4854 1411 1412 4855)
4(4897 4901 4907 4904)
4(4879 4897 4904 4885)
4(4875 4879 4885 4882)
4(3927 4875 4882 3933)
4(3931 3933 4882 4880)
4(3931 4880 4881 3932)
4(4880 4883 4884 4881)
4(4880 4882 4885 4883)
4(4883 4902 4903 4884)
4(4883 4885 4904 4902)
4(4902 4904 4907 4905)
4(4902 4905 4906 4903)
4(4878 4896 4897 4879)
4(4896 4900 4901 4897)
4(4859 4863 4900 4896)
4(4841 4859 4896 4878)
4(4874 4878 4879 4875)
4(3926 4874 4875 3927)
4(3494 4499 4874 3926)
4(4499 4841 4878 4874)
4(4498 4840 4841 4499)
4(4840 4858 4859 4841)
4(4858 4862 4863 4859)
4(4851 4855 4862 4858)
4(4495 4851 4858 4840)
4(4494 5240 5241 4850)
4(4494 4850 4851 4495)
4(4850 5241 5242 4854)
4(4850 4854 4855 4851)
4(2921 2924 5242 5241)
4(2908 2921 5241 5240)
4(1863 2905 4908 3937)
4(2905 2908 5240 4908)
4(4490 4908 5240 4494)
4(3922 3926 3927 3923)
4(3923 3927 3933 3930)
4(3905 3923 3930 3911)
4(3490 3494 3926 3922)
4(3472 3490 3922 3904)
4(3904 3922 3923 3905)
4(3505 3904 3905 3506)
4(3506 3905 3911 3908)
4(4829 3506 3908 4835)
4(3468 3472 3904 3505)
4(4425 3468 3505 4828)
4(4828 3505 3506 4829)
4(3909 3911 3930 3928)
4(3928 3930 3933 3931)
4(3928 3931 3932 3929)
4(3909 3928 3929 3910)
4(3906 3908 3911 3909)
4(3906 3909 3910 3907)
4(4833 3906 3907 4834)
4(4833 4835 3908 3906)
4(4424 3467 3468 4425)
4(3467 3471 3472 3468)
4(3471 3489 3490 3472)
4(3489 3493 3494 3490)
4(3493 4498 4499 3494)
4(1377 1389 1390 1378)
4(1389 1393 1394 1390)
4(1389 1401 1402 1393)
4(674 677 1402 1401)
4(655 674 1401 1386)
4(1377 1386 1401 1389)
4(1373 1385 1386 1377)
4(1373 1377 1378 1374)
4(1374 1378 1384 1381)
4(5773 1374 1381 5779)
4(5772 5781 1385 1373)
4(5772 1373 1374 5773)
4(5748 652 1385 5781)
4(652 655 1386 1385)
4(1379 1381 1384 1382)
4(1379 1382 1383 1380)
4(5777 5779 1381 1379)
4(5777 1379 1380 5778)
4(5768 5772 5773 5769)
4(5768 5780 5781 5772)
4(4491 4495 4840 4498)
4(3486 4491 4498 3493)
4(3485 4490 4491 3486)
4(3485 3937 4908 4490)
4(4490 4494 4495 4491)
4(673 676 677 674)
4(673 675 678 676)
4(654 656 675 673)
4(654 673 674 655)
4(220 715 234 231)
4(220 723 726 715)
4(202 220 231 5806)
4(202 213 723 220)
4(5801 5804 5805 5802)
4(646 5802 5805 650)
4(5801 5803 5806 5804)
4(646 650 656 653)
4(5743 4919 5802 646)
4(5743 646 653 5749)
4(4918 4920 5803 5801)
4(4918 5801 5802 4919)
4(198 202 5806 5803)
4(198 210 213 202)
4(5312 198 5803 4920)
4(5312 5323 210 198)
4(4915 4918 4919 4916)
4(5739 4916 4919 5743)
4(4915 4917 4920 4918)
4(5290 5301 5320 5308)
4(5290 5308 4917 4914)
4(5308 5320 5323 5312)
4(5308 5312 4920 4917)
4(5286 5298 5301 5290)
4(5286 5290 4914 4911)
4(2434 5286 4911 1951)
4(2434 2445 5298 5286)
4(4043 923 3140 6010)
4(923 925 3141 3140)
4(925 927 3142 3141)
4(1638 1642 1646 1644)
4(1626 1638 1644 1630)
4(1622 1626 1630 1628)
4(363 1622 1628 370)
4(4546 4550 4551 4547)
4(4547 4551 4578 4574)
4(4574 4578 4579 4575)
4(4562 4574 4575 4563)
4(4075 4547 4574 4562)
4(4558 4562 4563 4559)
4(4071 4075 4562 4558)
4(1614 4071 4558 1641)
4(1641 4558 4559 1642)
4(1613 4070 4071 1614)
4(4070 4074 4075 4071)
4(4074 4546 4547 4075)
4(4539 4543 4550 4546)
4(4067 4539 4546 4074)
4(4066 4538 4539 4067)
4(4538 4542 4543 4539)
4(4062 4066 4067 4063)
4(4063 4067 4074 4070)
4(1606 4063 4070 1613)
4(1605 4062 4063 1606)
4(1603 4060 4062 1605)
4(163 3391 4060 1603)
4(4060 4064 4066 4062)
4(3391 3394 4064 4060)
4(4064 4536 4538 4066)
4(3394 3413 4536 4064)
4(4536 4540 4542 4538)
4(3413 3416 4540 4536)
4(1609 1613 1614 1610)
4(1610 1614 1641 1637)
4(1637 1641 1642 1638)
4(1625 1637 1638 1626)
4(953 1610 1637 1625)
4(1621 1625 1626 1622)
4(949 953 1625 1621)
4(6058 949 1621 362)
4(362 1621 1622 363)
4(6057 948 949 6058)
4(948 952 953 949)
4(952 1609 1610 953)
4(1602 1606 1613 1609)
4(945 1602 1609 952)
4(944 1601 1602 945)
4(1601 1605 1606 1602)
4(941 945 952 948)
4(6050 941 948 6057)
4(940 944 945 941)
4(6049 940 941 6050)
4(924 926 927 925)
4(926 928 929 927)
4(366 370 928 926)
4(359 363 370 366)
4(6077 366 926 924)
4(6070 359 366 6077)
4(4042 922 923 4043)
4(922 924 925 923)
4(6073 6077 924 922)
4(6066 6070 6077 6073)
4(358 362 363 359)
4(6054 6058 362 358)
4(6034 6054 358 6069)
4(6069 358 359 6070)
4(6065 6069 6070 6066)
4(3674 6073 922 4042)
4(3667 6066 6073 3674)
4(4041 4043 6010 6009)
4(4039 4041 6009 6008)
4(2480 4037 6007 5057)
4(4037 4039 6008 6007)
4(1599 1603 1605 1601)
4(942 1599 1601 944)
4(141 160 1599 942)
4(160 163 1603 1599)
4(3482 3486 3493 3489)
4(3464 3482 3489 3471)
4(1847 1860 3936 3935)
4(1860 1863 3937 3936)
4(3481 3936 3937 3485)
4(3481 3485 3486 3482)
4(1862 2904 2905 1863)
4(2904 2907 2908 2905)
4(2907 2920 2921 2908)
4(2920 2923 2924 2921)
4(2923 5758 5759 2924)
4(5758 5761 5762 5759)
4(5761 5774 5775 5762)
4(5774 5777 5778 5775)
4(5774 5776 5779 5777)
4(5769 5773 5779 5776)
4(5757 5769 5776 5763)
4(5761 5763 5776 5774)
4(5745 5748 5781 5780)
4(5726 5745 5780 5765)
4(5756 5765 5780 5768)
4(5756 5768 5769 5757)
4(5752 5756 5757 5753)
4(5752 5764 5765 5756)
4(5753 5757 5763 5760)
4(2919 5753 5760 2925)
4(2923 2925 5760 5758)
4(5758 5760 5763 5761)
4(2918 5752 5753 2919)
4(2918 3450 5764 5752)
4(2894 5723 5764 3450)
4(5723 5726 5765 5764)
4(651 654 655 652)
4(651 653 656 654)
4(5747 5749 653 651)
4(5747 651 652 5748)
4(5744 5747 5748 5745)
4(5744 5746 5749 5747)
4(5739 5743 5749 5746)
4(5721 4913 4916 5739)
4(5721 5739 5746 5727)
4(5278 4910 4913 5721)
4(5278 5721 5727 5724)
4(2889 1950 4910 5278)
4(2889 5278 5724 2895)
4(2915 2919 2925 2922)
4(2903 2915 2922 2909)
4(2907 2909 2922 2920)
4(2920 2922 2925 2923)
4(2902 2914 2915 2903)
4(2914 2918 2919 2915)
4(2914 2926 3450 2918)
4(2891 2894 3450 2926)
4(2872 2891 2926 2911)
4(2902 2911 2926 2914)
4(2898 2910 2911 2902)
4(2898 2902 2903 2899)
4(2899 2903 2909 2906)
4(1858 2899 2906 1864)
4(1857 1866 2910 2898)
4(1857 2898 2899 1858)
4(1365 2869 2910 1866)
4(2869 2872 2911 2910)
4(5792 5794 5798 5797)
4(5321 5797 5798 5324)
4(5788 5792 5797 5790)
4(5302 5790 5797 5321)
4(5299 5789 5790 5302)
4(2990 5786 5789 2992)
4(5786 5788 5790 5789)
4(2446 2992 5789 5299)
4(2444 2446 5299 5297)
4(2444 5297 5298 2445)
4(5297 5299 5302 5300)
4(5297 5300 5301 5298)
4(5300 5302 5321 5319)
4(5300 5319 5320 5301)
4(5319 5321 5324 5322)
4(5319 5322 5323 5320)
4(4912 4914 4917 4915)
4(4912 4915 4916 4913)
4(4909 4911 4914 4912)
4(4909 4912 4913 4910)
4(1949 4909 4910 1950)
4(1949 1951 4911 4909)
4(2430 2434 1951 1948)
4(1946 1948 1951 1949)
4(2430 2442 2445 2434)
4(2412 2430 1948 1945)
4(2412 2423 2442 2430)
4(1943 1946 1947 1944)
4(1943 1945 1948 1946)
4(1946 1949 1950 1947)
4(2885 1947 1950 2889)
4(2885 2889 2895 2892)
4(2867 1944 1947 2885)
4(2867 2885 2892 2873)
4(4825 4829 4835 4832)
4(4441 4825 4832 4813)
4(4421 4425 4828 4824)
4(4824 4828 4829 4825)
4(4440 4824 4825 4441)
4(4403 4421 4824 4440)
4(4399 4403 4440 4436)
4(4437 4441 4813 4810)
4(3411 4437 4810 3417)
4(3373 4399 4436 3410)
4(3410 4436 4437 3411)
4(4436 4440 4441 4437)
4(4830 4832 4835 4833)
4(4830 4833 4834 4831)
4(4811 4813 4832 4830)
4(4811 4830 4831 4812)
4(2904 2906 2909 2907)
4(1862 1864 2906 2904)
4(5725 5744 5745 5726)
4(5725 5727 5746 5744)
4(2441 2443 2446 2444)
4(2988 2990 2992 2991)
4(2443 2991 2992 2446)
4(2408 2412 1945 1942)
4(2408 2420 2423 2412)
4(712 2408 1942 757)
4(712 1435 2420 2408)
4(1854 1858 1864 1861)
4(1842 1854 1861 1848)
4(1370 1842 1848 1845)
4(3463 3935 3936 3481)
4(3463 3481 3482 3464)
4(1844 1847 3935 3934)
4(3459 3934 3935 3463)
4(2769 1844 3934 4839)
4(4416 4839 3934 3459)
4(4416 3459 3460 4417)
4(3459 3463 3464 3460)
4(3460 3464 3471 3467)
4(4413 4417 4424 4420)
4(4417 3460 3467 4424)
4(4420 4424 4425 4421)
4(4402 4420 4421 4403)
4(4395 4413 4420 4402)
4(2984 2988 2991 2986)
4(2424 2986 2991 2443)
4(2421 2985 2986 2424)
4(2982 2984 2986 2985)
4(1937 2982 2985 1939)
4(1436 1939 2985 2421)
4(1434 1436 2421 2419)
4(1434 2419 2420 1435)
4(2419 2421 2424 2422)
4(2419 2422 2423 2420)
4(2422 2424 2443 2441)
4(2422 2441 2442 2423)
4(2441 2444 2445 2442)
4(5722 5724 5727 5725)
4(5722 5725 5726 5723)
4(2893 2895 5724 5722)
4(2893 5722 5723 2894)
4(1940 1942 1945 1943)
4(1940 1943 1944 1941)
4(2863 1941 1944 2867)
4(2863 2867 2873 2870)
4(2871 2890 2891 2872)
4(2871 2873 2892 2890)
4(2890 2892 2895 2893)
4(2890 2893 2894 2891)
4(2868 2871 2872 2869)
4(2868 2870 2873 2871)
4(1360 2863 2870 1366)
4(1364 1366 2870 2868)
4(1360 756 1941 2863)
4(1356 753 756 1360)
4(1356 1360 1366 1363)
4(1338 227 753 1356)
4(1338 1356 1363 1344)
4(1334 224 227 1338)
4(1334 1338 1344 1341)
4(2296 1835 224 1334)
4(2296 1334 1341 2302)
4(2300 2302 1341 1339)
4(2300 1339 1340 2301)
4(1339 1341 1344 1342)
4(1339 1342 1343 1340)
4(1342 1344 1363 1361)
4(1342 1361 1362 1343)
4(1361 1363 1366 1364)
4(1361 1364 1365 1362)
4(1364 2868 2869 1365)
4(3415 3417 4810 4808)
4(4808 4810 4813 4811)
4(4808 4811 4812 4809)
4(3415 4808 4809 3416)
4(3412 3414 3417 3415)
4(3412 3415 3416 3413)
4(3407 3411 3417 3414)
4(3389 3407 3414 3395)
4(3385 3389 3395 3392)
4(158 3385 3392 164)
4(162 164 3392 3390)
4(162 3390 3391 163)
4(3390 3393 3394 3391)
4(3390 3392 3395 3393)
4(3393 3395 3414 3412)
4(3393 3412 3413 3394)
4(1859 1862 1863 1860)
4(1859 1861 1864 1862)
4(1846 1848 1861 1859)
4(1846 1859 1860 1847)
4(1843 1846 1847 1844)
4(1843 1845 1848 1846)
4(2764 1370 1845 2770)
4(2768 2770 1845 1843)
4(2760 2764 2770 2767)
4(2310 2760 2767 2754)
4(2752 2754 2767 2765)
4(2752 2765 2766 2753)
4(2765 2768 2769 2766)
4(2765 2767 2770 2768)
4(2768 1843 1844 2769)
4(2766 2769 4839 4838)
4(4412 4838 4839 4416)
4(2753 2766 4838 4837)
4(4394 4837 4838 4412)
4(4394 4412 4413 4395)
4(4412 4416 4417 4413)
4(2750 2753 4837 4836)
4(4390 4836 4837 4394)
4(3369 3373 3410 3406)
4(3406 3410 3411 3407)
4(3388 3406 3407 3389)
4(2794 3369 3406 3388)
4(3384 3388 3389 3385)
4(2790 2794 3388 3384)
4(120 2790 3384 157)
4(157 3384 3385 158)
4(4398 4402 4403 4399)
4(4391 4395 4402 4398)
4(3365 4391 4398 3372)
4(3372 4398 4399 3373)
4(4390 4394 4395 4391)
4(1275 2750 4836 3847)
4(3364 3847 4836 4390)
4(3364 4390 4391 3365)
4(1272 1275 3847 3846)
4(3360 3846 3847 3364)
4(3368 3372 3373 3369)
4(3361 3365 3372 3368)
4(2786 3361 3368 2793)
4(2793 3368 3369 2794)
4(2789 2793 2794 2790)
4(154 158 164 161)
4(136 154 161 142)
4(116 120 157 153)
4(153 157 158 154)
4(135 153 154 136)
4(5716 116 153 135)
4(5712 5716 135 131)
4(131 135 136 132)
4(132 136 142 139)
4(5229 132 139 5235)
4(5233 137 138 5234)
4(5233 5235 139 137)
4(137 139 142 140)
4(137 140 141 138)
4(140 159 160 141)
4(140 142 161 159)
4(159 161 164 162)
4(159 162 163 160)
4(138 141 942 938)
4(938 942 944 940)
4(6047 938 940 6049)
4(5234 138 938 6047)
4(6046 6050 6057 6053)
4(6045 6049 6050 6046)
4(6025 6045 6046 6026)
4(6053 6057 6058 6054)
4(6033 6053 6054 6034)
4(6026 6046 6053 6033)
4(6022 6026 6033 6029)
4(4038 4040 4041 4039)
4(4040 4042 4043 4041)
4(3670 3674 4042 4040)
4(3663 3667 3674 3670)
4(3654 3670 4040 4038)
4(3139 3663 3670 3654)
4(2476 2478 5056 5048)
4(2478 2480 5057 5056)
4(2474 2476 5048 4532)
4(4532 5048 5050 4534)
4(1994 4534 4535 1995)
4(4534 5050 5051 4535)
4(4535 5051 5055 5053)
4(1995 4535 5053 1999)
4(1991 1995 1999 1997)
4(1983 1991 1997 1987)
4(1992 4532 4534 1994)
4(915 2474 4532 1992)
4(6030 6034 6069 6065)
4(3127 6030 6065 3666)
4(3666 6065 6066 3667)
4(3126 6029 6030 3127)
4(6029 6033 6034 6030)
4(3119 6022 6029 3126)
4(3122 3126 3127 3123)
4(3123 3127 3666 3662)
4(3662 3666 3667 3663)
4(3138 3662 3663 3139)
4(3103 3123 3662 3138)
4(3099 3103 3138 3134)
4(4036 4038 4039 4037)
4(3650 3654 4038 4036)
4(3135 3139 3654 3650)
4(2056 3650 4036 2479)
4(2049 3135 3650 2056)
4(2479 4036 4037 2480)
4(3134 3138 3139 3135)
4(2048 3134 3135 2049)
4(2017 3099 3134 2048)
4(2016 3098 3099 2017)
4(3098 3102 3103 3099)
4(3102 3122 3123 3103)
4(3095 3115 3122 3102)
4(3115 3119 3126 3122)
4(6021 6025 6026 6022)
4(3118 6021 6022 3119)
4(3114 3118 3119 3115)
4(3094 3114 3115 3095)
4(3090 3094 3095 3091)
4(686 690 228 225)
4(686 698 701 690)
4(690 708 754 228)
4(690 701 1432 708)
4(708 712 757 754)
4(708 1432 1435 712)
4(226 228 754 752)
4(226 752 753 227)
4(752 755 756 753)
4(752 754 757 755)
4(755 757 1942 1940)
4(755 1940 1941 756)
4(1935 1937 1939 1938)
4(1433 1938 1939 1436)
4(1440 1935 1938 1442)
4(702 1442 1938 1433)
4(699 1441 1442 702)
4(1438 1440 1442 1441)
4(2853 1438 1441 2855)
4(2361 2855 1441 699)
4(2359 2361 699 697)
4(2359 697 698 2360)
4(697 700 701 698)
4(697 699 702 700)
4(700 1431 1432 701)
4(700 702 1433 1431)
4(1431 1433 1436 1434)
4(1431 1434 1435 1432)
4(223 226 227 224)
4(223 225 228 226)
4(1818 686 225 1836)
4(1818 2360 698 686)
4(1834 1836 225 223)
4(1834 223 224 1835)
4(1831 1833 1836 1834)
4(1831 1834 1835 1832)
4(1796 1814 1833 1306)
4(1796 1807 2357 1814)
4(1814 1818 1836 1833)
4(1814 2357 2360 1818)
4(1792 1796 1306 1303)
4(1792 1804 1807 1796)
4(2292 1832 1835 2296)
4(2292 2296 2302 2299)
4(2274 1305 1832 2292)
4(2274 2292 2299 2280)
4(1304 1306 1833 1831)
4(1304 1831 1832 1305)
4(1301 1303 1306 1304)
4(1301 1304 1305 1302)
4(2270 1302 1305 2274)
4(2270 2274 2280 2277)
4(1240 179 1302 2270)
4(1240 2270 2277 1246)
4(178 1301 1302 179)
4(1362 1365 1866 1865)
4(1853 1865 1866 1857)
4(1343 1362 1865 1850)
4(1841 1850 1865 1853)
4(1841 1853 1854 1842)
4(1853 1857 1858 1854)
4(1340 1343 1850 1849)
4(1369 1849 1850 1841)
4(2301 1340 1849 2772)
4(2763 2772 1849 1369)
4(2763 1369 1370 2764)
4(1369 1841 1842 1370)
4(2297 2299 2302 2300)
4(2297 2300 2301 2298)
4(2298 2301 2772 2771)
4(2759 2771 2772 2763)
4(2759 2763 2764 2760)
4(2279 2298 2771 2756)
4(2309 2756 2771 2759)
4(2309 2759 2760 2310)
4(2306 2310 2754 2751)
4(2749 2751 2754 2752)
4(1270 2306 2751 1276)
4(1269 1278 2755 2305)
4(1269 2305 2306 1270)
4(2305 2755 2756 2309)
4(2305 2309 2310 2306)
4(2276 2279 2756 2755)
4(1245 2276 2755 1278)
4(5225 5229 5235 5232)
4(4804 5225 5232 5213)
4(5228 131 132 5229)
4(4788 5712 131 5228)
4(4787 5711 5712 4788)
4(5711 5715 5716 5712)
4(5715 115 116 5716)
4(115 119 120 116)
4(119 2789 2790 120)
4(1259 1272 3846 3419)
4(2785 3419 3846 3360)
4(2785 3360 3361 2786)
4(3360 3364 3365 3361)
4(2782 2786 2793 2789)
4(112 2782 2789 119)
4(111 523 3418 2781)
4(111 2781 2782 112)
4(2781 3418 3419 2785)
4(2781 2785 2786 2782)
4(1256 1259 3419 3418)
4(4378 1256 3418 523)
4(5708 108 115 5715)
4(108 112 119 115)
4(107 522 523 111)
4(107 111 112 108)
4(4375 4378 523 522)
4(2749 2752 2753 2750)
4(1274 1276 2751 2749)
4(1274 2749 2750 1275)
4(2278 2280 2299 2297)
4(2278 2297 2298 2279)
4(2275 2277 2280 2278)
4(2275 2278 2279 2276)
4(1244 2275 2276 1245)
4(1244 1246 2277 2275)
4(596 1792 1303 180)
4(596 607 1804 1792)
4(178 180 1303 1301)
4(175 177 180 178)
4(175 178 179 176)
4(1236 176 179 1240)
4(1236 1240 1246 1243)
4(563 173 176 1236)
4(563 1236 1243 1224)
4(172 174 177 175)
4(172 175 176 173)
4(559 170 173 563)
4(559 563 1224 566)
4(4343 3446 170 559)
4(4343 559 566 4349)
4(3445 3447 171 169)
4(3445 169 170 3446)
4(169 171 174 172)
4(169 172 173 170)
4(570 574 174 171)
4(570 582 585 574)
4(574 585 604 592)
4(574 592 177 174)
4(592 596 180 177)
4(592 604 607 596)
4(2352 2846 2849 2848)
4(2851 2853 2855 2854)
4(2358 2854 2855 2361)
4(1808 2367 2854 2358)
4(2365 2851 2854 2367)
4(2363 2365 2367 2366)
4(1805 2366 2367 1808)
4(608 1300 2366 1805)
4(1298 2363 2366 1300)
4(1292 1296 1299 1294)
4(1296 1298 1300 1299)
4(605 1299 1300 608)
4(586 1294 1299 605)
4(4472 1290 1293 4476)
4(1290 1292 1294 1293)
4(583 1293 1294 586)
4(3891 4476 1293 583)
4(4468 4470 4474 4472)
4(4477 4480 4481 4478)
4(4470 4478 4481 4474)
4(4466 2848 2849 4479)
4(1286 2350 2847 1786)
4(2350 2352 2848 2847)
4(4463 2847 2848 4466)
4(3435 1786 2847 4463)
4(1284 1286 1786 1785)
4(3432 1785 1786 3435)
4(2844 1288 1785 3432)
4(1282 1284 1785 1288)
4(1280 1282 1288 1287)
4(1217 1280 1287 1770)
4(4458 4465 4478 4470)
4(4464 4466 4479 4477)
4(4464 4477 4478 4465)
4(4456 4458 4470 4468)
4(4456 4468 4475 4460)
4(4468 4472 4476 4475)
4(3888 4475 4476 3891)
4(3869 4460 4475 3888)
4(4454 4462 4465 4458)
4(3427 3434 4462 4454)
4(3425 3427 4454 4452)
4(3425 4452 4459 3429)
4(4452 4456 4460 4459)
4(4452 4454 4458 4456)
4(3866 4459 4460 3869)
4(2804 3429 4459 3866)
4(1266 1270 1276 1273)
4(1254 1266 1273 1260)
4(1250 1254 1260 1257)
4(4373 1250 1257 4379)
4(4372 4381 1261 1249)
4(4372 1249 1250 4373)
4(1249 1253 1254 1250)
4(1249 1261 1262 1253)
4(1253 1262 1277 1265)
4(1253 1265 1266 1254)
4(1265 1277 1278 1269)
4(1265 1269 1270 1266)
4(1242 1245 1278 1277)
4(1223 1242 1277 1262)
4(1271 1273 1276 1274)
4(1271 1274 1275 1272)
4(1258 1260 1273 1271)
4(1258 1271 1272 1259)
4(1255 1258 1259 1256)
4(1255 1257 1260 1258)
4(4377 4379 1257 1255)
4(4377 1255 1256 4378)
4(565 1223 1262 1261)
4(4348 565 1261 4381)
4(2356 2358 2361 2359)
4(2356 2359 2360 2357)
4(1806 1808 2358 2356)
4(1806 2356 2357 1807)
4(1803 1805 1808 1806)
4(1803 1806 1807 1804)
4(606 608 1805 1803)
4(606 1803 1804 607)
4(603 605 608 606)
4(603 606 607 604)
4(584 586 605 603)
4(584 603 604 585)
4(1241 1243 1246 1244)
4(1241 1244 1245 1242)
4(1222 1224 1243 1241)
4(1222 1241 1242 1223)
4(5231 5234 6047 6043)
4(6043 6047 6049 6045)
4(6023 6043 6045 6025)
4(5212 5231 6043 6023)
4(2477 2479 2480 2478)
4(2052 2056 2479 2477)
4(2475 2477 2478 2476)
4(2045 2049 2056 2052)
4(2036 2052 2477 2475)
4(2029 2045 2052 2036)
4(2473 2475 2476 2474)
4(2032 2036 2475 2473)
4(914 2473 2474 915)
4(2025 2029 2036 2032)
4(346 2032 2473 914)
4(339 2025 2032 346)
4(912 914 915 913)
4(342 346 914 912)
4(1990 1994 1995 1991)
4(1982 1990 1991 1983)
4(351 913 1988 1980)
4(1980 1988 1990 1982)
4(1988 1992 1994 1990)
4(913 915 1992 1988)
4(1978 1982 1983 1979)
4(1976 1980 1982 1978)
4(1979 1983 1987 1985)
4(349 351 1980 1976)
4(350 912 913 351)
4(335 339 346 342)
4(6001 342 912 350)
4(5994 335 342 6001)
4(348 350 351 349)
4(5997 6001 350 348)
4(2044 2048 2049 2045)
4(2013 2017 2048 2044)
4(1588 2013 2044 2028)
4(2028 2044 2045 2029)
4(1584 1588 2028 2024)
4(2024 2028 2029 2025)
4(338 2024 2025 339)
4(5982 1584 2024 338)
4(5981 1583 1584 5982)
4(1583 1587 1588 1584)
4(1587 2012 2013 1588)
4(2012 2016 2017 2013)
4(2005 2009 2016 2012)
4(2009 3091 3098 2016)
4(3091 3095 3102 3098)
4(4806 5212 6023 6019)
4(6019 6023 6025 6021)
4(3116 6019 6021 3118)
4(3798 4806 6019 3116)
4(3112 3116 3118 3114)
4(3795 3798 3116 3112)
4(3776 3795 3112 3092)
4(3092 3112 3114 3094)
4(3088 3092 3094 3090)
4(3773 3776 3092 3088)
4(2008 3090 3091 2009)
4(2006 3088 3090 2008)
4(1580 2005 2012 1587)
4(2004 2008 2009 2005)
4(1579 2004 2005 1580)
4(5974 1576 1583 5981)
4(1576 1580 1587 1583)
4(1575 1579 1580 1576)
4(5973 1575 1576 5974)
4(5971 1573 1575 5973)
4(5209 2170 1573 5971)
4(1573 1577 1579 1575)
4(2170 2173 1577 1573)
4(1577 2002 2004 1579)
4(2173 2192 2002 1577)
4(2002 2006 2008 2004)
4(2192 2195 2006 2002)
4(2195 3773 3088 2006)
4(5969 5973 5974 5970)
4(5967 5971 5973 5969)
4(5978 5982 338 334)
4(334 338 339 335)
4(5993 334 335 5994)
4(5958 5978 334 5993)
4(5954 5958 5993 5989)
4(5989 5993 5994 5990)
4(5990 5994 6001 5997)
4(5704 5708 5715 5711)
4(4362 4375 522 166)
4(4374 4376 4379 4377)
4(4374 4377 4378 4375)
4(4369 4373 4379 4376)
4(4357 4369 4376 4363)
4(4361 4363 4376 4374)
4(4361 4374 4375 4362)
4(5707 166 522 107)
4(5707 107 108 5708)
4(4359 4362 166 165)
4(4780 5704 5711 4787)
4(4779 5239 165 5703)
4(4779 5703 5704 4780)
4(5703 165 166 5707)
4(5703 5707 5708 5704)
4(3352 4359 165 5239)
4(4776 4780 4787 4783)
4(4783 4787 4788 4784)
4(4784 4788 5228 5224)
4(4766 4784 5224 4803)
4(4803 5224 5225 4804)
4(5224 5228 5229 5225)
4(5230 5232 5235 5233)
4(5230 5233 5234 5231)
4(5211 5213 5232 5230)
4(5211 5230 5231 5212)
4(4762 4766 4803 4799)
4(4800 4804 5213 4807)
4(3793 4800 4807 3799)
4(3285 4762 4799 3792)
4(3792 4799 4800 3793)
4(4799 4803 4804 4800)
4(4805 4807 5213 5211)
4(4805 5211 5212 4806)
4(3797 3799 4807 4805)
4(3797 4805 4806 3798)
4(4758 4776 4783 4765)
4(3336 3349 5238 5237)
4(3349 3352 5239 5238)
4(4775 5238 5239 4779)
4(4775 4779 4780 4776)
4(4757 5237 5238 4775)
4(4757 4775 4776 4758)
4(2747 3336 5237 5236)
4(4753 5236 5237 4757)
4(4353 4357 4363 4360)
4(3347 4353 4360 3353)
4(3343 3347 3353 3350)
4(2745 3343 3350 3337)
4(4754 4758 4765 4761)
4(4761 4765 4766 4762)
4(4765 4783 4784 4766)
4(4753 4757 4758 4754)
4(1698 2747 5236 3803)
4(3277 4754 4761 3284)
4(3284 4761 4762 3285)
4(3276 4753 4754 3277)
4(3276 3803 5236 4753)
4(5206 5209 5971 5967)
4(5977 5981 5982 5978)
4(5970 5974 5981 5977)
4(5950 5970 5977 5957)
4(5957 5977 5978 5958)
4(5946 5950 5957 5953)
4(5953 5957 5958 5954)
4(5949 5969 5970 5950)
4(5947 5967 5969 5949)
4(5945 5949 5950 5946)
4(5943 5947 5949 5945)
4(3788 3792 3793 3789)
4(3789 3793 3799 3796)
4(3771 3789 3796 3777)
4(3770 3788 3789 3771)
4(3263 3281 3788 3770)
4(3281 3285 3792 3788)
4(3767 3771 3777 3774)
4(2190 3767 3774 2196)
4(2152 3259 3766 2189)
4(3259 3263 3770 3766)
4(3766 3770 3771 3767)
4(2189 3766 3767 2190)
4(3775 3777 3796 3794)
4(3794 3796 3799 3797)
4(3794 3797 3798 3795)
4(3775 3794 3795 3776)
4(3772 3774 3777 3775)
4(3772 3775 3776 3773)
4(2194 3772 3773 2195)
4(2194 2196 3774 3772)
4(2151 3258 3259 2152)
4(3258 3262 3263 3259)
4(3262 3280 3281 3263)
4(3280 3284 3285 3281)
4(3273 3277 3284 3280)
4(3255 3273 3280 3262)
4(3251 3255 3262 3258)
4(2144 3251 3258 2151)
4(2147 2151 2152 2148)
4(2186 2190 2196 2193)
4(2168 2186 2193 2174)
4(2148 2152 2189 2185)
4(2185 2189 2190 2186)
4(2167 2185 2186 2168)
4(1723 2148 2185 2167)
4(1719 1723 2167 2163)
4(2163 2167 2168 2164)
4(2164 2168 2174 2171)
4(5204 2164 2171 5210)
4(5208 2169 2170 5209)
4(5208 5210 2171 2169)
4(2169 2171 2174 2172)
4(2169 2172 2173 2170)
4(2172 2191 2192 2173)
4(2172 2174 2193 2191)
4(2191 2193 2196 2194)
4(2191 2194 2195 2192)
4(5203 2163 2164 5204)
4(5200 5204 5210 5207)
4(5182 5200 5207 5188)
4(5178 5182 5188 5185)
4(5183 5185 5188 5186)
4(5183 5186 5187 5184)
4(5186 5205 5206 5187)
4(5186 5188 5207 5205)
4(5205 5207 5210 5208)
4(5205 5208 5209 5206)
4(5187 5206 5967 5947)
4(5184 5187 5947 5943)
4(581 583 586 584)
4(581 584 585 582)
4(3889 3891 583 581)
4(3889 581 582 3890)
4(3879 3890 582 570)
4(3879 570 171 3447)
4(4339 3443 3446 4343)
4(4339 4343 4349 4346)
4(4321 3440 3443 4339)
4(4321 4339 4346 4327)
4(3439 3441 3444 3442)
4(3439 3442 3443 3440)
4(3442 3444 3447 3445)
4(3442 3445 3446 3443)
4(3875 3879 3447 3444)
4(3875 3887 3890 3879)
4(3857 3875 3444 3441)
4(3857 3868 3887 3875)
4(3436 3439 3440 3437)
4(3845 3437 3440 4321)
4(3436 3438 3441 3439)
4(3845 4321 4327 4324)
4(2731 2369 3437 3845)
4(2731 3845 4324 2737)
4(2368 2370 3438 3436)
4(2368 3436 3437 2369)
4(3853 3857 3441 3438)
4(3853 3865 3868 3857)
4(2342 3853 3438 2370)
4(2342 2803 3865 3853)
4(1828 2368 2369 1829)
4(2727 1829 2369 2731)
4(1828 1830 2370 2368)
4(2320 2338 1830 1827)
4(2320 2331 2800 2338)
4(2338 2342 2370 1830)
4(2338 2800 2803 2342)
4(2316 2320 1827 1824)
4(2316 2328 2331 2320)
4(2620 2316 1824 3809)
4(2620 2631 2328 2316)
4(2630 2632 2329 2327)
4(2630 2327 2328 2631)
4(2327 2329 2332 2330)
4(2327 2330 2331 2328)
4(2330 2332 2801 2799)
4(2330 2799 2800 2331)
4(2799 2802 2803 2800)
4(2799 2801 2804 2802)
4(2802 2804 3866 3864)
4(2802 3864 3865 2803)
4(3864 3866 3869 3867)
4(3864 3867 3868 3865)
4(3867 3886 3887 3868)
4(3867 3869 3888 3886)
4(3886 3888 3891 3889)
4(3886 3889 3890 3887)
4(4461 4464 4465 4462)
4(4461 4463 4466 4464)
4(3433 3435 4463 4461)
4(3433 4461 4462 3434)
4(564 566 1224 1222)
4(564 1222 1223 565)
4(4347 4349 566 564)
4(4347 564 565 4348)
4(4344 4346 4349 4347)
4(4344 4347 4348 4345)
4(4345 4348 4381 4380)
4(4368 4380 4381 4372)
4(4368 4372 4373 4369)
4(4356 4365 4380 4368)
4(4356 4368 4369 4357)
4(4326 4345 4380 4365)
4(4323 4326 4365 4364)
4(4352 4364 4365 4356)
4(4352 4356 4357 4353)
4(3346 3355 4364 4352)
4(3346 4352 4353 3347)
4(2736 4323 4364 3355)
4(2735 4322 4323 2736)
4(2735 2737 4324 4322)
4(4322 4324 4327 4325)
4(4322 4325 4326 4323)
4(4325 4327 4346 4344)
4(4325 4344 4345 4326)
4(4358 4360 4363 4361)
4(4358 4361 4362 4359)
4(3351 4358 4359 3352)
4(3351 3353 4360 4358)
4(3342 3346 3347 3343)
4(3342 3354 3355 3346)
4(2733 2736 3355 3354)
4(2714 2733 3354 3339)
4(2744 3339 3354 3342)
4(2744 3342 3343 2745)
4(3335 3337 3350 3348)
4(3348 3350 3353 3351)
4(3348 3351 3352 3349)
4(3335 3348 3349 3336)
4(2746 2748 3337 3335)
4(2746 3335 3336 2747)
4(2741 2745 3337 2748)
4(2140 2144 2151 2147)
4(1715 2140 2147 1722)
4(1722 2147 2148 1723)
4(1718 1722 1723 1719)
4(48 61 2607 2198)
4(61 64 2608 2607)
4(64 1679 3800 2608)
4(1679 1682 3801 3800)
4(1682 1695 3802 3801)
4(1695 1698 3803 3802)
4(3272 3802 3803 3276)
4(3272 3276 3277 3273)
4(3254 3801 3802 3272)
4(3254 3272 3273 3255)
4(3250 3800 3801 3254)
4(3250 3254 3255 3251)
4(2143 2608 3800 3250)
4(2143 3250 3251 2144)
4(2139 2607 2608 2143)
4(2139 2143 2144 2140)
4(1714 2198 2607 2139)
4(1714 2139 2140 1715)
4(1711 1715 1722 1718)
4(5158 1711 1718 5165)
4(5165 1718 1719 5166)
4(5166 1719 2163 5203)
4(1710 1714 1715 1711)
4(1710 2197 2198 1714)
4(45 48 2198 2197)
4(4721 45 2197 5654)
4(5157 5654 2197 1710)
4(5157 1710 1711 5158)
4(5153 5157 5158 5154)
4(5153 5653 5654 5157)
4(2727 2731 2737 2734)
4(2709 1826 1829 2727)
4(2709 2727 2734 2715)
4(2705 1823 1826 2709)
4(2705 2709 2715 2712)
4(1124 3808 1823 2705)
4(1124 2705 2712 1130)
4(1120 3805 3808 1124)
4(1120 1124 1130 1127)
4(1102 3329 3805 1120)
4(1102 1120 1127 1108)
4(3328 3804 3805 3329)
4(3804 3807 3808 3805)
4(3807 1822 1823 3808)
4(1822 1825 1826 1823)
4(1825 1828 1829 1826)
4(1825 1827 1830 1828)
4(1822 1824 1827 1825)
4(3807 3809 1824 1822)
4(3421 3425 3429 3428)
4(2801 3428 3429 2804)
4(3421 3423 3427 3425)
4(3423 3431 3434 3427)
4(2836 2843 3431 3423)
4(2332 2838 3428 2801)
4(2834 3421 3428 2838)
4(2834 2836 3423 3421)
4(3430 3433 3434 3431)
4(3430 3432 3435 3433)
4(2842 2844 3432 3430)
4(2842 3430 3431 2843)
4(2839 2841 2844 2842)
4(2841 1287 1288 2844)
4(2832 2840 2843 2836)
4(3316 3323 2840 2832)
4(3322 2839 2840 3323)
4(3322 3324 2841 2839)
4(2839 2842 2843 2840)
4(3324 1770 1287 2841)
4(3321 1769 1770 3324)
4(2740 2744 2745 2741)
4(2740 3338 3339 2744)
4(2711 2714 3339 3338)
4(1129 2711 3338 1701)
4(1692 1701 3338 2740)
4(1692 2740 2741 1693)
4(1693 2741 2748 1699)
4(1697 1699 2748 2746)
4(1697 2746 2747 1698)
4(2732 2734 2737 2735)
4(2732 2735 2736 2733)
4(2713 2715 2734 2732)
4(2713 2732 2733 2714)
4(2710 2712 2715 2713)
4(2710 2713 2714 2711)
4(1128 1130 2712 2710)
4(1128 2710 2711 1129)
4(1688 1692 1693 1689)
4(1688 1700 1701 1692)
4(1689 1693 1699 1696)
4(1677 1689 1696 1683)
4(1681 1694 1695 1682)
4(1681 1683 1696 1694)
4(1694 1696 1699 1697)
4(1694 1697 1698 1695)
4(1676 1688 1689 1677)
4(1676 1685 1700 1688)
4(1107 1126 1700 1685)
4(1126 1129 1701 1700)
4(1672 1676 1677 1673)
4(1672 1684 1685 1676)
4(1673 1677 1683 1680)
4(59 1673 1680 65)
4(63 1678 1679 64)
4(63 65 1680 1678)
4(1678 1680 1683 1681)
4(1678 1681 1682 1679)
4(58 1672 1673 59)
4(58 67 1684 1672)
4(34 1104 1684 67)
4(1104 1107 1685 1684)
4(60 63 64 61)
4(60 62 65 63)
4(1098 3326 3329 1102)
4(1098 1102 1108 1105)
4(29 2233 3326 1098)
4(29 1098 1105 35)
4(2232 3325 3326 2233)
4(3325 3328 3329 3326)
4(3325 3327 3330 3328)
4(3328 3330 3806 3804)
4(3804 3806 3809 3807)
4(2616 2620 3809 3806)
4(2616 2628 2631 2620)
4(2208 2616 3806 3330)
4(2208 2219 2628 2616)
4(2204 2208 3330 3327)
4(2204 2216 2219 2208)
4(1185 2204 3327 2234)
4(1185 1196 2216 2204)
4(2232 2234 3327 3325)
4(1181 1185 2234 2231)
4(2229 2231 2234 2232)
4(1181 1193 1196 1185)
4(1163 1181 2231 2228)
4(1163 1174 1193 1181)
4(2226 2228 2231 2229)
4(2226 2229 2230 2227)
4(2229 2232 2233 2230)
4(25 2230 2233 29)
4(25 29 35 32)
4(7 25 32 13)
4(7 2227 2230 25)
4(5690 7 13 10)
4(5690 2224 2227 7)
4(4293 5690 10 4299)
4(4293 2676 2224 5690)
4(43 55 62 49)
4(55 59 65 62)
4(54 66 67 58)
4(54 58 59 55)
4(31 34 67 66)
4(12 31 66 51)
4(42 51 66 54)
4(42 54 55 43)
4(47 49 62 60)
4(47 60 61 48)
4(39 43 49 46)
4(4716 39 46 4722)
4(4720 4722 46 44)
4(4720 44 45 4721)
4(44 46 49 47)
4(44 47 48 45)
4(4715 38 39 4716)
4(38 42 43 39)
4(38 50 51 42)
4(9 12 51 50)
4(4298 9 50 4724)
4(4715 4724 50 38)
4(4711 4723 4724 4715)
4(4711 4715 4716 4712)
4(4712 4716 4722 4719)
4(5162 5166 5203 5199)
4(5199 5203 5204 5200)
4(5181 5199 5200 5182)
4(5144 5162 5199 5181)
4(4742 5144 5181 5177)
4(5177 5181 5182 5178)
4(1125 1127 1130 1128)
4(1125 1128 1129 1126)
4(1106 1125 1126 1107)
4(1106 1108 1127 1125)
4(1103 1105 1108 1106)
4(1103 1106 1107 1104)
4(33 35 1105 1103)
4(33 1103 1104 34)
4(30 32 35 33)
4(30 33 34 31)
4(11 13 32 30)
4(11 30 31 12)
4(8 11 12 9)
4(8 10 13 11)
4(4297 4299 10 8)
4(4297 8 9 4298)
4(4294 4297 4298 4295)
4(4294 4296 4299 4297)
4(2830 2832 2836 2834)
4(2830 2834 2838 2837)
4(2329 2837 2838 2332)
4(3314 2830 2837 3318)
4(2632 3318 2837 2329)
4(3314 3316 2832 2830)
4(2629 3317 3318 2632)
4(3312 3320 3323 3316)
4(2664 3307 3320 3312)
4(2662 3310 3317 3302)
4(2662 2664 3312 3310)
4(3310 3314 3318 3317)
4(3310 3312 3316 3314)
4(2220 3302 3317 2629)
4(2217 2665 3302 2220)
4(2660 3304 3307 2664)
4(1760 1767 3304 2660)
4(1758 2658 2665 1762)
4(1758 1760 2660 2658)
4(2658 2662 3302 2665)
4(2658 2660 2664 2662)
4(1197 1762 2665 2217)
4(1195 1197 2217 2215)
4(1195 2215 2216 1196)
4(2215 2218 2219 2216)
4(2215 2217 2220 2218)
4(2218 2627 2628 2219)
4(2218 2220 2629 2627)
4(2627 2629 2632 2630)
4(2627 2630 2631 2628)
4(1215 1217 1770 1769)
4(1213 1215 1769 1219)
4(3308 1219 1769 3321)
4(3305 1218 1219 3308)
4(1211 1213 1219 1218)
4(95 1211 1218 99)
4(1768 99 1218 3305)
4(1765 98 99 1768)
4(5694 93 98 97)
4(93 95 99 98)
4(1752 97 98 1765)
4(1749 96 97 1752)
4(3297 5692 96 3301)
4(5692 5694 97 96)
4(1153 3301 96 1749)
4(1151 1153 1749 1747)
4(1151 1747 1748 1152)
4(1747 1749 1752 1750)
4(1747 1750 1751 1748)
4(1750 1752 1765 1763)
4(1750 1763 1764 1751)
4(1763 1765 1768 1766)
4(1763 1766 1767 1764)
4(1766 3303 3304 1767)
4(1766 1768 3305 3303)
4(3303 3305 3308 3306)
4(3303 3306 3307 3304)
4(3306 3319 3320 3307)
4(3306 3308 3321 3319)
4(3319 3321 3324 3322)
4(3319 3322 3323 3320)
4(2612 3295 3300 3299)
4(3295 3297 3301 3300)
4(1137 3299 3300 1150)
4(1150 3300 3301 1153)
4(2610 2612 3299 3298)
4(1134 3298 3299 1137)
4(1756 1764 1767 1760)
4(1744 1751 1764 1756)
4(1754 1758 1762 1761)
4(1754 1756 1760 1758)
4(1194 1761 1762 1197)
4(1175 1746 1761 1194)
4(1742 1754 1761 1746)
4(1742 1744 1756 1754)
4(1740 1748 1751 1744)
4(1738 1740 1744 1742)
4(1738 1742 1746 1745)
4(1145 1152 1748 1740)
4(1159 1163 2228 2225)
4(1159 1171 1174 1163)
4(476 1159 2225 2677)
4(476 487 1171 1159)
4(472 476 2677 2674)
4(472 484 487 476)
4(77 472 2674 2671)
4(77 88 484 472)
4(86 521 1131 89)
4(89 1131 1146 485)
4(485 1146 1147 488)
4(488 1147 1745 1172)
4(1172 1745 1746 1175)
4(1143 1738 1745 1147)
4(1143 1145 1740 1738)
4(1141 1149 1152 1145)
4(520 1136 1149 1141)
4(518 1139 1146 1131)
4(518 520 1141 1139)
4(1139 1143 1147 1146)
4(1139 1141 1145 1143)
4(1148 1150 1153 1151)
4(1148 1151 1152 1149)
4(1135 1137 1150 1148)
4(1135 1148 1149 1136)
4(1192 1195 1196 1193)
4(1192 1194 1197 1195)
4(1173 1175 1194 1192)
4(1173 1192 1193 1174)
4(2223 2226 2227 2224)
4(2223 2225 2228 2226)
4(2675 2677 2225 2223)
4(2675 2223 2224 2676)
4(2672 2675 2676 2673)
4(4289 2673 2676 4293)
4(2672 2674 2677 2675)
4(4289 4293 4299 4296)
4(4271 2670 2673 4289)
4(4271 4289 4296 4277)
4(4267 2667 2670 4271)
4(4267 4271 4277 4274)
4(2666 2669 2670 2667)
4(2669 2672 2673 2670)
4(2669 2671 2674 2672)
4(73 77 2671 2668)
4(2666 2668 2671 2669)
4(73 85 88 77)
4(84 87 88 85)
4(87 483 484 88)
4(483 486 487 484)
4(486 1170 1171 487)
4(1170 1173 1174 1171)
4(1170 1172 1175 1173)
4(486 488 1172 1170)
4(483 485 488 486)
4(87 89 485 483)
4(84 86 89 87)
4(514 518 1131 521)
4(514 516 520 518)
4(516 1133 1136 520)
4(1132 1134 1137 1135)
4(1132 1135 1136 1133)
4(4717 4720 4721 4718)
4(4717 4719 4722 4720)
4(4718 4721 5654 5653)
4(4312 4718 5653 5652)
4(4737 5652 5653 5153)
4(5154 5158 5165 5161)
4(5161 5165 5166 5162)
4(5143 5161 5162 5144)
4(4738 5154 5161 5143)
4(4737 5153 5154 4738)
4(4733 5651 5652 4737)
4(4733 4737 4738 4734)
4(4309 4312 5652 5651)
4(4741 5143 5144 4742)
4(4734 4738 5143 4741)
4(4307 4712 4719 4313)
4(4311 4313 4719 4717)
4(4276 4295 4723 4315)
4(4295 4298 4724 4723)
4(4306 4315 4723 4711)
4(4306 4711 4712 4307)
4(4311 4717 4718 4312)
4(4273 4276 4315 4314)
4(4302 4306 4307 4303)
4(4302 4314 4315 4306)
4(4303 4307 4313 4310)
4(4308 4310 4313 4311)
4(4308 4311 4312 4309)
4(4275 4277 4296 4294)
4(4275 4294 4295 4276)
4(4272 4274 4277 4275)
4(4272 4275 4276 4273)
4(1984 1555 6216 6222)
4(918 6212 6216 1555)
4(917 6211 6212 918)
4(917 916 6210 6211)
4(5996 6297 6210 916)
4(5995 6296 6297 5996)
4(5988 6293 6296 5995)
4(5988 5984 6291 6293)
4(5983 6290 6291 5984)
4(5495 6280 6290 5983)
4(5494 6279 6280 5495)
4(5491 6278 6279 5494)
4(5490 6277 6278 5491)
4(5172 6269 6277 5490)
4(5171 6268 6269 5172)
4(5168 6267 6268 5171)
4(5167 6266 6267 5168)
4(4728 6257 6266 5167)
4(4727 6256 6257 4728)
4(4725 6255 6256 4727)
4(4732 6259 6255 4725)
4(4731 6258 6259 4732)
4(3755 6233 6258 4731)
4(3754 6232 6233 3755)
4(3756 6234 6232 3754)
4(3751 6231 6234 3756)
4(3750 6230 6231 3751)
4(4300 6247 6230 3750)
4(4258 6237 6247 4300)
4(4260 6239 6237 4258)
4(4259 6238 6239 4260)
4(4256 6236 6238 4259)
4(4265 6241 6236 4256)
4(4264 6240 6241 4265)
4(4266 6242 6240 4264)
4(1668 6217 6242 4266)
4(71 6188 6217 1668)
4(70 6187 6188 71)
4(72 6189 6187 70)
4(68 6186 6189 72)
4(78 6191 6186 68)
4(80 6193 6191 78)
4(79 6192 6193 80)
4(513 6205 6192 79)
4(489 6199 6205 513)
4(490 6200 6199 489)
4(494 6202 6200 490)
4(2609 6224 6203 495)
4(493 6201 6202 494)
4(495 6203 6201 493)
4(5641 5642 5650 5649)
4(5636 5641 5649 5646)
4(5630 5636 5646 5644)
4(5639 5640 5642 5641)
4(5632 5639 5641 5636)
4(5628 5632 5636 5630)
4(4245 4687 5639 5632)
4(4239 4245 5632 5628)
4(4687 4688 5640 5639)
4(5120 5629 5643 5132)
4(5629 5630 5644 5643)
4(5118 5120 5132 5130)
4(5627 5628 5630 5629)
4(5116 5627 5629 5120)
4(4215 4238 5627 5116)
4(4238 4239 5628 5627)
4(4213 4215 5116 5114)
4(5114 5116 5120 5118)
4(5117 5118 5130 5129)
4(4696 5117 5129 4700)
4(4694 4696 4700 4699)
4(5113 5114 5118 5117)
4(4695 5113 5117 4696)
4(4212 4213 5114 5113)
4(4691 4695 4696 4694)
4(3729 4212 5113 4695)
4(3727 3729 4695 4691)
4(1017 1018 1657 1656)
4(1656 1657 1659 1658)
4(1658 1659 4233 4232)
4(4232 4233 4235 4234)
4(4234 4235 4686 4685)
4(4685 4686 4688 4687)
4(4241 4685 4687 4245)
4(4237 4241 4245 4239)
4(4229 4234 4685 4241)
4(4223 4229 4241 4237)
4(4211 4236 4238 4215)
4(4236 4237 4239 4238)
4(4222 4223 4237 4236)
4(3745 4222 4236 4211)
4(4225 4232 4234 4229)
4(4221 4225 4229 4223)
4(1653 1658 4232 4225)
4(1022 1653 4225 4221)
4(998 1021 4220 3741)
4(3741 4220 4222 3745)
4(4220 4221 4223 4222)
4(1021 1022 4221 4220)
4(4209 4211 4215 4213)
4(3743 3745 4211 4209)
4(3739 3741 3745 3743)
4(996 998 3741 3739)
4(1649 1656 1658 1653)
4(1020 1649 1653 1022)
4(1012 1017 1656 1649)
4(1006 1012 1649 1020)
4(4693 4694 4699 4698)
4(4690 4691 4694 4693)
4(3726 3727 4691 4690)
4(3725 3726 4690 4689)
4(1066 3725 4689 2121)
4(4689 4690 4693 4692)
4(2121 4689 4692 2125)
4(4692 4693 4698 4697)
4(2125 4692 4697 2602)
4(4208 4209 4213 4212)
4(3728 4208 4212 3729)
4(3742 3743 4209 4208)
4(3724 3728 3729 3727)
4(3237 3742 4208 3728)
4(3235 3237 3728 3724)
4(3738 3739 3743 3742)
4(3236 3738 3742 3237)
4(995 996 3739 3738)
4(3232 3236 3237 3235)
4(393 995 3738 3236)
4(391 393 3236 3232)
4(1062 3722 3725 1066)
4(3722 3723 3726 3725)
4(3723 3724 3727 3726)
4(3234 3235 3724 3723)
4(3231 3232 3235 3234)
4(390 391 3232 3231)
4(389 390 3231 3230)
4(4193 389 3230 1042)
4(1042 3230 3233 1046)
4(3230 3231 3234 3233)
4(3233 3234 3723 3722)
4(1046 3233 3722 1062)
4(6172 6173 6175 6174)
4(6174 6175 1016 1015)
4(1015 1016 1018 1017)
4(1008 1015 1017 1012)
4(1004 1008 1012 1006)
4(6169 6174 1015 1008)
4(6163 6169 1008 1004)
4(994 1019 1021 998)
4(1019 1020 1022 1021)
4(1005 1006 1020 1019)
4(978 1005 1019 994)
4(974 1003 1005 978)
4(1003 1004 1006 1005)
4(6162 6163 1004 1003)
4(5622 6162 1003 974)
4(6165 6172 6174 6169)
4(6161 6165 6169 6163)
4(6160 6161 6163 6162)
4(5618 6160 6162 5622)
4(992 994 998 996)
4(976 978 994 992)
4(403 974 978 976)
4(5620 5622 974 403)
4(5619 5620 403 402)
4(402 403 976 975)
4(975 976 992 991)
4(991 992 996 995)
4(392 991 995 393)
4(388 392 393 391)
4(6183 975 991 392)
4(6181 6183 392 388)
4(2089 2128 2591 2091)
4(2129 2594 2598 2592)
4(2128 2129 2592 2591)
4(2124 2125 2602 2601)
4(2117 2124 2601 2594)
4(2111 2117 2594 2129)
4(2110 2111 2129 2128)
4(2067 2110 2128 2089)
4(2065 2108 2110 2067)
4(2109 2113 2117 2111)
4(2108 2109 2111 2110)
4(2113 2120 2124 2117)
4(2120 2121 2125 2124)
4(1065 1066 2121 2120)
4(1058 1065 2120 2113)
4(1052 1058 2113 2109)
4(1051 1052 2109 2108)
4(435 1051 2108 2065)
4(2087 2090 455 453)
4(5924 452 454 5926)
4(2086 2087 453 452)
4(1536 2086 452 5924)
4(1061 1062 1066 1065)
4(4192 4193 1042 1041)
4(1041 1042 1046 1045)
4(1045 1046 1062 1061)
4(1038 1045 1061 1054)
4(1054 1061 1065 1058)
4(1050 1054 1058 1052)
4(1032 1038 1054 1050)
4(2088 2089 2091 2090)
4(2085 2088 2090 2087)
4(2063 2066 2088 2085)
4(2066 2067 2089 2088)
4(1049 1050 1052 1051)
4(433 1049 1051 435)
4(411 1031 1049 433)
4(1031 1032 1050 1049)
4(409 1029 1031 411)
4(3719 4178 1029 409)
4(4179 4185 1034 1030)
4(4178 4179 1030 1029)
4(1030 1034 1038 1032)
4(1029 1030 1032 1031)
4(1034 1041 1045 1038)
4(4185 4192 1041 1034)
4(387 388 391 390)
4(386 387 390 389)
4(6180 6181 388 387)
4(6177 6178 6181 6180)
4(6182 402 975 6183)
4(6178 6182 6183 6181)
4(5104 5619 402 6182)
4(5102 5104 6182 6178)
4(5101 5102 6178 6177)
4(5616 5618 5622 5620)
4(5615 5616 5620 5619)
4(5096 5605 5615 5103)
4(5094 5096 5103 5099)
4(5103 5615 5619 5104)
4(5099 5103 5104 5102)
4(5095 5603 5605 5096)
4(5091 5095 5096 5094)
4(2084 2085 2087 2086)
4(1534 2084 2086 1536)
4(866 2062 2084 1534)
4(2062 2063 2085 2084)
4(2064 2065 2067 2066)
4(2061 2064 2066 2063)
4(431 434 2064 2061)
4(434 435 2065 2064)
4(864 2060 2062 866)
4(2060 2061 2063 2062)
4(430 431 2061 2060)
4(432 433 435 434)
4(429 432 434 431)
4(407 410 432 429)
4(410 411 433 432)
4(6179 6180 387 386)
4(4173 6179 386 4189)
4(4189 386 389 4193)
4(4169 6176 6179 4173)
4(6176 6177 6180 6179)
4(5100 5101 6177 6176)
4(3219 5100 6176 4169)
4(4188 4189 4193 4192)
4(3218 3219 4169 4168)
4(4168 4169 4173 4172)
4(4172 4173 4189 4188)
4(4165 4172 4188 4181)
4(4181 4188 4192 4185)
4(4177 4181 4185 4179)
4(4159 4165 4181 4177)
4(406 407 429 428)
4(428 429 431 430)
4(5866 430 2060 864)
4(5864 428 430 5866)
4(3717 4176 4178 3719)
4(4176 4177 4179 4178)
4(4158 4159 4177 4176)
4(3695 4158 4176 3717)
4(3693 4156 4158 3695)
4(4157 4161 4165 4159)
4(4156 4157 4159 4158)
4(4161 4168 4172 4165)
4(3211 3218 4168 4161)
4(2590 3211 4161 4157)
4(2550 2589 4156 3693)
4(5098 5099 5102 5101)
4(5093 5094 5099 5098)
4(5090 5091 5094 5093)
4(382 383 5091 5090)
4(383 385 5095 5091)
4(385 972 5603 5095)
4(5844 406 428 5864)
4(404 405 407 406)
4(405 408 410 407)
4(408 409 411 410)
4(3718 3719 409 408)
4(3715 3718 408 405)
4(3714 3715 405 404)
4(3040 3714 404 5842)
4(5842 404 406 5844)
4(3713 3716 3718 3715)
4(3716 3717 3719 3718)
4(3694 3695 3717 3716)
4(3691 3694 3716 3713)
4(3690 3691 3713 3712)
4(3712 3713 3715 3714)
4(3038 3712 3714 3040)
4(3018 3690 3712 3038)
4(3692 3693 3695 3694)
4(3689 3692 3694 3691)
4(2546 2549 3692 3689)
4(2549 2550 3693 3692)
4(2547 2548 2550 2549)
4(2583 2584 3215 3214)
4(3214 3215 3219 3218)
4(5097 5098 5101 5100)
4(3215 5097 5100 3219)
4(5092 5093 5098 5097)
4(2584 5092 5097 3215)
4(384 970 972 385)
4(380 384 385 383)
4(379 380 383 382)
4(4672 381 5089 2580)
4(381 382 5090 5089)
4(5089 5090 5093 5092)
4(2580 5089 5092 2584)
4(378 379 382 381)
4(5592 5593 375 374)
4(374 375 377 376)
4(376 377 379 378)
4(4668 378 381 4672)
4(4652 376 378 4668)
4(4671 4672 2580 2579)
4(2579 2580 2584 2583)
4(2572 2579 2583 2576)
4(2576 2583 3214 3207)
4(3207 3214 3218 3211)
4(2588 3207 3211 2590)
4(2570 2576 3207 2588)
4(2569 2570 2588 2587)
4(2587 2588 2590 2589)
4(2589 2590 4157 4156)
4(2568 2572 2576 2570)
4(4664 4671 2579 2572)
4(4658 4664 2572 2568)
4(2526 2569 2587 2548)
4(2548 2587 2589 2550)
4(2524 2567 2569 2526)
4(4648 374 376 4652)
4(3203 5592 374 4648)
4(5590 5591 5593 5592)
4(2491 2492 5086 5085)
4(5085 5086 5088 5087)
4(5087 5088 5591 5590)
4(3183 5087 5590 3199)
4(3199 5590 5592 3203)
4(3179 5085 5087 3183)
4(6154 2491 5085 3179)
4(6153 6154 3179 3178)
4(3178 3179 3183 3182)
4(3182 3183 3199 3198)
4(3198 3199 3203 3202)
4(3202 3203 4648 4647)
4(4647 4648 4652 4651)
4(4651 4652 4668 4667)
4(4667 4668 4672 4671)
4(4660 4667 4671 4664)
4(4656 4660 4664 4658)
4(2567 2568 2570 2569)
4(4657 4658 2568 2567)
4(4115 4657 2567 2524)
4(2525 2526 2548 2547)
4(2544 2547 2549 2546)
4(2522 2525 2547 2544)
4(2521 2522 2544 2543)
4(2543 2544 2546 2545)
4(2545 2546 3689 3688)
4(3688 3689 3691 3690)
4(3016 3688 3690 3018)
4(1957 2545 3688 3016)
4(5920 5923 5925 5922)
4(5923 5924 5926 5925)
4(1532 1535 5923 5920)
4(1535 1536 5924 5923)
4(5919 5920 5922 5921)
4(5483 5919 5921 5485)
4(842 1531 5919 5483)
4(1531 1532 5920 5919)
4(862 865 1533 1530)
4(1530 1533 1535 1532)
4(1533 1534 1536 1535)
4(865 866 1534 1533)
4(861 862 1530 1529)
4(1529 1530 1532 1531)
4(840 1529 1531 842)
4(820 861 1529 840)
4(859 860 862 861)
4(818 859 861 820)
4(5441 5861 859 818)
4(5861 5862 860 859)
4(5862 5865 863 860)
4(860 863 865 862)
4(863 864 866 865)
4(5865 5866 864 863)
4(5440 5441 818 817)
4(817 818 820 819)
4(819 820 840 839)
4(839 840 842 841)
4(841 842 5483 5482)
4(5482 5483 5485 5484)
4(5480 5481 5908 5487)
4(5480 5482 5484 5481)
4(838 841 5482 5480)
4(838 5480 5487 848)
4(837 839 841 838)
4(837 838 848 844)
4(816 819 839 837)
4(816 837 844 826)
4(815 817 819 816)
4(815 816 826 822)
4(5437 5440 817 815)
4(5437 815 822 5447)
4(5438 5439 5441 5440)
4(3640 3645 3647 3642)
4(4936 4943 3645 3640)
4(4942 847 5486 3644)
4(5486 5487 5908 5907)
4(847 848 5487 5486)
4(843 844 848 847)
4(4938 843 847 4942)
4(3639 3640 3642 3641)
4(3639 3641 4027 4023)
4(4941 4942 3644 3643)
4(4941 3643 3645 4943)
4(4935 4936 3640 3639)
4(4935 3639 4023 5402)
4(4141 4651 4667 4660)
4(4135 4141 4660 4656)
4(4113 4655 4657 4115)
4(4655 4656 4658 4657)
4(4134 4135 4656 4655)
4(4091 4134 4655 4113)
4(2523 2524 2526 2525)
4(2059 2523 2525 2522)
4(4111 4114 2523 2059)
4(4114 4115 2524 2523)
4(1955 2543 2545 1957)
4(1512 2521 2543 1955)
4(2058 2059 2522 2521)
4(1510 2058 2521 1512)
4(3528 4110 2058 1510)
4(4110 4111 2059 2058)
4(4112 4113 4115 4114)
4(4109 4112 4114 4111)
4(4087 4090 4112 4109)
4(4090 4091 4113 4112)
4(4132 4133 4135 4134)
4(4133 4137 4141 4135)
4(4137 4647 4651 4141)
4(3195 3202 4647 4137)
4(3189 3195 4137 4133)
4(3149 3188 4132 4089)
4(4089 4132 4134 4091)
4(3188 3189 4133 4132)
4(3187 3191 3195 3189)
4(3186 3187 3189 3188)
4(3191 3198 3202 3195)
4(3175 3182 3198 3191)
4(3169 3175 3191 3187)
4(3526 4108 4110 3528)
4(4108 4109 4111 4110)
4(4086 4087 4109 4108)
4(2978 4086 4108 3526)
4(3147 3186 3188 3149)
4(2500 3168 3186 3147)
4(3168 3169 3187 3186)
4(4084 4085 4087 4086)
4(4085 4088 4090 4087)
4(4088 4089 4091 4090)
4(3148 3149 4089 4088)
4(2520 3148 4088 4085)
4(2519 2520 4085 4084)
4(2976 4084 4086 2978)
4(1917 2519 4084 2976)
4(4937 4938 4942 4941)
4(4937 4941 4943 4939)
4(4934 4939 4943 4936)
4(4507 4514 4939 4934)
4(5840 5843 5863 5860)
4(5860 5863 5865 5862)
4(5863 5864 5866 5865)
4(5843 5844 5864 5863)
4(5839 5840 5860 5859)
4(5859 5860 5862 5861)
4(5439 5859 5861 5441)
4(5419 5839 5859 5439)
4(5837 5838 5840 5839)
4(5417 5837 5839 5419)
4(2994 3035 5837 5417)
4(3035 3036 5838 5837)
4(3036 3039 5841 5838)
4(5838 5841 5843 5840)
4(5841 5842 5844 5843)
4(3039 3040 5842 5841)
4(2993 2994 5417 5416)
4(5416 5417 5419 5418)
4(5418 5419 5439 5438)
4(5436 5438 5440 5437)
4(825 826 844 843)
4(4513 825 843 4938)
4(4509 821 825 4513)
4(821 822 826 825)
4(5446 5447 822 821)
4(3570 5446 821 4509)
4(3566 5442 5446 3570)
4(5442 5443 5447 5446)
4(5436 5437 5447 5443)
4(5415 5436 5443 5425)
4(5415 5418 5438 5436)
4(5414 5415 5425 5421)
4(5414 5416 5418 5415)
4(2470 5414 5421 3000)
4(2470 2993 5416 5414)
4(2471 2472 2994 2993)
4(256 2999 5420 3554)
4(3554 5420 5424 3558)
4(3558 5424 5442 3566)
4(5424 5425 5443 5442)
4(5420 5421 5425 5424)
4(2999 3000 5421 5420)
4(4505 4510 4514 4507)
4(3564 3571 4510 4505)
4(3569 4508 4510 3571)
4(3569 3570 4509 4508)
4(4508 4509 4513 4512)
4(4508 4512 4514 4510)
4(4512 4937 4939 4514)
4(4512 4513 4938 4937)
4(4933 4934 4936 4935)
4(4933 4935 5402 5398)
4(4969 5398 5402 4972)
4(4969 4972 4974 4971)
4(4950 4993 5398 4969)
4(4950 4969 4971 4952)
4(4506 4933 5398 4993)
4(4506 4507 4934 4933)
4(4504 4506 4993 4989)
4(4504 4505 4507 4506)
4(3944 3981 4989 4947)
4(3944 4947 4949 3946)
4(4947 4989 4993 4950)
4(4947 4950 4952 4949)
4(3563 4504 4989 3981)
4(3563 3564 4505 4504)
4(3562 3567 3571 3564)
4(3565 3569 3571 3567)
4(3552 3559 3567 3562)
4(3551 3561 3977 3965)
4(3551 3552 3562 3561)
4(3561 3563 3981 3977)
4(3561 3562 3564 3563)
4(3578 3965 3977 3941)
4(3578 3941 3943 3580)
4(3941 3977 3981 3944)
4(3941 3944 3946 3943)
4(3575 3961 3965 3578)
4(3549 3551 3965 3961)
4(3575 3578 3580 3577)
4(3550 3555 3559 3552)
4(250 257 3555 3550)
4(766 803 3961 3575)
4(766 3575 3577 768)
4(249 3549 3961 803)
4(249 250 3550 3549)
4(3549 3550 3552 3551)
4(3557 3565 3567 3559)
4(3557 3558 3566 3565)
4(3565 3566 3570 3569)
4(4970 4971 4974 4973)
4(4967 4970 4973 4968)
4(4967 4968 4980 4976)
4(4946 4951 4970 4967)
4(4946 4967 4976 4958)
4(4951 4952 4971 4970)
4(4948 4949 4952 4951)
4(4975 4976 4980 4979)
4(4975 4979 4981 4977)
4(4502 4503 3614 3610)
4(4502 3949 3953 4503)
4(3939 4502 3610 3064)
4(3939 3587 3949 4502)
4(3938 3939 3064 3060)
4(3938 3583 3587 3939)
4(1460 3938 3060 307)
4(1460 775 3583 3938)
4(3014 3017 3037 3034)
4(3034 3037 3039 3036)
4(3037 3038 3040 3039)
4(3017 3018 3038 3037)
4(3013 3014 3034 3033)
4(3033 3034 3036 3035)
4(2472 3033 3035 2994)
4(2452 3013 3033 2472)
4(3011 3012 3014 3013)
4(2450 3011 3013 2452)
4(1488 1952 3011 2450)
4(1952 1953 3012 3011)
4(1953 1956 3015 3012)
4(3012 3015 3017 3014)
4(3015 3016 3018 3017)
4(1956 1957 3016 3015)
4(1487 1488 2450 2449)
4(2449 2450 2452 2451)
4(2451 2452 2472 2471)
4(2469 2471 2993 2470)
4(2469 2470 3000 2996)
4(2448 2469 2996 2458)
4(2448 2451 2471 2469)
4(2457 2458 2996 2995)
4(2995 2996 3000 2999)
4(252 2995 2999 256)
4(244 2457 2995 252)
4(2489 2490 2492 2491)
4(6150 2489 2491 6154)
4(3609 3610 3614 3613)
4(3609 3613 3615 3611)
4(3598 3617 3619 3600)
4(3617 3620 3622 3619)
4(3607 3611 3615 3608)
4(3607 3608 3620 3617)
4(3058 3065 3611 3607)
4(3058 3607 3617 3598)
4(3063 3609 3611 3065)
4(3063 3064 3610 3609)
4(3059 3060 3064 3063)
4(3059 3063 3065 3061)
4(3057 3061 3065 3058)
4(3057 3058 3598 3067)
4(3067 3598 3600 3597)
4(313 3067 3597 315)
4(301 308 3061 3057)
4(301 3057 3067 313)
4(306 3059 3061 308)
4(306 307 3060 3059)
4(302 303 307 306)
4(1459 1460 307 303)
4(302 306 308 304)
4(1459 771 775 1460)
4(759 273 771 1459)
4(759 1459 303 285)
4(758 269 273 759)
4(758 759 285 5894)
4(248 253 257 250)
4(238 245 253 248)
4(237 247 799 787)
4(237 238 248 247)
4(247 249 803 799)
4(247 248 250 249)
4(763 799 803 766)
4(763 766 768 765)
4(264 787 799 763)
4(264 763 765 266)
4(261 783 787 264)
4(235 237 787 783)
4(261 264 266 263)
4(5364 5815 783 261)
4(5364 261 263 5366)
4(5327 235 783 5815)
4(5327 5328 236 235)
4(235 236 238 237)
4(236 241 245 238)
4(5328 5335 241 236)
4(5333 239 241 5335)
4(239 243 245 241)
4(243 251 253 245)
4(251 255 257 253)
4(255 3553 3555 257)
4(3553 3557 3559 3555)
4(3553 3554 3558 3557)
4(255 256 3554 3553)
4(251 252 256 255)
4(243 244 252 251)
4(239 240 244 243)
4(240 2453 2457 244)
4(2453 2454 2458 2457)
4(2447 2449 2451 2448)
4(2447 2448 2458 2454)
4(1484 1487 2449 2447)
4(1484 2447 2454 1494)
4(1485 1486 1488 1487)
4(1527 1528 1953 1952)
4(1528 1954 1956 1953)
4(1954 1955 1957 1956)
4(1511 1512 1955 1954)
4(1508 1511 1954 1528)
4(1466 1507 1527 1486)
4(1486 1527 1952 1488)
4(1509 1510 1512 1511)
4(1506 1509 1511 1508)
4(3524 3527 1509 1506)
4(3527 3528 1510 1509)
4(3636 3638 3994 3993)
4(3632 3636 3993 3634)
4(3630 3632 3634 3633)
4(881 3630 3633 883)
4(3618 3619 3622 3621)
4(3618 3621 4013 4009)
4(3635 4009 4013 3637)
4(3635 3637 3638 3636)
4(3631 3999 4009 3635)
4(3599 3618 4009 3999)
4(3631 3635 3636 3632)
4(3599 3600 3619 3618)
4(3596 3599 3999 3995)
4(3596 3597 3600 3599)
4(3629 3995 3999 3631)
4(3629 3631 3632 3630)
4(330 902 3995 3629)
4(314 3596 3995 902)
4(330 3629 3630 881)
4(314 315 3597 3596)
4(4957 4975 4977 4959)
4(4957 4958 4976 4975)
4(4953 4954 4958 4957)
4(4945 4946 4958 4954)
4(4953 4957 4959 4955)
4(4945 4948 4951 4946)
4(3940 3945 4948 4945)
4(3940 4945 4954 3952)
4(3945 3946 4949 4948)
4(3951 4953 4955 3953)
4(3951 3952 4954 4953)
4(3947 3951 3953 3949)
4(3947 3948 3952 3951)
4(3942 3943 3946 3945)
4(3595 3942 3945 3940)
4(3595 3940 3952 3948)
4(3574 3579 3942 3595)
4(3574 3595 3948 3586)
4(3579 3580 3943 3942)
4(3585 3586 3948 3947)
4(3585 3947 3949 3587)
4(3171 3178 3182 3175)
4(3167 3171 3175 3169)
4(6146 6153 3178 3171)
4(6140 6146 3171 3167)
4(2498 3166 3168 2500)
4(3166 3167 3169 3168)
4(6139 6140 3167 3166)
4(6104 6139 3166 2498)
4(6149 6150 6154 6153)
4(6142 6149 6153 6146)
4(6138 6142 6146 6140)
4(6130 6135 6149 6142)
4(6124 6130 6142 6138)
4(6123 6124 6138 6137)
4(6137 6138 6140 6139)
4(2499 2500 3147 3146)
4(3146 3147 3149 3148)
4(6102 6137 6139 6104)
4(2518 3146 3148 2520)
4(2496 2499 3146 2518)
4(2497 2498 2500 2499)
4(2494 2497 2499 2496)
4(6100 6103 2497 2494)
4(6103 6104 2498 2497)
4(2517 2518 2520 2519)
4(1915 2517 2519 1917)
4(1895 2495 2517 1915)
4(2495 2496 2518 2517)
4(3525 3526 3528 3527)
4(3522 3525 3527 3524)
4(2974 2977 3525 3522)
4(2977 2978 3526 3525)
4(1507 1508 1528 1527)
4(1505 1506 1508 1507)
4(1464 1505 1507 1466)
4(2954 3523 1505 1464)
4(3523 3524 1506 1505)
4(2953 2954 1464 1463)
4(1463 1464 1466 1465)
4(1465 1466 1486 1485)
4(1483 1485 1487 1484)
4(1462 1465 1485 1483)
4(1462 1483 1490 1472)
4(1483 1484 1494 1490)
4(1461 1462 1472 1468)
4(1461 1463 1465 1462)
4(2950 1461 1468 2960)
4(2950 2953 1463 1461)
4(2951 2952 2954 2953)
4(6098 6101 6103 6100)
4(6101 6102 6104 6103)
4(5572 5573 6102 6101)
4(5573 6123 6137 6102)
4(6122 6126 6130 6124)
4(6121 6122 6124 6123)
4(6126 6133 6135 6130)
4(5070 5075 6133 6126)
4(5064 5070 6126 6122)
4(5063 5064 6122 6121)
4(5571 6121 6123 5573)
4(4615 5063 6121 5571)
4(5062 5066 5070 5064)
4(5061 5062 5064 5063)
4(5066 5073 5075 5070)
4(4641 5059 5073 5066)
4(4635 4641 5066 5062)
4(1893 2493 2495 1895)
4(2493 2494 2496 2495)
4(6099 6100 2494 2493)
4(4893 6099 2493 1893)
4(6097 6098 6100 6099)
4(4891 6097 6099 4893)
4(4871 5568 6097 4891)
4(5568 5569 6098 6097)
4(5569 5572 6101 6098)
4(3576 3577 3580 3579)
4(3573 3576 3579 3574)
4(3573 3574 3586 3582)
4(762 767 3576 3573)
4(762 3573 3582 774)
4(767 768 3577 3576)
4(5334 1493 2453 240)
4(1489 1490 1494 1493)
4(1493 1494 2454 2453)
4(5330 1489 1493 5334)
4(4930 1471 1489 5330)
4(1471 1472 1490 1489)
4(1467 1468 1472 1471)
4(2959 2960 1468 1467)
4(632 2959 1467 4926)
4(4926 1467 1471 4930)
4(2952 3521 3523 2954)
4(3521 3522 3524 3523)
4(2973 2974 3522 3521)
4(2932 2973 3521 2952)
4(2971 2972 2974 2973)
4(5326 5331 5335 5328)
4(4924 4931 5331 5326)
4(4922 4927 4931 4924)
4(626 633 4927 4922)
4(624 629 633 626)
4(2955 2956 2960 2959)
4(2949 2951 2953 2950)
4(2949 2950 2960 2956)
4(2928 2949 2956 2938)
4(2928 2931 2951 2949)
4(2931 2932 2952 2951)
4(2930 2971 2973 2932)
4(2972 2975 2977 2974)
4(2975 2976 2978 2977)
4(1916 1917 2976 2975)
4(1913 1916 2975 2972)
4(1912 1913 2972 2971)
4(1871 1912 2971 2930)
4(1914 1915 1917 1916)
4(1911 1914 1916 1913)
4(1891 1894 1914 1911)
4(1894 1895 1915 1914)
4(2929 2930 2932 2931)
4(1867 1870 2929 2927)
4(1867 2927 2934 1877)
4(2927 2928 2938 2934)
4(2927 2929 2931 2928)
4(2933 2934 2938 2937)
4(2937 2938 2956 2955)
4(628 2955 2959 632)
4(192 2937 2955 628)
4(1876 1877 2934 2933)
4(5264 1876 2933 188)
4(188 2933 2937 192)
4(1870 1871 2930 2929)
4(1868 1869 1871 1870)
4(1910 1911 1913 1912)
4(1869 1910 1912 1871)
4(1408 1890 1910 1869)
4(1890 1891 1911 1910)
4(1892 1893 1895 1894)
4(1889 1892 1894 1891)
4(4889 4892 1892 1889)
4(4892 4893 1893 1892)
4(1888 1889 1891 1890)
4(1406 1888 1890 1408)
4(4888 4889 1889 1888)
4(4847 4888 1888 1406)
4(4869 5566 5568 4871)
4(5566 5567 5569 5568)
4(5567 5570 5572 5569)
4(5570 5571 5573 5572)
4(4614 4615 5571 5570)
4(4611 4614 5570 5567)
4(4610 4611 5567 5566)
4(3919 4610 5566 4869)
4(4612 4613 4615 4614)
4(4613 5061 5063 4615)
4(4591 4634 5061 4613)
4(4634 4635 5062 5061)
4(4637 4644 5059 4641)
4(4633 4637 4641 4635)
4(6090 6095 4644 4637)
4(6084 6090 4637 4633)
4(4589 4632 4634 4591)
4(5535 6083 4632 4589)
4(6083 6084 4633 4632)
4(4632 4633 4635 4634)
4(6086 6093 6095 6090)
4(6082 6086 6090 6084)
4(5561 6079 6093 6086)
4(3581 3585 3587 3583)
4(3581 3582 3586 3585)
4(773 3581 3583 775)
4(773 774 3582 3581)
4(769 773 775 771)
4(769 770 774 773)
4(764 765 768 767)
4(761 764 767 762)
4(761 762 774 770)
4(260 265 764 761)
4(260 761 770 272)
4(265 266 765 764)
4(271 272 770 769)
4(271 769 771 273)
4(267 268 272 271)
4(259 260 272 268)
4(267 271 273 269)
4(262 263 266 265)
4(259 262 265 260)
4(5360 5365 262 259)
4(5360 259 268 5372)
4(5365 5366 263 262)
4(5371 5372 268 267)
4(5371 267 269 5373)
4(5810 5373 269 758)
4(5333 5334 240 239)
4(5329 5333 5335 5331)
4(5329 5330 5334 5333)
4(4929 4930 5330 5329)
4(4929 5329 5331 4931)
4(5325 5326 5328 5327)
4(5325 5327 5815 5811)
4(5361 5811 5815 5364)
4(5361 5364 5366 5363)
4(5342 5385 5811 5361)
4(5342 5361 5363 5344)
4(4923 5325 5811 5385)
4(4923 4924 5326 5325)
4(4921 4923 5385 5381)
4(4921 4922 4924 4923)
4(5339 5381 5385 5342)
4(5339 5342 5344 5341)
4(662 1391 5381 5339)
4(662 5339 5341 664)
4(625 4921 5381 1391)
4(625 626 4922 4921)
4(4925 4926 4930 4929)
4(4925 4929 4931 4927)
4(631 4925 4927 633)
4(631 632 4926 4925)
4(5809 5369 5373 5810)
4(5367 5371 5373 5369)
4(5809 5810 5033 5029)
4(5810 758 5894 5033)
4(5032 5033 5894 5893)
4(5893 5894 285 284)
4(284 285 303 302)
4(284 302 304 286)
4(329 881 883 882)
4(325 329 882 327)
4(292 311 898 888)
4(292 293 312 311)
4(311 314 902 898)
4(311 312 315 314)
4(328 898 902 330)
4(328 330 881 329)
4(324 888 898 328)
4(324 328 329 325)
4(323 325 327 326)
4(5457 323 326 5459)
4(5456 5478 884 322)
4(5456 322 323 5457)
4(322 884 888 324)
4(322 324 325 323)
4(289 292 888 884)
4(289 290 293 292)
4(5040 289 884 5478)
4(5040 5041 290 289)
4(310 313 315 312)
4(300 301 313 310)
4(300 304 308 301)
4(5892 300 310 291)
4(5892 286 304 300)
4(291 310 312 293)
4(5891 282 286 5892)
4(5893 284 286 282)
4(5891 5892 291 288)
4(288 291 293 290)
4(5039 288 290 5041)
4(5027 5891 288 5039)
4(5027 5034 282 5891)
4(5037 5038 5041 5040)
4(5036 5039 5041 5038)
4(5037 5040 5478 5474)
4(5455 5457 5459 5458)
4(5451 5455 5458 5453)
4(5450 5464 5474 5454)
4(5450 5454 5455 5451)
4(5454 5474 5478 5456)
4(5454 5456 5457 5455)
4(5018 5037 5474 5464)
4(5018 5019 5038 5037)
4(5015 5018 5464 5460)
4(5015 5016 5019 5018)
4(5449 5451 5453 5452)
4(737 5449 5452 739)
4(736 1449 5460 5448)
4(736 5448 5449 737)
4(5448 5460 5464 5450)
4(5448 5450 5451 5449)
4(720 5015 5460 1449)
4(720 721 5016 5015)
4(719 5014 5016 721)
4(5014 5017 5019 5016)
4(5017 5036 5038 5019)
4(5026 5027 5039 5036)
4(5026 5030 5034 5027)
4(5005 5026 5036 5017)
4(5005 5012 5030 5026)
4(5004 5005 5017 5014)
4(5004 5008 5012 5005)
4(216 5004 5014 719)
4(216 714 5008 5004)
4(5032 5893 282 5034)
4(5028 5032 5034 5030)
4(5028 5029 5033 5032)
4(5362 5363 5366 5365)
4(5359 5362 5365 5360)
4(5359 5360 5372 5368)
4(5338 5343 5362 5359)
4(5338 5359 5368 5350)
4(5343 5344 5363 5362)
4(5340 5341 5344 5343)
4(5337 5340 5343 5338)
4(5337 5338 5350 5346)
4(658 663 5340 5337)
4(658 5337 5346 670)
4(663 664 5341 5340)
4(735 737 739 738)
4(731 735 738 733)
4(729 731 733 732)
4(5783 729 732 5784)
4(5367 5368 5372 5371)
4(5349 5350 5368 5367)
4(5349 5367 5369 5351)
4(5808 5351 5369 5809)
4(5808 5809 5029 5011)
4(5807 5347 5351 5808)
4(5807 5808 5011 5007)
4(1310 671 5347 5807)
4(1310 5807 5007 222)
4(5345 5349 5351 5347)
4(5345 5346 5350 5349)
4(669 670 5346 5345)
4(669 5345 5347 671)
4(5010 5028 5030 5012)
4(5010 5011 5029 5028)
4(730 734 735 731)
4(734 736 737 735)
4(734 1445 1449 736)
4(717 720 1449 1445)
4(717 718 721 720)
4(207 717 1445 744)
4(207 208 718 717)
4(730 744 1445 734)
4(728 740 744 730)
4(728 730 731 729)
4(204 207 744 740)
4(204 205 208 207)
4(5317 204 740 5793)
4(5317 5318 205 204)
4(5782 5793 740 728)
4(5782 728 729 5783)
4(4609 4612 4614 4611)
4(4587 4590 4612 4609)
4(4590 4591 4613 4612)
4(4588 4589 4591 4590)
4(4585 4588 4590 4587)
4(5531 5534 4588 4585)
4(5534 5535 4589 4588)
4(5555 5561 6086 6082)
4(6081 6082 6084 6083)
4(5557 5564 6079 5561)
4(5553 5557 5561 5555)
4(4577 4582 5564 5557)
4(4571 4577 5557 5553)
4(5533 6081 6083 5535)
4(5511 5554 6081 5533)
4(5554 5555 6082 6081)
4(5509 5552 5554 5511)
4(4608 4609 4611 4610)
4(3917 4608 4610 3919)
4(3502 4586 4608 3917)
4(4586 4587 4609 4608)
4(4584 4585 4587 4586)
4(3500 4584 4586 3502)
4(4821 5530 4584 3500)
4(5530 5531 4585 4584)
4(5532 5533 5535 5534)
4(5529 5532 5534 5531)
4(5507 5510 5532 5529)
4(5510 5511 5533 5532)
4(5506 5507 5529 5528)
4(5528 5529 5531 5530)
4(4819 5528 5530 4821)
4(4433 5506 5528 4819)
4(4431 5504 5506 4433)
4(5504 5505 5507 5506)
4(5508 5509 5511 5510)
4(5505 5508 5510 5507)
4(4079 4082 5508 5505)
4(4083 4570 5552 5509)
4(4570 4571 5553 5552)
4(5552 5553 5555 5554)
4(4561 4566 4580 4573)
4(4573 4580 4582 4577)
4(4569 4573 4577 4571)
4(4555 4561 4573 4569)
4(4557 4564 4566 4561)
4(4553 4557 4561 4555)
4(1640 1645 4564 4557)
4(1634 1640 4557 4553)
4(1425 1868 1870 1867)
4(1425 1867 1877 1873)
4(1404 1407 1868 1425)
4(1404 1425 1873 1414)
4(1407 1408 1869 1868)
4(1872 1873 1877 1876)
4(4887 4890 4892 4889)
4(4890 4891 4893 4892)
4(4870 4871 4891 4890)
4(4867 4870 4890 4887)
4(2380 4492 4848 2388)
4(2388 4848 4852 2392)
4(2392 4852 1409 5248)
4(5248 1409 1413 5252)
4(5252 1413 1872 5260)
4(5260 1872 1876 5264)
4(1413 1414 1873 1872)
4(1409 1410 1414 1413)
4(1403 1404 1414 1410)
4(1403 1405 1407 1404)
4(1405 1406 1408 1407)
4(4846 4847 1406 1405)
4(4843 1403 1410 4853)
4(4843 4846 1405 1403)
4(4852 4853 1410 1409)
4(4886 4887 4889 4888)
4(4845 4886 4888 4847)
4(4487 4866 4886 4845)
4(4866 4867 4887 4886)
4(4868 4869 4871 4870)
4(4865 4868 4870 4867)
4(3915 3918 4868 4865)
4(3918 3919 4869 4868)
4(4485 4864 4866 4487)
4(4864 4865 4867 4866)
4(3914 3915 4865 4864)
4(3478 3914 4864 4485)
4(3912 3913 3915 3914)
4(3916 3917 3919 3918)
4(3913 3916 3918 3915)
4(3498 3501 3916 3913)
4(3501 3502 3917 3916)
4(3496 3499 3501 3498)
4(3499 3500 3502 3501)
4(4820 4821 3500 3499)
4(4817 4820 3499 3496)
4(4816 4817 3496 3495)
4(3495 3496 3498 3497)
4(3497 3498 3913 3912)
4(3456 3497 3912 3476)
4(3476 3912 3914 3478)
4(3454 3495 3497 3456)
4(4409 4816 3495 3454)
4(4842 4843 4853 4849)
4(4842 4844 4846 4843)
4(4844 4845 4847 4846)
4(4486 4487 4845 4844)
4(4483 4842 4849 4493)
4(4483 4486 4844 4842)
4(4492 4493 4849 4848)
4(4848 4849 4853 4852)
4(627 628 632 631)
4(627 631 633 629)
4(186 621 629 624)
4(191 627 629 621)
4(5733 5770 679 637)
4(5733 637 639 5735)
4(637 679 1375 640)
4(637 640 642 639)
4(640 1375 1387 659)
4(640 659 661 642)
4(659 1387 1391 662)
4(659 662 664 661)
4(623 625 1391 1387)
4(623 624 626 625)
4(185 623 1387 1375)
4(185 186 624 623)
4(183 185 1375 679)
4(183 184 186 185)
4(191 192 628 627)
4(184 189 621 186)
4(187 191 621 189)
4(5258 5265 189 184)
4(5263 187 189 5265)
4(5263 5264 188 187)
4(187 188 192 191)
4(5257 5258 184 183)
4(5257 183 679 5770)
4(4488 4489 4493 4492)
4(4482 4483 4493 4489)
4(4482 4484 4486 4483)
4(4484 4485 4487 4486)
4(3477 3478 4485 4484)
4(3474 4482 4489 3484)
4(3474 3477 4484 4482)
4(3483 3484 4489 4488)
4(1320 3483 4488 2376)
4(2376 4488 4492 2380)
4(660 661 664 663)
4(657 660 663 658)
4(657 658 670 666)
4(636 641 660 657)
4(636 657 666 648)
4(641 642 661 660)
4(665 666 670 669)
4(665 669 671 667)
4(1309 1310 222 218)
4(1309 667 671 1310)
4(1308 1309 218 200)
4(1308 649 667 1309)
4(1307 1308 200 196)
4(1307 645 649 1308)
4(182 1307 196 5310)
4(182 5742 645 1307)
4(2485 2486 2488 2487)
4(365 2485 2487 369)
4(6076 2483 2485 365)
4(2483 2484 2486 2485)
4(1624 1629 1643 1636)
4(1636 1643 1645 1640)
4(1632 1636 1640 1634)
4(1618 1624 1636 1632)
4(1620 1627 1629 1624)
4(1616 1620 1624 1618)
4(361 368 1627 1620)
4(355 361 1620 1616)
4(1631 1632 1634 1633)
4(1633 1634 4553 4552)
4(4552 4553 4555 4554)
4(4554 4555 4569 4568)
4(4568 4569 4571 4570)
4(4082 4083 5509 5508)
4(4080 4081 4083 4082)
4(4081 4568 4570 4083)
4(4059 4554 4568 4081)
4(4057 4552 4554 4059)
4(1598 1633 4552 4057)
4(4078 4079 5505 5504)
4(3403 4078 5504 4431)
4(3401 4076 4078 3403)
4(4076 4077 4079 4078)
4(4077 4080 4082 4079)
4(4055 4058 4080 4077)
4(4058 4059 4081 4080)
4(1597 1598 4057 4056)
4(4056 4057 4059 4058)
4(4053 4056 4058 4055)
4(957 1597 4056 4053)
4(1595 1596 1598 1597)
4(1596 1631 1633 1598)
4(1617 1618 1632 1631)
4(937 1617 1631 1596)
4(935 1615 1617 937)
4(1615 1616 1618 1617)
4(354 355 1616 1615)
4(6042 354 1615 935)
4(5502 5503 2482 2481)
4(3673 5502 2481 6072)
4(2481 2482 2484 2483)
4(6072 2481 2483 6076)
4(352 353 355 354)
4(353 357 361 355)
4(3672 3673 6072 6071)
4(6071 6072 6076 6075)
4(6075 6076 365 364)
4(364 365 369 368)
4(357 364 368 361)
4(6068 6075 364 357)
4(6062 6068 357 353)
4(6040 352 354 6042)
4(6018 6061 352 6040)
4(6061 6062 353 352)
4(6064 6071 6075 6068)
4(6060 6064 6068 6062)
4(3665 3672 6071 6064)
4(3659 3665 6064 6060)
4(4530 4531 5497 5496)
4(2055 4530 5496 3649)
4(5496 5497 5499 5498)
4(3649 5496 5498 3653)
4(3653 5498 5500 3669)
4(5498 5499 5501 5500)
4(5500 5501 5503 5502)
4(3669 5500 5502 3673)
4(4054 4055 4077 4076)
4(4052 4053 4055 4054)
4(3379 4052 4054 3381)
4(3381 4054 4076 3401)
4(956 957 4053 4052)
4(955 1595 1597 957)
4(933 936 1595 955)
4(148 954 956 150)
4(150 956 4052 3379)
4(3475 3476 3478 3477)
4(3473 3474 3484 3480)
4(3473 3475 3477 3474)
4(5256 5261 5265 5258)
4(5246 5253 5261 5256)
4(5245 5255 5766 5754)
4(5245 5246 5256 5255)
4(5255 5257 5770 5766)
4(5255 5256 5258 5257)
4(5730 5766 5770 5733)
4(5730 5733 5735 5732)
4(5272 5754 5766 5730)
4(5272 5730 5732 5274)
4(5244 5249 5253 5246)
4(2386 2393 5249 5244)
4(2879 2916 5750 5269)
4(2879 5269 5271 2881)
4(5269 5750 5754 5272)
4(5269 5272 5274 5271)
4(5243 5245 5754 5750)
4(5731 5732 5735 5734)
4(5734 5735 639 638)
4(638 639 642 641)
4(635 636 648 644)
4(635 638 641 636)
4(5729 635 644 5741)
4(5729 5734 638 635)
4(2384 2389 2393 2386)
4(2374 2381 2389 2384)
4(1350 1855 2896 2397)
4(1350 2397 2399 1352)
4(2397 2896 2900 2400)
4(2397 2400 2859 2399)
4(2400 2900 2912 2876)
4(2400 2876 2878 2859)
4(2876 2912 2916 2879)
4(2876 2879 2881 2878)
4(2383 2385 2916 2912)
4(2385 5243 5750 2916)
4(2385 2386 5244 5243)
4(5243 5244 5246 5245)
4(5259 5263 5265 5261)
4(5259 5260 5264 5263)
4(5251 5259 5261 5253)
4(5251 5252 5260 5259)
4(5247 5251 5253 5249)
4(5247 5248 5252 5251)
4(2391 2392 5248 5247)
4(2391 5247 5249 2393)
4(5006 5010 5012 5008)
4(5006 5007 5011 5010)
4(221 5006 5008 714)
4(221 222 5007 5006)
4(5313 5316 5318 5315)
4(5316 203 205 5318)
4(203 206 208 205)
4(206 716 718 208)
4(716 719 721 718)
4(215 216 719 716)
4(215 219 714 216)
4(194 215 716 206)
4(194 201 219 215)
4(193 194 206 203)
4(193 197 201 194)
4(5304 193 203 5316)
4(5304 5311 197 193)
4(217 221 714 219)
4(217 218 222 221)
4(199 217 219 201)
4(199 200 218 217)
4(195 196 200 199)
4(195 199 201 197)
4(5309 195 197 5311)
4(5309 5310 196 195)
4(5305 5306 5310 5309)
4(181 182 5310 5306)
4(5305 5309 5311 5307)
4(5303 5304 5316 5313)
4(5303 5307 5311 5304)
4(5282 5303 5313 5294)
4(5282 5289 5307 5303)
4(5294 5313 5315 5296)
4(5295 5296 5315 5314)
4(5314 5315 5318 5317)
4(5314 5317 5793 5791)
4(5295 5314 5791 5787)
4(5292 5295 5787 5785)
4(5292 5293 5296 5295)
4(2439 5292 5785 2989)
4(2439 2440 5293 5292)
4(2438 5291 5293 2440)
4(5291 5294 5296 5293)
4(5281 5282 5294 5291)
4(5281 5285 5289 5282)
4(5287 5305 5307 5289)
4(5287 5288 5306 5305)
4(181 5738 5742 182)
4(5719 5720 5738 181)
4(5719 181 5306 5288)
4(5718 5719 5288 5284)
4(5718 5277 5720 5719)
4(3449 2888 5277 5718)
4(3449 5718 5284 2432)
4(3448 2884 2888 3449)
4(3448 3449 2432 2428)
4(4818 4819 4821 4820)
4(4815 4818 4820 4817)
4(4429 4432 4818 4815)
4(4432 4433 4819 4818)
4(2387 2388 2392 2391)
4(2387 2391 2393 2389)
4(2379 2387 2389 2381)
4(2379 2380 2388 2387)
4(2375 2376 2380 2379)
4(2375 2379 2381 2377)
4(2372 2377 2381 2374)
4(1314 1321 2377 2372)
4(1313 2371 2896 1855)
4(1313 1314 2372 2371)
4(2371 2373 2900 2896)
4(2371 2372 2374 2373)
4(2373 2374 2384 2383)
4(2373 2383 2912 2900)
4(2383 2384 2386 2385)
4(5270 5271 5274 5273)
4(5273 5274 5732 5731)
4(5728 5729 5741 5737)
4(5728 5731 5734 5729)
4(5268 5728 5737 5280)
4(5268 5273 5731 5728)
4(5279 5280 5737 5736)
4(5736 5737 5741 5740)
4(5740 5741 644 643)
4(643 644 648 647)
4(647 648 666 665)
4(647 665 667 649)
4(643 647 649 645)
4(5740 643 645 5742)
4(5736 5740 5742 5738)
4(5279 5736 5738 5720)
4(2426 5281 5291 2438)
4(2426 2433 5285 5281)
4(2435 2438 2440 2437)
4(2436 2439 2989 2987)
4(2436 2437 2440 2439)
4(2417 2418 2437 2436)
4(2417 2436 2987 2983)
4(2431 5283 5285 2433)
4(2431 2432 5284 5283)
4(5283 5287 5289 5285)
4(5283 5284 5288 5287)
4(5275 5279 5720 5277)
4(5275 5276 5280 5279)
4(5267 5270 5273 5268)
4(5267 5268 5280 5276)
4(2875 2880 5270 5267)
4(2875 5267 5276 2887)
4(2880 2881 5271 5270)
4(2886 2887 5276 5275)
4(2886 5275 5277 2888)
4(2882 2883 2887 2886)
4(2874 2875 2887 2883)
4(2882 2886 2888 2884)
4(2857 2866 2884 3448)
4(2857 3448 2428 2410)
4(2874 2877 2880 2875)
4(2877 2878 2881 2880)
4(2858 2859 2878 2877)
4(2396 2874 2883 2865)
4(2396 2858 2877 2874)
4(2864 2882 2884 2866)
4(2864 2865 2883 2882)
4(2398 2399 2859 2858)
4(2395 2398 2858 2396)
4(2395 2396 2865 2861)
4(1346 1351 2398 2395)
4(1346 2395 2861 1358)
4(1351 1352 2399 2398)
4(1319 2375 2377 1321)
4(1319 1320 2376 2375)
4(3479 3480 3484 3483)
4(1316 3479 3483 1320)
4(618 3461 3479 1316)
4(3461 3462 3480 3479)
4(3452 3455 3475 3473)
4(3452 3473 3480 3462)
4(3455 3456 3476 3475)
4(3453 3454 3456 3455)
4(3451 3453 3455 3452)
4(3451 3452 3462 3458)
4(4405 4408 3453 3451)
4(4405 3451 3458 4415)
4(4408 4409 3454 3453)
4(4814 4815 4817 4816)
4(4407 4814 4816 4409)
4(4387 4428 4814 4407)
4(4428 4429 4815 4814)
4(4385 4426 4428 4387)
4(4430 4431 4433 4432)
4(4427 4430 4432 4429)
4(3399 3402 4430 4427)
4(3402 3403 4431 4430)
4(3397 3400 3402 3399)
4(3400 3401 3403 3402)
4(3380 3381 3401 3400)
4(3377 3380 3400 3397)
4(3376 3377 3397 3396)
4(3396 3397 3399 3398)
4(3398 3399 4427 4426)
4(4426 4427 4429 4428)
4(3378 3379 3381 3380)
4(3375 3378 3380 3377)
4(146 149 3378 3375)
4(149 150 3379 3378)
4(3457 3458 3462 3461)
4(614 3457 3461 618)
4(2256 4414 3457 614)
4(4414 4415 3458 3457)
4(1315 1316 1320 1319)
4(1315 1319 1321 1317)
4(1312 1317 1321 1314)
4(612 619 1317 1312)
4(610 615 619 612)
4(2250 2257 615 610)
4(2255 613 615 2257)
4(2255 2256 614 613)
4(613 614 618 617)
4(613 617 619 615)
4(617 1315 1317 619)
4(617 618 1316 1315)
4(2251 2252 2256 2255)
4(2251 2255 2257 2253)
4(4410 4411 4415 4414)
4(4406 4407 4409 4408)
4(4404 4406 4408 4405)
4(4404 4405 4415 4411)
4(4383 4386 4406 4404)
4(4383 4404 4411 4393)
4(4386 4387 4407 4406)
4(2252 4410 4414 2256)
4(1782 4392 4410 2252)
4(4392 4393 4411 4410)
4(1778 4388 4392 1782)
4(2798 3396 3398 3357)
4(3357 3398 4426 4385)
4(4384 4385 4387 4386)
4(4382 4384 4386 4383)
4(4382 4383 4393 4389)
4(2796 3356 4384 4382)
4(2796 4382 4389 3363)
4(3356 3357 4385 4384)
4(4388 4389 4393 4392)
4(3362 3363 4389 4388)
4(545 3362 4388 1778)
4(541 3358 3362 545)
4(144 147 149 146)
4(147 148 150 149)
4(127 128 148 147)
4(128 932 954 148)
4(932 933 955 954)
4(954 955 957 956)
4(936 937 1596 1595)
4(934 935 937 936)
4(931 934 936 933)
4(6038 6041 934 931)
4(6041 6042 935 934)
4(126 930 932 128)
4(930 931 933 932)
4(6037 6038 931 930)
4(5221 6037 930 126)
4(6036 6039 6041 6038)
4(1555 1984 1986 1556)
4(1556 1986 1996 1563)
4(1563 1996 1998 1564)
4(1564 1998 5052 4050)
4(4050 5052 5054 4051)
4(1559 1563 1564 1562)
4(1562 1564 4050 4046)
4(4046 4050 4051 4049)
4(4045 4046 4049 4048)
4(1561 1562 4046 4045)
4(1560 1561 4045 4044)
4(4044 4045 4048 4047)
4(4047 4048 4529 4528)
4(4528 4529 4531 4530)
4(6039 6040 6042 6041)
4(6014 6017 6039 6036)
4(6017 6018 6040 6039)
4(6016 6059 6061 6018)
4(6059 6060 6062 6061)
4(3658 3659 6060 6059)
4(3111 3658 6059 6016)
4(2054 2055 3649 3648)
4(3648 3649 3653 3652)
4(3652 3653 3669 3668)
4(3668 3669 3673 3672)
4(3661 3668 3672 3665)
4(3657 3661 3665 3659)
4(3137 3652 3668 3661)
4(3131 3137 3661 3657)
4(3109 3656 3658 3111)
4(3656 3657 3659 3658)
4(3130 3131 3657 3656)
4(3087 3130 3656 3109)
4(2425 2426 2438 2435)
4(2425 2429 2433 2426)
4(2404 2411 2429 2425)
4(2404 2425 2435 2416)
4(2416 2435 2437 2418)
4(2414 2417 2983 2981)
4(2414 2415 2418 2417)
4(1429 2414 2981 1936)
4(1429 1430 2415 2414)
4(1840 1359 2862 2856)
4(1840 2856 2406 710)
4(2856 2857 2410 2406)
4(2856 2862 2866 2857)
4(2405 2406 2410 2409)
4(2409 2410 2428 2427)
4(2427 2428 2432 2431)
4(713 1428 1430 1427)
4(1428 2413 2415 1430)
4(2413 2416 2418 2415)
4(2403 2404 2416 2413)
4(2403 2407 2411 2404)
4(2409 2427 2429 2411)
4(2427 2431 2433 2429)
4(704 2403 2413 1428)
4(704 711 2407 2403)
4(709 2405 2407 711)
4(709 710 2406 2405)
4(2405 2409 2411 2407)
4(2860 2864 2866 2862)
4(2860 2861 2865 2864)
4(1357 2860 2862 1359)
4(1357 1358 2861 2860)
4(1839 1355 1359 1840)
4(1839 1840 710 706)
4(1838 1337 1355 1839)
4(1838 1839 706 688)
4(1837 1333 1337 1838)
4(1837 1838 688 684)
4(2681 2295 1333 1837)
4(2681 1837 684 1816)
4(2680 2291 2295 2681)
4(2680 2681 1816 1812)
4(2679 2273 2291 2680)
4(2679 2680 1812 1794)
4(2678 2269 2273 2679)
4(2678 2679 1794 1790)
4(2267 2268 2272 2271)
4(2267 2271 2273 2269)
4(2271 2289 2291 2273)
4(2271 2272 2290 2289)
4(2289 2290 2294 2293)
4(2289 2293 2295 2291)
4(2293 1331 1333 2295)
4(2293 2294 1332 1331)
4(1331 1332 1336 1335)
4(1331 1335 1337 1333)
4(1335 1353 1355 1337)
4(1335 1336 1354 1353)
4(1353 1354 1358 1357)
4(1353 1357 1359 1355)
4(1345 1348 1351 1346)
4(1345 1346 1358 1354)
4(1348 1349 1352 1351)
4(1347 1851 1855 1350)
4(1347 1350 1352 1349)
4(1311 1313 1855 1851)
4(1311 1312 1314 1313)
4(611 1311 1851 1371)
4(611 612 1312 1311)
4(1328 1371 1851 1347)
4(1328 1347 1349 1330)
4(1325 1367 1371 1328)
4(609 611 1371 1367)
4(1325 1328 1330 1327)
4(609 610 612 611)
4(2249 609 1367 2761)
4(2249 2250 610 609)
4(2286 2761 1367 1325)
4(2286 1325 1327 2288)
4(1324 1345 1354 1336)
4(1324 1329 1348 1345)
4(1323 1324 1336 1332)
4(1323 1326 1329 1324)
4(1326 1327 1330 1329)
4(1329 1330 1349 1348)
4(2282 1323 1332 2294)
4(2282 2287 1326 1323)
4(2248 2253 2257 2250)
4(1776 1783 2253 2248)
4(3358 3359 3363 3362)
4(2797 2798 3357 3356)
4(2795 2797 3356 2796)
4(2795 2796 3363 3359)
4(2774 2777 2797 2795)
4(2774 2795 3359 2784)
4(2778 3376 3396 2798)
4(3374 3375 3377 3376)
4(2776 3374 3376 2778)
4(104 145 3374 2776)
4(145 146 3375 3374)
4(2777 2778 2798 2797)
4(2775 2776 2778 2777)
4(533 2783 3358 541)
4(2783 2784 3359 3358)
4(529 2779 2783 533)
4(2779 2780 2784 2783)
4(2773 2774 2784 2780)
4(2773 2775 2777 2774)
4(100 103 2775 2773)
4(100 2773 2780 110)
4(103 104 2776 2775)
4(1781 2251 2253 1783)
4(1781 1782 2252 2251)
4(539 546 1779 1774)
4(1774 1779 1783 1776)
4(1773 1775 2307 2303)
4(1773 1774 1776 1775)
4(1775 2247 2757 2307)
4(1775 1776 2248 2247)
4(2247 2249 2761 2757)
4(2247 2248 2250 2249)
4(2283 2757 2761 2286)
4(2283 2286 2288 2285)
4(2264 2307 2757 2283)
4(2264 2283 2285 2266)
4(2261 2303 2307 2264)
4(2261 2264 2266 2263)
4(1230 1267 2303 2261)
4(1230 2261 2263 1232)
4(538 1773 2303 1267)
4(538 539 1774 1773)
4(2287 2288 1327 1326)
4(2284 2285 2288 2287)
4(2281 2284 2287 2282)
4(2281 2282 2294 2290)
4(2260 2265 2284 2281)
4(2260 2281 2290 2272)
4(2265 2266 2285 2284)
4(2259 2260 2272 2268)
4(2259 2262 2265 2260)
4(2262 2263 2266 2265)
4(1231 1232 2263 2262)
4(1226 2259 2268 1238)
4(1226 1231 2262 2259)
4(1237 1238 2268 2267)
4(1237 2267 2269 1239)
4(1772 1239 2269 2678)
4(1771 1772 594 590)
4(1771 1235 1239 1772)
4(1772 2678 1790 594)
4(593 594 1790 1789)
4(1789 1790 1794 1793)
4(1793 1794 1812 1811)
4(1811 1812 1816 1815)
4(1815 1816 684 683)
4(683 684 688 687)
4(687 688 706 705)
4(705 706 710 709)
4(703 704 1428 713)
4(1426 1427 1430 1429)
4(1426 1429 1936 1934)
4(695 1426 1934 1439)
4(695 696 1427 1426)
4(692 695 1439 1437)
4(692 693 696 695)
4(2354 692 1437 2852)
4(2354 2355 693 692)
4(1820 2354 2852 2850)
4(1820 1821 2355 2354)
4(1801 1820 2850 2364)
4(1801 1802 1821 1820)
4(601 1798 2362 1297)
4(601 602 1799 1798)
4(1798 1801 2364 2362)
4(1798 1799 1802 1801)
4(3884 576 1289 4471)
4(3884 3885 577 576)
4(576 579 1291 1289)
4(576 577 580 579)
4(579 598 1295 1291)
4(579 580 599 598)
4(598 601 1297 1295)
4(598 599 602 601)
4(2827 3898 2349 1285)
4(3898 3902 2351 2349)
4(3902 4448 2845 2351)
4(4443 4445 4450 4447)
4(3895 4443 4447 3901)
4(553 1251 1263 1227)
4(553 1227 1229 555)
4(1227 1263 1267 1230)
4(1227 1230 1232 1229)
4(544 545 1778 1777)
4(544 1777 1779 546)
4(1777 1781 1783 1779)
4(1777 1778 1782 1781)
4(537 542 546 539)
4(540 544 546 542)
4(527 534 542 537)
4(525 530 534 527)
4(3825 3832 530 525)
4(3830 528 530 3832)
4(3830 3831 529 528)
4(528 532 534 530)
4(528 529 533 532)
4(532 540 542 534)
4(532 533 541 540)
4(540 541 545 544)
4(526 527 537 536)
4(536 537 539 538)
4(536 538 1267 1263)
4(526 536 1263 1251)
4(550 1247 1251 553)
4(550 553 555 552)
4(4333 4370 1247 550)
4(4333 550 552 4335)
4(3824 524 1247 4370)
4(3824 3825 525 524)
4(524 526 1251 1247)
4(524 525 527 526)
4(703 707 711 704)
4(705 709 711 707)
4(682 703 713 694)
4(682 689 707 703)
4(694 713 1427 696)
4(687 705 707 689)
4(683 687 689 685)
4(681 685 689 682)
4(681 682 694 691)
4(691 694 696 693)
4(2353 691 693 2355)
4(1810 1817 685 681)
4(1810 681 691 2353)
4(1815 683 685 1817)
4(1819 2353 2355 1821)
4(1809 1813 1817 1810)
4(1809 1810 2353 1819)
4(1788 1795 1813 1809)
4(1788 1809 1819 1800)
4(1800 1819 1821 1802)
4(1793 1811 1813 1795)
4(1811 1815 1817 1813)
4(1787 1788 1800 1797)
4(1797 1800 1802 1799)
4(1787 1791 1795 1788)
4(588 595 1791 1787)
4(588 1787 1797 600)
4(600 1797 1799 602)
4(593 1789 1791 595)
4(1789 1793 1795 1791)
4(587 588 600 597)
4(597 600 602 599)
4(587 591 595 588)
4(168 587 597 578)
4(168 573 591 587)
4(578 597 599 580)
4(571 572 590 589)
4(571 589 591 573)
4(589 593 595 591)
4(589 590 594 593)
4(1221 1771 590 572)
4(1221 562 1235 1771)
4(1220 1221 572 568)
4(1220 558 562 1221)
4(1233 1237 1239 1235)
4(1233 1234 1238 1237)
4(1228 1229 1232 1231)
4(1225 1228 1231 1226)
4(1225 1226 1238 1234)
4(549 554 1228 1225)
4(549 1225 1234 561)
4(554 555 1229 1228)
4(5219 6035 6037 5221)
4(6035 6036 6038 6037)
4(6013 6014 6036 6035)
4(4796 6013 6035 5219)
4(6012 6015 6017 6014)
4(3107 3110 6015 6012)
4(3110 3111 6016 6015)
4(6015 6016 6018 6017)
4(2035 4047 4528 2051)
4(2051 4528 4530 2055)
4(2031 4044 4047 2035)
4(345 1560 4044 2031)
4(344 345 2031 2030)
4(2030 2031 2035 2034)
4(2034 2035 2051 2050)
4(2050 2051 2055 2054)
4(1558 1559 1562 1561)
4(920 921 1559 1558)
4(918 1555 1556 921)
4(921 1556 1563 1559)
4(1557 1558 1561 1560)
4(341 1557 1560 345)
4(6000 919 1557 341)
4(919 920 1558 1557)
4(917 918 921 920)
4(916 917 920 919)
4(3108 3109 3111 3110)
4(3105 3108 3110 3107)
4(3083 3086 3108 3105)
4(3086 3087 3109 3108)
4(3084 3085 3087 3086)
4(3085 3128 3130 3087)
4(3129 3133 3137 3131)
4(3128 3129 3131 3130)
4(3133 3648 3652 3137)
4(2047 2054 3648 3133)
4(2041 2047 3133 3129)
4(4794 6011 6013 4796)
4(6011 6012 6014 6013)
4(3106 3107 6012 6011)
4(3785 3106 6011 4794)
4(2043 2050 2054 2047)
4(2039 2043 2047 2041)
4(2027 2034 2050 2043)
4(2021 2027 2043 2039)
4(2038 2039 2041 2040)
4(2040 2041 3129 3128)
4(2001 2040 3128 3085)
4(3082 3083 3105 3104)
4(3104 3105 3107 3106)
4(3783 3104 3106 3785)
4(3293 3082 3104 3783)
4(3080 3081 3083 3082)
4(2000 2001 3085 3084)
4(1592 2000 3084 3081)
4(3081 3084 3086 3083)
4(1593 1594 2001 2000)
4(1594 2038 2040 2001)
4(1572 2020 2038 1594)
4(2020 2021 2039 2038)
4(1570 2018 2020 1572)
4(2023 2030 2034 2027)
4(2019 2023 2027 2021)
4(337 344 2030 2023)
4(6006 337 2023 2019)
4(5966 6005 2018 1570)
4(6005 6006 2019 2018)
4(2018 2019 2021 2020)
4(1590 1593 2000 1592)
4(2182 1591 3080 3291)
4(3291 3080 3082 3293)
4(1591 1592 3081 3080)
4(1589 1590 1592 1591)
4(1567 1568 1590 1589)
4(1568 1571 1593 1590)
4(1571 1572 1594 1593)
4(1566 1569 1571 1568)
4(1569 1570 1572 1571)
4(5965 5966 1570 1569)
4(5962 5965 1569 1566)
4(5961 5962 1566 1565)
4(1565 1566 1568 1567)
4(5988 5995 5999 5992)
4(5992 5999 340 333)
4(333 340 344 337)
4(340 341 345 344)
4(6004 333 337 6006)
4(5986 5992 333 6004)
4(5999 6000 341 340)
4(5995 5996 6000 5999)
4(5996 916 919 6000)
4(124 127 147 144)
4(102 143 145 104)
4(143 144 146 145)
4(123 124 144 143)
4(5700 123 143 102)
4(122 125 127 124)
4(125 126 128 127)
4(5220 5221 126 125)
4(5217 5220 125 122)
4(4772 5216 121 5698)
4(5698 121 123 5700)
4(121 122 124 123)
4(5216 5217 122 121)
4(4771 4772 5698 5697)
4(5697 5698 5700 5699)
4(5699 5700 102 101)
4(101 102 104 103)
4(5717 100 110 106)
4(5717 101 103 100)
4(5696 5717 106 5706)
4(5696 5699 101 5717)
4(3823 3828 3832 3825)
4(5218 5219 5221 5220)
4(5215 5218 5220 5217)
4(4792 4795 5218 5215)
4(4795 4796 5219 5218)
4(4791 4792 5215 5214)
4(5214 5215 5217 5216)
4(4770 5214 5216 4772)
4(4750 4791 5214 4770)
4(4748 4789 4791 4750)
4(4793 4794 4796 4795)
4(4790 4793 4795 4792)
4(3781 3784 4793 4790)
4(3784 3785 4794 4793)
4(3780 3781 4790 4789)
4(4789 4790 4792 4791)
4(3269 3780 4789 4748)
4(3831 109 2779 529)
4(109 110 2780 2779)
4(105 106 110 109)
4(3827 105 109 3831)
4(3819 5705 105 3827)
4(5705 5706 106 105)
4(5695 5697 5699 5696)
4(5695 5696 5706 5702)
4(4768 4771 5697 5695)
4(4768 5695 5702 4778)
4(4769 4770 4772 4771)
4(4767 4769 4771 4768)
4(4767 4768 4778 4774)
4(4746 4749 4769 4767)
4(4746 4767 4774 4756)
4(4749 4750 4770 4769)
4(5701 5702 5706 5705)
4(3815 5701 5705 3819)
4(2691 4777 5701 3815)
4(4777 4778 5702 5701)
4(4773 4774 4778 4777)
4(2687 4773 4777 2691)
4(2244 4755 4773 2687)
4(4755 4756 4774 4773)
4(4751 4752 4756 4755)
4(4745 4746 4756 4752)
4(4745 4747 4749 4746)
4(4747 4748 4750 4749)
4(3268 3269 4748 4747)
4(3265 4745 4752 3275)
4(3265 3268 4747 4745)
4(3274 3275 4752 4751)
4(1084 3274 4751 2240)
4(2240 4751 4755 2244)
4(5984 5988 5992 5986)
4(5983 5984 5986 5985)
4(5985 5986 6004 6003)
4(6003 6004 6006 6005)
4(5964 6003 6005 5966)
4(5942 5985 6003 5964)
4(5495 5983 5985 5942)
4(5963 5964 5966 5965)
4(2180 1589 1591 2182)
4(2160 1567 1589 2180)
4(5196 5961 1565 2158)
4(2158 1565 1567 2160)
4(5194 5959 5961 5196)
4(5960 5963 5965 5962)
4(5941 5942 5964 5963)
4(5493 5941 5963 5960)
4(5491 5494 5941 5493)
4(5494 5495 5942 5941)
4(3778 3779 3781 3780)
4(3782 3783 3785 3784)
4(3779 3782 3784 3781)
4(3289 3292 3782 3779)
4(3292 3293 3783 3782)
4(3287 3290 3292 3289)
4(3290 3291 3293 3292)
4(2181 2182 3291 3290)
4(2178 2181 3290 3287)
4(2177 2178 3287 3286)
4(3286 3287 3289 3288)
4(3288 3289 3779 3778)
4(3247 3288 3778 3267)
4(3267 3778 3780 3269)
4(3245 3286 3288 3247)
4(2136 2177 3286 3245)
4(2176 2179 2181 2178)
4(2179 2180 2182 2181)
4(2159 2160 2180 2179)
4(2156 2159 2179 2176)
4(2134 2175 2177 2136)
4(2175 2176 2178 2177)
4(2155 2156 2176 2175)
4(1707 2155 2175 2134)
4(2154 2157 2159 2156)
4(2157 2158 2160 2159)
4(5195 5196 2158 2157)
4(5192 5195 2157 2154)
4(5190 5193 5195 5192)
4(5193 5194 5196 5195)
4(5173 5174 5194 5193)
4(5174 5492 5959 5194)
4(5172 5490 5492 5174)
4(5490 5491 5493 5492)
4(5492 5493 5960 5959)
4(5959 5960 5962 5961)
4(575 578 580 577)
4(167 168 578 575)
4(167 569 573 168)
4(3871 167 575 3883)
4(3871 3878 569 167)
4(3883 575 577 3885)
4(4744 1220 568 3877)
4(4744 4342 558 1220)
4(4743 4744 3877 3873)
4(4743 4338 4342 4744)
4(4317 4743 3873 3855)
4(4317 4320 4338 4743)
4(4316 4317 3855 3851)
4(4316 3844 4320 4317)
4(3334 4316 3851 2340)
4(3334 2730 3844 4316)
4(3880 3883 3885 3882)
4(3870 3871 3883 3880)
4(3870 3874 3878 3871)
4(3849 3870 3880 3861)
4(3849 3856 3874 3870)
4(3861 3880 3882 3863)
4(3862 3863 3882 3881)
4(3881 3882 3885 3884)
4(567 571 573 569)
4(567 568 572 571)
4(3876 3877 568 567)
4(3876 567 569 3878)
4(4442 4467 4471 4444)
4(3881 3884 4471 4467)
4(4442 4444 4445 4443)
4(3894 4455 4467 4442)
4(3894 4442 4443 3895)
4(3862 3881 4467 4455)
4(3859 3862 4455 4451)
4(3859 3860 3863 3862)
4(3893 3895 3901 3897)
4(2820 3893 3897 2826)
4(2819 3424 4451 3892)
4(2819 3892 3893 2820)
4(3892 4451 4455 3894)
4(3892 3894 3895 3893)
4(2347 3859 4451 3424)
4(2347 2348 3860 3859)
4(2346 3858 3860 2348)
4(3858 3861 3863 3860)
4(3848 3849 3861 3858)
4(3848 3852 3856 3849)
4(2334 3848 3858 2346)
4(2334 2341 3852 3848)
4(560 561 1234 1233)
4(560 1233 1235 562)
4(556 560 562 558)
4(556 557 561 560)
4(551 552 555 554)
4(548 551 554 549)
4(548 549 561 557)
4(4329 4334 551 548)
4(4329 548 557 4341)
4(4334 4335 552 551)
4(4340 4341 557 556)
4(4340 556 558 4342)
4(4336 4337 4341 4340)
4(4328 4329 4341 4337)
4(4336 4340 4342 4338)
4(3835 3840 4331 4328)
4(3835 4328 4337 4319)
4(4328 4331 4334 4329)
4(4331 4332 4335 4334)
4(3840 3841 4332 4331)
4(3839 4330 4332 3841)
4(4330 4333 4335 4332)
4(4330 4366 4370 4333)
4(3822 3824 4370 4366)
4(3822 3823 3825 3824)
4(3839 4354 4366 4330)
4(3812 3822 4366 4354)
4(3812 3813 3823 3822)
4(3813 3820 3828 3823)
4(3811 3816 3820 3813)
4(2685 2692 3816 3811)
4(2684 3810 4350 3344)
4(2684 2685 3811 3810)
4(3810 3812 4354 4350)
4(3810 3811 3813 3812)
4(3836 4350 4354 3839)
4(3836 3839 3841 3838)
4(2721 3344 4350 3836)
4(2721 3836 3838 2723)
4(2683 2688 2692 2685)
4(2238 2245 2688 2683)
4(5150 5191 2153 1705)
4(1705 2153 2155 1707)
4(2153 2154 2156 2155)
4(5191 5192 2154 2153)
4(3266 3267 3269 3268)
4(3264 3266 3268 3265)
4(3264 3265 3275 3271)
4(3243 3246 3266 3264)
4(3243 3264 3271 3253)
4(3246 3247 3267 3266)
4(3244 3245 3247 3246)
4(3242 3244 3246 3243)
4(3242 3243 3253 3249)
4(2132 2135 3244 3242)
4(2132 3242 3249 2142)
4(2135 2136 3245 3244)
4(2133 2134 2136 2135)
4(1724 2133 2135 2132)
4(1724 2132 2142 2138)
4(1703 1706 2133 1724)
4(1703 1724 2138 1713)
4(1706 1707 2134 2133)
4(1704 1705 1707 1706)
4(1702 1704 1706 1703)
4(1702 1703 1713 1709)
4(5146 5149 1704 1702)
4(5146 1702 1709 5156)
4(5149 5150 1705 1704)
4(3270 3271 3275 3274)
4(1080 3270 3274 1084)
4(1072 3252 3270 1080)
4(3252 3253 3271 3270)
4(3248 3249 3253 3252)
4(466 3248 3252 1072)
4(5676 2141 3248 466)
4(2141 2142 3249 3248)
4(2137 2138 2142 2141)
4(5672 2137 2141 5676)
4(5664 1712 2137 5672)
4(1712 1713 2138 2137)
4(1708 1709 1713 1712)
4(4253 5155 1708 5660)
4(5660 1708 1712 5664)
4(5155 5156 1709 1708)
4(5151 5152 5156 5155)
4(3333 3334 2340 2336)
4(3333 2726 2730 3334)
4(3332 3333 2336 2318)
4(3332 2708 2726 3333)
4(3331 3332 2318 2314)
4(3331 2704 2708 3332)
4(3 3331 2314 2618)
4(3 1123 2704 3331)
4(2617 2618 2314 2313)
4(2313 2314 2318 2317)
4(2317 2318 2336 2335)
4(2335 2336 2340 2339)
4(2339 2340 3851 3850)
4(3850 3851 3855 3854)
4(3854 3855 3873 3872)
4(3872 3873 3877 3876)
4(3872 3876 3878 3874)
4(3854 3872 3874 3856)
4(3850 3854 3856 3852)
4(2339 3850 3852 2341)
4(2335 2339 2341 2337)
4(2333 2334 2346 2343)
4(2333 2337 2341 2334)
4(2343 2346 2348 2345)
4(2325 2344 3420 2833)
4(2325 2326 2345 2344)
4(2344 2347 3424 3420)
4(2344 2345 2348 2347)
4(2818 2820 2826 2822)
4(2808 2818 2822 2814)
4(2807 2833 3420 2817)
4(2807 2817 2818 2808)
4(2817 3420 3424 2819)
4(2817 2819 2820 2818)
4(2805 2829 2833 2807)
4(2322 2325 2833 2829)
4(2805 2807 2808 2806)
4(2806 2808 2814 2810)
4(2648 2806 2810 2654)
4(2823 2827 1285 1283)
4(2815 2823 1283 1281)
4(3900 4446 4448 3902)
4(3900 3901 4447 4446)
4(3896 3897 3901 3900)
4(3896 3900 3902 3898)
4(2825 3896 3898 2827)
4(2825 2826 3897 3896)
4(3826 3830 3832 3828)
4(3826 3827 3831 3830)
4(3818 3826 3828 3820)
4(3818 3819 3827 3826)
4(3814 3818 3820 3816)
4(3814 3815 3819 3818)
4(2690 3814 3816 2692)
4(2690 2691 3815 3814)
4(2682 2683 2685 2684)
4(2682 2684 3344 3340)
4(2718 3340 3344 2721)
4(2718 2721 2723 2720)
4(2699 2742 3340 2718)
4(2699 2718 2720 2701)
4(2237 2682 3340 2742)
4(2237 2238 2683 2682)
4(2235 2237 2742 2738)
4(2235 2236 2238 2237)
4(2236 2241 2245 2238)
4(1078 1085 2241 2236)
4(1077 2235 2738 1690)
4(1077 1078 2236 2235)
4(1114 1690 2738 2696)
4(1114 2696 2698 1116)
4(2696 2738 2742 2699)
4(2696 2699 2701 2698)
4(4318 4319 4337 4336)
4(4318 4336 4338 4320)
4(3842 4318 4320 3844)
4(3842 3843 4319 4318)
4(3834 3835 4319 3843)
4(3834 3837 3840 3835)
4(3837 3838 3841 3840)
4(2722 2723 3838 3837)
4(2717 3834 3843 2729)
4(2717 2722 3837 3834)
4(2728 3842 3844 2730)
4(2728 2729 3843 3842)
4(2724 2725 2729 2728)
4(2716 2717 2729 2725)
4(2724 2728 2730 2726)
4(2719 2720 2723 2722)
4(2716 2719 2722 2717)
4(2695 2700 2719 2716)
4(2695 2716 2725 2707)
4(2700 2701 2720 2719)
4(2706 2707 2725 2724)
4(2706 2724 2726 2708)
4(2702 2703 2707 2706)
4(2694 2695 2707 2703)
4(2702 2706 2708 2704)
4(2697 2698 2701 2700)
4(2694 2697 2700 2695)
4(1110 1115 2697 2694)
4(1110 2694 2703 1122)
4(1115 1116 2698 2697)
4(1121 1122 2703 2702)
4(1121 2702 2704 1123)
4(2243 2686 2688 2245)
4(2686 2690 2692 2688)
4(2686 2687 2691 2690)
4(2243 2244 2687 2686)
4(2239 2243 2245 2241)
4(2239 2240 2244 2243)
4(1083 1084 2240 2239)
4(1083 2239 2241 1085)
4(1075 1076 1078 1077)
4(1075 1077 1690 1686)
4(1076 1081 1085 1078)
4(464 1073 1081 1076)
4(1092 1674 1686 1111)
4(1092 1111 1113 1094)
4(1111 1686 1690 1114)
4(1111 1114 1116 1113)
4(463 1075 1686 1674)
4(463 464 1076 1075)
4(461 463 1674 1670)
4(461 462 464 463)
4(462 467 1073 464)
4(5670 5677 467 462)
4(19 56 1670 1089)
4(19 1089 1091 21)
4(1089 1670 1674 1092)
4(1089 1092 1094 1091)
4(5669 461 1670 56)
4(5669 5670 462 461)
4(1071 1079 1081 1073)
4(1079 1083 1085 1081)
4(1079 1080 1084 1083)
4(1071 1072 1080 1079)
4(465 1071 1073 467)
4(465 466 1072 1071)
4(5675 5676 466 465)
4(5675 465 467 5677)
4(5671 5672 5676 5675)
4(5671 5675 5677 5673)
4(2 1119 1123 3)
4(2 3 2618 2614)
4(1 1101 1119 2)
4(1 2 2614 2206)
4(0 1097 1101 1)
4(0 1 2206 2202)
4(5140 28 1097 0)
4(5140 0 2202 1183)
4(5139 24 28 5140)
4(5139 5140 1183 1179)
4(5668 5673 5677 5670)
4(5658 5665 5673 5668)
4(5656 5661 5665 5658)
4(5663 5671 5673 5665)
4(5663 5664 5672 5671)
4(5659 5660 5664 5663)
4(5659 5663 5665 5661)
4(4247 4254 5661 5656)
4(4252 5659 5661 4254)
4(5148 5189 5191 5150)
4(5189 5190 5192 5191)
4(5169 5170 5190 5189)
4(5170 5173 5193 5190)
4(5168 5171 5173 5170)
4(5171 5172 5174 5173)
4(1109 1112 1115 1110)
4(1109 1110 1122 1118)
4(1112 1113 1116 1115)
4(1093 1094 1113 1112)
4(1088 1109 1118 1100)
4(1088 1093 1112 1109)
4(1099 1100 1118 1117)
4(1117 1118 1122 1121)
4(1117 1121 1123 1119)
4(1099 1117 1119 1101)
4(1095 1099 1101 1097)
4(1095 1096 1100 1099)
4(1090 1091 1094 1093)
4(1087 1088 1100 1096)
4(1087 1090 1093 1088)
4(15 1087 1096 27)
4(15 20 1090 1087)
4(20 21 1091 1090)
4(26 1095 1097 28)
4(26 27 1096 1095)
4(22 26 28 24)
4(22 23 27 26)
4(17 18 21 20)
4(14 15 27 23)
4(14 17 20 15)
4(5680 14 23 5)
4(5680 5685 17 14)
4(5685 5686 18 17)
4(5684 16 18 5686)
4(16 19 21 18)
4(16 52 56 19)
4(5667 5669 56 52)
4(5667 5668 5670 5669)
4(5657 5667 52 40)
4(5657 5658 5668 5667)
4(5684 40 52 16)
4(5681 36 40 5684)
4(5681 5684 5686 5683)
4(5655 5657 40 36)
4(5655 5656 5658 5657)
4(4246 5655 36 4713)
4(4246 4247 5656 5655)
4(4283 4713 36 5681)
4(4283 5681 5683 4285)
4(4284 4285 5683 5682)
4(5682 5683 5686 5685)
4(5679 5682 5685 5680)
4(5679 5680 5 5688)
4(4279 4284 5682 5679)
4(4279 5679 5688 4291)
4(4281 4282 4285 4284)
4(2324 2343 2345 2326)
4(2312 2319 2337 2333)
4(2312 2333 2343 2324)
4(2317 2335 2337 2319)
4(2311 2312 2324 2321)
4(2322 2323 2326 2325)
4(2321 2324 2326 2323)
4(2621 2624 2626 2623)
4(2624 2321 2323 2626)
4(2311 2315 2319 2312)
4(2222 2311 2321 2624)
4(2222 2619 2315 2311)
4(2625 2626 2323 2322)
4(2625 2322 2829 3313)
4(2647 3313 2829 2805)
4(2647 2805 2806 2648)
4(2821 2822 2826 2825)
4(2821 2825 2827 2823)
4(2813 2821 2823 2815)
4(2813 2814 2822 2821)
4(2811 2815 1281 1279)
4(2655 2811 1279 1216)
4(2646 2648 2654 2650)
4(2636 2646 2650 2642)
4(2634 2636 2642 2638)
4(1728 2634 2638 1734)
4(1733 1734 2638 2637)
4(1733 2637 2639 1735)
4(2637 2641 2643 2639)
4(2637 2638 2642 2641)
4(2641 2642 2650 2649)
4(2641 2649 2651 2643)
4(2649 2650 2654 2653)
4(2649 2653 2655 2651)
4(2653 2654 2810 2809)
4(2653 2809 2811 2655)
4(2809 2813 2815 2811)
4(2809 2810 2814 2813)
4(2645 2647 2648 2646)
4(2651 2655 1216 1214)
4(2643 2651 1214 1212)
4(2639 2643 1212 1210)
4(1735 2639 1210 94)
4(1731 1735 94 92)
4(1208 1731 92 5693)
4(1204 1208 5693 5691)
4(511 1204 5691 3296)
4(2313 2317 2319 2315)
4(2617 2313 2315 2619)
4(2645 3309 3313 2647)
4(2622 2625 3313 3309)
4(2622 2623 2626 2625)
4(2213 2622 3309 2661)
4(2213 2214 2623 2622)
4(2635 2661 3309 2645)
4(2635 2645 2646 2636)
4(2633 2657 2661 2635)
4(2210 2213 2661 2657)
4(2633 2635 2636 2634)
4(2210 2211 2214 2213)
4(1190 2210 2657 1757)
4(1190 1191 2211 2210)
4(1727 1757 2657 2633)
4(1727 2633 2634 1728)
4(507 511 3296 3294)
4(499 507 3294 2611)
4(495 499 2611 2609)
4(493 494 498 497)
4(493 497 499 495)
4(497 498 506 505)
4(497 505 507 499)
4(505 509 511 507)
4(505 506 510 509)
4(509 510 1203 1202)
4(509 1202 1204 511)
4(1202 1206 1208 1204)
4(1202 1203 1207 1206)
4(1206 1729 1731 1208)
4(1206 1207 1730 1729)
4(1729 1730 1734 1733)
4(1729 1733 1735 1731)
4(1726 1728 1734 1730)
4(1168 1187 1753 1741)
4(1168 1169 1188 1187)
4(1187 1190 1757 1753)
4(1187 1188 1191 1190)
4(1725 1753 1757 1727)
4(1725 1727 1728 1726)
4(1200 1741 1753 1725)
4(1200 1725 1726 1201)
4(1201 1726 1730 1207)
4(1199 1201 1207 1203)
4(82 478 1138 517)
4(82 83 479 478)
4(478 481 1142 1138)
4(478 479 482 481)
4(481 1165 1737 1142)
4(481 482 1166 1165)
4(1165 1168 1741 1737)
4(1165 1166 1169 1168)
4(1198 1737 1741 1200)
4(1198 1200 1201 1199)
4(503 1142 1737 1198)
4(503 1198 1199 504)
4(504 1199 1203 510)
4(501 1138 1142 503)
4(501 503 504 502)
4(502 504 510 506)
4(492 502 506 498)
4(491 517 1138 501)
4(491 501 502 492)
4(2221 2222 2624 2621)
4(2221 2615 2619 2222)
4(2200 2221 2621 2212)
4(2200 2207 2615 2221)
4(2212 2621 2623 2214)
4(2613 2617 2619 2615)
4(2613 2614 2618 2617)
4(2205 2613 2615 2207)
4(2205 2206 2614 2613)
4(2201 2202 2206 2205)
4(2201 2205 2207 2203)
4(2199 2203 2207 2200)
4(2199 2200 2212 2209)
4(2209 2212 2214 2211)
4(1189 2209 2211 1191)
4(1177 1184 2203 2199)
4(1177 2199 2209 1189)
4(1182 2201 2203 1184)
4(1182 1183 2202 2201)
4(1178 1179 1183 1182)
4(1178 1182 1184 1180)
4(1186 1189 1191 1188)
4(1176 1180 1184 1177)
4(1176 1177 1189 1186)
4(1155 1162 1180 1176)
4(1155 1176 1186 1167)
4(1167 1186 1188 1169)
4(1160 1178 1180 1162)
4(1160 1161 1179 1178)
4(4708 5139 1179 1161)
4(4708 6 24 5139)
4(4707 5689 6 4708)
4(4707 4708 1161 1157)
4(2131 4292 5689 4707)
4(2131 4707 1157 474)
4(2130 2131 474 470)
4(2130 4288 4292 2131)
4(1669 2130 470 75)
4(1669 4270 4288 2130)
4(1668 1669 75 71)
4(1668 4266 4270 1669)
4(1164 1167 1169 1166)
4(1154 1158 1162 1155)
4(1154 1155 1167 1164)
4(91 475 1158 1154)
4(91 1154 1164 480)
4(480 1164 1166 482)
4(477 480 482 479)
4(90 471 475 91)
4(90 91 480 477)
4(69 76 471 90)
4(69 90 477 81)
4(81 477 479 83)
4(78 81 83 80)
4(490 492 498 494)
4(489 513 517 491)
4(489 491 492 490)
4(79 82 517 513)
4(79 80 83 82)
4(4252 4253 5660 5659)
4(3755 4731 4735 3759)
4(3759 4735 5151 4249)
4(4249 5151 5155 4253)
4(5145 5146 5156 5152)
4(5145 5147 5149 5146)
4(5147 5148 5150 5149)
4(4729 4730 5148 5147)
4(4730 5169 5189 5148)
4(5167 5168 5170 5169)
4(4728 5167 5169 4730)
4(4726 5145 5152 4736)
4(4726 4729 5147 5145)
4(4735 4736 5152 5151)
4(4731 4732 4736 4735)
4(4725 4726 4736 4732)
4(4725 4727 4729 4726)
4(4727 4728 4730 4729)
4(4 5 23 22)
4(4 22 24 6)
4(5687 5688 5 4)
4(5687 4 6 5689)
4(4290 5687 5689 4292)
4(4290 4291 5688 5687)
4(1156 1157 1161 1160)
4(1156 1160 1162 1158)
4(473 1156 1158 475)
4(473 474 1157 1156)
4(469 470 474 473)
4(469 473 475 471)
4(74 469 471 76)
4(74 75 470 469)
4(70 71 75 74)
4(70 74 76 72)
4(68 72 76 69)
4(68 69 81 78)
4(4248 4249 4253 4252)
4(4248 4252 4254 4250)
4(3763 4250 4254 4247)
4(4280 4709 4713 4283)
4(4280 4283 4285 4282)
4(3762 4246 4713 4709)
4(3762 3763 4247 4246)
4(3752 3762 4709 4304)
4(3752 3753 3763 3762)
4(3753 3760 4250 3763)
4(3751 3756 3760 3753)
4(3750 3752 4304 4300)
4(3750 3751 3753 3752)
4(4258 4300 4304 4261)
4(4258 4261 4263 4260)
4(4261 4304 4709 4280)
4(4261 4280 4282 4263)
4(4278 4281 4284 4279)
4(4278 4279 4291 4287)
4(4262 4263 4282 4281)
4(4257 4278 4287 4269)
4(4257 4262 4281 4278)
4(4268 4269 4287 4286)
4(4286 4287 4291 4290)
4(4286 4290 4292 4288)
4(4268 4286 4288 4270)
4(4264 4265 4269 4268)
4(4264 4268 4270 4266)
4(4259 4260 4263 4262)
4(4256 4257 4269 4265)
4(4256 4259 4262 4257)
4(3758 4248 4250 3760)
4(3758 3759 4249 4248)
4(3754 3758 3760 3756)
4(3754 3755 3759 3758)
4(2609 2610 6225 6224)
4(882 883 910 908)
4(327 882 908 896)
4(326 327 896 894)
4(5459 326 894 5889)
4(5453 5458 5887 5472)
4(5458 5459 5889 5887)
4(739 5452 5470 1457)
4(5452 5453 5472 5470)
4(738 739 1457 1455)
4(733 738 1455 1443)
4(5784 732 750 5799)
4(732 733 1443 750)
4(5783 5784 5799 5795)
4(5795 5799 5800 5796)
4(5793 5795 5796 5794)
4(5782 5783 5795 5793)
4(5787 5791 5792 5788)
4(5791 5793 5794 5792)
4(5785 5787 5788 5786)
4(2989 5785 5786 2990)
4(1936 2981 2982 1937)
4(2981 2983 2984 2982)
4(2983 2987 2988 2984)
4(2987 2989 2990 2988)
4(1934 1936 1937 1935)
4(1439 1934 1935 1440)
4(1437 1439 1440 1438)
4(2852 1437 1438 2853)
4(2364 2850 2851 2365)
4(2850 2852 2853 2851)
4(2362 2364 2365 2363)
4(1297 2362 2363 1298)
4(1295 1297 1298 1296)
4(1291 1295 1296 1292)
4(4471 1289 1290 4472)
4(1289 1291 1292 1290)
4(4473 4474 4481 4480)
4(4445 4473 4480 4450)
4(4444 4471 4473 4445)
4(4471 4472 4474 4473)
4(4449 4479 2849 2846)
4(1285 2349 2350 1286)
4(2349 2351 2352 2350)
4(4448 4449 2846 2845)
4(2351 2845 2846 2352)
4(4447 4477 4479 4449)
4(4447 4450 4480 4477)
4(1283 1285 1286 1284)
4(1281 1283 1284 1282)
4(4446 4447 4449 4448)
4(1279 1281 1282 1280)
4(1216 1279 1280 1217)
4(1210 1212 1213 1211)
4(1212 1214 1215 1213)
4(1214 1216 1217 1215)
4(94 1210 1211 95)
4(5693 92 93 5694)
4(92 94 95 93)
4(2609 2611 2612 2610)
4(2611 3294 3295 2612)
4(3294 3296 3297 3295)
4(3296 5691 5692 3297)
4(5691 5693 5694 5692)
4(5646 5649 5650 5648)
4(5648 5650 4706 4705)
4(5125 5126 5128 5127)
4(5643 5644 5646 5645)
4(5645 5646 5648 5647)
4(5132 5643 5645 5134)
4(5129 5130 5132 5131)
4(5131 5132 5134 5133)
4(5126 5129 5131 5128)
4(4699 4700 5129 5126)
4(2604 4698 5125 3229)
4(4698 4699 5126 5125)
4(2602 4697 4698 2604)
4(2603 2604 3229 3228)
4(2597 2598 2600 2599)
4(2594 2596 2600 2598)
4(2591 2592 2598 2597)
4(2104 2106 1070 1069)
4(2104 2105 2107 2106)
4(457 1069 1070 459)
4(453 455 1069 457)
4(2090 2104 1069 455)
4(2090 2091 2105 2104)
4(2091 2591 2597 2105)
4(2105 2597 2599 2107)
4(2594 2601 2603 2596)
4(2601 2602 2604 2603)
4(456 457 459 458)
4(5926 454 460 5939)
4(452 456 460 454)
4(452 453 457 456)
4(5922 5925 5938 5932)
4(5932 5938 5940 5934)
4(5931 5932 5934 5933)
4(3646 5488 331 4032)
4(5925 5926 5939 5938)
4(5916 5931 5933 5918)
4(5485 5921 5931 5916)
4(5921 5922 5932 5931)
4(5481 5484 5915 5908)
4(5908 5915 5917 5910)
4(5915 5916 5918 5917)
4(5484 5485 5916 5915)
4(3642 3647 4034 4028)
4(4028 4034 4035 4030)
4(3645 4031 4034 3647)
4(3645 3646 4032 4031)
4(5907 5908 5910 5909)
4(3641 3642 4028 4027)
4(4027 4028 4030 4029)
4(4023 4027 4029 4025)
4(4974 5404 5413 4987)
4(3644 5486 5488 3646)
4(5486 5907 5909 5488)
4(5402 4023 4025 5404)
4(4972 5402 5404 4974)
4(3643 3644 3646 3645)
4(4968 4973 4986 4980)
4(4980 4986 4988 4982)
4(4973 4974 4987 4986)
4(3638 4015 4021 3994)
4(4015 4016 4022 4021)
4(3622 3628 4018 4014)
4(3637 4013 4015 3638)
4(4013 4014 4016 4015)
4(3621 3622 4014 4013)
4(3620 3626 3628 3622)
4(3615 3616 3627 3626)
4(3608 3615 3626 3620)
4(4979 4980 4982 4981)
4(4977 4981 4982 4978)
4(4959 4977 4978 4960)
4(4955 4959 4960 4956)
4(4503 3953 3077 3614)
4(3614 3077 3079 3616)
4(3953 3954 3078 3077)
4(3953 4955 4956 3954)
4(3613 3614 3616 3615)
4(3993 3994 4021 4019)
4(3634 3993 4019 4007)
4(3633 3634 4007 4005)
4(883 3633 4005 910)
4(5642 4704 4706 5650)
4(5640 4703 4704 5642)
4(4688 3749 4703 5640)
4(4686 3748 3749 4688)
4(4235 3241 3748 4686)
4(4233 3240 3241 4235)
4(1659 451 3240 4233)
4(1657 450 451 1659)
4(1018 447 450 1657)
4(1016 446 447 1018)
4(6175 5138 446 1016)
4(6173 5137 5138 6175)
4(1985 1984 6222 6223)
4(6167 5135 5137 6173)
4(6165 6167 6173 6172)
4(6160 6164 6165 6161)
4(6164 6166 6167 6165)
4(5618 5624 6164 6160)
4(5617 5623 5624 5618)
4(5615 5617 5618 5616)
4(972 1647 5604 5603)
4(5603 5604 5606 5605)
4(5605 5606 5617 5615)
4(970 971 1647 972)
4(963 965 971 970)
4(380 963 970 384)
4(379 962 963 380)
4(962 964 965 963)
4(377 961 962 379)
4(375 960 961 377)
4(5593 6159 960 375)
4(5591 6158 6159 5593)
4(5088 6157 6158 5591)
4(5086 5594 6157 5088)
4(2492 3145 5594 5086)
4(2490 3144 3145 2492)
4(6152 373 3144 2490)
4(6150 6152 2490 2489)
4(6151 372 373 6152)
4(6149 6151 6152 6150)
4(6135 6136 6151 6149)
4(6133 6134 6136 6135)
4(5075 5076 6134 6133)
4(5073 5074 5076 5075)
4(5059 5060 5074 5073)
4(4644 5058 5060 5059)
4(6095 6096 5058 4644)
4(6093 6094 6096 6095)
4(6079 6080 6094 6093)
4(2484 3141 3142 2486)
4(2486 3142 3143 2488)
4(371 2488 3143 929)
4(4582 4583 5565 5564)
4(5564 5565 6080 6079)
4(4580 4581 4583 4582)
4(1645 1646 4565 4564)
4(4564 4565 4567 4566)
4(4566 4567 4581 4580)
4(5503 6010 3140 2482)
4(2482 3140 3141 2484)
4(369 2487 2488 371)
4(1643 1644 1646 1645)
4(370 371 929 928)
4(368 370 1628 1627)
4(368 369 371 370)
4(1627 1628 1630 1629)
4(1629 1630 1644 1643)
4(5501 6009 6010 5503)
4(5499 6008 6009 5501)
4(5497 6007 6008 5499)
4(4531 5057 6007 5497)
4(5049 5054 5055 5051)
4(4049 4051 5054 5049)
4(4048 5048 5056 4529)
4(4048 4049 5049 5048)
4(4529 5056 5057 4531)
4(5048 5049 5051 5050)
4(1998 1999 5053 5052)
4(5052 5053 5055 5054)
4(1996 1997 1999 1998)
4(1986 1987 1997 1996)
4(1984 1985 1987 1986)
)


// ************************************************************************* //
