/*--------------------------------*- C++ -*----------------------------------*\
| =========                 |                                                 |
| \\      /  F ield         | OpenFOAM: The Open Source CFD Toolbox           |
|  \\    /   O peration     | Version:  2412                                  |
|   \\  /    A nd           | Website:  www.openfoam.com                      |
|    \\/     M anipulation  |                                                 |
\*---------------------------------------------------------------------------*/
FoamFile
{
    version     2.0;
    format      ascii;
    arch        "LSB;label=32;scalar=64";
    note        "nPoints:43408  nCells:38600  nFaces:120473  nInternalFaces:111127";
    class       labelList;
    location    "constant/coolantZone/polyMesh";
    object      neighbour;
}
// * * * * * * * * * * * * * * * * * * * * * * * * * * * * * * * * * * * * * //


111127
(
1
723
724
2
722
725
3
721
726
4
720
727
5
719
728
6
718
729
7
717
730
8
716
731
9
715
732
10
714
733
11
713
734
12
712
735
13
711
736
14
710
737
15
709
738
16
708
739
17
707
740
18
706
741
19
705
742
20
704
743
21
703
744
22
702
745
23
701
746
24
700
747
25
699
748
26
698
749
27
697
750
28
696
751
29
695
752
30
694
753
31
693
754
32
692
755
33
691
756
34
690
757
35
689
758
36
688
759
37
760
38
688
2884
39
687
2885
40
616
2886
41
615
2887
42
544
2888
43
543
2889
44
472
2890
45
471
2891
46
400
2892
47
399
2893
48
353
2894
49
352
2895
50
314
2896
51
313
2897
52
281
2898
53
280
2899
54
252
2900
55
251
2901
56
226
2902
57
225
2903
58
203
2904
59
202
2905
60
182
2906
61
181
2907
62
162
2908
63
161
2909
64
144
2910
65
143
2911
66
126
2912
67
125
2913
68
108
2914
69
107
2915
70
90
2916
71
89
2917
72
2918
73
89
14870
74
88
14871
75
87
14840
76
86
17502
77
85
17503
78
84
17504
79
83
17523
80
82
17450
81
19528
82
98
19527
83
97
17524
84
96
17522
85
95
17521
86
94
17500
87
93
17501
88
92
14873
89
91
14872
90
14869
91
107
14868
92
106
14875
93
105
14874
94
104
14876
95
103
17499
96
102
17520
97
101
17519
98
100
19530
99
19529
100
116
23312
101
115
19531
102
114
19532
103
113
19533
104
112
17498
105
111
17497
106
110
14865
107
109
14866
108
14867
109
125
19553
110
124
19552
111
123
19551
112
122
23256
113
121
23255
114
120
19534
115
119
23289
116
118
23290
117
23311
118
134
23310
119
133
23309
120
132
23288
121
131
23287
122
130
23258
123
129
23257
124
128
19570
125
127
19569
126
19554
127
143
19555
128
142
19568
129
141
19571
130
140
23266
131
139
23259
132
138
23286
133
137
23285
134
136
23308
135
23313
136
152
23314
137
151
23307
138
150
23284
139
149
23269
140
148
23268
141
147
23267
142
146
19572
143
145
19573
144
19574
145
161
19575
146
160
19600
147
159
19599
148
158
23324
149
157
23325
150
156
23674
151
155
23673
152
154
24061
153
24064
154
170
24063
155
169
24062
156
168
23676
157
167
23675
158
166
23326
159
165
23243
160
164
23242
161
163
19601
162
19602
163
181
19603
164
180
23240
165
179
23241
166
178
23334
167
177
23327
168
176
23680
169
175
23677
170
174
24068
171
173
24067
172
24074
173
191
24071
174
190
24070
175
189
24069
176
188
23682
177
187
23681
178
186
23336
179
185
23335
180
184
23238
181
183
23239
182
19604
183
202
23542
184
201
23541
185
200
23550
186
199
23551
187
198
23695
188
197
23694
189
196
23693
190
195
24102
191
194
24103
193
24104
193
213
24098
194
212
24099
195
211
24100
196
210
24101
197
209
23718
198
208
23717
199
207
23696
200
206
23697
201
205
23549
202
204
23548
203
23543
204
225
23544
205
224
23547
206
223
23562
207
222
23698
208
221
23715
209
220
23716
210
219
23719
211
218
23720
212
217
29539
213
216
29538
215
29537
215
237
29544
216
236
29543
217
235
29542
218
234
29540
219
233
29541
220
232
23712
221
231
23713
222
230
23714
223
229
23699
224
228
23563
225
227
23546
226
23545
227
251
24154
228
250
24155
229
249
23564
230
248
24266
231
247
24265
232
246
24264
233
245
24263
234
244
24262
235
243
24261
236
242
24260
237
241
24259
238
240
29563
239
29564
240
264
29565
241
263
29562
242
262
29520
243
261
29519
244
260
29516
245
259
29515
246
258
29512
247
257
29511
248
256
24268
249
255
24267
250
254
24157
251
253
24156
252
24153
253
280
24152
254
279
24159
255
278
24158
256
277
24160
257
276
24269
258
275
29510
259
274
29513
260
273
29514
261
272
29517
262
271
29518
263
270
29521
264
269
29561
265
268
29566
267
31789
267
295
31791
268
294
31790
269
293
29567
270
292
29568
271
291
29522
272
290
38599
273
289
29506
274
288
29507
275
287
29508
276
286
29509
277
285
24270
278
284
24271
279
283
24149
280
282
24150
281
24151
282
313
24353
283
312
24352
284
311
24351
285
310
24272
286
309
31232
287
308
31233
288
307
31236
289
306
31237
290
305
31264
291
304
31265
292
303
31823
293
302
29569
294
301
31826
295
300
31829
296
299
31832
298
31833
298
330
35337
299
329
35338
300
328
31831
301
327
31830
302
326
31825
303
325
31824
304
324
31822
305
323
31821
306
322
31263
307
321
31262
308
320
31235
309
319
31234
310
318
31231
311
317
31230
312
316
31225
313
315
31224
314
24354
315
352
24355
316
351
31223
317
350
31226
318
349
31229
319
348
31258
320
347
31259
321
346
31260
322
345
31261
323
344
31820
324
343
31819
325
342
31818
326
341
31817
327
340
31816
328
339
31815
329
338
31814
330
337
35339
331
336
35342
332
335
35343
334
35352
334
372
35355
335
371
35351
336
370
35344
337
369
35341
338
368
35340
339
367
35108
340
366
35107
341
365
35106
342
364
35104
343
363
35105
344
362
31282
345
361
31283
346
360
31284
347
359
31255
348
358
31256
349
357
31257
350
356
31228
351
355
31227
352
354
31222
353
31221
354
399
31220
355
398
31219
356
397
31218
357
396
31339
358
395
31340
359
394
31343
360
393
31344
361
392
31285
362
391
32826
363
390
32825
364
389
32824
365
388
35103
366
387
35127
367
386
35128
368
385
35109
369
384
35894
370
383
35893
371
382
35892
372
381
35891
373
380
36138
374
379
36139
378
36142
376
424
36154
377
423
36153
378
422
36143
379
421
36141
380
420
36140
381
419
36137
382
418
35912
383
417
35911
384
416
35896
385
415
35895
386
414
35130
387
413
35129
388
412
35126
389
411
35102
390
410
32835
391
409
32834
392
408
32827
393
407
32828
394
406
31345
395
405
31342
396
404
31341
397
403
31338
398
402
31337
399
401
31336
400
31335
401
471
31334
402
470
31333
403
469
31332
404
468
31331
405
467
31330
406
466
31329
407
465
31346
408
464
32829
409
463
32832
410
462
32833
411
461
32836
412
460
35101
413
459
35125
414
458
35132
415
457
35131
416
456
35918
417
455
35897
418
454
35910
419
453
35913
420
452
36136
421
451
36135
422
450
36134
423
449
37235
424
448
37234
425
447
37238
426
446
37239
427
445
37240
428
444
37879
429
443
37878
430
442
37877
431
441
37876
432
440
38301
433
439
38302
434
438
38313
435
437
38314
436
38321
437
507
38316
438
506
38315
439
505
38304
440
504
38303
441
503
38300
442
502
38131
443
501
38130
444
500
38128
445
499
38129
446
498
37241
447
497
37242
448
496
37237
449
495
37236
450
494
36172
451
493
36173
452
492
36174
453
491
36175
454
490
35914
455
489
35915
456
488
35916
457
487
35917
458
486
35134
459
485
35133
460
484
35124
461
483
32884
462
482
32883
463
481
32882
464
480
32831
465
479
32830
466
478
31347
467
477
31570
468
476
31569
469
475
31568
470
474
31567
471
473
31566
472
31565
473
543
31564
474
542
31563
475
541
31562
476
540
31601
477
539
31602
478
538
31571
479
537
32864
480
536
32865
481
535
35086
482
534
35087
483
533
35090
484
532
35091
485
531
36196
486
530
36199
487
529
35135
488
528
35919
489
527
36189
490
526
36188
491
525
36187
492
524
36176
493
523
37274
494
522
37273
495
521
37272
496
520
37395
497
519
37394
498
518
37243
499
517
38081
500
516
38080
501
515
38127
502
514
38141
503
513
38132
504
512
38453
505
511
38452
506
510
38451
507
509
38450
508
38591
509
579
38592
510
578
38477
511
577
38476
512
576
38455
513
575
38454
514
574
38143
515
573
38142
516
572
38126
517
571
38125
518
570
38082
519
569
38083
520
568
37397
521
567
37396
522
566
37297
523
565
37296
524
564
37275
525
563
36274
526
562
36272
527
561
36273
528
560
36190
529
559
36191
530
558
36192
531
557
36193
532
556
36194
533
555
36195
534
554
35089
535
553
35088
536
552
35085
537
551
35084
538
550
32863
539
549
32862
540
548
31603
541
547
31600
542
546
31599
543
545
31598
544
31597
545
615
31596
546
614
31595
547
613
31594
548
612
31605
549
611
31604
550
610
32861
551
609
35083
552
608
35082
553
607
35164
554
606
35163
555
605
35162
556
604
35161
557
603
35160
558
602
35159
559
601
35158
560
600
36200
561
599
36201
562
598
36266
563
597
36271
564
596
37277
565
595
37276
566
594
37295
567
593
37298
568
592
38088
569
591
37398
570
590
38084
571
589
38123
572
588
38124
573
587
38162
574
586
38165
575
585
38144
576
584
38463
577
583
38456
578
582
38475
579
581
38478
580
38593
581
651
38594
582
650
38479
583
649
38466
584
648
38465
585
647
38464
586
646
38166
587
645
38164
588
644
38163
589
643
38121
590
642
38122
591
641
38085
592
640
38086
593
639
38087
594
638
37299
595
637
37286
596
636
37285
597
635
37284
598
634
36270
599
633
36265
600
632
36264
601
631
35252
602
630
35251
603
629
35250
604
628
35248
605
627
35249
606
626
35165
607
625
35079
608
624
35080
609
623
35081
610
622
34967
611
621
34968
612
620
34969
613
619
34970
614
618
34971
615
617
34972
616
34973
617
687
34974
618
686
34995
619
685
34996
620
684
35030
621
683
35031
622
682
35032
623
681
35035
624
680
35036
625
679
35198
626
678
35197
627
677
35166
628
676
35220
629
675
35247
630
674
35246
631
673
35245
632
672
36262
633
671
36263
634
670
37468
635
669
37467
636
668
37995
637
667
37996
638
666
38002
639
665
37300
640
664
38089
641
663
38100
642
662
38099
643
661
38098
644
660
38120
645
659
38513
646
658
38514
647
657
38526
648
656
38525
649
655
38529
650
654
38530
651
653
38480
652
38595
653
723
38596
654
722
38551
655
721
38550
656
720
38528
657
719
38527
658
718
38517
659
717
38516
660
716
38512
661
715
38113
662
714
38112
663
713
38111
664
712
38101
665
711
38102
666
710
38003
667
709
38001
668
708
37997
669
707
37994
670
706
37993
671
705
37469
672
704
37470
673
703
36253
674
702
36252
675
701
36251
676
700
36250
677
699
35219
678
698
35218
679
697
35217
680
696
35199
681
695
35200
682
694
35034
683
693
35033
684
692
35028
685
691
35029
686
690
34997
687
689
34994
688
34993
689
34992
690
34991
691
34998
692
34999
693
35027
694
35207
695
35206
696
35201
697
35216
698
35215
699
35214
700
36249
701
36248
702
36247
703
36246
704
37474
705
37471
706
37992
707
37991
708
37990
709
37998
710
37999
711
38004
712
38005
713
38103
714
38110
715
38109
716
38509
717
38508
718
38507
719
38548
720
38547
721
38546
722
38549
723
38552
38598
725
816
38598
726
817
38552
727
818
38549
728
819
38546
729
820
38547
730
821
38548
731
822
38507
732
823
38508
733
824
38509
734
825
38109
735
826
38110
736
827
38103
737
828
38005
738
829
38004
739
830
37999
740
831
37998
741
832
37990
742
833
37991
743
834
37992
744
835
37471
745
836
37474
746
837
36246
747
838
36247
748
839
36248
749
840
36249
750
841
35214
751
842
35215
752
843
35216
753
844
35201
754
845
35206
755
846
35207
756
847
35027
757
848
34999
758
849
34998
759
850
34991
760
851
34992
761
2884
762
851
2883
763
852
2882
764
853
2881
765
854
2880
766
855
2879
767
856
2878
768
857
2877
769
858
2876
770
859
2875
771
860
2874
772
861
2873
773
862
2872
774
863
2871
775
864
2870
776
865
2869
777
866
2868
778
867
2867
779
868
2866
780
869
2865
781
870
2864
782
871
2863
783
872
2862
784
873
2861
785
874
2860
786
875
2859
787
876
2858
788
877
2857
789
878
2856
790
879
2855
791
880
2854
792
881
2853
793
882
2852
794
883
2851
795
884
2850
796
885
2849
797
886
2848
798
887
2847
799
888
2846
800
889
2845
801
890
2844
802
891
2843
803
892
2842
804
893
2841
805
894
2840
806
895
2839
807
896
2838
808
897
2837
809
898
2836
810
899
2835
811
900
2834
812
901
2833
813
902
2832
814
903
2831
815
904
2830
905
2829
817
2755
38597
818
2667
38553
819
2666
38537
820
2574
38545
821
2573
38544
822
2472
38505
823
2471
38506
824
2364
38174
825
2363
38510
826
2256
38108
827
2255
38105
828
2148
38104
829
2147
38006
830
2040
37984
831
2039
38000
832
1932
37988
833
1931
37989
834
1824
37476
835
1823
37475
836
1716
37472
837
1715
37473
838
1608
36245
839
1607
36244
840
1500
36243
841
1499
36242
842
1392
35213
843
1391
35210
844
1284
35209
845
1283
35202
846
1176
35205
847
1175
35018
848
1068
35026
849
1067
35000
850
960
34985
851
959
34990
852
34989
853
959
34988
854
958
31493
855
957
31492
856
956
31477
857
955
31476
858
954
31096
859
953
31095
860
952
31092
861
951
31091
862
950
29256
863
949
29255
864
948
29252
865
947
29251
866
946
26216
867
945
26215
868
944
26140
869
943
26139
870
942
22902
871
941
22901
872
940
22886
873
939
22885
874
938
21689
875
937
21688
876
936
21685
877
935
21684
878
934
20341
879
933
20340
880
932
20337
881
931
20336
882
930
20194
883
929
20193
884
928
20178
885
927
20177
886
926
16941
887
925
16940
888
924
16921
889
923
16920
890
922
13103
891
921
13102
892
920
13063
893
919
13062
894
918
12944
895
917
12943
896
916
12938
897
915
12937
898
914
10524
899
913
10523
900
912
10507
901
911
10506
902
910
10347
903
909
10346
904
908
10307
905
907
10306
906
7152
907
1013
7153
908
1012
10305
909
1011
10308
910
1010
10345
911
1009
10348
912
1008
10505
913
1007
10508
914
1006
10522
915
1005
10525
916
1004
12936
917
1003
12939
918
1002
12942
919
1001
12945
920
1000
13061
921
999
13064
922
998
13101
923
997
13104
924
996
16919
925
995
16922
926
994
16939
927
993
16942
928
992
20176
929
991
20179
930
990
20192
931
989
20195
932
988
20335
933
987
20338
934
986
20339
935
985
20342
936
984
21683
937
983
21686
938
982
21687
939
981
21690
940
980
22884
941
979
22887
942
978
22900
943
977
22903
944
976
26138
945
975
26141
946
974
26214
947
973
26217
948
972
29250
949
971
29253
950
970
29254
951
969
29257
952
968
31090
953
967
31093
954
966
31094
955
965
31097
956
964
31475
957
963
31478
958
962
31491
959
961
31494
960
34987
961
1067
34986
962
1066
31505
963
1065
31490
964
1064
31489
965
1063
31474
966
1062
31100
967
1061
31101
968
1060
31088
969
1059
31089
970
1058
29260
971
1057
29261
972
1056
29248
973
1055
29249
974
1054
28050
975
1053
26213
976
1052
26212
977
1051
26137
978
1050
22914
979
1049
22899
980
1048
22898
981
1047
22883
982
1046
21693
983
1045
21694
984
1044
21681
985
1043
21682
986
1042
21639
987
1041
21636
988
1040
20333
989
1039
20334
990
1038
20206
991
1037
20191
992
1036
20190
993
1035
20175
994
1034
20174
995
1033
16938
996
1032
16937
997
1031
16918
998
1030
16897
999
1029
13100
1000
1028
13099
1001
1027
13060
1002
1026
12946
1003
1025
12941
1004
1024
12940
1005
1023
12935
1006
1022
10528
1007
1021
10521
1008
1020
10520
1009
1019
10504
1010
1018
10503
1011
1017
10344
1012
1016
10343
1013
1015
10304
1014
7159
1015
1121
7160
1016
1120
10303
1017
1119
10498
1018
1118
10499
1019
1117
10502
1020
1116
10532
1021
1115
10531
1022
1114
10530
1023
1113
10529
1024
1112
12934
1025
1111
12949
1026
1110
12948
1027
1109
12947
1028
1108
13059
1029
1107
16892
1030
1106
16893
1031
1105
16898
1032
1104
16917
1033
1103
16956
1034
1102
20172
1035
1101
20173
1036
1100
20210
1037
1099
20209
1038
1098
20208
1039
1097
20207
1040
1096
21627
1041
1095
21628
1042
1094
21635
1043
1093
21640
1044
1092
21697
1045
1091
21696
1046
1090
21695
1047
1089
22881
1048
1088
22882
1049
1087
22917
1050
1086
22916
1051
1085
22915
1052
1084
26136
1053
1083
28027
1054
1082
28052
1055
1081
28051
1056
1080
29264
1057
1079
29263
1058
1078
29262
1059
1077
31105
1060
1076
31104
1061
1075
31103
1062
1074
31102
1063
1073
31472
1064
1072
31473
1065
1071
31508
1066
1070
31507
1067
1069
31506
1068
35001
1069
1175
35025
1070
1174
35024
1071
1173
35023
1072
1172
31515
1073
1171
31516
1074
1170
31471
1075
1169
31470
1076
1168
31435
1077
1167
31434
1078
1166
31106
1079
1165
31107
1080
1164
31108
1081
1163
29265
1082
1162
28054
1083
1161
28053
1084
1160
28028
1085
1159
26135
1086
1158
22938
1087
1157
22939
1088
1156
22940
1089
1155
22941
1090
1154
22880
1091
1153
22879
1092
1152
22878
1093
1151
22877
1094
1150
21705
1095
1149
21634
1096
1148
21629
1097
1147
21626
1098
1146
20453
1099
1145
20444
1100
1144
20443
1101
1143
20442
1102
1142
20170
1103
1141
20171
1104
1140
16957
1105
1139
16916
1106
1138
16915
1107
1137
16914
1108
1136
16891
1109
1135
13058
1110
1134
12956
1111
1133
12955
1112
1132
12950
1113
1131
12933
1114
1130
12928
1115
1129
12927
1116
1128
12922
1117
1127
12921
1118
1126
10501
1119
1125
10500
1120
1124
10497
1121
1123
10302
1122
7165
1123
1229
10300
1124
1228
10301
1125
1227
10496
1126
1226
10495
1127
1225
10494
1128
1224
12920
1129
1223
12923
1130
1222
12926
1131
1221
12929
1132
1220
12932
1133
1219
12951
1134
1218
12954
1135
1217
12957
1136
1216
13057
1137
1215
16890
1138
1214
16913
1139
1213
16912
1140
1212
16959
1141
1211
16958
1142
1210
20441
1143
1209
20440
1144
1208
20439
1145
1207
20438
1146
1206
20455
1147
1205
20454
1148
1204
21625
1149
1203
21630
1150
1202
21633
1151
1201
21706
1152
1200
22876
1153
1199
22875
1154
1198
22874
1155
1197
22943
1156
1196
22942
1157
1195
26123
1158
1194
26124
1159
1193
26133
1160
1192
26134
1161
1191
28029
1162
1190
29278
1163
1189
29279
1164
1188
29280
1165
1187
31109
1166
1186
31118
1167
1185
31119
1168
1184
31437
1169
1183
31436
1170
1182
31469
1171
1181
31518
1172
1180
31517
1173
1179
35022
1174
1178
35021
1175
1177
35020
1176
35019
1177
1283
35204
1178
1282
31637
1179
1281
31638
1180
1280
31639
1181
1279
31640
1182
1278
31641
1183
1277
31468
1184
1276
31467
1185
1275
31466
1186
1274
31120
1187
1273
31117
1188
1272
31110
1189
1271
31111
1190
1270
29276
1191
1269
29277
1192
1268
28209
1193
1267
28210
1194
1266
26132
1195
1265
26131
1196
1264
26122
1197
1263
26121
1198
1262
22872
1199
1261
22873
1200
1260
21952
1201
1259
21953
1202
1258
21954
1203
1257
21632
1204
1256
21631
1205
1255
21624
1206
1254
21623
1207
1253
21622
1208
1252
21621
1209
1251
21620
1210
1250
20224
1211
1249
20225
1212
1248
20226
1213
1247
16966
1214
1246
16967
1215
1245
16968
1216
1244
16889
1217
1243
13056
1218
1242
12958
1219
1241
12953
1220
1240
12952
1221
1239
12931
1222
1238
12930
1223
1237
12925
1224
1236
12924
1225
1235
12919
1226
1234
12379
1227
1233
12378
1228
1232
12377
1229
1231
12376
1230
10299
1231
1337
12374
1232
1336
12375
1233
1335
12382
1234
1334
12381
1235
1333
12380
1236
1332
12918
1237
1331
12965
1238
1330
12964
1239
1329
12963
1240
1328
12962
1241
1327
12961
1242
1326
12960
1243
1325
12959
1244
1324
13055
1245
1323
16970
1246
1322
16969
1247
1321
20229
1248
1320
20228
1249
1319
20227
1250
1318
20239
1251
1317
20240
1252
1316
21619
1253
1315
21961
1254
1314
21960
1255
1313
21959
1256
1312
21958
1257
1311
21957
1258
1310
21956
1259
1309
21955
1260
1308
26710
1261
1307
26711
1262
1306
26716
1263
1305
26717
1264
1304
26734
1265
1303
26735
1266
1302
26736
1267
1301
28212
1268
1300
28211
1269
1299
29323
1270
1298
29322
1271
1297
29321
1272
1296
31112
1273
1295
31115
1274
1294
31116
1275
1293
31121
1276
1292
31465
1277
1291
31464
1278
1290
31643
1279
1289
31642
1280
1288
32749
1281
1287
35049
1282
1286
35048
1283
1285
35047
1284
35203
1285
1391
35208
1286
1390
35054
1287
1389
35053
1288
1388
35050
1289
1387
32748
1290
1386
32745
1291
1385
32744
1292
1384
32741
1293
1383
32740
1294
1382
31122
1295
1381
31123
1296
1380
31114
1297
1379
31113
1298
1378
29328
1299
1377
29327
1300
1376
29324
1301
1375
28224
1302
1374
28213
1303
1373
28214
1304
1372
26732
1305
1371
26733
1306
1370
26718
1307
1369
26715
1308
1368
26712
1309
1367
26709
1310
1366
21998
1311
1365
21999
1312
1364
21982
1313
1363
21981
1314
1362
21980
1315
1361
21979
1316
1360
21962
1317
1359
21618
1318
1358
21617
1319
1357
20238
1320
1356
20231
1321
1355
20230
1322
1354
16987
1323
1353
16988
1324
1352
16989
1325
1351
13054
1326
1350
13050
1327
1349
13049
1328
1348
13048
1329
1347
12985
1330
1346
12984
1331
1345
12967
1332
1344
12966
1333
1343
12917
1334
1342
12398
1335
1341
12389
1336
1340
12383
1337
1339
12384
1338
12373
1339
1445
12386
1340
1444
12385
1341
1443
12387
1342
1442
12388
1343
1441
12399
1344
1440
12916
1345
1439
12915
1346
1438
12914
1347
1437
12983
1348
1436
13046
1349
1435
13047
1350
1434
13052
1351
1433
13051
1352
1432
13053
1353
1431
16990
1354
1430
20118
1355
1429
20125
1356
1428
20233
1357
1427
20232
1358
1426
20237
1359
1425
21616
1360
1424
21964
1361
1423
21963
1362
1422
21978
1363
1421
21977
1364
1420
21984
1365
1419
21983
1366
1418
22000
1367
1417
26480
1368
1416
26708
1369
1415
26713
1370
1414
26714
1371
1413
26719
1372
1412
28217
1373
1411
28216
1374
1410
28215
1375
1409
28222
1376
1408
28223
1377
1407
29325
1378
1406
29326
1379
1405
29329
1380
1404
31126
1381
1403
31125
1382
1402
31124
1383
1401
32738
1384
1400
32739
1385
1399
32742
1386
1398
32743
1387
1397
32746
1388
1396
32747
1389
1395
35051
1390
1394
35052
1391
1393
35055
1392
35211
1393
1499
35212
1394
1498
35173
1395
1497
35172
1396
1496
34547
1397
1495
34548
1398
1494
32733
1399
1493
32734
1400
1492
32735
1401
1491
32736
1402
1490
32737
1403
1489
31129
1404
1488
31128
1405
1487
31127
1406
1486
30930
1407
1485
30927
1408
1484
28235
1409
1483
28236
1410
1482
28221
1411
1481
28220
1412
1480
28219
1413
1479
28218
1414
1478
26807
1415
1477
26808
1416
1476
26706
1417
1475
26707
1418
1474
26481
1419
1473
22001
1420
1472
22002
1421
1471
22003
1422
1470
22004
1423
1469
22005
1424
1468
22006
1425
1467
22007
1426
1466
21615
1427
1465
20236
1428
1464
20235
1429
1463
20234
1430
1462
20126
1431
1461
20117
1432
1460
17013
1433
1459
17014
1434
1458
13042
1435
1457
13043
1436
1456
13044
1437
1455
13045
1438
1454
12982
1439
1453
12913
1440
1452
12512
1441
1451
12513
1442
1450
12514
1443
1449
12515
1444
1448
12370
1445
1447
12371
1446
12372
1447
1553
12519
1448
1552
12518
1449
1551
12517
1450
1550
12516
1451
1549
12907
1452
1548
12908
1453
1547
12911
1454
1546
12912
1455
1545
17020
1456
1544
17019
1457
1543
17018
1458
1542
17017
1459
1541
17016
1460
1540
17015
1461
1539
20115
1462
1538
20116
1463
1537
20127
1464
1536
21566
1465
1535
21567
1466
1534
21577
1467
1533
21614
1468
1532
22008
1469
1531
22050
1470
1530
22051
1471
1529
26486
1472
1528
26485
1473
1527
26484
1474
1526
26483
1475
1525
26482
1476
1524
26793
1477
1523
26794
1478
1522
26809
1479
1521
26812
1480
1520
28241
1481
1519
28240
1482
1518
28239
1483
1517
28238
1484
1516
28237
1485
1515
30925
1486
1514
30926
1487
1513
30931
1488
1512
32621
1489
1511
32622
1490
1510
32623
1491
1509
34554
1492
1508
34553
1493
1507
34552
1494
1506
34551
1495
1505
34550
1496
1504
34549
1497
1503
34910
1498
1502
35175
1499
1501
35174
1500
36241
1501
1607
36240
1502
1606
35963
1503
1605
35962
1504
1604
34911
1505
1603
34912
1506
1602
34599
1507
1601
34598
1508
1600
34573
1509
1599
34564
1510
1598
34555
1511
1597
34556
1512
1596
32619
1513
1595
32620
1514
1594
32601
1515
1593
32600
1516
1592
30924
1517
1591
28271
1518
1590
28268
1519
1589
28267
1520
1588
28243
1521
1587
28242
1522
1586
26811
1523
1585
26810
1524
1584
26795
1525
1583
26792
1526
1582
26676
1527
1581
26675
1528
1580
26610
1529
1579
26609
1530
1578
26493
1531
1577
26494
1532
1576
22049
1533
1575
22048
1534
1574
22047
1535
1573
21576
1536
1572
21568
1537
1571
21565
1538
1570
21530
1539
1569
21529
1540
1568
20114
1541
1567
20113
1542
1566
20082
1543
1565
20081
1544
1564
18133
1545
1563
18124
1546
1562
17027
1547
1561
17028
1548
1560
12910
1549
1559
12909
1550
1558
12906
1551
1557
12905
1552
1556
12538
1553
1555
12537
1554
12536
1555
1661
12535
1556
1660
12540
1557
1659
12539
1558
1658
12904
1559
1657
17032
1560
1656
17031
1561
1655
17030
1562
1654
17029
1563
1653
18122
1564
1652
18123
1565
1651
18134
1566
1650
20080
1567
1649
20083
1568
1648
20112
1569
1647
21527
1570
1646
21528
1571
1645
21531
1572
1644
21564
1573
1643
21569
1574
1642
21575
1575
1641
22046
1576
1640
26497
1577
1639
26496
1578
1638
26495
1579
1637
26607
1580
1636
26608
1581
1635
26611
1582
1634
26674
1583
1633
26677
1584
1632
26797
1585
1631
26796
1586
1630
28247
1587
1629
28246
1588
1628
28245
1589
1627
28244
1590
1626
28266
1591
1625
28269
1592
1624
28270
1593
1623
32598
1594
1622
32599
1595
1621
32602
1596
1620
34559
1597
1619
34558
1598
1618
34557
1599
1617
34562
1600
1616
34563
1601
1615
34574
1602
1614
34597
1603
1613
34600
1604
1612
34913
1605
1611
35960
1606
1610
35961
1607
1609
35964
1608
36239
1609
1715
36238
1610
1714
35965
1611
1713
35966
1612
1712
35959
1613
1711
35958
1614
1710
34601
1615
1709
34596
1616
1708
34595
1617
1707
34594
1618
1706
34561
1619
1705
34560
1620
1704
33075
1621
1703
33076
1622
1702
33077
1623
1701
33078
1624
1700
32597
1625
1699
30915
1626
1698
28264
1627
1697
28265
1628
1696
28250
1629
1695
28249
1630
1694
28248
1631
1693
26851
1632
1692
26852
1633
1691
26853
1634
1690
26678
1635
1689
26673
1636
1688
26612
1637
1687
26613
1638
1686
26606
1639
1685
26499
1640
1684
26498
1641
1683
22044
1642
1682
22045
1643
1681
21574
1644
1680
21573
1645
1679
21563
1646
1678
21562
1647
1677
21561
1648
1676
21526
1649
1675
20111
1650
1674
20084
1651
1673
20079
1652
1672
18139
1653
1671
18140
1654
1670
18121
1655
1669
17036
1656
1668
17035
1657
1667
17034
1658
1666
17033
1659
1665
12903
1660
1664
12902
1661
1663
12541
1662
12534
1663
1769
12808
1664
1768
12809
1665
1767
12901
1666
1766
17065
1667
1765
17064
1668
1764
18145
1669
1763
18144
1670
1762
18143
1671
1761
18142
1672
1760
18141
1673
1759
20077
1674
1758
20078
1675
1757
20085
1676
1756
20110
1677
1755
22686
1678
1754
22687
1679
1753
22690
1680
1752
22691
1681
1751
22694
1682
1750
22695
1683
1749
22719
1684
1748
22720
1685
1747
26523
1686
1746
26524
1687
1745
26605
1688
1744
26614
1689
1743
26659
1690
1742
26672
1691
1741
26679
1692
1740
26854
1693
1739
30549
1694
1738
30550
1695
1737
30553
1696
1736
30554
1697
1735
30909
1698
1734
30910
1699
1733
30913
1700
1732
30914
1701
1731
33080
1702
1730
33079
1703
1729
33842
1704
1728
33841
1705
1727
34618
1706
1726
34617
1707
1725
34616
1708
1724
35953
1709
1723
35954
1710
1722
35955
1711
1721
35956
1712
1720
35957
1713
1719
35968
1714
1718
35967
1715
1717
36237
1716
36236
1717
1823
36235
1718
1822
35985
1719
1821
35986
1720
1820
35987
1721
1819
35988
1722
1818
35949
1723
1817
35950
1724
1816
35951
1725
1815
35952
1726
1814
34623
1727
1813
34622
1728
1812
34619
1729
1811
33840
1730
1810
33095
1731
1809
33096
1732
1808
33097
1733
1807
33098
1734
1806
30912
1735
1805
30911
1736
1804
30908
1737
1803
30907
1738
1802
30552
1739
1801
30551
1740
1800
30548
1741
1799
30547
1742
1798
26686
1743
1797
26671
1744
1796
26658
1745
1795
26657
1746
1794
26604
1747
1793
26603
1748
1792
26522
1749
1791
26521
1750
1790
22718
1751
1789
22717
1752
1788
22693
1753
1787
22692
1754
1786
22689
1755
1785
22688
1756
1784
22685
1757
1783
20109
1758
1782
20092
1759
1781
20093
1760
1780
20076
1761
1779
20058
1762
1778
18164
1763
1777
18151
1764
1776
18147
1765
1775
18146
1766
1774
17067
1767
1773
17066
1768
1772
12900
1769
1771
12899
1770
12807
1771
1877
12806
1772
1876
17071
1773
1875
17070
1774
1874
17069
1775
1873
17068
1776
1872
18149
1777
1871
18148
1778
1870
18150
1779
1869
18165
1780
1868
20057
1781
1867
20075
1782
1866
20094
1783
1865
20107
1784
1864
20108
1785
1863
22684
1786
1862
22683
1787
1861
22712
1788
1860
22711
1789
1859
22713
1790
1858
22716
1791
1857
25164
1792
1856
26520
1793
1855
26519
1794
1854
26602
1795
1853
26655
1796
1852
26656
1797
1851
26669
1798
1850
26670
1799
1849
26687
1800
1848
30546
1801
1847
30545
1802
1846
30544
1803
1845
30543
1804
1844
30906
1805
1843
33102
1806
1842
33101
1807
1841
33100
1808
1840
33099
1809
1839
33834
1810
1838
33835
1811
1837
33838
1812
1836
33839
1813
1835
34620
1814
1834
34621
1815
1833
34624
1816
1832
35993
1817
1831
35992
1818
1830
35991
1819
1829
35990
1820
1828
35989
1821
1827
36229
1822
1826
36230
1823
1825
36233
1824
36234
1825
1931
37477
1826
1930
36232
1827
1929
36231
1828
1928
36228
1829
1927
36225
1830
1926
36226
1831
1925
36227
1832
1924
34647
1833
1923
34648
1834
1922
34649
1835
1921
34650
1836
1920
33856
1837
1919
33857
1838
1918
33837
1839
1917
33836
1840
1916
33833
1841
1915
33832
1842
1914
30902
1843
1913
30903
1844
1912
30904
1845
1911
30905
1846
1910
30838
1847
1909
30837
1848
1908
30836
1849
1907
30835
1850
1906
28602
1851
1905
28603
1852
1904
26668
1853
1903
26667
1854
1902
26654
1855
1901
26601
1856
1900
26600
1857
1899
26599
1858
1898
25165
1859
1897
22715
1860
1896
22714
1861
1895
22710
1862
1894
22681
1863
1893
22682
1864
1892
22355
1865
1891
22356
1866
1890
20106
1867
1889
20105
1868
1888
20074
1869
1887
20056
1870
1886
18166
1871
1885
18167
1872
1884
17409
1873
1883
17410
1874
1882
17411
1875
1881
17412
1876
1880
17413
1877
1879
17414
1878
17415
1879
1985
18175
1880
1984
18174
1881
1983
18173
1882
1982
18172
1883
1981
18171
1884
1980
18170
1885
1979
18169
1886
1978
18168
1887
1977
20054
1888
1976
20055
1889
1975
22360
1890
1974
22359
1891
1973
22358
1892
1972
22357
1893
1971
25172
1894
1970
25171
1895
1969
25170
1896
1968
25169
1897
1967
25168
1898
1966
25167
1899
1965
25166
1900
1964
26598
1901
1963
26597
1902
1962
28473
1903
1961
28472
1904
1960
28471
1905
1959
28470
1906
1958
28604
1907
1957
28607
1908
1956
30834
1909
1955
30841
1910
1954
30840
1911
1953
30839
1912
1952
33436
1913
1951
33435
1914
1950
33434
1915
1949
33830
1916
1948
33831
1917
1947
33861
1918
1946
33860
1919
1945
33859
1920
1944
33858
1921
1943
34652
1922
1942
34651
1923
1941
35675
1924
1940
35676
1925
1939
36038
1926
1938
36037
1927
1937
36036
1928
1936
36224
1929
1935
36223
1930
1934
37442
1931
1933
37449
1932
37478
1933
2039
37987
1934
2038
37450
1935
2037
37441
1936
2036
37438
1937
2035
37437
1938
2034
36056
1939
2033
36055
1940
2032
36039
1941
2031
36040
1942
2030
35674
1943
2029
35665
1944
2028
35648
1945
2027
35647
1946
2026
34397
1947
2025
34382
1948
2024
34163
1949
2023
34162
1950
2022
33829
1951
2021
33433
1952
2020
33400
1953
2019
33401
1954
2018
33402
1955
2017
30845
1956
2016
30842
1957
2015
30833
1958
2014
28606
1959
2013
28605
1960
2012
28475
1961
2011
28474
1962
2010
27404
1963
2009
27405
1964
2008
27406
1965
2007
27407
1966
2006
25377
1967
2005
25378
1968
2004
25379
1969
2003
25380
1970
2002
25381
1971
2001
25382
1972
2000
25173
1973
1999
25174
1974
1998
22377
1975
1997
22378
1976
1996
22379
1977
1995
22380
1978
1994
20053
1979
1993
20044
1980
1992
20041
1981
1991
20040
1982
1990
20037
1983
1989
20036
1984
1988
20033
1985
1987
20032
1986
19706
1987
2093
19707
1988
2092
20031
1989
2091
20034
1990
2090
20035
1991
2089
20038
1992
2088
20039
1993
2087
20042
1994
2086
20043
1995
2085
21177
1996
2084
22381
1997
2083
22388
1998
2082
25177
1999
2081
25176
2000
2080
25175
2001
2079
25384
2002
2078
25383
2003
2077
25476
2004
2076
25477
2005
2075
25480
2006
2074
25481
2007
2073
25486
2008
2072
27408
2009
2071
28480
2010
2070
28479
2011
2069
28478
2012
2068
28477
2013
2067
28476
2014
2066
28618
2015
2065
28619
2016
2064
30832
2017
2063
30843
2018
2062
30844
2019
2061
33403
2020
2060
33422
2021
2059
33429
2022
2058
33432
2023
2057
33828
2024
2056
34161
2025
2055
34164
2026
2054
34381
2027
2053
34398
2028
2052
35646
2029
2051
35663
2030
2050
35664
2031
2049
36042
2032
2048
36041
2033
2047
36053
2034
2046
36054
2035
2045
36057
2036
2044
37436
2037
2043
37439
2038
2042
37440
2039
2041
37451
2040
37986
2041
2147
37985
2042
2146
37492
2043
2145
37491
2044
2144
37434
2045
2143
37435
2046
2142
37311
2047
2141
37312
2048
2140
36052
2049
2139
36051
2050
2138
36043
2051
2137
36044
2052
2136
35662
2053
2135
35645
2054
2134
34399
2055
2133
34380
2056
2132
34379
2057
2131
34160
2058
2130
33827
2059
2129
33431
2060
2128
33430
2061
2127
33421
2062
2126
33404
2063
2125
33405
2064
2124
30830
2065
2123
30831
2066
2122
28622
2067
2121
28617
2068
2120
28616
2069
2119
28591
2070
2118
28590
2071
2117
28589
2072
2116
28481
2073
2115
28482
2074
2114
25487
2075
2113
25488
2076
2112
25479
2077
2111
25478
2078
2110
25475
2079
2109
25474
2080
2108
25385
2081
2107
25386
2082
2106
25179
2083
2105
25178
2084
2104
22389
2085
2103
22390
2086
2102
21178
2087
2101
21179
2088
2100
20025
2089
2099
20026
2090
2098
20027
2091
2097
20028
2092
2096
20029
2093
2095
20030
2094
19708
2095
2201
21187
2096
2200
21186
2097
2199
21185
2098
2198
21184
2099
2197
21183
2100
2196
21182
2101
2195
21181
2102
2194
21180
2103
2193
22392
2104
2192
22391
2105
2191
25182
2106
2190
25181
2107
2189
25180
2108
2188
25387
2109
2187
25472
2110
2186
25473
2111
2185
25492
2112
2184
25491
2113
2183
25490
2114
2182
25489
2115
2181
27459
2116
2180
28483
2117
2179
28587
2118
2178
28588
2119
2177
28627
2120
2176
28626
2121
2175
28625
2122
2174
28624
2123
2173
28623
2124
2172
33408
2125
2171
33407
2126
2170
33406
2127
2169
33419
2128
2168
33420
2129
2167
33825
2130
2166
33824
2131
2165
33826
2132
2164
34159
2133
2163
34378
2134
2162
35626
2135
2161
35643
2136
2160
35644
2137
2159
36046
2138
2158
36045
2139
2157
36049
2140
2156
36050
2141
2155
37314
2142
2154
37313
2143
2153
37497
2144
2152
37496
2145
2151
37495
2146
2150
37494
2147
2149
37493
2148
38007
2149
2255
38008
2150
2254
38009
2151
2253
38010
2152
2252
37501
2153
2251
37498
2154
2250
37329
2155
2249
37330
2156
2248
37331
2157
2247
37332
2158
2246
36048
2159
2245
36047
2160
2244
35732
2161
2243
35733
2162
2242
35642
2163
2241
35625
2164
2240
34377
2165
2239
34158
2166
2238
33822
2167
2237
33823
2168
2236
33795
2169
2235
33796
2170
2234
33418
2171
2233
33417
2172
2232
33410
2173
2231
33409
2174
2230
32471
2175
2229
32472
2176
2228
32457
2177
2227
32442
2178
2226
32431
2179
2225
32430
2180
2224
28586
2181
2223
28585
2182
2222
27460
2183
2221
27461
2184
2220
27462
2185
2219
27463
2186
2218
27464
2187
2217
27465
2188
2216
25471
2189
2215
25470
2190
2214
25467
2191
2213
25466
2192
2212
25183
2193
2211
25184
2194
2210
22417
2195
2209
22416
2196
2208
22399
2197
2207
21255
2198
2206
21252
2199
2205
21251
2200
2204
21248
2201
2203
21247
2202
21188
2203
2309
21189
2204
2308
21246
2205
2307
21249
2206
2306
21250
2207
2305
21253
2208
2304
21254
2209
2303
22400
2210
2302
22419
2211
2301
22418
2212
2300
25185
2213
2299
25192
2214
2298
25465
2215
2297
25468
2216
2296
25469
2217
2295
25510
2218
2294
25509
2219
2293
25508
2220
2292
27466
2221
2291
28579
2222
2290
28580
2223
2289
28583
2224
2288
28584
2225
2287
32428
2226
2286
32429
2227
2285
32432
2228
2284
32441
2229
2283
32458
2230
2282
32473
2231
2281
32476
2232
2280
33412
2233
2279
33411
2234
2278
33416
2235
2277
33774
2236
2276
33797
2237
2275
33800
2238
2274
34155
2239
2273
34156
2240
2272
34157
2241
2271
35623
2242
2270
35624
2243
2269
35641
2244
2268
35734
2245
2267
36579
2246
2266
36580
2247
2265
36587
2248
2264
37333
2249
2263
37506
2250
2262
37505
2251
2261
37504
2252
2260
37503
2253
2259
37502
2254
2258
38011
2255
2257
38055
2256
38106
2257
2363
38107
2258
2362
38056
2259
2361
38051
2260
2360
38017
2261
2359
38018
2262
2358
38019
2263
2357
38020
2264
2356
37507
2265
2355
37508
2266
2354
36588
2267
2353
36589
2268
2352
36578
2269
2351
35735
2270
2350
35736
2271
2349
35737
2272
2348
35622
2273
2347
34366
2274
2346
34153
2275
2345
34154
2276
2344
33799
2277
2343
33798
2278
2342
33775
2279
2341
33415
2280
2340
33414
2281
2339
33413
2282
2338
32475
2283
2337
32474
2284
2336
32459
2285
2335
32440
2286
2334
32433
2287
2333
32434
2288
2332
32427
2289
2331
32376
2290
2330
28582
2291
2329
28581
2292
2328
28578
2293
2327
28500
2294
2326
28501
2295
2325
28502
2296
2324
25511
2297
2323
25512
2298
2322
25463
2299
2321
25464
2300
2320
25193
2301
2319
25194
2302
2318
22427
2303
2317
22428
2304
2316
22429
2305
2315
22430
2306
2314
21242
2307
2313
21243
2308
2312
21244
2309
2311
21245
2310
21190
2311
2417
21192
2312
2416
21445
2313
2415
21446
2314
2414
22433
2315
2413
22432
2316
2412
22431
2317
2411
25198
2318
2410
25197
2319
2409
25196
2320
2408
25195
2321
2407
25516
2322
2406
25515
2323
2405
25514
2324
2404
25513
2325
2403
28504
2326
2402
28503
2327
2401
28542
2328
2400
28543
2329
2399
28577
2330
2398
29885
2331
2397
29884
2332
2396
32375
2333
2395
32426
2334
2394
32435
2335
2393
32438
2336
2392
32439
2337
2391
33269
2338
2390
33540
2339
2389
33539
2340
2388
33538
2341
2387
33537
2342
2386
33777
2343
2385
33776
2344
2384
34262
2345
2383
34261
2346
2382
34361
2347
2381
34362
2348
2380
34365
2349
2379
35739
2350
2378
35738
2351
2377
36593
2352
2376
36592
2353
2375
36591
2354
2374
36590
2355
2373
37510
2356
2372
37509
2357
2371
38022
2358
2370
38021
2359
2369
38027
2360
2368
38028
2361
2367
38049
2362
2366
38050
2363
2365
38057
2364
38511
2365
2471
38175
2366
2470
38176
2367
2469
38177
2368
2468
38048
2369
2467
38047
2370
2466
38026
2371
2465
38025
2372
2464
38023
2373
2463
38024
2374
2462
37527
2375
2461
37528
2376
2460
37529
2377
2459
37530
2378
2458
36594
2379
2457
36595
2380
2456
36546
2381
2455
34364
2382
2454
34363
2383
2453
34360
2384
2452
34359
2385
2451
34263
2386
2450
34264
2387
2449
34265
2388
2448
34101
2389
2447
34100
2390
2446
33542
2391
2445
33541
2392
2444
33270
2393
2443
33271
2394
2442
32437
2395
2441
32436
2396
2440
32425
2397
2439
32374
2398
2438
29887
2399
2437
29886
2400
2436
28576
2401
2435
28575
2402
2434
28541
2403
2433
28540
2404
2432
28505
2405
2431
28506
2406
2430
25600
2407
2429
25585
2408
2428
25572
2409
2427
25571
2410
2426
25568
2411
2425
25567
2412
2424
22451
2413
2423
22452
2414
2422
22435
2415
2421
22434
2416
2420
21447
2417
2419
21444
2418
21191
2419
21442
2420
21443
2421
2523
21448
2422
2522
22437
2423
2521
22436
2424
2520
22453
2425
2519
25565
2426
2518
25566
2427
2517
25569
2428
2516
25570
2429
2515
25573
2430
2514
25584
2431
2513
25601
2432
2512
28507
2433
2511
28510
2434
2510
28539
2435
2509
28574
2436
2508
28573
2437
2507
28572
2438
2506
29889
2439
2505
29888
2440
2504
32373
2441
2503
32424
2442
2502
33274
2443
2501
33273
2444
2500
33272
2445
2499
33545
2446
2498
33544
2447
2497
33543
2448
2496
34099
2449
2495
34102
2450
2494
34266
2451
2493
34336
2452
2492
34337
2453
2491
34358
2454
2490
34357
2455
2489
34356
2456
2488
36548
2457
2487
36547
2458
2486
36596
2459
2485
37532
2460
2484
37531
2461
2483
37536
2462
2482
37537
2463
2481
37578
2464
2480
37577
2465
2479
37576
2466
2478
37575
2467
2477
37574
2468
2476
38046
2469
2475
38045
2470
2474
38178
2471
2473
38502
2472
38503
2473
2573
38504
2474
2572
38501
2475
2571
38179
2476
2570
38180
2477
2569
38181
2478
2568
38182
2479
2567
38183
2480
2566
38184
2481
2565
38185
2482
2564
37579
2483
2563
37580
2484
2562
37535
2485
2561
37534
2486
2560
37533
2487
2559
36597
2488
2558
36598
2489
2557
36599
2490
2556
36600
2491
2555
36601
2492
2554
36602
2493
2553
34338
2494
2552
34335
2495
2551
34267
2496
2550
34268
2497
2549
34098
2498
2548
34097
2499
2547
34096
2500
2546
33546
2501
2545
33547
2502
2544
32421
2503
2543
32422
2504
2542
32423
2505
2541
32372
2506
2540
32371
2507
2539
29890
2508
2538
29891
2509
2537
29892
2510
2536
28537
2511
2535
28538
2512
2534
28509
2513
2533
28508
2514
2532
25602
2515
2531
25583
2516
2530
25582
2517
2529
25581
2518
2528
25562
2519
2527
25563
2520
2526
25564
2521
2525
22454
2522
2524
22455
2523
22456
21449
2525
25552
2526
25551
2527
25550
2528
2620
29903
2529
2619
29902
2530
2618
29901
2531
2617
29900
2532
2616
29899
2533
2615
29898
2534
2614
29897
2535
2613
29896
2536
2612
29895
2537
2611
29894
2538
2610
29893
2539
2609
32369
2540
2608
32368
2541
2607
32370
2542
2606
33552
2543
2605
33551
2544
2604
33550
2545
2603
33549
2546
2602
33548
2547
2601
34095
2548
2600
34094
2549
2599
34271
2550
2598
34270
2551
2597
34269
2552
2596
36606
2553
2595
36605
2554
2594
36604
2555
2593
36603
2556
2592
36993
2557
2591
36994
2558
2590
36995
2559
2589
37019
2560
2588
37020
2561
2587
37584
2562
2586
37583
2563
2585
37582
2564
2584
37581
2565
2583
38187
2566
2582
38186
2567
2581
38357
2568
2580
38356
2569
2579
38358
2570
2578
38359
2571
2577
38496
2572
2576
38497
2573
2575
38500
2574
38543
2575
2666
38542
2576
2665
38499
2577
2664
38498
2578
2663
38495
2579
2662
38494
2580
2661
38354
2581
2660
38355
2582
2659
38332
2583
2658
38333
2584
2657
37674
2585
2656
37675
2586
2655
37638
2587
2654
37629
2588
2653
37591
2589
2652
37592
2590
2651
37018
2591
2650
37017
2592
2649
36991
2593
2648
36992
2594
2647
36876
2595
2646
36877
2596
2645
36858
2597
2644
36857
2598
2643
36614
2599
2642
36615
2600
2641
34092
2601
2640
34093
2602
2639
34050
2603
2638
34051
2604
2637
33584
2605
2636
33575
2606
2635
33574
2607
2634
33573
2608
2633
33572
2609
2632
32367
2610
2631
32319
2611
2630
32320
2612
2629
30114
2613
2628
30113
2614
2627
30106
2615
2626
30107
2616
2625
30026
2617
2624
30025
2618
2623
30020
2619
2622
30019
2620
2621
29905
29904
2622
29906
2623
2711
30018
2624
2710
30021
2625
2709
30024
2626
2708
30027
2627
2707
30108
2628
2706
30111
2629
2705
30112
2630
2704
30241
2631
2703
32321
2632
2702
32365
2633
2701
32366
2634
2700
33571
2635
2699
33570
2636
2698
33569
2637
2697
33586
2638
2696
33585
2639
2695
34052
2640
2694
34057
2641
2693
36618
2642
2692
36617
2643
2691
36616
2644
2690
36861
2645
2689
36860
2646
2688
36859
2647
2687
36878
2648
2686
37013
2649
2685
37014
2650
2684
37015
2651
2683
37016
2652
2682
37594
2653
2681
37593
2654
2680
37627
2655
2679
37628
2656
2678
37639
2657
2677
37676
2658
2676
37683
2659
2675
38334
2660
2674
38337
2661
2673
38377
2662
2672
38376
2663
2671
38493
2664
2670
38541
2665
2669
38540
2666
2668
38539
2667
38538
2668
2755
38554
2669
2754
38489
2670
2753
38490
2671
2752
38491
2672
2751
38492
2673
2750
38379
2674
2749
38378
2675
2748
38336
2676
2747
38335
2677
2746
37684
2678
2745
37685
2679
2744
37686
2680
2743
37687
2681
2742
37626
2682
2741
37617
2683
2740
37601
2684
2739
37602
2685
2738
37010
2686
2737
37011
2687
2736
37012
2688
2735
36879
2689
2734
36880
2690
2733
36881
2691
2732
36703
2692
2731
36704
2693
2730
36620
2694
2729
36619
2695
2728
34058
2696
2727
34059
2697
2726
33618
2698
2725
33617
2699
2724
33616
2700
2723
33615
2701
2722
33612
2702
2721
33611
2703
2720
32364
2704
2719
32363
2705
2718
30242
2706
2717
30243
2707
2716
30110
2708
2715
30109
2709
2714
30028
2710
2713
30023
2711
2712
30022
30017
2713
30031
2714
2792
30030
2715
2791
30029
2716
2790
30246
2717
2789
30245
2718
2788
30244
2719
2787
32362
2720
2786
32361
2721
2785
33609
2722
2784
33610
2723
2783
33613
2724
2782
33614
2725
2781
33621
2726
2780
33620
2727
2779
33619
2728
2778
34060
2729
2777
34065
2730
2776
36707
2731
2775
36706
2732
2774
36705
2733
2773
36883
2734
2772
36882
2735
2771
37102
2736
2770
37101
2737
2769
37100
2738
2768
37099
2739
2767
37098
2740
2766
37603
2741
2765
37615
2742
2764
37616
2743
2763
37689
2744
2762
37688
2745
2761
38250
2746
2760
38249
2747
2759
38248
2748
2758
38383
2749
2757
38382
2750
2756
38381
2751
38380
2752
38559
2753
38558
2754
38557
2755
38556
38555
2757
38560
2758
38385
2759
38384
2760
38252
2761
38251
2762
37706
2763
37707
2764
37708
2765
37709
2766
37614
2767
37613
2768
37223
2769
37220
2770
37221
2771
37222
2772
37103
2773
2810
37104
2774
2809
36890
2775
2808
36889
2776
2807
36709
2777
2806
36708
2778
2805
34066
2779
2804
34067
2780
2803
34068
2781
2802
33652
2782
2801
33643
2783
2800
33642
2784
2799
33606
2785
2798
33607
2786
2797
33608
2787
2796
32360
2788
2795
32194
2789
2794
32195
2790
2793
30248
2791
30247
2792
30041
30032
2794
2828
30249
2795
2827
32196
2796
2826
32201
2797
2825
32359
2798
2824
33637
2799
2823
33636
2800
2822
33635
2801
2821
33641
2802
2820
33644
2803
2819
33651
2804
2818
34069
2805
2817
34072
2806
2816
36722
2807
2815
36723
2808
2814
36730
2809
2813
36892
2810
2812
36891
2811
37105
2812
37106
2813
37107
2814
37108
2815
36731
2816
36724
2817
36721
2818
34071
2819
34070
2820
33650
2821
33649
2822
33640
2823
33639
2824
33638
2825
32357
2826
32358
2827
32202
2828
32203
32204
2830
4439
7152
2831
4440
10306
2832
4441
10307
2833
4442
10346
2834
4443
10347
2835
4444
10506
2836
4445
10507
2837
4446
10523
2838
4447
10524
2839
4448
12937
2840
4449
12938
2841
4450
12943
2842
4451
12944
2843
4452
13062
2844
4453
13063
2845
4454
13102
2846
4455
13103
2847
4456
16920
2848
4457
16921
2849
4458
16940
2850
4459
16941
2851
4460
20177
2852
4461
20178
2853
4462
20193
2854
4463
20194
2855
4464
20336
2856
4465
20337
2857
4466
20340
2858
4467
20341
2859
4468
21684
2860
4469
21685
2861
4470
21688
2862
4471
21689
2863
4472
22885
2864
4473
22886
2865
4474
22901
2866
4475
22902
2867
4476
26139
2868
4477
26140
2869
4478
26215
2870
4479
26216
2871
4480
29251
2872
4481
29252
2873
4482
29255
2874
4483
29256
2875
4484
31091
2876
4485
31092
2877
4486
31095
2878
4487
31096
2879
4488
31476
2880
4489
31477
2881
4490
31492
2882
4491
31493
2883
4492
34988
2884
4493
34989
2885
34992
2886
4493
34993
2887
4384
34974
2888
4383
34973
2889
4274
31596
2890
4273
31597
2891
4164
31564
2892
4163
31565
2893
4054
31334
2894
4053
31335
2895
3944
31220
2896
3943
31221
2897
3834
24355
2898
3833
24354
2899
3724
24353
2900
3723
24151
2901
3614
24152
2902
3613
24153
2903
3512
24154
2904
3511
23545
2905
3411
23544
2906
3410
23543
2907
3312
23542
2908
3311
19604
2909
3216
19603
2910
3215
19602
2911
3120
19575
2912
3119
19574
2913
3033
19555
2914
3032
19554
2915
2962
19553
2916
2961
14867
2917
2934
14868
2918
2933
14869
2919
14870
2920
2933
14847
2921
2932
14844
2922
2931
14816
2923
2930
14815
2929
14795
2925
2943
8728
2926
2942
8729
2927
2941
9078
2928
2940
9079
2929
2939
14794
2930
2938
14796
2931
2937
14814
2932
2936
14817
2933
2935
14845
2934
14846
2935
2961
14859
2936
2960
14856
2937
2959
14818
2938
2958
14813
2939
2957
14797
2940
2956
14793
2941
2955
9080
2942
2954
9077
2943
2953
8757
2944
2952
8754
2945
2951
8748
2950
8747
2947
2977
8719
2948
2976
8720
2949
2975
8738
2950
2974
8739
2951
2973
8746
2952
2972
8749
2953
2971
8755
2954
2970
8756
2955
2969
9076
2956
2968
9081
2957
2967
14792
2958
2966
14798
2959
2965
14820
2960
2964
14819
2961
2963
14857
2962
14858
2963
3032
19544
2964
3031
19541
2965
3030
17614
2966
3029
17611
2967
3028
17606
2968
3027
14791
2969
3026
14743
2970
3025
14740
2971
3024
14721
2972
3023
14720
2973
3022
14066
2974
3021
14065
2975
3020
9587
2976
3019
9586
2977
3018
9538
2978
3017
9535
2979
3016
9516
2980
3015
9515
2981
3014
9430
2982
3013
9429
2983
3012
9406
2984
3011
9405
2985
3010
9262
2986
3009
9259
2987
3008
9242
2988
3007
9241
2989
3006
6136
2990
3005
6133
2991
3004
5694
2992
3003
5693
2993
3002
5609
2994
3001
5606
2995
3000
5589
2999
5588
2997
3069
4815
2998
3068
5252
2999
3067
5253
3000
3066
5587
3001
3065
5590
3002
3064
5607
3003
3063
5608
3004
3062
5692
3005
3061
5695
3006
3060
6134
3007
3059
6135
3008
3058
9240
3009
3057
9243
3010
3056
9260
3011
3055
9261
3012
3054
9404
3013
3053
9407
3014
3052
9428
3015
3051
9431
3016
3050
9514
3017
3049
9517
3018
3048
9536
3019
3047
9537
3020
3046
9585
3021
3045
9588
3022
3044
14064
3023
3043
14067
3024
3042
14719
3025
3041
14722
3026
3040
14741
3027
3039
14742
3028
3038
14790
3029
3037
17605
3030
3036
17612
3031
3035
17613
3032
3034
19542
3033
19543
3034
3119
19556
3035
3118
19557
3036
3117
17806
3037
3116
17803
3038
3115
17796
3039
3114
14789
3040
3113
14783
3041
3112
14782
3042
3111
14723
3043
3110
14718
3044
3109
14068
3045
3108
14063
3046
3107
9589
3047
3106
9584
3048
3105
9578
3049
3104
9577
3050
3103
9518
3051
3102
9513
3052
3101
9432
3053
3100
9433
3054
3099
9408
3055
3098
9409
3056
3097
9290
3057
3096
9287
3058
3095
9244
3059
3094
9239
3060
3093
7378
3061
3092
7375
3062
3091
5696
3063
3090
5691
3064
3089
5637
3065
3088
5634
3066
3087
5591
3067
3086
5586
3068
3085
5254
3069
3084
5255
3070
3083
4816
3071
3082
4814
3081
4809
3073
3167
4549
3074
3166
4550
3075
3165
4561
3076
3164
4562
3077
3163
4567
3078
3162
4568
3079
3161
4794
3080
3160
4793
3081
3159
4808
3082
3158
4810
3083
3157
4818
3084
3156
4817
3085
3155
5256
3086
3154
5257
3087
3153
5585
3088
3152
5592
3089
3151
5635
3090
3150
5636
3091
3149
5690
3092
3148
5697
3093
3147
7376
3094
3146
7377
3095
3145
9238
3096
3144
9245
3097
3143
9288
3098
3142
9289
3099
3141
9410
3100
3140
9411
3101
3139
9434
3102
3138
9435
3103
3137
9520
3104
3136
9519
3105
3135
9576
3106
3134
9579
3107
3133
9591
3108
3132
9590
3109
3131
14062
3110
3130
14069
3111
3129
14725
3112
3128
14724
3113
3127
14781
3114
3126
14784
3115
3125
17794
3116
3124
17795
3117
3123
17804
3118
3122
17805
3119
3121
19558
3120
19559
3121
3215
19576
3122
3214
19577
3123
3213
17898
3124
3212
17895
3125
3211
17876
3126
3210
17875
3127
3209
17690
3128
3208
17687
3129
3207
15986
3130
3206
15985
3131
3205
14681
3132
3204
14678
3133
3203
14659
3134
3202
14658
3135
3201
14550
3136
3200
14549
3137
3199
10054
3138
3198
10051
3139
3197
10024
3140
3196
10023
3141
3195
9607
3142
3194
9604
3143
3193
9314
3144
3192
9311
3145
3191
9308
3146
3190
9237
3147
3189
7402
3148
3188
7399
3149
3187
7396
3150
3186
5689
3151
3185
5661
3152
3184
5658
3153
3183
5655
3154
3182
5584
3155
3181
5545
3156
3180
5544
3157
3179
5284
3158
3178
5281
3159
3177
5280
3160
3176
5277
3161
3175
4830
3162
3174
4827
3163
3173
4723
3164
3172
4722
3165
3171
4650
3166
3170
4647
3167
3169
4632
3168
4631
3169
3263
4630
3170
3262
4633
3171
3261
4648
3172
3260
4649
3173
3259
4721
3174
3258
4724
3175
3257
4828
3176
3256
4829
3177
3255
5278
3178
3254
5279
3179
3253
5282
3180
3252
5283
3181
3251
5543
3182
3250
5546
3183
3249
5583
3184
3248
5654
3185
3247
5659
3186
3246
5660
3187
3245
5688
3188
3244
7395
3189
3243
7400
3190
3242
7401
3191
3241
9236
3192
3240
9307
3193
3239
9312
3194
3238
9313
3195
3237
9605
3196
3236
9606
3197
3235
10022
3198
3234
10025
3199
3233
10052
3200
3232
10053
3201
3231
14548
3202
3230
14551
3203
3229
14657
3204
3228
14660
3205
3227
14679
3206
3226
14680
3207
3225
15984
3208
3224
15987
3209
3223
17688
3210
3222
17689
3211
3221
17874
3212
3220
17877
3213
3219
17896
3214
3218
17897
3215
3217
19578
3216
19579
3217
3311
19580
3218
3310
19581
3219
3309
19582
3220
3308
19583
3221
3307
17878
3222
3306
17873
3223
3305
17846
3224
3304
17843
3225
3303
15988
3226
3302
15983
3227
3301
15956
3228
3300
15955
3229
3299
14661
3230
3298
14656
3231
3297
14552
3232
3296
14547
3233
3295
10066
3234
3294
10063
3235
3293
10026
3236
3292
10027
3237
3291
10028
3238
3290
10029
3239
3289
9629
3240
3288
9628
3241
3287
9619
3242
3286
9235
3243
3285
9229
3244
3284
9228
3245
3283
8962
3246
3282
5687
3247
3281
5681
3248
3280
5680
3249
3279
5671
3250
3278
5582
3251
3277
5547
3252
3276
5542
3253
3275
5316
3254
3274
5313
3255
3273
5308
3256
3272
5307
3257
3271
5296
3258
3270
5297
3259
3269
4725
3260
3268
4720
3261
3267
4714
3262
3266
4713
3263
3265
4634
3264
4629
3265
3359
4636
3266
3358
4635
3267
3357
4712
3268
3356
4715
3269
3355
4727
3270
3354
4726
3271
3353
5298
3272
3352
5299
3273
3351
5306
3274
3350
5309
3275
3349
5314
3276
3348
5315
3277
3347
5541
3278
3346
5548
3279
3345
5673
3280
3344
5672
3281
3343
5679
3282
3342
5682
3283
3341
8960
3284
3340
8961
3285
3339
9227
3286
3338
9230
3287
3337
9621
3288
3336
9620
3289
3335
9627
3290
3334
9630
3291
3333
10030
3292
3332
10031
3293
3331
10038
3294
3330
10039
3295
3329
10064
3296
3328
10065
3297
3327
14546
3298
3326
14553
3299
3325
14663
3300
3324
14662
3301
3323
15954
3302
3322
15957
3303
3321
15990
3304
3320
15989
3305
3319
17844
3306
3318
17845
3307
3317
17880
3308
3316
17879
3309
3315
19584
3310
3314
19585
3311
3313
19606
3312
19605
3313
3410
23523
3314
3409
23522
3315
3408
19628
3316
3407
19625
3317
3406
19298
3318
3405
19297
3319
3404
19249
3320
3403
19246
3321
3402
19227
3322
3401
19226
3323
3400
16068
3324
3399
15953
3325
3398
15934
3326
3397
15933
3327
3396
15655
3328
3395
15654
3329
3394
14528
3330
3393
14527
3331
3392
14445
3332
3391
14442
3333
3390
14425
3334
3389
14424
3335
3388
14224
3336
3387
14221
3337
3386
14212
3338
3385
14209
3339
3384
9733
3340
3383
9730
3341
3382
8972
3342
3381
8959
3343
3380
7743
3344
3379
7740
3345
3378
7721
3346
3377
7720
3347
3376
6767
3348
3375
6766
3349
3374
5531
3350
3373
5528
3351
3372
5391
3352
3371
5388
3353
3370
5379
3354
3369
5376
3355
3368
5047
3356
3367
5046
3357
3366
4912
3358
3365
4909
3359
3364
4890
3360
3363
4889
3362
4609
3362
3460
4607
3363
3459
4608
3364
3458
4888
3365
3457
4891
3366
3456
4910
3367
3455
4911
3368
3454
5045
3369
3453
5048
3370
3452
5377
3371
3451
5378
3372
3450
5389
3373
3449
5390
3374
3448
5529
3375
3447
5530
3376
3446
6765
3377
3445
6768
3378
3444
7719
3379
3443
7722
3380
3442
7741
3381
3441
7742
3382
3440
8958
3383
3439
8973
3384
3438
9731
3385
3437
9732
3386
3436
14210
3387
3435
14211
3388
3434
14222
3389
3433
14223
3390
3432
14423
3391
3431
14426
3392
3430
14443
3393
3429
14444
3394
3428
14526
3395
3427
14529
3396
3426
15653
3397
3425
15656
3398
3424
15932
3399
3423
15935
3400
3422
16066
3401
3421
16067
3402
3420
19225
3403
3419
19228
3404
3418
19247
3405
3417
19248
3406
3416
19296
3407
3415
19299
3408
3414
19626
3409
3413
19627
3410
3412
23521
3411
23524
3412
3511
23525
3413
3510
23520
3414
3509
23446
3415
3508
23445
3416
3507
19300
3417
3506
19295
3418
3505
19289
3419
3504
19288
3420
3503
19229
3421
3502
19224
3422
3501
16078
3423
3500
16065
3424
3499
15936
3425
3498
15931
3426
3497
15657
3427
3496
15652
3428
3495
14530
3429
3494
14525
3430
3493
14473
3431
3492
14470
3432
3491
14427
3433
3490
14422
3434
3489
14258
3435
3488
14255
3436
3487
14246
3437
3486
14243
3438
3485
9755
3439
3484
9752
3440
3483
8974
3441
3482
8957
3442
3481
8951
3443
3480
8950
3444
3479
7723
3445
3478
7718
3446
3477
6769
3447
3476
6764
3448
3475
6753
3449
3474
6752
3450
3473
6710
3451
3472
6709
3452
3471
6240
3453
3470
6237
3454
3469
5049
3455
3468
5044
3456
3467
5037
3457
3466
5036
3458
3465
4892
3459
3464
4887
3460
3463
4878
3462
4875
3462
3562
4587
3463
3561
4876
3464
3560
4877
3465
3559
4894
3466
3558
4893
3467
3557
5035
3468
3556
5038
3469
3555
5051
3470
3554
5050
3471
3553
6238
3472
3552
6239
3473
3551
6708
3474
3550
6711
3475
3549
6751
3476
3548
6754
3477
3547
6771
3478
3546
6770
3479
3545
7725
3480
3544
7724
3481
3543
8949
3482
3542
8952
3483
3541
8976
3484
3540
8975
3485
3539
9753
3486
3538
9754
3487
3537
14244
3488
3536
14245
3489
3535
14256
3490
3534
14257
3491
3533
14421
3492
3532
14428
3493
3531
14471
3494
3530
14472
3495
3529
14524
3496
3528
14531
3497
3527
15659
3498
3526
15658
3499
3525
15938
3500
3524
15937
3501
3523
16080
3502
3522
16079
3503
3521
19231
3504
3520
19230
3505
3519
19287
3506
3518
19290
3507
3517
19302
3508
3516
19301
3509
3515
23444
3510
3514
23447
3511
3513
23527
3512
23526
3513
3613
23571
3514
3612
23568
3515
3611
23460
3516
3610
23457
3517
3609
23419
3518
3608
23418
3519
3607
23108
3520
3606
23107
3521
3605
23086
3522
3604
23085
3523
3603
19123
3524
3602
19122
3525
3601
16130
3526
3600
16129
3527
3599
16116
3528
3598
16115
3529
3597
16092
3530
3596
14523
3531
3595
14501
3532
3594
14500
3533
3593
14485
3534
3592
14420
3535
3591
14333
3536
3590
14330
3537
3589
14321
3538
3588
14318
3539
3587
9881
3540
3586
9878
3541
3585
9869
3542
3584
9866
3543
3583
9012
3544
3582
9011
3545
3581
8988
3546
3580
8985
3547
3579
6803
3548
3578
6800
3549
3577
6797
3550
3576
6750
3551
3575
6724
3552
3574
6721
3553
3573
6660
3554
3572
6659
3555
3571
6232
3556
3570
6229
3557
3569
6220
3558
3568
5034
3559
3567
5025
3560
3566
5022
3561
3565
5013
3562
3564
5010
3563
4592
3564
3664
4591
3565
3663
5011
3566
3662
5012
3567
3661
5023
3568
3660
5024
3569
3659
6218
3570
3658
6219
3571
3657
6230
3572
3656
6231
3573
3655
6658
3574
3654
6661
3575
3653
6722
3576
3652
6723
3577
3651
6749
3578
3650
6796
3579
3649
6801
3580
3648
6802
3581
3647
8986
3582
3646
8987
3583
3645
9010
3584
3644
9013
3585
3643
9867
3586
3642
9868
3587
3641
9879
3588
3640
9880
3589
3639
14319
3590
3638
14320
3591
3637
14331
3592
3636
14332
3593
3635
14487
3594
3634
14486
3595
3633
14499
3596
3632
14502
3597
3631
16094
3598
3630
16093
3599
3629
16114
3600
3628
16117
3601
3627
16128
3602
3626
16131
3603
3625
19121
3604
3624
19124
3605
3623
23084
3606
3622
23087
3607
3621
23106
3608
3620
23109
3609
3619
23417
3610
3618
23420
3611
3617
23458
3612
3616
23459
3613
3615
23569
3614
23570
3615
3723
23589
3616
3722
23586
3617
3721
23585
3618
3720
23582
3619
3719
23421
3620
3718
23416
3621
3717
23110
3622
3716
23105
3623
3715
23088
3624
3714
23083
3625
3713
19125
3626
3712
19120
3627
3711
16132
3628
3710
16133
3629
3709
16118
3630
3708
16113
3631
3707
16098
3632
3706
16095
3633
3705
14503
3634
3704
14504
3635
3703
14491
3636
3702
14488
3637
3701
14375
3638
3700
14372
3639
3699
14363
3640
3698
14360
3641
3697
10170
3642
3696
10167
3643
3695
10158
3644
3694
10155
3645
3693
9014
3646
3692
9009
3647
3691
9000
3648
3690
8997
3649
3689
8203
3650
3688
8200
3651
3687
8197
3652
3686
6748
3653
3685
6741
3654
3684
6740
3655
3683
6662
3656
3682
6657
3657
3681
6264
3658
3680
6263
3659
3679
6254
3660
3678
6217
3661
3677
5815
3662
3676
5812
3663
3675
5803
3664
3674
5800
3665
3673
4955
3666
3672
4952
3667
3671
4949
3668
3670
4586
3669
4581
3670
3778
4582
3671
3777
4947
3672
3776
4948
3673
3775
4953
3674
3774
4954
3675
3773
5801
3676
3772
5802
3677
3771
5813
3678
3770
5814
3679
3769
6256
3680
3768
6255
3681
3767
6262
3682
3766
6265
3683
3765
6656
3684
3764
6663
3685
3763
6739
3686
3762
6742
3687
3761
8195
3688
3760
8196
3689
3759
8201
3690
3758
8202
3691
3757
8998
3692
3756
8999
3693
3755
9008
3694
3754
9015
3695
3753
10156
3696
3752
10157
3697
3751
10168
3698
3750
10169
3699
3749
14361
3700
3748
14362
3701
3747
14373
3702
3746
14374
3703
3745
14489
3704
3744
14490
3705
3743
14505
3706
3742
14506
3707
3741
16096
3708
3740
16097
3709
3739
16112
3710
3738
16119
3711
3737
16134
3712
3736
16135
3713
3735
19119
3714
3734
19126
3715
3733
23082
3716
3732
23089
3717
3731
23112
3718
3730
23111
3719
3729
23423
3720
3728
23422
3721
3727
23583
3722
3726
23584
3723
3725
23587
3724
23588
3725
3833
24344
3726
3832
24341
3727
3831
24332
3728
3830
24329
3729
3829
24320
3730
3828
24317
3731
3827
24308
3732
3826
24305
3733
3825
24286
3734
3824
23081
3735
3823
20768
3736
3822
19118
3737
3821
19109
3738
3820
19106
3739
3819
19061
3740
3818
19058
3741
3817
19040
3742
3816
19039
3743
3815
16439
3744
3814
16438
3745
3813
16228
3746
3812
16225
3747
3811
15547
3748
3810
15544
3749
3809
15535
3750
3808
15532
3751
3807
11703
3752
3806
11700
3753
3805
11691
3754
3804
11688
3755
3803
11647
3756
3802
11644
3757
3801
11547
3758
3800
11546
3759
3799
11389
3760
3798
11386
3761
3797
11367
3762
3796
11366
3763
3795
6894
3764
3794
6891
3765
3793
6884
3766
3792
6655
3767
3791
6646
3768
3790
6643
3769
3789
6634
3770
3788
6631
3771
3787
6622
3772
3786
6619
3773
3785
6610
3774
3784
6607
3775
3783
5857
3776
3782
5854
3777
3781
5845
3778
3780
5842
3779
4617
3780
3888
4616
3781
3887
5843
3782
3886
5844
3783
3885
5855
3784
3884
5856
3785
3883
6608
3786
3882
6609
3787
3881
6620
3788
3880
6621
3789
3879
6632
3790
3878
6633
3791
3877
6644
3792
3876
6645
3793
3875
6882
3794
3874
6883
3795
3873
6892
3796
3872
6893
3797
3871
11365
3798
3870
11368
3799
3869
11387
3800
3868
11388
3801
3867
11545
3802
3866
11548
3803
3865
11645
3804
3864
11646
3805
3863
11689
3806
3862
11690
3807
3861
11701
3808
3860
11702
3809
3859
15533
3810
3858
15534
3811
3857
15545
3812
3856
15546
3813
3855
16226
3814
3854
16227
3815
3853
16437
3816
3852
16440
3817
3851
19038
3818
3850
19041
3819
3849
19059
3820
3848
19060
3821
3847
19107
3822
3846
19108
3823
3845
20766
3824
3844
20767
3825
3843
23080
3826
3842
24287
3827
3841
24306
3828
3840
24307
3829
3839
24318
3830
3838
24319
3831
3837
24330
3832
3836
24331
3833
3835
24342
3834
24343
3835
3943
24356
3836
3942
24357
3837
3941
24358
3838
3940
24359
3839
3939
24360
3840
3938
24361
3841
3937
24362
3842
3936
24363
3843
3935
24288
3844
3934
24289
3845
3933
23062
3846
3932
20765
3847
3931
20756
3848
3930
20753
3849
3929
19087
3850
3928
19084
3851
3927
19042
3852
3926
19043
3853
3925
16441
3854
3924
16436
3855
3923
16263
3856
3922
16260
3857
3921
16254
3858
3920
16253
3859
3919
16244
3860
3918
16241
3861
3917
13564
3862
3916
13561
3863
3915
13550
3864
3914
13549
3865
3913
13350
3866
3912
13349
3867
3911
11549
3868
3910
11544
3869
3909
11537
3870
3908
11536
3871
3907
11369
3872
3906
11364
3873
3905
8479
3874
3904
8476
3875
3903
8465
3876
3902
8464
3877
3901
7004
3878
3900
7003
3879
3899
6992
3880
3898
6991
3881
3897
6934
3882
3896
6931
3883
3895
6922
3884
3894
6919
3885
3893
5899
3886
3892
5896
3887
3891
5887
3888
3890
5884
3889
5202
3890
3998
5201
3891
3997
5885
3892
3996
5886
3893
3995
5897
3894
3994
5898
3895
3993
6920
3896
3992
6921
3897
3991
6932
3898
3990
6933
3899
3989
6990
3900
3988
6993
3901
3987
7002
3902
3986
7005
3903
3985
8463
3904
3984
8466
3905
3983
8477
3906
3982
8478
3907
3981
11371
3908
3980
11370
3909
3979
11535
3910
3978
11538
3911
3977
11551
3912
3976
11550
3913
3975
13348
3914
3974
13351
3915
3973
13548
3916
3972
13551
3917
3971
13562
3918
3970
13563
3919
3969
16242
3920
3968
16243
3921
3967
16252
3922
3966
16255
3923
3965
16261
3924
3964
16262
3925
3963
16435
3926
3962
16442
3927
3961
19044
3928
3960
19045
3929
3959
19085
3930
3958
19086
3931
3957
20754
3932
3956
20755
3933
3955
23060
3934
3954
23061
3935
3953
24290
3936
3952
24291
3937
3951
24364
3938
3950
24365
3939
3949
24376
3940
3948
24377
3941
3947
24386
3942
3946
24387
3943
3945
28831
3944
28832
3945
4053
28849
3946
4052
28846
3947
4051
28845
3948
4050
28842
3949
4049
27964
3950
4048
27961
3951
4047
27939
3952
4046
27938
3953
4045
24416
3954
4044
24413
3955
4043
24410
3956
4042
23059
3957
4041
23030
3958
4040
23029
3959
4039
20692
3960
4038
20689
3961
4037
20670
3962
4036
20669
3963
4035
20598
3964
4034
20597
3965
4033
16469
3966
4032
16466
3967
4031
16465
3968
4030
16462
3969
4029
16277
3970
4028
16274
3971
4027
13588
3972
4026
13585
3973
4025
13582
3974
4024
13547
3975
4023
13364
3976
4022
13361
3977
4021
13315
3978
4020
13314
3979
4019
13135
3980
4018
11534
3981
4017
11525
3982
4016
11522
3983
4015
8503
3984
4014
8500
3985
4013
8497
3986
4012
8462
3987
4011
8381
3988
4010
8378
3989
4009
8363
3990
4008
8362
3991
4007
8309
3992
4006
8308
3993
4005
7024
3994
4004
7021
3995
4003
6430
3996
4002
6427
3997
4001
6408
3998
4000
6407
3999
5208
4000
4108
5209
4001
4107
6406
4002
4106
6409
4003
4105
6428
4004
4104
6429
4005
4103
7022
4006
4102
7023
4007
4101
8307
4008
4100
8310
4009
4099
8361
4010
4098
8364
4011
4097
8379
4012
4096
8380
4013
4095
8461
4014
4094
8496
4015
4093
8501
4016
4092
8502
4017
4091
11523
4018
4090
11524
4019
4089
13133
4020
4088
13134
4021
4087
13313
4022
4086
13316
4023
4085
13362
4024
4084
13363
4025
4083
13546
4026
4082
13581
4027
4081
13586
4028
4080
13587
4029
4079
16275
4030
4078
16276
4031
4077
16463
4032
4076
16464
4033
4075
16467
4034
4074
16468
4035
4073
20596
4036
4072
20599
4037
4071
20668
4038
4070
20671
4039
4069
20690
4040
4068
20691
4041
4067
23028
4042
4066
23031
4043
4065
23058
4044
4064
24409
4045
4063
24414
4046
4062
24415
4047
4061
27937
4048
4060
27940
4049
4059
27962
4050
4058
27963
4051
4057
28843
4052
4056
28844
4053
4055
28847
4054
28848
4055
4163
31203
4056
4162
31200
4057
4161
29424
4058
4160
29423
4059
4159
28863
4060
4158
28860
4061
4157
27941
4062
4156
27942
4063
4155
27943
4064
4154
27944
4065
4153
24428
4066
4152
23057
4067
4151
23032
4068
4150
23027
4069
4149
23021
4070
4148
23020
4071
4147
20672
4072
4146
20667
4073
4145
20600
4074
4144
20595
4075
4143
16501
4076
4142
16498
4077
4141
16493
4078
4140
16492
4079
4139
16481
4080
4138
16482
4081
4137
16299
4082
4136
16298
4083
4135
16289
4084
4134
13545
4085
4133
13538
4086
4132
13537
4087
4131
13317
4088
4130
13312
4089
4129
13293
4090
4128
13132
4091
4127
13121
4092
4126
13120
4093
4125
10662
4094
4124
10659
4095
4123
10656
4096
4122
8460
4097
4121
8454
4098
4120
8453
4099
4119
8365
4100
4118
8360
4101
4117
8311
4102
4116
8306
4103
4115
7042
4104
4114
7039
4105
4113
7038
4106
4112
7035
4107
4111
6410
4108
4110
6405
4109
5210
4110
4218
5211
4111
4217
6412
4112
4216
6411
4113
4215
7036
4114
4214
7037
4115
4213
7040
4116
4212
7041
4117
4211
8305
4118
4210
8312
4119
4209
8367
4120
4208
8366
4121
4207
8452
4122
4206
8455
4123
4205
10654
4124
4204
10655
4125
4203
10660
4126
4202
10661
4127
4201
13119
4128
4200
13122
4129
4199
13291
4130
4198
13292
4131
4197
13319
4132
4196
13318
4133
4195
13536
4134
4194
13539
4135
4193
16291
4136
4192
16290
4137
4191
16297
4138
4190
16300
4139
4189
16483
4140
4188
16484
4141
4187
16491
4142
4186
16494
4143
4185
16499
4144
4184
16500
4145
4183
20594
4146
4182
20601
4147
4181
20674
4148
4180
20673
4149
4179
23019
4150
4178
23022
4151
4177
23034
4152
4176
23033
4153
4175
23056
4154
4174
24429
4155
4173
27945
4156
4172
27946
4157
4171
27953
4158
4170
27954
4159
4169
28861
4160
4168
28862
4161
4167
29422
4162
4166
29425
4163
4165
31201
4164
31202
4165
4273
31555
4166
4272
31552
4167
4271
31178
4168
4270
31175
4169
4269
31166
4170
4268
31163
4171
4267
29204
4172
4266
29201
4173
4265
28084
4174
4264
28083
4175
4263
26252
4176
4262
26249
4177
4261
26232
4178
4260
26231
4179
4259
26170
4180
4258
26167
4181
4257
26150
4182
4256
26149
4183
4255
21812
4184
4254
21809
4185
4253
21800
4186
4252
21797
4187
4251
20375
4188
4250
20372
4189
4249
20355
4190
4248
20354
4191
4247
16825
4192
4246
16824
4193
4245
16779
4194
4244
16778
4195
4243
16619
4196
4242
13535
4197
4241
13516
4198
4240
13515
4199
4239
13486
4200
4238
13290
4201
4237
13285
4202
4236
13118
4203
4235
11324
4204
4234
11321
4205
4233
11312
4206
4232
11309
4207
4231
10592
4208
4230
10589
4209
4229
10580
4210
4228
10577
4211
4227
10383
4212
4226
10380
4213
4225
10363
4214
4224
10362
4215
4223
7079
4216
4222
7076
4217
4221
7067
4218
4220
7064
4219
7057
4220
4328
7056
4221
4327
7065
4222
4326
7066
4223
4325
7077
4224
4324
7078
4225
4323
10361
4226
4322
10364
4227
4321
10381
4228
4320
10382
4229
4319
10578
4230
4318
10579
4231
4317
10590
4232
4316
10591
4233
4315
11310
4234
4314
11311
4235
4313
11322
4236
4312
11323
4237
4311
13117
4238
4310
13284
4239
4309
13484
4240
4308
13485
4241
4307
13514
4242
4306
13517
4243
4305
16617
4244
4304
16618
4245
4303
16777
4246
4302
16780
4247
4301
16823
4248
4300
16826
4249
4299
20353
4250
4298
20356
4251
4297
20373
4252
4296
20374
4253
4295
21798
4254
4294
21799
4255
4293
21810
4256
4292
21811
4257
4291
26148
4258
4290
26151
4259
4289
26168
4260
4288
26169
4261
4287
26230
4262
4286
26233
4263
4285
26250
4264
4284
26251
4265
4283
28082
4266
4282
28085
4267
4281
29202
4268
4280
29203
4269
4279
31164
4270
4278
31165
4271
4277
31176
4272
4276
31177
4273
4275
31553
4274
31554
4275
4383
31587
4276
4382
31584
4277
4381
31389
4278
4380
31386
4279
4379
31377
4280
4378
31374
4281
4377
29230
4282
4376
29229
4283
4375
28086
4284
4374
28081
4285
4373
28066
4286
4372
28065
4287
4371
26234
4288
4370
26229
4289
4369
26198
4290
4368
26195
4291
4367
26152
4292
4366
26147
4293
4365
21868
4294
4364
21865
4295
4363
21856
4296
4362
21853
4297
4361
21657
4298
4360
21654
4299
4359
20357
4300
4358
20352
4301
4357
16827
4302
4356
16822
4303
4355
16781
4304
4354
16782
4305
4353
16783
4306
4352
16784
4307
4351
13518
4308
4350
13513
4309
4349
13506
4310
4348
13483
4311
4347
13474
4312
4346
13116
4313
4345
13085
4314
4344
13082
4315
4343
13071
4316
4342
13070
4317
4341
12196
4318
4340
12193
4319
4339
12184
4320
4338
12181
4321
4337
10427
4322
4336
10424
4323
4335
10365
4324
4334
10360
4325
4333
10329
4326
4332
10326
4327
4331
10315
4328
4330
10314
4329
7093
4330
4438
7092
4331
4437
10313
4332
4436
10316
4333
4435
10327
4334
4434
10328
4335
4433
10359
4336
4432
10366
4337
4431
10425
4338
4430
10426
4339
4429
12182
4340
4428
12183
4341
4427
12194
4342
4426
12195
4343
4425
13069
4344
4424
13072
4345
4423
13083
4346
4422
13084
4347
4421
13115
4348
4420
13475
4349
4419
13482
4350
4418
13507
4351
4417
13520
4352
4416
13519
4353
4415
16785
4354
4414
16786
4355
4413
16805
4356
4412
16806
4357
4411
16821
4358
4410
16828
4359
4409
20351
4360
4408
20358
4361
4407
21655
4362
4406
21656
4363
4405
21854
4364
4404
21855
4365
4403
21866
4366
4402
21867
4367
4401
26146
4368
4400
26153
4369
4399
26196
4370
4398
26197
4371
4397
26228
4372
4396
26235
4373
4395
28064
4374
4394
28067
4375
4393
28088
4376
4392
28087
4377
4391
29228
4378
4390
29231
4379
4389
31375
4380
4388
31376
4381
4387
31387
4382
4386
31388
4383
4385
31585
4384
31586
4385
4493
34975
4386
4492
34976
4387
4491
31499
4388
4490
31498
4389
4489
31483
4390
4488
31482
4391
4487
31082
4392
4486
31081
4393
4485
31078
4394
4484
31079
4395
4483
31080
4396
4482
28063
4397
4481
28062
4398
4480
26227
4399
4479
26224
4400
4478
26223
4401
4477
26222
4402
4476
26145
4403
4475
22908
4404
4474
22907
4405
4473
22892
4406
4472
22891
4407
4471
21675
4408
4470
21674
4409
4469
21673
4410
4468
20350
4411
4467
20347
4412
4466
20346
4413
4465
20327
4414
4464
20326
4415
4463
20200
4416
4462
20199
4417
4461
20184
4418
4460
20183
4419
4459
16931
4420
4458
16930
4421
4457
16929
4422
4456
13114
4423
4455
13111
4424
4454
13110
4425
4453
13109
4426
4452
13068
4427
4451
12458
4428
4450
12457
4429
4449
12448
4430
4448
12447
4431
4447
10514
4432
4446
10513
4433
4445
10512
4434
4444
10358
4435
4443
10355
4436
4442
10354
4437
4441
10353
4438
4440
10312
4439
7155
4440
4548
4441
4547
4442
4546
4443
4545
4444
4544
4445
4543
4446
4542
4447
4541
4448
4540
4449
4539
4450
4538
4451
4537
4452
4536
4453
4535
4454
4534
4455
4533
4456
4532
4457
4531
4458
4530
4459
4529
4460
4528
4461
4527
4462
4526
4463
4525
4464
4524
4465
4523
4466
4522
4467
4521
4468
4520
4469
4519
4470
4518
4471
4517
4472
4516
4473
4515
4474
4514
4475
4513
4476
4512
4477
4511
4478
4510
4479
4509
4480
4508
4481
4507
4482
4506
4483
4505
4484
4504
4485
4503
4486
4502
4487
4501
4488
4500
4489
4499
4490
4498
4491
4497
4492
4496
4493
4495
4494
4495
34975
34983
34989
34993
4496
34976
34978
34988
4497
31493
31495
31499
4498
31492
31496
31498
4499
31477
31479
31483
4500
31476
31480
31482
4501
31082
31096
31098
4502
31081
31085
31095
4503
31076
31078
31092
4504
31075
31079
31091
4505
29256
29258
31080
4506
28063
29245
29255
4507
28060
28062
29252
4508
26227
28059
29251
4509
26216
26218
26224
4510
26215
26219
26223
4511
26140
26142
26222
4512
26139
26143
26145
4513
22902
22904
22908
4514
22901
22905
22907
4515
22886
22888
22892
4516
22885
22889
22891
4517
21675
21689
21691
4518
21674
21678
21688
4519
21671
21673
21685
4520
20350
21670
21684
4521
20341
20343
20347
4522
20340
20344
20346
4523
20327
20329
20337
4524
20326
20330
20336
4525
20194
20196
20200
4526
20193
20197
20199
4527
20178
20180
20184
4528
20177
20181
20183
4529
16931
16941
16943
4530
16930
16934
16940
4531
16921
16923
16929
4532
13114
16920
16924
4533
13103
13105
13111
4534
13102
13106
13110
4535
13063
13065
13109
4536
13062
13066
13068
4537
12458
12460
12944
4538
12457
12461
12943
4539
12448
12450
12938
4540
12447
12451
12937
4541
10514
10524
10526
4542
10513
10517
10523
4543
10507
10509
10512
4544
10358
10506
10510
4545
10347
10349
10355
4546
10346
10350
10354
4547
10307
10309
10353
4548
10306
10310
10312
7152
7154
7155
4550
4552
4631
4551
4561
4632
4552
4554
4564
4645
4553
4644
4554
4556
4559
4555
4560
4565
4556
4645
4655
4663
4687
4644
4656
4658
4558
4577
4578
4666
4559
4576
4659
4560
4658
4574
4576
4663
4562
4564
4647
4563
4567
4650
4564
4566
4570
4651
4565
4646
4566
4574
4687
4571
4573
4688
4568
4570
4722
4569
4723
4794
4570
4572
4746
4795
4571
4743
4572
4683
4744
4682
4745
4796
4574
4673
4683
4685
4575
4686
4576
4673
4675
4736
4577
4664
4665
4671
4675
4669
4671
4786
4584
4599
4601
4603
4603
4934
4936
4966
4582
4584
4586
4583
4617
4947
4584
4601
4618
4946
4585
4586
4599
4946
4950
4947
4949
4588
4592
4876
4589
4593
4881
4590
4605
4882
4593
4595
4970
5008
4592
4594
4955
5011
4593
5010
4594
5009
4595
4956
5016
4596
4969
5017
4597
4956
4960
5796
5798
4598
4951
4959
4963
4599
4944
4950
4964
4600
4604
4601
4942
4944
4946
5840
4602
4621
4603
4622
4934
4942
4604
4942
4964
4966
4606
4927
4970
4928
4932
4971
4608
4612
4875
4609
4611
4878
4888
4610
4889
4611
4615
4902
4612
4614
4879
4901
4613
4874
4614
4867
4873
4615
4866
4884
4904
4865
4903
4617
4619
5202
5843
4618
5842
4619
4621
5841
4620
5203
5848
4621
5205
5223
5849
4622
5840
5223
5837
5839
4624
4668
4702
4704
5131
4625
4667
4699
4705
4626
4660
4696
4698
4627
4657
4693
4695
4628
4638
4656
4692
4629
4637
4641
4643
4630
4634
4636
4631
4633
4643
4632
4644
4633
4645
4647
4634
4642
4648
4635
4641
4713
4636
4640
4712
4890
4637
4889
4638
4640
4902
4639
4695
4903
4640
4692
4694
4710
4906
4641
4711
4907
4642
4692
4718
4643
4645
4653
4655
4644
4656
4645
4646
4647
4651
4653
4687
4648
4650
4649
4653
4713
4650
4652
4714
4721
4651
4722
4652
4688
4743
4653
4689
4717
4742
4654
4718
4655
4687
4689
4691
4734
4656
4662
4692
4657
4658
4660
4662
4659
4663
4660
4664
4666
4661
4667
4662
4664
4698
4700
4735
4663
4693
4734
4664
4686
4665
4736
4666
4670
4700
4759
4667
4669
4668
4700
4669
4701
5123
4670
5122
4671
4701
4760
5127
4676
4785
4673
4678
4681
4683
4768
4674
4737
4675
4677
4678
4764
4676
4759
4677
4760
4784
4679
4765
4783
4679
4680
4767
4766
4780
4782
4681
4774
4780
5235
4682
4773
4802
4683
4772
4803
4684
4685
4740
4744
4768
4772
4686
4688
4737
4739
4687
4734
4736
4688
4689
4744
4690
4739
4741
4691
4717
4730
4732
4750
4692
4710
4718
4733
4693
4694
4698
4733
4695
4697
4709
4996
4696
4995
4697
4705
4863
4698
4706
4708
4862
4699
4756
4700
4702
4706
4757
4701
4758
4702
4761
5126
4703
4851
5136
4704
4706
4850
5079
5135
4705
5076
5132
4706
5075
4707
5080
4708
4757
4848
4850
5081
4709
4754
4756
4861
4710
4731
4733
5059
4711
4730
4917
4712
4716
4718
4908
4713
4715
4909
4714
4718
4715
4717
4720
4716
4727
4912
4717
4728
4730
4913
4718
4719
4720
4728
4742
4750
4839
4721
4725
4727
4722
4724
4742
4723
4743
4724
4746
4827
4725
4747
4828
4726
4839
5297
4727
4840
5047
5298
4728
5046
4729
4840
5356
4730
4750
4752
4841
5357
4731
4918
4732
4752
4754
5060
4733
4739
4751
4755
4734
4756
4735
4739
4736
4738
4756
4758
4737
4759
4738
4764
4768
4739
4755
4763
4769
4740
4741
4751
4769
4771
4742
4744
4748
4750
4743
4747
4744
4746
4745
4746
4748
4772
4825
4747
4826
4748
4833
4839
4749
4771
4834
4750
4837
4839
4841
4843
4751
4752
4843
4845
4753
4842
5372
4754
4845
4855
4857
4859
4755
4848
4860
4756
4845
4847
4757
4758
4847
4851
4759
4761
4763
4760
4764
4761
4765
5959
4762
4851
5958
4763
4765
4777
4852
5963
4764
4776
4847
4765
4767
4766
5964
4767
4777
4779
5979
4768
4774
4776
4769
4773
4770
4776
4845
4771
4773
4775
4844
5330
4772
4843
5327
4773
5328
4774
5329
4775
4779
5336
4776
4778
5337
5345
4777
4846
4778
4853
5978
4779
5338
5346
5983
4780
5339
5984
4781
5236
4782
4792
5984
5987
4783
4791
5979
4784
4790
5964
4785
4789
5959
4786
4788
5127
4787
5122
4788
5121
4789
5128
4790
5960
4791
5965
4792
5980
5985
5986
4794
4798
4808
4830
4795
4827
4796
4798
4826
4797
4803
4825
4798
4804
4806
4824
4807
4831
4812
4821
5243
5245
5241
5243
5430
5432
4802
4804
5234
5240
5334
4803
5235
5329
4804
5328
4805
5333
4806
5240
5242
5415
4807
4821
4823
4808
4811
5276
4810
5277
4810
4812
4814
4811
4818
5280
4812
4819
4821
5275
4813
4814
4819
5245
5247
4816
4818
4816
5248
5252
4817
5247
5255
4818
5256
5260
5284
4819
5281
4820
5260
5274
4821
5245
5261
5273
5438
4822
5242
4823
5273
5275
5291
5420
4824
5276
5290
5415
4825
4831
4835
5333
4826
4834
5328
4827
4831
4833
4828
4830
4829
4833
5297
4830
4832
5278
5296
4831
5277
4832
5276
4833
4835
5289
5295
4834
4838
4835
4837
5327
4836
5290
5332
4837
5293
5295
5303
5412
4838
5302
5326
4839
5295
5297
5301
4840
4841
5301
5359
4842
5302
5358
4843
4857
5325
5371
4844
5326
4845
4857
5345
5410
4846
4847
4853
4855
5345
4848
4852
4849
4855
5086
4850
4852
4854
5085
5969
4851
5084
5970
4852
5957
4853
5968
4854
5346
5977
4855
5347
5349
6000
4856
5350
4857
5345
5347
5406
5488
4858
5409
4859
5371
5404
5406
5408
4860
5350
5352
5372
4861
5060
5062
5086
4862
5059
5063
5081
4863
4996
4998
5080
4864
4993
4995
5075
4865
4869
4986
4866
4995
4867
4869
4925
4994
4868
4872
4869
4871
4983
4870
4987
4993
4871
4925
4929
4990
4992
4872
4928
4982
4873
4925
4927
4874
4882
4884
4875
4879
4881
4876
4878
4877
4881
5010
4878
4880
4894
5013
4879
4887
4880
4884
4886
4881
4883
4895
5014
4882
5009
4883
4927
5008
4884
4896
4926
5019
4885
4925
4886
4896
4904
4922
4924
4887
4895
4899
4901
4888
4892
4894
4889
4891
4901
4890
4902
4891
4907
4909
4892
4900
4910
4893
4899
5036
4894
4898
5025
5035
4895
5022
4896
4898
5021
4897
5002
5020
4898
4922
5003
5031
5055
4899
5026
5040
4900
4922
5041
4901
4905
4907
4915
4902
4904
4903
4907
4904
4906
4995
4905
4994
4906
4916
4922
4997
4907
4917
4996
4908
4909
4913
4915
4917
4910
4912
4911
4915
5036
4912
4914
5037
5045
4913
5046
4914
4918
5356
4915
4919
5042
5355
4916
5041
4917
4919
4921
5058
4918
5059
4919
5060
5357
4920
5061
5354
4921
5042
5054
5068
5363
4922
5041
5055
5057
4923
4924
4997
4999
5003
5057
4925
4992
4994
5002
4926
4927
4929
5002
5006
4928
5007
4929
4931
5098
4930
5001
5103
4931
4990
5094
5104
5777
4932
4980
4982
5097
4933
4972
4975
4978
4980
4935
4941
5837
4936
4938
4940
5836
4937
4967
4938
5114
5116
4939
5120
5835
4940
5114
5119
5832
5834
4941
4967
5791
5873
4942
4966
5792
5838
4943
5839
4944
4962
4964
5792
5866
4945
4959
5851
4946
4948
4950
4958
5846
4947
5841
4948
5842
4949
4953
5845
4950
4952
4951
4952
4956
4958
4953
4955
4954
4958
5854
4955
4957
5801
5857
4956
5800
4957
5799
4958
4960
5806
5858
4959
5853
4960
4962
5852
4961
5807
5863
4962
5796
5826
5828
5864
4963
5793
5865
4964
5794
5796
4965
4966
5790
5792
5794
4967
5114
5790
4969
4971
4973
5099
5795
4970
5100
5796
4971
5007
4972
5098
4973
4975
5097
4974
5106
5788
4975
5107
5111
5734
4976
5096
4978
5734
5736
5750
4978
5142
5157
5736
4979
4980
5153
5155
5157
5750
4981
5094
5096
4982
4984
4989
5153
4983
4990
4984
4987
4988
5146
4986
4988
5076
5148
4987
5075
4988
4990
5074
4989
5077
5147
4990
5092
5094
5154
4991
4992
5072
5074
5092
5777
4993
4999
5001
4994
4998
5074
4995
4997
4996
4997
5059
4998
5058
4999
5063
5073
5000
5064
5072
5001
5003
5065
5774
5776
5002
5769
5777
5003
5005
5004
5056
5005
5031
5772
5774
6274
5006
5020
5769
5771
5007
5019
5101
5103
5008
5098
5100
5009
5017
5019
5010
5014
5016
5011
5013
5012
5016
5800
5013
5015
5023
5803
5014
5022
5015
5019
5021
5016
5018
5028
5804
5017
5799
5018
5100
5798
5019
5029
5101
5809
5020
5021
5029
5031
5022
5026
5028
5023
5025
5024
5028
5812
5025
5027
5815
6218
5026
5034
5027
5031
5033
5028
5030
5816
6223
5029
5811
5030
5771
5810
5031
5772
5821
6224
5032
5033
5055
6224
6226
6274
5034
5040
6221
6223
5035
6218
6220
5036
5038
5040
5037
5041
5038
5042
5044
5039
5051
6220
5040
5042
5052
5054
6221
5041
5055
5042
5043
5044
5052
5355
5363
6235
5045
5049
5051
5046
5048
5355
5047
5356
5048
5359
5376
5049
5360
5377
5050
6235
6237
5051
6232
6234
6238
5052
6229
5053
6228
6234
5054
5363
5365
6227
6245
5055
5067
6226
5056
5057
5065
5067
6274
5058
5064
5068
5059
5061
5063
5060
5061
5372
5062
5068
5353
5063
5069
5087
5352
5064
5082
5065
5069
5071
5066
6275
6291
5067
5069
5366
6278
6290
5068
5365
6279
5069
5364
5070
5367
5071
5087
5089
6290
6296
5072
5082
5090
6291
5073
5091
5776
5074
5078
5080
5082
5075
5077
5076
5080
5077
5079
5174
5078
5092
5173
5079
5083
5091
5178
5080
5084
5179
5081
5082
5084
5086
5083
5087
5084
5088
5090
6303
5085
6304
5086
5088
5349
6309
5087
5350
5088
5351
5089
6300
6302
5090
6293
6295
6333
5091
6292
6328
5092
5189
5778
5093
5172
5094
5191
5767
5777
5778
5095
5155
5096
5104
5108
5755
5767
5097
5107
5750
5098
5104
5106
5099
5103
5100
5102
5106
6206
5101
5797
5102
5771
5824
5103
5105
5770
6205
5104
5769
5105
5768
5106
5108
5782
5786
5107
5787
5108
5110
5751
5109
5754
5781
5110
5786
6373
6581
6583
5111
5787
6201
6376
5112
5788
6198
6200
5113
5789
5831
6195
5114
5117
5790
5832
5115
5116
5117
5119
5717
5120
5712
5118
5720
6195
5119
5719
5832
6182
6194
5120
5718
6177
5713
6153
5122
5124
5128
5123
5127
5124
5126
5131
5125
5130
5126
5128
5137
5961
5127
5136
5958
5128
5959
5960
5130
5138
5140
5131
5133
5137
5132
5136
5133
5135
5174
5134
5140
5175
5135
5137
5139
5180
5971
5136
5179
5970
5137
5957
5138
5956
5139
5955
5140
5181
5974
5182
5142
5161
5200
5740
5158
5737
5144
5160
5167
5145
5159
5165
5146
5150
5152
5147
5153
5148
5150
5154
5173
5149
5174
5150
5166
5175
5151
5165
5176
5152
5154
5156
5164
5171
5153
5157
5159
5154
5155
5172
5156
5191
5755
5157
5163
5192
5756
5158
5749
5159
5161
5163
5748
5160
5164
5161
5168
5162
5199
5747
5163
5168
5196
5762
5953
5164
5195
5757
5165
5168
5170
5166
5167
5183
5182
5168
5184
5169
5170
5184
5196
5198
5171
5183
5187
5195
5172
5176
5188
5192
5173
5189
5191
5174
5176
5178
5175
5179
5176
5180
5182
5177
5183
5178
5180
5186
5188
6306
5179
5189
6303
5180
6304
5181
6305
5182
5186
6320
5183
5184
5186
5185
5186
5198
6322
5187
6321
5188
5194
5198
6326
5189
5193
6327
5190
6328
5191
5193
5778
6329
7484
5192
5766
5193
5195
5765
5194
6330
7483
5195
5197
7510
7518
5196
5764
5197
5763
5954
5198
7511
7519
7564
7520
5200
5746
5953
5741
5202
5204
5208
5885
5203
5884
5204
5205
5883
5206
5214
5890
5206
5224
5882
5207
5225
5891
5214
5216
6397
6421
5209
5214
6407
5210
5215
6406
5211
5213
6405
5212
6412
7057
5213
5218
6413
7058
5215
5217
6404
5215
6420
5216
6419
5217
6398
6422
5218
6401
6403
5219
6414
7061
6401
6463
7053
7055
5221
5229
5835
5875
6152
5222
5228
5836
5874
5223
5227
5837
5869
5224
5868
5225
5227
5881
5226
5910
6397
5227
5231
5911
6396
5228
5880
5229
5231
5879
5230
5932
6161
5231
5933
5952
6162
5232
5934
5952
6396
6467
6473
5428
5430
5444
5993
5235
5237
5239
5335
5236
5336
5237
5339
5987
5238
5340
5988
5239
5426
5428
5991
5240
5423
5429
5241
5416
5242
5421
5429
5439
5243
5420
5438
5244
5245
5432
5436
5438
5246
5247
5249
5261
5263
5436
5248
5260
5264
5249
5251
5250
5433
5251
5263
5267
5452
5252
5264
5266
5253
5255
5254
5266
5587
5255
5257
5265
5586
5256
5264
5257
5259
5544
5258
5545
5585
5259
5265
5269
5554
5594
5260
5262
5264
5553
5261
5285
5262
5272
5437
5263
5269
5271
5464
5264
5268
5451
5265
5266
5268
5595
5267
5596
5268
5455
5599
5269
5462
5628
5270
5463
5629
5271
5554
5556
5574
5648
5272
5553
5557
5571
5273
5285
5478
5506
5274
5475
5477
5275
5281
5285
5287
5276
5280
5288
5277
5289
5278
5280
5279
5289
5307
5280
5282
5288
5308
5281
5282
5284
5283
5287
5313
5284
5286
5316
5543
5285
5544
5286
5553
5287
5317
5478
5552
5288
5312
5477
5289
5291
5311
5290
5294
5291
5293
5414
5292
5419
5477
5293
5311
5321
5480
5482
5294
5304
5413
5295
5305
5307
5311
5296
5300
5297
5299
5307
5298
5299
5301
5376
5300
5306
5379
5301
5303
5305
5380
5302
5375
5303
5325
5374
5304
5324
5385
5305
5321
5323
5386
5306
5310
5387
5307
5309
5388
5308
5309
5311
5313
5310
5314
5391
5311
5319
5321
5392
5312
5313
5317
5319
5480
5314
5316
5315
5319
5528
5316
5318
5531
5541
5317
5542
5318
5479
5551
5319
5532
5538
5540
5320
5527
5321
5480
5524
5526
5538
5322
5397
5323
5398
5482
5516
5524
5324
5399
5413
5485
5325
5400
5412
5486
5326
5373
5409
5327
5410
5412
5328
5330
5332
5329
5333
5330
5334
5336
5331
5337
5410
5332
5334
5342
5411
5417
5333
5412
5414
5334
5415
5335
5416
5336
5340
5342
5423
5337
5339
5338
5342
5344
5339
5341
5490
6008
5340
6009
5341
5426
6014
5342
5425
5491
6013
5343
5424
5344
5411
5487
5491
5495
5345
5410
5488
5490
5346
5347
5490
5998
5348
5489
5999
5349
5406
6299
6315
6691
5350
6300
6310
5351
5406
5352
5405
6296
6300
5353
5367
5404
5354
5364
5370
5372
5355
5357
5361
5363
5356
5360
5357
5359
5358
5372
5359
5361
5371
5374
5360
5375
5361
5382
6235
5362
5370
5383
5363
5369
6235
6245
6677
5364
5365
5367
5369
5366
6280
6286
5367
6283
6287
6289
5368
6296
5369
5404
6287
6297
6681
5370
6286
6678
5371
5402
5404
5372
5373
5374
5400
5402
5408
5375
5383
5385
5376
5380
5382
5377
5379
5378
5382
6237
5379
5381
5389
6240
5380
5388
5381
5385
5387
5382
5384
5394
6241
5383
6236
5384
5402
6677
5385
5395
5401
6676
5386
5400
5387
5395
5397
5399
5388
5392
5394
5389
5391
5390
5394
6709
5391
5393
5529
6710
5392
5528
5393
5397
5527
5394
5396
5534
6713
5395
6714
5396
6715
7431
5397
5535
6716
7432
5398
5526
5399
5525
7432
7434
5400
7429
7431
5401
6694
5402
6683
6695
7431
5403
6678
5404
5408
6681
6689
6695
5405
5406
6297
6299
6689
5407
5408
5488
6689
6691
6693
5409
6694
5410
5486
5488
5411
5412
5484
5486
5413
5414
5482
5484
5415
5417
5419
5416
5420
5417
5421
5423
5418
5424
5484
5419
5421
5483
5499
5503
5420
5476
5482
5421
5475
5422
5474
5423
5427
5429
5473
5499
5424
5426
5425
5495
5499
5426
5496
5500
6028
5427
6029
5428
5472
5500
6034
5429
5443
5994
5430
5442
5431
5432
5442
5444
5448
5435
5439
5434
5436
5452
5435
5445
5453
5436
5440
5448
5450
5437
5451
5438
5440
5464
5506
5439
5475
5440
5442
5474
5441
5465
5507
5442
5448
5468
5470
5508
5443
5473
5444
5470
5472
6052
5447
6046
5446
5448
5456
5447
5457
6048
5448
5470
6050
6057
5449
5450
5456
5460
5468
6057
5451
5453
5461
5465
5452
5462
5464
5453
5455
5454
5456
5455
5459
5461
5621
5462
5620
5457
5459
5458
6057
7308
5459
6058
6098
7311
5460
6095
5461
5467
6058
6094
5462
5466
6073
5463
5627
5464
5466
5574
6071
5465
5571
5466
5468
5572
5467
5573
6072
5468
6059
6067
7344
5469
6062
5470
6057
6059
6061
7314
5471
6051
5472
5508
5510
6061
7330
5473
5501
7325
5474
5502
5508
5475
5503
5507
5476
5506
5477
5481
5503
5505
5478
5480
5479
5505
5557
5480
5538
5558
5564
5481
5482
5514
5524
5564
5483
5484
5498
5514
5516
5485
5495
5486
5494
5516
7429
5487
6694
5488
5492
5494
6693
5489
5490
5492
6020
6691
5491
6007
5492
5496
6018
5493
6019
6692
5494
5496
5518
6040
7427
5495
5517
7428
5496
5498
5497
6027
5498
5500
5512
5518
6038
5499
5513
5517
5500
5502
5501
6033
5502
5510
5512
7326
5503
5509
5513
5504
5514
5505
5507
5509
5565
5569
5506
5564
5570
5507
5571
5508
5572
5509
6062
5510
5566
6063
5511
6064
7329
5512
5566
7423
7638
7648
5513
5519
7635
5514
5520
5566
5515
5565
5516
5520
5522
5524
7658
5517
7434
5518
5520
7435
5519
6039
7426
5520
7423
7425
7634
5521
7657
5522
5566
7421
7423
7656
5523
5565
7420
7663
5524
5538
5562
5564
7662
5525
5526
7658
7660
7662
5527
5535
5537
5528
5532
5534
5529
5531
5530
5534
6752
5531
5533
6753
6765
5532
6766
5533
5537
6777
5534
5536
6762
6776
5535
6757
5536
6758
7660
5537
6761
6775
7661
5538
6778
7662
5539
5540
5558
5560
5562
6778
5541
5549
5551
6777
5542
5548
6766
5543
5547
5551
5544
5546
5552
5545
5553
5546
5554
5584
5547
5555
5583
5548
5550
5582
5549
5673
6767
5550
5560
5674
6780
5551
5555
5559
5581
5552
5558
5553
5555
5557
5554
5555
5649
5556
5650
5557
5559
5575
5651
5558
5570
5559
5563
5560
5578
5580
5561
5675
6779
5562
5578
7417
7419
7680
5563
7420
7675
5564
5568
5570
5578
5565
5566
5568
5567
5568
6063
7421
7648
7650
5569
5577
7420
5570
5572
5576
6063
5571
5575
5572
5574
5573
6062
5574
5576
6067
6069
5575
6070
5576
5578
7772
5577
6066
7771
5578
7419
7650
7770
5579
5580
7417
7770
7772
7812
5581
5651
5669
5675
5582
5650
5670
5674
5583
5671
5673
5584
5650
5654
5585
5649
5655
5586
5592
5594
5587
5591
5595
5588
5590
5596
5589
5597
5590
5602
5606
5591
5601
5607
5592
5632
5634
5593
5635
5655
5594
5630
5632
5640
5656
5595
5629
5649
5596
5628
5632
5597
5599
5601
5598
5602
5599
5603
5619
5600
5620
5628
5601
5603
5613
5625
5631
5602
5612
5632
5603
5605
5604
5618
5605
5613
5615
5617
5606
5610
5612
5607
5609
5608
5612
5634
5609
5611
5637
5692
5610
5693
5611
5615
5702
5612
5614
5638
5701
5613
5633
5614
5642
6079
5615
5643
5704
6084
5616
5703
5617
6082
6084
6114
5618
6079
6081
5619
5623
5625
5620
5622
5621
5625
5627
5622
5624
6073
6095
5623
6096
5624
6081
6101
5625
6074
6080
6100
5626
6079
5627
5631
6074
6076
6078
5628
6071
6073
5629
5631
5630
5648
6071
5631
5641
5647
6076
5632
5642
5633
5634
5638
5640
5642
5635
5637
5636
5640
5658
5637
5639
5661
5690
5638
5691
5639
5643
5700
5640
5644
5662
5699
5641
5657
5642
5644
5646
6077
5643
6078
5644
6085
7369
5645
6086
7370
5646
5662
5666
7389
7790
5647
5657
5665
7785
5648
5652
5656
7774
5649
5651
6070
5650
5656
5651
5653
5652
7772
5653
5665
5669
7773
5654
5656
5664
5670
5655
5659
5671
5656
5658
5657
5658
5662
5664
5659
5661
5660
5664
5680
5661
5663
5681
5688
5662
5689
5663
7390
5664
5666
5684
7391
5665
5685
5666
5668
7786
5667
7392
7789
5668
5684
7411
7413
7813
5669
5685
7414
7811
5670
5676
7812
5671
5677
5685
5672
5680
5673
5677
5679
7721
5674
7720
5675
5677
7733
5676
7417
7734
5677
7414
7416
7737
5678
7738
5679
5683
5685
7414
7739
5680
5682
7740
5681
5685
5682
5684
5687
5683
7743
8960
5684
7413
7744
8965
5685
5686
5687
7391
7411
8963
8965
5688
8960
8962
5689
7391
7395
5690
7390
7396
5691
5697
5699
5692
5696
5700
5693
5695
5701
5694
5702
5695
5707
6133
5696
5706
6134
5697
7373
7375
5698
7376
7396
5699
7371
7373
7381
7397
5700
7370
7390
5701
7369
7373
5702
5704
5706
5703
5707
5704
5708
6114
5705
6115
7369
5706
5708
6118
6140
7372
5707
6139
7373
5708
6132
6119
6131
5710
5721
6190
6383
6389
5711
5716
5724
5730
5715
5725
5729
5713
5715
5717
5714
5718
6154
5715
5723
5725
6155
5716
5717
5721
5723
5718
5720
5719
5723
6176
5720
5722
6183
6193
5721
6196
5722
6382
5723
6184
6190
6192
5724
6175
5725
5731
6174
6190
5726
6156
5727
5729
5731
6172
5728
5732
6150
6171
5729
5733
6149
5730
5731
5733
6389
5732
6173
6388
5733
6391
6393
6538
6390
6394
5735
5751
6198
5736
5738
5752
6197
5737
5749
5738
5740
5748
5739
5759
6381
5740
5742
5760
6384
5741
5747
5742
5744
5746
5743
6558
6565
5744
6559
6564
5745
5746
6564
6568
5747
6565
6567
5748
5760
5762
5749
5757
5759
5750
5752
5756
5751
5755
5752
5754
6376
5753
5759
6377
5754
5756
5758
6580
7481
5755
6581
7480
5756
5766
5757
5765
5758
5762
5764
5759
5761
7504
7508
5760
6574
5761
6565
6573
5762
6566
7505
7507
5763
6567
5764
7507
7511
7566
5765
7508
7510
5766
7481
7483
5767
7480
7484
5768
5779
5781
5769
5775
5777
5782
5770
5774
5771
5773
5782
6207
5772
5823
5773
5822
6273
5774
5783
6212
6276
5775
6275
5776
5779
5783
6346
5777
5778
6291
5779
6292
5780
6345
7484
5781
5783
6348
6584
7479
5782
6583
7480
5783
5785
5784
6347
5785
6212
6368
6370
6584
5786
6207
6371
6583
5787
6203
6205
5788
6202
6206
5789
5795
5829
5790
5794
5830
5791
5792
5830
5832
5872
5793
5871
5794
5828
5830
5920
5795
5796
5828
6206
5797
5798
5824
5826
6206
5799
5807
5809
5800
5804
5806
5801
5803
5802
5806
6607
5803
5805
5813
6610
5804
5812
5805
5809
5811
5806
5808
5818
6611
5807
6606
5808
5826
6605
5809
5819
5825
6616
5810
5824
5811
5819
5821
5823
5812
5816
5818
5813
5815
5814
5818
6619
5815
5817
6256
6622
5816
6217
5817
5821
6216
5818
5820
6257
6623
5819
6618
5820
6209
6617
5821
6210
6258
6628
5822
6215
5823
6210
6212
6214
5824
6207
6209
5825
6205
5826
6204
6209
6603
5827
6604
5828
6202
6204
6206
6853
5829
5919
5830
5926
6200
6202
5831
5921
5832
5924
6194
6200
5833
5834
5872
5876
5924
6182
5835
5873
5875
6177
5836
6153
5837
5873
5838
5839
5869
5871
5873
5840
5866
5868
5841
5849
5851
5842
5846
5848
5843
5845
5844
5848
5884
5845
5847
5855
5887
5846
5854
5847
5851
5853
5848
5850
5860
5888
5849
5883
5850
5868
5882
5851
5861
5867
5893
5852
5866
5853
5861
5863
5865
5854
5858
5860
5855
5857
5856
5860
5896
5857
5859
5899
6608
5858
6607
5859
5863
6606
5860
5862
5900
6613
5861
5895
5862
5894
5916
5863
5905
5917
6614
5864
6605
5865
5917
5919
6604
5866
5916
5920
5867
5871
5868
5870
5908
5916
5869
5881
5870
5874
5880
5871
5877
5913
5915
5872
5920
5873
5877
5921
5874
5875
5877
5879
5876
5932
6178
5877
5923
5931
6181
5878
5922
5879
5913
5931
5935
5945
5880
5932
5934
5881
5911
5913
5882
5908
5910
5883
5891
5893
5884
5888
5890
5885
5887
5886
5890
6407
5887
5889
5897
6408
5888
5896
5889
5893
5895
5890
5892
5902
6425
5891
6420
5892
5910
6421
5893
5903
5909
6424
5894
5908
5895
5903
5905
5907
5896
5900
5902
5897
5899
5898
5902
6427
5899
5901
6430
6920
5900
6919
5901
5905
6918
5902
5904
6431
6925
5903
6426
5904
5940
6435
5905
5941
6436
6926
5906
6917
5907
5917
5941
5943
6916
5908
5914
5916
5940
5909
5913
5910
5912
5940
6449
5911
6444
5912
5934
6445
5913
5935
5939
6448
5914
5915
5939
5943
5945
5916
5918
5920
5922
5917
5918
6855
5919
5927
5943
6854
5920
5926
6853
5921
5922
5924
5926
5923
5927
5945
5924
5928
5930
6504
5925
6505
5926
5928
6200
6510
6953
5927
6852
5928
5944
6951
5929
6509
6952
5930
5944
5947
6524
6959
5931
5937
5945
6503
5932
5936
6490
5933
6485
5934
5936
5951
6484
5935
6473
5936
5938
6474
5937
5950
6489
5938
5947
5949
6502
5939
5945
5946
7120
5940
5942
6453
5941
6450
5942
6455
6945
5943
5946
6454
6946
5944
6915
5945
5946
6950
5947
6949
7121
5948
6525
6960
5949
7121
7123
7208
8278
5950
7120
7124
7203
5951
6474
6476
7186
5952
6473
6477
6483
6468
6482
5954
6567
7564
7566
5956
5966
5974
5957
5961
5967
5971
5958
5968
5970
5959
5961
5963
5960
5964
5961
5965
5962
5963
5965
5967
5981
5964
5968
5978
5965
5979
5980
5967
5973
5975
5968
5972
5976
5969
5977
5970
5972
6000
6309
5971
6304
5972
5974
6305
5973
6001
6308
5974
6004
6319
6320
5976
5996
6004
5977
5981
5997
6001
5978
5998
6000
5979
5981
5983
5980
5984
5981
5985
5982
5983
5985
5997
6011
5984
5998
6008
5985
6009
6010
5987
5989
6010
5988
6009
5989
5991
6014
5990
6015
5991
5995
6030
5994
6029
5993
5995
6045
5994
6046
5995
6034
6052
6035
6053
5997
6003
6005
5998
6002
6006
5999
6007
6000
6002
6020
6315
6001
6310
6002
6004
6311
6003
6021
6316
6004
6024
6317
6318
6006
6016
6024
6007
6011
6017
6021
6008
6018
6020
6009
6011
6013
6010
6014
6011
6015
6012
6013
6015
6017
6031
6014
6018
6028
6015
6029
6030
6017
6023
6025
6018
6022
6026
6019
6027
6020
6022
6040
7540
6021
7535
6022
6024
7536
6023
6041
7541
6024
6044
7542
7543
6026
6036
6044
6027
6031
6037
6041
6028
6038
6040
6029
6031
6033
6030
6034
6031
6035
6032
6033
6035
6037
7327
6034
6038
7326
6035
7325
7324
6037
6043
7643
6038
6042
7636
6039
7635
6040
6042
7634
8058
6041
8053
6042
6044
8054
6043
7633
8059
6044
7632
8060
8061
6046
6049
6053
6050
6052
6048
6049
7309
6050
7308
6050
6054
6055
6051
6056
6052
6054
7314
7330
6053
7325
6054
7324
7315
7331
6056
7309
7315
7317
6057
7308
7312
7314
6058
6059
7312
7348
6060
7313
7343
6061
6065
6067
7338
7342
6062
6064
7333
6063
6067
6064
6066
6065
7334
7648
6066
7337
7649
7779
6067
7650
7778
6068
6069
7342
7344
7778
7782
6070
6072
7771
7775
6071
7772
7774
6072
6076
6073
6075
7344
6074
6094
6075
6089
6093
6076
6088
7345
7775
6077
7774
6078
6086
6088
7785
6079
6085
6089
6080
6084
6081
6083
6089
6105
6082
6104
6083
6109
6113
6084
6090
6108
6116
6085
6115
6086
6090
7368
6087
7790
7829
6088
6090
7362
7791
7830
6089
7361
7784
6090
6092
6091
7367
6092
6108
7362
7364
7366
6093
6105
7359
7361
6094
6100
7345
7347
6095
7344
7348
6096
6098
6100
6097
6101
6098
6102
7307
6099
7320
7348
6100
6102
6106
7321
7347
6101
6105
6102
6104
6103
7306
6104
6106
6110
7305
6105
6109
6106
6108
6107
7359
7616
6108
6110
6124
7364
7617
6109
6123
6110
6112
6111
7304
6112
6124
6126
7303
6113
6121
6123
6114
6116
6120
6115
6119
6116
6118
7368
6117
6123
7367
6118
6120
6122
6146
7834
6119
6145
7833
6120
6130
6121
6129
6122
6126
6128
6123
6125
7296
7835
6124
7366
6125
7365
7622
6126
7297
7623
7840
6127
7302
6128
7297
7299
7301
6129
7294
7296
6130
6146
6148
6131
6143
6145
6132
6140
6142
6133
6137
6139
6134
6136
6135
6139
7375
6136
6138
7378
9240
6137
9241
6138
6142
9250
6139
6141
7379
9249
6140
7374
6141
6145
7383
6142
6144
7384
9252
6143
9251
6144
6148
9272
6145
6147
7849
9273
6146
7844
6147
7296
7843
6148
7295
7850
9274
7294
9275
6150
6394
6393
6548
6550
6152
6154
6158
6160
6179
6153
6161
6178
6154
6177
6155
6176
6156
6158
6175
6157
6172
6174
6158
6166
6169
6187
6159
6186
6160
6164
6166
6493
6161
6163
6486
6162
6485
6163
6482
6484
6164
6481
6487
6165
6494
7167
6166
6167
6495
7166
6168
6496
6168
7226
7228
7246
6169
6535
6545
6170
6172
6536
6171
6537
6545
6547
6172
6538
6548
6173
6174
6536
6538
6540
6175
6187
6189
6176
6184
6186
6177
6179
6183
6178
6182
6179
6181
6485
6180
6186
6486
6181
6183
6185
6491
6507
6182
6490
6504
6183
6505
6184
6506
6185
6189
6513
6186
6188
6492
6514
6187
6493
6188
6496
6536
6189
6497
6515
6541
6190
6516
6540
6191
6388
6192
6383
6385
6387
6516
6193
6380
6382
6513
6194
6196
6379
6506
6195
6199
6505
6196
6198
6197
6382
6198
6377
6379
6381
6199
6376
6200
6375
6379
6510
6201
6202
6373
6375
6953
6203
6852
6204
6371
6373
6851
6205
6208
6858
6206
6207
6208
6212
6209
6211
6371
6859
6210
6602
6211
6363
6601
6212
6364
6370
6864
6213
6214
6276
6364
6366
6368
6215
6271
6273
6363
6216
6224
6258
6270
6217
6223
6253
6257
6218
6254
6256
6219
6223
6220
6222
6230
6254
6221
6229
6222
6226
6228
6223
6225
6249
6253
6224
6225
6273
6226
6248
6270
6272
6227
6279
6228
6246
6248
6280
6229
6233
6249
6230
6232
6231
6249
6263
6232
6250
6264
6658
6233
6659
6234
6246
6250
6668
6235
6243
6245
6236
6237
6241
6243
6677
6238
6240
6239
6243
6659
6240
6242
6660
6708
6241
6709
6242
6676
6714
6243
6673
6675
6707
6244
6668
6245
6669
6675
6677
6679
6246
6286
6247
6285
6669
6248
6250
6358
6670
6734
6249
6269
6281
6250
6252
6251
6667
6252
6264
6266
6666
6734
6253
6261
6263
6269
6254
6260
6270
6255
6263
6256
6260
6262
6634
6257
6631
6258
6260
6630
6259
6363
6629
6260
6268
6270
6362
6640
6261
6635
6262
6266
6268
6642
6263
6265
6643
6264
6265
6657
6266
6646
6656
6267
6647
6665
6268
6596
6652
6734
6735
6269
6361
6641
6270
6360
6734
6271
6272
6360
6362
6366
6273
6277
6279
6281
6274
6276
6275
6279
6276
6278
6346
6277
6347
6278
6282
6350
6366
6279
6283
6351
6280
6281
6283
6285
6282
6358
6360
6283
6353
6357
6593
6284
6352
6285
6287
6357
6822
6830
6286
6358
6821
6287
6679
6288
6680
6289
6297
6341
6687
6830
6290
6294
6296
6352
6291
6293
6351
6292
6346
6293
6329
6345
6294
6332
6344
6295
6337
6341
6343
6296
6298
6300
6336
6297
6298
6688
6299
6341
6699
7532
6300
6314
6690
6301
6302
6310
6312
6314
6336
6303
6307
6309
6333
6304
6306
6328
6305
6309
6306
6308
6320
6307
6321
6327
6308
6312
6324
6334
6309
6311
6319
6310
6311
6315
6312
6316
6318
6313
6335
7526
6314
6316
7529
7531
7537
6315
7532
7534
6316
7535
6317
7536
6318
7529
7543
6319
7526
6320
6324
6321
6322
6324
6326
6323
7520
6324
7521
7527
6325
7526
6326
6334
7521
7523
7525
6327
7518
7520
6328
6330
6334
6329
6333
6330
6332
7485
6331
7488
7518
6332
6334
6338
7489
7523
6333
6337
7490
6334
6336
6335
6336
6338
7525
7531
6337
7532
6338
6340
7594
6339
7524
7593
6340
7531
7551
7559
7600
6341
7532
7552
7599
6342
6700
6343
6355
6830
6833
7599
6344
6352
6354
7594
6345
6349
6351
7490
6346
6348
7485
6347
6351
6348
6350
6368
6349
6587
7486
6350
6354
6588
7491
6351
6353
6367
6352
6353
6830
6354
6356
6840
6355
6841
7595
6356
6832
7473
7598
6357
6830
6831
6839
6358
6594
6823
6359
6820
6360
6594
6596
6734
6819
6361
6593
6362
6592
6596
6598
6363
6365
6599
6364
6600
6365
6369
6865
6366
6590
6592
6870
6367
6593
6368
6588
6590
6840
6369
6587
6370
6586
6590
6848
6371
6585
6849
6372
6850
6373
6583
6585
6973
7498
6374
6954
6375
6579
6581
7498
7965
6376
6378
7960
6377
6581
6378
6574
6580
6379
6575
6579
7959
6380
6511
6381
6385
6512
6575
6382
6384
6574
6383
6384
6557
6385
6558
6573
6386
6517
6576
6387
6558
6560
7258
7577
6388
6555
6557
7255
6389
6391
6540
6390
6557
6391
6395
6556
6392
6539
6555
6393
6395
6552
6554
7282
6394
6551
7277
6395
6563
6397
6399
6445
6398
6444
6399
6401
6443
6400
6446
6467
6401
6461
6463
6466
6402
6403
6441
6443
6461
7053
6404
6414
6422
6440
6405
6413
6417
6419
6406
6410
6412
6407
6409
6419
6408
6420
6409
6425
6427
6410
6418
6428
6411
6417
7035
6412
6416
7036
7067
6413
7064
6414
6416
7063
6415
7053
7062
6416
6440
7048
7052
7073
6417
7047
7068
6418
6440
7034
6419
6423
6425
6433
6420
6422
6421
6425
6422
6424
6444
6423
6443
6424
6434
6440
6442
6425
6435
6449
6426
6427
6431
6433
6435
6428
6430
6429
6433
7035
6430
6432
7022
7038
6431
7021
6432
6436
7020
6433
6437
7027
7033
6434
7034
6435
6437
6439
6451
6436
6450
6437
6455
7019
6438
6456
7028
6439
7031
7033
7049
8298
6440
7034
7048
8299
6441
6442
6460
7052
8299
6443
6447
6449
6451
6444
6446
6445
6449
6446
6448
6473
6447
6461
6472
6448
6452
6460
6475
6449
6453
6474
6450
6451
6453
6455
6452
6456
8299
6453
6457
6459
7119
6454
7120
6455
6457
7121
8280
6456
8281
6457
8282
8298
6458
7122
8283
6459
7129
7131
8296
8298
6460
7118
7128
8299
6461
7111
7117
6462
6471
6463
7053
7107
7111
7113
6465
7100
6465
6469
7104
7114
7173
6466
7101
7113
6467
6469
6471
6468
6472
6469
6477
6479
6470
7172
6471
6477
7114
7116
7179
6472
7113
7117
6473
6475
6477
6474
6475
7120
6476
7117
7119
6477
7116
7124
7185
6478
6479
6483
7179
7185
7189
6480
6482
7172
6481
7168
7171
7189
6482
7167
7188
6483
6484
7186
7188
6485
6487
6489
6486
6490
6487
6491
6493
6488
6494
7188
6489
6491
6499
6501
7187
6490
6502
7186
6491
6503
6492
6522
6493
6497
6499
6521
6494
6496
6495
6499
7195
6496
6498
7196
7246
6497
6535
6498
6530
6534
6499
6529
7199
7249
6500
7200
6501
6521
6527
6529
7201
6502
6522
6526
7202
6503
6525
7203
6504
6522
6524
6505
6507
6509
6506
6510
6507
6511
6513
6508
6514
6522
6509
6511
6519
6523
7962
6510
6524
7961
6511
7960
6512
7959
6513
6517
6519
7958
6514
6516
6515
6519
6521
6516
6518
6530
7254
6517
7255
6518
7258
7957
6519
6531
7259
7970
6520
7969
6521
6523
6527
6531
10729
6522
6530
6523
6524
6526
8264
6525
8261
6526
7208
8262
6527
7209
8263
6528
7210
10730
6529
6531
7215
7263
10731
6530
7214
7250
6531
6533
6532
10732
6533
7259
7261
7263
10785
6534
7250
7252
7254
6535
6541
6543
7249
6536
6544
7246
6537
6541
6538
6542
6544
7276
6539
7277
6540
6542
7256
7282
6541
7255
6542
7254
6543
7253
7281
6544
7248
7252
8663
6545
7247
7275
7228
7230
6547
6549
7231
7233
7279
6548
7230
7276
6549
7277
6550
7232
7278
6551
6552
7278
6553
7283
6554
7284
7292
6555
6561
6563
7285
6556
6560
7256
6557
6559
6563
6558
6559
6572
6560
6562
6571
6561
7257
7578
6562
7290
7292
7581
6563
7582
6565
6569
6571
6566
6572
6567
6569
7567
7575
6568
7566
6569
7569
6570
7568
6571
7575
7579
7896
7950
6572
7578
7582
6573
7575
7577
6574
6576
7505
6575
7504
6576
6578
7958
6577
7577
7957
6578
7505
7576
7893
7972
6579
7502
7504
7967
6580
7497
7966
6581
7496
7504
6582
6583
7478
7480
7496
7498
6584
6585
6587
7478
6586
6974
7499
6587
6589
6979
7910
6588
7477
6589
6841
7476
6590
6842
6980
7911
6591
6847
6592
6840
6842
6844
6846
6593
6595
6871
6594
6840
6595
6839
8170
6596
6844
6876
8171
6597
6818
6598
6652
6874
6876
6878
6599
6641
6871
6873
6600
6640
6868
6870
6601
6629
6865
6867
6602
6628
6862
6864
6603
6617
6859
6861
6604
6616
6856
6858
6605
6853
6855
6606
6614
6616
6607
6611
6613
6608
6610
6609
6613
6919
6610
6612
6620
6922
6611
6619
6612
6616
6618
6613
6615
6625
6923
6614
6918
6615
6855
6917
6616
6626
6856
6928
6617
6618
6626
6628
6619
6623
6625
6620
6622
6621
6625
6931
6622
6624
6632
6934
6623
6631
6624
6628
6630
6625
6627
6637
6935
6626
6930
6627
6861
6929
6628
6638
6862
6940
6629
6630
6638
6640
6631
6635
6637
6632
6634
6633
6637
6991
6634
6636
6644
6992
6635
6643
6636
6640
6642
6637
6639
6649
6995
6638
6996
6639
6867
6997
6640
6650
6868
6998
6641
6642
6650
6652
6643
6647
6649
6644
6646
6645
6649
7003
6646
6648
6882
7004
6647
6655
6648
6652
6654
6649
6651
6881
7007
6650
7008
6651
6873
7009
6652
6874
6880
7010
6653
6654
6735
6878
6880
6888
6655
6665
6881
6885
6656
6882
6884
6657
6663
6665
6658
6662
6666
6659
6661
6667
6660
6668
6661
6673
6721
6662
6672
6722
6663
6740
6746
6664
6739
6884
6665
6736
6738
6746
6885
6666
6735
6667
6733
6746
6668
6670
6672
6669
6673
6670
6674
6821
6671
6733
6820
6672
6674
6728
6732
6825
6673
6727
6746
6674
6720
6675
6719
6826
6676
6684
6706
6677
6683
6715
6678
6679
6681
6683
6680
6684
6821
6681
6685
6687
6822
6682
6688
6683
6685
6695
7443
7444
6684
7445
6685
6705
6826
6686
6704
6827
6687
6701
6703
6828
7443
6688
6700
6829
6689
6699
7443
6690
6696
6691
6697
6699
7534
6692
7535
6693
6697
7427
7540
6694
6696
7428
6695
7429
6696
7430
6697
7437
7443
6698
7438
7539
6699
6701
7441
7443
7554
6700
7533
6701
6833
7552
6702
6834
7553
6703
7441
7452
7454
8070
6704
7442
7451
7455
6705
7444
7448
7456
6706
7445
7447
7457
6707
6715
6717
6719
6708
6712
6714
6720
6709
6711
6721
6710
6714
6711
6713
6752
6712
6724
6751
6713
6717
6725
6756
6714
6716
6757
6715
6716
7445
6717
6758
7446
6718
6759
7447
6719
6725
6729
6790
7462
6720
6728
7457
6721
6725
6727
6722
6724
6723
6727
6740
6724
6726
6741
6749
6725
6750
6726
6791
6727
6729
6744
6792
6728
6745
6729
6731
7458
6730
6793
7461
6731
6744
6812
6814
8182
6732
6737
6745
8183
6733
6736
6746
8184
6734
6735
6819
6736
6818
6737
6817
6888
6738
6814
6816
6889
6739
6743
6745
6890
6740
6742
6891
6741
6745
6742
6744
6748
6743
6894
8195
6744
6814
6895
8194
6745
6747
6746
6748
6792
6812
8194
8198
6749
8195
8197
6750
6792
6796
6751
6791
6797
6752
6754
6756
6753
6757
6754
6762
6764
6755
6771
6797
6756
6760
6762
6772
6798
6757
6759
6791
6758
6762
6759
6761
7667
6760
6790
7668
6761
6773
6789
7671
6762
6774
7672
6763
6764
6772
6774
6776
6784
6765
6769
6771
6766
6768
6776
6767
6777
6768
6780
7720
6769
6781
7719
6770
6784
7718
6771
6785
6803
7725
6772
6800
6773
6785
6799
6774
6786
6788
7700
6775
6783
7673
6776
6778
6782
7674
6777
6781
6778
6780
6779
7675
6780
6782
7680
7734
6781
7733
6782
6784
7732
6783
7679
7735
6784
6786
7702
7716
6785
7717
6786
6804
7726
6787
7701
7727
6788
6804
6808
8218
8983
6789
6799
6807
8213
6790
6794
6798
8156
6791
6793
8151
6792
6798
6793
6795
6794
6812
8152
6795
6807
6811
8155
6796
6798
6806
8198
6797
6801
8197
6798
6800
6799
6800
6804
6806
6801
6803
6802
6806
8200
6803
6805
8203
8986
6804
8985
6805
8984
6806
6808
8204
8991
6807
8199
6808
6810
8212
6809
8217
8992
6810
8204
8208
8995
9033
6811
8199
8207
8211
6812
8190
8192
8198
6813
8185
6814
8186
8192
8194
11380
6815
6900
6816
6901
8180
8182
8186
6817
6902
8179
8183
6818
6903
8172
8184
6819
6878
8171
6820
8170
8184
6821
6823
6825
6822
6826
6823
6827
6829
6824
6831
8170
6825
6827
6836
7459
8169
6826
7458
8184
6827
7457
6828
7456
6829
6834
6836
7455
6830
6831
6833
6832
6836
6838
6833
6835
7472
8032
6834
8031
6835
7454
8036
6836
7467
7471
8035
6837
7466
6838
7471
8167
8169
8173
6839
7472
8170
8174
6840
6844
7473
6841
6842
7473
7475
6843
7914
8250
6844
7473
7915
8175
8251
6845
8174
6846
6876
8245
8247
8251
6847
6871
8248
8250
6848
6870
6980
6982
6849
6865
6977
6979
6850
6864
6974
6976
6851
6859
6971
6973
6852
6858
6954
6956
6853
6951
6953
6854
6858
6855
6857
6915
6951
6856
6916
6857
6861
6943
6858
6860
6914
6956
6859
6860
6864
6861
6863
6913
6971
6862
6942
6863
6867
6941
6864
6866
6912
6976
6865
6866
6870
6867
6869
6911
6977
6868
8397
6869
6873
8396
6870
6872
6910
6982
6871
6872
6876
6873
6875
6909
8248
6874
8398
6875
6879
8532
6876
6906
6908
8247
6877
6878
6906
8171
8243
8245
6879
6903
6880
6904
6906
8533
6881
6887
8470
6882
6886
8469
6883
8464
6884
6886
6892
8465
6885
6891
6886
6888
6890
6887
6897
8474
6888
6898
6904
8473
6889
6903
6890
6898
6900
6902
6891
6895
6897
6892
6894
6893
6897
8476
6894
6896
8479
11365
6895
11366
6896
6900
11379
6897
6899
8480
11378
6898
8475
6899
8484
10676
6900
8485
10679
11381
6901
11380
6902
8241
10679
11403
6903
8242
10676
6904
8243
6905
8538
10676
6906
8243
8539
10677
10689
6907
8246
6908
8533
8535
8539
8541
6909
8528
8530
8532
6910
8398
8400
8527
6911
6983
8396
8401
6912
6984
6986
8397
6913
6941
6967
6969
6914
6942
6964
6970
6915
6943
6947
6957
6916
6946
6950
6917
6943
6945
6918
6926
6928
6919
6923
6925
6920
6922
6921
6925
7021
6922
6924
6932
7024
6923
6931
6924
6928
6930
6925
6927
6937
7025
6926
7020
6927
6945
7019
6928
6938
6944
7018
6929
6943
6930
6938
6940
6942
6931
6935
6937
6932
6934
6933
6937
8308
6934
6936
6990
8309
6935
6991
6936
6940
6996
6937
6939
6989
8318
6938
8317
6939
6965
7017
6940
6966
6988
7016
6941
6997
6942
6966
8397
6943
6965
6944
6945
6947
6965
8286
6946
8281
6947
6949
8280
6948
6964
8287
6949
6957
6961
6963
8288
6950
6960
8279
6951
6957
6959
6952
6956
6953
6955
6959
7961
6954
7960
6955
6973
7965
6956
6958
6972
7964
6957
6971
6958
6970
6959
6961
8258
8260
6960
8261
6961
8262
8278
6962
8267
8277
6963
8258
8268
8274
8276
6964
6968
6970
8349
6965
6967
8342
6966
8341
6967
6987
8346
6968
6986
8347
6969
6985
8274
8348
6970
6976
6984
8257
6971
8258
6972
6976
6973
6975
7977
8258
6974
7976
6975
6979
7981
6976
6978
7980
8257
6977
6978
6982
6984
6979
6981
8256
10708
6980
10709
6981
8250
10714
6982
8249
8255
10713
6983
8248
6984
8255
8402
8527
6985
8256
6986
8402
8404
8406
6987
8390
8401
6988
8389
8395
8397
6989
6997
6999
7015
6990
6994
6996
8375
6991
6993
8362
6992
6996
6993
6995
7003
6994
7002
8363
6995
6999
7001
8376
6996
6998
7008
6997
6998
8397
6999
7009
8396
7000
7014
8395
7001
7009
7011
7013
8399
7002
7006
7008
8377
7003
7005
8378
7004
7008
7005
7007
8464
7006
8381
8463
7007
7011
8382
8468
7008
7010
8469
7009
7010
8398
7011
8470
8532
7012
8471
8531
7013
8382
8419
8490
10635
7014
8377
8385
8414
7015
8376
8386
8394
7016
8375
8387
8389
7017
8318
8320
8346
7018
8317
8321
8341
7019
7025
7029
8286
7020
7028
8281
7021
7025
7027
7022
7024
7023
7027
7039
7024
7026
7042
8307
7025
8308
7026
8317
7027
7029
7043
8316
7028
7032
7029
7031
8282
7030
8285
8321
7031
7043
8302
8322
8328
7032
8297
8301
7033
7039
7043
7045
7034
7038
7046
7035
7047
7036
7038
7037
7047
7076
7038
7040
7046
7079
7039
7040
7042
7041
7045
10362
7042
7044
8305
10363
7043
8306
7044
8315
7045
8302
8304
10376
7046
8301
10371
7047
7049
7080
7048
7075
7049
7051
7074
7050
7085
8301
7051
7086
7129
8298
8300
7052
7087
7128
8299
7053
7088
7111
7054
7055
7062
7088
7090
7107
7061
7091
7100
7057
7059
7065
7093
7058
7064
7059
7061
7063
7060
7070
7094
7061
7071
7091
7097
7062
7063
7071
7073
7064
7068
7070
7065
7067
7066
7070
10314
7067
7069
7077
10315
7068
7076
7069
7073
7075
7070
7072
7082
10324
7071
10319
7072
7090
10320
7073
7083
7089
10323
7074
7088
7075
7083
7085
7087
7076
7080
7082
7077
7079
7078
7082
10326
7079
7081
10329
10361
7080
10362
7081
7085
10371
7082
7084
10330
10370
7083
10325
7084
10334
10396
7085
10335
10373
10395
7086
10372
7087
10393
10395
10399
7088
10396
10398
7089
7110
7090
7109
10396
10410
7091
7108
10405
7098
7099
7093
7095
7155
10313
7094
10314
7095
7097
10319
7096
7156
10318
7097
7145
7157
10321
7098
10320
7145
7147
10405
7100
7102
7108
7147
7101
7107
7102
7104
7106
7103
7139
7148
7104
7140
7144
8575
7105
8574
7106
7114
7136
7140
8573
7107
7113
7137
7139
7108
7110
7109
7139
10404
7110
7138
10397
10403
7111
7137
10398
7112
7128
7113
7115
7117
7127
7137
7114
7115
7180
7116
7126
7136
7183
7117
7125
7184
7118
7119
7125
7127
7131
7120
7122
7124
7121
7122
8279
7123
7131
8290
7124
7132
7207
8291
7125
7204
7126
7132
8563
7127
7133
7135
8564
7128
7130
10479
7129
10398
7130
8331
10399
7131
7133
8332
10480
7132
8295
7133
8294
8562
7134
8333
8569
7135
8570
10480
10482
10551
7136
8571
10479
10483
7137
7141
8572
7138
10479
7139
7141
10464
10478
7140
10463
7141
7143
8605
7142
8606
10483
7143
10464
10466
10484
11146
7144
10463
10467
11143
7148
7150
8621
7146
7162
10406
7147
7149
7161
10407
7148
10404
7149
10463
7150
10296
10462
7151
8620
10467
10296
10298
10468
12351
7153
10306
7154
7159
10305
7156
7158
10310
7156
10312
7157
10311
7158
7162
10340
7159
7163
10341
7160
10304
7163
7165
10303
7162
7164
10296
10446
7163
10445
7164
10444
7165
10297
10447
10300
10302
7167
7169
7196
7226
7168
7195
7169
7176
7194
7170
7197
7225
7176
7220
7222
8584
7172
7174
7176
7178
7173
7179
7174
7180
8574
7175
7181
8577
7176
7222
8578
8601
7177
7178
7192
7194
7220
8601
7179
7181
7189
7191
7180
7184
7181
7183
8573
7182
8601
8603
7183
7191
8565
8600
8608
7184
8564
8572
7185
7191
8563
7186
7190
7204
7187
7203
7188
7190
7200
7202
7189
7195
7190
7194
7191
7193
7205
7192
8566
7193
7219
8600
10761
7194
7198
7200
7212
7195
7197
7196
7200
7197
7199
7245
7198
7220
7268
7199
7213
7219
7267
7200
7214
7266
7201
7202
7210
7212
7214
7203
7205
7209
7204
7208
7205
7207
8563
7206
7212
8566
7207
7209
7211
8555
8567
7208
8554
8562
7209
8553
7210
8556
7211
7215
10765
7212
7216
10762
10764
7213
10761
7214
7216
7218
8673
7215
7265
7216
7264
10766
7217
8674
10767
7218
10762
10917
10919
10927
7219
10761
10920
10922
7220
8597
8599
7221
8585
7222
8586
8599
8601
8613
7223
8581
8582
8584
8586
8588
7225
7227
7241
7269
8583
7226
7268
8584
7227
7245
7228
7242
7244
7229
7247
7230
7238
7242
7274
7231
7275
7238
8661
8689
7233
8691
7234
8689
8690
7235
8692
7236
8689
8696
10802
7237
8697
8703
10801
7238
8689
8702
10800
7239
8660
7240
7242
8659
8702
7241
8592
8658
8701
7242
8590
8657
7243
7244
7272
7274
8657
8659
7245
7247
7269
7271
7246
7266
7268
7247
7249
7248
7274
7249
7251
7271
7273
7250
7266
7251
7263
7265
7252
7262
8665
8677
7253
7261
8664
7254
7256
7260
7286
7255
7259
7256
7258
7257
7285
7258
7260
7290
7955
7259
7956
7260
7993
7261
7289
7994
7262
8683
10786
7263
8676
8682
10787
7264
10784
7265
8674
8676
10783
7266
8673
8677
7267
7271
7268
7270
8597
8673
7269
8585
7270
8595
8657
7271
8596
8656
8672
7272
8677
7273
8656
8668
8678
7274
8663
8665
8667
7275
8660
7276
8661
8663
7277
7279
7281
7278
7282
7279
7283
8691
7280
8661
8690
7281
7283
7287
8662
8694
7282
7286
8663
7283
7285
7284
8695
7285
7287
7291
10819
7286
7290
7287
7289
8664
7288
8685
10818
7289
7291
8000
8684
10821
7290
7999
8683
7291
7954
7292
7953
10820
7952
7294
9275
9371
9373
9375
7295
7299
7296
7298
7851
9371
7297
7842
7298
7628
7841
7299
7629
7856
9372
7300
9373
7301
7629
7631
9938
7302
7626
7628
7303
7623
7625
7304
7620
7622
7305
7617
7619
7306
7614
7616
7307
7321
7323
7318
7320
7309
7311
7310
7311
7317
7319
7312
7320
7313
7317
7349
7314
7316
7338
7350
7315
7333
7316
7332
7317
7339
7351
7352
7319
7323
7320
7322
7352
7321
7349
7322
7354
7616
7323
7353
7615
7614
7325
7327
7331
7326
7330
7327
7329
7635
7328
7636
7329
7331
7335
7637
7330
7334
7638
7331
7333
7332
7333
7335
7339
7334
7338
7335
7337
7647
7336
7646
7337
7339
7867
7875
7338
7868
7876
7339
7341
7340
7341
7351
7867
7871
7342
7350
7868
7870
7343
7779
7781
7344
7346
7348
7350
7345
7346
7361
7782
7347
7355
7360
7781
7348
7354
7359
7349
7350
7352
7354
7351
7355
7352
7356
7353
7354
7356
7357
7355
7358
7356
7863
7870
7864
7871
7358
7615
7864
7866
7359
7616
7861
7863
7360
7364
7361
7363
7796
7863
7362
7783
7363
7792
7837
7364
7797
7838
7862
7365
7861
7366
7838
7840
7860
7367
7835
7837
7368
7830
7834
7369
7829
7833
7370
7372
7371
7389
7829
7372
7382
7388
7832
7373
7383
7833
7374
7375
7379
7381
7383
7376
7378
7377
7381
7399
7378
7380
7402
9238
7379
9239
7380
7384
9248
7381
7385
7403
9247
7382
7398
7383
7385
7387
7845
7384
7844
7385
7849
9281
7386
7848
9282
7387
7403
7407
9199
9301
7388
7398
7406
9194
7389
7393
7397
9183
7390
7392
7828
7391
7397
7392
7394
7393
7411
7827
7394
7406
7410
9182
7395
7397
7405
8963
7396
7400
8962
7397
7399
7398
7399
7403
7405
7400
7402
7401
7405
9228
7402
7404
9229
9236
7403
9237
7404
9302
7405
7407
9232
9303
7406
9233
7407
7409
9195
7408
9198
9304
7409
9232
9323
9325
9343
7410
9225
9233
9328
7411
8963
9222
9224
7412
7826
7413
7825
8965
8969
9224
7414
7749
7814
7415
7748
7416
7763
7767
7811
7814
7417
7762
7768
7812
7418
7757
7419
7758
7768
7770
7804
7420
7651
7681
7421
7676
7422
7651
7655
7423
7648
7652
7654
7878
7424
7639
7425
7654
7656
7688
8089
7426
7657
7687
8084
7427
7435
7439
8058
7428
7438
8053
7429
7435
7437
7430
7434
7431
7433
7437
7444
7432
7445
7433
7446
7660
7434
7436
7449
7659
7435
7658
7436
7657
7437
7439
7450
7686
7438
7442
7439
7441
8052
7440
7687
8057
7441
7450
7452
7690
8068
7442
8051
7443
7444
7450
7445
7449
7446
7447
7449
7667
7448
7462
7668
7449
7451
7463
7669
7450
7666
7451
7691
7452
7464
7692
7453
7693
8069
7454
7464
7468
8148
8834
7455
7467
8829
7456
7464
7466
7457
7459
7463
7458
7462
7459
7461
8183
7460
7466
8168
7461
7463
7465
8153
8181
7462
8152
8182
7463
8151
7464
8150
7465
8149
7466
7468
8160
8166
7467
8167
7468
7470
8828
7469
8161
8833
7470
8164
8166
8232
8846
7471
8167
8177
8827
7472
8176
8816
7473
8175
8811
7474
7475
7598
7915
7917
8811
7476
7595
7914
7918
7477
7491
7493
7911
7478
7486
7494
7910
7479
7495
7499
7480
7482
7484
7486
7481
7482
7496
7508
7483
7487
7495
7509
7484
7488
7510
7485
7486
7488
7490
7487
7491
7488
7492
7494
7516
7489
7517
7490
7492
7589
7593
7491
7594
7492
7595
7493
7588
7596
7494
7912
7918
7920
7495
7515
7909
7496
7500
7514
7497
7503
7498
7500
7502
7975
7499
7976
7500
7910
7981
7501
7909
7982
7502
7514
7892
7908
7983
7503
7893
7974
7504
7506
7508
7514
7505
7506
7575
7507
7513
7574
7893
7508
7512
7567
7509
7510
7512
7514
7516
7511
7517
7512
7565
7585
7513
7572
7586
7514
7573
7890
7892
7515
7516
7890
7908
7920
7517
7586
7588
7518
7585
7589
7519
7523
7520
7522
7585
7611
7521
7522
7562
7523
7561
7590
7610
7524
7589
7525
7559
7561
7592
7526
7530
7562
7527
7529
7528
7562
7529
7545
7563
7530
7544
7531
7549
7559
7563
7532
7550
7533
7534
7550
7552
7554
7535
7537
7539
7536
7540
7537
7541
7543
7538
7544
7550
7539
7541
7547
7555
8055
7540
7554
8052
7541
8053
7542
8054
7543
7547
8061
7544
7545
7547
7549
7546
8046
7547
8047
8063
7548
8062
7549
7555
7557
8047
8049
7550
7558
8046
7551
7555
7552
7556
7558
8030
7553
8031
7554
7556
8036
8070
7555
8051
7556
8050
7557
8037
8071
7558
8038
8044
8074
7559
8029
8045
7560
7601
7561
7563
7606
7613
8045
7562
7591
7612
7563
8046
7565
7611
7566
7570
7572
7584
7567
7569
7568
7572
7574
7569
7571
7896
7570
7571
7583
7572
7885
7897
7573
7886
7574
7889
7897
7899
7575
7894
7896
7576
7577
7579
7894
7991
7578
7956
7579
7581
7955
7580
7895
7996
7581
7948
7950
7951
7997
7582
7952
7954
7950
7584
7883
7885
7585
7609
7611
7886
7586
7590
7587
7886
7890
7588
7590
7604
7887
7921
7589
7603
7920
7590
7592
7591
7609
7592
7604
7606
7608
7593
7601
7603
7594
7596
7600
7595
7599
7596
7598
7597
7603
7918
7598
7600
7602
7917
8033
7599
8032
7600
8031
7601
8030
7602
7606
8029
7603
7605
7926
8040
7604
7919
7605
7922
7932
7606
7927
7937
8041
7607
8028
7608
7613
7935
7937
8027
7609
7612
7932
7934
7610
7883
7887
7611
7612
7613
8078
7615
7619
7616
7618
7617
7618
7622
7861
7619
7621
7866
7620
7621
7625
7622
7624
9168
7623
7860
7624
7628
7859
7625
7627
9167
7626
7627
7631
7628
7630
9174
7629
7858
7630
7857
9937
7631
9173
9940
9939
7633
7641
7643
8082
7634
7636
7640
8083
7635
7639
8084
7636
7638
7637
7643
7638
7640
7642
7646
7639
7647
7640
7878
8089
7641
7879
8090
7642
7882
8091
7643
7645
7645
7875
7881
8110
7646
7882
7647
7875
7879
7648
7876
7878
7649
7650
7652
7802
7876
7651
7803
7652
7682
7804
7653
7805
7877
7654
7682
7710
8103
8934
7655
7709
8098
7656
7676
7682
7684
7657
7663
7685
7658
7686
7659
7663
7660
7664
7666
7686
7661
7667
7662
7664
7672
7674
7663
7675
7664
7676
7665
7677
7685
7666
7670
7672
7696
7698
7667
7669
7691
7668
7672
7669
7671
8151
7670
7692
8150
7671
7695
7699
8157
7672
7700
8156
7673
7674
7698
7700
7702
7675
7677
7679
7676
7680
7677
7681
7678
7684
7698
7679
7681
7683
7703
7759
7680
7702
7756
7681
7757
7682
7758
7683
8933
7684
7710
7712
8932
7685
7697
7709
7686
7688
7696
7687
7691
7688
7690
8085
7689
7709
8088
7690
7694
7696
7708
8128
7691
7693
8123
7692
7696
7693
7695
8149
7694
8124
8148
7695
7707
8127
8147
7696
7706
8158
7697
7698
7706
7708
7712
7699
7703
7700
7704
7706
8214
7701
8213
7702
7704
8218
8944
7703
7715
7704
7712
7714
7705
8219
8943
7706
7712
8144
8220
9698
7707
8221
7708
8140
8144
8146
7709
7711
8139
7710
8099
7711
8102
8931
7712
8144
8928
8930
7713
7714
8930
8932
8940
9698
7715
7759
8941
8943
7716
7754
7756
8944
7717
7727
7735
7753
7718
7726
7730
7732
7719
7723
7725
7720
7722
7732
7721
7733
7722
7738
7740
7723
7731
7741
7724
7730
8950
7725
7729
8949
8988
7726
8985
7727
7729
8984
7728
8944
8983
7729
7753
8945
8947
8982
7730
8948
8989
7731
7753
8955
7732
7736
7738
7746
7733
7735
7734
7738
7735
7737
7757
7736
7756
7737
7747
7753
7755
7738
7748
7762
7739
7740
7744
7746
7748
7741
7743
7742
7746
8950
7743
7745
8951
8958
7744
8959
7745
7749
8966
7746
7750
8954
8967
7747
8955
7748
7750
7752
7764
7749
7763
7750
8969
9654
7751
8968
9653
7752
8954
8979
9670
9672
7753
8947
8955
9673
7754
7755
8941
8945
9673
7756
7760
7762
7764
7757
7759
7758
7762
7759
7761
8933
7760
8932
7761
7765
8937
8941
7762
7766
7768
8936
7763
7764
7766
9654
7765
9653
9673
7766
9648
9652
9674
7767
9647
9655
7768
7810
7815
7819
7769
7807
7770
7776
7808
7810
7812
7771
7803
7772
7776
7778
7773
7774
7776
7786
7812
7775
7785
7776
7782
7784
7777
7787
7778
7780
7782
7794
7808
7779
7803
7780
7802
7868
7781
7795
7801
7869
7782
7796
7870
7783
7784
7792
7794
7796
7785
7787
7791
7786
7790
7787
7789
7811
7788
7794
7810
7789
7791
7793
7816
9180
7790
7813
7827
7791
7828
7792
9179
7793
7797
9178
7794
7798
7817
9187
7795
7809
7796
7798
7800
9146
7797
9147
7798
9152
9177
7799
9151
9188
7800
7817
7821
9156
9218
7801
7809
7820
9145
7802
7806
7808
8115
7803
7805
8114
7804
7808
7805
7807
8933
7806
8113
8934
7807
7820
8116
8935
7808
7819
8936
7809
7810
7817
7819
7811
7816
7812
7813
7814
7816
7826
7815
7825
9654
7816
7818
7824
9655
7817
9220
7818
9219
7819
7821
7823
9656
7820
9647
7821
9158
9646
7822
9157
9645
7823
9218
9335
9644
9908
7824
9219
9332
9657
7825
9220
9331
9658
7826
9223
9659
7827
9220
9222
7828
9180
9182
7829
9179
9183
7830
7832
7831
7837
9179
7832
7834
7836
7846
9184
7833
7845
9183
7834
7844
7835
7843
7836
7840
7842
7837
7839
7853
9185
7838
9178
7839
9164
9177
7840
7854
9165
9190
7841
7859
7842
7854
7856
7858
7843
7851
7853
7844
7846
7850
7845
7849
7846
7848
9194
7847
7853
9193
7848
7850
7852
9200
9348
7849
9199
9347
7850
9280
7851
9349
7852
7856
9370
7853
7855
9201
9381
7854
9192
7855
9170
9191
7856
9171
9206
9380
7857
9379
7858
9171
9173
9936
7859
9170
9174
7860
9165
9167
7861
9164
9168
7862
7866
7863
7865
9152
9164
7864
9147
7865
9148
7866
9153
9163
9168
7868
7872
7874
7869
8114
7870
7872
8115
9146
7871
9147
7872
9148
7873
9149
7874
8115
8117
8119
9144
7875
8110
8112
8114
7876
7880
7877
8114
7878
7880
8103
8113
7879
8098
7880
7882
8097
7881
8104
8112
7882
8105
8111
8096
7884
7934
7885
7887
7903
7933
7886
7902
7887
7889
7888
7932
7889
7903
7905
7921
7931
7890
7900
7902
7891
7921
7892
7900
7906
7908
10720
7893
7899
7988
7894
7973
7895
7899
7990
7896
7898
7948
8005
7897
7949
7898
7902
8019
7899
7901
7947
8010
7900
7989
7901
7905
10992
7902
7904
7946
10995
7903
8020
7904
7940
8021
7905
7941
7945
10996
7906
7930
10991
7907
7921
7923
10721
7908
7912
7920
7924
10716
7909
10717
7910
7912
10710
7911
10709
7912
7914
10714
7913
10715
7914
7916
7918
7924
10863
7915
10862
7916
8812
10865
7917
7925
8813
10864
7918
7926
8810
7919
7920
7922
7924
7926
7921
7922
7923
7927
7931
7924
7928
7930
10983
7925
10982
7926
7928
8820
10987
7927
8809
7928
7938
8808
7929
8821
10988
7930
7938
7942
8878
10989
7931
7941
10990
7932
7938
7940
7933
7937
7934
7936
7940
7935
7936
8026
7937
7939
8861
7938
8860
7939
8807
7940
7942
8804
8806
7941
8025
7942
7944
11015
7943
8877
11020
7944
8804
11021
11027
11940
7945
8024
8025
11014
7946
8021
8023
11013
7947
8020
8022
11008
7948
8011
8017
8019
7949
8004
8018
7950
8019
7952
8002
8018
7953
7954
8000
8002
11062
7955
7997
7999
7956
7994
7996
7957
7991
7993
7958
7970
7972
7959
7967
7969
7960
7962
7966
7961
7965
7962
7964
8261
7963
7969
8264
7964
7966
7968
7978
8265
7965
7977
8260
7966
7976
7967
7975
7968
7972
7974
7969
7971
7985
10728
7970
10729
7971
7993
10732
7972
7986
7992
10733
7973
7991
7974
7986
7988
7990
7975
7983
7985
7976
7978
7982
7977
7981
7978
7980
8259
7979
7985
8270
7980
7982
7984
8271
10711
7981
8272
10708
7982
10709
7983
10710
7984
7988
10717
7985
7987
10718
10726
7986
10727
7987
8007
10738
7988
8008
10719
10739
7989
10720
7990
8008
8010
10992
7991
8005
8007
7992
7996
7993
7995
8007
10790
7994
10785
7995
7999
10786
7996
7998
8006
10791
7997
8005
7998
8002
8004
7999
8001
8013
10792
8000
10793
8001
10826
11061
8002
8014
10827
11064
8003
11063
8004
8014
8016
8018
11073
8005
8011
8013
8006
8010
8007
8009
8013
10834
8008
10833
8009
10836
10993
8010
8012
10835
10994
8011
10995
8012
8016
11008
8013
8015
10840
11007
8014
10841
8015
10842
11074
8016
10845
11010
11077
8017
11009
11078
8018
8022
8020
8021
8025
8023
11009
8024
11012
11025
11027
8804
8027
8861
8863
8028
8078
8860
8864
8029
8041
8043
8045
8030
8038
8040
8031
8033
8037
8032
8036
8033
8035
8811
8034
8040
8810
8035
8037
8039
8817
8831
8036
8816
8828
8037
8829
8038
8830
8039
8043
8837
8040
8042
8818
8838
8041
8809
8042
8808
8860
8043
8823
8839
8859
8044
8840
8864
8045
8047
8075
8079
8046
8078
8047
8048
8049
8063
8075
8077
8050
8062
8066
8074
8051
8055
8067
8071
8052
8068
8070
8053
8055
8057
8054
8058
8055
8059
8061
8056
8062
8057
8059
8065
8067
8086
8058
8068
8085
8059
8084
8060
8083
8061
8065
8082
8062
8063
8065
8064
8065
8077
8094
8066
8093
8067
8073
8077
8121
8068
8072
8122
8069
8123
8070
8072
8124
8834
8071
8829
8072
8074
8830
8073
8125
8835
8074
8076
8132
8836
8075
8837
8076
8080
8840
8077
8081
8133
8841
8120
8079
8080
8864
8081
8865
8870
8920
8083
8091
8093
8084
8086
8090
8085
8089
8086
8088
8123
8087
8093
8122
8088
8090
8092
8100
8129
8089
8099
8128
8090
8098
8091
8097
8092
8096
8093
8095
8107
8130
8094
8121
8095
8120
8108
8135
8097
8105
8107
8098
8100
8104
8099
8103
8100
8102
8139
8101
8107
8138
8102
8104
8106
8927
9781
8103
8928
9778
8104
9779
8105
9780
8106
9805
8107
8109
8926
9804
8108
8137
8109
8136
9057
9806
8111
8119
8112
8118
9805
8113
8117
9780
8114
8116
9779
8115
8116
9145
8117
9158
9784
8118
9159
9783
8119
9162
9809
9143
8121
8133
8135
8122
8130
8132
8123
8125
8129
8124
8128
8125
8127
8891
8126
8132
8892
8127
8129
8131
8141
8897
8128
8140
8896
8129
8139
8130
8138
8131
8135
8137
8132
8134
8898
8924
8133
8899
8134
8902
8920
8135
8903
8921
8923
8136
8137
8923
9057
8138
8924
8926
8139
8141
8927
8140
8928
8141
8143
9043
8142
8924
9044
8143
8925
8927
9049
9797
8144
8928
9048
9798
8145
9699
8146
8220
8224
9048
9840
8147
8221
8223
9043
8148
8158
8162
8896
8149
8161
8891
8150
8158
8160
8151
8153
8157
8152
8156
8153
8155
8185
8154
8160
8188
8155
8157
8159
8189
8215
8156
8190
8212
8157
8213
8158
8214
8159
8221
8160
8162
8222
8228
8161
8165
8162
8164
8890
8163
8223
8895
8164
8228
8234
8910
9040
8165
8233
8889
8166
8188
8228
8230
8167
8181
8231
8168
8178
8169
8179
8181
8183
8170
8172
8184
8171
8172
8174
8173
8179
8243
8174
8176
8178
8244
8175
8245
8176
8812
10692
8177
8815
10693
8178
8232
8848
10694
8179
8231
10695
8180
8242
8181
8187
8231
8241
8182
8188
8183
8185
8184
8186
8188
8190
8187
8191
11403
8188
8230
8238
8240
8189
8190
8228
8238
9035
8191
8211
8192
8210
8238
11404
8193
8207
11383
8194
8196
8198
8206
11384
8195
11379
8196
11366
8197
8201
11367
8198
8200
8199
8200
8204
8206
8201
8203
8202
8206
11386
8203
8205
8998
11389
8204
8997
8205
8996
8206
8208
9003
11390
8207
11385
8208
8210
11394
8209
9004
11395
8210
9031
9033
9036
11600
8211
8237
11405
8212
9033
9035
8213
8215
8217
8214
8218
8215
8219
8221
8216
8222
9035
8217
8219
8225
9034
9683
8218
9033
9682
8219
9681
8220
9684
8221
8225
9697
8222
8223
8225
8227
8224
9040
9042
8225
9039
9047
9841
8226
9696
8227
9034
9037
9039
9695
8228
8236
9035
9040
8229
8230
8234
8236
8238
11564
8231
8233
11411
8232
10696
8233
8847
11413
8234
8888
11412
8235
8911
11565
8236
9038
9040
10195
11606
8237
9037
11603
8238
9035
9036
11602
8239
8240
11404
11408
11564
11602
8241
11403
11409
11411
8242
10678
10696
8243
10677
10695
8244
8245
10689
10693
10695
8246
10692
8247
8541
10689
10691
8248
8252
8528
8249
8527
8250
8252
8254
10861
8251
10862
8252
10692
10865
8253
10691
10866
8254
8528
8544
10702
10704
8255
8527
8545
10705
8256
8403
10706
8257
8404
10707
8258
8272
8274
8259
8260
8268
8270
8272
8261
8265
8267
8262
8264
8263
8267
8553
8264
8266
8556
10730
8265
10729
8266
8270
10728
8267
8269
8557
10735
8268
8552
8269
8273
8551
8270
10736
10742
10744
8271
10727
8272
10726
10742
10858
8273
10707
8274
8550
10742
10854
8275
8404
8276
8348
8352
8405
8550
8277
8349
8351
8551
8278
8288
8292
8552
8279
8291
8553
8280
8288
8290
8281
8283
8287
8282
8286
8283
8285
8297
8284
8290
8296
8285
8287
8289
8329
8343
8286
8328
8340
8287
8341
8288
8342
8289
8349
8290
8292
8336
8350
8291
8295
8292
8294
8554
8293
8351
8559
8294
8334
8336
8431
8560
8295
8333
8561
8296
8332
8336
8297
8329
8331
8298
8300
8328
8299
8301
8327
8331
10393
8302
10372
8303
8327
10377
8304
8322
8324
8326
10378
8305
8313
8315
10379
8306
8312
10380
8307
8311
8315
8308
8310
8316
8309
8317
8310
8318
8362
8311
8319
8361
8312
8314
8360
8313
8367
10383
8314
8324
8368
10384
8315
8319
8323
8359
8316
8322
8317
8319
8321
8318
8319
8375
8320
8374
8321
8323
8345
8387
8322
8340
8323
8339
8324
8356
8358
8325
8369
10389
8326
8356
8425
8427
10390
8327
8339
8428
10391
8328
8330
10392
8329
8339
8330
8336
8338
8331
8335
8428
10540
8332
10539
8333
8335
10550
8334
10551
10754
8335
8430
10556
10755
8336
8429
10555
8337
8338
8350
8354
8429
8431
8339
8343
8355
8428
8340
8356
8341
8343
8345
8342
8346
8343
8347
8349
8344
8350
8345
8347
8353
8355
8391
8346
8356
8388
8347
8389
8348
8390
8349
8353
8406
8350
8351
8353
8352
8431
10746
8353
8408
8432
10747
8354
8407
8355
8432
8434
8436
8356
8427
8437
8357
8358
8388
8423
8425
8437
8359
8369
8387
8422
8360
8368
8372
8374
8361
8365
8367
8362
8364
8374
8363
8375
8364
8376
8378
8365
8373
8379
8366
8372
8453
8367
8371
8452
10580
8368
10577
8369
8371
10576
8370
8425
10575
8371
8422
8424
8450
10586
8372
8451
10581
8373
8422
8458
8374
8376
8384
8386
8375
8387
8376
8377
8378
8382
8384
8379
8381
8380
8384
8453
8381
8383
8454
8461
8382
8462
8383
8491
8384
8419
8457
8492
8385
8458
8386
8415
8419
8421
8387
8393
8422
8388
8389
8391
8393
8390
8394
8391
8406
8412
8392
8407
8437
8393
8410
8412
8416
8438
8394
8415
8423
8395
8412
8414
8396
8399
8401
8397
8398
8399
8532
8400
8414
8531
8401
8413
8526
8530
8402
8412
8403
8411
8526
8404
8545
8547
10855
8405
10854
8406
8408
8547
8549
8407
8411
8408
8410
8436
8409
8443
10877
8410
8442
8547
10630
10876
8411
8441
8524
8412
8525
8547
8413
8414
8416
8525
10634
8415
10635
8416
8418
8517
8417
8518
8524
8418
8519
10632
10634
10638
8419
8516
10635
10637
8420
8493
8421
8457
8512
8514
8516
8422
8450
8458
8517
8423
8424
8438
8517
8425
8439
8449
10601
8426
10574
8427
8435
8437
8439
10573
8428
8434
10564
8429
10559
8430
8434
10558
8431
8433
10557
10887
8432
10886
8433
8443
10885
8434
8444
10570
10890
8435
10565
8436
8440
8444
10572
8437
8441
8443
8438
8439
8441
8518
8440
8448
10606
8441
8445
8447
10607
8442
8523
8443
8445
10629
10895
8444
10884
8445
10571
10891
8446
10612
10894
8447
10613
10627
10629
10897
8448
8521
8523
10614
8449
8518
8520
10615
8450
8515
8517
10600
8451
8514
10587
8452
8456
8458
10588
8453
8455
10589
8454
8458
8455
8457
8460
8456
10592
10654
8457
8514
10593
10653
8458
8459
8460
8492
8512
10653
10657
8461
10654
10656
8462
8492
8496
8463
8491
8497
8464
8466
8468
8465
8469
8466
8474
8476
8467
8477
8497
8468
8472
8474
8482
8498
8469
8471
8491
8470
8474
8471
8473
8533
8472
8490
8534
8473
8483
8489
8537
8474
8484
8538
8475
8476
8480
8482
8484
8477
8479
8478
8482
8500
8479
8481
8503
11371
8480
11364
8481
8485
11363
8482
8486
8504
11372
8483
8499
8484
8486
8488
10674
8485
10675
8486
10680
11362
8487
10681
11373
8488
8504
8508
11508
11520
8489
8499
8507
10673
8490
8494
8498
10641
8491
8493
10636
8492
8498
8493
8495
8494
8512
10637
8495
8507
8511
10642
8496
8498
8506
10657
8497
8501
10656
8498
8500
8499
8500
8504
8506
8501
8503
8502
8506
10659
8503
8505
10662
11523
8504
11522
8505
11521
8506
8508
10663
11528
8507
10658
8508
8510
10672
8509
11507
11529
8510
10663
10667
13126
13200
8511
10658
10666
10670
8512
10651
10657
10671
8513
10646
8514
10647
10651
10653
11307
8515
10598
8516
8520
10599
10647
8517
8519
10646
8518
8519
8523
8520
8522
10645
8521
10620
10648
8522
10621
10627
11341
8523
10628
10632
11342
8524
10629
8525
10630
10632
8526
8546
10633
8527
8529
8545
8528
8529
8541
8530
8542
8544
10633
8531
8535
10634
8532
8534
10635
8533
8534
8538
8535
8537
10636
8536
8542
10639
8537
8539
10640
10683
11351
8538
10641
10674
8539
10675
8540
10684
8541
10687
10689
10701
11351
8542
10702
8543
11344
11351
8544
10702
11345
11352
11426
8545
10872
11346
8546
10871
8547
10630
10874
11346
8548
8549
10855
10874
10876
10880
8550
10854
10877
10879
8551
10743
10747
8552
10744
10746
8553
8557
8559
8554
8556
8555
8559
8561
8556
8558
10752
10764
8557
10765
8558
10744
10770
8559
10745
10751
10769
8560
10746
8561
10751
10755
10886
8562
10752
10754
8563
8567
8569
8564
8566
8565
8569
8571
8566
8568
10760
11157
8567
10761
8568
10752
10762
8569
10753
10759
11158
8570
10754
8571
11158
11160
11178
8572
11155
11157
8573
8606
8608
8574
8603
8605
8575
8577
8576
8605
8621
8577
8579
8604
8622
8578
8603
8579
8581
8602
8580
8611
8623
8581
8612
8618
8627
8582
8613
8627
8629
8642
8584
8588
8590
8595
8585
8586
8595
8597
8587
8598
8642
8588
8595
8643
8649
8651
8589
8629
8590
8591
8630
8651
8592
8594
8592
8631
8652
8711
8593
8710
8594
8652
8654
8658
11111
8595
8651
8655
8657
8596
8597
8649
8655
10923
8598
10922
8599
8647
8649
10921
8600
8614
10920
8601
8609
10760
8602
8603
8609
8611
8613
8604
8608
8605
8607
8611
11144
8606
11143
8607
11146
11155
8608
8610
11145
11156
8609
11157
8610
8614
11170
8611
8615
11150
11169
8612
11151
8613
8615
8617
8641
8614
8642
8615
8647
11171
8616
8646
11172
8617
11150
12121
12123
12129
8618
8640
11139
11151
8623
8625
8637
8620
8622
8624
11141
12352
8621
11142
12351
8622
11143
8623
11144
8624
11151
8625
11140
12353
8626
8636
11139
12345
12347
12353
12367
8628
8637
8641
8629
8633
8638
8644
8630
8643
8631
8633
11127
8632
11130
12585
8633
10292
11129
12584
8634
11128
8638
10292
10294
11135
8636
8638
10294
11137
12521
8637
11138
12345
8638
8640
8639
8640
8644
11135
11137
12120
8641
11138
12121
8642
8644
8646
8643
8647
8644
8648
11127
8645
11128
8646
8648
11133
12110
12120
8647
12111
12121
8648
12112
8649
11126
12113
8650
10924
8651
8653
8655
10931
11126
8652
11127
8653
11112
11130
8654
10932
11115
11131
8655
8669
10933
11116
8656
10930
8657
8669
8671
8658
8659
8669
11045
8660
8668
11044
8661
8667
10800
8662
8688
8663
8667
8685
8687
8664
8665
8683
8685
8666
8678
8682
8667
8679
8685
10796
10798
8668
10799
8669
8679
11049
8670
11048
8671
8679
10933
10935
11051
8672
8678
10930
10936
8673
8675
8677
10923
8674
10922
8675
10927
10939
8676
10928
10936
10938
8677
8681
10943
8678
8679
8681
8680
11050
8681
10796
10935
10945
11055
8682
10936
10944
8683
10794
10796
8684
10793
8685
10796
10824
10826
8686
8687
10798
10816
10818
10824
8688
8694
10799
10803
8689
8690
10800
10802
8691
8692
8694
8695
8693
10802
8694
10803
10817
8695
10818
10819
8697
8699
10807
8698
8704
10806
8699
8705
8717
10811
10810
8701
8703
8707
8709
11046
8702
8710
11045
8703
11044
8704
11043
8705
8707
11085
8706
8718
11084
8707
8715
11028
11087
8708
11086
8709
8713
8715
12607
8710
8712
11110
8711
11111
8712
11112
12585
8713
11113
12586
8714
12587
12606
8715
12588
12609
12651
8716
12608
11028
12625
12649
12651
8718
11032
11028
11030
12627
8720
8722
9535
8721
8738
9538
8722
8724
8741
9539
8723
9534
8724
8768
9543
8742
8767
9544
8726
14827
14829
14842
14915
8727
14824
14826
14912
14803
14805
14883
8729
8731
8754
8730
8757
9078
8731
8733
8758
9085
8732
8753
8733
8735
8781
8734
9070
9088
8735
8758
9071
9073
9089
8736
8753
8761
8786
8737
8751
8762
8785
8744
8752
8784
8739
8741
9586
8740
8746
9587
8741
8743
8745
14053
8742
14050
8743
8766
14051
8744
8765
14052
8745
8762
8764
14075
8746
8750
8752
14074
8747
8749
14065
8748
8752
8749
8751
8754
8750
8755
14066
8751
8760
8762
14079
8752
8753
8754
8758
8760
8755
8757
8756
8760
14720
8757
8759
9076
14721
8758
9077
8759
9084
8760
9073
9075
14738
8761
14733
8762
8787
9073
14734
8763
14080
8764
8785
8787
8789
14081
8765
8784
8790
14082
8766
8775
14083
8767
8776
14084
8768
8770
9563
8769
9558
8770
8772
9561
8771
8776
9562
8772
8774
8777
14109
8773
14104
8774
8779
14105
8778
8803
14110
8776
8790
8792
14088
8777
14087
8778
8792
14112
8800
8802
14111
8780
8803
14138
9065
14172
8786
9068
9070
8783
8785
8789
8796
9111
8784
8790
8795
8785
8786
8787
9071
9111
8788
9072
14757
8789
9111
9113
9119
14758
8790
8797
14126
8791
14121
8792
8795
8797
8799
14120
8800
14117
8794
8796
8798
9115
9137
8795
8799
9132
8796
8797
9112
8798
9113
14127
8799
9114
9130
14132
8800
9131
14119
8801
14118
8802
9067
9131
14135
8803
9066
14136
9065
14137
8805
8806
11940
11942
8807
8861
8875
8877
8808
8858
8860
8878
8809
8821
8823
8810
8818
8820
8811
8813
8817
8812
8816
8813
8815
11417
8814
8820
11420
8815
8817
8819
8849
11421
8816
8848
11416
8817
8827
8818
8826
8819
8823
8825
8820
8822
8852
11440
8821
11435
8822
8878
11436
8823
8853
8879
11441
8824
8858
8825
8839
8853
8855
8857
8826
8838
8844
8852
8827
8831
8845
8849
8828
8846
8848
8829
8831
8833
8830
8834
8831
8835
8837
8832
8838
8833
8835
8843
8845
8893
8834
8846
8890
8835
8891
8836
8892
8837
8841
8843
8899
8838
8840
8839
8843
8840
8842
8866
8841
8865
8842
8870
8902
8843
8855
8871
8901
8844
8900
8845
8851
8855
8907
8846
8850
8908
8847
8889
8848
8850
8888
11414
8849
11415
8850
8852
11444
8851
8887
11449
8852
8854
8886
11450
8853
11443
8854
8880
11442
8855
8883
8885
11455
8856
8916
8857
8871
8873
8883
8917
8858
8866
8874
8880
8859
8875
8879
8860
8862
8864
8866
8861
8862
8863
8867
8875
8864
8868
8865
8866
8868
8870
8867
8871
8868
8872
8874
8869
8870
8872
9059
8871
8919
8872
8918
8873
9060
8874
8882
11948
11954
8875
8881
11947
8876
11942
8877
8879
8881
11463
11943
8878
11462
11940
8879
11459
8880
11458
8881
8883
11457
8882
11900
11946
8883
11901
11949
11953
8884
11456
8885
8917
11895
11953
11957
8886
8914
8916
11580
8887
8907
8913
11577
8888
8908
8912
11570
8889
8911
11569
8890
8908
8910
8891
8893
8895
8892
8896
8893
8897
8899
8894
8900
8908
8895
8897
8905
8909
9045
8896
8910
9042
8897
9043
8898
9044
8899
8903
8905
9051
8900
8902
8901
8905
8907
8902
8904
8916
8918
8903
8919
8904
9054
9063
8905
8915
9053
9062
8906
9052
8907
8909
8913
8915
10214
8908
8916
8909
8910
8912
10197
8911
9041
8912
10195
11574
8913
10196
11575
8914
10215
11576
8915
10216
11581
11957
8916
10213
11956
8917
8918
11954
11956
8919
9060
9062
8920
9059
9063
8921
8922
9063
8923
9058
11761
8924
9054
9056
8925
9051
8926
9050
9056
9802
8927
9057
9803
8928
9796
8929
8930
9776
9778
9796
9798
8931
8939
9699
8932
8934
8938
9778
8933
8937
8934
8936
8935
9779
8936
8938
9646
9784
8937
9647
8938
8940
9648
8939
9649
9777
8940
9700
9704
9776
8941
9701
9703
8942
9674
8943
8945
9675
9685
9701
8944
9684
9698
8945
9681
8946
9680
8947
9673
9675
9677
9679
8948
8979
8981
8949
8953
8955
9020
8950
8952
9011
8951
8955
8952
8954
8957
8953
8976
9012
8954
8977
8979
9021
8955
8956
8957
8967
8977
9666
9670
8958
8974
8976
8959
8967
8973
8960
8966
8972
8961
8965
8962
8964
8972
9227
8963
9228
8964
9233
8965
8971
9224
9226
8966
8967
8969
8971
8968
9665
8969
9660
9664
9670
8970
9659
8971
9224
9664
9726
9728
8972
9665
9729
8973
9730
8974
9665
9731
8975
9666
9752
8976
9667
9753
9869
8977
9866
8978
9667
9865
8979
9668
9670
9712
9864
8980
9677
8981
9021
9023
9678
9864
8982
9020
9024
9679
8983
8989
8993
9680
8984
8992
9681
8985
8989
8991
8986
8988
8987
8991
8997
8988
8990
9000
9010
8989
9011
8990
9020
8991
8993
9001
9019
8992
8996
8993
8995
9682
8994
9024
9687
8995
9001
9005
9025
9688
8996
9004
9032
8997
9001
9003
8998
9000
8999
9003
11546
9000
9002
9008
11547
9001
9009
9002
9018
9003
9005
9007
11640
9004
11635
9005
9031
11634
9006
9030
11641
9007
9025
9027
9029
11642
9008
9016
9018
11643
9009
9015
11644
9010
9014
9018
9011
9013
9019
9012
9020
9013
9021
9866
9014
9022
9867
9015
9017
10155
9016
10156
11647
9017
9027
10161
11648
9018
9022
9026
10154
9019
9025
9020
9022
9024
9021
9022
9865
9023
9872
9024
9026
9851
9873
9025
9850
9026
10142
9027
10143
10153
9028
10162
11653
9029
10143
10145
10181
11654
9030
10140
10142
11655
9031
9688
9692
11656
9032
9691
11633
9033
9682
9688
9690
9034
9035
9036
9690
9037
9691
11601
9038
9694
11608
9039
10136
10194
11607
9040
10135
10199
9041
9042
10195
10197
10199
9043
9045
9047
9044
9048
9045
9049
9051
9046
9052
10197
9047
9049
10198
10202
10210
9048
10199
10201
9049
9839
9050
9838
9051
9055
9837
10210
9052
9054
9053
10210
10214
9054
10211
10213
11760
9055
11761
9056
9836
10211
11766
9057
9058
9817
9816
10290
11766
9060
9064
9061
11954
9062
9064
11763
11955
9063
11760
11956
9064
11761
11762
9066
14177
9067
17546
9134
17547
9069
9098
9111
9070
9096
9097
9110
9071
9095
9072
9094
9110
9073
9093
9119
14762
9074
14737
9075
9089
9091
9093
14748
9076
9082
9084
14739
9077
9081
14740
9078
9080
9084
9079
9085
9080
9086
14794
9081
9083
14793
9082
14743
14792
9083
9091
14744
14800
9084
9086
9090
14801
9085
9089
9086
9088
9087
14802
9088
9090
9106
14806
9089
9095
9090
9094
9091
9107
14807
9092
14749
14808
9093
9107
9121
14768
14837
9094
9120
14763
9095
9107
9109
9096
9106
9101
9105
9109
9098
9100
9101
9117
9099
9112
9100
9115
9139
9102
9116
9142
9102
9104
9124
9103
9125
14941
9104
14894
14902
14940
9105
14893
14903
9106
9108
14886
9107
14839
9108
14838
9109
9121
14887
14893
9110
9120
9124
9111
9117
9119
9112
9113
9115
9117
9114
9118
17574
9115
9127
9129
17575
9116
9138
9117
9125
9127
14948
9118
9124
9119
9123
9127
17577
9120
14761
9121
9123
14766
9122
14767
14888
9123
14893
14895
14897
17593
9124
9126
17588
9125
14893
9126
14894
14949
9127
14895
14950
17589
9128
17576
9129
14946
14948
14950
17655
9130
9138
14945
17656
9131
9135
9137
14133
9132
9134
14134
9133
9137
9134
9136
9135
17556
9136
14945
17561
9137
14944
9138
9139
14944
14948
9140
9142
9141
14944
9142
14942
14947
14941
14948
9144
9154
9162
9145
9149
9155
9159
9146
9156
9158
9147
9149
9151
9148
9152
9149
9153
9150
9151
9153
9155
9212
9152
9156
9211
9153
9176
9175
9155
9161
9215
9156
9160
9216
9157
9217
9158
9160
9790
9908
9159
9785
9160
9162
9788
9161
9789
9909
9162
9815
9916
9810
9164
9166
9168
9175
9165
9176
9166
9170
9209
9167
9169
9214
9168
9174
9170
9172
9174
9923
9171
9208
9172
9207
9948
9173
9924
9949
9174
9935
9176
9212
9214
9177
9209
9211
9178
9188
9190
9179
9185
9187
9180
9184
9181
9187
9220
9182
9184
9186
9196
9221
9183
9195
9222
9184
9194
9185
9193
9186
9190
9192
9187
9189
9203
9333
9188
9219
9189
9211
9218
9190
9204
9210
9334
9191
9209
9192
9204
9206
9208
9193
9201
9203
9194
9196
9200
9195
9199
9196
9198
9328
9197
9203
9329
9198
9200
9202
9342
9972
9199
9343
9345
9200
9346
9201
9971
9202
9206
9970
9203
9205
9341
9979
9204
9338
9205
9339
9921
9206
9340
9926
9980
9207
9969
9208
9924
9926
9968
9209
9921
9923
9210
9214
9211
9213
9912
9921
9212
9217
9213
9216
9214
9913
9922
9923
9216
9914
9916
9217
9909
9913
9218
9908
9912
9219
9334
9220
9333
9221
9222
9329
9331
9333
9223
9328
9224
9327
9331
9726
9225
9226
9325
9327
9728
9227
9231
9233
9729
9228
9230
9730
9229
9233
9230
9232
9235
9231
9621
9733
9232
9325
9622
9734
9233
9234
9235
9303
9323
9618
9622
9236
9619
9621
9237
9303
9307
9238
9302
9308
9239
9245
9247
9240
9244
9248
9241
9243
9249
9242
9250
9243
9255
9259
9244
9254
9260
9245
9285
9287
9246
9288
9308
9247
9283
9285
9293
9309
9248
9282
9302
9249
9281
9285
9250
9252
9254
9251
9255
9252
9256
9272
9253
9273
9281
9254
9256
9266
9278
9284
9255
9265
9285
9256
9258
9257
9271
9258
9266
9268
9270
9259
9263
9265
9260
9262
9261
9265
9287
9262
9264
9290
9404
9263
9405
9264
9268
9422
9265
9267
9291
9403
9266
9286
9267
9295
9355
9268
9296
9360
9402
9269
9423
9270
9358
9360
9454
9271
9355
9357
9272
9276
9278
9273
9275
9274
9278
9280
9275
9277
9349
9371
9276
9277
9357
9375
9278
9350
9356
9376
9279
9355
9280
9284
9350
9352
9354
9281
9347
9349
9282
9284
9283
9301
9347
9284
9294
9300
9352
9285
9295
9286
9287
9291
9293
9295
9288
9290
9289
9293
9311
9290
9292
9314
9410
9291
9409
9292
9296
9414
9293
9297
9315
9413
9294
9310
9295
9297
9299
9353
9296
9354
9297
9361
9415
9298
9362
9416
9299
9315
9319
9602
9991
9300
9310
9318
9986
9301
9305
9309
9975
9302
9304
9346
9303
9309
9304
9306
9305
9323
9345
9306
9318
9322
9974
9307
9309
9317
9618
9308
9312
9619
9309
9311
9310
9311
9315
9317
9312
9314
9313
9317
9628
9314
9316
9605
9629
9315
9604
9316
9603
9317
9319
9610
9616
9318
9617
9319
9321
9987
9320
9611
9990
9321
9614
9616
9632
10077
9322
9617
9625
10078
9323
9618
9624
10079
9324
9344
9325
9622
9624
9636
14207
9326
9739
9327
9343
9636
9638
9740
9328
9330
9727
9329
9343
9330
9338
9342
9331
9337
9638
9744
9332
9725
9333
9335
9337
9724
9334
9338
9335
9339
9912
9336
9643
9911
9337
9339
9640
9642
9919
9338
9639
10104
9339
9341
9340
9920
9341
9640
9927
10085
9342
9639
10082
9343
9638
10081
9344
9345
9636
10079
10081
9346
9972
9974
9347
9971
9975
9348
9352
9349
9351
9381
9971
9350
9370
9351
9365
9369
9352
9364
9382
9976
9353
9975
9354
9362
9364
9986
9355
9361
9365
9356
9360
9357
9359
9365
9391
9358
9392
9359
9395
9455
9360
9366
9396
9400
9361
9401
9362
9366
9460
9363
9461
9991
9364
9366
9386
9462
9992
9365
9385
9985
9366
9368
9367
9459
9368
9386
9388
9396
9484
9369
9385
9389
9391
9370
9376
9378
9382
9371
9379
9381
9372
9376
9373
9377
9379
9937
9374
9938
9375
9377
9393
9943
9376
9392
9377
9391
9378
9390
9942
9379
9383
9389
9946
9380
9936
9381
9383
9948
9969
9382
9970
9383
9385
9977
9384
9947
9982
9385
9387
9389
9964
9983
9386
9984
9387
9483
9993
9388
9486
9963
9998
9389
9397
9485
9962
9390
9952
9391
9393
9397
9953
9392
9396
9393
9395
9394
9954
9395
9397
9493
9959
9396
9492
9397
9399
9398
9958
9399
9485
9493
9495
13952
9400
9484
9490
9492
9401
9455
9457
9459
9402
9452
9454
9460
9403
9415
9423
9425
9404
9414
9420
9422
9405
9407
9409
9406
9422
9407
9421
9429
9408
9420
9428
9409
9411
9419
9433
9410
9414
9411
9413
9604
9412
9434
9607
9413
9417
9419
9437
9608
9414
9416
9603
9415
9419
9416
9418
9460
9417
9461
9602
9418
9440
9464
9601
9419
9425
9439
9465
9420
9438
9421
9425
9427
9422
9424
9446
9423
9424
9454
9425
9447
9453
9426
9452
9427
9439
9447
9449
9451
9428
9438
9444
9446
9429
9431
9433
9430
9446
9431
9445
9515
9432
9444
9514
9433
9435
9443
9513
9434
9438
9435
9437
10023
9436
9520
10024
9437
9441
9443
9521
10048
9438
9440
10049
9439
9443
9440
9442
9466
9441
9467
9600
9442
9478
9522
9599
9443
9449
9477
9511
9444
9512
9445
9449
9527
9446
9448
9528
9447
9448
9472
9449
9473
9529
9450
9530
9451
9473
9475
9477
9551
9452
9466
9470
9472
9453
9457
9465
9454
9456
9472
9455
9456
9492
9457
9471
9491
9458
9470
9490
9459
9463
9465
9469
9489
9460
9462
9484
9461
9465
9462
9464
10002
9463
9483
10001
9464
9468
9482
10008
9465
9467
10007
9466
9467
9469
9477
9468
9478
10018
9469
9479
9481
10017
9470
9476
9506
9471
9475
9497
9472
9474
9498
9473
9474
9552
9475
9501
9553
9476
9502
9554
9477
9479
9507
9509
9478
9510
9479
9571
13984
9480
9570
13983
9481
9507
13980
13982
14024
9482
9506
10016
13979
9483
9487
9489
10009
9484
9486
10000
9485
9489
9486
9488
13951
9487
9999
13950
9488
10014
13963
13979
9489
9495
9505
13964
9490
9506
9491
9495
9497
9492
9494
9498
9493
9494
13953
9495
9499
13958
9496
13957
9497
9499
9503
9505
13968
9498
9502
9506
9499
9501
9500
13969
9501
9503
13974
14030
9502
14029
9503
9507
14028
9504
13973
14027
9505
9507
13980
14026
14149
9506
13967
13979
9507
9508
9509
14024
14026
14028
14036
9510
9554
9568
9570
9511
9549
9551
9571
9512
9522
9530
9548
9513
9521
9525
9527
9514
9518
9520
9515
9517
9527
9516
9528
9517
9533
9535
9518
9526
9536
9519
9525
9577
9520
9524
9576
10054
9521
10051
9522
9524
10050
9523
9571
9598
9524
9548
9572
9574
9597
9525
9575
10055
9526
9548
9582
9527
9531
9533
9541
9528
9530
9529
9533
9530
9532
9552
9531
9551
9532
9542
9548
9550
9533
9543
9557
9534
9535
9539
9541
9543
9536
9538
9537
9541
9577
9538
9540
9578
9585
9539
9586
9540
9544
14050
9541
9545
9581
14049
9542
9582
9543
9545
9547
9559
9544
9558
9545
9563
14051
9546
9564
14048
9547
9581
9594
14044
14047
9548
9574
9582
14045
9549
9550
9568
9572
14045
9551
9555
9557
9559
9552
9554
9553
9557
9554
9556
14029
9555
14028
9556
9560
9568
14033
9557
9561
14032
9558
9559
9561
9563
9560
9564
14045
9561
9565
9567
14103
9562
14104
9563
9565
14087
14109
9564
14084
9565
14044
14085
9566
14086
14108
9567
14042
14044
14095
14101
9568
14041
14045
14102
9569
14036
9570
9572
14021
14037
14041
9571
14016
14024
9572
14015
9573
14020
9574
14041
14043
14045
14637
9575
9594
9596
9576
9580
9582
14558
9577
9579
14549
9578
9582
9579
9581
9584
9580
9591
14550
9581
9592
9594
14559
9582
9583
9584
9592
14047
14049
14057
9585
9589
9591
9586
9588
14049
9587
14050
9588
14053
14065
9589
14054
14064
9590
14057
14063
9591
14058
14062
14659
9592
14658
9593
14058
14671
9594
14047
14059
14093
14672
9595
14043
9596
14559
14561
14642
14672
9597
14558
14562
14637
9598
10055
10059
14020
9599
10050
10058
14015
9600
10046
10048
13984
9601
10018
10020
10049
9602
9608
9612
10007
9603
9611
10002
9604
9608
9610
9605
9607
9606
9610
10029
9607
9609
10022
10028
9608
10023
9609
10049
9610
9612
10021
10043
9611
9615
9612
9614
10003
9613
10006
10020
9614
10035
10043
10044
14012
9615
10034
10076
9616
10029
10033
10043
9617
9629
9631
9618
9626
9628
9619
9623
9620
9628
9621
9623
9627
14212
9622
14209
9623
14208
9624
9626
14213
9625
9635
14218
9626
9632
9634
14219
9627
9631
14220
9628
9630
14221
9629
9630
10029
9631
10030
14224
9632
10033
14225
9633
10034
14230
9634
10075
10077
10093
14231
9635
10078
10090
14232
9636
10079
10089
14233
9637
14206
9638
10081
10083
10089
14205
9639
9745
9640
10083
10103
9641
9928
10084
9642
10101
10103
10107
10283
9643
10104
10106
10278
9644
9722
9724
10260
9645
9657
9721
9907
9646
9650
9656
9790
9647
9649
9785
9648
9656
9649
9651
9703
9650
9704
9786
9651
9721
9773
9791
9652
9656
9708
9720
9653
9655
9661
9709
9654
9660
9672
9655
9659
9656
9658
9657
9658
9720
9724
9659
9661
9725
9660
9726
9661
9663
9671
9662
9710
9720
9663
9715
9723
9725
9743
9664
9714
9726
9742
9665
9669
9737
9666
9736
9667
9669
9751
9668
9758
9870
9669
9713
9759
9875
9670
9714
9750
9671
9672
9710
9712
9714
9673
9677
9709
9674
9675
9703
9709
9676
9702
9848
9677
9707
9709
9711
9853
9678
9712
9679
9851
9853
9863
9680
9848
9850
9681
9685
9687
9682
9684
9683
9687
9684
9686
9690
9696
9685
9697
9686
9844
9848
9687
9689
9843
9849
9688
9850
9689
10142
9690
9692
10141
10149
9691
9695
9692
9694
11632
9693
10140
11661
9694
10137
10139
10149
11662
9695
10136
11631
9696
10135
10149
9697
9841
9843
9698
9840
9844
9699
9701
9700
9798
9840
9701
9705
9799
9845
9702
9844
9703
9705
9707
9847
9704
9708
9705
9773
9775
9706
9824
9846
9707
9773
9825
9859
9903
9708
9718
9854
9709
9719
9773
9710
9711
9715
9719
9712
9716
9718
9862
9713
9863
9714
9716
9764
9890
9715
9749
9716
9748
9770
9717
9765
9895
9718
9768
9770
9896
9902
9719
9861
9903
9720
9770
9772
9721
9723
9722
9772
9906
9723
9771
10106
10261
9724
9770
10105
9725
10104
9726
9744
9727
9728
9740
9742
9744
9729
9737
9739
9730
9734
9736
9731
9733
9732
9736
9752
9733
9735
9755
14210
9734
14209
9735
9739
14208
9736
9738
9756
14215
9737
9751
9738
9742
9750
9739
9741
9761
14216
9740
14207
9741
9745
14206
9742
9746
9762
14235
9743
9749
9744
9746
9748
10105
9745
10104
9746
10103
14205
9747
10108
14236
9748
9762
9766
10109
14239
9749
9765
9769
9750
9762
9764
9751
9759
9761
9752
9756
9758
9753
9755
9754
9758
9878
9755
9757
9881
14244
9756
14243
9757
9761
14242
9758
9760
9882
14249
9759
9877
9760
9764
9876
9761
9763
9887
14250
9762
14241
9763
14240
9764
9766
9888
14269
9765
9889
9766
9768
10117
9767
10122
14270
9768
10109
10113
10123
14273
9769
10112
10116
9770
10105
10109
10111
9771
9772
9902
10111
10264
9773
9903
9905
9774
9775
9791
9793
9825
9905
9776
9786
9794
9824
9777
9795
9799
9778
9782
9784
9786
9779
9781
9780
9784
9781
9783
9805
9782
9796
9804
9783
9787
9795
9808
9784
9788
9809
9785
9786
9788
9790
9787
9791
9788
9792
9794
9811
9789
9810
9790
9792
9815
10258
9791
9907
9792
9906
9793
9814
10257
9794
9826
9828
10256
9795
9821
9823
9796
9800
9820
9797
9803
9798
9800
9802
9838
9799
9839
9800
9824
10205
9801
9823
10206
9802
9818
9820
9822
10207
9803
9817
9837
9804
9816
9820
9805
9806
9808
9809
9807
9816
9808
9812
9819
9809
9811
9820
9810
9811
9815
9812
9814
9821
9813
9830
9814
9829
10272
9815
9828
10270
10271
9817
9819
9818
9836
10290
9819
9831
9835
10291
9820
9830
9821
9822
9828
9830
9823
9827
9831
10234
9824
9826
10227
9825
10226
9826
9904
10231
9827
10232
10255
9828
9832
10233
10268
9829
10269
9830
9832
11776
9831
9832
9834
11774
9833
11775
11777
9834
10233
11754
11800
11980
9835
10234
10236
11773
9836
10207
10237
11772
9837
10238
11767
9838
10207
10209
9839
10202
10206
9840
10201
10205
9841
9845
9842
10135
10201
9843
9845
9857
10134
10204
9844
9856
10149
9845
9847
9846
10205
9847
9857
9859
10226
9848
9854
9856
9849
9853
9850
9852
9856
10141
9851
10142
9852
9892
10143
9853
9855
9893
10144
9854
9862
9855
9859
9861
9856
9858
9898
10147
9857
10148
9858
10133
10225
9859
9899
10132
10230
9860
10231
9861
9899
9901
9903
10253
9862
9896
9898
9863
9893
9895
9864
9890
9892
9865
9873
9875
9866
9870
9872
9867
9869
9868
9872
10155
9869
9871
9879
10158
9870
9878
9871
9875
9877
9872
9874
9884
10159
9873
10154
9874
9892
10153
9875
9885
9891
10164
9876
9890
9877
9885
9887
9889
9878
9882
9884
9879
9881
9880
9884
10167
9881
9883
10170
14319
9882
14318
9883
9887
14317
9884
9886
10171
14324
9885
10166
9886
10119
10165
9887
10120
10176
14325
9888
14316
9889
10120
10122
14315
9890
10117
10119
9891
9895
9892
9894
10119
10179
9893
10152
9894
9898
10151
9895
9897
10118
10184
9896
10117
9897
9901
10116
9898
9900
10125
10185
9899
10150
9900
10131
10252
9901
10126
10130
11805
9902
10115
11806
9903
10112
10265
9904
9905
10253
10255
10265
9906
10256
10264
9907
10257
10261
9908
10258
10260
9909
9911
9910
9916
10258
9911
9913
9915
9918
10259
9912
9919
10260
9913
9920
9914
9931
9915
9932
9916
9917
10275
10271
9918
9932
9934
10276
9919
9929
9931
10277
9920
9928
10278
9921
9927
9931
9922
9926
9923
9925
9931
9924
9925
9967
9926
9930
13935
9927
13934
9928
9930
13933
9929
10283
14980
9930
9934
10284
14979
9931
9933
13932
9932
9933
9934
13931
10285
14978
9936
9940
9945
9949
9937
9946
9948
9938
9940
9942
9939
9943
9940
9944
9941
9942
9944
9945
9956
9943
9946
9953
9944
9954
9955
9946
9950
9951
9947
9952
9948
9950
9964
13938
9949
9968
9950
9967
9965
13939
9952
9956
9961
9965
9953
9962
9964
9954
9956
9958
9955
9959
9956
9960
9957
9958
9960
9961
13955
9959
9962
13952
9960
13953
13954
9962
9966
13960
9963
13951
9964
9966
13946
13950
9965
13941
9966
13940
13947
13961
9968
13935
13939
9969
13934
13938
9970
9980
9982
9971
9977
9979
9972
9976
9973
9979
10081
9974
9976
9978
9988
10080
9975
9987
10079
9976
9986
9977
9985
9978
9982
9984
9979
9981
9995
10087
9980
10082
9981
10085
13934
9982
9996
10086
13937
9983
13938
9984
9996
9998
13941
9985
9993
9995
9986
9988
9992
9987
9991
9988
9990
10078
9989
9995
10091
9990
9992
9994
10004
10092
9991
10003
10077
9992
10002
9993
10001
9994
9998
10000
9995
9997
10011
13996
9996
10096
9997
10097
13942
9998
10012
13945
13997
9999
13946
10000
10012
10014
13949
10001
10009
10011
10002
10004
10008
10003
10007
10004
10006
10076
10005
10011
13990
10006
10008
10010
13987
13989
10007
10019
14012
10008
10018
10009
10017
10010
10014
10016
10011
10013
14002
14004
10012
13995
10013
14000
14155
10014
14001
14005
14154
10015
14153
10016
13979
13981
14005
14152
10017
13982
14004
10018
13983
13987
10019
13984
10020
13985
13987
14011
10021
10044
10046
10022
10042
10047
10049
10023
10025
10027
10024
10049
10025
10048
10051
10026
10047
10052
10027
10039
10041
10063
10028
10038
10042
10029
10031
10043
10030
10031
10033
14424
10032
10038
14425
10033
10035
10037
10043
14438
10034
14433
10035
10075
14434
10036
10074
14439
10037
10044
10071
10073
14440
10038
10040
10042
14441
10039
14442
10040
10064
14445
10041
10069
10071
14446
10042
10045
10047
10062
10043
10044
10045
14011
10046
10061
10071
14010
10047
10058
13985
10048
10057
10049
10050
10051
10055
10057
10052
10054
10053
10057
10063
10054
10056
10066
14548
10055
14549
10056
14558
10057
10059
10067
14557
10058
10062
10059
10061
14014
10060
14019
14562
10061
10067
14543
14563
14635
10062
10070
14013
10063
10067
10069
10064
10066
10065
10069
14527
10066
10068
14528
14546
10067
14547
10068
14556
10069
14541
14543
14545
10070
14536
10071
14537
14543
14569
10072
14451
10073
14010
14452
14569
14571
10074
14011
14453
14572
10075
13992
14012
14454
10076
13991
14455
10077
13990
14012
10078
10092
10079
10091
10080
10081
10087
10089
10091
10082
10083
10085
10087
10084
10088
10102
10085
10099
10101
14980
10086
13933
10087
10097
10099
14982
10088
10096
10089
10095
10099
14203
10090
14204
10091
10093
10095
14297
10092
10096
10093
13990
13996
10094
13991
14296
10095
13994
13996
13998
14298
10096
10098
14202
10097
13996
10098
13997
14990
10099
13998
14201
14989
10100
14981
10101
14201
14203
14277
15030
10102
14276
15025
10103
14203
14205
14275
10104
10108
10105
10106
10108
10107
10111
10279
10108
10110
10282
14276
10109
14275
10110
14274
10111
10113
11788
14281
10112
11783
10113
10115
11784
10114
11787
14282
10115
10123
10127
11824
14312
10116
10126
11819
10117
10123
10125
10118
10122
10119
10121
10125
11732
10120
10178
10121
10177
14344
10122
10124
11731
14345
10123
14314
10124
14313
10125
10127
11734
14350
10126
11733
10127
10129
11818
10128
11823
14351
10129
11734
11736
14354
15394
10130
11725
11733
11817
10131
10185
11724
11816
10132
10150
10188
10251
10133
10147
10189
10250
10134
10138
10148
10224
10135
10137
10149
10223
10136
10200
10137
10193
11630
10138
10192
11667
10139
10189
10191
11668
10140
10146
10148
11669
10141
10145
11670
10142
10144
10148
10143
10144
10152
10145
10147
10151
10146
10182
11675
10147
10187
10189
11676
10148
10150
10149
10151
10185
10187
10152
10182
10184
10153
10179
10181
10154
10162
10164
10155
10159
10161
10156
10158
10157
10161
11688
10158
10160
10168
11691
10159
10167
10160
10164
10166
10161
10163
10173
11692
10162
11687
10163
10181
11686
10164
10174
10180
11697
10165
10179
10166
10174
10176
10178
10167
10171
10173
10168
10170
10169
10173
11700
10170
10172
11703
14361
10171
14360
10172
10176
14359
10173
10175
11704
14366
10174
11699
10175
11698
11728
10176
11709
11729
14367
10177
14358
10178
11729
11731
14357
10179
11728
11732
10180
10184
10181
10183
11712
11728
10182
11685
10183
10187
11684
10184
10186
11717
11727
10185
11732
10186
11733
10187
11718
11724
11726
10188
11683
10189
11682
11724
11740
10190
11681
10191
10250
11740
11742
13665
10192
10224
10247
11855
10193
10223
10246
11854
10194
10200
10220
11629
10195
10199
10219
11628
10196
11623
10197
10215
10219
11624
10198
10214
10199
10219
10221
10241
10200
10201
10221
10223
10202
10204
10203
10209
10221
10204
10206
10208
10222
10228
10205
10223
10225
10206
10226
10207
10227
10208
10234
10209
10235
10237
11746
10210
10238
10240
10211
10241
10212
10238
11759
10213
10217
10239
10241
11970
10214
10216
11967
10215
10241
10216
10218
11885
10217
11886
11966
10218
10243
11891
11971
10219
10241
10242
11890
10220
11627
10221
10242
10246
11850
10222
10240
10223
10246
10248
11746
10224
10225
10248
10250
10226
10228
10230
10227
10231
10228
10232
10234
10229
10235
10248
10230
10232
10249
11753
11803
10231
10250
10252
10232
10253
10233
10254
10234
11753
11801
10235
10236
11745
11753
10237
11748
11754
11756
10238
11747
11757
10239
11758
10240
10243
11747
11991
10241
10242
11746
10243
10245
13702
10244
11990
13703
10245
11747
11749
11995
13708
10246
11744
11746
13707
10247
11849
10248
11742
11744
11848
10249
11745
10250
11742
11752
11814
10251
10252
11740
11814
11816
10253
11803
11805
10254
11806
10255
11801
11803
11807
10256
10266
10268
10257
10263
10269
10258
10262
10270
10259
10271
10260
10262
10275
10277
10261
10278
10262
10264
10279
10263
10274
10280
10264
10266
11780
11782
10265
11783
10266
11784
11806
10267
11785
11807
10268
11778
11780
11792
11808
10269
11777
11801
10270
11776
11780
10271
10272
10274
10275
10273
11776
10274
10288
11779
10275
10287
11780
10276
10277
10285
10287
10278
10280
10284
10279
10283
10280
10282
11783
10281
10287
11782
10282
10284
10286
11789
15027
10283
11788
15026
10284
15025
10285
15024
10286
15023
10287
10289
11790
15034
10288
11781
10289
11794
11795
15035
10291
11767
11772
11774
10293
12137
12594
10294
12136
12532
12582
10295
11136
12521
12529
12531
12532
10297
10461
10298
10300
10470
10299
10469
12350
10300
12374
12376
10301
10302
10470
10496
12376
10303
10447
10497
10304
10444
10498
10305
10341
10343
10306
10308
10310
10307
10308
10346
10309
10343
10345
10310
10342
10350
10352
10311
10341
10312
10318
10340
10352
10313
10353
10314
10316
10318
10315
10319
10316
10324
10326
10317
10327
10353
10318
10322
10324
10332
10352
10319
10321
10320
10324
10321
10323
10405
10322
10340
10406
10323
10333
10339
10409
10324
10334
10410
10325
10326
10330
10332
10334
10327
10329
10328
10332
10354
10329
10331
10355
10359
10330
10360
10331
10335
10369
10332
10336
10356
10368
10333
10351
10334
10336
10338
10412
10335
10411
10336
10416
10418
10337
10415
10419
10338
10356
10438
10440
10456
10339
10351
10441
10451
10340
10342
10352
10450
10341
10445
10342
10444
10343
10441
10443
10344
10498
10345
10441
10499
10503
10346
10348
10350
10347
10348
10506
10349
10503
10505
10350
10356
10440
10510
10351
10441
10352
10354
10356
10353
10354
10355
10356
10358
10357
10358
10368
10438
10510
10511
10359
10512
10360
10366
10368
10361
10365
10369
10362
10364
10370
10363
10371
10364
10376
10380
10365
10375
10381
10366
10422
10424
10367
10425
10512
10368
10420
10422
10430
10511
10369
10419
10370
10418
10422
10371
10373
10375
10372
10376
10373
10377
10393
10374
10394
10418
10375
10377
10387
10421
10542
10376
10386
10422
10377
10379
10378
10392
10379
10387
10389
10391
10380
10384
10386
10381
10383
10382
10386
10424
10383
10385
10427
10578
10384
10577
10385
10389
10576
10386
10388
10428
10583
10387
10423
10388
10432
10561
10389
10433
10562
10584
10390
10575
10391
10562
10564
10574
10392
10559
10561
10393
10540
10542
10394
10539
10395
10417
10538
10542
10396
10400
10416
10397
10411
10398
10400
10402
10478
10399
10479
10400
10480
10539
10401
10481
10538
10402
10414
10416
10486
10537
10403
10411
10413
10477
10404
10408
10410
10464
10405
10407
10463
10406
10410
10407
10409
10445
10408
10446
10462
10409
10413
10449
10465
10410
10412
10450
10411
10412
10416
10413
10415
10451
10414
10452
10476
10415
10457
10487
10536
10416
10456
10535
10417
10418
10535
10537
10543
10419
10421
10420
10438
10535
10421
10431
10437
10544
10422
10432
10543
10423
10424
10428
10430
10432
10425
10427
10426
10430
10513
10427
10429
10514
12182
10428
12181
10429
10433
12180
10430
10434
10515
12187
10431
10516
10432
10434
10436
12163
10433
12162
10434
12167
12179
10435
12166
12188
10436
10515
10527
12433
12445
10437
10516
10518
12428
10438
10511
10519
12417
10439
10534
10440
10504
10510
10519
10533
10441
10455
10503
10442
10443
10451
10453
10455
10499
10444
10448
10450
10498
10445
10447
10446
10450
10447
10449
10461
10448
10470
10449
10453
10471
10497
10450
10452
10460
10451
10452
10456
10453
10457
10459
10454
10492
10500
10455
10457
10493
10501
12414
10456
10502
10533
10457
10534
10458
12413
10459
10487
10489
10493
12412
10460
10474
10476
10492
10461
10465
10471
10473
10462
10468
10470
10463
10465
10467
10464
10465
10477
10466
10476
10467
10473
10475
11147
10468
11142
10469
10473
12356
10470
10472
12357
12376
10471
10472
10492
10496
10473
10491
12360
12377
10474
12361
10475
10489
10491
12392
10476
10484
10488
11163
10477
10487
10478
10484
10486
10479
10481
10483
10480
10481
10550
10482
10486
10549
10483
10485
10552
11160
10484
11155
10485
11154
10486
10488
11161
12153
10487
10548
10488
12155
10489
11162
12154
10490
12395
12411
10491
10493
12379
12396
12422
10492
12378
12391
10493
10495
10494
12421
10495
10501
12379
12920
10496
10500
12378
10497
12377
10498
10500
10499
10500
10502
10501
10502
12921
10503
10532
10504
10505
10520
10532
10506
10508
10510
10507
10508
10523
10509
10520
10522
10510
10511
10517
10519
10512
10516
10513
10514
10516
10515
12447
10516
10526
12446
10517
10518
10522
10526
10519
10521
10527
12429
10520
12416
10521
10531
10522
10528
10530
10523
10525
10524
10525
12937
10526
10528
12936
10527
12451
10528
12432
12452
10529
12935
10530
12432
12928
12934
10531
12429
12927
10532
12416
12922
10533
12921
10534
12414
12416
10535
12413
12417
10536
10544
10537
10545
12155
12413
10538
10546
10548
10539
10541
10549
10540
10550
10541
10555
10559
10542
10546
10554
10560
10543
10561
10544
10546
12162
10545
12163
12417
10546
12156
12164
12418
10547
12161
10548
10554
12156
12158
12160
10549
12153
12155
10550
10552
10554
10551
10555
10552
10556
11178
10553
11179
12153
10554
10556
10568
11182
12158
10555
10567
10556
10558
10557
11183
10558
10568
10570
11278
10559
10565
10567
10560
10564
10561
10563
10567
12161
10562
12162
10563
10603
12167
10564
10566
10604
12168
10565
10573
10566
10570
10572
10567
10569
10609
12169
10568
12160
10569
11279
12159
10570
10610
11282
12174
10571
11283
10572
10610
10612
11286
10573
10607
10609
10574
10604
10606
10575
10601
10603
10576
10584
10586
10577
10581
10583
10578
10580
10579
10583
12181
10580
10582
10590
12184
10581
10589
10582
10586
10588
10583
10585
10595
12185
10584
12180
10585
10603
12179
10586
10596
10602
12190
10587
10601
10588
10596
10598
10600
10589
10593
10595
10590
10592
10591
10595
12193
10592
10594
11310
12196
10593
11309
10594
10598
11308
10595
10597
11315
12197
10596
12192
10597
10617
12191
10598
10618
11316
12202
10599
11307
10600
10618
10620
11306
10601
10615
10617
10602
10606
10603
10605
10617
12205
10604
12178
10605
10609
12177
10606
10608
10616
12210
10607
10615
10608
10612
10614
10609
10611
10623
12211
10610
12176
10611
11287
12175
10612
10624
11290
12216
10613
11291
10614
10624
10626
11294
10615
10621
10623
10616
10620
10617
10619
10623
12219
10618
12204
10619
11335
12203
10620
10622
11336
12224
10621
11305
10622
10626
11304
10623
10625
12225
13226
10624
12218
10625
11295
12217
10626
11298
12230
13225
10627
11299
11303
10628
10906
13191
10629
10631
10905
13190
10630
10896
10631
10875
10632
10904
11346
11347
10633
11343
10634
11344
11346
10635
10639
10636
10637
10639
10641
10638
10642
10646
10639
10643
10645
11343
10640
11344
10641
10643
11350
11504
10642
10673
10643
10671
10672
10644
11349
11505
10645
10649
10671
13194
13196
10646
10648
11342
10647
10671
10648
10650
11306
10649
11305
11341
10650
11338
11340
13197
10651
10669
10671
11333
10652
10666
11318
10653
10655
10657
10665
11313
10654
11308
10655
11309
10656
10660
11312
10657
10659
10658
10659
10663
10665
10660
10662
10661
10665
11321
10662
10664
11324
13119
10663
13120
10664
13125
10665
10667
11325
13124
10666
11320
10667
10669
11319
10668
11330
13127
10669
11331
13198
13200
13202
10670
11332
13197
10671
10672
13196
13200
10673
11505
11507
10674
11504
11508
10675
10681
10683
10676
10680
10684
10677
10679
10678
10684
10688
10679
10685
10697
11409
10680
11402
10681
10685
11361
10682
11508
11558
10683
10685
11355
11509
11559
10684
11354
11504
10685
10687
10686
11360
10687
10697
11355
11357
11359
10688
10700
11354
10689
10695
10697
10699
10690
10691
10693
10699
10701
11423
10692
10702
11418
10693
11417
10694
11416
10695
10699
11413
11415
10696
10697
11411
11413
10698
11410
10699
11357
11413
11447
11567
10700
11446
10701
11353
11357
11475
10702
11352
11424
10703
10704
11418
11424
11426
11428
10705
10866
10868
10872
10706
10859
10861
10871
10707
10713
10855
10857
10708
10854
10858
10709
10711
10713
10710
10714
10711
10715
10717
10712
10718
10858
10713
10715
10723
10857
10860
10714
10861
10715
10862
10716
10863
10717
10721
10723
10982
10718
10720
10719
10723
10725
10720
10722
10850
10993
10721
10992
10722
10983
10991
10723
10978
10984
10998
10724
10981
10725
10857
10976
10978
10980
10726
10850
10852
10858
10727
10739
10741
10728
10736
10738
10729
10733
10735
10730
10732
10731
10735
10765
10732
10734
10766
10784
10733
10785
10734
10738
10790
10735
10737
10771
10789
10736
10770
10737
10741
10773
10738
10740
10772
10832
10739
10833
10740
10836
10850
10741
10779
10837
10851
10742
10778
10852
10743
10853
10744
10748
10778
10879
10745
10773
10746
10748
10750
10774
10747
10886
10748
10877
10885
10749
10777
10878
10750
10883
10885
10889
10913
10751
10886
10888
10914
10752
10756
10915
10753
10763
10754
10756
10758
11177
10755
11178
10756
10887
11183
10757
10888
11184
10758
10915
11185
11191
11193
10759
10763
10918
11176
10760
10762
10919
11175
10761
10920
11170
10762
10763
10764
10915
10917
10765
10767
10769
10766
10770
10767
10771
10783
10768
10917
10939
10769
10771
10775
10916
10940
10770
10774
10915
10771
10773
10772
10782
10773
10775
10779
10781
10774
10778
10775
10777
10914
10776
10955
11197
10777
10779
10956
10972
11196
10778
10913
10971
10779
10970
10780
10969
10781
10837
10956
10958
10968
10782
10832
10953
10955
10783
10789
10940
10942
10784
10939
10943
10785
10787
10789
10786
10790
10787
10791
10793
10788
10794
10943
10789
10791
10829
10831
10942
10790
10832
10791
10833
10792
10834
10793
10827
10829
10841
10794
10826
10795
10829
10944
10796
10826
10828
10945
11057
10797
10798
10824
11039
11055
11057
10799
10815
11050
10800
10804
11049
10801
11044
10802
10804
10806
11043
10803
10807
10804
10808
10816
10805
10815
11042
10806
10808
10812
10814
11090
10807
10811
11085
10808
10810
10809
11036
10810
10812
11035
10811
10812
11032
11084
10813
11033
11083
10814
11034
11035
11080
11082
10815
11036
11038
11091
10816
11039
11041
10817
10823
11036
10818
10822
10819
10821
10820
10821
11062
10822
10824
11061
10823
11060
10824
11037
11039
11059
10825
10826
11057
11059
11061
11067
10827
10828
10842
11067
10829
10843
10950
11068
10830
10949
10831
10839
10841
10843
10952
10832
10834
10838
10953
10833
10837
10834
10836
10835
10841
10836
10838
10840
10848
10837
10849
10838
11001
10839
10958
11002
10840
10844
10959
11916
10841
10845
10847
10842
10843
10845
12675
10844
10951
12676
10845
10964
11917
12679
10846
12680
10847
11010
11917
11919
13922
10848
11005
11007
11916
10849
10994
11002
11004
10850
10993
10999
11001
10851
10978
10852
10969
10977
11001
10853
10970
10976
10854
10856
10858
10879
10855
10856
10871
10857
10870
10880
10976
10858
10859
10860
10868
10870
10980
10861
10863
10867
10981
10862
10866
10863
10865
10864
10982
10865
10867
10987
11420
10866
11417
10867
11418
10868
10986
11419
10869
11247
11428
10870
10872
10902
11246
11427
10871
10901
11243
10872
10874
10873
11426
10874
10902
10904
11346
11495
10875
10901
10876
10896
10900
10904
10877
10881
10895
10878
10884
10879
10881
10883
10971
10880
10970
10881
10901
10975
10882
10900
10974
10883
10893
10895
10899
10911
10884
10892
10912
10885
10891
10895
10886
10890
10887
10888
10890
11278
10889
11193
11277
10890
10892
11194
11284
10891
11283
10892
10894
11286
10893
11235
11285
10894
10898
11236
11292
10895
10897
11291
10896
10897
10899
10905
10898
10906
11294
10899
10907
11269
11293
10900
10908
10910
10901
10903
11241
10902
11242
10903
11263
11494
10904
10908
11264
11497
10905
11496
10906
10908
13189
10907
11299
13769
10908
11270
11300
13770
10909
13188
10910
11264
11266
11270
13187
10911
11239
11241
11269
10912
10974
11236
11238
10913
10971
11233
11235
10914
11194
11196
10915
11193
11197
10916
10917
11191
11197
11199
10918
11200
10919
11189
11191
11201
10920
10926
11174
10921
11171
10922
10924
10926
12112
10923
10927
10924
10928
10930
10925
10931
12113
10926
10928
11123
11202
12114
10927
11201
12115
10928
11200
10929
11203
10930
10934
10936
11123
11218
10931
10933
10932
11123
11125
10933
11118
11122
12107
10934
11117
10935
11122
11219
12714
10936
10946
11054
10937
10938
10944
10946
10948
11218
10939
10941
10943
11203
10940
11200
10941
10955
11199
10942
10948
10954
11204
10943
10949
10953
10944
10945
10949
10946
10950
11056
10947
11100
11219
10948
10950
10962
11101
11222
10949
10961
11223
10950
10952
10951
11102
10952
10962
10964
12695
10953
10959
10961
10954
10958
10955
10957
10961
11209
10956
11198
10957
11211
12051
10958
10960
11210
12050
10959
10967
10960
10964
10966
10961
10963
11229
12061
10962
11224
10963
11225
12696
10964
11228
12062
12699
10965
12700
10966
11917
12046
12062
13920
10967
11916
12047
12061
10968
11002
12048
12050
10969
11001
11259
12051
10970
10972
11260
10971
10975
10972
10974
10973
11233
12051
10974
11238
11240
11260
12052
10975
11241
10976
11242
11260
10977
11243
10978
11000
11244
11260
10979
10999
10980
10984
11244
11248
11250
10981
11243
11247
10982
10984
10986
10983
10987
10984
10988
10990
10985
11017
10986
10988
11018
11248
11437
10987
11247
11434
10988
11435
10989
11436
10990
11018
11020
11459
10991
11015
11017
10992
10996
10998
10993
10995
10994
10998
10995
10997
11007
10996
11008
10997
11013
11015
10998
11004
11006
11016
10999
11017
11000
11004
11250
11001
11003
11251
11259
11002
11003
11916
11004
11252
11915
12048
11005
11253
11006
11915
11919
11921
11007
11011
11013
11023
11008
11010
11009
11013
11010
11012
11929
11011
11928
11012
11024
11919
11927
11013
11025
11932
11014
11015
11021
11023
11025
11016
11020
11017
11019
11023
11253
11018
11250
11019
11249
11460
11020
11022
11254
11461
11021
11462
11022
11026
11939
11023
11922
11924
12025
11024
11921
11025
11920
11924
11926
11026
11933
11027
11924
11936
11938
11941
11029
12626
11030
12629
12637
12649
11031
12628
12635
12637
11033
12627
11034
12632
12663
12667
11036
11079
11037
11038
11072
11079
11039
11071
11080
11096
11040
11058
11041
11053
11055
11096
11098
11042
11050
11052
11091
11043
11047
11049
11090
11044
11046
11085
11045
11049
11046
11048
11111
11047
11086
11110
11048
11052
11089
11109
11049
11051
11116
11050
11051
11055
11052
11054
11117
11053
11092
11108
11054
11095
11099
11107
11055
11100
12714
11056
11057
11098
11100
11102
11058
11068
11059
11069
11071
11098
11060
11066
11072
11061
11065
11062
11064
11063
11064
11073
11065
11067
11074
11066
11075
11067
11069
12672
12674
11068
12675
11069
11102
12676
11070
11103
12677
11071
12672
12684
12686
12692
11072
11097
12669
12670
12672
11074
11078
11075
11077
12675
11076
12674
11077
11930
12681
11078
11928
12680
11929
11080
12670
11081
12667
12669
11082
11094
11096
12666
12688
11083
11091
11093
12663
11084
11088
11090
12632
11085
11087
12627
11086
11090
11087
11089
12607
11088
12608
12626
11089
11093
12613
12631
11090
11092
12612
11091
11092
11096
11093
11095
12615
11094
12614
12662
11095
12621
12689
12740
11096
12620
12690
11097
11098
12688
12690
12692
11099
11103
11100
11104
11106
12690
11101
12713
11102
11104
12696
12715
11103
12695
11104
12692
12694
11105
12691
12697
11106
12715
12717
12719
12721
11107
12709
12711
12713
11108
11120
12620
12714
11109
11117
11119
12615
11110
11114
11116
12612
11111
11113
12607
11112
11116
11113
11115
12597
11114
12598
12606
11115
11119
12603
12611
11116
11118
12602
11117
11118
12714
11119
11121
12819
11120
12616
12820
11121
12619
12711
12825
11122
12712
12714
12824
11123
11220
12106
11124
11217
11125
12106
12114
12276
12282
11126
12107
12109
12113
11127
11131
11133
11128
11130
11129
11133
11135
11130
11132
12137
12596
11131
12597
11132
12107
12602
11133
12108
12138
12601
11134
12109
11135
12120
12134
12138
12140
11136
12137
11137
12134
12136
12529
11138
12133
12522
11139
12122
12344
11140
12123
12367
11141
11149
11151
12354
11142
11144
11148
12355
11143
11147
12356
11144
11146
11145
11151
11146
11148
11150
11153
11147
11154
11148
11163
12361
11149
11164
12362
11150
12123
12125
12363
11151
11152
11153
11167
11169
12125
12129
11154
11156
11164
11166
11155
11161
11163
11156
11160
11157
11159
11169
11158
11170
11159
11175
11177
11160
11166
11168
11180
11161
11179
11162
11166
12152
11163
11165
12239
12395
11164
12392
11165
12125
12393
11166
12126
12240
12394
11167
12151
11168
12126
12128
12150
11169
11173
11175
11187
11170
11172
11171
11175
11172
11174
12112
11173
12111
12129
11174
11188
12116
12128
11175
11189
12115
11176
11177
11185
11187
11189
11178
11180
11184
11179
11183
11180
11182
12152
11181
11187
12151
11182
11184
11186
11280
12242
11183
11279
12237
11184
11278
11185
11277
11186
11190
11276
11187
12243
12249
12251
11188
12150
11189
12149
12249
12259
11190
12258
11191
12249
12255
12257
11192
11206
11193
11195
11197
11207
12255
11194
11276
11195
11235
11275
11196
11212
11234
12254
11197
11211
11233
11198
11199
11207
11209
11211
11200
11204
11206
11201
11203
11202
11206
12258
11203
11205
11217
12261
11204
11218
11205
11209
11223
11206
11208
11216
12262
11207
12257
11208
11212
12256
11209
11213
11215
12309
11210
11224
11211
11213
11229
11231
11212
11232
11213
12055
12311
11214
12056
12310
11215
11227
11229
12067
17046
11216
11224
11226
17045
11217
11221
11223
12283
11218
11220
12282
11219
11223
11220
11222
12713
11221
12105
12712
11222
11226
12104
12716
11223
11225
12715
11224
11225
11229
11226
11228
12722
11227
12103
12723
11228
12066
12102
12726
11229
12065
12727
11230
11231
12059
12061
12065
12067
11232
12050
12056
12058
11233
12051
12053
12055
11234
11238
11235
11237
12055
12313
11236
11274
11237
11269
11273
11238
11268
12054
12318
11239
12053
11240
11266
11268
12074
11241
11261
11265
12075
11242
11264
11243
11261
11263
11244
11246
11245
11251
11261
11246
11248
11256
11262
11469
11247
11263
11432
11248
11433
11249
11468
11250
11254
11256
11467
11251
11253
11252
11256
11258
11253
11255
11914
12077
11254
11921
11255
11906
11922
11256
11907
11913
12078
11257
11908
11258
11262
12078
12080
13750
11259
11261
12075
12077
11260
12048
12052
11261
11262
11263
11265
11492
11264
11493
11265
13182
11266
12080
13183
11267
12081
13186
11268
11270
12082
12324
13776
11269
12073
12319
11270
11272
11271
13775
11272
11300
12322
12324
16695
11273
11293
12319
12321
11274
11292
12316
12318
11275
11285
12313
12315
11276
11284
12252
12254
11277
12251
12255
11278
11280
11284
11279
11283
11280
11282
12236
11281
12251
12293
11282
11284
11288
12252
12298
11283
11287
12235
11284
11286
11285
11286
11288
11292
11287
11291
11288
11290
12234
11289
12315
12997
11290
11292
11296
12316
12996
11291
11295
12233
11292
11294
11293
11294
11296
11300
11295
11299
11296
11298
12232
11297
12321
13013
11298
11300
12322
13012
16665
11299
12231
16664
11300
11302
11301
11302
13770
16665
16667
16695
11303
13769
16664
16668
11304
13191
13223
13225
11305
11339
11341
13226
11306
11336
11338
11307
11333
11335
11308
11316
11318
11309
11313
11315
11310
11312
11311
11315
13070
11312
11314
11322
13071
11313
11321
11314
11318
11320
11315
11317
11327
13080
11316
13075
11317
11335
13076
11318
11328
11334
13079
11319
11333
11320
11328
11330
11332
11321
11325
11327
11322
11324
11323
11327
13082
11324
11326
13085
13117
11325
13118
11326
11330
13279
11327
11329
13086
13278
11328
13081
11329
13090
13240
11330
13091
13245
13281
11331
13280
11332
13243
13245
13456
11333
13240
13242
11334
11338
11335
11337
13236
13240
11336
13231
11337
13226
13230
11338
13227
13237
13241
11339
13242
11340
13223
13227
13255
11341
13192
13194
13212
11342
13191
11343
13190
13194
11344
11347
11349
11345
11350
11346
11347
11495
11501
11348
11496
13190
11349
11499
11501
11513
13193
11350
11512
13194
11351
11501
11503
11352
11354
11353
11425
11501
11354
11356
11476
11502
11355
11503
11356
11510
11590
11357
11479
11515
11589
11358
11480
11359
11567
11587
11589
11593
11360
11410
11562
11590
11361
11409
11559
11561
11362
11400
11402
11558
11363
11373
11381
11399
11364
11372
11376
11378
11365
11369
11371
11366
11368
11378
11367
11379
11368
11384
11386
11369
11377
11387
11370
11376
11536
11371
11375
11525
11535
11372
11522
11373
11375
11521
11374
11520
11558
11375
11399
11531
11555
11557
11376
11526
11540
11377
11399
11541
11378
11382
11384
11392
11379
11381
11380
11384
11381
11383
11403
11382
11402
11383
11393
11399
11401
11384
11394
11404
11385
11386
11390
11392
11394
11387
11389
11388
11392
11536
11389
11391
11537
11545
11390
11546
11391
11395
11635
11392
11396
11542
11636
11393
11541
11394
11396
11398
11406
11395
11405
11396
11600
11634
11397
11599
11637
11398
11542
11554
11598
13336
11399
11541
11555
11597
11400
11401
11557
11561
11597
11402
11404
11406
11408
11403
11409
11404
11405
11406
11600
11602
11407
11597
11599
11408
11596
11602
11604
11610
11409
11561
11563
11410
11411
11563
11567
11412
11564
11413
11565
11567
11569
11414
11415
11447
11449
11569
11416
11444
11446
11417
11421
11423
11418
11420
11419
11423
11420
11422
11428
11434
11421
11435
11422
11440
11444
11423
11429
11439
11445
11424
11446
11425
11429
11475
11426
11430
11476
11500
11427
11495
11428
11430
11432
11494
11429
11433
11430
11472
11474
11431
11477
13179
11432
11470
11472
11484
13180
11433
11469
11493
11434
11468
11472
11435
11437
11439
11436
11440
11437
11441
11459
11438
11460
11468
11439
11441
11453
11465
11471
11440
11452
11472
11441
11443
11442
11458
11443
11453
11455
11457
11444
11450
11452
11445
11449
11446
11448
11452
11474
11447
11475
11448
11480
11568
11449
11451
11481
11571
11450
11570
11451
11455
11577
11452
11454
11482
11578
11453
11473
11454
11486
11898
11455
11487
11579
11897
11456
11580
11457
11895
11897
11901
11458
11898
11900
11459
11463
11465
11460
11462
11461
11465
11467
11462
11464
11906
12025
11463
11939
11464
11900
12023
11465
11899
11905
12024
11466
11898
11467
11471
11905
11909
13742
11468
11906
11908
11469
11471
11470
11492
11908
11471
11485
11491
11909
11472
11486
11473
11474
11482
11484
11486
11475
11477
11481
11476
11480
11477
11479
13175
11478
11484
13178
11479
11481
11483
11867
13762
11480
11588
13174
11481
11587
11482
11586
11483
11487
11585
11484
11488
11868
13761
11485
13760
11486
11488
11490
13741
11487
13742
11488
11870
13743
11489
11869
13744
11490
13761
13791
13793
13795
11491
13756
13758
13760
11492
13180
13184
13755
11493
13183
13750
11494
13180
13182
11495
11497
13179
11496
11500
11497
11499
13189
11498
13182
13188
11499
13177
13179
13181
13772
11500
13176
13767
11501
13175
13179
11502
11503
11513
11515
13175
11504
11510
11512
11505
11509
11506
11512
13196
11507
11509
11511
13147
13199
11508
13146
13200
11509
11519
11510
11518
11511
11515
11517
11512
11514
13152
13216
11513
13195
11514
13176
13214
11515
13153
13215
13764
11516
13174
11517
11589
13153
13155
13173
11518
11590
13150
13152
11519
11559
13147
13149
11520
11558
13144
13146
11521
11529
11531
11522
11526
11528
11523
11525
11524
11528
13120
11525
11527
13121
13133
11526
11534
11527
11531
11533
11528
11530
13130
13138
11529
13125
11530
13126
13146
11531
13129
13139
13145
11532
13144
11533
11555
13139
13141
13143
11534
11540
13136
13138
11535
13133
13135
11536
11538
11540
11537
11541
11538
11542
11544
11539
11551
13135
11540
11542
11552
11554
13136
11541
11555
11542
11543
11544
11552
11636
13334
13336
11545
11549
11551
11546
11548
11636
11547
11635
11548
11640
11644
11549
11639
11645
11550
13334
13349
11551
13315
13333
13348
11552
13314
11553
13327
13333
11554
13328
13336
13338
13345
11555
13141
13339
11556
11557
11597
11613
13143
13339
11558
11560
13144
11559
11560
11590
11561
11591
11613
13149
11562
11596
11563
11591
11593
11595
11564
11566
11604
11565
11603
11566
11574
11606
11567
11573
11593
11605
11568
11569
11571
11573
11587
11570
11574
11571
11575
11577
11572
11578
11586
11573
11575
11583
11625
11863
11574
11622
11864
11575
11623
11576
11624
11577
11581
11583
11885
11578
11580
11579
11583
11585
11580
11582
11870
11896
11581
11895
11582
11886
11894
11583
11871
11887
13724
11584
11884
11585
11863
11871
11873
11883
11586
11868
11870
11587
11863
11867
11588
11864
11589
11865
11867
13173
11590
11592
11591
11592
11614
13150
11593
11615
11865
13155
11594
11864
11595
11605
11615
11619
11877
11596
11604
11614
11618
11597
11611
11613
11598
11599
11611
13337
13339
11600
11610
11658
11601
11633
11602
11608
11610
11632
11603
11604
11606
11608
11605
11609
11606
11620
11622
11607
11623
11608
11620
11628
11630
11609
11631
11610
11618
11620
11664
11611
11659
11612
11618
13341
11613
11617
13163
13339
13340
11614
13158
11615
11617
13157
11616
11876
13156
11617
11619
11879
13169
13392
11618
13164
13389
11619
13390
11620
11878
13391
11621
11665
11622
11626
11628
11852
11878
11623
11625
11877
11624
11628
11625
11627
11885
11626
11862
11884
11627
11851
11861
11889
11628
11850
11890
11629
11630
11850
11852
11854
11631
11665
11667
11632
11662
11664
11633
11659
11661
11634
11656
11658
11635
11637
11641
11636
11640
11637
11639
11638
11658
13336
11639
11641
11651
11657
13335
11640
11650
13334
11641
11643
11642
11656
11643
11651
11653
11655
11644
11648
11650
11645
11647
11646
11650
13349
11647
11649
11689
13350
11648
11688
11649
11653
11687
11650
11652
11694
13353
11651
13354
11652
11672
13355
11653
11673
11695
13356
11654
11686
11655
11673
11675
11685
11656
11670
11672
11657
11661
11658
11660
11672
13343
11659
13337
11660
11664
13341
11661
11663
11671
13342
11662
11670
11663
11667
11669
11664
11666
11678
13395
11665
13390
11666
11852
13391
11667
11679
11853
13394
11668
11854
11669
11679
11681
11855
11670
11676
11678
11671
11675
11672
11674
11678
13385
11673
13384
11674
11714
13403
11675
11677
11715
13402
11676
11684
11677
11681
11683
11678
11680
11720
13401
11679
13396
11680
11856
13399
11681
11721
13400
13666
11682
13665
11683
11721
11723
13664
11684
11718
11720
11685
11715
11717
11686
11712
11714
11687
11695
11697
11688
11692
11694
11689
11691
11690
11694
13549
11691
11693
11701
13550
11692
11700
11693
11697
11699
11694
11696
11706
13559
11695
13554
11696
11714
13555
11697
11707
11713
13558
11698
11712
11699
11707
11709
11711
11700
11704
11706
11701
11703
11702
11706
13561
11703
11705
13564
15533
11704
15532
11705
11709
15531
11706
11708
13565
15538
11707
13560
11708
13569
13641
11709
13570
13646
15539
11710
15530
11711
11729
13644
13646
15529
11712
11728
13641
13643
11713
11717
11714
11716
13627
13641
11715
13622
11716
11720
13623
11717
11719
13628
13642
11718
13643
11719
11723
13654
11720
11722
13629
13653
11721
13630
11722
13633
13683
11723
13634
13656
13686
11724
13655
13663
11725
11739
11726
11736
11738
13655
11727
11733
11735
13654
11728
11730
11732
13643
11729
11730
14386
11731
11735
13644
14387
11732
11734
14356
11733
11734
11735
14355
11736
13659
14392
11737
13660
14393
11738
13661
15391
15394
15396
11739
11817
11843
13662
11740
11816
11844
13663
11741
13664
11742
11814
11836
11844
11846
11743
11847
11744
11750
11752
11836
13715
11745
11749
13710
11746
11748
11752
11747
11748
11994
11749
11751
12002
11750
12003
13709
11751
11837
12006
13716
11752
11754
11812
12007
11753
11813
11754
11802
11755
11811
11756
11978
11980
12007
15116
11757
11773
11977
12002
11758
11770
11772
11994
11759
11767
11769
11991
11760
11764
11766
11970
11761
11763
11967
11762
11766
11763
11765
11764
11968
11765
11769
11969
11766
11768
11767
11768
11772
11769
11771
11770
11992
11771
11977
11993
11772
11976
11773
11774
11976
11980
11775
11980
11982
11777
11779
11778
11800
11982
11779
11793
11799
11983
11780
11794
11781
11782
11790
11792
11794
11783
11785
11789
11784
11788
11785
11787
11819
11786
11792
11820
11787
11789
11791
11825
15056
11788
11824
15055
11789
15054
11790
15053
11791
11795
15052
11792
11796
11826
15063
11793
11827
11794
11796
11798
11984
11795
11796
15051
11797
11985
15064
11798
11826
11830
15137
15141
11799
11827
11829
15132
11800
11808
11810
15118
11801
11811
11981
11802
11808
11803
11809
11811
11813
11804
11814
11805
11807
11809
11815
11821
11806
11816
11818
11807
11819
11808
11820
11809
11827
11810
11828
11834
11811
11829
11839
15117
11812
15116
11813
11837
11839
15124
11814
11834
11836
11815
11816
11834
11844
15393
11817
11818
15393
15394
11819
11821
11823
11820
11824
11821
11825
11827
11822
11828
15393
11823
11825
11831
15146
15392
11824
15145
15394
11825
15144
11826
15143
11827
11831
15142
11828
11829
11831
11833
11830
11840
15131
11831
15136
15154
15407
11832
15153
11833
15392
15405
15407
15425
11834
11840
11842
15393
11835
11839
11836
11838
11842
11844
15381
11837
15376
11838
15125
15377
11839
11841
15128
15382
11840
15129
11841
15130
15407
11842
15383
15406
15410
11843
15384
15405
11844
15385
15391
15393
11845
11846
13663
13685
15381
15385
11847
13664
13684
15376
11848
13665
13667
13715
11849
11855
11857
13710
11850
11854
11858
13707
11851
13702
11852
11858
11860
13701
11853
13672
11854
11856
11858
13671
11855
11856
13665
11857
13666
13670
11858
13667
13669
13711
11859
13706
11860
13669
13671
13675
15367
11861
13672
13674
13700
11862
11878
11880
11882
11863
11875
11877
11883
11864
11866
11865
11877
11866
11876
13172
11867
11873
11875
13802
11868
13797
11869
11873
13796
11870
11872
13795
13831
11871
13830
11872
13825
13829
11873
13808
13824
13836
11874
13803
11875
11881
11883
13810
13824
11876
11880
13811
11877
11879
13171
11878
11879
13672
11880
13170
13673
11881
13674
13816
11882
13699
13817
13823
11883
11889
13700
13826
11884
13825
11885
11887
11889
11886
11890
11887
11891
11893
11888
13723
13825
11889
11891
13704
13722
13826
11890
13701
11891
13702
11892
13703
11893
11971
13720
13722
13842
11894
11966
13723
13841
11895
11957
13724
13728
11896
13727
11897
13724
13726
13830
11898
11902
13743
11899
13742
11900
11902
11904
12033
11901
12034
11902
12035
13727
11903
12036
13726
11904
13737
13743
13745
13833
11905
12032
13740
13742
11906
11910
12031
11907
12030
11908
11910
11912
13749
11909
13750
11910
13741
13755
11911
13740
13748
11912
12031
12041
13739
15218
11913
12030
12042
13914
11914
11922
12043
12089
11915
11921
12044
12088
11916
11918
12047
11917
11918
13921
11919
12044
12046
13926
11920
13927
11921
11923
12044
15241
11922
11923
12030
11924
12029
12043
15246
11925
12026
11926
11935
11936
15246
15248
11927
11933
11934
15241
11928
11931
11932
13927
11929
11930
13922
11932
11931
13923
11934
13928
11933
11936
11935
15242
15245
15249
11937
11938
15248
15250
11939
11941
12022
12026
11940
12023
12025
11941
11943
11944
11943
11947
11944
11946
12023
11945
12022
11946
11950
12021
11947
11949
12034
11948
11949
11961
11950
11952
12035
11951
12020
11952
11962
12019
11953
11959
11961
13730
11954
11958
13727
11955
11961
11956
11958
11960
11968
11957
11967
11958
11966
11959
11965
13728
11960
11962
11964
13729
11961
11975
11963
12018
11964
11986
12017
11965
11973
11975
15191
11966
11968
11972
13841
11967
11971
11968
11970
11969
11975
11970
11972
11974
11992
11971
11991
11972
11990
11973
11989
13842
11974
11986
11988
15190
11975
11999
11977
11979
11978
12001
11979
12008
15115
11980
15120
11981
11982
15116
15118
15120
11983
11984
15118
11985
15132
15084
15137
11987
12016
11988
12013
12015
11989
11997
11999
15189
11990
11992
11996
15448
11991
11995
13720
11992
11994
11993
11999
11994
11996
11998
12001
11995
12002
11996
12003
13719
11997
12004
15447
11998
12011
12013
15188
11999
12000
12001
12009
12011
12002
12004
12008
12003
12007
12004
12006
13718
12005
12011
15446
12006
12008
12010
15126
15445
12007
13717
15125
12008
15124
12009
15123
12010
15181
12011
15182
15184
15444
12012
15187
12013
15184
15186
12014
12015
15186
15188
15478
20928
12016
15189
15477
20924
12017
15190
15194
18378
12018
15191
15193
18374
12019
13729
13733
18356
12020
13730
13732
18352
12021
12035
12037
15265
12022
12034
12038
15261
12023
12027
15250
12024
12034
12025
12027
12031
12033
12026
12030
12027
12029
15248
12028
12038
15251
12029
12031
12039
12041
15258
12030
12042
15247
12031
12032
12033
12039
13737
13739
12034
12036
12038
12035
12036
13730
12037
13731
13737
12038
13732
15203
15264
12039
15260
12040
15203
15259
12041
13739
15202
15234
15314
12042
15235
15257
12043
13915
15238
12044
13916
15239
12045
15240
12046
12088
12092
13916
13918
12047
12063
13919
12048
12060
12088
12049
12077
12050
12052
12058
12060
12076
12051
12061
12052
12053
12075
12054
12058
12074
12055
12057
12073
12327
12056
12312
12057
12067
17324
12058
12068
12072
17325
12059
12085
12060
12064
12068
12086
12061
12063
12087
12062
12063
12065
15288
12064
12092
15289
12065
12069
12093
17284
12066
17279
12067
12069
12101
17280
12068
17323
12069
12071
17360
12070
12100
17283
12071
12093
12097
12099
17296
12072
12086
12096
17361
12073
12083
12085
17338
12074
12082
12326
12075
12081
12085
12076
12080
12077
12079
12085
12087
12078
12088
12079
12089
13749
12080
12084
12090
13752
12081
13751
12082
12084
13858
12083
12325
13859
12084
12096
13860
17339
12085
12095
13857
12086
12087
12093
12095
12088
12090
12092
12089
12090
13914
13916
12091
12095
13913
12092
12094
13916
15221
15295
12093
15294
12094
17295
12095
12097
15222
17300
12096
13912
12097
15224
18086
12098
15223
17299
12099
18084
18086
18088
18665
12100
17361
17363
18660
12101
17360
17364
17366
12102
17319
17321
17323
12103
17046
17048
17120
12104
17043
17045
17115
12105
12283
12285
12854
12106
12280
12282
12849
12107
12277
12824
12108
12819
12109
12139
12277
12818
12110
12140
12276
12111
12113
12117
12119
12112
12116
12130
12113
12115
12114
12115
12117
12261
12116
12258
12117
12147
12259
12118
12260
12276
12119
12145
12147
12269
12275
12120
12130
12132
12140
12121
12133
12122
12130
12123
12131
12133
12343
12124
12368
12125
12127
12129
12131
12403
12126
12402
12127
12245
12407
12128
12146
12246
12406
12129
12147
12149
12130
12131
12147
12132
12146
12342
12133
12141
12145
12553
12134
12527
12135
12141
12528
12136
12138
12142
12544
12580
12137
12543
12581
12138
12595
12139
12816
12140
12142
12278
12817
12141
12275
12142
12144
12554
12143
12555
12579
12144
12278
12560
12576
12578
12145
12273
12275
12559
12146
12268
12552
12147
12267
12341
12148
12149
12259
12265
12267
12269
12150
12246
12248
12151
12243
12245
12152
12240
12242
12153
12237
12239
12154
12158
12155
12157
12239
12411
12156
12412
12157
12171
12419
12158
12172
12238
12424
12159
12237
12160
12172
12174
12236
12161
12169
12171
12162
12164
12168
12163
12167
12164
12166
12428
12165
12171
12427
12166
12168
12170
12208
12434
12167
12207
12433
12168
12178
12169
12177
12170
12174
12176
12171
12173
12213
12435
12172
12426
12173
12295
12425
12174
12214
12296
12440
12175
12235
12176
12214
12216
12234
12177
12211
12213
12178
12208
12210
12179
12205
12207
12180
12188
12190
12181
12185
12187
12182
12184
12183
12187
12447
12184
12186
12194
12448
12185
12193
12186
12190
12192
12187
12189
12199
12449
12188
12446
12189
12207
12445
12190
12200
12206
12454
12191
12205
12192
12200
12202
12204
12193
12197
12199
12194
12196
12195
12199
12457
12196
12198
12458
13069
12197
13070
12198
12202
13075
12199
12201
12459
13074
12200
12456
12201
12221
12455
12202
12222
12464
13077
12203
13076
12204
12222
12224
13231
12205
12219
12221
12206
12210
12207
12209
12221
12467
12208
12444
12209
12213
12443
12210
12212
12220
12472
12211
12219
12212
12216
12218
12213
12215
12227
12473
12214
12442
12215
12441
12993
12216
12228
12478
12994
12217
12233
12218
12228
12230
12232
12219
12225
12227
12220
12224
12221
12223
12227
12481
12222
12466
12223
12465
13232
12224
12226
12486
13233
12225
13230
12226
12230
13229
12227
12229
12487
13264
12228
12480
12229
12479
13009
12230
12492
13010
13263
12231
13262
12232
13010
13012
16705
12233
13009
13013
12234
12994
12996
12235
12993
12997
12236
12296
12298
12237
12293
12295
12238
12242
12239
12241
12295
12499
12240
12410
12241
12245
12409
12242
12244
12294
12504
12243
12293
12244
12248
12292
12245
12247
12301
12505
12246
12408
12247
12267
12509
12248
12266
12302
12510
12249
12265
12291
12250
12264
12251
12253
12255
12291
12307
12252
12292
12253
12299
12315
12254
12304
12306
12314
12255
12311
12313
12256
12257
12307
12309
12311
12258
12262
12264
12259
12261
12260
12264
12261
12263
12269
12281
12262
12282
12263
12283
12309
12264
12270
12284
12308
12265
12307
12266
12270
12290
12267
12271
12335
12339
12268
12340
12269
12271
12273
12563
12270
12274
12271
12287
12289
12272
12334
12568
12273
12287
12569
12575
17040
12274
12562
12576
12275
12279
12281
12287
12276
12278
12277
12281
12278
12280
12823
12279
12846
12280
12286
12576
12847
12281
12285
12848
12282
12284
12283
12284
17045
12285
12287
17044
12286
12853
17043
12287
12575
17042
17110
12288
12289
17040
17042
17044
17050
12290
12308
12332
12334
12291
12305
12307
12335
12292
12302
12304
12293
12299
12301
12294
12298
12295
12297
12301
12973
12296
12498
12297
12497
12993
12298
12300
12972
12992
12299
12997
12300
12304
12998
12301
12303
12979
12999
12302
12974
12303
12335
12977
12304
12336
12978
13000
12305
13001
12306
12332
12336
17329
12307
12311
12329
12331
12308
12309
12331
17044
12310
17045
12311
12331
17046
17324
12312
12313
12327
12329
17324
12314
12318
12315
12317
12329
13001
12316
12998
12317
12321
13003
12318
12320
12328
13002
12319
12327
12320
12324
12326
12321
12323
13015
17336
12322
13014
12323
13017
16696
12324
13016
16697
17341
12325
16698
12326
17339
17341
18097
12327
17336
17338
12328
17325
12329
17326
17334
17336
12330
17329
12331
17322
17324
17326
17328
12332
17047
12333
17050
17328
12334
12336
17025
17051
17331
12335
17024
17040
12336
12338
12337
17330
12338
12978
17021
17025
18127
12339
12977
17022
17024
12340
12510
12566
12568
12341
12509
12563
12565
12342
12406
12550
12552
12343
12403
12549
12553
12344
12368
12525
12527
12345
12367
12522
12524
12346
12521
12347
12519
12520
12524
12348
12366
12372
12349
12353
12365
12386
12350
12352
12358
12373
12351
12357
12374
12352
12356
12353
12355
12354
12355
12363
12365
12367
12356
12358
12362
12357
12361
12358
12360
12375
12359
12365
12384
12360
12362
12364
12383
12390
12361
12382
12391
12362
12392
12363
12393
12364
12368
12402
12365
12369
12387
12401
12366
12385
12367
12369
12371
12524
12368
12369
12403
12370
12404
12525
12371
12387
12515
12517
12372
12385
12518
12386
12519
12374
12384
12386
12375
12376
12382
12384
12377
12378
12382
12379
12381
12380
12919
12381
12396
12398
12918
12382
12389
12391
12383
12384
12387
12389
12385
12386
12387
12388
12389
12399
12401
12515
12390
12398
12391
12393
12397
12401
12392
12396
12393
12395
12394
12402
12395
12397
12407
12409
12396
12410
12397
12501
12398
12400
12502
12399
12917
12400
12514
12916
12401
12405
12407
12507
12402
12404
12403
12407
12404
12406
12405
12515
12549
12406
12508
12514
12550
12407
12509
12408
12409
12505
12507
12509
12410
12502
12504
12411
12499
12501
12412
12422
12424
12413
12419
12421
12414
12418
12415
12421
12921
12416
12418
12420
12430
12922
12417
12429
12418
12428
12419
12427
12420
12424
12426
12421
12423
12437
12923
12422
12920
12423
12501
12919
12424
12438
12500
12924
12425
12499
12426
12438
12440
12498
12427
12435
12437
12428
12430
12434
12429
12433
12430
12432
12431
12437
12927
12432
12434
12436
12470
12928
12433
12469
12434
12444
12435
12443
12436
12440
12442
12437
12439
12475
12929
12438
12926
12439
12925
12969
12440
12476
12930
12970
12441
12497
12442
12476
12478
12496
12443
12473
12475
12444
12470
12472
12445
12467
12469
12446
12452
12454
12447
12449
12451
12448
12449
12457
12450
12454
12456
12451
12453
12461
12939
12452
12936
12453
12469
12935
12454
12462
12468
12940
12455
12467
12456
12462
12464
12466
12457
12459
12461
12458
12459
13068
12460
12464
13067
12461
12463
12945
13066
12462
12942
12463
12483
12941
12464
12484
12946
13097
12465
13096
12466
12484
12486
16877
12467
12481
12483
12468
12472
12469
12471
12483
12949
12470
12934
12471
12475
12933
12472
12474
12482
12950
12473
12481
12474
12478
12480
12475
12477
12489
12951
12476
12932
12477
12931
12987
12478
12490
12952
12988
12479
12495
12480
12490
12492
12494
12481
12487
12489
12482
12486
12483
12485
12489
12955
12484
12948
12485
12947
16878
12486
12488
12956
16879
12487
16876
12488
12492
16875
12489
12491
12957
16886
12490
12954
12491
12953
13033
12492
12958
13034
16887
12493
16874
12494
13010
13034
13036
16973
12495
13009
13031
13033
12496
12988
12990
12994
12497
12987
12991
12993
12498
12970
12972
12499
12969
12973
12500
12504
12501
12503
12965
12969
12502
12918
12503
12507
12917
12504
12506
12966
12968
12505
12973
12506
12510
12974
12507
12511
12915
12975
12508
12916
12509
12511
12513
12565
12510
12511
12977
12512
12566
12976
12513
12911
12913
12915
12514
12908
12916
12515
12907
12516
12517
12549
12905
12907
12518
12525
12538
12519
12524
12537
12536
12521
12523
12531
12536
12522
12523
12527
12529
12524
12526
12530
12537
12525
12526
12549
12527
12538
12546
12548
12528
12553
12529
12544
12546
12554
12530
12543
12531
12540
12542
12546
12533
12535
12533
12543
12800
12534
12542
12799
12535
12541
12808
12536
12540
12537
12538
12540
12539
12905
12540
12546
12902
12904
12541
12542
12809
12902
12543
12545
12810
12544
12811
12545
12555
12895
12546
12556
12896
12902
12547
12548
12554
12556
12558
12904
12549
12551
12553
12905
12550
12551
12565
12907
12552
12558
12564
12906
12553
12559
12563
12554
12555
12559
12556
12560
17059
12557
12903
17060
12558
12560
12572
17033
17063
12559
12571
17032
12560
12562
12561
17058
12562
12572
12574
12576
17057
12563
12569
12571
12564
12568
12565
12567
12571
12909
12566
12908
12567
12911
17022
12568
12570
12910
17023
12569
17024
12570
12574
17039
12571
12573
17030
17038
12572
17031
12573
17034
17400
12574
17035
17037
17401
12575
17054
17056
12576
17041
17109
12577
12578
12847
17057
17107
17109
12579
12846
12891
17058
12580
12817
12843
17059
12581
12816
12842
12895
12582
12595
12811
12813
12592
12594
12800
12584
12586
12590
12593
12599
12585
12594
12596
12586
12597
12587
12598
12588
12590
12605
12589
12791
12832
12590
12647
12792
12831
12591
12830
12593
12645
12647
12837
12593
12645
12801
12813
12594
12814
12595
12596
12814
12816
12597
12599
12601
12598
12602
12599
12603
12605
12600
12814
12830
12601
12603
12815
12821
12829
12602
12816
12818
12603
12819
12604
12820
12605
12611
12827
12829
12833
12606
12830
12832
12607
12609
12611
12608
12612
12609
12613
12625
12610
12652
12832
12611
12613
12617
12657
12833
12612
12616
12613
12615
12614
12624
12615
12617
12621
12623
12616
12620
12617
12619
12827
12618
12658
12862
12619
12621
12734
12736
12863
12620
12710
12826
12621
12709
12622
12708
12623
12736
12738
12740
17133
12624
12658
12660
12662
12625
12631
12655
12657
12626
12652
12654
12627
12629
12631
12628
12632
12629
12633
12635
12630
12636
12654
12631
12633
12641
12655
12661
12632
12662
12633
12663
12634
12664
12635
12641
12763
12636
12637
12639
12641
12643
12638
12644
12639
12774
17177
12640
12777
17184
12641
12765
12778
17185
12642
12764
12643
12655
12769
12771
12778
12644
12654
12772
12777
12649
12773
12774
12646
12802
12838
12647
12796
12803
12839
12648
12836
12792
12794
12796
12875
12650
12654
12651
12653
12773
12790
12652
12791
12653
12657
12867
12654
12656
12772
12870
12655
12656
12660
12657
12659
12771
12871
12658
12866
12659
12736
12865
12660
12737
12770
17094
12661
12738
12769
12662
12664
12739
12764
12663
12740
12664
12666
12665
12763
12666
12739
12743
12762
12667
12740
12742
12668
12669
12742
12748
12670
12686
12688
12671
12672
12686
12750
12673
12674
12682
12684
12750
12675
12677
12681
12676
12680
12677
12679
12695
12678
12684
12694
12679
12681
12683
12701
13924
12680
12700
13921
12681
13922
12682
13923
12683
12751
13930
12684
12702
12752
15272
12685
12693
12686
12749
12750
12752
12754
12687
12748
12688
12692
12706
12747
12754
12689
12742
12690
12706
12708
12741
12691
12709
12692
12704
12706
12719
12693
12694
12702
12704
12754
12695
12697
12701
12696
12700
12697
12699
12722
12698
12704
12721
12699
12701
12703
12728
15287
12700
12727
15288
12701
13920
12702
15286
12703
12753
15285
12704
12729
17155
17157
12705
12720
12706
12754
12756
17130
17155
12707
12746
12708
12719
12733
17130
17132
12709
12734
17133
12710
12719
12711
12718
12734
12857
12712
12717
12850
12713
12716
12849
12714
12715
12716
12722
12717
12723
12854
12718
12724
12855
12719
12731
12733
12856
12720
12721
12729
12731
17130
12722
12724
12728
12723
12727
12724
12726
17115
12725
12731
17116
12726
12728
12730
17121
17281
12727
17120
17280
12728
17279
12729
17278
12730
17129
17277
12731
17122
17128
17288
12732
17123
12733
17126
17128
17130
17138
12734
17101
17137
12735
17100
12736
17133
17135
17137
19851
12737
12864
12738
12784
17095
17135
12739
12768
17134
12740
12744
12767
12741
12742
12744
12746
17133
12743
12747
12744
12759
12761
12745
17134
17144
12746
12757
12759
17141
17147
12747
12756
17132
12748
12755
12759
12749
12755
17164
12751
12752
15274
12753
15273
17164
12754
17155
17161
17163
12755
12756
12758
17163
12757
17131
17154
12758
17140
17148
17153
12759
17149
17167
12760
12761
17147
17149
12762
17144
12763
12767
12764
12765
12767
12769
12766
12781
17242
12767
12782
17145
17243
12768
17144
12769
12782
12784
17143
12770
12781
12771
12780
12784
12786
12772
12779
12787
12773
12776
12788
12775
12789
12775
12777
17178
12776
17179
17195
12777
12779
17196
17229
12778
17228
12779
12781
17233
12780
17201
17232
12781
12783
17202
17248
12782
17247
12783
17252
17254
12784
17207
17251
17255
12785
17256
12786
17095
17205
17207
19849
12787
17094
17202
17204
12788
12871
17199
17201
12789
12870
17196
17198
12790
17193
17195
12791
12793
12870
12792
12867
12793
12868
12794
12869
17193
12795
12878
17418
12796
12877
17417
18178
12797
12876
12803
18176
18178
19714
12799
12801
12805
12807
12898
12800
12808
12810
12801
12811
12802
12812
12803
12805
17073
12804
17074
12805
17075
17415
18176
12806
17072
12807
17071
17415
12808
12899
12809
12810
12899
12901
12811
12896
12898
12812
12895
12813
12894
12898
17073
12814
12838
12842
12815
12837
12816
12842
12844
12886
12817
12818
12844
12846
12819
12821
12823
12820
12824
12821
12825
12827
12822
12828
12844
12823
12825
12845
12851
12859
12824
12846
12848
12825
12849
12826
12850
12827
12857
12859
12863
12828
12862
12829
12859
12861
12885
12830
12834
12886
12831
12837
12832
12834
12836
12868
12833
12867
12834
12862
12866
12835
12861
12873
12836
12840
12874
12886
12887
12837
12839
12875
12838
12886
12839
12841
17073
12840
12876
17074
12841
12881
12883
17079
12842
12884
12886
17078
12843
12894
12844
12884
12891
12893
12845
12885
12846
12889
12891
17106
12847
12848
17106
17110
12849
12851
12853
12850
12854
12851
12855
12857
12852
12858
17106
12853
12855
17103
17111
17117
12854
17110
17114
12855
17115
12856
17116
12857
17101
17103
17123
12858
17100
12859
17099
17103
17105
12860
12889
12861
12863
12888
17097
17099
12862
12887
17092
12863
12865
12864
17100
12865
17095
17097
19851
12866
17092
17094
12867
12871
12873
12868
12870
12869
12873
12875
12870
12872
12878
17198
12871
12872
17094
12873
12879
17093
17199
12874
17092
12875
12879
12881
17091
12876
12878
12877
12881
19714
12878
12880
17422
19713
12879
17421
12880
17426
17430
12881
17425
17431
19720
12882
19719
12883
17089
17091
17431
19730
12884
12887
17080
17088
12885
12890
17081
12886
12887
12889
12888
17091
12889
17088
17090
17382
12890
17105
12891
17086
17088
17380
12892
17107
12893
17058
17062
17086
17398
12894
17059
17061
17081
12895
12897
17078
12896
17059
12897
12901
17060
12898
12900
17061
17077
12899
17072
12900
17071
12901
17066
17070
12902
17065
12903
12904
17033
17065
12905
17032
12906
12907
12909
17032
12908
12909
12911
12910
17031
12911
17028
17030
12912
12913
17020
17022
17028
12914
12976
12982
12915
12967
12975
12983
12916
12966
12917
12918
12966
12919
12965
12920
12924
12921
12923
12922
12923
12927
12924
12926
12925
12965
12926
12930
12964
12927
12929
12928
12929
12933
12930
12932
12931
12963
12932
12952
12962
12933
12951
12934
12950
12935
12949
12936
12940
12937
12939
12938
12939
12943
12940
12942
12941
12949
12942
12946
12948
12943
12945
12944
12945
13062
12946
13061
12947
13060
12948
12956
13059
12949
12955
12950
12951
12955
12952
12954
12953
12961
12954
12958
12960
12955
12957
12956
12957
13058
12958
13057
12959
13056
12960
13034
13050
13055
12961
13033
13049
12962
12988
13048
12963
12985
12987
12964
12970
12984
12965
12967
12969
12966
12967
12968
12984
12969
12971
12973
12975
12970
12971
12987
12972
12980
12984
12986
12973
12979
12991
12974
12975
12977
12979
12976
12980
12977
12981
17022
12978
12979
12981
13023
12980
13024
12981
12983
13025
12982
13026
17021
12983
13045
17020
12984
13046
12985
12986
13046
13048
12987
12989
12991
13025
12988
12989
13033
12990
13028
13032
13048
12991
12995
13029
13031
12992
13024
12993
12995
12997
12999
12994
12995
13009
12996
13004
13008
12997
13003
13013
12998
12999
13001
13003
13000
13004
13024
13001
13005
13023
17330
13002
17329
13003
13005
13015
17334
13004
13014
13005
13007
13029
13006
13022
17333
13007
13015
13019
13021
17344
13008
13014
13018
13030
13009
13011
13013
13031
13010
13011
16706
13012
13018
13036
16707
13013
13017
16704
13014
13015
13017
13016
17335
13017
13019
16996
17342
13018
16703
13019
13037
16994
13020
16995
17343
13021
13037
13041
17010
18619
13022
13030
13040
18614
13023
13027
13029
18130
13024
13026
18127
13025
13029
13026
13028
13046
13027
13045
18126
13028
13040
13044
18131
13029
13039
13047
13030
13031
13037
13039
13032
13036
13033
13035
13039
13049
13034
13035
16972
13036
13038
13050
16975
13037
16974
13038
16993
13039
13041
13051
16992
13040
13052
13041
13043
18615
13042
17011
18618
13043
13051
17014
17016
13044
13052
17017
13045
13047
17018
13046
17019
13047
13048
13052
13049
13050
13052
13051
13054
13052
13053
13054
16990
16992
17014
13055
16975
16989
13056
16970
16972
13057
16887
16889
13058
16886
16890
13059
16879
16891
13060
16878
16892
13061
13097
13099
13062
13064
13066
13063
13064
13102
13065
13099
13101
13066
13098
13106
13108
13067
13097
13068
13074
13096
13108
13069
13109
13070
13072
13074
13071
13075
13072
13080
13082
13073
13083
13109
13074
13078
13080
13088
13108
13075
13077
13076
13080
13077
13079
13231
13078
13096
13232
13079
13089
13095
13235
13080
13090
13236
13081
13082
13086
13088
13090
13083
13085
13084
13088
13110
13085
13087
13111
13115
13086
13116
13087
13091
13277
13088
13092
13112
13477
13089
13107
13090
13092
13094
13248
13091
13239
13092
13246
13276
13093
13247
13478
13094
13112
16896
16900
16926
13095
13107
16895
16901
13096
13098
13108
16882
13097
16877
13098
16878
13099
16881
16895
13100
16892
13101
16893
16895
16897
13102
13104
13106
13103
13104
16920
13105
16897
16919
13106
13112
16896
16924
13107
16895
13108
13110
13112
13109
13110
13111
13112
13114
13113
13114
13477
16924
16926
16928
13115
16929
13116
13475
13477
13117
13277
13474
13118
13278
13284
13119
13279
13285
13120
13122
13124
13121
13125
13122
13130
13132
13123
13285
13291
13124
13128
13130
13286
13296
13125
13127
13279
13126
13130
13127
13129
13201
13128
13202
13280
13129
13207
13287
13297
13130
13206
13298
13131
13132
13138
13294
13296
13298
13133
13291
13293
13134
13138
13135
13137
13293
13313
13136
13314
13137
13141
13327
13138
13140
13294
13326
13139
13140
13160
13298
13141
13161
13299
13329
13142
13328
13143
13161
13163
13339
13376
13144
13158
13160
13145
13149
13146
13148
13160
13206
13147
13201
13148
13152
13204
13149
13151
13159
13205
13150
13158
13151
13155
13157
13152
13154
13166
13439
13153
13217
13154
13218
13799
13155
13167
13440
13800
13156
13172
13157
13167
13169
13171
13158
13164
13166
13159
13163
13160
13162
13166
13304
13161
13303
13162
13308
13375
13163
13165
13307
13378
13164
13377
13165
13169
13412
13166
13168
13413
13445
13167
13438
13168
13443
13813
13169
13414
13444
13814
13170
13411
13171
13814
13816
15350
13172
13811
13813
13173
13800
13802
13174
13797
13799
13175
13762
13764
13176
13178
13177
13764
13766
13178
13759
13763
13785
13179
13760
13762
13180
13181
13760
13182
13184
13759
13773
13183
13187
13184
13186
13751
13185
13754
13758
13186
13773
13777
13787
13863
13187
13776
13858
13188
13773
13775
13189
13770
13772
13190
13767
13769
13191
13193
13192
13769
13193
13213
13223
13768
13194
13214
13767
13195
13196
13212
13214
13216
13197
13199
13198
13212
13242
13199
13203
13211
13243
13200
13204
13216
13201
13202
13204
13206
13203
13207
13456
13204
13208
13210
13455
13205
13217
13206
13208
13304
13439
13207
13303
13208
13302
13461
13209
13305
13462
13210
13437
13439
13441
13463
13211
13217
13219
13454
13212
13216
13220
13256
13213
13255
13214
13220
13222
13781
13215
13766
13216
13218
13220
13765
13217
13218
13439
13219
13440
13874
13220
13441
13453
13873
13221
13782
13222
13256
13258
13453
16674
13223
13255
13259
16669
13224
16668
13225
13227
13259
13261
16663
13226
13262
16664
13227
13229
13228
13254
13229
13237
13253
13261
13265
13230
13262
13264
13231
13233
13237
13232
13236
13233
13235
16877
13234
13264
16876
13235
13237
13249
13265
16883
13236
13248
16882
13237
13239
13238
13239
13241
13249
13251
13253
13240
13246
13248
13241
13245
13242
13244
13254
13243
13255
13244
13256
13455
13245
13251
13257
13458
13246
13457
13247
13251
13275
13248
13250
16638
16900
13249
16901
13250
13268
16902
13251
13269
16637
16905
13252
13274
13253
13257
13269
13271
13273
13254
13260
13268
13255
13257
13259
13256
13257
13454
13258
13465
13259
13271
13466
16661
13260
16662
13261
13267
13271
16713
13262
13266
16710
13263
16705
13264
13266
16706
16874
13265
16875
13266
13268
16884
13267
16709
16873
13268
13270
16714
16872
13269
16907
13270
16646
16906
13271
16647
16717
16871
13272
16718
13273
13466
13468
16647
16737
13274
13465
13469
16646
13275
13458
13470
16637
13276
13457
13471
16638
13277
13281
13472
13478
13278
13473
13477
13279
13281
13283
13280
13286
13281
13287
13456
13282
13457
13283
13287
13460
13472
13490
13284
13286
13473
13489
13285
13474
13484
13286
13290
13287
13289
13288
13461
13289
13297
13490
13492
13494
13290
13296
13487
13489
13291
13484
13486
13292
13296
13293
13295
13319
13486
13294
13312
13295
13299
13311
13296
13300
13320
13487
13297
13298
13300
13302
13299
13303
13300
13308
13310
13301
13321
13492
13302
13306
13308
13431
13493
13303
13305
13494
13304
13308
13305
13307
13438
13306
13437
13497
13307
13430
13436
13498
13308
13429
13445
13309
13310
13373
13375
13429
13431
13311
13321
13329
13372
13312
13320
13324
13326
13313
13317
13319
13314
13316
13326
13315
13327
13316
13332
13361
13317
13325
13362
13318
13324
13537
13319
13323
13516
13536
13320
13515
13321
13323
13528
13322
13431
13529
13323
13372
13432
13532
13600
13324
13533
13541
13325
13372
13542
13326
13330
13332
13367
13327
13329
13328
13332
13329
13331
13376
13330
13375
13331
13368
13372
13374
13332
13345
13359
13381
13333
13360
13334
13345
13347
13335
13354
13336
13343
13345
13355
13337
13338
13341
13343
13339
13340
13344
13376
13341
13377
13387
13389
13342
13390
13343
13385
13387
13395
13344
13384
13345
13381
13383
13387
13346
13347
13355
13357
13359
13383
13348
13352
13354
13360
13349
13351
13361
13350
13354
13351
13353
13549
13352
13364
13548
13353
13357
13365
13553
13354
13356
13554
13355
13356
13384
13357
13403
13555
13358
13404
13556
13359
13365
13369
13423
13575
13360
13368
13382
13361
13365
13367
13362
13364
13363
13367
13537
13364
13366
13538
13546
13365
13547
13366
13576
13367
13369
13543
13577
13368
13542
13369
13371
13421
13370
13422
13578
13371
13543
13597
13599
13603
13372
13542
13600
13602
13373
13374
13428
13432
13602
13375
13379
13381
13421
13376
13378
13377
13381
13378
13380
13412
13379
13413
13429
13380
13416
13420
13428
13381
13387
13417
13419
13382
13383
13419
13421
13423
13384
13386
13404
13385
13403
13386
13396
13402
13387
13397
13405
13419
13388
13389
13393
13395
13397
13417
13390
13392
13412
13391
13395
13392
13394
13672
13393
13411
13673
13394
13398
13410
13676
13395
13399
13671
13396
13397
13399
13401
13398
13406
13418
13399
13407
13409
13677
13400
13670
13401
13407
13633
13681
13402
13406
13630
13403
13405
13623
13404
13622
13405
13423
13621
13406
13424
13624
13407
13617
13631
13408
13632
13680
13409
13617
16318
16344
16346
13410
13418
13614
16347
13411
13415
13417
15355
13412
13414
15350
13413
13417
13414
13416
13446
13415
13447
15351
13416
13610
13614
15354
13417
13609
13615
13418
13419
13615
13617
13420
13424
13421
13425
13427
13615
13422
13602
13423
13425
13603
16308
13424
13620
13425
13617
13619
13426
13616
16309
13427
13603
13605
16320
16326
13428
13602
13606
13608
13429
13433
13609
13430
13446
13431
13433
13435
16606
13432
16607
13433
13601
16612
13434
13606
16605
13435
13607
13609
13611
16760
13436
13446
13448
16755
13437
13445
13449
16654
13438
13442
16653
13439
13443
13445
13440
13441
13443
13877
13442
13452
13878
13443
13449
13451
13891
13444
13890
13445
13447
13449
13895
13446
13447
13609
13448
13610
16357
13449
13611
16358
16756
13450
13894
13451
16654
16656
16686
16756
13452
16653
16657
16681
13453
13463
13467
16680
13454
13466
16675
13455
13463
13465
13456
13458
13462
13457
13461
13458
13460
13459
13465
13460
13462
13464
13470
13496
13461
13471
13495
13462
13494
13463
13497
13464
16653
13465
13467
13469
16652
13466
13467
16660
13468
16657
16659
13469
16648
16650
16742
13470
16645
16651
13471
16634
16636
13472
13502
16639
13473
13479
13503
13474
13476
13504
13475
13483
13476
13482
16929
13477
13479
13481
16928
13478
13479
16638
16926
13480
16639
16927
13481
13503
13509
16640
16946
13482
13504
13508
16933
13483
13507
16930
13484
13504
13506
13485
13489
13486
13488
13506
13514
13487
13515
13488
13492
13528
13489
13491
13505
13527
13490
13504
13491
13495
13503
13492
13500
13510
13530
13493
13529
13494
13498
13500
16607
13495
13497
13496
13500
13502
13497
13499
16634
16652
13498
16653
13499
16606
16654
13500
16609
16633
16655
13501
16608
13502
13510
16633
16641
16793
13503
16634
16640
13504
13510
13505
13506
13508
13510
13512
13507
13513
13508
13520
16931
13509
13521
16932
13510
13522
16641
16945
13511
13512
13522
13530
16791
16793
13513
13521
13525
13527
13514
13518
13520
13515
13517
13527
13516
13528
13517
13533
13535
13518
13526
16617
13519
13525
16784
13520
13524
16785
20184
13521
20183
13522
13524
20182
13523
16794
20187
13524
16791
16797
16799
20186
13525
16788
20185
13526
16789
16791
13527
13531
13533
16616
13528
13530
13529
13533
13530
13532
16607
13531
16608
13532
16611
16615
16791
13533
16612
16614
13534
13535
13541
16614
16616
16620
13536
16617
16619
13537
13539
13541
13538
13542
13539
13543
13545
13540
16291
16619
13541
13543
13599
16292
16620
13542
13600
13543
13544
13545
13577
13597
16288
16292
13546
16289
16291
13547
13577
13581
13548
13576
13582
13549
13551
13553
13550
13554
13551
13559
13561
13552
13562
13582
13553
13557
13559
13567
13583
13554
13556
13576
13555
13559
13556
13558
13622
13557
13575
13621
13558
13568
13574
13626
13559
13569
13627
13560
13561
13565
13567
13569
13562
13564
13563
13567
13585
13564
13566
13588
16242
13565
16241
13566
13570
16240
13567
13571
13589
16247
13568
13584
13569
13571
13573
13639
13570
13640
13571
13647
16239
13572
13648
16248
13573
13589
13593
16272
16336
13574
13584
13592
16331
13575
13579
13583
16312
13576
13578
13620
13577
13583
13578
13580
13579
13597
16308
13580
13592
13596
16311
13581
13583
13591
16288
13582
13586
16289
13583
13585
13584
13585
13589
13591
13586
13588
13587
13591
16298
13588
13590
16275
16299
13589
16274
13590
16273
13591
13593
16280
16286
13592
16287
13593
13595
16330
13594
16281
16335
13595
16284
16286
16302
16380
13596
16287
16295
16329
13597
16288
16294
16328
13598
16307
13599
16292
16294
16306
16812
13600
13604
16623
13601
16614
13602
13604
13606
16613
13603
13604
16307
13605
16306
16624
13606
16321
16325
16603
13607
16604
13608
13612
16321
16763
13609
13613
13615
16320
13610
13611
13613
16356
13612
16363
16761
13613
16322
16364
16762
13614
16319
16355
13615
16318
16348
13616
13617
16316
16318
16320
13618
13619
13631
16314
16316
16344
13620
13624
16309
16313
13621
16308
16312
13622
13624
13626
13623
13627
13624
13628
13630
13625
13631
13626
13628
13636
13638
16313
13627
13639
16312
13628
13640
13629
13651
13630
13634
13636
13652
13631
13633
13632
13636
13633
13635
13689
16344
13634
13682
13635
13687
15504
13636
13688
15505
16343
13637
16314
13638
13652
15505
15507
16339
13639
13649
13651
16332
13640
13648
16331
13641
13647
13651
13642
13646
13643
13645
13651
13653
13644
13654
13645
13659
15528
13646
13650
13658
15559
13647
15558
13648
13650
16385
13649
16336
16384
13650
15507
16337
16387
13651
15508
16386
13652
13653
15504
15508
13654
13656
13658
13655
13659
13656
13660
13662
13657
15387
15504
13658
13660
15388
15509
15565
13659
15508
15564
13660
15527
13661
15526
13662
15388
15390
15525
13663
15385
15387
13664
13686
13665
13683
13666
13667
13681
13683
13668
13684
13714
13669
13679
13681
13691
15373
13670
13678
15368
13671
13677
13681
13672
13676
13673
13674
13676
15350
13675
13699
15349
13676
13678
13698
15356
13677
15355
13678
13680
16347
13679
13697
16350
13680
13690
13696
16351
13681
13689
16346
13682
13683
13687
13689
13691
13684
13686
13685
13691
15375
13686
13692
15380
15386
13687
15387
13688
13692
15503
13689
13693
15512
16528
13690
16345
13691
13693
13695
16532
13692
15374
13693
15500
15502
13694
15513
16533
13695
15498
15500
18844
18848
13696
15374
15497
18839
13697
15371
15373
18766
13698
15368
15370
18761
13699
15357
15363
15367
13700
15348
15364
13701
15365
15367
13702
13704
13706
13703
13707
13704
13708
13720
13705
13721
15365
13706
13708
13712
15366
15451
13707
13711
15367
13708
13710
13709
13719
13710
13712
13716
13718
13711
13715
13712
13714
15368
13713
15369
15462
13714
13716
15372
15378
15465
13715
15373
15375
13716
15376
13717
15377
13718
15445
15465
15487
13719
15446
15462
13720
15447
15451
13721
15448
13722
15449
15451
15453
13723
13827
13843
13724
13828
13840
13725
13829
13726
13728
13734
13834
13840
13727
13731
13833
13728
13730
13729
13841
13730
13734
15191
13731
13732
13734
13736
13733
15204
18351
13734
15193
15205
18355
13735
15192
13736
13834
15197
15199
15205
13737
13833
15200
15204
13738
15203
13739
13745
15200
15202
15216
13740
15217
13741
13745
13747
13742
13744
13756
13743
13744
13830
13745
13793
13831
13746
13832
13747
13793
13853
15216
15338
13748
13756
13854
15217
13749
13753
13755
15218
13750
13752
13914
13751
13755
13752
13754
13858
13753
13857
13913
13754
13854
13856
15219
13755
13757
13863
13756
13757
13793
13758
13792
13854
13864
13759
13787
13791
13760
13786
13790
13761
13762
13790
13796
13763
13797
13764
13784
13790
13798
13765
13799
13766
13782
13784
13874
13767
13781
13785
13768
13772
13769
13771
13781
16668
13770
13771
13775
13772
13774
13780
16667
13773
13785
13774
13786
13775
13777
13779
16694
13776
16695
13777
13859
16698
13778
13862
16699
13779
13787
13865
13869
16724
13780
13786
13870
16693
13781
13783
13785
16670
13782
16669
13783
13873
16674
13784
13870
13872
16673
13785
13789
13875
13786
13787
13789
13788
13864
13789
13791
13869
13883
13907
13790
13870
13882
13791
13805
13792
13806
13793
13851
13853
13907
13794
13795
13831
13849
13851
15338
13796
13806
13808
13797
13803
13805
13798
13802
13799
13801
13805
13875
13800
13874
13801
13813
13877
13802
13804
13812
13876
13803
13811
13804
13808
13810
13805
13807
13819
13881
13806
13882
13807
13851
13883
13808
13820
13850
13886
13809
13849
13810
13820
13822
13824
13848
13811
13817
13819
13812
13816
13813
13815
13819
13889
13814
13890
13815
13895
15351
13816
13818
13896
15352
13817
15349
13818
13822
15348
13819
13821
13897
15359
13820
13888
13821
13887
15341
13822
13902
15342
15360
13823
13847
15347
13824
13826
13846
15364
13825
13837
13826
13828
13827
15365
13828
13844
13846
15453
13829
13837
13839
13830
13834
13836
13831
13833
13832
13836
13833
13835
15200
15338
13834
13835
13839
13836
13838
15199
15337
13837
13849
13838
13846
13848
13839
13845
15198
15339
13840
13844
15197
13841
13843
15192
13842
15191
13843
15190
15448
13844
15195
15449
13845
15196
15456
13846
15211
15344
15455
13847
15454
13848
15342
15344
15346
13849
15339
15341
13850
15337
13851
13905
15336
15341
13852
13906
13853
15334
15336
15338
18074
13854
13908
15231
13855
15230
13856
13864
13866
13908
13910
13857
13861
13863
13911
13858
13860
13912
13859
13863
13860
13862
18097
13861
15224
18098
13862
13866
15225
18103
13863
13865
18102
13864
13865
13907
13866
13868
18559
13867
18066
18558
13868
13908
18067
18069
18565
13869
13907
18070
18564
13870
13884
16725
13871
16692
13872
13880
13882
13884
16691
13873
13875
13879
16676
13874
13878
16675
13875
13877
13876
13882
13877
13879
13881
13889
13878
13890
13879
13891
16680
13880
13892
16679
13881
13885
13899
16690
13882
13886
13888
13883
13884
13886
13906
13885
16730
18070
13886
13900
16731
18071
13887
13905
13888
13900
13902
13904
13889
13897
13899
13890
13892
13896
13891
13895
13892
13894
16681
13893
13899
16682
13894
13896
13898
16359
16687
13895
16358
16686
13896
16357
13897
16360
13898
13902
18751
13899
13901
16688
18750
13900
16689
13901
18542
18576
13902
18543
18581
18753
13903
18752
13904
15342
18543
18545
18785
13905
15341
18540
18542
13906
18071
18073
13907
18070
18074
13908
13909
18074
13910
15231
18063
18067
18075
13911
15228
15230
18066
13912
15219
15225
15227
13913
15222
15224
13914
15219
15221
13915
15218
13916
15221
15235
15237
13917
13918
15237
15239
15295
15297
13919
15240
15292
15294
13920
13926
15289
15291
13921
15286
15288
13922
13924
13926
13923
13927
13924
13928
13930
13925
15272
15286
13926
13928
15243
15271
15291
13927
15240
13928
15241
13929
15242
13930
15269
15271
15275
15272
15274
13932
14978
14986
13933
13935
14979
14983
13934
14980
14982
13935
13937
13936
13937
13939
13943
14983
13938
13942
14982
13939
13941
13940
13941
13943
13947
13942
13946
13943
13945
14990
13944
14991
13945
13947
14156
14992
13946
14155
14993
13947
13949
13948
13949
13961
14156
14158
13950
14153
14155
13951
13961
13963
13952
13960
13964
13953
13955
13957
13954
13958
13955
13959
13956
13960
13957
13959
13965
13971
13958
13964
13968
13959
13969
13970
13961
13965
13962
13963
13965
13977
14158
13964
13978
14153
13965
13967
13966
13967
13971
13977
14166
13968
13978
14149
13969
13971
13973
13970
13974
13971
13975
13972
13973
13975
14142
14166
13974
14141
14149
13975
14140
14143
13977
14150
14164
14166
14167
13978
14159
13979
14150
14152
13980
13981
14025
14150
13982
14006
14151
14187
13983
14007
14023
13984
13986
14016
13985
14015
13986
14010
14014
13987
14007
14009
14017
13988
14004
13989
14003
14009
14011
14572
13990
13992
14002
14012
13991
13995
13992
13994
14458
13993
14459
14572
13994
14002
14197
14573
14579
13995
13999
14580
13996
14000
14002
13997
13998
14000
14993
13999
14200
14994
14000
14197
14199
15002
14001
15001
14002
14195
14197
15006
14003
14004
14008
14195
14573
14005
14007
14006
14161
14195
14007
14162
14188
14194
14008
14189
14009
14194
14574
14626
14010
14571
14625
14011
14013
14012
14014
14569
14625
14635
14015
14017
14019
14016
14020
14017
14021
14023
14018
14189
14625
14019
14021
14190
14624
14639
14020
14635
14636
14021
14637
14022
14638
14023
14037
14186
14190
14645
14024
14187
14189
14025
14037
14026
14038
14168
14187
14027
14035
14148
14028
14030
14034
14141
14029
14033
14030
14032
14031
14140
14032
14034
14105
14139
14033
14104
14034
14036
14103
14035
14106
14146
14036
14038
14147
14181
14037
14102
14038
14040
14039
14169
14186
14040
14179
14181
14183
14185
14041
14100
14102
14645
14042
14638
14043
14094
14100
14643
14044
14093
14642
14045
14046
14047
14085
14091
14093
14095
14048
14056
14049
14051
14055
14085
14050
14054
14051
14053
14052
14084
14053
14055
14075
14083
14054
14074
14055
14057
14073
14056
14076
14090
14057
14059
14091
14690
14058
14072
14059
14061
14676
14060
14092
14675
14061
14686
14688
14690
14692
14062
14070
14072
14677
14063
14069
14678
14064
14068
14072
14065
14067
14073
14066
14074
14067
14079
14720
14068
14078
14719
14069
14071
14718
14070
14681
14725
14071
14682
14688
14726
14072
14078
14689
14717
14073
14690
14074
14076
14078
14075
14079
14076
14080
14082
14077
14123
14690
14078
14080
14124
14689
14735
14079
14732
14080
14733
14081
14734
14082
14124
14126
14757
14083
14121
14123
14084
14088
14090
14085
14087
14086
14090
14087
14089
14095
14113
14088
14112
14089
14117
14121
14090
14096
14116
14122
14091
14123
14092
14096
14691
14093
14097
14692
15971
14094
15966
14095
14097
14099
15967
14096
14703
14097
14694
14702
14098
14693
15970
14099
14700
14702
14706
16011
14100
14703
14705
16006
14101
14183
14644
14102
14108
14182
14703
14103
14181
14104
14106
14108
14105
14109
14106
14110
14138
14107
14174
14181
14108
14110
14114
14175
14182
14109
14113
14110
14112
14111
14137
14112
14114
14118
14136
14113
14117
14114
14116
14703
14115
14704
17544
14116
14118
14130
14707
17549
14117
14129
14702
14118
14120
14119
14135
14120
14130
14132
14134
14121
14127
14129
14122
14126
14123
14125
14129
14694
14124
14691
14125
14696
14756
14126
14128
14695
14759
14127
14758
14128
14132
17574
14129
14131
14712
17573
14130
14701
14131
14708
17558
14132
14711
17559
17572
14133
17575
14134
17559
17561
17656
14135
17556
17558
14136
17547
17549
14137
17544
17546
14138
14175
14177
14139
14172
14174
14140
14144
14146
14141
14143
14142
14146
14148
14143
14145
14165
14144
14145
14172
14146
14171
14173
14147
14174
14148
14169
14171
14180
14149
14165
14168
14150
14166
14151
14168
14152
14162
14164
14958
14153
14159
14161
14154
14158
14155
14157
14161
15006
14156
15001
14157
15000
14158
14160
15007
14159
14160
14164
14161
14163
15012
14162
15013
14163
14959
15018
14164
14960
15019
14957
14166
14167
14171
14168
14170
14957
14169
14958
14170
14179
14963
14171
14178
14964
14975
14173
14177
14174
14176
14975
14175
14180
14176
14973
17544
14177
14974
17545
17546
14179
14965
14975
14976
14180
14966
14972
14181
14973
14975
14182
14183
14704
14973
14184
14705
14972
14185
14644
14648
14971
16007
14186
14645
14647
14966
14187
14191
14963
14188
14958
14189
14191
14193
14959
14190
14626
14191
14631
14646
14192
14647
14962
14193
14629
14631
15816
15832
14194
14626
14628
15813
14195
14575
15018
14196
15013
14197
14573
14575
14577
15014
14198
15005
14199
14577
14579
14583
15092
14200
14580
14582
15087
14201
14298
14302
15044
14202
14301
15039
14203
14297
14298
14300
14204
14278
14205
14233
14237
14297
14206
14236
14207
14233
14235
14208
14216
14218
14209
14213
14215
14210
14212
14211
14215
14243
14212
14214
14222
14246
14213
14221
14214
14218
14220
14215
14217
14227
14247
14216
14242
14217
14235
14241
14218
14228
14234
14252
14219
14233
14220
14228
14230
14232
14221
14225
14227
14222
14224
14223
14227
14255
14224
14226
14258
14423
14225
14424
14226
14230
14433
14227
14229
14259
14432
14228
14254
14229
14253
14293
14230
14264
14294
14435
14231
14434
14232
14294
14296
14455
14233
14293
14297
14234
14235
14237
14267
14293
14236
14240
14237
14239
14275
14238
14278
14292
14239
14267
14271
14279
14291
14240
14270
14274
14241
14267
14269
14242
14250
14252
14243
14247
14249
14244
14246
14245
14249
14318
14246
14248
14256
14321
14247
14255
14248
14252
14254
14249
14251
14261
14322
14250
14317
14251
14269
14316
14252
14262
14268
14327
14253
14267
14254
14262
14264
14266
14255
14259
14261
14256
14258
14257
14261
14330
14258
14260
14333
14421
14259
14422
14260
14264
14431
14261
14263
14334
14430
14262
14329
14263
14287
14328
14264
14288
14339
14465
14265
14464
14266
14288
14290
14294
14463
14267
14287
14291
14293
14268
14269
14271
14287
14342
14270
14315
14271
14273
14314
14272
14286
14347
14273
14279
14283
14285
14348
14274
14282
14313
14275
14279
14281
14276
14278
14277
14281
15026
14278
14280
14301
15029
14279
14300
14280
14305
14281
14283
14304
15059
14282
15054
14283
14312
15055
14284
14311
15058
14285
14304
14308
14310
15071
14286
14305
14307
14409
14287
14289
14291
14408
14288
14341
14289
14340
14589
14290
14307
14407
14588
14291
14295
14306
14587
14292
14305
14293
14295
14297
14300
14294
14295
14456
14296
14299
14457
14297
14298
14458
14299
14580
14300
14302
14306
14581
14301
14305
14302
14304
15040
14303
14582
15043
14304
14306
14308
15075
15598
14305
15070
14306
14307
14586
14308
14414
15596
14309
15074
15597
14310
14412
14414
15165
15696
14311
14409
14411
15160
14312
14348
14352
15149
14313
14351
15144
14314
14348
14350
14315
14345
14347
14316
14342
14344
14317
14325
14327
14318
14322
14324
14319
14321
14320
14324
14360
14321
14323
14331
14363
14322
14330
14323
14327
14329
14324
14326
14336
14364
14325
14359
14326
14344
14358
14327
14337
14343
14369
14328
14342
14329
14337
14339
14341
14330
14334
14336
14331
14333
14332
14336
14372
14333
14335
14375
14487
14334
14420
14335
14339
14419
14336
14338
14376
14494
14337
14371
14338
14370
14404
14339
14381
14405
14495
14340
14418
14341
14405
14407
14417
14342
14404
14408
14343
14347
14344
14346
14384
14404
14345
14357
14346
14350
14356
14347
14349
14389
14403
14348
14408
14349
14409
14350
14352
14390
14410
14351
14355
14352
14354
15145
14353
14411
15148
14354
14390
14394
15400
15580
14355
14393
15395
14356
14390
14392
14357
14387
14389
14358
14384
14386
14359
14367
14369
14360
14364
14366
14361
14363
14362
14366
15532
14363
14365
14373
15535
14364
14372
14365
14369
14371
14366
14368
14378
15536
14367
15531
14368
14386
15530
14369
14379
14385
15541
14370
14384
14371
14379
14381
14383
14372
14376
14378
14373
14375
14374
14378
15544
14375
14377
14489
15547
14376
14488
14377
14381
14493
14378
14380
14510
15548
14379
15543
14380
14398
15542
14381
14399
14511
15553
14382
14512
14383
14399
14401
14405
15587
14384
14398
14402
14404
14385
14389
14386
14388
14398
15556
14387
15529
14388
14392
15528
14389
14391
14397
15561
14390
14402
14391
15579
14392
14394
14396
15562
14393
15527
14394
15396
15526
14395
15401
15567
14396
15568
15580
15582
15740
14397
15569
15577
15579
14398
14400
14402
15570
14399
15555
14400
15554
15586
14401
15575
15577
15585
14402
14406
15578
15702
14403
15579
14404
14406
14408
14410
14405
14406
15588
14407
14413
15589
14408
14414
14416
14409
14410
14414
14411
14413
15579
14412
15161
15580
14413
15164
15581
15695
14414
15578
15694
14415
14416
15594
15596
15694
15696
14417
14588
15589
15593
14418
14589
15588
15592
14419
14465
14483
14495
14420
14430
14484
14494
14421
14485
14487
14422
14428
14430
14423
14427
14431
14424
14426
14432
14425
14433
14426
14438
14442
14427
14437
14443
14428
14468
14470
14429
14471
14485
14430
14466
14468
14476
14484
14431
14465
14432
14464
14468
14433
14435
14437
14434
14438
14435
14439
14455
14436
14456
14464
14437
14439
14449
14461
14467
14438
14448
14468
14439
14441
14440
14454
14441
14449
14451
14453
14442
14446
14448
14443
14445
14444
14448
14470
14445
14447
14473
14526
14446
14527
14447
14451
14536
14448
14450
14474
14535
14449
14469
14450
14478
14595
14451
14479
14538
14600
14452
14537
14453
14598
14600
14616
14454
14595
14597
14455
14459
14461
14456
14458
14457
14461
14463
14458
14460
14581
14587
14459
14580
14460
14579
14597
14461
14584
14592
14596
14462
14595
14463
14467
14590
14592
14594
14464
14587
14589
14465
14467
14466
14589
14467
14477
14483
14590
14468
14478
14469
14470
14474
14476
14478
14471
14473
14472
14476
14500
14473
14475
14501
14524
14474
14525
14475
14479
14534
14476
14480
14520
14533
14477
14521
14478
14480
14482
14603
14479
14594
14480
14601
15646
14481
14602
15647
14482
14520
15678
15680
15688
14483
14521
15681
15683
14484
14496
15592
14485
14497
14521
14486
14500
14487
14491
14497
14499
14488
14494
14489
14491
14493
14490
14510
16225
14491
14505
14509
16228
14492
14504
14493
14497
14509
14513
14517
14494
14510
14512
14495
14497
14496
14512
15588
14497
14513
15591
15681
14498
14499
14517
14519
14521
15681
14500
14502
14504
14501
14521
14502
14520
14523
14503
14519
16094
14504
14506
14518
16095
14505
14517
14506
14508
16438
14507
16096
16439
14508
14518
15716
16107
16448
14509
14515
14517
16447
14510
14514
16229
14511
16224
14512
14514
15586
16223
14513
15587
14514
14516
15704
14515
15705
16222
14516
15712
15716
16221
14517
15681
15711
15717
14518
14519
15717
16100
14520
15680
16101
14521
14522
14523
14533
15678
16091
16101
14524
16092
16094
14525
14531
14533
14526
14530
14534
14527
14529
14535
14528
14536
14529
14541
15654
14530
14540
15653
14531
15650
15652
14532
15659
16092
14533
15648
15650
15660
16091
14534
15647
14535
15646
15650
14536
14538
14540
14537
14541
14538
14542
14616
14539
14617
15646
14540
14542
14620
15649
15663
14541
15650
15664
14542
15665
14543
14621
15666
14544
14568
14545
14563
14565
14567
15666
14546
14554
14556
15665
14547
14553
15654
14548
14552
14556
14549
14551
14557
14550
14558
14551
14559
14658
14552
14560
14657
14553
14555
14656
14554
14663
15655
14555
14565
14664
15668
14556
14560
14564
14655
14557
14563
14558
14560
14562
14559
14560
14671
14561
14670
14562
14564
14641
14673
14563
14636
14564
14634
14565
14652
14654
14566
14665
15667
14567
14652
15828
15875
15997
14568
14634
15827
15870
14569
14621
14623
14635
14570
14616
14571
14615
14623
14625
14627
14572
14574
14598
14573
14597
14574
14578
14575
14613
14627
14576
14628
15017
14577
14611
14613
15106
15845
14578
14610
15101
14579
14597
14609
14613
14580
14584
14581
14582
14584
14586
14583
15088
15598
14584
14610
15091
15599
14585
14609
14586
14592
14608
15595
15599
14587
15596
15598
14588
14592
14589
14591
15596
14590
14591
14603
15592
14592
14604
15593
15595
14593
14594
14596
14604
14606
14608
14595
14601
14603
14596
14600
14597
14599
14609
14598
14599
14613
14615
14600
14606
14612
14618
14601
14617
14602
14606
15645
14603
14605
15688
15857
14604
15683
14605
15602
15684
14606
15603
15689
15858
14607
15644
14608
14612
15603
15605
15643
14609
15602
15606
14610
14612
14611
15102
15606
14612
15105
15605
15846
14613
15847
14614
14615
14627
15845
15847
15849
14616
14618
14622
14617
14621
14618
14620
15645
14619
15644
15847
14620
14622
15848
15854
15872
14621
15855
15869
14622
15870
14623
15849
15871
14624
14630
15827
14625
14631
14633
14635
14626
14627
14631
14628
14630
14629
15812
15845
14630
15817
15825
15850
14631
15826
15849
14632
14633
14646
14650
15826
15832
14634
14639
14651
15827
14635
14636
14652
14637
14639
14641
14638
14642
14639
14643
14645
14640
14646
14641
14643
14649
14651
15968
14642
14652
15965
14643
15966
14644
15967
14645
14649
16006
14646
14647
14649
14648
14967
15832
14649
14970
15831
16008
14650
16005
14651
15829
15831
16004
14652
15828
15999
14653
14654
15963
15965
15997
15999
14655
14665
14673
15962
14656
14664
14668
14670
14657
14661
14663
14658
14660
14670
14659
14671
14660
14676
14678
14661
14669
14679
14662
14668
15955
14663
14667
15934
15954
14664
15933
14665
14667
15946
14666
15947
15997
14667
15950
15962
15994
15996
14668
15951
15959
14669
15960
15962
14670
14674
14676
14684
14671
14673
14672
14676
14673
14675
15966
14674
15965
14675
14685
15962
15964
14676
14686
15971
14677
14678
14682
14684
14686
14679
14681
14680
14684
15955
14681
14683
15956
15984
14682
15985
14683
14687
17680
14684
15979
15981
17681
14685
15960
14686
15961
15973
15979
14687
15972
14688
15977
15979
17679
14689
14697
14727
14690
14696
14716
14691
14692
14694
14696
14693
14697
15972
14694
14698
14700
15975
14695
14701
14696
14698
14712
14714
14697
14715
14698
14776
15977
14699
14775
15976
14700
14710
14712
17583
17711
14701
14709
16014
14702
14708
14712
14703
14707
14704
14705
14707
17543
14706
16007
17542
14707
14709
16012
17551
14708
17550
14709
14711
17563
14710
16013
17564
14711
17567
17582
17712
14712
17568
17581
14713
14714
17573
17581
17583
17585
14715
14759
14773
14775
14716
14754
14756
14776
14717
14727
14735
14753
14718
14726
14730
14732
14719
14723
14725
14720
14722
14732
14721
14733
14722
14738
14740
14723
14731
14741
14724
14730
14782
14725
14729
14781
15986
14726
15985
14727
14729
17680
14728
14776
17679
14729
14753
14777
14779
17678
14730
14780
17685
14731
14753
14787
14732
14736
14738
14746
14733
14735
14734
14738
14735
14737
14757
14736
14756
14737
14747
14753
14755
14738
14748
14762
14739
14740
14744
14746
14748
14741
14743
14742
14746
14782
14743
14745
14783
14790
14744
14791
14745
14749
17600
14746
14750
14786
17601
14747
14787
14748
14750
14752
14764
14749
14763
14750
14768
17599
14751
14769
17602
14752
14786
17675
17789
17791
14753
14779
14787
17790
14754
14755
14773
14777
17790
14756
14760
14762
14764
14757
14759
14758
14762
14759
14761
17574
14760
17573
14761
14765
14773
17578
14762
14766
17577
14763
14764
14766
14768
14765
14769
17790
14766
14770
14772
17587
14767
17588
14768
14770
17593
17597
14769
17598
14770
17625
17789
14771
17592
17626
14772
17673
17766
17787
17789
14773
17586
17672
17790
14774
17585
14775
14777
17584
17672
17708
14776
17583
17703
14777
17702
14778
17707
14779
17672
17674
17757
17790
14780
17675
17677
14781
14785
14787
17686
14782
14784
17687
14783
14787
14784
14786
14789
14785
17690
17794
14786
17675
17691
17793
14787
14788
14789
17601
17791
17793
17797
14790
17794
17796
14791
17601
17605
14792
17600
17606
14793
14798
14800
14794
14797
14801
14796
14802
14796
14803
14815
14797
14804
14814
14798
14811
14813
14799
14820
17606
14800
14809
14811
14821
17607
14801
14808
17600
14802
14807
14811
14804
14806
14804
14826
14805
14811
14825
14806
14810
14824
14882
14807
14839
14808
14810
14838
14809
14837
17599
14810
14822
14836
17608
14811
14823
14881
14812
14813
14821
14823
14825
14831
14814
14818
14820
14815
14817
14825
14816
14826
14817
14827
14844
14818
14828
14845
14819
14831
14856
14820
14832
14857
17614
14821
17611
14822
14832
17610
14823
14833
14835
17609
14824
14830
14880
14825
14829
14911
14826
14828
14827
14828
14843
14829
14831
14850
14830
14851
14916
14831
14833
14854
14879
14832
14855
14833
14862
17615
14834
14863
17620
14835
14879
14921
17495
17621
14836
14880
14920
17622
14837
14881
14889
17623
14838
14888
17598
14839
14881
14887
14882
14886
14841
14871
14873
17502
14842
14848
14852
17489
14843
14851
17486
14844
14848
14850
14845
14847
14846
14850
14856
14847
14849
14859
14869
14848
14870
14849
14871
14850
14852
14860
14872
14851
14855
14852
14854
17485
14853
14873
17490
14854
14860
14864
14874
14877
14855
14863
14878
14856
14860
14862
14857
14859
14858
14862
19541
14859
14861
14867
19544
14860
14868
14861
14875
14862
14864
14866
19545
14863
19540
14864
17495
19539
14865
17496
19550
14866
14874
17497
19551
14867
14875
19552
14868
19553
14869
14875
14870
14872
14871
14872
14873
14875
14874
17501
14875
14876
14877
17497
17499
17501
14878
17490
17492
17496
14879
17483
17485
17495
14880
14916
14918
14881
14911
14919
14882
14890
14883
14885
14911
14884
14912
14885
14905
14913
14886
14890
14906
14910
14887
14903
14888
14890
14892
14889
14897
17597
14890
14898
14920
17628
14891
14919
14892
14898
14900
14906
14924
14893
14897
14901
14903
14894
14895
14901
14954
14896
14955
17594
14897
14899
14901
17462
17595
14898
17596
14899
14923
17629
14900
14926
17465
17634
14901
14907
14925
17466
14902
17461
14903
14907
14939
14906
14905
14907
14933
17455
14906
14932
14907
14909
14908
14938
14909
14925
14933
14935
14937
14910
14924
14930
14932
14911
14913
14917
14919
14912
14916
14913
14915
14914
14932
14915
14917
14931
17487
14916
17486
14917
17485
14918
14930
17484
14919
14921
14929
17483
14920
14924
14921
14923
17637
14922
17494
17642
14923
14927
14929
17515
17643
14924
14926
17636
14925
14929
14926
14928
17467
14927
17468
17635
14928
17477
17516
17648
14929
14935
17476
17481
14930
17482
14931
14935
17507
14932
14934
17506
14933
14934
17454
14935
17453
17509
14936
17508
14937
17453
17474
17476
17526
14938
17454
17467
17471
14939
17455
17458
17466
14940
17457
17461
14941
14943
14954
14942
14949
14943
14952
14953
17457
14945
14947
14946
17657
14947
14951
17658
14948
14952
14949
14950
14952
14954
14951
14955
17654
14952
14956
17772
14953
14954
14956
17460
14955
17461
14956
17462
17653
17463
17773
14958
14960
14964
14959
14963
14960
14962
15813
14961
15814
14962
14964
14968
15815
14963
14967
15816
14964
14966
14965
14966
14968
14977
14967
14971
14968
14970
15833
14969
15834
14970
14977
15835
17718
14971
15836
17540
14972
14977
17541
14973
14976
17542
14974
17543
14975
14976
17554
14977
17553
17719
14979
14985
15023
14980
14984
15024
14981
15025
14982
14984
14989
15030
14983
14990
14984
14986
14991
14985
14988
15031
14986
14987
15032
14998
14988
14996
14998
15037
14989
14991
14995
15038
14990
14994
15039
14991
14993
14992
14998
14993
14995
14997
15000
14994
15001
14995
15002
15044
14996
15003
15045
14997
15010
15046
14998
14999
15000
15008
15010
15001
15003
15007
15002
15006
15003
15005
15087
15004
15010
15086
15005
15007
15009
15015
15093
15006
15014
15092
15007
15013
15008
15012
15009
15011
15010
15022
15094
15085
15012
15020
15022
15013
15015
15019
15014
15018
15015
15017
15101
15016
15022
15100
15017
15019
15021
15107
15811
15018
15106
15812
15019
15813
15020
15814
15021
15821
15022
15108
15810
15099
15024
15032
15034
15025
15027
15031
15026
15030
15027
15029
15054
15028
15034
15053
15029
15031
15033
15041
15060
15030
15040
15059
15031
15039
15032
15038
15033
15037
15034
15036
15048
15061
15035
15052
15036
15051
15049
15066
15038
15046
15048
15039
15041
15045
15040
15044
15041
15043
15070
15042
15048
15069
15043
15045
15047
15076
15089
15044
15075
15088
15045
15087
15046
15086
15047
15085
15048
15050
15077
15096
15049
15068
15050
15067
15082
15097
15052
15064
15066
15053
15061
15063
15054
15056
15060
15055
15059
15056
15058
15144
15057
15063
15143
15058
15060
15062
15072
15150
15059
15071
15149
15060
15070
15061
15069
15062
15066
15068
15063
15065
15079
15151
15064
15142
15065
15084
15141
15066
15080
15083
15156
15067
15068
15080
15082
15069
15077
15079
15070
15072
15076
15071
15075
15072
15074
15160
15073
15079
15159
15074
15076
15078
15166
15611
15075
15165
15610
15076
15609
15077
15612
15078
15082
15627
15079
15081
15167
15626
15080
15158
15081
15113
15157
15082
15114
15172
15629
15628
15084
15113
15175
15140
15086
15094
15096
15087
15089
15093
15088
15092
15089
15091
15609
15090
15096
15612
15091
15093
15095
15103
15613
15092
15102
15608
15093
15101
15094
15100
15095
15099
15096
15098
15110
15632
15097
15627
15098
15628
15111
15631
15100
15108
15110
15101
15103
15107
15102
15106
15103
15105
15607
15104
15110
15618
15105
15107
15109
15619
15900
15106
15620
15899
15107
15844
15108
15843
15109
15842
15110
15112
15638
17961
15111
15633
15112
15634
15637
17962
15114
15174
15173
15806
15116
15120
15121
15123
15117
15124
15118
15121
15129
15131
15119
15132
15120
15121
15133
15122
15134
15123
15127
15129
15412
15418
15124
15126
15181
15125
15129
15126
15128
15487
15127
15182
15488
15128
15411
15417
15489
15129
15410
15490
15130
15131
15408
15410
15412
15132
15134
15136
15133
15137
15134
15138
15135
15412
15136
15138
15178
15413
15137
15177
15408
15138
15140
15139
15140
15178
15180
15141
15175
15177
15142
15154
15156
15143
15151
15153
15144
15146
15150
15145
15149
15146
15148
15395
15147
15153
15398
15148
15150
15152
15162
15399
15149
15161
15400
15150
15160
15151
15159
15152
15156
15158
15153
15155
15169
15426
15154
15425
15155
15177
15424
15156
15170
15176
15427
15157
15175
15158
15170
15172
15174
15159
15167
15169
15160
15162
15166
15161
15165
15162
15164
15739
15163
15169
15742
15164
15166
15168
15731
15743
15165
15730
15738
15166
15729
15167
15732
15168
15172
15787
15169
15171
15784
15786
15170
15779
15171
15780
18018
15172
15783
15789
18023
15173
15788
15174
15805
18021
18023
15175
18018
18020
15176
15180
15177
15179
15434
18018
15178
15423
15179
15422
15180
15435
18019
18020
15182
15418
15183
15417
15443
15184
15440
15442
15185
15186
15442
15444
15482
20941
15187
15481
20940
15188
15444
15446
15480
15189
15447
15479
15190
15448
15476
15191
15195
15192
15193
15195
15197
15194
15208
18373
15195
15209
15477
18377
15196
15476
15197
15209
15211
15475
15198
15208
15199
15207
15211
15213
15200
15206
15214
15201
15215
15202
15204
15206
15332
18361
15203
15233
15315
15204
15316
15205
18350
15206
15208
18359
15207
18059
18360
15208
15210
18058
18383
15209
18372
15210
18044
18381
15211
18045
18057
18382
15212
18046
15213
15344
18057
18535
18777
15214
15339
18058
18534
15215
15335
15337
18059
15216
15332
15334
15338
15217
15231
15233
15218
15230
15234
15219
15235
15220
15230
15221
15227
15229
15235
15301
15222
15300
15223
15227
18290
15224
15226
18084
18291
15225
18085
15226
18066
18104
15227
18065
18083
18294
15228
18295
15229
18063
18065
18312
15230
15232
15234
15326
15231
15232
15334
15233
15329
15333
18063
15234
15330
15332
15235
15325
15236
15237
15257
15301
15303
15325
15238
15298
15300
15239
15247
15255
15257
15240
15244
15246
15241
15243
15242
15246
15243
15245
15269
15244
15270
15292
15245
15255
15281
15297
15246
15254
15268
15247
15248
15254
15258
15249
15251
15252
15254
15251
15261
15252
15258
15260
15253
15262
15254
15256
15258
15266
15318
15255
15267
15256
15298
15306
15257
15303
15311
15313
15258
15314
15259
15260
15314
15316
15318
15261
15262
15264
15265
15263
15318
15264
15317
18353
15265
15316
18351
18352
15267
15309
15311
15319
15268
15306
15308
15269
15279
15281
15270
15278
15271
15277
15281
15283
15272
15276
15284
15273
15285
15274
15276
17161
17165
15275
15276
15278
15277
17160
17173
15278
15280
17174
17306
15279
15280
15308
15281
15307
17175
17307
15282
15306
15283
15297
15305
17303
17307
15284
15292
17304
17306
15285
15291
17158
17160
15286
17157
17161
15287
15291
15288
15290
17157
17278
15289
17279
15290
15294
17284
15291
15293
17158
17285
15292
15293
15297
15294
15296
17294
17304
15295
17295
15296
15300
17300
15297
15299
17301
17303
15298
15299
15303
15305
15300
15302
18289
18299
15301
18290
15302
15326
18295
15303
15327
18296
18298
15304
15324
15305
15311
18298
18302
18322
15306
18299
18301
15307
15311
15308
15310
18301
18343
15309
15310
18325
15311
18302
18324
18344
15312
15313
15319
15321
18322
18324
15314
15318
15322
15324
15315
15325
15316
15322
15330
18361
15317
18350
15318
15320
15322
18349
15319
15320
18325
15321
18326
18348
15322
18327
18329
18365
15323
18362
15324
15328
15330
18329
18512
15325
15327
18322
15326
15330
15327
15329
18312
15328
18313
18321
15329
18314
18330
18511
15330
18315
18510
15331
15332
18361
18510
18512
18514
15333
18059
15334
18060
18062
18510
15335
18075
15336
18060
18076
18534
15337
15340
18073
15338
15339
15340
15344
15341
15343
18534
18540
15342
15343
18772
15344
18535
18545
18773
15345
15346
15455
18773
18775
18777
15347
15454
18770
18772
15348
15360
15362
15364
15349
15357
15359
15350
15352
15356
15351
15355
15352
15354
16357
15353
15359
16360
15354
15356
15358
16349
16361
15355
16348
16356
15356
16347
15357
16350
15358
15362
18761
15359
15361
18756
18760
15360
18751
15361
18752
18772
15362
18757
18763
18771
15363
18762
18770
15364
15366
15370
15459
15365
15454
15366
15453
15367
15369
15452
15368
15369
15373
15370
15372
15461
15371
15460
18762
15372
15467
15497
18767
15373
15466
15496
15374
15375
15496
15500
15376
15378
15380
15377
15381
15378
15382
15487
15379
15486
15496
15380
15382
15491
15499
15519
15381
15500
15518
15382
15384
15383
15490
15384
15519
15521
18871
15385
15518
15522
15386
15390
15387
15389
15502
15518
15388
15503
15389
15510
18884
15390
15515
15517
18883
15391
15522
15524
15392
15397
15405
15393
15394
15398
15395
15396
15398
15400
15397
15401
15525
15398
15402
15404
15524
15399
15425
15400
15402
15426
15742
15401
15739
15402
15740
18886
15403
15741
18887
15404
15426
15428
15778
18940
15405
15425
15429
15523
15406
15522
15407
15409
15429
15521
15408
15424
15409
15413
15423
15410
15414
15430
18876
15411
18871
15412
15414
15416
18872
15413
15419
15414
15420
15422
15415
15431
18877
15416
15420
15438
18032
18034
15417
15419
15439
18035
15418
15440
18036
15419
15420
15421
15422
15436
18032
15423
15431
15435
15424
15430
15434
15425
15427
15429
15426
15427
15779
15428
15434
15780
15429
15433
15781
18941
15430
18880
15431
15433
18879
15432
18032
18878
15433
15435
18027
18031
22131
15434
18016
22130
15435
18017
15436
18026
18031
19485
15438
18032
19486
22136
15439
20908
15440
20907
15441
15442
18036
18038
20907
22152
15443
18039
22151
15444
15484
15488
18036
15445
15483
15446
15464
15488
15447
15463
15448
15450
15449
15450
15456
15476
15451
15457
15463
15479
15452
15462
15453
15457
15459
15461
15454
15456
15455
15459
15456
15458
18046
15457
15475
15458
15470
15474
15459
15469
18047
18775
15460
18770
15461
15467
15469
18769
15462
15466
15470
15463
15465
15464
15470
15480
15465
15471
15483
15485
15466
15486
15467
15471
15495
15468
18768
18864
15469
15471
18051
18797
18865
15470
18050
18796
15471
15473
15472
15494
15473
15483
18041
18051
20886
15474
15480
18042
18050
15475
15479
18043
18047
15476
18044
18046
15477
15479
15478
18044
20923
15479
15481
18043
20927
15480
15481
15483
15482
18042
20939
15483
18039
18041
20942
15484
15485
18037
18039
20886
15486
15488
15492
15494
15487
15491
15495
15488
15490
15489
15490
15492
18036
18872
15491
18871
15492
18868
18870
15493
18037
18873
15494
18866
18868
20887
20903
15495
18865
20886
15496
18864
18868
15497
15499
15498
18840
18864
15499
18845
18849
18867
15500
18850
18868
15501
15502
15516
15518
18848
18850
15503
15513
15515
15504
15510
15512
15505
15509
15506
15512
16526
15507
15509
15511
16395
16525
15508
16338
16394
15509
16393
15510
16396
15511
15515
18891
15512
15514
16546
18892
15513
16527
15514
16544
18848
15515
16545
18853
18893
15516
18890
15517
18851
18853
18933
15518
15520
15522
18882
15519
15520
18850
18870
15521
18851
18875
18881
15522
18876
18880
15523
15524
18880
18882
18940
15525
18883
18887
15526
18884
18886
15527
15565
15567
15528
15562
15564
15529
15559
15561
15530
15556
15558
15531
15539
15541
15532
15536
15538
15533
15535
15534
15538
16241
15535
15537
15545
16244
15536
15544
15537
15541
15543
15538
15540
15550
16245
15539
16240
15540
15558
16239
15541
15551
15557
16238
15542
15556
15543
15551
15553
15555
15544
15548
15550
15545
15547
15546
15550
16253
15547
15549
16226
16254
15548
16225
15549
15553
16224
15550
15552
16231
16257
15551
16258
15552
15572
16237
15553
15573
16232
16236
15554
16223
15555
15573
15575
16419
15556
15570
15572
15557
15561
15558
15560
15572
16390
15559
16385
15560
15564
16386
15561
15563
15571
16391
15562
15570
15563
15567
15569
15564
15566
16392
16412
15565
16393
15566
16396
18884
15567
16397
16413
18885
15568
18886
15569
16413
18913
18915
15570
15576
16412
15571
15575
15572
15574
16404
16412
15573
16403
15574
16406
16418
15575
16405
16415
16417
15576
16420
15577
16415
18911
18913
15578
15582
15584
15579
15581
15701
15580
15581
15739
15582
15700
15738
15583
15745
18913
15584
15700
15746
15752
18912
15585
15701
15707
18911
15586
15702
15706
16420
15587
15705
16419
15588
15702
15704
15589
15591
15590
15694
15702
15591
15593
15685
15693
15703
15592
15682
15704
15593
15683
15594
15684
15595
15691
15693
15697
15596
15600
15602
15597
15598
15600
15610
15696
15599
15609
15600
15606
15608
15601
15615
15697
15602
15604
15606
15616
15724
15603
15691
15604
15690
15861
15605
15621
15725
15862
15606
15620
15642
15607
15608
15616
15618
15620
15609
15613
15615
15610
15612
15611
15615
15729
15612
15614
15626
15732
15613
15627
15614
15618
15632
15615
15617
15625
15733
15616
15728
15617
15621
15727
15618
15622
15624
15762
15619
15633
15620
15622
15638
15640
15621
15641
15622
15726
15917
15623
15763
15916
15624
15636
15638
15800
17970
15625
15633
15635
15795
15626
15630
15632
15792
15627
15629
15787
15628
15632
15629
15631
15630
15788
15806
15631
15635
15793
15807
15632
15634
15633
15634
15638
15635
15637
15636
15794
15808
15637
15801
15809
17969
15638
17968
15639
15640
17961
17968
17970
17972
15641
15900
15914
15916
15642
15897
15899
15917
15643
15846
15852
15862
15644
15847
15853
15861
15645
15854
15858
15646
15855
15857
15647
15649
15648
15678
15857
15649
15661
15677
15856
15650
15662
15855
15651
15652
15660
15662
15664
15672
15653
15657
15659
15654
15656
15664
15655
15665
15656
15668
15933
15657
15669
15932
15658
15672
15931
15659
15673
15938
16116
15660
16115
15661
15673
16090
15662
15674
15676
15867
15663
15671
15868
15664
15666
15670
15869
15665
15669
15666
15668
15667
15870
15668
15670
15875
15947
15669
15946
15670
15672
15945
15671
15874
15948
15672
15674
15889
15929
15673
15930
15674
15939
16089
15675
15890
15940
15676
16089
16125
16175
16207
15677
16090
16124
16172
15678
16091
16103
16151
15679
16146
15680
16101
16103
16105
16145
15681
15687
15717
15682
15683
15685
15687
15711
15684
15688
15685
15689
15691
15686
15692
15710
15687
15689
15719
15721
16148
15688
15718
16145
15689
16146
15690
16147
15691
15721
15725
16154
15692
15724
15693
15709
15721
15723
15694
15698
15708
15695
15701
15696
15698
15700
15730
15697
15729
15698
15724
15728
15699
15723
15735
15700
15708
15736
15752
15758
15701
15737
15702
15708
15703
15704
15706
15708
15710
15705
15711
15706
15712
16422
15707
15713
16421
15708
15752
15754
18910
15709
15710
15720
15754
15758
15711
15713
15719
15712
15718
15713
15715
18965
15714
15754
18964
15715
15719
15755
16164
18971
15716
15718
16165
18970
15717
16106
16220
15718
16105
15719
16144
15720
16163
15721
15755
15757
16162
15722
16155
15723
15725
15757
15765
16156
15724
15758
15760
15725
15727
15726
16157
15727
15763
15765
17989
15728
15760
15762
15729
15733
15735
15730
15732
15731
15735
15737
15732
15734
15748
15786
15733
15787
15734
15762
15792
15735
15749
15761
15791
15736
15760
15737
15749
15751
15759
15738
15746
15748
15739
15743
15745
15740
15742
15741
15745
18915
15742
15744
15778
18918
15743
15779
15744
15748
15784
15745
15747
15777
18919
15746
18914
15747
15751
18981
15748
15750
15776
18982
15749
15785
15750
15770
19447
15751
15769
15775
19010
15752
15768
18980
15753
18961
15754
15756
15758
15768
18962
15755
18963
15756
16187
18972
15757
15767
16188
18977
15758
15766
16189
15759
15760
15766
15768
15770
15761
15765
15762
15764
15770
15796
15763
15795
15764
15800
17988
15765
15771
15799
17991
15766
17990
15767
15771
19386
15768
15772
18978
19387
15769
18979
15770
15772
15774
19009
15771
19446
15772
19389
19445
15773
19388
20834
15774
18010
19443
19445
20833
15775
18009
19446
20828
15776
18008
19011
19447
15777
15785
18007
19012
15778
15782
15784
18948
15779
15781
18945
15780
15784
15781
15783
18017
15782
18016
18946
15783
18007
18015
18947
15784
18006
18024
15785
15786
18006
19447
15787
15789
15791
15788
15792
15789
15793
15805
15790
18006
19466
15791
15793
15797
18005
19471
15792
15796
19447
15793
15795
15794
15804
15795
15797
15801
15803
15796
15800
15797
15799
19446
15798
18004
19472
15799
15801
17999
18003
19477
15800
17998
19445
15801
17987
15802
17986
15803
15809
19475
19477
19479
15804
15808
19472
19474
15805
15807
19469
19471
15806
19466
19468
15807
15808
15809
19480
15811
15819
15821
15842
15812
15814
15818
15843
15813
15817
15844
15814
15816
15815
15821
15816
15818
15820
15834
15817
15833
15818
15824
15903
15819
15823
15902
15820
15822
17959
15821
15841
15823
15839
15841
17958
15824
15834
15838
15907
15825
15833
15837
15904
15826
15830
15832
15881
15827
15829
15878
15828
15871
15829
15876
15998
15830
15877
16003
15831
15837
15882
16032
15832
15836
16031
15833
15834
15836
15835
15841
15836
15838
15840
17538
15837
17539
15838
15909
17725
15839
15908
17726
15840
17729
17957
15841
17537
15843
17959
17961
15844
15900
15902
15845
15899
15903
15846
15850
15847
15851
15899
15848
15849
15851
15853
15879
15850
15878
15851
15881
15903
15852
15880
15898
15853
15863
15895
15897
15854
15860
15886
15855
15859
15887
15856
15868
15857
15859
15867
16151
15858
16146
15859
15861
16147
15860
15866
16152
15861
15863
15865
16153
15862
16154
15863
15917
16157
15864
15918
16158
15865
15893
15895
15919
16197
15866
15886
15892
16196
15867
15887
15891
16173
15868
15890
16172
15869
15887
15889
15870
15872
15874
15871
15875
15872
15876
15878
15873
15879
15887
15874
15876
15884
15888
16048
15875
15889
16047
15876
16046
15877
16045
15878
15882
15884
16044
15879
15881
15880
15884
15886
15881
15883
15895
15905
15882
15904
15883
15909
16043
15884
15894
15910
16056
15885
16055
15886
15888
15892
15894
15926
15887
15895
15888
15889
15891
15927
15890
15928
15891
16175
19136
15892
16174
19137
15893
16201
19140
15894
15922
16202
19141
15895
15923
15925
15896
15897
15905
15913
15919
15923
15898
15914
15918
15899
15901
15903
15905
15900
15901
17961
15902
15906
15914
17960
15903
15907
17959
15904
15905
15907
15909
15906
15910
15907
15911
15913
17965
15908
17958
15909
15911
17957
19178
15910
19177
15911
15923
19176
15912
17966
19179
15913
15921
15923
17980
19194
15914
15920
17977
15915
17972
15916
15918
15920
17971
17995
15917
17970
17988
15918
17989
15919
17994
15920
15922
19398
15921
17976
19399
15922
17981
19195
19400
15923
19196
19401
15924
15925
19174
19176
19194
19196
15926
16056
16058
19141
15927
16055
16059
19140
15928
16048
16060
19137
15929
16047
16061
19136
15930
15940
15948
16062
15931
15939
15943
15945
15932
15936
15938
15933
15935
15945
15934
15946
15935
15951
15953
15936
15944
16066
15937
15943
16065
15938
15942
16080
16130
15939
16129
15940
15942
16088
15941
16207
19136
15942
16062
16082
19133
19135
15943
16081
16087
15944
16062
16064
15945
15949
15951
16071
15946
15948
15947
15951
15948
15950
16046
15949
16047
15950
16050
16062
16072
15951
16051
16073
15952
15953
15959
16069
16071
16073
15954
16066
16068
15955
15957
15959
15956
15960
15957
15981
15983
15958
15990
16068
15959
15981
15991
15993
16069
15960
15994
15961
15981
15962
15980
15994
16022
15963
15964
15996
16000
16022
15965
15969
15971
15973
15966
15968
15967
15971
15968
15970
16006
15969
15999
16005
15970
15974
16000
16010
15971
15975
16011
15972
15973
15975
15977
15974
15978
16022
15975
16015
16019
16021
15976
16014
15977
16019
17703
17711
15978
17702
15979
16019
16023
17701
15980
17682
15981
15993
16023
17699
15982
15983
15991
17681
17699
17841
15984
15988
15990
15985
15987
17681
15986
17680
15987
17685
17687
15988
17684
17688
15989
17841
17843
15990
17840
17844
19227
15991
19226
15992
17840
19239
15993
17699
17837
17839
19240
15994
16024
16074
15995
16073
15996
16022
16024
16026
19149
15997
16001
16051
15998
16046
15999
16001
16003
16045
16000
16004
16001
16021
16029
16002
16026
16052
16003
16027
16029
16033
16053
16004
16032
16044
16005
16029
16031
16006
16008
16010
16007
16011
16008
16012
17541
16009
16031
17540
16010
16012
16016
16030
17716
16011
16015
16029
16012
16014
16013
17715
16014
16016
17712
17714
16015
17711
16016
16018
16028
16017
16035
17733
16018
16036
17712
17738
17749
16019
16037
17711
17750
16020
17704
16021
16023
16025
16037
17835
16022
16026
16028
16023
16024
17700
16025
17837
19154
16026
16038
17836
19155
16027
19150
16028
16034
16038
19157
16029
16035
16037
16030
16031
16033
16035
17723
16032
17539
16033
16043
17725
16034
16042
17724
16035
16039
16041
17741
16036
17732
16037
16039
17739
17861
16038
17834
16039
17859
19156
16040
17740
17860
16041
19156
19160
19188
23149
16042
19157
19159
19183
16043
16053
16057
19182
16044
16056
19177
16045
16053
16055
16046
16048
16052
16047
16051
16048
16050
16049
16055
16050
16052
16054
16060
19151
16051
16061
19148
16052
19149
16053
19150
16054
19157
16055
16057
16059
19158
16056
16057
19176
16058
19159
19175
16059
19142
19172
19174
16060
19139
19163
16061
19138
19164
16062
19135
19147
16063
16064
16072
16076
16082
19147
16065
16071
16077
16081
16066
16078
16080
16067
16071
16068
16070
16078
19225
16069
19226
16070
16074
19239
16071
16075
16077
19238
16072
16073
16075
19148
16074
19149
16075
19154
19240
16076
19153
19241
16077
16083
19166
19222
16078
16084
19223
16079
19224
16080
16084
19123
19231
16081
19122
16082
16084
16086
16083
19132
19146
16084
19167
19233
19310
16085
19232
16086
19123
19310
19312
23094
16087
19122
19130
19132
16088
16130
16210
19133
16089
16127
16129
16207
16090
16116
16126
16091
16115
16123
16092
16102
16093
16115
16094
16098
16102
16114
16095
16101
16096
16098
16100
16097
16107
19039
16098
16108
16112
19040
16099
16113
16100
16102
16104
16108
16122
16101
16105
16107
16102
16103
16123
16104
16124
16150
16105
16109
16141
16143
16106
16144
16107
16109
16165
16219
16108
19056
16109
16111
19055
16110
16166
16218
16111
16141
16181
16215
16217
16112
16120
16122
19057
16113
16119
19058
16114
16118
16122
16115
16117
16123
16116
16117
16129
16118
16126
16128
16119
16121
16133
16120
16134
19061
16121
16137
16215
19062
16122
16126
16138
16140
16123
16141
16124
16126
16125
16141
16171
16126
16140
16176
16208
16127
16128
16138
16208
16210
16129
16131
16133
16130
16131
19122
16132
16210
19121
16133
16135
16211
19120
16134
16138
16135
16137
19106
16136
19109
19119
16137
16211
16213
19110
19128
16138
16214
19105
16139
16211
16140
16208
16212
16214
19322
16141
16179
16215
16142
16143
16169
16171
16179
16181
16144
16150
16166
16168
16145
16163
16165
16146
16148
16150
16147
16151
16148
16152
16154
16149
16155
16163
16150
16152
16160
16168
16170
16151
16171
16152
16172
16153
16173
16154
16158
16160
16196
16155
16157
16156
16160
16162
16157
16159
16189
17990
16158
17989
16159
16197
17994
16160
16190
16198
17993
16161
16195
16162
16168
16186
16190
16194
16163
16187
16189
16164
16168
16165
16167
16187
19070
16166
19069
16167
16181
19068
16168
16182
16186
19071
16169
16170
16178
16182
16194
16171
16173
16177
16195
16172
16176
16173
16175
16174
16196
16175
16177
16201
16205
16176
16206
16177
16179
19323
16178
16200
19324
16179
16183
19329
19335
16180
19322
16181
16183
16215
19102
19321
16182
19097
16183
16185
19098
16184
19101
19330
16185
19333
19335
19337
20741
16186
16192
16194
20738
16187
16191
20731
16188
20732
16189
16191
19387
20733
16190
19386
16191
16193
19385
16192
19392
20734
16193
19337
19393
20739
16194
16198
19336
19384
16195
19335
16196
16198
16200
16197
16201
16198
16202
19398
16199
19397
16200
16202
19336
19340
19402
16201
19335
19341
16202
16204
16203
19401
16204
19141
19340
19358
19412
16205
19140
19341
19343
16206
19137
19324
19344
16207
19134
19136
19323
16208
19133
16209
19323
16210
16212
19131
19133
19326
16211
19130
16212
19129
16213
19315
19327
16214
19115
19316
19320
16215
19104
19321
16216
16217
19062
19094
19102
19104
16218
19057
19065
19097
16219
19055
19066
19068
16220
19036
19056
19069
16221
16448
16450
18970
16222
16447
16451
18965
16223
16229
16233
16422
16224
16232
16419
16225
16229
16231
16226
16228
16227
16231
16260
16228
16230
16263
16437
16229
16438
16230
16447
16231
16233
16264
16446
16232
16259
16233
16235
16418
16234
16423
16451
16235
16264
16432
16452
18992
16236
16259
16267
16427
16237
16257
16268
16406
16238
16250
16258
16403
16239
16245
16249
16390
16240
16248
16385
16241
16245
16247
16242
16244
16243
16247
16274
16244
16246
16252
16277
16245
16253
16246
16258
16247
16249
16251
16278
16248
16273
16249
16272
16384
16250
16271
16389
16251
16268
16270
16402
16252
16256
16258
16461
16253
16255
16462
16254
16258
16255
16257
16260
16256
16261
16465
16257
16266
16268
16460
16258
16259
16260
16264
16266
16261
16263
16262
16266
16466
16263
16265
16435
16469
16264
16436
16265
16445
16266
16432
16434
16470
16267
16459
16268
16428
16432
16458
16269
16407
16270
16458
16460
16476
16574
16271
16461
16475
16569
16272
16278
16282
16562
16273
16281
16383
16274
16278
16280
16275
16277
16276
16280
16482
16277
16279
16463
16481
16278
16462
16279
16461
16280
16282
16474
16480
16281
16285
16282
16284
16382
16283
16475
16563
16284
16478
16480
16488
16566
16285
16381
16487
16286
16480
16482
16486
16287
16299
16301
16288
16296
16298
16289
16293
16290
16298
16291
16293
16297
16779
16292
16778
16293
16811
16294
16296
16810
16295
16305
16813
16296
16302
16304
16834
16297
16301
16833
16298
16300
16824
16299
16300
16482
16301
16483
16825
16302
16486
16838
16303
16487
16839
16304
16380
16510
16512
16840
16305
16329
16377
16841
16306
16328
16376
16842
16307
16325
16843
16308
16326
16328
16309
16311
16310
16316
16326
16311
16313
16315
16327
16333
16312
16328
16330
16313
16331
16314
16332
16315
16339
16343
16316
16340
16342
16374
16317
16373
16318
16342
16344
16372
16530
16319
16353
16320
16322
16354
16372
16321
16373
16322
16324
16768
16323
16369
16769
16324
16370
16372
16518
16770
16325
16373
16375
16771
16326
16376
16602
16327
16373
16328
16374
16376
16378
16329
16330
16378
16380
16331
16333
16335
16332
16336
16333
16337
16339
16334
16340
16378
16335
16337
16379
16523
16559
16336
16380
16382
16337
16383
16338
16560
16339
16523
16525
16579
16340
16526
16341
16515
16523
16342
16516
16524
16526
16542
16343
16517
16529
16344
16526
16528
16345
16346
16528
16530
16532
16347
16351
16353
16348
16350
16349
16353
16355
16350
16352
16366
18760
16351
18761
16352
16532
18766
16353
16367
16531
18765
16354
16530
16355
16367
16369
16371
16356
16364
16366
16357
16361
16363
16358
16360
16359
16363
18741
16360
16362
18742
18750
16361
18751
16362
16366
18756
16363
16365
18747
18755
16364
18746
16365
16369
20293
16366
16368
18804
20294
16367
18759
16368
16536
18802
16369
16537
18803
20295
16370
20296
16371
16537
16539
20403
16372
16530
16536
16540
16373
16517
16374
16375
16515
16517
16376
16514
16518
20398
16377
16601
16378
16512
16514
16600
16379
16515
16380
16512
16522
16558
16381
16382
16510
16558
16566
16383
16559
16563
16384
16560
16562
16385
16387
16389
16386
16390
16387
16391
16393
16388
16394
16560
16389
16391
16399
16401
16561
16390
16402
16562
16391
16403
16392
16404
16393
16397
16399
16411
16394
16396
16395
16399
16579
16396
16398
16582
18892
16397
18891
16398
18896
18898
16399
16583
18895
18899
16400
16578
16401
16409
16411
16577
18899
16402
16404
16408
16570
16403
16407
16569
16404
16406
16405
16411
16406
16408
16410
16426
16407
16427
16408
16428
16574
16409
16429
16575
16410
16576
18900
18904
16411
16415
18901
18903
16412
18898
16413
16415
16414
18898
18916
16415
18901
18913
18921
18959
16416
16417
18903
18909
18911
18959
16418
16420
16424
16426
16419
16423
16427
16420
16422
16421
18911
16422
16424
18910
18964
16423
18965
16424
18966
18992
16425
18909
18967
16426
16430
18908
18990
18992
16427
16429
18903
16428
18992
16429
16431
20630
16430
18904
20631
16431
18907
18994
20632
16432
18992
18993
20633
16433
16457
16434
16452
16454
16456
18993
16435
16443
16445
20606
16436
16442
20597
16437
16441
16445
16438
16440
16446
16439
16447
16440
16448
19039
16441
16449
19038
16442
16444
19043
16443
19044
20598
16444
16454
19047
20607
16445
16449
16453
19048
16446
16452
16447
16449
16451
16448
16449
19056
16450
19037
16451
16453
18969
19036
16452
18966
16453
18991
16454
18997
19049
16455
18996
19050
16456
20607
20609
20645
20683
16457
20606
20610
20640
16458
16470
20589
20633
16459
20588
20630
16460
16466
16470
16472
16461
16465
16473
16462
16474
16463
16465
16464
16474
16492
16465
16467
16473
16493
16466
16467
16469
16468
16472
16498
16469
16471
16501
20596
16470
20597
16471
20606
16472
16502
20589
20605
16473
16497
20588
16474
16476
16496
16475
16479
16476
16478
16568
16477
16573
20588
16478
16496
16506
20585
20587
16479
16489
16567
16480
16490
16492
16496
16481
16485
16482
16484
16492
16483
16484
16486
20354
16485
16491
20355
16486
16488
16490
20368
16487
20363
16488
16510
20364
16489
16509
20369
16490
16506
16508
20370
16491
16495
20371
16492
16494
20372
16493
16494
16496
16498
16495
16499
20375
16496
16504
16506
20376
16497
16498
16502
16504
20587
16499
16501
16500
16504
21797
16501
16503
20594
21800
16502
20595
16503
20590
20604
16504
20591
20593
21801
16505
21796
16506
20587
20591
20617
21795
16507
20381
16508
20382
20585
20617
20619
16509
16567
16595
20383
16510
16566
16596
20384
16511
20385
16512
16558
16588
16596
16598
16513
16599
16514
16520
16522
16588
20499
16515
16519
20494
16516
16522
16517
16519
16521
16541
16518
16540
16519
16539
20399
16520
16552
20495
16521
16553
16589
20500
16522
16524
16554
16556
16523
16557
16524
16580
16525
16547
16581
16526
16546
16582
16527
16528
16542
16544
16546
16529
16533
16530
16534
16540
16542
16531
16532
16534
16536
18838
16533
18839
16534
16544
18844
16535
16543
18843
16536
16538
16540
16550
20515
16537
18837
16538
20404
20511
16539
16551
20409
20510
16540
16552
20408
16541
16542
16550
16552
16554
16543
16547
16544
16548
16550
18856
16545
18847
16546
16548
18854
20527
16547
20526
16548
16554
20525
16549
18855
20524
16550
16554
20507
20521
20523
16551
20516
16552
20505
20507
20509
16553
20502
16554
20501
20507
20535
16555
16556
20523
20525
20533
20535
16557
16581
16589
16591
16558
16580
16586
16588
16559
16565
16560
16564
16580
16561
16579
16562
16564
16570
16578
16563
16569
16564
16566
16568
16565
16571
16585
16566
16586
16594
16596
16567
16568
16594
20585
16569
16571
16573
16570
16574
16571
16575
16577
16572
16594
20557
16573
16575
20558
20584
20628
16574
20585
20629
16575
20630
16576
20631
16577
20558
20560
20650
16578
20557
20561
16579
16583
16585
16580
16582
16581
16585
16582
16584
20525
16583
20526
16584
20529
20561
16585
16591
20530
20556
16586
20557
16587
16591
16593
16588
16590
16596
20621
21758
16589
21755
16590
20535
21756
16591
20534
20622
21757
16592
20533
16593
20554
20556
20582
20622
16594
20557
20583
20621
16595
20584
16596
20619
20621
21772
16597
16598
20384
21720
21758
21772
16599
20385
21721
21755
16600
16840
20390
20499
16601
16841
20389
20494
16602
16842
16845
20398
16603
16771
16773
16843
16604
16624
16628
16768
16605
16613
16627
16763
16606
16610
16612
16760
16607
16609
16755
16608
16612
16609
16611
16793
16610
16632
16754
16611
16627
16631
16759
16612
16626
16792
16613
16614
16624
16626
16615
16623
16616
16622
16626
16790
16617
16621
16789
16618
16784
16619
16621
16777
16783
16620
16778
16621
16623
16811
16622
16776
16802
16623
16625
16775
16801
16624
16812
16625
16843
16626
16628
16774
16849
16627
16850
16628
16630
16764
16629
16767
16773
16630
16847
16849
16852
20308
16631
16850
16853
16861
16632
16792
16796
16860
16633
16753
16793
16795
16634
16642
16752
16635
16651
16636
16640
16642
16644
20165
16637
16639
16645
16953
16638
16646
16952
16639
16949
16640
16948
16641
16947
16642
16794
20163
16643
16795
20164
16644
16750
16752
16856
20167
16645
16649
16651
20166
16646
16648
16962
16647
16961
16648
16738
16870
16649
16741
16869
16650
16746
16750
16868
16651
16657
16745
16751
16652
16752
16653
16655
16657
16654
16655
16755
16656
16752
16754
16657
16685
16751
16757
16658
16659
16681
16683
16685
16745
16660
16678
16680
16742
16661
16675
16677
16737
16662
16672
16674
16718
16663
16669
16671
16713
16664
16666
16668
16710
16665
16705
16666
16696
16704
16667
16671
16701
16711
16668
16670
16694
16669
16670
16674
16671
16673
16693
16672
16712
16722
16673
16677
16719
16727
16674
16676
16692
16675
16676
16680
16677
16679
16691
16678
16728
16736
16679
16683
16733
16743
16680
16682
16690
16681
16682
16686
16683
16687
16689
16684
16744
18578
16685
16687
18579
18737
18743
16686
18738
18740
16687
18741
16688
18742
16689
18579
18581
18749
16690
18576
18578
16691
16731
16733
16692
16728
16730
16693
16725
16727
16694
16722
16724
16695
16699
16701
16696
16698
16697
16701
16703
16698
16700
16996
18096
16699
18097
16700
16724
18102
16701
16723
16997
18101
16702
16722
16703
16711
16721
16997
16999
16704
16994
16996
16705
16707
16711
16706
16710
16707
16709
16973
16708
16974
16994
16709
16711
16715
16977
16999
16710
16714
16978
16711
16713
16712
16713
16715
16719
16721
16714
16718
16715
16717
16979
16716
16982
17000
16717
16719
16739
16983
17005
16718
16738
16984
16719
16737
16720
16736
16721
16727
16735
17003
17005
16722
17000
17002
16723
16727
16724
16726
17002
18560
16725
18559
16726
16730
18564
16727
16729
17003
18563
16728
16729
16733
16735
16730
16732
18568
18724
16731
18567
16732
18572
18576
16733
18571
18577
18729
16734
18578
16735
16743
18727
18729
18731
16736
18724
18726
16737
16739
16743
16738
16742
16739
16741
20140
16740
18726
20139
16741
16743
16747
18727
20146
16742
16746
20145
16743
16745
16744
16745
16747
18731
18737
16746
18738
16747
16749
20156
16748
18732
20155
16749
18735
18737
20243
20271
16750
18738
20242
20272
16751
16857
16867
16752
16858
18738
16753
16754
16856
16858
16860
16755
16757
16759
16756
16760
16757
16761
18741
16758
16858
18740
16759
16761
16765
16859
18745
16760
16764
16860
16761
16763
16762
18746
16763
16765
16769
20293
16764
16768
16765
16767
16861
16766
16862
20292
16767
16769
20297
20309
20401
16768
16772
20308
16769
16771
16770
20296
16771
20399
20401
20403
16772
20398
16773
20311
20397
20401
16774
16845
16847
16775
16843
16844
16848
16776
16812
16814
16816
16777
16803
16809
16811
16778
16780
16782
16779
16811
16780
16810
16824
16781
16809
16823
16782
16806
16808
16822
16783
16803
16805
16784
16786
16802
16785
16789
16786
16788
20199
16787
16805
20200
16788
16800
16802
16804
20201
16789
16799
20198
16790
16802
16791
16799
16801
16850
16792
16793
16797
16850
16794
16795
16797
20212
16796
16856
20213
16797
16853
16855
20218
16798
20217
16799
16850
16851
16853
20447
16800
20203
16801
16817
16851
20202
16802
16816
16849
16803
16804
16808
16816
16805
16807
16817
20325
16806
20326
16807
16821
20327
16808
16818
16820
20328
16809
16815
16831
16810
16814
16832
16811
16813
16833
16812
16813
16843
16814
16834
16842
16815
16835
16844
16816
16818
20316
20318
16817
16848
16818
20314
20324
16819
20315
20323
16820
20318
20320
20322
21644
16821
16829
16831
20345
16822
16828
20346
16823
16827
16831
16824
16826
16832
16825
16833
16826
16838
20354
16827
16837
20353
16828
16830
20352
16829
20347
20351
16830
20320
20348
20360
16831
16837
20319
20361
16832
20318
16833
16835
16837
16834
16838
16835
16839
16841
16836
20318
20388
16837
16839
20319
20365
20387
16838
20362
16839
20363
16840
20364
16841
20385
20387
16842
20388
16843
16844
16845
20316
20388
16846
20389
20397
16847
20316
20392
20394
20396
16848
20311
20313
16849
20314
20316
16850
16851
16852
20314
20450
16853
20307
20313
20449
16854
20448
16855
16861
16863
20307
20457
16856
16860
16864
20219
16857
20220
16858
16864
16866
20272
16859
18739
16860
16862
16864
20274
16861
16862
20308
16863
20301
20309
16864
20302
20306
20458
16865
20273
16866
20219
20436
20458
21917
16867
20220
20222
20431
16868
20167
20223
20242
16869
20156
20158
20166
16870
16962
16964
20145
16871
16961
16965
20140
16872
16906
16910
16984
16873
16907
16909
16979
16874
16884
16888
16978
16875
16887
16973
16876
16884
16886
16877
16879
16883
16878
16882
16879
16881
16880
16886
16881
16883
16885
16891
16903
16882
16892
16894
16883
16901
16884
16902
16885
16907
16886
16888
16890
16908
16887
16888
16972
16889
16909
16971
16890
16968
16970
16891
16913
16892
16914
16893
16894
16898
16914
16895
16899
16901
16903
16896
16897
16899
16925
16898
16918
16899
16915
16917
16900
16904
16950
16901
16905
16949
16902
16903
16905
16907
16904
16908
16914
16905
16911
16915
16951
16906
16952
16907
16911
16961
16908
16909
16911
16913
16910
16968
16980
16911
16965
16967
16985
16912
16960
16913
16915
16959
16967
16914
16968
16915
16916
16917
16951
16957
16959
16918
16950
16956
16919
16925
16937
16920
16922
16924
16921
16922
16940
16923
16937
16939
16924
16928
16934
16936
16925
16926
16936
16950
16927
16949
16928
16936
16946
16948
16929
16933
16930
16931
16933
16932
20183
16933
16943
16945
20182
16934
16946
16935
16939
16943
16936
16938
16944
16946
20161
16937
16955
16938
16956
16939
20172
20174
16940
16942
16941
16942
20177
16943
20174
20176
16944
20181
16945
20162
20174
20188
16946
20163
20187
16947
16948
20161
20163
20165
16949
16953
16955
16950
16952
16951
16955
16952
16954
16960
16953
16961
16954
16962
20165
16955
16957
16963
20160
16956
20161
16957
20172
16958
20171
16959
16963
20226
20441
16960
16966
16961
16963
16965
16962
16963
20166
16964
20159
16965
20144
20158
20226
16966
20141
16967
20226
20228
16968
20229
16969
16970
16980
16988
20229
16971
16989
16972
16976
16978
16980
16973
16975
16974
16978
16975
16977
16993
16976
16992
16977
16981
16989
16991
16978
16982
17008
16979
16980
16982
16984
16981
16985
16982
16986
16988
20119
16983
17007
16984
16986
17006
20139
16985
20140
16986
20141
20229
16987
20124
20142
16988
20125
20229
20230
16989
20118
16990
16991
17013
20118
16992
17008
17012
20119
16993
17011
16994
17008
17010
16995
16999
16996
16998
17010
18604
16997
18095
16998
17002
18602
16999
17001
17009
18603
17000
17008
17001
17005
17007
17002
17004
18712
20121
17003
18713
17004
18716
18724
17005
18717
18725
20122
17006
18726
17007
20122
20124
20138
17008
20119
20121
17009
17010
17012
18627
20121
17011
18622
17012
17014
18623
17013
18626
20120
17014
20115
20117
17015
17016
18623
20113
20115
17017
18618
20082
17018
18615
20081
17019
18131
18133
17020
18124
18126
17021
17027
17022
17026
18126
17023
17024
17026
17028
17038
17025
17039
17026
18118
18128
17027
18119
18125
17028
18122
18124
17029
17030
17036
17038
18122
17031
17035
17032
17034
17033
17034
17064
17035
18145
17036
18144
17037
18121
18143
17038
17054
18120
18153
17039
18119
17040
17054
18118
17041
17051
17042
17052
17054
17374
17043
17049
17113
17044
17048
17114
17045
17047
17046
17047
17323
17048
17050
17322
17049
17119
17321
17050
17052
17354
17372
17051
17353
17052
17352
18118
17053
17355
17373
17054
18116
18118
18120
18155
17055
17056
17374
18153
18155
18157
17057
17109
17401
17403
17058
17398
17400
17059
17063
17060
17061
17063
17065
17062
17066
17082
17063
17067
17085
17399
17064
17400
17065
17067
18145
17066
17067
17069
17068
18146
17069
17085
17411
18149
17070
17082
17412
17071
17077
17413
17072
17414
17073
17075
17077
17074
17078
17075
17079
19714
17076
17414
19715
17077
17079
17083
17413
19718
17078
17082
17079
17081
17080
19719
17081
17083
17087
19730
17082
17086
17083
17085
17084
17412
19731
17085
17087
17407
17411
19734
17086
17406
17087
17397
17088
17396
19735
17089
17381
17090
17432
19735
19858
17091
17097
17433
19857
17092
17430
17093
17097
17094
17096
17204
17430
17095
17096
19850
17097
17205
17433
19855
17098
17099
19851
19853
19855
19857
17100
17102
17382
17101
19851
17102
17126
19852
17103
17125
17383
19853
17104
17124
17105
17111
17379
17383
17387
17106
17380
17382
17107
17111
17108
17380
17398
17109
17111
17375
17379
17403
17110
17374
17111
17113
17112
17113
17117
17371
17375
17387
17114
17372
17374
17115
17117
17119
17116
17120
17117
17121
17123
17118
17124
17119
17121
17369
17371
17389
17120
17320
17372
17121
17319
17122
17318
17123
17127
17317
17389
17124
17126
17125
17387
17389
17126
17386
17390
19874
17127
19873
17128
17390
18651
19878
17129
17267
17289
17130
17155
17268
17276
17131
17132
17138
17140
17268
17133
17137
17141
17134
17135
17141
17143
17136
17256
19850
17137
17139
17141
17257
19871
17138
19852
17139
17267
19873
17140
17262
17266
19872
17141
17261
17269
17142
17143
17147
17257
17259
17261
17144
17254
17256
17145
17147
17146
17254
18206
17147
17150
17259
18209
17148
17149
17150
17152
17261
17166
17151
17260
18231
17152
17271
18234
18237
17153
17166
17270
18236
17154
17167
17169
17269
17155
17163
17170
17268
17156
17157
17159
17161
17170
17276
17158
17277
17159
17286
17304
17160
17171
17291
17305
17161
17172
17306
17162
17163
17165
17168
17170
17172
17164
17167
17165
17173
17167
18235
17168
17169
18235
18241
17170
17274
18236
18240
17171
17275
17172
18240
18246
18262
17173
18241
18245
17174
17175
18245
18250
18343
17177
17181
17183
17178
17184
17179
17181
17228
17180
17212
17229
17181
17192
17215
17230
17182
17227
17192
17225
17226
17184
17186
17227
17185
17228
17186
17233
17242
17234
17241
17188
17190
17223
17225
17189
17222
18191
17190
18188
18190
18194
17191
17220
18195
17192
17219
17225
17238
17216
17237
17194
17198
17418
17195
17197
17213
17419
17196
17212
17197
17201
17211
17198
17200
17420
19751
17199
17421
17200
17204
17426
17201
17203
17427
19752
17202
17210
17203
17207
17209
17204
17206
17428
19781
17205
17429
17206
17434
19866
17207
17439
19782
19867
17208
19848
17209
17251
19782
19784
19847
17210
17248
19781
19785
17211
17232
19752
19754
17212
17229
19751
19755
17213
17215
17214
17444
19751
17215
17217
17445
19750
17216
19755
17217
17219
19756
17218
18183
19757
17219
18184
18186
19758
17220
19759
18186
18188
19796
17222
18197
18393
18399
18455
17223
18192
18194
17224
18195
18197
17225
17226
17238
17240
17227
17235
17237
17228
17230
17234
17229
17233
17230
17232
17231
17237
19755
17232
17234
17236
17249
19754
17233
17248
17234
17247
17235
17246
17236
17240
18200
17237
17239
18201
19761
17238
19756
17239
18195
19759
17240
18196
18202
19760
18197
18199
17242
17244
17246
17243
17247
17244
17252
18206
17245
18207
17246
17250
17252
18205
18215
17247
17249
18200
17248
17252
17249
17251
17250
18201
19785
17251
18204
18216
19784
17252
18217
17253
17254
18206
18215
18217
18219
17255
17259
17256
17258
18217
19848
17257
19849
17258
17262
19870
17259
17263
18218
19885
17260
18219
17261
17263
17271
18230
17262
17270
17263
17265
19881
17264
18229
19884
17265
17271
18269
18415
19933
17266
17270
18268
19880
17267
17269
18265
19879
17268
18264
19878
17269
17275
17270
17274
17271
17273
17272
18414
17273
18237
18259
18269
18431
17274
18236
18260
18268
17275
18261
18265
17276
18262
18264
17277
17289
17291
17278
17286
17288
17279
17281
17285
17280
17284
17281
17283
17319
17282
17288
17318
17283
17285
17287
17297
17367
17284
17296
17366
17285
17295
17286
17294
17287
17291
17293
17288
17290
17312
17316
17289
17317
17290
18264
18651
17291
17311
18263
18652
17292
18262
17293
17305
17309
17311
18275
17294
17302
17304
17312
17295
17297
17301
17296
17300
17297
17299
18660
17298
17312
18661
17299
17301
17313
18292
18666
17300
18291
18665
17301
18290
17302
18289
17303
17309
17313
18288
17304
17308
18299
17305
17306
17308
18246
17307
18245
17308
18250
18301
17309
18249
18300
17310
18278
18287
17311
17313
18279
18306
18682
17312
18274
18681
17313
17315
17314
18307
17315
18666
18676
18678
18682
17316
18661
18679
18681
17317
17367
18652
18654
17318
18649
18651
17319
17367
17369
17320
17366
17321
17365
17369
18642
17322
17354
17364
17323
17353
17359
17324
17360
17325
17326
17338
17360
17327
17337
17359
17328
17332
17334
17346
17358
17329
17331
17353
17330
17334
17331
17333
18127
17332
17352
18128
17333
17345
17351
18129
17334
17344
18130
17335
17336
17342
17344
17346
17337
17341
17338
17340
17346
17362
17339
17361
17340
18086
18098
17341
17347
18087
18099
17342
18096
17343
17347
18095
17344
17348
18604
18619
17345
18614
17346
17348
17350
18613
17347
18091
17348
18092
18094
17349
18605
18620
17350
18092
18112
18608
18610
17351
18091
18113
18611
17352
17356
17358
18612
17353
17355
18117
17354
17358
17355
17357
18642
17356
18116
18641
17357
18113
18115
18644
17358
17364
18090
18643
17359
18091
17360
17362
17364
17361
17362
18086
17363
18087
18091
17364
18088
18090
18659
17365
17366
17368
18643
18659
17367
18660
17368
18661
17369
18654
18656
18662
17370
18649
17371
18642
18646
18648
18656
17372
17376
17388
17373
18642
17374
17376
18155
18641
17375
17376
17378
18157
17377
18156
18646
17378
17388
17392
18647
20066
17379
17385
17387
18158
17380
17384
17404
17381
17397
17382
17384
17396
19858
17383
19857
17384
17386
19862
17385
17395
19861
17386
17392
17394
19912
17387
17391
19911
17388
17389
17391
18648
17390
18649
17391
18650
19877
17392
18687
19916
17393
18688
19915
17394
18161
20050
20066
20069
17395
18158
18160
20047
17396
17404
17408
20018
17397
17407
20013
17398
17404
17406
17399
17403
17400
17402
17406
18146
17401
18145
17402
18144
18153
17403
17405
18147
18152
17404
18157
17405
18158
17406
17408
18148
18159
17407
18149
17408
17410
20014
17409
18160
20017
17410
18148
18167
18169
17411
18149
18170
17412
18171
17413
18172
17414
18173
17415
18174
18175
17417
17419
17423
17447
19710
17418
17422
18179
17419
17421
17420
17444
17421
17423
17427
17443
17422
17426
17423
17425
19712
17424
19711
19747
17425
17427
17437
19726
19772
17426
17436
19721
17427
17429
17428
17442
17429
17437
17439
17441
17430
17434
17436
17431
17433
17432
17436
19729
17433
17435
19736
19859
17434
19856
17435
17439
19865
17436
17438
19737
19998
17437
19728
17438
19727
19773
17439
19742
19999
21224
17440
20000
17441
19782
21224
21226
21228
17442
19773
19775
19781
17443
19752
19772
19776
17444
19747
19749
19751
17445
17447
17446
18183
19749
17447
18182
19748
19814
17448
19747
19710
19746
19812
19814
18391
18453
18455
17451
17523
17524
19528
17452
17510
17525
17529
17453
17509
17526
17528
17454
17473
17455
17472
17456
17458
17472
17458
17460
17459
17471
17460
17464
17466
17470
17461
17463
17462
17466
17463
17465
17652
17464
19671
17465
17469
19672
17466
17468
17651
17467
17468
17470
17476
17469
17477
17650
17470
17478
19687
17471
17475
17472
17474
17473
17474
17528
17475
17527
17476
17478
17479
17477
17480
17478
17534
17649
17535
19686
17480
17527
17531
17535
17481
17526
17532
17534
17482
17508
17516
17518
17483
17507
17513
17515
17484
17492
17494
17485
17487
17491
17507
17486
17490
17487
17489
17488
17506
17489
17491
17503
17505
17490
17502
17491
17501
17492
17500
17512
17493
17499
17513
17494
17496
17498
17514
23254
17495
17515
19537
17496
19538
17497
23253
17498
23256
17499
19533
23255
17500
17520
17501
17503
17521
17502
17503
17504
17505
17521
17523
17506
17510
17512
17507
17509
17508
17512
17509
17511
17526
17510
17511
17523
17512
17518
17522
17525
17513
17521
17514
17518
17520
17515
17517
19533
19535
17516
19536
17517
17534
23275
17518
17533
19532
23276
17519
17532
17520
17522
19530
19532
17521
19533
17522
17523
17524
17525
19527
19530
17526
17530
17532
17527
17528
17530
17529
17530
19528
17531
19527
17532
17536
19529
17533
19530
17534
17536
19531
23291
17535
23292
17536
23295
23296
23312
17538
17721
17729
17539
17718
17722
17726
17540
17723
17725
17541
17716
17718
17542
17715
17719
17543
17551
17553
17544
17550
17554
17545
17549
17546
17548
17554
17547
17548
17556
17549
17555
17557
17550
17558
17551
17555
17563
17552
17564
17715
17553
17555
17565
17720
17554
17719
17555
17562
17557
17561
17558
17560
17562
17559
17563
17560
17568
17571
17561
17569
17570
17657
17563
17565
17569
17564
17568
17565
17567
17714
17566
17735
17567
17569
17664
17736
17568
17663
17713
17569
17662
17665
17571
17657
17659
17665
17572
17656
17660
17662
17573
17575
17579
17581
17574
17578
17575
17577
17576
17656
17577
17579
17589
17655
17578
17588
17579
17585
17587
17580
17590
17660
17581
17585
17661
17669
17768
17582
17662
17583
17663
17669
17748
17584
17710
17585
17669
17671
17709
17586
17587
17671
17766
17768
17588
17590
17592
17589
17593
17590
17594
17654
17591
17768
17770
17592
17594
17632
17767
17775
17593
17631
17766
17594
17596
17595
17653
17596
17632
17634
17652
17597
17629
17631
17598
17626
17628
17599
17623
17625
17600
17602
17608
17601
17607
17602
17604
17603
17625
17791
17604
17608
17618
17624
17800
17605
17607
17617
17797
17606
17612
17796
17607
17611
17608
17610
17609
17623
17610
17618
17620
17622
17611
17615
17617
17612
17614
17613
17617
17803
17614
17616
17806
19542
17615
19541
17616
17620
19540
17617
17619
17807
19547
17618
17802
17619
17639
17801
17620
17640
17812
19548
17621
19539
17622
17640
17642
19538
17623
17637
17639
17624
17628
17625
17627
17639
17815
17626
17788
17627
17631
17787
17628
17630
17638
17820
17629
17637
17630
17634
17636
17631
17633
17645
17821
17632
17786
17633
17785
19669
17634
17646
19656
19668
17635
17651
17636
17646
17648
17650
17637
17643
17645
17638
17642
17639
17641
17645
17921
17640
17814
17641
17813
23249
17642
17644
17922
23250
17643
19537
17644
17648
19536
17645
17647
19663
23273
17646
19658
17647
19657
19683
17648
19664
19684
23274
17649
23275
17650
19684
19686
23292
17651
19683
19687
17652
19668
19672
17653
19669
19671
17654
17773
17775
17655
17770
17772
17656
17658
17660
17657
17658
17659
17772
17660
17666
17771
17661
17770
17662
17666
17668
17769
17663
17665
17664
17668
17747
17665
17667
17746
17666
17667
17780
17668
17779
17950
17669
17778
17949
17670
17753
17671
17754
17768
17778
17825
17672
17755
17765
17673
17756
17674
17763
17765
17818
17675
17762
17789
17817
17676
17792
17677
17691
17695
17762
17889
17678
17686
17694
17757
17679
17683
17685
17707
17680
17682
17702
17681
17685
17682
17684
17683
17699
17701
17684
17694
17698
17706
17685
17693
17841
17686
17687
17691
17693
17688
17690
17689
17693
17843
17690
17692
17846
17874
17691
17875
17692
17888
17693
17695
17847
17887
17694
17842
17695
17697
17758
17696
17761
17890
17697
17847
17851
17869
17871
17698
17842
17850
17854
17699
17839
17841
17855
17700
17701
17835
17837
17855
17702
17704
17706
17703
17707
17704
17708
17710
17705
17750
17835
17706
17708
17751
17759
17856
17707
17758
17855
17708
17757
17709
17756
17710
17751
17753
17755
17711
17748
17750
17712
17713
17748
17714
17736
17738
17747
17715
17733
17735
17716
17720
17717
17723
17733
17718
17720
17722
17734
17719
17720
17735
17722
17728
17730
17723
17727
17731
17724
17732
17725
17727
17741
19182
17726
19177
17727
17729
19178
17728
17742
19181
17729
17951
17955
17956
17731
17745
17951
17732
17734
17742
17744
17733
17739
17741
17734
17738
17735
17737
17736
17737
17746
17738
17744
17946
17739
17945
17740
17744
17944
17741
17743
19188
23169
17742
19183
17743
17951
19186
17744
17952
19187
23170
17745
23171
17952
23186
17747
17946
17950
17748
17945
17949
17749
17753
17750
17752
17861
17945
17751
17834
17752
17829
17833
17753
17828
17862
17948
17754
17949
17755
17826
17828
19689
17756
17764
17829
17757
17759
17763
17758
17762
17759
17761
17854
17760
17829
17867
17761
17763
17830
17868
17914
17762
17869
17911
17763
17912
17764
17913
17765
17826
17830
19648
17766
17823
17825
17767
17786
17768
17776
17785
17825
17769
17770
17776
17778
17780
17771
17775
17772
17774
17780
17773
17774
19671
17775
17781
19670
17776
19669
17777
17781
17784
17778
17782
17825
19677
19694
17779
19689
17780
17782
19688
17781
17782
17783
19676
19695
17784
19670
19674
19676
17785
19667
19669
19677
17786
17824
19656
17787
17821
17823
17788
17818
17820
17789
17791
17815
17817
17790
17792
17800
17793
17799
17817
17889
17794
17798
17888
17795
17875
17796
17798
17804
17876
17797
17803
17798
17800
17802
17799
17809
17893
17800
17810
17816
17892
17801
17815
17802
17810
17812
17814
17803
17807
17809
17804
17806
17805
17809
17895
17806
17808
17898
19558
17807
19557
17808
17812
19562
17809
17811
17899
19561
17810
17894
17811
17903
17919
17812
17904
17924
19564
17813
19563
17814
17922
17924
23248
17815
17919
17921
17816
17820
17817
17819
17917
17919
17818
17912
17819
17823
17913
17820
17822
17916
17920
17821
17921
17822
19656
19658
17823
19653
19655
19659
17824
19648
17825
19649
19655
19677
17826
17827
19649
19694
17828
17830
17940
19650
19693
17829
17941
19690
17830
17832
17831
19647
17832
17868
17938
17940
19646
17833
17865
17867
17941
17834
17856
17858
17862
17835
17859
17861
17836
17856
17837
17857
17859
19264
17838
19263
17839
17853
17855
17857
19268
17840
17850
19243
17841
17849
19244
17842
17843
17847
17849
17844
17846
17845
17849
19246
17846
17848
17880
19249
17847
17873
17848
17872
17849
17851
17881
19250
17850
19245
17851
17853
19254
17852
17882
19255
17853
17869
17937
19274
19613
17854
17866
19269
17855
17867
17869
17856
17857
17867
17858
17866
19267
17859
17863
17865
23153
17860
23148
17861
17863
23149
23169
17862
17944
17863
17941
17943
17864
23152
23174
17865
17939
17941
23157
23175
17866
17938
23154
17867
17937
19272
17868
17869
17935
17937
17870
17871
17909
17911
17935
19613
17872
17882
17890
17908
17873
17881
17885
17887
17874
17878
17880
17875
17877
17887
17876
17888
17877
17893
17895
17878
17886
17896
17879
17885
19583
17880
17884
19298
19584
17881
19297
17882
17884
19616
17883
19613
19615
17884
17908
19610
19612
19622
17885
19587
19621
17886
17908
19588
17887
17891
17893
17901
17888
17890
17889
17893
17890
17892
17912
17891
17911
17892
17902
17908
17910
17893
17903
17917
17894
17895
17899
17901
17903
17896
17898
17897
17901
19583
17898
17900
19578
19582
17899
19577
17900
17904
19592
17901
17905
19589
19591
17902
19588
17903
17905
17907
17927
17904
17918
17905
17925
19593
17906
17926
19594
17907
19589
19609
23230
23233
17908
19588
19610
23231
17909
17910
17934
19612
23231
17911
17915
17917
17927
17912
17914
17913
17917
17914
17916
19648
17915
17935
19647
17916
17928
17934
19652
17917
17929
19653
17918
17919
17925
17927
17929
17920
17924
17921
17923
17929
19659
17922
19658
17923
19663
23261
17924
17930
19662
23262
17925
23247
17926
17930
23246
17927
17931
23230
23245
17928
23231
17929
17931
17933
23201
17930
23200
17931
23205
23319
17932
23204
23320
17933
23228
23230
23329
23341
17934
23225
23227
23231
17935
19643
23224
17936
19646
17937
19613
19641
19643
19645
17938
19273
17939
19645
23159
17940
23158
23180
23221
17941
23179
23220
17942
17943
19690
23175
23177
23179
17944
17948
23172
23174
17945
23169
23171
17946
17948
17947
23171
17948
17950
19691
23172
17949
19690
17950
19689
19688
17952
17954
17953
23185
17954
19187
23621
23736
17955
19186
23618
17956
19181
19205
17957
19178
19202
17958
17966
17959
17965
17960
17961
17963
17965
17972
17962
17963
17968
17964
17973
17965
17967
17978
17966
17977
17967
17980
19202
17979
19203
17969
17973
17970
17974
17986
19480
17971
17987
17972
17974
17976
17996
17973
17977
17974
17978
17975
17985
19481
17976
17978
17982
17984
19483
17977
17981
19451
17978
17980
17979
17980
17982
19208
17981
19201
17982
19200
19452
17983
19209
19482
17984
19452
19454
19704
23766
17985
19451
19455
19699
17986
17996
18000
19514
17987
17999
19479
17988
17996
17998
17989
17991
17995
17990
17994
17991
17993
19386
17992
17998
19389
17993
17995
17997
19390
19396
17994
19385
19397
17995
19398
17996
19399
17997
19451
17998
18000
19448
19450
17999
19444
18000
18002
19478
18001
19455
19515
18002
19448
19456
19458
19518
18003
19444
19459
19461
18004
18010
19445
19462
18005
18009
19446
19463
18006
18008
19447
19464
18007
19465
18008
18014
19015
18009
18013
19016
18010
18012
20829
18011
19459
24460
18012
19460
19462
19503
24461
18013
19463
19500
24462
18014
19464
19492
24463
18015
19465
19491
24464
18016
18024
18028
24465
18017
18027
24466
18018
18024
18026
18019
18023
18020
18022
18026
18021
18022
19468
18023
18025
19467
18024
19466
18025
19465
18026
18028
19484
19490
18027
19485
18028
18030
24469
18029
19491
24470
18030
19484
19488
19497
24501
18031
19485
19487
24496
18032
19486
22132
18033
18034
18878
22132
22134
22136
18035
18877
20908
20910
18036
18872
20905
20907
18037
18038
20887
20905
18039
20906
20916
22153
18040
22150
18041
20886
20890
20916
20918
18042
18052
20919
18043
18049
20920
18044
18048
20921
18045
20922
18046
18048
18056
20933
18047
18777
18048
18050
18776
18049
18055
20934
18050
18052
18054
20947
18051
18815
18052
18816
20885
18053
20890
20948
18054
18816
18818
20891
20949
18055
18815
18819
20950
18056
18776
18780
20951
18057
18777
18779
20952
18058
18536
20953
18059
18531
18533
18060
18514
18061
18515
18533
18062
18076
18078
18538
20959
18063
18075
18079
18509
18064
18315
18065
18067
18079
18081
18316
18066
18082
18311
18067
18557
18068
18556
18069
18075
18077
18079
18555
18070
18072
18074
18566
18071
18567
18072
18542
18572
18073
18077
18541
18573
18074
18076
18540
18075
18076
18077
18539
18078
18548
18554
18079
18549
18553
20960
18080
18508
18081
18553
18555
21548
22188
18082
18556
18596
21119
18083
18557
18595
21114
18084
18104
18108
18673
18085
18107
18668
18086
18098
18104
18106
18087
18088
18092
18106
18089
18107
18664
18090
18092
18110
18112
18695
18091
18113
18658
18092
18093
18094
18106
18110
18600
18608
18095
18099
18601
18605
18096
18602
18604
18097
18099
18101
18098
18102
18099
18103
18100
18106
18101
18103
18105
18561
18601
18102
18560
18602
18103
18559
18104
18558
18105
18557
18106
18108
18594
18600
18107
18108
18110
18669
18109
18595
18672
18110
18598
18600
18708
21111
18111
18703
18112
18608
18704
18708
21523
18113
18636
18694
18114
18693
18115
18611
18634
18636
18638
18116
18138
18612
18639
18117
18137
18640
18118
18128
18136
18612
18119
18120
18122
18136
18121
18137
18154
18122
18140
18142
18123
18124
18134
18136
18140
18125
18133
18126
18128
18132
18136
18127
18131
18128
18130
18129
18130
18132
18612
18613
18131
18614
18132
18615
18133
18135
18616
18134
20081
18135
18139
20080
18136
18138
18612
18633
18137
18138
18140
20060
18139
18634
20061
18140
20077
20079
18141
18142
20058
20060
20077
18143
18154
18164
18144
18151
18153
18145
18147
18146
18147
18149
18148
18151
18149
18150
18151
18159
18165
18167
18152
18164
18153
18157
18159
18163
18154
18155
18163
20060
18156
18640
18157
18163
20064
20066
18158
18159
20066
18160
18162
18161
18167
20046
18162
18166
20051
20068
18163
18165
20066
20067
18164
20059
18165
20058
18166
20057
18167
20054
20056
18168
18169
20044
20046
20054
18170
20017
20041
18171
20014
20040
18172
19734
20037
18173
19731
20036
18174
19718
20033
18175
19715
20032
18176
19706
18177
19715
18178
18180
19706
19716
18179
19713
18180
19710
19712
19707
19709
19723
18182
18184
19768
19806
19818
18183
19767
19815
18184
19766
18185
19765
18186
19804
19806
19807
18187
19797
18188
19798
19807
19810
18189
19799
18190
19810
19820
18191
18193
18192
18193
18455
18194
18392
19820
18195
18393
19799
18196
19796
18197
18393
18395
19795
18198
18199
18211
18395
18399
18200
18202
18210
18201
18205
18202
18204
19786
18203
18395
19787
18204
18210
18224
18396
19792
18205
18223
19791
18210
18214
18207
18209
18208
18215
18209
18220
18232
18219
18231
18211
18213
18396
18398
18402
18213
18225
18407
18409
18411
18214
18224
18402
18215
18223
18411
18216
18220
18217
18221
18223
19846
18218
19847
18219
18221
18229
19886
18220
18230
18221
18411
18412
18222
18228
19891
18223
18225
18227
18411
19892
18224
19845
18225
18403
19844
18226
18406
19897
18227
18409
18420
18422
19898
18228
18410
18417
19899
18229
18412
18416
19900
18230
18415
19901
18231
18412
18414
18232
18234
18233
18412
18234
18413
18433
18414
18432
18236
18242
18237
18239
18238
18432
18239
18255
18259
18435
18240
18242
18254
18260
18241
18247
18261
18242
18244
18243
18244
18252
18254
18245
18247
18251
18246
18250
18247
18249
18275
18248
18254
18276
18249
18251
18253
18277
18481
18250
18278
18341
18251
18342
18252
18480
18253
18479
18254
18256
18282
20987
18255
18283
18256
18258
18452
18257
18478
20988
18258
18282
19986
21083
21402
18259
18271
18283
18451
18260
18270
18438
18261
18267
18283
18262
18266
18276
18263
18275
18264
18266
18274
19926
18265
19921
18266
18268
19922
18267
18273
19927
18268
18270
18272
19928
18269
19929
18270
18440
19932
18271
18439
19989
18272
19984
19986
19988
18273
18281
18283
21094
18274
18276
18280
21095
18275
18279
21096
18276
18278
18277
18283
18278
18280
18282
18285
18279
18286
18280
18498
21101
18281
18497
21102
18282
19986
21081
21093
18283
18284
18285
20987
21081
21083
21085
18286
18481
18495
18497
18287
18339
18341
18498
18288
18300
18304
18306
18289
18297
18299
18307
18290
18292
18296
18291
18295
18292
18294
18668
18293
18307
18667
18294
18296
18308
18310
18674
18295
18311
18673
18296
18312
18297
18313
18298
18304
18308
18320
18299
18303
18321
18300
18301
18303
18341
18302
18342
18303
18323
18484
18304
18332
18340
18305
18333
18339
18306
18308
18334
18499
21126
18307
18498
21105
18308
18676
18309
18675
18310
18318
18320
18334
21122
18311
18313
18317
21115
18312
18316
21114
18313
18315
18314
18320
18315
18317
18319
18518
18316
18509
18317
18508
21119
18318
18507
21120
18319
18335
18506
21121
18320
18330
18336
18519
18321
18333
18322
18330
18332
18323
18329
18324
18328
18332
18485
18325
18327
18345
18326
18327
18347
18328
18346
18366
18329
18331
18490
18522
18330
18521
18331
18520
18332
18336
18491
18523
18333
18486
18334
18336
18338
18335
18500
21125
18336
18503
18505
22184
18337
20965
18338
18491
18493
18503
20966
18339
18486
18494
18500
18340
18495
18499
18341
18482
18484
18486
18342
18481
18343
18480
18484
18344
18345
18484
18346
18485
18490
20969
18348
18366
18368
18349
18357
18365
18350
18353
18358
18362
18351
18359
18361
18352
18353
18355
18356
18354
18355
18358
18375
18356
18359
18373
18374
18358
18364
18368
18370
18359
18363
18371
18360
18372
18361
18363
18383
18514
18362
18363
18365
18512
18364
18384
18513
18365
18367
18387
18526
18366
18521
18367
18522
20969
18368
18388
18527
20970
18369
18370
18388
18390
18371
18379
18387
18372
18375
18380
18384
18373
18381
18383
18374
18375
18377
18378
18376
18377
18380
20925
18378
18381
20923
20924
18380
18386
18390
20930
18381
18385
20931
18382
20922
18383
18385
20933
20953
18384
18531
18385
18387
18530
18386
20932
21006
18387
18389
21005
21015
18388
18529
18389
18528
20971
18390
20972
21016
21036
21017
18392
18457
19825
18393
18455
18456
19824
18394
19800
18395
18397
18399
18456
19828
18396
19794
18397
18403
19793
18398
18404
18459
19833
18399
18401
18460
18454
18401
18405
18407
18424
18465
18402
18404
18463
18403
18407
18404
18406
19843
18405
18467
19842
18406
18423
18466
19949
18407
18422
19944
18408
18409
18422
18424
18426
18410
18419
18411
18412
18418
18413
18414
18416
18418
18430
18415
18431
18416
18440
19934
18417
18441
19935
18418
18420
18444
19936
18419
18429
18420
18426
18428
18421
18445
19941
18422
18426
19942
19964
19970
18423
19943
18424
18471
19958
19964
18425
18472
18426
18475
19964
19974
18427
18428
19970
19972
19974
18429
18445
18447
18430
18436
18444
18431
18433
18437
18441
18432
18438
18440
18433
18435
18434
18435
18437
18476
18438
18452
18437
18443
18447
18449
18438
18442
18450
18439
18451
18440
18442
19984
21382
18441
21377
18442
18444
21376
18443
19983
21383
18444
18446
19982
21384
18445
21375
18446
19970
21374
18447
19971
19981
21389
18448
19972
18449
19981
21416
21422
18450
19982
21417
18451
18476
19983
21401
18452
19984
21402
18476
18478
18454
18457
18461
18455
18456
18460
18457
18459
19827
18458
19826
18459
18461
18468
19839
21440
18460
18467
19834
18461
18463
18462
21439
18463
18464
18468
21438
18465
18467
18465
18469
18473
21437
18466
18472
18467
18469
18471
19950
18468
19841
18469
19840
21455
18470
19955
21456
18471
18473
19956
19966
21457
18472
19957
19965
18473
18475
18474
21436
18475
19966
21433
21435
19965
19975
18477
18478
21401
21405
21402
21404
18480
20985
20987
18481
18483
18482
20987
18483
18487
18495
20986
18484
18488
20985
18485
18486
18488
18490
18487
18491
18488
18492
18494
20991
18489
20984
18490
18492
20979
20983
18491
20968
18492
20967
18493
20978
20992
18494
18502
21073
21497
18495
18501
21086
18496
21085
18497
18499
18501
21080
21132
18498
21081
21103
18499
21104
18500
21127
18501
18503
21506
18502
21079
21505
18503
21074
21078
22291
18504
22183
18505
20966
21070
21074
22182
18506
20965
21069
22185
18507
18519
20962
22186
18508
18518
20961
22187
18509
20960
22188
18510
18518
20959
18511
18515
18512
18516
18518
18520
18513
18521
18514
18516
18526
18530
18515
18531
18516
18532
20959
18517
18525
20956
18518
20957
20959
20961
20963
18519
18520
20963
20965
18521
18523
18525
18522
18526
18523
18527
20968
18524
20965
20967
18525
18527
20964
20976
21002
18526
20963
21003
18527
18529
18528
20975
18529
20974
21002
21036
18530
21003
21005
18531
20956
21006
18532
20953
18533
20954
20956
20958
18534
18536
18538
18535
18539
18536
18546
18778
18537
18779
20954
18538
18546
18550
18822
21045
18539
18549
20958
18540
18546
18548
18541
18545
18542
18544
18548
18574
18543
18575
18544
18582
18786
18545
18547
18587
18787
18546
18784
18547
18783
18548
18550
18588
18824
18549
18589
18550
18552
21043
18551
18823
21044
18552
18588
21598
22023
22209
18553
18589
21599
22204
18554
21549
22193
18555
18573
18589
18591
18556
18566
18592
18557
18565
18593
18558
18594
18559
18561
18565
18560
18564
18561
18563
18713
18562
18594
18714
18563
18565
18569
18593
18715
18564
18568
18716
18565
18567
18566
18567
18569
18573
18568
18572
18569
18571
18723
18570
18592
18722
18571
18573
18585
18591
20259
18572
18584
20260
18573
18575
18574
18575
18585
18587
18589
18576
18582
18584
18577
18581
18578
18580
18584
18730
18579
18731
18580
18736
20284
18581
18583
20267
20285
18582
20286
18583
18587
21587
18584
18586
20266
21586
18585
20261
18586
18590
20264
18587
20265
21589
21597
18588
21588
18589
21595
21597
18590
18591
21552
21597
21599
18592
21549
21551
18593
18721
21548
18594
18596
18720
18595
18599
18596
18598
21113
18597
21118
21548
18598
18720
21519
21547
22322
18599
18709
21112
18600
18710
18714
18720
18601
18607
18602
18606
18714
18603
18713
18604
18606
18627
18712
18605
18622
18606
18608
18621
18607
18628
18711
18608
18629
18708
18710
18609
18610
18621
18629
18631
21523
18611
18620
18632
18636
18612
18613
18633
18614
18616
18620
18615
18619
18616
18618
18617
18633
20081
18618
18620
18624
18632
20082
18619
18623
18620
18622
18621
18622
18624
18628
18623
18627
18624
18626
18625
18631
20113
18626
18628
18630
20114
20132
18627
20115
20129
18628
20130
18629
20131
18630
21522
21534
18631
21525
21527
21533
18632
20112
21524
18633
18635
20083
18634
20080
18635
20079
20087
18636
20084
20086
21524
18637
21523
18638
18694
20086
20090
22343
18639
18693
20087
20089
18640
18644
20061
20063
18641
20060
20064
18642
18644
18646
18643
18644
18656
18658
18645
18693
18646
18656
18690
18692
20063
18647
20064
18648
18688
18690
20065
18649
18655
18687
18650
18654
18651
18653
18687
19920
18652
19921
18653
18681
19926
18654
18680
18686
19925
18655
18679
18656
18686
18690
18700
18657
18658
18662
18692
18696
18700
18659
18693
18695
18660
18662
18664
18661
18665
18662
18666
18663
18679
18664
18666
18670
18678
18696
18665
18669
18695
18666
18668
18667
18668
18670
18674
18676
18669
18673
18670
18672
18703
18671
18677
18702
18672
18674
21108
21110
21116
18673
21111
21113
18674
21114
18675
21115
18676
21108
21122
21126
18677
21105
18678
18701
21106
21108
18679
18683
18699
18680
18700
18681
18683
18685
21097
18682
21096
18683
21101
21105
18684
21100
21106
18685
18699
20099
21159
22310
18686
18700
20098
21154
18687
18689
21151
18688
19919
18689
20069
21149
18690
20070
20098
21150
18691
20071
18692
18698
18700
20096
20098
18693
18697
20089
18694
18695
18697
18704
18696
18703
18697
18699
18702
18698
18705
20090
18699
20099
20101
22312
18700
18701
18702
21109
22310
22312
18703
18705
21110
18704
21111
18705
18707
22343
18706
22312
22342
18707
21110
21516
22313
22349
18708
21111
21517
22348
18709
21522
18710
21517
21519
21521
18711
18719
21534
18712
18714
18718
20131
18713
18717
20130
18714
18716
18715
18716
18718
18720
18722
18717
18723
18718
20135
20256
18719
20134
20257
18720
21519
21535
21545
18721
18722
21545
21547
21551
18723
20257
20259
18724
20256
20260
18725
18729
18726
18728
20137
20256
18727
20138
18728
18732
20147
18729
18733
20152
20255
18730
20260
18731
18733
20261
20267
18732
18736
18733
18735
20154
18734
20153
20262
18735
20251
20267
20279
21583
18736
20250
20278
18737
20267
20269
18738
20270
18739
18740
20270
20272
20274
18741
18743
18745
18742
18746
18743
18747
18749
18744
20270
20284
18745
18747
20275
20283
20291
18746
20274
20292
18747
20293
18748
20294
18749
18755
20283
20287
20413
18750
20284
20286
18751
18753
18755
18752
18756
18753
18757
18785
18754
18786
20286
18755
18757
18789
18805
20287
18756
18804
18757
18759
18758
18790
18759
18763
18793
18801
18805
18760
18802
18804
18761
18763
18765
18762
18766
18763
18767
18769
18764
18794
18765
18767
18799
18801
18841
18766
18802
18838
18767
18839
18768
18840
18769
18797
18799
18863
18770
18794
18796
18771
18775
18772
18774
18790
18794
18773
18785
18774
18778
18784
18775
18781
18791
18795
18776
18796
18777
18781
18815
18778
18779
18781
18783
18780
18822
21009
18781
18819
18821
21010
18782
18814
18783
18791
18813
18821
18825
18784
18822
18824
18785
18787
18791
18786
18790
18787
18789
21587
18788
18824
21588
18789
18791
18809
18825
21593
18790
18808
21592
18791
18793
18792
18793
18795
18809
18811
18813
18794
18800
18808
18795
18799
18796
18798
18814
18797
18815
18798
18816
20879
18799
18811
18817
20878
18800
20877
18801
18807
18811
18835
18802
18806
18836
18803
18837
18804
18806
20412
20511
18805
20413
18806
18808
20414
18807
20415
20512
18808
18810
20871
22062
18809
22057
18810
18828
22058
18811
18829
20872
22063
18812
18834
18813
18817
18829
18831
18833
18814
18820
18828
18815
18817
18819
18816
18817
20884
18818
20883
18819
18831
20892
22241
18820
22236
18821
18827
18831
22235
18822
18826
21057
18823
21052
18824
18826
21053
22023
18825
21595
18826
18828
21594
18827
21056
22024
18828
18830
22068
22234
18829
22065
18830
22064
22092
18831
22069
22093
22243
18832
22242
18833
20892
22093
22097
24546
18834
20883
22092
22096
18835
20872
20874
20878
18836
20871
20875
20877
18837
18841
20512
20514
18838
20511
20515
18839
18841
18843
18840
18844
18841
18845
18863
18842
20877
18843
18845
18857
20514
20876
18844
18856
20515
18845
18847
18846
18862
18847
18849
18857
18859
18861
18848
18854
18856
18849
18853
18850
18852
20899
18851
18869
18852
18934
20901
18853
18859
18935
20900
18854
18932
18855
18859
20544
18856
18858
20521
20543
18857
20516
18858
20517
22102
18859
20520
20542
22105
18860
20545
18861
20900
22105
22121
24530
18862
20897
20899
22102
18863
18867
20876
20880
18864
20877
20879
18865
18867
18866
20879
20885
18867
20880
20888
20898
18868
20899
18869
18870
20899
20901
20903
18871
18873
18875
18872
18876
18873
18877
18874
20903
20905
18875
18877
20902
20910
22127
18876
20901
22126
18877
18879
18878
18879
22127
22131
18880
22126
22130
18881
18941
18882
18934
18942
22126
18883
18933
18939
18884
18888
18890
18885
18891
18886
18888
18896
18916
18887
18915
18888
18918
18940
18889
18917
18939
18890
18894
18896
18926
18938
18891
18893
18933
18892
18896
18893
18895
20526
18894
18932
20527
18895
18925
18931
20528
18896
18924
20529
18897
18898
18916
18922
18924
18926
18899
18901
18900
18924
20561
18901
18905
18923
20560
18902
18922
18903
18905
18957
18959
18987
18904
18908
18905
18907
20650
18906
19023
20653
18907
18987
19002
19024
20654
18908
19001
20649
18909
18987
18989
18910
18960
18974
18911
18961
18963
18912
18913
18959
18961
18981
18914
18915
18919
18921
18981
18916
18918
18917
18921
18918
18920
18926
18944
18919
18945
18920
18948
18982
18921
18927
18949
18983
18922
18958
18923
18927
18957
18924
18928
19023
20567
18925
20562
18926
18928
18930
20563
18927
18953
18928
18954
18956
18929
19022
20568
18930
18954
20569
20575
20819
18931
18953
20570
20574
18932
18936
18938
20547
18933
18935
20544
18934
18938
18935
18937
22125
18936
20545
22124
18937
20546
20574
24476
18938
18942
18952
24475
18939
18953
18940
18942
18944
18941
18945
18942
18946
22130
18943
22129
18944
18946
18950
18952
24467
18945
18949
18953
18946
18948
18947
24466
18948
18950
19015
24465
18949
19012
18950
18954
19013
18951
19014
24472
18952
18954
20575
20821
24473
18953
20574
24474
18954
18955
18956
19013
19019
20819
20821
18957
18983
19020
19022
18958
18986
19023
18959
18981
18983
18985
18960
18961
18975
18985
18987
18962
18980
18963
18975
18977
18979
18964
18972
18974
18965
18967
18971
18966
18970
18967
18969
18991
18968
18974
18990
18969
18971
18973
18998
19034
18970
18997
19035
18971
19069
18972
19070
18973
18977
20732
18974
18976
18999
19033
18975
18989
18976
18988
19007
18977
19004
19030
19032
18978
20733
18979
19030
20834
20836
18980
19007
19009
18981
18985
19010
18982
18983
19010
19012
18984
19013
18985
19008
19010
19018
19020
18986
19007
18987
19006
19020
19024
18988
18989
19002
19004
19006
18990
18999
19001
18991
18994
18998
18992
18993
18997
18994
18996
20640
18995
19001
20641
18996
18998
19000
19077
20646
18997
19076
20645
18998
19075
18999
19074
19000
19004
20724
19001
19003
20647
20723
19002
20648
19003
19025
20799
19004
20726
20798
20844
19005
20725
19006
19028
19030
20842
20844
19007
19025
19027
19008
19030
19009
19027
19029
20827
19010
20828
20834
19011
19012
19016
19018
20828
19013
19015
19014
19018
19015
19017
20821
24505
19016
24464
19017
20829
24463
19018
20822
20830
24506
19019
20827
19020
20822
20824
20826
19021
19027
19022
19024
19026
20816
20824
19023
20811
20819
19024
20810
19025
20815
19026
20844
22969
19027
20825
20845
22970
19028
20826
19029
20841
20845
20847
19030
20832
20834
20840
19031
19032
20836
20838
20840
20842
19033
20725
20733
20735
19034
20724
20730
20732
19035
19070
19072
19074
19036
19067
19069
19075
19037
19049
19066
19038
19048
19054
19056
19039
19041
19043
19040
19056
19041
19055
19058
19042
19054
19059
19043
19045
19053
19084
19044
19048
19045
19047
20669
19046
19085
20670
19047
19051
19053
19090
20687
19048
19050
20682
19049
19053
19050
19052
19075
19051
19076
20683
19052
19079
19091
20686
19053
19066
19080
19082
19054
19083
19055
19064
19066
19056
19057
19058
19062
19064
19059
19061
19060
19064
19084
19061
19063
19087
19107
19062
19106
19063
19105
19064
19088
19094
19112
19065
19083
19066
19082
19094
19096
19067
19068
19072
19080
19096
19069
19071
19097
19070
19071
20732
19072
19098
20731
19073
19099
20730
19074
19078
19080
20715
20729
19075
19077
20724
19076
19080
19077
19079
20706
19078
20707
20723
19079
20710
20714
20722
19080
20711
20713
19081
19082
19096
20713
20715
20717
19083
19091
19093
19084
19088
19090
19085
19087
19086
19090
20689
19087
19089
20692
20754
19088
20753
19089
19093
20752
19090
19092
20693
20759
19091
20688
19092
20697
20713
19093
20698
20718
20760
19094
20717
20751
19095
19113
19096
19100
19102
20717
20779
19097
19099
19098
19102
19099
19101
20738
19100
20715
20737
19101
20716
20742
20780
19102
20741
20781
19103
19104
19321
20777
20779
20781
19105
19113
19115
19106
19110
19112
19107
19109
19108
19112
20753
19109
19111
20756
20766
19110
19118
19111
19115
19117
19112
19114
20757
20771
19113
20752
19114
20751
20779
19115
20762
20772
20778
19116
20777
19117
19316
20772
20774
20776
19118
19128
20769
20771
19119
20766
20768
19120
19126
19128
19121
19125
19129
19122
19124
19130
19123
19124
23085
19125
19312
23084
19126
19313
23083
19127
20768
23082
19128
19313
19317
20769
23091
19129
19316
19130
19313
19315
19131
19312
19132
19311
19315
19347
19133
19310
19346
19134
19135
19326
19344
19346
19136
19138
19146
19137
19138
19140
19139
19145
19344
19140
19142
19144
19343
19141
19142
19196
19143
19197
19358
19144
19170
19172
19214
19359
19145
19163
19169
19354
19146
19164
19168
19345
19147
19167
19346
19148
19164
19166
19149
19151
19153
19150
19154
19151
19155
19157
19152
19158
19164
19153
19155
19161
19165
19265
19154
19166
19262
19155
19263
19156
19264
19157
19161
23148
19158
19159
19161
19163
19160
19172
19184
19161
19171
19189
23150
19162
23147
19163
19165
19169
19171
19219
19164
19172
19165
19166
19168
19220
19167
19221
19168
19282
19351
19169
19281
19352
19170
19353
23141
19171
19215
19360
23142
19172
19216
19218
19173
19174
19184
19192
19214
19216
19175
19193
19197
19176
19180
19182
19184
19177
19179
19178
19182
19179
19181
19180
19194
19202
19181
19185
19193
19205
19182
19186
19183
19184
19186
19188
19185
19189
19186
19190
19192
23618
19187
19188
19190
23624
19189
23168
19190
19216
23167
19191
23621
23623
19192
19216
23614
23616
23632
19193
19213
23617
19194
19198
19206
19195
19201
19196
19198
19200
19413
19197
19412
19198
19214
19415
19199
19213
19414
19200
19206
19210
19212
23762
19201
19209
23763
19202
19206
19208
19203
19205
19204
19208
19205
19207
23619
19206
23618
19207
23617
19208
19210
23638
19209
19210
19696
23766
19211
19697
23767
19212
23636
23638
23639
23792
19213
23615
23617
23761
19214
19427
23614
19215
19426
19216
19429
23612
23614
19217
19218
23165
23167
23612
23632
19219
23142
23150
23164
19220
23141
23145
23147
19221
19265
19279
19281
19222
19260
19262
19282
19223
19233
19241
19259
19224
19232
19236
19238
19225
19229
19231
19226
19228
19238
19227
19239
19228
19244
19246
19229
19237
19247
19230
19236
19288
19231
19235
19287
23086
19232
23085
19233
19235
23094
19234
19282
19309
19235
19259
19283
19285
19308
19236
19286
23095
19237
19259
19293
19238
19242
19244
19252
19239
19241
19240
19244
19241
19243
19263
19242
19262
19243
19253
19259
19261
19244
19254
19268
19245
19246
19250
19252
19254
19247
19249
19248
19252
19288
19249
19251
19289
19296
19250
19297
19251
19255
19616
19252
19256
19292
19617
19253
19293
19254
19256
19258
19270
19255
19269
19256
19274
19615
19257
19275
19618
19258
19292
19305
23359
23440
19259
19285
19293
23360
19260
19261
19279
19283
23360
19262
19266
19268
19270
19263
19265
19264
19268
19265
19267
23148
19266
23147
19267
19271
19279
23146
19268
19272
23153
19269
19270
19272
19274
19271
19275
23360
19272
19276
19278
23155
19273
23154
19274
19276
19641
23159
19275
19614
19276
19639
23359
19277
19640
23160
19278
23357
23359
23362
23366
19279
23360
23363
23365
19280
23145
19281
19283
23138
23144
23363
19282
23133
23141
19283
23132
19284
23137
19285
23360
23361
23363
23387
19286
19305
19307
19287
19291
19293
23118
19288
19290
23107
19289
19293
19290
19292
19295
19291
19302
23108
19292
19303
19305
23119
19293
19294
19295
19303
19617
23438
23440
19296
19300
19302
19297
19299
19617
19298
19616
19299
19621
19625
19300
19620
19626
19301
23438
23445
19302
23419
23437
23444
19303
23418
19304
23431
23437
19305
23432
23440
23441
23473
19306
23361
19307
23119
23121
23392
23432
19308
23116
23118
23387
19309
23095
23097
23137
19310
23094
23098
23132
19311
19351
19312
19314
19350
23098
19313
23093
19314
23092
19315
19317
19373
23099
19316
19372
19317
19319
19318
20774
23100
19319
19373
19375
20775
23129
19320
19370
19372
20776
19321
19327
19331
20777
19322
19330
19323
19327
19329
19324
19326
19325
19329
19341
19326
19328
19342
19344
19348
19327
19347
19328
19372
19329
19331
19365
19371
19330
19334
19331
19333
20781
19332
19370
20782
19333
19365
19367
19369
26329
19334
19338
26326
19335
19339
19341
19365
19336
19337
19339
19383
19338
19406
20740
19339
19367
19407
26327
19340
19366
19382
19341
19357
19411
19342
19343
19355
19357
19365
19344
19354
19358
19345
19346
19348
19352
19354
19347
19351
19348
19350
19372
19349
19355
19371
19350
19352
19362
19374
23134
19351
19373
23131
19352
23132
19353
23133
19354
19360
19362
23140
19355
19359
19356
19362
19364
19357
19359
19361
19379
19425
19358
19366
19416
19359
19415
19360
19426
19361
19429
23372
19362
19378
19430
23373
19363
23374
19364
19374
19376
19378
23379
19365
19369
19371
19379
19366
19367
19379
19381
19368
19420
26328
19369
19377
19379
19421
26335
19370
19376
26334
19371
19375
23073
19372
19374
19373
19374
23130
19375
23380
19376
23074
23381
19377
23404
26337
19378
19434
23405
26336
19379
19433
23378
19380
19381
19421
19423
19425
19433
19382
19416
19418
19420
19383
19407
19409
19411
19384
19402
19404
19406
19385
19393
19395
19397
19386
19390
19392
19387
19389
19388
19392
20836
19389
19391
19443
20835
19390
19444
19391
19395
19448
19392
19394
19442
24855
19393
20837
19394
19406
24857
19395
19405
19441
24856
19396
19404
19449
19397
19399
19403
19450
19398
19402
19399
19401
19400
19451
19401
19403
19413
19452
19402
19412
19403
19411
19404
19410
19453
19405
19409
23772
19406
19408
19440
24863
19407
24862
19408
19420
27755
19409
19419
19439
27756
19410
19418
23771
19411
19413
19417
23764
19412
19416
19413
19415
19414
23763
19415
19417
19427
23762
19416
19426
19417
19425
19418
19424
23769
19419
19423
23770
19420
19422
19438
27761
19421
27760
19422
19434
27781
19423
19435
19437
27782
19424
19432
23789
19425
19427
19431
23790
19426
19430
19427
19429
19428
23761
19429
19431
23614
23756
23760
19430
23611
19431
19433
23610
19432
23755
23795
19433
19435
23796
23854
19434
23609
19435
23856
27786
19436
23855
27787
19437
23796
23798
23902
27788
19438
23789
23799
27789
19439
23770
23786
27762
19440
23771
23785
27763
19441
23772
23774
24864
19442
19449
19457
24865
19443
19448
19458
24854
19444
19459
24458
19445
19448
19446
19447
19449
19450
19456
23772
19451
19453
19455
19452
19453
23763
19454
23764
23772
19455
19703
23765
23773
19456
19700
19457
23773
23777
19458
23774
23776
24868
19459
19519
24869
19460
24459
19461
19519
19521
24849
19462
19478
19510
19518
19463
19477
19502
19464
19472
19501
19465
19471
19493
19466
19490
19467
19471
19468
19470
19490
19469
19470
19474
19471
19473
19493
19472
19473
19477
19474
19476
19501
19475
19476
19512
19477
19502
19511
19478
19479
19511
19515
19480
19512
19514
19481
19483
19514
19483
19696
19704
19699
19485
19489
19487
22137
19488
24497
19496
24500
19490
19494
19497
19491
19493
19492
19497
24503
19493
19498
19500
24508
19494
19501
19498
19506
19496
19498
19507
24514
19497
24513
19498
24502
19499
24509
19500
19504
19506
19507
24841
19501
19503
24828
19502
19506
19503
19505
19510
19504
19521
24829
19505
19508
19522
24846
19506
19509
19508
24842
19523
24845
19510
19522
19526
19511
19517
19521
19512
19516
19513
19514
19516
19698
19515
19699
19516
19518
19700
19517
19701
19518
19520
19526
23778
19519
23777
19520
23776
24870
19521
19525
23779
24901
19522
24848
19523
19525
24847
19524
24906
19525
23824
24907
19526
23825
24902
23826
19528
19529
19530
23312
19531
19532
23290
23312
19533
23289
19534
19535
23255
23287
23289
19536
23254
23276
23278
19537
23273
23275
19538
23250
23254
19539
23249
23253
19540
19548
19550
19541
19545
19547
19542
19544
19543
19547
19557
19544
19546
19554
19556
19545
19553
19546
19550
19552
19547
19549
19567
19569
19548
19562
19549
19563
23249
19550
19566
19570
23252
19551
23253
19552
19570
23256
19553
19569
19554
19555
19569
19556
19568
19574
19557
19559
19567
19558
19562
19559
19561
19577
19560
19574
19576
19561
19565
19567
19573
19597
19562
19564
19592
19563
19567
19564
19566
23248
19565
19593
23247
19566
19572
19598
23264
19567
19571
23265
19568
19569
19571
19573
19570
19571
23257
19572
23266
19573
19599
23267
19574
19600
19575
19576
19600
19602
19577
19579
19597
19578
19592
19579
19581
19591
19580
19596
19602
19581
19603
19605
23235
19582
19590
19606
19583
19585
19589
19584
19588
19585
19587
19625
19586
19606
19628
19587
19589
19607
19609
19629
19588
19610
19624
19589
19590
19591
19607
23233
23235
19592
19594
19596
19593
19597
19594
19598
23246
19595
23233
23245
19596
19598
23234
23242
23244
19597
19601
23235
19598
19600
19599
23323
19600
23242
23324
19601
19602
23240
23242
19603
19604
23240
19605
23239
23542
19606
23236
23523
19607
23522
19608
23236
23535
19609
23233
23237
23331
23536
19610
19634
23229
19611
19623
19612
19636
23227
23229
23231
19613
19637
19643
19614
19615
19637
19639
19641
19616
19618
19622
19617
19621
19618
19620
19619
19639
23440
19620
19622
19632
19638
23439
19621
19631
23438
19622
19624
19623
19637
19624
19632
19634
19636
19625
19629
19631
19626
19628
19627
19631
23445
19628
19630
23446
23521
19629
23522
19630
19634
23535
19631
19633
23449
23534
19632
23450
19633
23451
23479
19634
23452
23484
23537
19635
23536
19636
23229
23482
23484
23553
19637
23479
23481
19638
19642
19639
23355
23477
23479
19640
23358
19641
23351
23355
23357
19642
23350
19643
23355
23481
23505
19644
23227
19645
23222
23224
23226
23505
19646
23221
23350
19647
23220
23224
19648
19650
19652
19649
19653
19650
19654
23190
19651
23191
23220
19652
19654
23194
23202
23223
19653
23201
23224
19654
23200
19655
23195
23199
19656
19660
19678
19657
19667
19658
19660
19664
19666
19659
19663
19660
19662
23200
19661
19679
23199
19662
19664
23206
23208
23282
19663
23205
23271
19664
23272
19665
23281
19666
19684
23208
23210
23300
19667
19679
19681
19683
19668
19674
19678
19669
19673
19683
19670
19671
19673
19672
19673
19687
19674
19682
19675
19681
19676
19678
19680
23196
19677
23189
19678
23190
19679
23195
19680
23198
23208
19681
23197
23209
19682
23210
19683
19685
19687
19684
19685
23293
19686
23210
23294
19687
23295
19689
19691
19695
19690
19694
19691
19693
19692
23177
19693
19695
23178
23192
19694
23179
23191
19695
23190
23189
19697
23807
23639
23810
19699
19701
19705
19700
19704
19701
19703
23777
19702
23778
19703
19705
23781
23805
19704
23782
23806
19705
23807
23808
19707
20032
19708
20031
19709
20030
21187
19710
19724
19812
19711
19712
19724
19726
19746
19713
19721
19723
19714
19716
19720
19715
19719
19716
19718
19717
19723
20032
19718
19720
19722
19732
20033
19719
19731
19720
19730
19721
19729
19722
19726
19728
19723
19725
19739
20034
19724
20031
19725
20030
21205
19726
19740
20029
21206
19727
19745
19728
19740
19742
19744
19729
19737
19739
19730
19732
19736
19731
19735
19732
19734
19733
19739
20036
19734
19736
19738
20015
20037
19735
20014
19736
20013
19737
20012
19738
19742
20011
19739
19741
20022
20038
19740
20035
19741
20028
21219
19742
20023
20027
21220
19743
20010
19744
21220
21222
21224
21258
19745
19773
21217
21219
19746
19772
21206
21208
19747
21203
21205
19748
19772
19749
19767
19771
21203
19750
19766
19776
19751
19753
19755
19757
19752
19753
19781
19754
19762
19776
19780
19755
19761
19785
19756
19757
19759
19761
19758
19762
19766
19759
19763
19765
19797
19760
19796
19761
19763
19787
19795
19762
19786
19763
19777
19779
19764
19788
19802
19765
19769
19777
19803
21233
19766
19768
19804
19767
19777
19768
19770
21202
19769
19805
21201
19770
21214
21232
21296
19771
19777
21209
21231
19772
19774
19776
21208
19773
19774
21224
19775
21217
21223
21231
19776
19778
19780
21228
19777
19778
19779
21229
21231
21233
19780
19786
19788
19790
19781
19783
19785
19782
19783
19888
19784
19790
19889
21228
19785
19791
19846
19786
19787
19791
19788
19792
19794
19789
19830
21233
19790
19792
19831
19895
21234
19791
19894
21229
19792
19845
19793
19844
19794
19831
19833
19843
19795
19828
19830
19796
19800
19802
19797
19799
19798
19802
19804
19799
19801
19821
21299
19800
19820
19801
19824
19828
19802
19823
19829
21300
19803
19830
19804
21294
21296
21300
19805
21299
19806
21200
21296
21298
19808
19819
19808
19811
21299
19809
21195
21298
19811
21197
21303
19811
19821
21302
19813
21187
21205
19814
19816
21188
21204
19815
21203
19816
19818
21202
19817
21189
21211
19818
21190
21193
21212
19819
21201
21193
21195
21200
19821
19824
19823
21302
19823
19825
19837
21304
19824
19836
21301
19825
19827
19826
19827
19837
19839
19828
19834
19836
19829
19833
19830
19832
19836
21309
19831
21294
19832
19946
21293
19833
19835
19947
21310
19834
19842
19835
19839
19841
19836
19838
19952
21336
19837
21337
19838
21338
19839
19953
21341
21450
19840
21441
19841
19953
19955
21454
19842
19950
19952
19843
19947
19949
19844
19944
19946
19845
19895
19897
19846
19892
19894
19847
19889
19891
19848
19886
19888
19849
19867
19885
19850
19866
19870
19851
19855
19871
19852
19853
19871
19873
19854
19862
19874
19855
19863
19869
19871
19875
19856
19866
19857
19859
19863
19865
19858
19862
19859
19861
20013
19860
19998
20012
19861
19863
19913
19997
20019
19862
19912
20018
19863
19911
19864
19910
19865
19869
19909
19997
20001
19866
19998
20000
19867
19869
19868
19888
20000
19869
19883
19885
19887
20001
19870
19882
19871
19881
19885
19872
19873
19875
19879
19881
19874
19878
19875
19877
19911
19876
19882
19910
19877
19879
19907
19917
19923
19878
19916
19920
19879
19921
19880
19922
19881
19907
19929
19933
19882
19884
19883
19907
19909
19884
19902
19906
20004
19885
19901
19933
19886
19887
19891
19901
19888
19890
19902
21263
19889
21226
19890
19894
21227
19891
19893
19903
21264
19892
19900
19893
19897
19899
19894
19896
19938
21265
19895
21266
19896
19946
21269
19897
19939
19945
21270
19898
19944
19899
19939
19941
19943
19900
19936
19938
19901
19903
19935
19902
19934
19903
19905
21276
19904
19938
21277
19905
19935
19937
21278
21379
19906
19934
21279
21378
19907
19931
19933
20005
19908
19930
19909
19917
19993
19995
20005
19910
19996
20004
19911
19913
19917
19912
19916
19913
19915
20047
19914
19996
20048
19915
19917
19995
20049
21148
19916
20050
21149
19917
19919
19918
19919
19923
19993
21148
21152
19920
21149
21151
19921
19923
19925
19922
19926
19923
19927
19929
19924
19930
19925
19927
19991
21098
21152
19926
21097
21151
19927
21096
19928
21095
19929
19989
19991
21094
19930
19932
19931
19991
19993
19932
19990
21143
21378
19933
19989
21377
19934
19935
21377
19936
21376
19937
19941
21375
19938
19940
21283
21386
19939
21284
19940
19960
21285
19941
19961
21288
21387
19942
21374
19943
19961
19963
21373
19944
19958
19960
19945
19949
19946
19948
19960
21291
19947
21292
19948
19952
21344
19949
19951
19959
21349
19950
19958
19951
19955
19957
19952
19954
21350
21366
19953
21343
19954
21342
21453
19955
21355
21367
22468
19956
22467
19957
21367
21369
22475
19958
21366
21370
19959
19963
19960
19962
21358
21366
19961
21290
19962
21289
22498
19963
21363
21365
22497
19964
21370
21372
19965
19969
19966
19968
21370
19967
21369
21462
19968
21433
21463
22488
22494
19969
19975
19977
21371
19970
19974
19978
21372
19971
21373
19972
19978
19980
22500
19973
21422
19974
19976
19978
21423
19975
19976
21433
19977
21428
21432
19978
21427
22488
25229
19979
22501
19980
21423
21425
21427
25221
19981
21420
21422
25220
19982
21390
21419
19983
21391
21418
19984
21392
21400
19985
21393
19986
21398
21400
21402
21479
19987
21082
19988
21091
21093
21139
21398
19989
21094
21138
21393
19990
21382
19991
21138
21142
21381
19992
21137
19993
21142
21146
21152
21162
19994
21143
19995
21144
21146
21148
21170
19996
20006
21171
19997
20003
21172
19998
20002
20020
19999
20011
20000
20002
20010
21225
20001
21226
20002
20004
21263
20003
20009
21262
20004
20006
20008
21275
20005
21276
20006
21143
21279
20007
21144
21280
20008
21171
21175
22384
22412
20009
21172
21174
22411
20010
20020
20024
22396
20011
20023
21258
20012
20020
20022
20013
20015
20019
20014
20018
20015
20017
20016
20022
20040
20017
20019
20021
20041
20045
20018
20046
20019
20047
20020
20048
20021
21172
20022
20024
20042
21173
20023
20039
20024
20026
21257
20025
21174
22395
20026
20042
21179
21181
20027
20039
21182
20028
20038
21183
20029
20035
21184
20030
20034
21185
20031
21186
20032
20034
20033
20034
20036
20035
20036
20038
20037
20038
20040
20039
20040
20042
20041
20042
20044
20043
20044
21173
21177
21179
20045
20053
20046
20048
20052
21173
20047
20051
20048
20050
20049
21172
20050
20052
21171
22364
20051
22363
20052
20054
22362
20053
21176
22365
20054
21177
22380
20055
20056
22360
22362
22380
20057
20068
20074
20058
20067
20075
20059
20076
20060
20062
20064
20067
20061
20062
20077
20087
20063
20072
20076
20088
20064
20071
20089
20065
20066
20067
20069
20071
20068
20072
20069
20073
22362
20070
22363
20071
20073
20097
22368
20072
20096
20073
20075
20095
20074
20104
22361
20075
20105
22360
20076
20094
20077
20093
20078
20079
20085
20087
20093
20080
20084
20081
20083
20082
20083
20113
20084
20112
20085
20111
20086
20092
20110
20087
20091
22344
20088
20089
20091
20093
20095
20090
20096
20091
20101
22342
20092
20102
22345
20093
20107
20109
20094
20095
20105
20107
20096
20102
20104
20097
20101
20098
20100
20104
22369
20099
21155
20100
21158
22311
20101
20103
22340
22374
20102
22341
20103
20107
22352
20104
20106
22353
22375
20105
22370
20106
22359
20107
22356
22358
20108
20109
22352
22356
22684
20110
22345
22685
20111
22344
22686
20112
21524
21526
20113
21527
20114
20115
21527
21529
20116
20117
20127
20129
21529
20118
20120
20126
20119
20125
20120
20124
20121
20123
20129
20122
20130
20123
20135
20137
20124
20126
20128
20150
20125
20149
20126
20233
20127
20234
20128
21530
21566
20129
20133
20135
21539
20130
20132
20131
20135
20132
20134
21534
20133
21529
21533
20134
21530
21532
21538
20135
21535
21537
20136
20137
20254
20256
21537
21539
20138
20150
20152
20139
20147
20149
20140
20142
20146
20141
20145
20142
20144
20228
20143
20149
20230
20144
20146
20148
20231
20245
20145
20157
20227
20146
20156
20147
20155
20148
20152
20154
20149
20151
20232
20246
20150
20233
20151
20234
21539
20152
20235
20247
21540
20153
20254
20154
20247
20251
20253
20155
20246
20250
20156
20243
20245
20157
20242
20158
20239
20241
20245
20159
20223
20225
20160
20166
20168
20441
20161
20165
20169
20171
20162
20172
20163
20169
20173
20211
20164
20212
20165
20167
20169
20213
20166
20167
20168
20220
20169
20221
20223
20440
20170
20214
20171
20173
20440
20442
20172
20441
20173
20174
20210
20175
20176
20188
20190
20210
20177
20179
20181
20178
20179
20193
20180
20190
20192
20181
20185
20189
20197
20182
20188
20183
20185
20187
20184
20185
20199
20186
20198
20187
20189
20203
20217
20188
20212
20189
20211
20190
20204
20216
20191
20209
20192
20204
20206
20208
20193
20195
20197
20194
20195
20336
20196
20206
20335
20197
20201
20205
20330
20198
20204
20199
20201
20203
20200
20201
20326
20202
20325
20203
20205
20324
20450
20204
20447
20205
20446
20206
20331
20451
20207
20334
20208
20451
20453
21627
20209
20444
20446
20210
20216
20443
20211
20442
20212
20214
20216
20213
20217
20214
20218
20220
20215
20221
20442
20216
20218
20437
20443
20445
20217
20446
20218
20447
20219
20448
20220
20437
20457
20221
20222
20437
20439
20223
20432
20436
21620
20224
20241
20225
20240
20440
21620
20226
20239
20441
20227
20228
20231
20239
20229
20230
20231
20233
20232
20238
20233
20235
20237
20234
20235
21566
20236
21567
20237
20247
21577
21615
20238
20246
21616
20239
20245
21617
20240
20241
21617
21619
20242
20244
20432
20243
20431
20244
20250
20430
20245
20249
20433
21617
20246
20247
20249
20248
21578
20249
20251
21613
21615
21966
20250
21616
21965
20251
20429
20252
21967
20253
21581
21583
21613
22010
20254
20262
21578
21580
20255
21540
21542
20256
20258
20260
20262
20257
20258
21537
21545
20259
20263
21542
21544
20260
20264
21551
20261
20262
20264
20266
20263
21583
20264
21553
21580
21582
20265
21552
20266
21582
21602
22013
20267
21583
21585
20268
20269
20279
20281
20285
21585
20270
20278
20282
20284
20271
20275
20272
20276
20278
20430
20273
20431
20274
20276
20302
21917
20275
20301
20276
20282
20300
20277
20303
21916
20278
20280
20282
20420
20428
20279
20429
20280
21584
21967
20281
20421
21968
22016
20282
20288
20422
22015
20283
20419
20284
20288
20290
20285
20286
20288
21586
20287
21587
20288
20414
21592
20289
21591
20290
20414
20416
20422
22056
20291
20413
20417
20419
20292
20294
20298
20300
20293
20297
20301
20294
20296
20295
20413
20296
20298
20404
20412
20297
20403
20298
20402
20484
20299
20405
20417
20300
20304
20418
20484
20485
20301
20303
20419
20302
20484
20303
20305
21918
20304
20420
21915
20305
20425
20486
21914
20306
20482
20484
21923
20307
20309
20463
20481
20308
20312
20462
20309
20311
20310
20484
20311
20401
20481
20483
20490
20312
20396
20313
20395
20465
20481
20314
20394
20466
20315
20467
20316
20394
20472
21644
20317
20318
20388
20392
21644
21646
20319
20320
21646
21648
20321
21645
21649
20322
20348
21638
21668
21700
20323
20345
21637
21643
20324
20328
20332
20472
20325
20331
20467
20326
20328
20330
20327
20328
20346
20329
20345
20330
20332
20338
20344
20331
20335
20332
20334
20468
20333
20471
21637
20334
20338
21628
21636
20335
21627
20336
20338
20337
20338
20340
20339
20340
20342
20344
21636
20341
20342
21684
20343
21639
21683
20344
20348
21638
21670
20345
21637
20346
20348
20347
20348
20350
20349
20350
20360
21668
21670
21672
20351
21673
20352
20358
20360
20353
20357
20361
20354
20356
20362
20355
20363
20356
20368
20372
20357
20367
20373
20358
21652
21654
20359
21655
21673
20360
21650
21652
21660
21672
20361
21649
20362
21648
21652
20363
20365
20367
20364
20368
20365
20369
20385
20366
20386
21648
20367
20369
20379
21651
21719
20368
20378
21652
20369
20371
20370
20384
20371
20379
20381
20383
20372
20376
20378
20373
20375
20374
20378
21654
20375
20377
21657
21798
20376
21797
20377
20381
21796
20378
20380
21658
21803
20379
21653
20380
21662
21770
20381
21663
21775
21804
20382
21795
20383
21773
21775
21794
20384
21770
21772
20385
21719
20386
20387
21647
21719
21721
20388
20390
21646
20389
20390
20392
20493
20391
20498
21721
20392
21646
21714
21722
21728
20393
20492
20394
21644
21702
21710
21714
20395
20473
20396
20474
20480
21710
20397
20490
20492
20398
20400
20493
20399
20494
20400
20408
20495
20401
20407
20490
20496
20402
20403
20405
20407
20483
20404
20408
20405
20409
20411
20406
20485
21738
20407
20409
20504
21735
21743
20408
20489
20503
20409
20502
20410
20505
20411
20510
21741
21743
21745
20412
20511
21738
21740
20413
20415
20417
20414
20415
22057
20416
21740
22062
20417
20423
21739
22061
20418
21738
20419
20423
20425
21737
20420
20422
20421
20425
20427
20422
20424
21973
22054
20423
22055
20424
21901
22078
20425
21900
21974
22077
20426
21899
20427
21912
21914
21974
21976
20428
21915
21971
21973
20429
21916
21968
21970
20430
21965
21967
20431
20433
21916
20432
21917
20433
20435
21619
20434
21618
21965
20435
21916
21920
21962
21970
20436
21917
21919
21961
20437
20459
21621
20438
20456
20439
20443
20455
21621
20440
20442
21620
20441
20443
20444
20445
20453
20455
20446
20448
20452
20456
20447
20451
20448
20450
20449
20457
20450
20452
20462
20466
20451
20467
20452
20468
20453
20461
20469
20454
21626
20455
20461
21623
21625
20456
21622
20457
20459
20461
20458
20462
20459
20463
21918
20460
21622
21919
20461
20463
20477
21623
21922
20462
20476
20463
20465
20464
21923
20465
20477
20479
20481
21924
20466
20474
20476
20467
20469
20473
20468
20472
20469
20471
21627
20470
20476
21626
20471
20473
20475
21629
21703
20472
21628
21642
20473
21643
20474
21702
20475
20479
21709
20476
20478
21630
21708
20477
21625
20478
21624
21925
20479
21631
21928
21934
20480
21929
21933
20481
20488
20490
21711
20482
20483
20486
20488
21924
20484
20485
20489
20486
21735
21737
20487
21899
21913
20488
21733
21735
21898
21930
20489
21732
21929
20490
21731
21735
20491
20492
20496
21711
21729
21731
20493
21710
21728
20494
20496
20498
20495
20499
20496
20500
20502
20497
20503
20498
20500
21729
21751
21753
20499
21728
21754
20500
21755
20501
21756
20502
20506
21751
22790
20503
20505
20504
21731
21751
20505
21734
21744
21750
20506
21745
20507
21750
22787
22789
20508
20536
20509
20519
20521
20539
22787
20510
20516
20518
21745
20511
20513
20515
20512
20513
20871
21740
20514
20518
20870
21741
20515
20517
20875
20516
20517
20521
20518
20520
22101
20519
20869
21746
20520
20540
20868
22786
20521
20541
22106
20522
20523
20539
20541
20543
20551
20524
20532
20536
20525
20527
20531
20543
20526
20530
20527
20529
20528
20544
20529
20531
20547
20563
20530
20562
20531
20533
20555
20532
20548
20564
20533
20537
20551
20553
20534
20554
20535
20537
22791
22813
20536
22790
20537
20539
22789
20538
22810
22814
20539
20551
20865
22809
22827
20540
22788
20541
20865
20867
22807
20542
20550
24947
20543
20545
20549
24531
20544
20548
20545
20547
20546
24530
20547
20549
20573
24535
20548
20570
20549
20551
20571
20550
20572
24534
20551
20863
20865
24948
20552
20553
20571
20579
20863
22827
20554
20564
20580
22814
20555
20581
22813
20556
20562
20564
20566
20557
20559
20561
20558
20559
20583
20651
20560
20566
20582
20652
20561
20567
20653
20562
20563
20567
20564
20568
20570
20565
20571
20566
20568
20578
20580
20812
20567
20581
20809
20568
20810
20569
20811
20570
20576
20578
20818
20571
20573
20572
20578
20573
20577
20863
24922
20574
20576
24921
20575
24489
20576
20820
24490
20577
20855
24926
20578
20856
20862
24925
20579
20857
20580
20862
22826
22985
20581
22815
22819
20582
20808
22816
20583
20623
20807
20584
20620
20626
20585
20619
20627
20586
20587
20617
20627
20629
20637
20588
20590
20589
20629
20590
20610
20634
20591
20611
20637
20592
20616
21806
20593
20611
20613
20615
21807
20594
20602
20604
21808
20595
20601
21809
20596
20600
20604
20597
20599
20605
20598
20606
20599
20607
20669
20600
20608
20668
20601
20603
20667
20602
20674
21812
20603
20613
20675
21813
20604
20608
20612
20666
20605
20611
20606
20608
20610
20607
20608
20682
20609
20681
20610
20612
20644
20684
20611
20639
20612
20638
20613
20663
20665
20614
20676
21818
20615
20663
21819
21839
22996
20616
20638
20660
21820
20617
20637
20659
21821
20618
21794
20619
20625
20627
20659
21793
20620
21773
20621
20623
20625
21789
20622
21784
20623
21785
22813
20624
21790
22816
20625
20807
21791
21833
22817
20626
20658
21792
20627
20651
20657
20807
20628
20636
20629
20631
20635
20651
20630
20634
20631
20633
20632
20650
20633
20635
20641
20649
20634
20640
20635
20637
20639
20636
20642
20656
20637
20657
20659
20661
20638
20639
20661
20663
20640
20642
20644
20641
20645
20642
20646
20648
20643
20661
20801
20644
20646
20662
20708
20802
20645
20663
20705
20646
20706
20647
20707
20648
20798
20802
23003
20649
20799
20801
20650
20654
20656
20651
20653
20652
20656
20653
20655
20807
20809
20654
20810
20655
20799
20815
20656
20800
20806
20814
20657
20801
20658
20806
21836
20659
21827
21833
21835
20660
21826
20661
21835
21839
21841
20662
21836
20663
21837
21839
22994
20664
20665
20703
20705
22994
22996
20666
20676
20684
20702
20667
20675
20679
20681
20668
20672
20674
20669
20671
20681
20670
20682
20671
20687
20689
20672
20680
20690
20673
20679
23020
20674
20678
23019
26150
20675
26149
20676
20678
26158
20677
22996
26159
20678
20702
22997
23017
26164
20679
23018
26163
20680
20702
23025
20681
20685
20687
20695
20682
20684
20683
20687
20684
20686
20706
20685
20705
20686
20696
20702
20704
20687
20697
20711
20688
20689
20693
20695
20697
20690
20692
20691
20695
23020
20692
20694
23021
23028
20693
23029
20694
20698
23044
20695
20699
23024
23043
20696
23025
20697
20699
20701
23008
20698
20712
20699
23010
23045
20700
23009
23042
20701
23024
23037
23039
23041
20702
23015
23017
23025
20703
20704
22997
22999
23015
20705
20709
20711
23008
20706
20708
20707
20711
20708
20710
23003
20709
22994
23002
20710
22999
23001
23007
20711
23004
23006
20712
20713
23006
23008
23010
20714
20718
20715
20719
20721
23006
20716
20746
20717
20719
20747
20749
20718
20750
20719
20787
23010
20720
20788
23011
20721
20747
20791
20793
26303
20722
20746
20794
23005
20723
20727
20729
23004
20724
20726
23003
20725
20729
20726
20728
20842
20727
20797
20843
20728
20794
20796
24452
20729
20735
20745
24453
20730
20746
20731
20735
20737
20732
20734
20738
20733
20734
20836
20735
20739
20837
20736
20838
20737
20739
20743
20745
24858
20738
20742
20746
20739
20741
20740
24857
20741
20743
24862
26327
20742
26326
20743
20747
26325
20744
24861
26324
20745
20747
20793
24890
26323
20746
20794
24885
20747
20748
20749
20791
26323
26325
26343
20750
20780
20784
20788
20751
20779
20785
20787
20752
20760
20762
20753
20757
20759
20754
20756
20755
20759
23029
20756
20758
23030
23060
20757
20765
20758
20762
20764
20759
20761
23047
23065
20760
23044
20761
20787
23045
20762
20786
23046
23066
20763
20785
20764
20772
23066
23068
23070
20765
20771
23063
23065
20766
23060
23062
20767
20771
20768
20770
23062
23080
20769
23081
20770
20774
24284
20771
20773
23063
23079
20772
20773
23071
20774
23068
23076
23078
20775
24283
20776
23074
23076
24282
20777
23071
23073
20778
20782
20779
20783
20785
23071
20780
20781
20783
26325
20782
26326
20783
23073
26329
20784
23072
26330
20785
20789
26343
26344
20786
23070
20787
20789
26313
26346
20788
26308
20789
20791
26307
20790
26314
26345
20791
26315
26321
26343
26352
20792
26306
20793
26305
26321
26323
27752
20794
24889
26304
20795
24886
20796
23005
26300
26304
27275
20797
23004
24445
27250
20798
23003
24446
24448
20799
20803
22974
20800
22969
20801
20803
20805
22968
20802
21836
20803
21837
23002
20804
22973
24446
20805
21837
22964
22990
22992
20806
21834
21836
22967
20807
21833
22821
20808
20809
22817
22819
22821
20810
20812
20814
20811
20815
20812
20816
20818
20813
20857
22819
20814
20816
20858
22820
22971
20815
22821
22968
20816
22969
20817
22970
20818
20824
20854
20858
22977
20819
20855
20857
20820
20824
20821
20823
20855
24813
20822
24814
20823
20849
24817
20824
20850
20854
24818
20825
20826
20846
20850
22977
20827
20847
20849
20828
20830
20832
20829
20833
20830
24460
24462
20831
20849
24826
20832
20848
24460
24831
24851
20833
20847
24457
20834
24458
24460
20835
20836
20840
24458
24855
20837
20838
24855
24857
20839
24453
24858
20840
24454
24853
24855
24859
20841
24457
20842
24450
24454
24456
20843
24453
20844
24448
24450
24452
20845
22974
20846
22975
24450
20847
20851
22976
24878
20848
24456
20849
20851
24832
24876
20850
24825
20851
20853
24834
20852
24833
24877
20853
22976
22980
26025
27244
20854
22977
22979
26020
20855
20859
24934
20856
24929
20857
20859
20861
24930
20858
22985
20859
22978
22984
20860
22979
24933
20861
22984
24966
24972
24974
20862
22985
24965
24975
20863
24964
24976
20864
24959
20865
22827
22843
24960
24964
20866
22808
20867
24948
24950
24960
25020
20868
24947
24951
25015
20869
22106
22108
22785
20870
22101
22109
22780
20871
20873
20875
22088
20872
22083
20873
22084
22092
20874
22089
22095
22109
20875
20881
22096
22100
20876
22101
20877
20881
22102
20878
20879
20881
20883
20880
20884
20881
20895
20897
20882
22103
20883
20893
20895
22096
22116
20884
20892
20885
20891
20895
20886
20888
20890
20887
20888
20904
20916
20889
20895
20913
20890
20894
20914
20916
22145
20891
22146
20892
20894
24548
20893
24547
20894
22097
22117
24552
20895
22118
24553
20896
20897
20913
22116
22118
22120
20898
22103
22121
20899
20903
20913
22122
20900
20901
22122
22124
20902
22125
20903
20911
22122
24479
20904
20905
20911
20913
20915
20906
20910
20907
20909
20915
22161
20908
22160
20909
22136
22165
20910
22135
22141
22164
20911
22134
20912
22141
24480
20913
22120
22122
22142
24481
20914
20915
22118
22142
22144
20916
22141
24566
20917
20918
22145
22153
22155
24566
20919
22146
22148
22150
20920
20942
20944
20948
20921
20937
20939
20947
20922
20927
20934
20936
20923
20931
20933
20924
20925
20927
20928
20926
20931
20927
20936
20938
20928
20939
20940
20930
20936
21018
21020
21022
20931
21015
21017
20932
20936
20933
20935
21007
21015
20934
20952
20935
20947
20951
20936
20946
21012
21020
20937
20938
20944
20946
21022
20939
20943
20940
20942
20941
20942
22151
20943
22150
20944
22149
20945
21029
22148
20946
20948
21030
22147
22239
20947
21021
22238
20948
20950
20949
22146
20950
22239
22241
24548
20951
22236
22238
20952
21010
21012
20953
21007
21009
20954
21006
20955
21009
21045
20956
21004
21006
21008
21046
20957
21003
20958
21040
21042
21046
20959
21043
21045
20960
20961
21043
22193
20962
21042
22194
20963
21041
21069
22195
20964
21040
20965
21039
21069
21071
20966
20967
21071
21073
20968
20976
20978
20969
20975
20979
20970
20971
20975
20972
20974
20973
21023
20974
21036
22168
22170
22265
20975
20999
21001
20976
20980
20977
21001
21071
20978
20980
20996
21000
21072
20979
20995
21073
20980
20982
20981
20999
20982
20996
20998
20983
20995
20984
20992
20985
20991
20986
20987
20989
20991
21085
20988
20989
21083
21404
20990
21084
21407
20991
20993
21087
21408
20992
21086
20993
20995
21497
20994
21411
21496
20995
20997
21466
21499
20996
21498
20997
22276
22282
21469
22277
22281
20999
22167
22276
21000
22168
21001
22169
22175
22276
21002
22170
22172
21003
21037
21039
21004
21040
21005
21037
21049
21061
21006
21014
21036
21007
21008
21012
21014
21009
21011
21051
21061
21010
21052
21011
21057
22236
21012
21058
21060
22237
21013
22238
21014
21020
21034
21060
22249
21015
21035
21061
21016
21020
21017
21019
21023
21035
21018
21019
21027
21020
21024
21026
21034
21021
21022
21026
21030
22249
21027
21029
21024
22265
21025
22270
21026
22166
24672
21027
21031
21033
21028
21029
21031
24561
21030
22159
21031
22158
22250
21032
22166
24560
21033
22250
22252
24559
24677
21034
22249
22253
24672
21035
21063
22270
21036
21062
22265
21037
21038
21062
22170
21039
21049
21065
21067
22171
21040
21068
22172
21041
21049
21042
21048
21068
22202
21043
21047
22203
21044
22204
21045
21047
21053
22209
21046
21052
21047
21049
21051
21048
21054
22210
21049
21067
22211
22229
21050
21051
21059
21061
21065
22229
21052
21054
21058
21053
21057
21054
21056
22220
21055
22219
22229
21056
21058
22226
22228
22233
21057
22225
22234
21058
22235
21059
22246
21060
21064
22228
22247
21061
21063
22248
21062
21063
21065
22264
21064
22253
22269
21065
22230
22254
24669
21066
22263
21067
22217
22229
22230
22262
21068
22178
22216
21069
22173
22201
21070
22200
21071
21075
22173
22181
21072
22172
21073
21075
22175
22282
21074
21498
21075
21077
22292
21076
22174
22297
21077
22282
22284
22286
22298
21078
21498
21500
22289
21079
21497
21501
22290
21080
21086
21088
21504
21081
21085
21089
21133
21082
21092
21083
21089
21091
21479
21084
21403
21085
21087
21089
21481
21086
21087
21497
21088
21492
21496
21089
21491
21501
21503
21090
21480
21091
21133
21503
22304
22546
21092
22305
22541
21093
21103
21133
21135
21094
21102
21136
21095
21137
21096
21098
21102
21097
21101
21098
21100
21154
21099
21137
21153
21100
21102
21130
21136
21160
21101
21129
21159
21102
21104
21103
21104
21130
21132
21105
21127
21129
21106
21126
21107
21129
22310
21108
21124
21126
21128
22315
21109
21123
21110
21514
22313
22315
21111
21515
21112
21113
21515
21517
22322
21114
21116
21118
21115
21119
21116
21120
21122
21117
21123
21515
21118
21120
21512
22190
22321
21119
22189
22322
21120
22188
21121
22187
21122
21512
22184
22186
21123
21125
21124
21512
21514
21125
21507
21511
22316
21126
21506
22184
21127
21128
21132
21506
21129
21131
21507
22598
21130
22309
21131
21135
22308
21132
21134
21508
22599
21133
21505
21134
21504
21135
22302
22304
22600
21136
22305
22307
21137
21139
21161
21138
21162
21139
21141
21394
21140
21397
22305
21141
21161
21165
22306
22530
21142
21162
21164
22525
21143
21145
22514
21144
22509
21145
22384
22510
21146
21164
22385
22513
21147
21163
21169
21148
21150
21152
21156
22367
21149
22364
21150
22363
21151
21155
22368
21152
21154
21153
21154
21156
21160
21162
21155
21159
21156
21158
22369
21157
21163
22372
21158
21160
21166
22373
22595
21159
22374
22594
21160
22309
21161
22308
21162
21166
22307
21163
21164
21166
21168
21165
22526
22576
21166
22529
22581
22603
21167
22602
21168
22373
22579
22581
22591
21169
22372
22576
22578
21170
22367
22385
22387
21171
22364
22382
22384
21172
21176
21173
21174
21176
21175
21179
22394
21176
21178
22383
22393
21177
22382
21178
22381
21179
22390
22392
21180
21181
22392
22394
22416
21182
22395
22399
21183
21255
21257
21184
21220
21252
21185
21219
21251
21186
21206
21248
21187
21205
21247
21188
21189
21247
21190
21246
21192
21245
21192
21194
21442
21444
21193
21445
21194
21317
21195
21196
21318
21197
21199
21197
21323
21442
21198
21199
21303
21321
21323
21200
21298
21318
21320
21201
21315
21317
21202
21212
21214
21203
21209
21211
21204
21208
21205
21207
21211
21247
21206
21207
21219
21208
21210
21218
21248
21209
21217
21210
21214
21216
21211
21213
21239
21249
21212
21246
21213
21245
21317
21214
21240
21244
21316
21215
21315
21216
21232
21236
21240
21314
21217
21231
21237
21239
21218
21222
21219
21221
21239
21251
21220
21221
21257
21222
21238
21252
21256
21223
21237
21259
21224
21228
21230
21260
21225
21226
21258
21260
21262
21227
21263
21228
21260
21264
21266
21229
21230
21234
21266
21231
21235
21237
21267
21232
21233
21235
21295
21234
21294
21235
21269
21293
21236
21268
21312
21237
21241
21313
22404
21238
22403
21239
21241
21253
22402
21240
21250
21241
21243
21330
21242
21331
22405
21243
21253
22430
22432
21244
21250
22433
21245
21249
21446
21246
21445
21247
21249
21248
21249
21251
21250
21251
21253
21252
21253
21255
21254
21255
22400
22402
22430
21256
22399
21257
21259
22398
22402
21258
22395
21259
22396
21260
22397
22403
21261
21267
21262
21264
21272
21274
22397
21263
21275
22396
21264
21276
21265
21277
21266
21270
21272
21284
21267
21269
21268
21272
22403
21269
21271
21346
22404
21270
21292
21271
21285
21291
21272
21286
21347
22407
21273
22408
21274
21282
21284
21286
22409
21275
21277
21281
22410
21276
21280
22411
21277
21279
21278
21284
21279
21281
21283
22508
21280
22509
21281
22412
22510
21282
22413
22511
21283
21287
22424
22518
21284
21288
22507
21285
21286
21288
21290
21287
21360
22422
21288
21361
22423
22519
21289
22506
21290
21361
21363
22505
21291
21358
21360
21292
21347
21349
21293
21344
21346
21294
21310
21312
21295
21309
21296
21308
21312
21314
21297
21315
21298
21300
21306
21308
21320
21299
21303
21300
21302
21301
21309
21302
21304
21306
21337
21303
21306
21305
21338
21306
21325
21339
21307
21321
21308
21327
21335
21337
21339
21309
21311
21328
21310
21337
21311
21336
21344
21312
21333
21335
21345
21313
21346
21314
21331
21333
22445
21315
21328
21330
21316
21320
21317
21319
21330
21446
21318
21445
21319
21323
21444
21320
21322
21329
21447
21321
21328
21322
21325
21327
21323
21324
21448
22438
21443
21325
21449
22439
21326
21327
21339
22439
22458
21328
21334
22438
21329
21333
21330
21332
22434
22438
21331
22433
21332
22432
22444
21333
22435
22441
22443
21334
22446
21335
22441
22458
22460
21336
21340
21352
21337
21341
21343
21338
21339
21341
21340
21341
21353
21452
22458
21342
21451
21343
21353
21355
22469
21344
21350
21352
21345
21349
21346
21348
21352
22446
21347
22445
21348
21360
22448
21349
21351
21359
22447
21350
21358
21351
21355
21357
21352
21354
22461
25209
21353
22460
21354
22459
22470
21355
22471
25210
25546
21356
22472
21357
21367
22473
25210
25234
21358
21364
21366
25209
21359
21363
21360
21362
25201
25209
21361
25200
21362
25205
25215
21363
25206
25212
25214
21364
22504
21365
25212
25234
25531
21366
21368
21370
22496
21367
21368
22474
21369
22479
22495
25234
21370
22480
22494
21371
21372
22494
22496
25229
21373
22497
22501
21374
22498
22500
21375
21387
21389
21376
21384
21386
21377
21379
21383
21378
21382
21379
21381
22509
21380
21386
22508
21381
21383
21385
21395
22515
21382
21394
22514
21383
21393
21384
21392
21385
21389
21391
21386
21388
22516
22534
21387
22507
21388
22498
22506
21389
22499
22521
22535
21390
22500
21391
22535
22537
25220
21392
22534
22538
21393
21395
21399
21394
21398
21395
21397
22525
21396
22524
22534
21397
21399
22531
22533
22543
21398
22530
22542
21399
22541
21400
22538
22540
21401
21418
21478
21402
21417
21477
21403
21404
21477
21479
21481
21405
21407
21406
21477
21407
21409
21482
21408
21481
21409
21411
21492
21410
21493
21411
21467
21494
21466
21495
21413
21471
21473
24713
24733
21414
21474
21488
24726
21415
21475
21487
24725
21416
21476
21486
24718
21417
21419
21421
21418
21476
21419
21485
22538
21420
21486
22537
21421
21425
24717
25225
21422
21424
24718
21423
21424
21428
21425
21429
24721
21426
24722
25226
21427
21429
22490
25227
25261
21428
22489
25228
21429
21431
21430
24720
21431
22490
25259
25651
21432
22489
25253
21433
22486
22488
21434
21435
21463
21465
22486
21436
21460
21462
21437
21457
21459
21438
21456
21439
21455
21440
21441
21455
21450
21454
21443
21444
21448
21445
21447
21446
21447
22433
21448
22434
21449
22437
22456
21451
21453
21452
22469
22457
22470
21454
22468
22469
21455
22467
21456
21457
22467
21458
21462
22475
21459
21461
22476
21460
21461
21465
22483
21462
21464
22481
22484
21463
22480
21464
22487
25632
21465
25244
25250
25633
22485
25245
21467
21469
24702
21468
24703
21469
24708
25280
24707
25279
21471
24709
25273
25293
25295
21472
24734
25272
21473
24703
24709
24711
21474
21494
24712
21475
21489
21493
21476
21482
21484
21477
21485
21478
21482
21479
21483
21485
22540
21480
22541
21481
21483
21491
22546
21482
21492
21483
21493
21484
21490
22547
21485
21487
21489
22548
21486
22539
21487
22552
24717
21488
22553
24716
21489
24713
24715
25412
21490
24712
25411
21491
21493
24697
24699
21492
24694
24700
21493
21495
21494
21495
24699
24703
21496
24700
24702
21497
21499
21501
21498
21499
22282
21500
22281
24702
21501
22286
22288
24701
21502
24700
21503
22288
22290
22622
24693
21504
22303
24694
21505
22290
22302
21506
21508
22291
21507
22183
21508
21510
22609
21509
22302
22608
21510
22291
22293
22301
22615
21511
22183
22294
22614
21512
22184
22198
22335
21513
22197
21514
22319
22321
22333
22335
21515
22316
22318
21516
22321
21517
22318
22320
22658
21518
22659
21519
22320
22322
22324
22664
21520
21546
21521
21535
21557
21559
22664
21522
21534
21560
22659
21523
21525
22348
21524
22343
21525
22344
21526
21560
22347
21527
21561
22686
21528
21529
21531
21533
21561
21530
21531
21565
21532
21562
21564
21533
21535
21559
21571
21534
21560
21535
21536
21537
21543
21545
21557
21571
21538
21542
21539
21541
21565
21571
21540
21566
21541
21567
21578
21542
21568
21570
21579
21543
21580
21544
21556
21570
21607
21545
21551
21553
21555
21546
21547
21555
21557
22324
21548
21550
22323
21549
22189
21550
21599
22192
21551
21555
21600
22328
21552
21553
21600
21602
21554
21603
21607
21555
21600
21604
21606
22638
21556
22329
21557
21572
21606
22672
21558
22667
21559
21563
21571
21572
22668
21560
21562
22663
21561
22660
21562
22687
21563
22690
21564
21573
22691
21565
21569
21571
21566
21568
21567
21568
21577
21569
21576
21570
21573
21575
21571
21572
21608
21573
21609
22671
21574
22694
21575
21609
22045
22695
21576
21608
22046
21577
21579
22047
21578
21614
21579
21613
21580
21608
21612
21581
21607
21582
21612
22011
22033
21583
21603
22012
21584
21585
22010
22012
22016
21586
22013
22015
21587
21589
21591
21588
21592
21589
21593
21595
21590
21596
22013
21591
21593
22014
22026
22059
21592
22015
22056
21593
22057
21594
22058
21595
22024
22026
22065
21596
22023
21597
22020
22022
22026
21598
21602
21599
21601
22022
22208
21600
22205
21601
22637
21602
21604
22021
22642
21603
22020
21604
22019
22033
21605
22030
22641
21606
21610
22031
22033
22702
21607
21609
22697
21608
22033
21609
21611
21610
22696
21611
22043
22045
22701
21612
22033
22034
22046
21613
22035
22047
21614
22009
21615
22008
22047
21616
22007
21617
21964
21618
21619
21962
21964
21620
21961
21621
21622
21961
21623
21960
21624
21959
21625
21631
21958
21626
21630
21627
21629
21628
21629
21635
21630
21634
21631
21633
21632
21957
21633
21934
21954
21956
21634
21706
21708
21635
21703
21705
21636
21640
21642
21637
21639
21638
21642
21639
21641
21669
21640
21682
21641
21697
21705
21642
21698
21700
21704
21643
21703
21644
21700
21702
21645
21646
21700
21714
21716
21647
21648
21716
21718
21722
21649
21651
21650
21668
21716
21651
21661
21667
21717
21652
21662
21718
21653
21654
21658
21660
21662
21655
21657
21656
21660
21674
21657
21659
21675
21854
21658
21853
21659
21663
21852
21660
21664
21676
21859
21661
21677
21662
21664
21666
21768
21663
21769
21664
21776
21851
21665
21777
21860
21666
21676
21692
22865
22895
21667
21677
21679
22860
21668
21672
21680
21943
21669
21699
21670
21680
21682
21698
21671
21683
21672
21678
21680
21686
21673
21677
21674
21675
21677
21676
22891
21677
21691
22890
21678
21679
21687
21691
21680
21692
21694
22861
21681
21942
21682
21686
21694
21696
21683
21697
21684
21686
21685
21686
21688
21687
21688
21690
21694
21689
21690
22885
21691
21693
22884
21692
22889
21693
22864
22896
21694
22881
22883
21695
21696
22861
22879
22881
21697
21942
22878
21698
22877
21699
21940
21942
21700
21716
21939
21943
21701
21702
21704
21714
21937
21939
21703
21709
21704
21708
21705
21707
21940
21706
22877
21707
21954
22876
21708
21935
21937
21947
21709
21934
21710
21933
21937
21711
21713
21712
21732
21933
21713
21729
21763
21892
21936
21714
21726
21728
21937
21715
21716
21722
21724
21726
21939
21717
21718
21724
21768
21943
21719
21723
21769
21720
21770
21721
21723
21759
21771
21722
21754
21723
21727
21724
21780
21782
21725
21767
21944
21726
21764
21766
21782
21945
21727
21763
21938
21728
21754
21762
21782
21729
21730
21762
21731
21751
21890
21892
21894
21732
21734
21733
21892
21932
21734
21893
21897
21931
21735
21894
21896
21736
21737
21743
21896
21898
21902
21738
21899
21901
21739
21743
21740
21742
21901
22082
21741
22083
21742
21746
22088
21743
21747
21902
22087
21744
21745
21747
21749
21896
21746
22787
21747
22780
22786
21748
21905
22779
21749
21906
22784
22786
22806
21750
21895
22787
22805
21751
21894
22794
21752
21753
21890
22790
22792
22794
21754
21756
21760
21762
21755
21759
21756
21758
21757
22790
21758
21760
21785
22791
21759
21784
21760
21782
21783
21761
21786
22792
21762
21764
21782
21887
21889
21763
21890
21764
21891
21949
21765
21950
22798
21766
21887
22799
22855
22857
21767
21781
21884
22858
21768
21778
21780
22859
21769
21777
22860
21770
21776
21780
21771
21775
21772
21774
21780
21783
21773
21784
21774
21789
21793
21775
21779
21788
21824
21776
21823
21777
21779
21850
21778
21879
22865
21779
21880
21884
22866
21780
21849
21885
21781
21782
21783
21885
21887
21784
21786
21788
21785
21789
21786
21790
22812
21787
21887
22849
21788
21790
21830
21886
22848
21789
21829
21885
21790
21792
21791
22847
21792
21830
21832
26084
21793
21827
21829
21794
21824
21826
21795
21821
21823
21796
21804
21806
21797
21801
21803
21798
21800
21799
21803
21853
21800
21802
21810
21856
21801
21809
21802
21806
21808
21803
21805
21815
21857
21804
21852
21805
21823
21851
21806
21816
21822
21862
21807
21821
21808
21816
21818
21820
21809
21813
21815
21810
21812
21811
21815
21865
21812
21814
21868
26148
21813
26149
21814
21818
26158
21815
21817
21869
26157
21816
21864
21817
21843
21863
21818
21844
21874
26160
21819
26159
21820
21840
21844
26180
21821
21841
21843
21822
21826
21823
21825
21843
21877
21824
21850
21825
21829
21849
21826
21828
21842
21848
21827
21841
21828
21832
22957
21829
21831
22950
22956
21830
22949
21831
22948
26083
21832
22951
22959
26088
21833
22958
26089
21834
22822
21835
22958
22964
22966
21836
21838
22957
21837
21838
22993
21839
22962
22964
24441
21840
22995
21841
21845
22962
26183
21842
22957
21843
21845
21847
22956
21844
21876
21845
21875
26181
21846
22961
26182
21847
21875
22929
26111
26273
21848
21876
22928
22955
21849
21877
21881
22950
21850
21880
22949
21851
21877
21879
21852
21860
21862
21853
21857
21859
21854
21856
21855
21859
22891
21856
21858
21866
22892
21857
21865
21858
21862
21864
21859
21861
21871
22893
21860
22890
21861
21879
22895
21862
21872
21878
22894
21863
21877
21864
21872
21874
21876
21865
21869
21871
21866
21868
21867
21871
22907
21868
21870
22908
26146
21869
26147
21870
21874
26156
21871
21873
22909
26155
21872
22906
21873
22911
22927
21874
22910
22930
26190
21875
26189
21876
22930
26188
21877
22927
21878
21879
21881
22925
22927
21880
22920
21881
21883
22921
21882
22924
22928
21883
22950
22952
22954
26117
21884
22945
22947
22949
21885
22855
22867
21886
22949
21887
22853
22855
22948
21888
21889
22799
22801
22849
22853
21890
22792
22798
22802
21891
22795
21892
22796
22798
26068
21893
21995
21894
21908
21996
22796
21895
22795
21896
21906
21908
22804
21897
21905
21898
21904
21908
21910
21899
21903
21911
21900
21912
21901
21903
21987
22767
21902
22081
21903
21905
22765
21904
21988
22766
21905
21907
25034
26476
21906
22778
21907
22833
25032
21908
22834
25033
26475
21909
22835
21910
21996
26475
26479
26702
21911
21931
21991
26476
21912
21930
21988
21990
21913
21985
21987
21914
21924
21926
21930
21915
21921
21923
21916
21918
21920
21917
21918
21919
21923
21920
21922
21960
21921
21971
21979
21922
21926
21976
21980
21923
21925
21959
21924
21925
21929
21926
21928
21958
21927
21981
21985
21928
21930
21982
21990
21992
21929
21957
21993
21930
21932
21931
21932
21992
21996
21933
21993
21995
21934
21936
21935
21993
21936
21948
21954
21994
21937
21949
21995
21938
21939
21945
21947
21949
21940
21944
21941
21947
22877
21942
21944
21946
22862
22878
21943
22861
21944
22860
21945
22859
21946
21950
22858
21947
21951
22869
22875
21948
22876
21949
21951
21953
26069
21950
26068
21951
22857
26073
21952
22870
26072
21953
22873
22875
26711
21954
22876
26710
21955
21956
21994
21998
26710
21957
21993
21999
21958
21982
21959
21981
21960
21980
21961
21979
21962
21963
21979
21964
21970
21978
22006
21965
22007
21966
21970
21967
21969
22007
22009
21968
22010
21969
21973
22038
21970
21972
22006
22037
21971
21972
21976
21978
21973
21975
22005
22052
21974
22053
21975
21987
26488
21976
21986
22004
26487
21977
21985
21978
21980
21984
22004
21979
22005
21980
21981
21982
21984
21983
21999
21984
21990
22000
22002
21985
22003
21986
21990
21987
21989
22003
26539
21988
26538
21989
26476
26543
21990
22002
26477
26542
21991
21992
22000
26477
26479
21993
21997
21999
21994
21995
21997
26069
21996
26068
21997
26067
21998
26070
26479
21999
26480
26709
22000
22001
26480
22002
26477
26481
26483
22003
26484
22004
26485
22005
26486
22006
22051
22007
22050
22008
22009
22048
22050
22010
22035
22037
22011
22038
22012
22032
22035
22039
22013
22017
22019
22014
22020
22015
22017
22027
22074
22016
22055
22017
22038
22054
22018
22039
22075
22019
22027
22029
22040
22751
22020
22030
22032
22021
22027
22022
22028
22030
22724
22023
22025
22221
22024
22220
22025
22068
22225
22026
22028
22067
22224
22027
22066
22028
22073
22029
22729
22749
22030
22728
22750
26504
22031
22723
22032
22043
22722
26504
22033
22034
22040
22035
22041
22043
26497
22036
22048
22037
22039
22041
22049
26491
22038
22050
22052
22039
22053
22040
26490
22041
26502
26504
22042
26496
26501
22043
26498
26500
26504
26506
22044
22721
22045
22720
26497
26498
22046
22719
22047
26497
22048
22049
26497
22050
26494
26496
22051
22052
26486
26494
22053
26487
26491
22054
26488
26490
22055
22075
22077
22056
22074
22078
22057
22059
22061
22058
22062
22059
22063
22065
22060
22066
22074
22061
22063
22071
22079
22085
22062
22078
22082
22063
22083
22064
22084
22065
22069
22071
22091
22066
22068
22067
22071
22073
22068
22070
22739
22749
22069
22740
22070
22743
22759
22071
22744
22754
22758
22072
22757
22073
22079
22752
22754
22756
22074
22749
22751
22075
22079
22076
22751
26490
22077
22079
22752
22768
26489
22078
22767
26488
22079
22081
22080
22081
22085
22756
22764
22768
22082
22765
22767
22083
22085
22087
22084
22088
22085
22089
22091
22086
22757
22087
22089
22762
22764
22782
22088
22765
22779
22089
22780
22090
22781
22091
22095
22760
22762
25007
22092
22757
22759
22093
22095
22094
22759
24581
22095
22097
22111
22760
24582
22096
22110
22097
22099
22098
24545
22099
22111
22117
24542
24544
22100
22110
22114
22116
22101
22103
22107
22109
22102
22106
22103
22105
22104
22116
22105
22107
22115
22121
24532
22106
24531
22107
24947
22108
22114
24946
22109
22113
24951
25013
22110
22781
22111
22113
25007
22112
24597
25006
22113
24542
24598
24953
25005
22114
24952
25012
22115
24542
24945
22116
22120
24539
24541
22117
22118
24541
24587
22119
24588
22120
22142
24527
24541
24591
22121
24528
22122
24529
22123
22124
24477
24479
24481
24529
22125
24476
24530
22126
24475
24479
22127
22129
22128
22134
24479
22129
22131
22133
24468
24478
22130
24467
24475
22131
24466
22132
24469
22133
22137
24496
22134
22138
24485
24495
22135
24480
22136
22138
22140
24755
22137
24756
22138
24497
24760
22139
24498
24759
22140
24483
24485
24519
24767
22141
24480
24482
24754
22142
24567
22143
24482
22144
24567
24569
24591
24753
22145
24566
24570
24588
22146
22156
24553
22147
24548
22148
22156
22158
24549
22149
22155
22159
22150
22154
22151
22153
22152
22153
22160
22154
22161
22155
22162
22156
24563
24565
22157
24554
24570
22158
24555
24563
24571
24573
22159
24556
24560
24561
24563
22161
22165
22162
22164
24566
22163
24565
22164
24568
24757
22165
24567
24755
24756
24677
24735
22168
22273
22275
22169
22266
22170
22176
22267
22275
22171
22264
22172
22176
22178
22263
22173
22175
22174
22178
22180
22175
22177
22284
24639
22176
22283
22177
24663
24665
22178
24640
24662
24666
22179
22262
22180
22216
24634
24636
24640
22181
22201
24637
24639
22182
22200
22295
22297
22183
22185
22292
22294
22184
22291
22185
22186
22198
22200
22187
22195
22197
22188
22190
22194
22189
22193
22190
22192
22323
22191
22197
22326
22192
22194
22196
22206
22327
22193
22205
22328
22194
22204
22195
22203
22196
22200
22202
22197
22199
22213
22634
22198
22333
22199
22294
22334
22200
22214
22295
22633
22201
22202
22214
22216
22203
22211
22213
22204
22206
22210
22205
22209
22206
22208
22637
22207
22213
22636
22208
22210
22212
22222
22643
22209
22221
22642
22210
22220
22211
22219
22212
22216
22218
22213
22215
22644
22733
22214
22635
22215
22648
24637
22216
22649
22734
24636
22217
22218
22734
24632
24634
22219
22227
22229
22733
22220
22222
22226
22221
22225
22222
22224
22724
22223
22725
22733
22224
22226
22730
22736
22738
22225
22729
22739
22226
22740
22227
22741
22228
22736
24630
24632
22229
22230
22232
22231
22261
24632
22232
22254
22258
22260
24631
22233
22247
22257
24630
22234
22244
22246
22741
22235
22243
22740
22236
22242
22246
22237
22241
22238
22240
22246
22248
22239
22249
22240
22250
24549
22241
22245
22251
24550
22242
24547
22243
22245
24546
22244
22743
24581
22245
22257
22742
24580
22246
22256
24579
22247
22248
22254
22256
22249
22251
22253
22250
22251
24556
22252
22256
24557
22253
22255
24558
24676
22254
24671
22255
24670
22256
22258
25072
25088
22257
24578
22258
24629
25074
22259
25073
25349
22260
25086
25088
25092
25350
22261
24670
25091
25345
22262
24633
24667
24669
22263
24634
24666
22264
24665
24669
22265
22267
22269
22266
22270
22267
22271
22273
22268
22274
24665
22269
22271
24668
24674
24682
22270
24669
24671
22271
24672
22272
24673
22273
24680
24682
22274
22275
24664
24682
24684
22276
22278
24663
22277
22283
22278
22280
25279
22279
24684
25282
22280
24663
24685
24687
25287
22281
22283
22285
25278
22282
22286
24707
22283
22284
24663
22285
24656
24662
22286
24657
24687
25277
22287
24706
22288
22298
22624
24657
24691
22289
22623
24692
22290
22292
22298
22300
22291
22301
22292
22293
22297
22294
22296
22300
22628
22295
22629
22296
24637
24645
22297
22299
24638
24644
22298
24639
22299
24656
22300
22624
24653
24655
22301
22623
22627
22302
22616
22622
22303
22607
22304
22606
22622
24695
22305
22545
22605
22306
22542
22307
22603
22605
25395
22308
22600
22602
22309
22595
22599
22310
22594
22598
22311
22315
22312
22314
22340
22594
22313
22341
22314
22318
22350
22315
22317
22339
22597
22316
22598
22317
22335
22609
22318
22336
22338
22610
22319
22657
22320
22332
22336
22656
22321
22325
22665
22322
22326
22323
22324
22326
22328
22325
22329
22667
22326
22330
22332
22666
22327
22333
22328
22330
22634
22636
22329
22637
22330
22638
22672
22331
22639
22673
22332
22632
22634
22646
22674
22333
22631
22655
22334
22634
22335
22629
22631
22633
22336
22614
22337
22613
22631
22338
22654
22656
22680
25114
22339
22657
22679
25115
22340
22350
22354
25116
22341
22353
22593
22342
22350
22352
22343
22345
22349
22344
22348
22345
22347
22346
22352
22347
22349
22351
22661
22685
22348
22660
22686
22349
22659
22350
22658
22351
22657
22352
22354
22678
22684
22353
22354
22356
25118
22355
22679
25117
22356
22682
22684
25172
22357
22358
25118
25172
25174
22359
22375
22377
22360
22370
22378
22361
22379
22362
22366
22368
22370
22363
22365
22364
22368
22365
22367
22366
22380
22382
22367
22371
22379
22387
22368
22372
22369
22370
22372
22374
22371
22375
22372
22376
22378
22578
22373
22374
22376
22592
22375
22593
22376
25118
22377
22579
25119
22378
25174
25176
22379
25177
22380
22388
22381
22382
22388
22390
22383
22387
22384
22386
22390
22568
22385
22567
22386
22572
22576
22387
22389
22571
22577
22388
22578
22389
25177
22390
25178
25182
22391
22392
22568
25182
25184
22393
22417
22394
22412
22414
22568
22395
22411
22415
22396
22398
22397
22411
22398
22408
22410
22399
22401
22415
22400
22416
22401
22419
22429
22402
22406
22408
22420
22403
22405
22404
22408
22405
22407
22445
22406
22430
22444
22407
22421
22429
22449
22408
22422
22448
22409
22410
22420
22422
22424
22411
22413
22415
22412
22413
22567
22414
22424
22566
22415
22417
22425
22569
22416
22420
22417
22419
22418
25184
22419
22425
22427
25185
22420
22428
22421
22425
22422
22426
22428
25199
22423
25200
22424
22426
25188
25205
22425
22565
22426
25186
22427
25187
25204
22428
25194
25196
22429
25197
22430
25198
22431
22432
22444
22452
25198
22433
22435
22434
22435
22437
22436
22452
22437
22441
22453
22455
22438
22456
22439
22441
22440
22456
22441
22455
22458
22464
22466
22442
22443
22453
22460
22462
22464
22444
22446
22450
22452
22445
22449
22446
22448
22447
22460
22448
22450
22461
25201
22449
25200
22450
25198
25199
22451
22462
25202
22452
25198
25565
25567
22453
22454
25565
22455
22464
25551
25564
22456
25552
22458
22466
25548
22459
22460
22464
25546
25548
22461
22462
25208
25546
22463
25559
25565
22464
25546
25549
25558
25564
22465
22466
25548
25549
25551
25552
22468
22475
22472
22474
22470
22472
22471
25548
22472
25237
25547
22473
22474
25235
25237
25239
22475
22477
22479
22476
22480
22477
22481
22478
25239
22479
22481
25240
25553
25634
22480
25235
25631
22481
25632
22482
25633
22484
25553
25640
22484
25245
25244
22486
25248
25250
25649
22487
25253
22488
25250
25252
25637
22489
22493
22490
22492
25252
22491
25260
25652
22492
25227
25625
25738
25833
22493
25228
25624
25735
22494
25229
25231
25637
22495
25632
22496
25231
25233
25631
22497
25230
25531
22498
22502
22504
22499
22505
22500
22502
25217
25219
22501
25220
22502
25221
25229
22503
25222
25230
22504
25217
25528
25530
25533
22505
25214
25531
22506
25215
25217
22507
22519
22521
22508
22516
22518
22509
22511
22515
22510
22514
22511
22513
22567
22512
22518
22566
22513
22515
22517
22527
22573
22514
22526
22572
22515
22525
22516
22524
22517
22521
22523
22518
22520
22560
22564
22519
22565
22520
25188
25215
22521
22559
25189
25216
22522
25217
22523
22535
22557
22559
25218
22524
22532
22534
22560
22525
22527
22531
22526
22530
22527
22529
22575
22528
22560
22574
22529
22531
22561
22587
25397
22530
22582
25394
22531
25395
22532
25396
22533
22557
22561
25437
22534
22536
22538
22550
22535
22536
25219
22537
22551
22557
25224
22538
22552
25225
22539
22540
22548
22550
22552
22541
22543
22547
22542
22546
22543
22545
25395
22544
22550
25396
22545
22547
22549
24696
25399
22546
24695
25400
22547
24694
22548
24697
22549
22553
25411
22550
22554
25410
25436
22551
25437
22552
22554
22556
25611
22553
25612
22554
25412
25617
22555
25413
25616
22556
25434
25436
25440
25827
22557
25437
25439
25610
22558
25535
22559
22561
25439
25461
25536
22560
25460
25526
22561
22563
22562
25438
22563
22587
25455
25457
25461
22564
22574
25458
25460
22565
22573
25189
25191
22566
25186
25188
22567
22569
22573
22568
22572
22569
22571
22570
25184
25186
22571
22573
22585
25183
25191
22572
22584
25182
22573
22575
22574
22575
22585
22587
22576
22582
22584
22577
22581
22578
22580
22584
25178
22579
25177
22580
25124
25176
22581
22583
25125
25179
22582
22590
22583
22587
22589
22584
22586
25180
25388
22585
25181
22586
25458
25466
22587
25389
25457
25467
22588
22589
25389
25397
25453
25455
22590
25388
25392
25394
22591
22603
25125
25127
22592
22602
25122
25124
22593
22595
25119
25121
22594
25116
25118
22595
22597
22596
22602
22597
22599
22601
22611
25121
22598
22610
25116
22599
22609
22600
22608
22601
22605
22607
22602
22604
22618
25122
22603
22604
25394
22605
22619
25127
25393
22606
25400
22607
22619
22621
25401
22608
22616
22618
22609
22611
22615
22610
22614
22611
22613
25115
22612
22618
25130
22613
22615
22617
24648
25135
22614
22630
25114
22615
22629
22616
22628
22617
22621
22627
22618
22620
24649
25136
22619
25129
22620
25128
25402
22621
24650
25141
25447
22622
22626
25406
22623
25407
22624
22626
25420
22625
24658
25421
22626
24651
24653
25366
27429
22627
24650
27430
22628
24649
24653
22629
24644
24648
22630
24645
22631
24646
24648
25113
22632
22654
22633
22647
22653
24646
22634
22648
24645
22635
22636
22644
22646
22648
22637
22639
22643
22638
22642
22639
22641
22697
22640
22646
22698
22641
22643
22645
22703
22726
22642
22702
22723
22643
22724
22644
22725
22645
22649
22732
22646
22650
22704
24619
22647
22705
22648
22650
22652
25106
22649
25105
22650
24621
25104
22651
24620
25109
22652
22704
25110
25162
26515
22653
22705
22707
25111
22654
22674
22708
25112
22655
22709
25113
22656
22666
22674
22676
22657
22665
22677
22658
22678
22659
22661
22665
22660
22664
22661
22663
22687
22662
22678
22688
22663
22665
22669
22677
22689
22664
22668
22690
22665
22667
22666
22667
22669
22673
22668
22672
22669
22671
22691
22670
22676
22692
22671
22673
22675
22693
22699
22672
22694
22696
22673
22697
22674
22698
22675
22705
22676
22706
22708
22713
22677
22709
22711
22678
22680
22712
22679
22683
22680
22682
25132
22681
22709
25133
22682
22710
22712
25170
22683
25171
22684
22688
22712
22685
22686
22688
22687
22688
22690
22689
22690
22692
22712
22691
22692
22694
22693
22711
22694
22713
22717
22695
22696
22717
22719
22697
22699
22701
22698
22702
22699
22703
22705
22700
22706
22717
22701
22703
22718
25163
26508
22702
22719
22721
22703
22722
22704
26509
22705
25163
26512
22706
22707
22716
25163
22708
22715
25160
25162
22709
22714
25147
22710
25146
22711
22714
25169
22712
22713
22714
22716
22715
25168
22716
25165
25167
22717
25164
22718
22719
25164
26521
22720
22721
26521
26523
22722
26506
26508
22723
26505
26509
22724
22726
22728
22725
22729
22726
22730
22732
22727
24619
26509
22728
22730
24614
24618
26510
22729
24613
26505
22730
22748
22731
22747
22732
22736
24618
24622
24626
22733
24619
24621
22734
22736
22735
24621
24635
22736
24622
24632
25101
25347
22737
22738
24626
24628
24630
25347
22739
22741
22745
22747
22740
22744
22748
22741
22743
22742
24630
22743
22745
24605
24629
22744
24602
22745
24603
24611
22746
24604
24628
22747
24611
24615
24627
26623
22748
24614
24626
22749
24611
24613
22750
22754
22751
22753
24613
26503
22752
26502
22753
22771
26533
22754
22772
24612
26534
22755
24611
22756
22758
22772
22774
24610
22757
22763
22771
22758
22762
22759
22761
24603
22760
24602
22761
24601
25006
22762
22774
24608
25009
22763
25008
22764
22770
22774
22776
22765
22769
22777
22766
22778
22767
22769
25034
26543
22768
26538
22769
22771
26537
22770
25035
26544
22771
22773
25038
26545
22772
26536
22773
26535
26619
22774
25039
26550
26620
22775
24609
22776
25009
25039
25041
25043
22777
25008
25030
25038
22778
22782
25031
25035
22779
25032
25034
22780
22782
22784
22781
22785
22782
25007
25013
22783
25008
22784
25011
25013
25017
25031
22785
25016
25032
22786
25013
25015
22787
22807
22788
22789
22805
22807
22809
22790
22794
22810
22791
22792
22810
22812
22793
22849
22794
22802
22810
22830
22850
22795
22805
22796
22802
22804
22797
22835
26067
22798
22800
22802
22836
26066
22799
26073
22800
22854
26074
22801
22839
26063
26065
22802
22840
22850
22852
22803
22804
22830
22832
22836
22840
22805
22833
22835
22806
22830
22807
22831
22833
25016
22808
25015
22809
22831
22843
25020
22810
22828
22830
22811
22812
22814
22828
22846
22850
22813
22847
22849
22814
22816
22815
22827
22816
22818
22826
22846
22817
22847
22818
22822
26084
22819
22823
22825
26085
22820
22985
22821
22823
22984
22986
22822
22967
22823
22966
26089
22824
22987
26090
22825
22984
24966
24968
26091
22826
22985
24965
26092
22827
22845
24964
22828
22829
22843
22845
22830
22840
22842
22850
26060
22831
22832
22842
25019
22833
22837
22841
26456
22834
26453
22835
22837
26452
26474
22836
26702
22837
22839
26703
22838
26457
26473
22839
22841
26464
26470
26472
22840
26062
26722
22841
26061
22842
26465
26469
22843
26055
26059
22844
26054
22845
24964
26059
26095
26430
22846
26060
26092
22847
22851
26085
22848
26084
22849
22851
22853
26083
22850
22851
22852
26060
26086
22853
26061
26063
26101
22854
26082
22855
26063
26079
26081
22856
22947
22857
22867
22871
22946
26079
22858
22870
26074
22859
22867
22869
22860
22862
22866
22861
22865
22862
22864
22863
22869
22879
22864
22866
22868
22880
22922
22865
22881
22919
22866
22920
22867
22921
22868
22945
22869
22871
22943
22944
22870
22874
22871
22873
26075
22872
26078
26120
22873
22943
26121
26717
22874
26716
22875
22879
22943
22876
22878
22877
22878
22879
22880
22881
22941
22943
22882
22883
22917
22919
22941
22884
22896
22898
22885
22887
22889
22886
22887
22901
22888
22898
22900
22889
22893
22897
22905
22890
22896
22891
22893
22895
22892
22893
22907
22894
22906
22895
22897
22911
22925
22896
22920
22897
22919
22898
22912
22918
22899
22917
22900
22912
22914
22916
22901
22903
22905
22902
22903
26139
22904
22914
26138
22905
22909
22913
26143
22906
22912
22907
22909
22911
22908
22909
26145
22910
26144
22911
22913
22931
26209
22912
22926
22913
22933
22914
22932
26210
22915
26137
22916
22932
22938
26136
22917
22933
22939
22918
22940
22919
22923
22925
22933
22920
22922
22921
22925
22922
22924
22945
22923
22941
22944
22924
22934
22940
26118
22925
22935
26117
22926
22927
22931
22933
22935
22928
22930
22929
22935
22954
22930
22936
26112
26274
22931
26275
22932
22936
28020
22933
22937
28021
22934
22935
22937
22939
26125
22936
26126
22937
26127
28023
22938
26128
28022
22939
26133
26135
22940
26124
22941
26123
22942
22943
22944
26121
26123
22945
26118
26120
22946
26117
22947
26080
26116
26120
22948
22952
26081
22949
22951
26082
22950
22951
22955
22952
26105
26109
22953
26104
26116
22954
26109
26113
26115
26412
22955
26112
26126
22956
26109
26111
22957
22959
22961
22958
22962
22959
22963
26403
22960
26109
26404
22961
22963
26110
26284
26409
22962
26111
26281
22963
26282
22964
26283
26402
22965
24442
22966
22988
22990
26402
27260
22967
22987
26403
22968
22986
22990
22969
22971
22973
22970
22974
22971
22975
22977
22972
22978
22986
22973
22975
22981
22989
27247
22974
22990
24447
22975
24448
22976
24449
22977
22981
27245
22978
22979
22981
22983
22980
24972
26021
22981
24971
26024
27255
22982
27246
22983
22989
24969
24971
27257
22984
22986
24968
24972
22985
22987
22989
22988
24968
26406
22989
24969
26407
27259
22990
27258
22991
22992
24447
27258
27260
27262
22993
24442
24444
24446
22994
23000
23002
24441
22995
22999
22996
22998
24441
26183
22997
26180
22998
23016
26179
22999
24438
24440
26184
23000
23014
23001
24440
24444
26298
23002
23004
24445
26299
23003
24446
23004
23005
23006
26299
26303
23007
23011
23008
23012
23014
26299
23009
23015
23010
23012
23039
26309
23011
26308
23012
26303
26307
23013
26302
26310
23014
23039
24437
26297
26382
23015
24438
26298
23016
23039
23017
23038
24438
26178
23018
23037
26165
23019
23023
23025
26166
23020
23022
26167
23021
23025
23022
23024
23027
23023
23034
26170
23024
23035
23037
26171
23025
23026
23027
23035
23041
23043
23051
23028
23032
23034
23029
23031
23043
23030
23044
23031
23047
23059
23032
23048
23058
23033
23051
23057
23034
23052
23056
26232
23035
26231
23036
23052
26240
23037
23041
23053
24435
26241
23038
26176
23039
24435
24437
26177
23040
23041
24435
26309
26382
26384
23042
23050
23043
23045
23049
26309
23044
23048
23045
23047
23046
26308
23047
23049
24403
26313
23048
24404
23049
23051
24405
23050
24406
26312
23051
23053
24425
26384
23052
24426
23053
23055
26245
23054
24434
26246
23055
24425
24431
24433
26247
23056
24426
24430
26248
23057
24429
26249
23058
24426
24428
23059
24405
24409
23060
24404
24410
23061
23065
23062
23064
24290
24410
23063
24289
23064
23068
24294
23065
23067
24293
24411
23066
24404
23067
24403
26346
23068
24296
24402
26347
23069
24295
23070
23076
26347
26349
27821
23071
26344
26346
23072
23076
23073
23075
26333
26344
23074
26334
23075
26337
27830
23076
26338
26349
27829
23077
23078
24282
27821
27827
27829
23079
24283
24295
24301
23080
24284
24294
24300
23081
24287
24289
23082
24284
24286
23083
23089
23091
23084
23088
23092
23085
23087
23093
23086
23094
23087
23095
23107
23088
23096
23106
23089
23103
23105
23090
23112
24286
23091
23101
23103
23113
24285
23092
23100
24284
23093
23099
23103
23094
23096
23098
23095
23096
23118
23097
23103
23117
23098
23102
23116
23136
23099
23131
23100
23102
23130
23101
23129
24283
23102
23114
23128
24302
23103
23115
23384
23104
23105
23113
23115
23117
23123
23106
23110
23112
23107
23109
23117
23108
23118
23109
23119
23418
23110
23120
23417
23111
23123
23416
23112
23124
23423
24308
23113
24305
23114
23124
24304
23115
23125
23127
24303
23116
23122
23385
23117
23121
23386
23118
23120
23119
23120
23431
23121
23123
23430
23122
23391
23433
23123
23125
23412
23414
23124
23415
23125
23424
24309
23126
23425
24314
23127
23412
23600
23602
24279
23128
23385
23409
24280
23129
23382
23384
24281
23130
23381
24282
23131
23380
23384
23132
23134
23136
23133
23137
23134
23138
23140
23135
23374
23380
23136
23138
23375
23383
23389
23137
23384
23386
23138
23387
23139
23388
23140
23144
23371
23375
23395
23141
23372
23374
23142
23144
23143
23372
23612
23144
23164
23369
23371
23730
23145
23364
23146
23164
23365
23147
23151
23153
23155
23148
23150
23149
23153
23150
23152
23168
23151
23167
23152
23156
23164
23166
23153
23157
23626
23154
23155
23157
23159
23156
23160
23365
23157
23161
23163
23628
23158
23627
23159
23161
23349
23742
23160
23350
23161
23351
23366
23162
23352
23743
23163
23366
23368
23497
23727
23164
23365
23369
23728
23165
23166
23631
23728
23730
23167
23626
23628
23630
23168
23623
23169
23624
23626
23170
23174
23171
23173
23185
23624
23172
23186
23173
23177
23187
23174
23176
23184
23625
23175
23626
23176
23180
23627
23177
23181
23183
23740
23178
23188
23179
23181
23641
23643
23180
23219
23181
23645
23742
23182
23644
23741
23183
23641
23651
23879
23184
23188
23739
23185
23187
23735
23186
23736
23187
23188
23641
23190
23192
23196
23191
23195
23192
23194
23219
23193
23643
23194
23196
23213
23648
23195
23214
23218
23196
23198
23197
23198
23211
23213
23199
23207
23214
23200
23202
23206
23201
23205
23202
23204
23225
23203
23214
23343
23204
23206
23215
23342
23668
23205
23341
23667
23206
23318
23207
23317
23208
23211
23215
23316
23209
23301
23210
23211
23302
23303
23212
23315
23213
23215
23657
24057
23214
23658
23215
23217
23216
24056
23217
23342
23655
23657
23664
23218
23343
23654
23658
23219
23223
23646
23648
23220
23643
23645
23221
23223
23222
23349
23645
23223
23344
23348
23646
23224
23343
23225
23226
23341
23343
23227
23340
23344
23504
23228
23481
23229
23330
23340
23482
23230
23331
23231
23232
23233
23245
23329
23331
23333
23234
23235
23237
23241
23333
23236
23240
23237
23239
23540
23238
23332
23539
23239
23241
23335
23550
23240
23541
23241
23242
23334
23243
23244
23324
23326
23334
23245
23321
23323
23333
23246
23320
23247
23319
23323
23248
23262
23264
23249
23261
23265
23250
23252
23251
23261
23273
23252
23254
23258
23260
23278
23253
23257
23265
23254
23256
23255
23256
23258
23257
23258
23266
23259
23287
23260
23266
23268
23286
23261
23263
23265
23279
23262
23272
23263
23271
23319
23264
23268
23270
23322
23265
23267
23323
23266
23267
23268
23324
23269
23325
23270
23284
23286
23674
23271
23279
23283
23671
23272
23282
23318
23273
23279
23281
23274
23278
23275
23277
23281
23293
23276
23292
23277
23289
23291
23278
23280
23288
23298
23279
23287
23280
23286
23281
23283
23285
23299
23282
23300
23283
23301
23317
23284
23306
23672
23285
23307
23673
23286
23288
23308
23287
23288
23289
23309
23290
23291
23309
23311
23292
23296
23298
23293
23295
23294
23298
23300
23295
23297
23303
23296
23297
23311
23298
23304
23310
23299
23309
23300
23304
23306
23308
23301
23303
23302
23306
23316
23303
23305
23315
23304
23305
23313
23306
23314
24059
23307
24060
23308
23314
24061
23309
23313
23310
23311
23313
23312
23314
24064
23316
24057
24059
23317
24056
24060
23318
23668
23672
23319
23667
23671
23320
23322
23321
23329
23667
23322
23326
23328
23670
23323
23325
23671
23324
23325
23326
23674
23327
23675
23328
23334
23336
23680
23329
23333
23337
23679
23330
23666
23331
23337
23339
23556
23332
23553
23333
23335
23337
23552
23334
23335
23336
23551
23337
23681
23695
23338
23557
23339
23679
23681
23683
23691
23340
23666
23684
23686
23341
23345
23506
23342
23666
23343
23345
23665
23344
23345
23347
23654
23346
23655
23684
23347
23506
23508
23685
24001
23348
23504
23509
23998
23349
23353
23505
23987
23350
23352
23984
23351
23505
23352
23354
23496
23353
23497
23983
23354
23500
23509
23988
23355
23501
23503
23505
23356
23480
23357
23475
23477
23489
23501
23358
23474
23496
23359
23440
23473
23477
23360
23361
23362
23392
23473
23363
23367
23393
23474
23364
23388
23365
23367
23369
23395
23366
23367
23496
23368
23394
23495
23369
23498
23749
23939
23370
23729
23371
23395
23397
23751
23939
23372
23376
23752
23373
23611
23374
23376
23378
23610
23375
23379
23376
23396
23402
23377
23397
23753
23378
23402
23406
23606
23608
23379
23405
23609
23380
23402
23404
23381
23383
23382
23404
27830
23383
23403
23409
27831
23384
23402
23410
23385
23386
23410
23412
23387
23389
23391
23388
23392
23389
23393
23395
23390
23396
23410
23391
23393
23399
23411
23923
23392
23412
23471
23393
23472
23394
23924
23395
23399
23937
23939
23396
23397
23399
23401
23398
23606
23890
23399
23605
23891
23939
23940
23400
23936
23401
23411
23603
23605
23921
23402
23408
23410
23606
23403
23404
23406
23408
27832
23405
27833
23406
23856
27836
23407
23857
27837
23408
23604
23606
23906
27860
23409
23603
27859
23410
23602
27846
23411
23412
23602
23922
23413
23414
23469
23471
23600
23922
23415
23425
23433
23468
23416
23424
23428
23430
23417
23421
23423
23418
23420
23430
23419
23431
23420
23436
23457
23421
23429
23458
23422
23428
23582
23423
23427
23583
24320
23424
24317
23425
23427
24316
23426
23600
24315
23427
23468
23595
23599
24326
23428
23594
24321
23429
23468
23581
23430
23434
23436
23463
23431
23433
23432
23436
23433
23435
23472
23434
23471
23435
23464
23468
23470
23436
23441
23455
23926
23437
23456
23438
23441
23443
23439
23450
23440
23441
23451
23477
23442
23476
23443
23451
23453
23455
23487
23444
23448
23450
23456
23445
23447
23457
23446
23450
23447
23449
23520
23448
23460
23527
23449
23453
23461
23528
23450
23452
23519
23451
23452
23478
23453
23485
23518
23454
23486
23529
23455
23461
23465
23566
23947
23456
23464
23927
23457
23461
23463
23458
23460
23459
23463
23582
23460
23462
23569
23585
23461
23568
23462
23567
23463
23465
23574
23580
23464
23581
23465
23467
23928
23466
23575
23948
23467
23578
23580
23596
23953
23468
23581
23595
23952
23469
23470
23599
23931
23952
23471
23926
23928
23930
23472
23923
23473
23924
23926
23474
23476
23475
23495
23924
23476
23488
23494
23925
23477
23487
23926
23478
23479
23485
23487
23489
23480
23484
23481
23483
23489
23503
23482
23504
23483
23506
23556
23484
23490
23507
23555
23485
23554
23486
23490
23517
23487
23491
23701
23947
23488
23927
23489
23491
23493
23945
23490
23502
23491
23514
23516
23492
23702
23946
23493
23512
23514
23707
23965
23494
23502
23511
23944
23495
23499
23501
23943
23496
23498
23937
23497
23501
23498
23500
23726
23499
23938
23979
23500
23511
23942
23992
23501
23510
23725
23502
23503
23510
23514
23504
23507
23509
23505
23506
23507
23686
23508
23514
23687
23509
23513
23688
24002
23510
23997
23511
23513
23724
23512
23969
23993
23513
23708
23970
24006
23514
23709
23723
23515
23516
23687
23705
23707
23709
23517
23555
23702
23704
23518
23554
23560
23701
23519
23529
23537
23561
23520
23528
23532
23534
23521
23525
23527
23522
23524
23534
23523
23535
23524
23540
23542
23525
23533
23543
23526
23532
23544
23527
23531
23545
23571
23528
23568
23529
23531
23567
23530
23566
23701
23531
23561
23563
23565
23700
23532
23546
23572
23533
23547
23561
23534
23538
23540
23548
23535
23537
23536
23540
23537
23539
23553
23538
23554
23539
23549
23559
23561
23540
23550
23552
23541
23542
23548
23550
23543
23544
23548
23545
23547
23546
24154
23547
23563
24155
23548
23562
23549
23550
23562
23697
23551
23552
23695
23697
23553
23557
23559
23554
23556
23555
23559
23556
23558
23687
23557
23686
23558
23691
23695
23559
23690
23696
23704
23560
23697
23561
23698
23700
23704
23562
23563
23698
23564
23699
23565
24155
24157
24266
23566
23572
23576
23961
23567
23575
23956
23568
23572
23574
23569
23571
23570
23574
23586
23571
23573
23589
24153
23572
24154
23573
24155
23574
23576
23590
24156
23575
23579
23576
23578
23955
23577
23960
24157
23578
23590
24148
24158
24161
23579
23954
24147
23580
23586
23590
23592
23581
23585
23593
23582
23594
23583
23585
23584
23594
24329
23585
23587
23593
24332
23586
23587
23589
23588
23592
24341
23589
23591
24151
24344
23590
24152
23591
24159
23592
24148
24150
24345
23593
24147
24340
23594
23596
24333
23595
24328
23596
23598
24327
23597
24147
24338
23598
23953
24139
24146
24275
23599
23952
24138
24276
23600
23932
24277
23601
24278
23602
23920
23922
23932
27868
23603
27847
23604
23920
27864
23605
23907
23919
27865
23606
23908
23975
23607
23608
23890
23906
23908
23910
23609
23753
23857
23859
23610
23854
23856
23611
23753
23755
23612
23752
23756
23613
23730
23614
23632
23634
23731
23756
23615
23616
23634
23636
23760
23617
23621
23633
23637
23618
23638
23619
23621
23620
23638
23621
23637
23737
23622
23623
23633
23734
23736
23737
23624
23630
23632
23625
23736
23626
23630
23735
23740
23627
23628
23740
23742
23629
23728
23743
23630
23740
23744
23746
23875
23631
23734
23632
23731
23733
23746
23633
23634
23733
23868
23635
23732
23759
23636
23864
23866
23868
23869
23637
23640
23793
23638
23868
23640
23817
23822
23869
23642
23643
23649
23651
23644
23648
23645
23647
23651
23985
23646
23984
23647
23654
23987
23648
23650
23653
23986
23649
23658
23650
23659
23651
23652
24024
24020
23653
23659
23661
24025
23654
23656
23658
23999
23655
23998
23656
24001
24050
23657
23661
24000
24051
23658
23660
23663
23659
23660
23661
23662
24030
24073
23663
24065
24073
23664
24051
24057
24066
23665
24050
24054
24056
23666
23668
23678
23684
23667
23679
23668
23670
23669
24056
23670
23672
23676
23678
24055
23671
23675
23679
23672
23674
23673
24060
23674
23676
24061
23675
23676
23680
23677
24062
23678
23680
23682
24068
23679
23683
24054
23680
23681
23682
23694
23683
23693
24069
23684
23692
24053
23685
24050
23686
23688
23692
24049
23687
23691
23688
23690
23689
23709
24048
23690
23692
23710
23718
24079
23691
23705
23717
23692
23694
23693
24078
23694
23718
24102
23695
23717
23696
23697
23715
23717
23698
23699
23715
23700
23714
24266
23701
23703
23961
23702
23956
23703
23707
23957
23704
23706
23714
23962
23705
23715
23706
23710
23716
23707
23711
23713
23963
23708
23964
23709
23711
24084
24169
23710
23722
23711
23719
23721
23712
24085
24170
23713
23719
24263
29541
23714
23716
24264
23715
24265
23716
23717
23719
23718
23719
24101
23720
23721
24101
29539
29541
23722
24079
24081
24085
23723
24048
24082
24084
23724
24002
24004
24006
23725
23993
23995
23997
23726
23988
23990
23992
23727
23979
23981
23983
23728
23743
23745
23749
23729
23746
23730
23747
23749
23751
23731
23752
23732
23747
23757
23733
23758
23866
23873
23734
23867
23874
23735
23738
23875
23736
23739
23738
23868
23867
23876
23740
23875
23879
23741
23742
23744
23879
23985
23743
23984
23744
23983
23745
23878
23982
23746
23748
23882
23981
23747
23874
23748
23873
23888
23749
23883
23893
23980
23750
23979
23751
23891
23893
23939
23978
23752
23888
23890
23753
23757
23754
23890
23755
23757
23859
23861
23889
23756
23854
23862
23757
23759
23758
23888
23759
23861
23865
23887
23760
23862
23864
23761
23793
23795
23762
23790
23792
23763
23767
23769
23764
23766
23765
23769
23771
23766
23768
23784
23806
23767
23807
23768
23792
23810
23769
23787
23791
23811
23770
23790
23771
23787
23789
23772
23784
23773
23774
23782
23784
23775
23785
24895
23776
23780
23782
23802
24896
23777
23779
24897
23778
23782
23779
23781
23826
23780
23825
24900
23781
23803
23828
27223
23782
23804
23827
23783
23784
23802
23804
23806
23814
23785
23787
23786
23802
27766
23787
23799
23801
27767
23788
23814
23789
23791
23797
23799
23815
23790
23796
23791
23795
23792
23794
23816
23793
23817
23794
23822
23864
23795
23797
23821
23863
23796
23862
23797
23853
23798
23840
23852
23799
23841
23901
27793
23800
27792
23801
23815
23837
23841
28977
23802
23814
23836
28956
23803
28951
23804
23831
23836
28952
23805
23813
23832
23806
23808
23812
23807
23811
23808
23810
23809
23810
23812
23818
23811
23817
23812
23814
23816
23813
23819
23814
23833
23836
23838
23815
23816
23838
23840
23817
23819
23821
23818
23822
23819
23823
23820
23838
23821
23823
23839
24111
23822
23840
24110
23823
24109
24112
23825
23829
27228
23826
23828
27225
23827
23828
23832
23829
23831
27224
23830
27229
23831
23834
28962
23832
23835
28959
23833
23835
23845
23835
23846
28963
23836
23844
28958
23837
28957
23838
23842
23844
28978
23839
23845
23840
23842
23848
23850
23841
23851
23842
24118
28982
23843
24119
28983
23844
23847
23848
28738
28984
23845
23846
28985
23848
23847
28988
28737
28989
23849
23850
24122
28738
23851
24111
24119
24121
23852
24110
24116
24118
23853
23863
23899
23901
23854
23860
23862
23902
23855
23859
23856
23858
23902
27904
23857
27901
23858
23906
27900
23859
23903
23905
27905
23860
23910
23861
23899
23903
23911
23862
23896
23898
23863
23864
23898
24110
23865
24109
23866
23886
23898
24108
23867
23870
23872
23868
23880
23870
24109
23871
24108
23872
24105
24107
23873
23880
23884
23886
23874
23883
23887
23875
23880
23882
23876
23878
23877
23880
23878
23881
24021
23879
23882
24019
24020
23881
23882
23884
24031
23883
24018
23884
23894
24017
23885
24032
24105
23886
23894
24106
24127
24199
23887
23897
24107
23888
23894
23896
23889
23893
23890
23892
23896
23910
23891
23892
23908
23977
23893
23895
23909
24012
23894
24013
23895
24016
23896
24127
24129
24195
23897
23911
23898
23912
24125
24127
23899
24115
23900
23912
24116
23901
23903
23913
24117
29023
23902
24118
29018
23903
29017
23904
29022
23905
23911
23913
23915
29025
23906
23910
23916
29026
23907
27899
23908
23916
23918
27898
23909
23976
23910
23916
24129
24131
23911
23912
24129
23913
24128
24220
23914
24221
29024
23915
24128
24192
24224
29037
23916
24129
24191
29032
23917
29031
23918
24131
24189
24191
29461
23919
23976
24134
27897
23920
23975
24135
27866
23921
23933
27867
23922
23934
23936
23975
23923
23931
23924
23930
23936
23925
23937
23926
23930
23943
23945
23927
23928
23945
23947
23929
23948
23952
23930
23945
23949
23951
23967
23931
23935
23932
23934
23951
23933
24138
27873
23934
24135
24137
27874
23935
23974
24142
23936
23941
23943
23967
23937
23940
23938
23943
23939
23940
23942
23978
23941
23975
23977
23942
23968
23974
24010
23943
23969
24009
23944
23945
23965
23967
23969
23946
23947
23949
23957
23965
23948
23956
23949
23953
23955
23950
23958
23966
23951
23953
24139
24141
24144
23952
24138
24142
23953
23954
23955
24144
24146
24161
23956
23958
23960
23957
23961
23958
23962
23964
23959
24144
24167
23960
23962
24164
24166
24268
23961
24161
24267
23962
24266
23963
24265
23964
24166
24170
24264
23965
24167
24169
23966
23970
23967
23971
24141
24167
23968
24142
23969
23971
23973
24179
23970
24008
23971
24007
24169
23972
24168
24184
23973
24141
24173
24175
24185
23974
24136
24142
24178
23975
24133
24135
23976
23977
24131
24133
23978
24010
24012
23979
24009
24013
23980
23992
23981
23991
24013
24017
23982
23990
24018
23983
23985
23989
24019
23984
23988
23985
23987
23986
24020
23987
23989
23999
24024
23988
23998
23989
23997
23990
23996
24023
23991
23995
24035
23992
23994
24014
24034
23993
24009
23994
24006
24008
23995
24005
24039
24181
23996
24004
24038
23997
23999
24003
24026
23998
24002
23999
24001
24000
24025
24001
24003
24030
24076
24002
24049
24003
24048
24004
24029
24047
24005
24043
24082
24006
24042
24083
24182
24007
24084
24008
24182
24184
24246
24009
24179
24181
24010
24014
24011
24133
24179
24012
24014
24132
24180
24196
24013
24131
24195
24014
24016
24015
24181
24016
24034
24196
24198
24236
24017
24195
24199
24018
24032
24034
24019
24031
24035
24020
24021
24023
24024
24022
24031
24023
24027
24036
24024
24026
24035
24025
24026
24030
24027
24029
24038
24028
24037
24029
24044
24045
24030
24043
24046
24075
24032
24036
24033
24199
24201
24034
24036
24040
24198
24202
24035
24039
24036
24038
24037
24038
24040
24044
24039
24043
24040
24042
24236
24041
24203
24237
24042
24044
24091
24204
24242
24043
24088
24241
24044
24089
24090
24046
24090
24097
24047
24075
24089
24095
24048
24076
24080
24082
24049
24079
24050
24076
24078
24051
24053
24052
24073
24076
24053
24066
24070
24072
24077
24054
24069
24078
24055
24066
24068
24056
24058
24060
24062
24057
24058
24059
24063
24066
24060
24064
24061
24062
24064
24063
24068
24064
24067
24066
24072
24074
24067
24068
24070
24074
24069
24070
24102
24071
24103
24072
24074
24104
24073
24096
24075
24076
24096
24077
24078
24080
24096
24103
24079
24102
24080
24101
24081
24095
24100
24082
24086
24094
29539
24083
24089
24084
24086
24088
24245
24085
24246
24086
24251
29541
24087
24252
29540
24088
24092
24094
24253
29542
24089
24091
24244
24090
24094
24091
24093
24092
24243
29535
24093
24258
29536
29543
24094
24097
29537
24095
29538
24096
24097
24099
24104
24098
24099
29537
24100
24104
29538
24101
24103
29539
24102
24103
24104
24106
24201
24107
24126
24200
24212
24108
24123
24125
24109
24113
24115
24110
24112
24111
24115
24112
24114
24113
24114
24123
24115
24121
24124
24116
24125
24117
24121
24220
24118
24120
24221
29040
24119
29041
24120
28738
29044
24121
24222
28739
29045
24122
24219
28739
28741
24124
24212
24125
24211
24219
24126
24220
24127
24209
24211
24225
24128
24194
24129
24193
24225
24130
24131
24191
24193
24195
24233
24132
24133
24187
24189
24233
24134
24178
24135
24177
24189
27896
24136
27879
24137
24175
24177
27880
24138
24140
24142
27881
24139
27882
24140
24145
27887
24141
24175
27888
28777
24142
24143
24144
24165
24167
24173
28777
24145
24164
24146
24163
28777
28779
24147
24162
24274
24148
24339
24149
24162
24350
24150
24158
24271
24351
24151
24159
24352
24152
24353
24153
24159
24154
24156
24155
24156
24157
24159
24158
24267
24159
24160
24161
24267
24269
24271
24162
24164
24163
24271
24273
24164
24270
28776
28784
24165
24269
24166
24172
28776
29510
24167
24171
29511
24168
24169
24171
24173
24247
24170
24246
24171
24251
24263
24172
24250
29512
24173
28773
28775
29513
24174
28770
24175
28769
28775
28777
28789
24176
27893
24177
24185
27894
28767
28769
24178
24188
27895
24179
24185
24187
24180
24184
24181
24183
24187
24235
24182
24236
24183
24241
24245
24184
24186
24240
24248
24185
24247
24186
28770
24187
28767
28771
29497
24188
24234
24189
28765
28767
29483
24190
29462
24191
24231
24233
28765
29479
24192
29474
24193
24227
24231
29475
24194
24226
24232
24195
24197
24199
24209
24196
24197
24233
24235
24198
24208
24232
24238
24199
24207
24237
24200
24201
24207
24209
24213
24202
24203
24207
24204
24206
24205
29535
24206
24242
28750
28752
29534
24207
24237
28747
28749
24208
24214
24209
24215
28749
28762
24210
24226
24211
24213
24215
24217
24212
24218
24213
24214
24215
28747
24216
28748
24217
24229
28758
28760
28762
24218
24226
24228
28753
24219
24223
24225
28746
24220
24222
28741
24221
24225
24222
24224
29039
24223
28742
29580
24224
24228
28745
29581
24225
24227
29038
24226
24227
28762
24228
24230
29575
24229
28754
29618
24230
28757
29528
31733
24231
28762
29527
29574
24232
28764
29480
24233
28762
28763
24234
24235
28763
28765
29497
24236
24238
24240
24237
24241
24238
24242
24239
28749
28763
24240
24242
24256
28750
29496
24241
24255
29497
24242
24244
24243
24244
24256
24258
29534
24245
24253
24255
24246
24248
24252
24247
24251
24248
24250
28770
24249
24255
28771
24250
24252
24254
28772
29516
24251
28773
29515
24252
24262
24253
24261
24254
24258
24260
24255
24257
29503
29519
24256
29498
24257
29501
29533
24258
29502
29520
29548
24259
29549
24260
29520
29543
29563
24261
29519
29542
24262
29516
29540
24263
29515
29541
24264
29512
24265
29511
24266
24268
24267
24268
24269
29511
24270
29510
24271
29509
31232
24272
24273
24351
31230
31232
24274
24350
28782
28784
24275
24339
28779
28781
24276
24338
27885
27887
24277
24327
27882
27884
24278
24326
27871
27873
24279
24315
27868
27870
24280
24314
27847
27849
24281
24303
27844
27846
24282
24302
27827
27831
24283
27830
24284
24302
24285
24286
24300
24302
24304
24287
24305
24288
24300
24306
24289
24291
24299
24363
24290
24294
24291
24293
24413
24292
24364
24416
24293
24297
24299
24367
24417
24294
24296
24412
24295
24299
24296
24298
27821
24297
24401
27822
24298
24370
24400
27825
24299
24301
24369
27826
24300
24368
24301
24311
24302
24312
27827
24303
24304
24312
24314
24305
24309
24311
24306
24308
24307
24311
24363
24308
24310
24318
24362
24309
24317
24310
24314
24316
24311
24313
24323
24373
24312
24368
24313
24369
27844
24314
24324
24372
27849
24315
24316
24324
24326
24317
24321
24323
24318
24320
24319
24323
24361
24320
24322
24330
24360
24321
24329
24322
24326
24328
24323
24325
24335
24379
24324
24374
24325
24381
27870
24326
24336
24380
27871
24327
24328
24336
24338
24329
24333
24335
24330
24332
24331
24335
24359
24332
24334
24342
24358
24333
24341
24334
24338
24340
24335
24337
24347
24389
24336
24390
24337
24391
27884
24338
24348
24392
27885
24339
24340
24348
24350
24341
24345
24347
24342
24344
24343
24347
24357
24344
24346
24354
24356
24345
24353
24346
24350
24352
24347
24349
28834
31224
24348
28829
24349
28781
28828
24350
28782
28835
31225
24351
24352
31225
24353
31224
24354
24355
31224
24356
31221
31223
24357
28832
28834
24358
28829
28831
24359
24387
24389
24360
24386
24390
24361
24377
24379
24362
24374
24376
24363
24365
24373
24364
24368
24365
24367
27938
24366
24376
27939
24367
24371
24373
24375
27958
24368
24370
27959
24369
24373
24370
24372
27843
24371
24399
27852
24372
24382
24398
27851
24373
24381
27850
24374
24375
24379
24381
24376
24378
24382
27960
24377
27961
24378
24386
27964
24379
24383
24385
27965
24380
24390
24381
24383
24391
28805
24382
28800
24383
24397
28801
24384
24396
28804
24385
24391
24393
24395
28815
24386
24388
24390
28841
24387
28842
24388
28831
28845
24389
24393
28830
28840
24390
24392
28829
24391
24392
28816
24393
28819
28828
24394
28820
28837
24395
28838
28840
29431
29439
24396
28841
28855
29434
24397
27965
28856
28884
24398
27960
27968
28879
24399
27958
27969
28876
24400
27933
27935
27959
24401
24417
24421
27930
24402
24412
24420
27925
24403
24407
24411
26364
24404
24406
26359
24405
24411
24406
24408
24426
24407
24425
26360
24408
24420
24424
26363
24409
24411
24419
24427
24410
24414
24428
24411
24413
24412
24413
24417
24419
24414
24416
24415
24419
27944
24416
24418
27937
27943
24417
27938
24418
27959
24419
24421
27936
27950
24420
27949
24421
24423
27926
24422
27929
27935
24423
27950
27971
27973
27987
24424
27949
27974
27976
24425
24427
24431
27977
24426
26385
24427
24428
24430
27949
24429
27944
24430
26252
27945
24431
26253
27948
24432
26258
27974
24433
26259
27975
27977
27979
24434
26260
26385
26387
24435
26261
26384
26388
24436
26262
24437
26380
26382
26388
28005
24438
26268
26296
24439
26267
24440
26290
26296
26298
26377
24441
24443
26287
24442
26282
24443
26283
27260
24444
26288
26377
27261
24445
26376
27262
24446
26300
27249
24447
24448
27247
27249
24449
27250
24450
27245
27247
27251
24451
24878
24452
24454
24879
24887
27251
24453
24886
27250
24454
24885
24455
24884
24456
24853
24879
24881
24883
24457
24876
24878
24458
24851
24853
24459
24854
24460
24849
24851
24869
24461
24462
24829
24831
24849
24463
24826
24828
24464
24506
24508
24465
24503
24505
24466
24470
24472
24467
24469
24468
24472
24474
24469
24471
24487
24495
24470
24496
24471
24501
24503
24472
24492
24494
24504
24473
24505
24474
24490
24492
24814
24475
24487
24489
24476
24478
24477
24489
24535
24478
24484
24488
24536
24479
24485
24487
24480
24481
24485
24482
24484
24528
24483
24527
24753
24484
24520
24526
24766
24485
24521
24537
24486
24487
24493
24495
24519
24521
24488
24492
24489
24491
24521
24920
24490
24921
24491
24813
24926
24492
24522
24812
24927
24493
24815
24494
24518
24522
24822
24495
24499
24501
24511
24496
24498
24497
24501
24498
24500
24772
24499
24519
24771
24500
24512
24518
24775
24501
24513
24776
24502
24503
24509
24511
24513
24504
24508
24505
24507
24511
24815
24506
24814
24507
24817
24826
24508
24510
24816
24827
24509
24828
24510
24514
24841
24511
24515
24821
24840
24512
24822
24513
24515
24517
24799
24514
24800
24515
24804
24842
24516
24803
24843
24517
24821
24912
24914
25999
24518
24798
24810
24822
24519
24523
24795
24520
24770
24521
24523
24525
24793
24522
24919
24523
24811
24918
24524
24794
24810
24525
24916
24918
24984
26885
24526
24919
24941
26880
24527
24537
24942
25058
24528
24540
24752
24529
24537
24539
24530
24532
24536
24531
24535
24532
24534
24947
24533
24539
24946
24534
24536
24538
24923
24949
24535
24922
24948
24536
24921
24537
24920
24538
24919
24539
24940
24942
24956
24540
24945
24541
24942
24944
25054
24542
24592
24543
24944
24544
24592
24594
24598
25053
24545
24585
24587
24597
24546
24552
24582
24584
24547
24579
24581
24548
24550
24552
24549
24553
24550
24554
24556
24551
24557
24579
24552
24554
24576
24584
24586
24553
24587
24554
24588
24555
24589
24556
24574
24576
24744
24557
24559
24558
24576
24578
24559
24575
25072
25947
24560
24574
25948
24561
24573
24735
24562
24563
24573
24737
24564
24565
24571
24737
24739
24566
24568
24570
24567
24568
24754
24569
24739
24763
24570
24590
24740
24764
24571
24589
24572
24740
24744
24573
24737
24741
24743
25314
24574
24736
24575
24743
25951
24576
24746
25071
25952
24577
24745
24578
24584
25071
25075
25079
24579
25072
25074
24580
24584
24581
24583
24605
25074
24582
24602
24583
24597
24601
24584
24596
24606
25075
24585
24586
24594
24596
25079
24587
24589
24593
24745
24588
24592
24589
24591
24590
24744
24591
24593
24749
24751
24592
24752
24593
25054
24594
24748
25055
24595
25080
26867
24596
24598
25047
25081
26866
24597
25046
25078
24598
24600
24599
25052
24600
25005
25047
25049
25051
24601
25006
25044
25046
24602
24606
24608
24603
24605
24604
24608
24610
24605
24607
25921
26623
24606
25920
24607
25046
25925
24608
25045
25924
26622
24609
25044
24610
25043
26620
26622
24611
26619
26623
24612
24613
24615
26571
26619
24614
26526
24615
24617
26527
24616
26572
26618
24617
24627
26573
26579
26625
24618
24624
24626
26574
24619
24623
26511
24620
26512
24621
24623
25358
26515
24622
25103
24623
24625
25102
24624
25359
26516
24625
26577
26579
26583
24626
25347
26580
26582
24627
24628
26580
26624
24629
25348
25921
24630
25349
25920
24631
24632
25345
25347
25349
24633
24634
25101
25343
25345
24635
25098
24636
25099
25101
25103
24637
24641
25104
24638
25105
24639
24641
24643
24655
24640
24656
24641
24661
25098
24642
24660
25099
24643
25104
25108
25356
25368
24644
24654
25105
25107
24645
24647
24653
24646
25105
24647
25106
25112
24648
24652
25107
25149
24649
25144
24650
24652
25143
24651
25142
27431
24652
25155
25365
27436
24653
25150
25364
24654
24655
25364
25366
25368
24656
24658
24660
24657
24661
24658
24688
24690
24659
25366
25875
24660
24688
25339
25367
25876
24661
25340
25368
24662
24688
25097
24663
24687
25096
24664
24665
24685
25096
25326
24666
24668
24667
25096
25098
24668
25091
25095
25343
24669
25090
25326
24670
24671
25088
25090
24672
24674
24676
24673
24677
24674
24678
24680
24675
24681
25090
24676
24678
25089
25331
25946
24677
25088
25947
24678
25948
24679
25949
24680
25331
25968
24681
24682
25327
25329
25331
24683
25326
24684
25313
25325
25329
24685
25310
24686
25319
25325
24687
25096
25320
25324
25338
24688
25288
24689
25338
24690
25288
25876
25878
25904
24691
25277
25873
25875
24692
24706
25421
25423
24693
24701
25418
25420
24694
24698
24700
25407
24695
24697
24696
25401
25407
24697
25404
25408
25410
24698
25411
24699
25408
25416
25418
24700
24704
24712
24701
24702
24704
24706
24703
24707
24704
24708
24705
24711
25418
24706
24708
24710
25276
25423
24707
25277
24708
25278
24709
25285
24710
25284
24711
25273
25275
25424
24712
25272
25417
24713
25416
24714
25272
25415
24715
24731
24733
25271
25843
24716
24726
24730
25838
24717
24723
24725
25617
24718
24722
25612
24721
24725
24720
24724
24728
25258
25262
24721
25259
25261
24722
24724
24723
25261
25613
24724
24730
25262
25618
24725
24729
24726
24729
24733
24728
24732
25256
25266
25300
24729
25257
25265
24730
24732
24731
25265
25837
24732
25266
25270
25844
24733
25299
24734
25271
25295
25299
24736
25948
25314
25951
24738
24739
24741
24783
24740
24762
24741
24749
24781
24742
24782
25315
24743
24747
24749
25064
25963
24744
24746
25958
24745
24749
24746
24748
25079
24747
25070
25957
24748
25063
25069
25962
24749
25062
25080
24750
24751
24781
25060
25062
25064
24752
24764
25055
25059
24753
25054
25058
24754
24764
24766
24755
24763
24767
24756
24757
24759
24760
24758
24763
24759
24768
24773
24760
24767
24771
24772
24762
24768
24778
24780
24784
24763
24781
24783
24764
24768
24765
24781
24766
24768
24780
24792
25059
24767
24793
25058
24768
24770
24769
24770
24773
24778
24792
24796
24771
24793
24795
24772
24773
24775
24776
24774
24775
24796
24801
24776
24795
24799
24800
24778
24788
24790
24796
24806
24779
24787
24780
24786
24790
24792
26888
24781
24785
25060
24782
24783
24785
25064
25989
24784
24785
24787
24786
25065
25990
24787
24789
25991
26891
24788
24789
25993
24790
25992
25994
26892
24791
24807
26887
24792
24794
24796
24808
26886
24793
26881
24794
26880
24795
24809
26885
24796
24798
24797
24798
24801
24806
24808
26000
24799
24809
25999
24800
24801
24803
24804
24802
24803
26000
26005
24804
25999
26003
26004
24806
25996
26000
26010
27679
24807
25993
24808
25994
25996
27160
24809
25997
27161
24810
25998
27162
24811
24914
24916
24812
24820
24822
24917
24813
24815
24819
24928
24814
24818
24929
24815
24817
24816
24822
24817
24819
24821
24824
24818
24825
24819
24834
24934
24820
24835
24935
24821
24914
24936
26017
24822
24823
24824
24838
24840
24912
26017
24825
24827
24835
24837
24826
24832
24834
24827
24831
24828
24830
24840
24829
24841
24830
24846
24848
24831
24837
24839
24873
24832
24850
24833
24837
24875
24834
24836
26025
27203
24835
26020
24836
26017
26019
24837
26016
26026
27202
24838
24874
24839
24911
26016
27210
24840
24844
24846
24904
24841
24843
24842
24846
24843
24845
26004
24844
24912
26003
24845
24905
24911
26007
24846
24906
26008
24847
24848
24902
24904
24906
24849
24873
24901
24850
24870
24851
24871
24873
24875
24852
24876
24853
24867
24869
24871
24881
24854
24866
24855
24865
24869
24856
24857
24859
24863
24865
24858
24862
24859
24861
24885
24860
24866
24884
24861
24863
24891
24893
27757
24862
24890
27754
24863
27755
24864
27756
24865
24893
24895
27763
24866
24868
24867
24883
24893
24868
24882
24894
24898
24869
24895
24897
24870
24871
24897
24901
24872
24898
27205
24873
24899
24901
24903
27206
24874
24904
24875
27202
27206
27210
24876
27203
27205
24877
24881
24878
24880
27203
27244
24879
27245
24880
27216
27252
24881
27204
27215
27287
24882
27205
24883
27213
27215
27219
24884
24892
27216
24885
24887
24891
24886
24890
24887
24889
27275
24888
27216
27276
24889
24891
27217
27281
27773
24890
27280
27752
24891
27753
24892
27772
24893
27217
27219
27771
24894
27764
24895
27219
27221
27765
24896
27766
24897
27221
27223
28951
24898
24900
24899
27213
27221
24900
27212
27222
27226
24901
27223
27225
24902
24903
24907
27225
24904
24908
27209
27226
24905
27210
24906
24908
24910
27189
24907
27190
24908
27194
27228
24909
27193
27227
24910
27209
27238
27706
27710
24911
27188
27200
27210
24912
26015
27187
24913
26002
24914
26013
26015
26017
26031
24915
25998
24916
24936
24986
26031
27167
24917
24985
27162
24918
24928
24936
24938
24919
24927
24939
24920
24940
24921
24923
24927
24922
24926
24923
24925
24959
24924
24940
24958
24925
24927
24931
24939
24977
24926
24930
24976
24927
24929
24928
24929
24931
24935
24930
24934
24931
24933
24975
24932
24938
24990
24933
24935
24937
24995
26022
24934
24974
26021
24935
26020
24936
26019
24937
26018
24938
24986
24996
26029
24939
24985
24989
24940
24978
24984
24941
24957
24942
24982
24984
26879
24943
25057
24944
24954
24956
24982
26869
24945
24953
25053
24946
24952
24956
24947
24949
24951
24948
24949
24959
24950
24956
24958
24951
24955
24961
25021
24952
25014
24953
24955
25023
24954
25004
25052
24955
24981
25003
26870
24956
24980
25022
24957
24958
24978
24980
24982
24959
24961
24977
24960
24976
24961
24963
26054
24962
24980
26053
24963
24977
24979
24991
26431
24964
24976
24992
26430
24965
24966
24992
26095
24967
24993
26096
24968
24970
24972
26039
26420
24969
26419
24970
26424
27266
24971
26040
26425
27267
24972
26041
27256
24973
24974
26021
26037
26039
26041
24975
24993
24995
24976
24990
24992
24977
24978
24990
24979
24983
24989
24980
24998
25000
26051
24981
26052
24982
25000
25002
26899
24983
26878
24984
24988
25000
26897
24985
26884
24986
24988
27163
24987
26030
27166
24988
24996
26035
26047
28315
24989
24999
28310
24990
24996
24998
24991
24995
24992
24994
24998
26432
24993
26429
24994
26039
26428
24995
24997
26038
26437
24996
26037
24997
26036
24998
26045
26047
26438
24999
26050
25000
26047
26049
28309
25001
26898
25002
26049
26051
26444
27120
25003
26052
26443
27115
25004
25022
25026
27108
25005
25023
25025
25051
25006
25010
25012
25007
25009
25008
25012
25009
25011
25010
25044
25011
25025
25041
25049
25012
25024
25030
25013
25023
25014
25015
25017
25021
25023
25016
25020
25017
25019
26453
25018
25024
26454
25019
25021
25027
26056
26455
25020
26055
26456
25021
26054
25022
26053
25023
25027
26052
25024
25025
25027
25029
25026
25050
26448
25027
26443
26447
27107
25028
26442
25029
26447
26455
26459
26768
25030
26448
26450
26454
25031
25037
25041
25032
25036
26454
25033
26453
25034
25036
26452
26559
25035
26554
25036
25038
26553
25037
26451
26560
25038
25040
26450
26561
25039
26552
25040
26551
26635
25041
26449
26566
26636
25042
26448
25043
25049
26636
26638
26862
25044
26635
26639
25045
25049
25046
25048
25929
26639
25047
25928
25048
25933
26865
25049
25932
26638
26864
25050
25051
26862
26864
27107
25052
26865
27108
25053
26866
26870
25054
26867
26869
25055
25057
25056
25062
26867
25057
25059
25061
26868
26882
25058
26869
26879
25059
26880
25060
26881
25061
25065
26888
25062
25066
26875
26889
25063
26874
25064
25066
25068
25987
25065
25988
25066
26891
26921
25067
26890
26922
25068
26875
26905
27130
27132
25069
25986
26874
26906
25070
25080
25082
25985
25071
25077
25079
25956
25072
25076
25955
25073
25087
25074
25076
25086
25919
25075
25920
25076
25078
25925
25077
25085
25926
25078
25082
25084
25927
25079
25081
25928
25080
25081
26874
25082
25933
26873
25083
25934
26906
25084
25935
25985
26907
26909
25085
25936
25956
25982
25086
25937
25943
25955
25087
25918
25944
25088
25945
25947
25955
25089
25090
25092
25332
25945
25091
25327
25092
25094
25344
25093
25916
25944
25094
25332
25334
25915
25975
25095
25327
25335
25914
25096
25324
25326
25342
25097
25098
25338
25340
25342
25099
25343
25100
25340
25356
25101
25341
25343
25353
25355
25102
25346
25103
25355
25359
26582
25104
25356
25358
25105
25109
25106
25107
25109
25111
25108
25158
25364
25109
25357
25363
25375
25110
25358
25111
25161
25375
26590
25112
25158
25160
25113
25147
25149
25114
25144
25146
25115
25133
25135
25116
25130
25132
25117
25121
25118
25120
25132
25172
25119
25120
25124
25174
25121
25123
25131
25173
25122
25130
25123
25127
25129
25124
25126
25138
25384
25125
25175
25126
25386
25388
25127
25139
25385
25391
25128
25392
25129
25139
25141
25449
25130
25136
25138
25131
25135
25132
25134
25138
25382
25133
25171
25134
25146
25170
25135
25137
25145
25381
25136
25144
25137
25141
25143
25138
25140
25152
25476
25139
25383
25140
25450
25474
25141
25153
25475
25493
25142
25448
25143
25153
25155
27446
25144
25150
25152
25145
25149
25146
25148
25152
25380
25147
25169
25148
25160
25168
25149
25151
25159
25379
25150
25158
25151
25155
25157
25152
25154
25480
25482
25153
25477
25154
25478
27447
25155
25479
25483
27452
25156
27445
25157
25365
25373
25483
27444
25158
25364
25374
25482
25159
25375
25160
25376
25378
25482
25161
25167
25162
25166
25376
26591
25163
25165
26514
25164
26513
25165
26520
25166
26599
25167
25377
26598
25168
25378
25169
25379
25170
25380
25171
25381
25172
25382
25173
25174
25382
25384
25175
25176
25384
25386
25177
25179
25178
25179
25181
25180
25386
25181
25387
25467
25182
25466
25183
25184
25192
25466
25185
25186
25192
25194
25187
25191
25188
25190
25194
25518
25189
25519
25190
25460
25524
25191
25193
25459
25517
25192
25458
25193
25465
25194
25464
25516
25195
25196
25516
25518
25571
25197
25204
25568
25198
25199
25567
25200
25202
25204
25201
25205
25202
25206
25208
25203
25559
25567
25204
25206
25521
25560
25568
25205
25518
25206
25519
25207
25520
25208
25212
25544
25560
25576
25209
25545
25559
25210
25212
25211
25237
25545
25212
25234
25236
25542
25544
25213
25214
25529
25531
25542
25576
25215
25520
25528
25216
25519
25217
25524
25526
25528
25218
25219
25526
25533
25535
25220
25222
25224
25221
25225
25222
25226
25228
25223
25533
25623
25224
25226
25534
25614
25622
25225
25535
25611
25226
25612
25227
25613
25228
25620
25622
25229
25623
25230
25231
25530
25623
25232
25624
25636
25233
25530
25541
25627
25629
25234
25531
25542
25630
25235
25236
25240
25630
25237
25241
25728
25778
25238
25556
25239
25241
25555
25240
25241
25554
25726
25242
25727
25779
25554
25750
25780
25244
25246
25643
25645
25245
25249
25640
25246
25248
25247
25248
25645
25657
25659
25249
25648
25250
25639
25645
25647
25251
25638
25252
25647
25649
25653
25736
25253
25652
25735
25649
25651
25255
25301
25303
25674
25676
25256
25268
25300
25677
25257
25267
25678
25258
25264
25679
25259
25263
25680
25260
25681
25261
25263
25682
25833
25262
25620
25263
25265
25619
25264
25687
25834
25265
25267
25688
25835
25266
25836
25267
25269
25845
25268
25693
25850
25269
25303
25694
25851
25270
25300
25302
25852
25271
25297
25299
25853
25272
25296
25854
25273
25428
25274
25296
25429
25275
25291
25293
25307
25871
25276
25284
25290
25872
25277
25285
25289
25873
25278
25288
25279
25285
25287
25280
25282
25281
25285
25282
25286
25311
25287
25310
25284
25286
25290
25292
25317
25285
25293
25286
25287
25289
25318
25288
25319
25289
25320
25290
25321
25878
25291
25879
26972
25292
25308
25884
26973
25293
25309
26974
25294
25295
25307
25309
25668
25296
25298
25297
25307
25859
25298
25302
25306
25860
25299
25301
25668
25300
25301
25302
25667
25303
25305
25861
25304
25699
25866
25305
25672
25674
25700
25867
25306
25667
25671
25868
25307
25668
25670
25869
25308
25870
25309
25670
25885
26994
25669
26993
25311
25313
25319
25312
25318
25313
26940
26942
26939
26943
25315
25958
25963
25989
25317
26940
26969
26971
26975
25318
26972
26974
25319
25321
26940
25320
26939
25321
25323
25904
25322
25903
26972
25323
26940
26948
26971
27046
25324
26939
26949
27045
25325
25335
25337
25326
25328
26939
25327
25328
25332
25329
25333
25335
26938
25330
26943
25331
25333
25970
26944
25332
25969
25333
25974
25334
25977
26937
25335
25976
26950
27076
25336
26949
25337
25914
27044
27058
27076
25338
25342
25909
27045
25339
25904
25340
25370
25905
25909
25341
25369
25342
25909
25911
25913
25343
25914
25344
25345
25353
25914
25916
25346
25350
25347
25351
25353
26582
25348
25349
25351
25922
26580
25350
25919
25351
25916
25918
25352
25939
26581
25353
25916
25940
27060
27062
25354
25913
25355
25912
26582
26584
27062
25356
25360
25911
25357
25369
25358
25360
25362
26593
25359
26590
25360
26583
26589
25361
26584
26594
25362
25911
27415
27417
27419
25363
25369
25371
27410
25364
25368
25372
25374
25365
25366
25372
27437
25367
27428
25368
25370
25372
27427
25369
25370
25911
25371
25910
27426
25372
27411
27417
27581
25373
27442
25374
25484
27411
27443
25375
25485
27410
25376
26593
25377
25485
26592
25378
25486
27407
25379
25481
25380
25480
25381
25477
25382
25476
25383
25384
25474
25476
25385
25386
25472
25474
25387
25388
25470
25472
25389
25391
25390
25456
25470
25391
25451
25453
25471
25499
25392
25450
25472
25393
25449
25453
25394
25398
25400
25402
25395
25397
25396
25400
25397
25399
25437
25398
25438
25399
25403
25441
25453
25400
25404
25436
25401
25402
25404
25406
25403
25447
25449
25404
25442
25446
25452
25405
25435
25406
25408
25446
27433
27471
25407
25447
27430
25408
25420
25409
25419
25410
25414
25416
25426
27471
25411
25413
25435
25412
25416
25413
25415
25838
25414
25434
25839
25415
25427
25433
25842
25416
25428
25843
25417
25418
25424
25426
25428
25419
25423
25420
25422
25426
27433
25421
27430
25422
25875
27429
25423
25425
25874
27434
25424
25873
25425
25429
25872
25426
25430
25881
27472
25427
27470
25428
25430
25432
25855
25429
25854
25430
25859
25871
25431
25858
25882
25432
27472
27474
27541
27553
25433
27470
27475
27536
25434
25444
27471
27497
25435
25443
27494
25436
25442
27471
25437
25441
25438
25439
25441
25455
25440
25502
25609
25441
25443
25503
25826
25442
25454
25443
25445
25497
25444
25504
27493
25445
27475
27477
27498
25446
25496
27469
27471
25447
25495
27432
25448
27431
25449
25493
25495
27446
25450
25452
25451
25473
25493
25452
25494
25498
27465
25453
25495
25497
25454
25455
25497
25499
25503
25456
25502
25457
25469
25499
25501
25458
25462
25468
25459
25465
25460
25462
25464
25587
25461
25525
25462
25502
25589
25463
25501
25588
25464
25468
25512
25514
25465
25515
25466
25468
25467
25468
25470
25469
25470
25510
25512
25471
25472
25510
27465
25473
25474
25492
27465
25475
25476
25478
25492
25477
25478
25480
25479
25491
25480
25488
25490
25481
25482
25486
25488
25483
25485
25484
25488
27453
25485
25487
27412
27458
25486
27409
25487
27408
25488
27459
28482
25489
25490
27453
27459
27461
25491
27452
27462
25492
27447
27463
25493
27464
25494
27447
25495
25507
27448
27464
25496
27449
25497
25507
27468
27477
25498
25504
25499
25505
25507
25509
25500
25510
25501
25503
25505
25511
27481
25502
25512
25607
25503
25608
25504
27480
25505
27477
27479
25506
28502
28526
25507
27477
28499
28501
28527
25508
27467
25509
27464
27466
28501
25510
27465
28502
25511
25512
28502
28504
25513
25514
25607
28504
28506
25515
25588
25600
25516
25585
25587
25517
25572
25518
25522
25524
25587
25519
25521
25520
25524
25521
25523
25576
25522
25571
25575
25523
25572
25574
25586
25524
25528
25577
25591
25525
25526
25587
25589
25591
25527
25536
25528
25533
25537
25539
25591
25529
25530
25539
25541
25577
25531
25532
25533
25539
25623
25627
25822
25534
25535
25537
25822
25823
25536
25610
25537
25589
25609
25538
25590
25824
25539
25597
25822
27486
27488
25540
25592
25541
25595
25627
25744
27488
25542
25578
25729
25543
25728
25544
25576
25578
25580
25785
25545
25561
25778
25546
25556
25558
25547
25548
25549
25556
25550
25557
25551
25564
29903
25552
25554
25641
25725
25556
25775
25779
25557
25778
25558
25775
25777
29903
25559
25561
25563
25560
25566
25561
25569
25575
25562
25580
25777
25563
25569
25581
29902
25564
25566
29903
25565
25566
25567
25569
25568
25569
25571
25570
25571
25573
25575
25581
25572
25573
25585
25574
25582
25584
25575
25577
25579
25593
25576
25580
25577
25578
25592
25579
25595
25790
25580
25582
25594
25789
25581
25786
25582
29901
25583
29900
25584
25594
25602
29899
25585
25593
25601
25586
25600
25587
25591
25593
25599
25588
25589
25599
25607
25590
25608
25591
25597
25599
27484
25592
25593
25595
25597
25594
25598
25595
25603
25802
25596
25801
25597
25603
25806
27488
28514
25598
27485
25599
25601
25603
25605
25600
25606
25601
28506
25602
28507
25603
28508
29898
25604
25805
25605
28508
28514
28516
28522
25606
27485
28507
28511
25607
27482
27484
28506
25608
27481
25609
27480
27484
25610
25824
25826
25611
25823
25827
25612
25614
25616
25613
25617
25614
25618
25620
25615
25621
25823
25616
25618
25828
25830
25840
25617
25827
25839
25618
25838
25619
25837
25620
25830
25834
25836
25621
25833
25622
25821
25830
25832
25623
25625
25822
25624
25625
25627
25734
25626
25739
25832
25627
25742
25820
25822
27488
25628
25629
25732
25734
25742
25744
25630
25636
25729
25731
25631
25726
25728
25632
25634
25636
25633
25637
25634
25638
25640
25635
25641
25726
25636
25638
25723
25731
25733
25637
25734
25638
25735
25639
25736
25640
25644
25723
25759
25641
25643
25642
25723
25725
25643
25722
25752
25644
25645
25722
25760
25768
25646
25660
25647
25657
25661
25718
25760
25648
25654
25759
25649
25655
25657
25650
25651
25653
25655
25684
25652
25681
25653
25682
25738
25654
25683
25737
25655
25714
25718
25764
25656
25715
25657
25665
25716
25718
25658
25659
25661
25663
25665
25660
25661
25768
25662
25719
25767
25663
25720
25769
25664
25665
25720
29927
25719
29924
25667
25669
25671
25673
27011
25668
25674
25669
25670
26996
25671
25890
26995
25672
25891
27014
25673
25705
25896
27013
25674
25704
27012
25675
25676
25700
25702
25704
25677
25697
25699
25678
25694
25696
25679
25691
25693
25680
25688
25690
25681
25685
25687
25682
25684
25683
25687
27508
25684
25686
25714
27509
25685
25715
25686
25690
29933
25687
25689
25713
27512
25688
27513
25689
25693
27514
25690
25692
25712
27517
25691
29934
25692
25696
29939
25693
25695
25711
27518
25694
27519
25695
25699
30070
25696
25698
25710
30071
25697
29940
25698
25702
29945
25699
25701
25709
30076
25700
30075
25701
25705
30150
25702
25706
25708
30151
25703
29946
25704
25706
29951
29953
25705
29954
25706
30155
30295
25707
30156
30294
25708
29949
29951
30157
30293
25709
29946
29948
30158
25710
29943
29945
30077
25711
29940
29942
30078
25712
29937
29939
30079
25713
29934
29936
30080
25714
29931
29933
30054
25715
25717
30051
25716
29933
25717
29924
29932
25718
29925
29931
30052
25719
25765
25720
25766
29925
25774
29926
25722
25768
25771
30005
25723
25753
25761
25724
25758
25725
25731
25749
25753
25757
25726
25750
25752
25727
25731
25728
25730
25750
25784
25729
25785
25730
25744
25790
25731
25745
25749
25791
25732
25733
25741
25745
25757
25734
25736
25740
25758
25735
25739
25736
25738
25737
25759
25738
25740
25764
27509
25739
27508
25740
25742
27507
25741
25763
27510
25742
25746
25816
25818
25743
25819
25744
25746
25806
27488
27527
25745
25801
25746
25748
25800
25747
25807
27526
25748
25808
25814
25816
30046
25749
25755
25757
25799
25750
25754
25792
25751
25783
25752
25754
25782
25753
25754
25756
30005
25755
25797
30006
25756
25798
25814
30009
25757
25761
25815
30008
25758
25816
25759
25761
25763
25760
25764
25761
25765
25767
25762
25771
25763
25765
25772
25815
30049
25764
25816
30050
25765
30051
25766
30052
25767
25772
25774
30184
25768
25769
25771
25770
25774
25771
25773
30007
25772
30008
25773
30013
30183
25774
30014
30186
30185
25776
29904
25777
25779
25781
25787
29905
25778
25786
29902
25779
25785
25780
25784
25781
25783
25794
29906
25783
25795
25797
25784
25792
25794
25785
25787
25791
25786
25790
25787
25789
29901
25788
25794
30019
25789
25791
25793
25803
30020
25790
25802
29900
25791
25801
25792
25800
25793
25797
25799
25794
25796
25810
30021
25795
30018
25796
30017
25797
25811
30015
30022
25798
30016
25799
25811
25813
30035
25800
25808
25810
25801
25803
25807
25802
25806
25803
25805
29899
25804
25810
30025
25805
25807
25809
28517
30026
25806
28516
29898
25807
28515
25808
28518
25809
25813
30045
25810
25812
30027
30097
25811
30024
25812
30023
30034
25813
30028
30039
30098
25814
30038
30044
25815
30012
30047
25816
30013
30048
25817
25818
30046
30048
30050
30058
25819
27510
27524
27526
25820
27505
27507
27527
25821
25832
27487
27504
25822
25823
25829
27486
25824
25828
25825
27484
27486
25826
25828
27483
27490
27492
25827
27480
27493
25828
27494
25829
27495
25830
27490
27502
27504
25831
25847
25832
25834
25848
27504
27506
25833
27507
25834
27508
25835
27513
25836
25848
25850
27514
25837
25845
25847
25838
25840
25844
25839
25843
25840
25842
27494
25841
25847
27495
25842
25844
25846
25856
27496
25843
25855
27497
25844
25854
25845
25853
25846
25850
25852
25847
25849
25863
27501
25848
27502
25849
27503
27515
25850
25864
27520
27532
25851
27519
25852
25864
25866
30070
25853
25861
25863
25854
25856
25860
25855
25859
25856
25858
27536
25857
25863
27535
25858
25860
25862
25888
27542
25859
25887
27541
25860
25870
25861
25869
25862
25866
25868
25863
25865
25893
27543
25864
27534
25865
27533
30069
25866
25894
27548
30074
25867
30075
25868
25894
25896
30150
25869
25891
25893
25870
25888
25890
25871
25885
25887
25872
25882
25884
25873
25879
25881
25874
25878
25875
25877
25881
27439
25876
27428
25877
25905
27427
25878
25880
25906
27440
25879
25903
25880
25884
25902
25881
25883
27049
27559
25882
27554
25883
25887
27553
25884
25886
27050
27560
25885
25901
25886
25890
25900
25887
25889
27561
27611
25888
27552
25889
25893
27551
25890
25892
27566
27612
25891
25899
25892
25896
25898
25893
25895
27567
27617
25894
27550
25895
27549
30149
25896
27572
27618
30154
25897
30155
25898
27013
27618
27620
30390
25899
27014
27615
27617
25900
26995
27612
27614
25901
26994
27609
27611
25902
26973
27050
27052
25903
26972
27047
27049
25904
25906
27046
25905
27045
25906
25908
27426
25907
27049
27579
25908
27046
27048
27056
27584
25909
27045
27057
27425
25910
27058
25911
27417
27423
27425
25912
25913
27061
27419
27423
25914
27058
27060
25915
25916
27060
27074
27076
25917
25918
25940
25942
25944
27074
25919
25937
25939
25920
25922
25926
25921
25925
25922
25924
26624
25923
25939
26627
25924
25926
25930
25938
26628
25925
25929
26629
25926
25928
25927
25937
25928
25930
25934
25936
25929
25933
25930
25932
26640
25931
26641
27086
25932
25934
26642
27087
27103
25933
26643
27102
25934
27101
25935
27100
25936
27087
27089
27099
25937
27084
27086
25938
25942
25939
25941
27069
27086
25940
27064
25941
27063
27073
25942
27070
27079
27085
25943
27080
27084
25944
25954
25980
25982
25945
25975
25946
25954
25974
25947
25949
25953
25969
25948
25952
25949
25951
25950
25968
25951
25953
25959
25967
25952
25958
25953
25955
25957
25954
25960
25972
25955
25973
25983
25956
25957
25983
25985
25958
25960
25962
25959
25963
25960
25964
25966
25961
25983
26913
25962
25964
25984
26916
26918
25963
25985
25987
25964
25988
25965
26919
25966
26916
27139
25967
26913
25968
25972
25969
25970
25972
25974
25971
25977
26955
25972
25978
26914
26956
25973
26913
25974
25978
25980
26912
25975
25977
25976
25980
27074
25977
25979
26951
27075
25978
26936
25979
26931
26935
25980
26930
26960
27081
25981
27080
25982
26910
26912
26930
27083
25983
26909
27084
25984
26912
25985
26909
26911
26925
25986
25987
26907
26925
27132
25988
26918
26922
25989
26919
26921
25990
25991
26921
25992
27144
27149
27677
25994
27679
25995
27159
27677
25996
27174
27678
27679
27681
25997
26011
27169
25998
26000
26012
27168
25999
26013
27167
26000
26002
26001
26002
26005
26010
26012
27186
26003
26013
27187
26004
26005
26007
26008
26006
26007
27186
27191
26008
27187
27189
27190
26010
27186
27196
27683
27699
26011
27680
26012
27176
27681
27683
26013
27177
27185
26014
27178
26015
27183
27185
27187
27199
26016
26032
27200
26017
26027
27201
26018
26019
26027
26029
26031
26020
26022
26026
26021
26025
26022
26024
26023
26029
26037
26024
26026
26028
26042
27291
26025
26041
27290
26026
27243
26027
27242
26028
26032
27241
26029
26033
27296
27302
26030
26036
26031
26033
26035
27179
26032
27178
26033
27183
27240
26034
27182
27297
26035
27300
27302
27315
28331
26036
26046
28328
26037
26045
27302
26038
26042
26039
26043
26045
27319
26040
26427
26041
26043
26426
27305
26042
27304
26043
27302
27303
26044
27306
27324
26045
27302
27313
27315
27325
26046
27318
26047
27315
27317
28327
26048
28314
26049
26438
27317
27329
30565
26050
27330
28308
26051
26432
26438
26440
26052
26431
26441
26053
26442
26054
26056
26431
26055
26430
26056
26058
26465
26057
26442
26466
26058
26431
26433
26441
26467
26059
26430
26434
26468
26060
26094
26469
26061
26093
26062
26100
26469
26063
26470
26723
26749
26064
26102
26065
26077
26079
26723
26725
26066
26074
26076
26722
26067
26071
26073
26703
26068
26070
26702
26069
26073
26070
26072
26710
26071
26701
26709
26072
26076
26704
26712
26073
26075
26711
26074
26075
26079
26076
26078
26716
26077
26715
26721
26078
26718
26720
26726
26079
26717
26727
26080
26081
26725
26727
26729
26082
26102
26104
26083
26101
26105
26084
26086
26088
26085
26089
26086
26090
26092
26087
26093
26101
26088
26090
26098
26106
26405
26089
26105
26404
26090
26403
26091
26406
26092
26096
26098
26419
26093
26095
26094
26098
26100
26095
26097
26434
26751
26096
26429
26097
26420
26428
26098
26421
26435
26752
26099
26418
26100
26106
26417
26748
26752
26101
26749
26751
26102
26106
26103
26725
26749
26104
26106
26413
26730
26748
26105
26412
26729
26106
26108
26107
26108
26405
26413
26415
26417
26109
26404
26410
26412
26110
26111
26113
26410
28035
26112
26280
26113
26127
26279
26114
26411
28034
26115
26127
26129
26743
28033
26116
26126
26130
26738
26117
26119
26729
26118
26126
26119
26123
26125
26120
26122
26130
26728
26121
26727
26122
26734
26123
26131
26735
26124
26125
26131
26133
26126
26128
26130
26127
26128
28032
26129
26133
28031
26130
26132
26742
28207
26131
26737
26132
26736
26133
28210
28212
26134
26135
28029
28031
28210
26136
28022
28028
26137
28021
28027
26138
26210
26212
26139
26141
26143
26140
26141
26215
26142
26212
26214
26143
26211
26219
26221
26144
26210
26145
26155
26209
26221
26146
26222
26147
26153
26155
26148
26152
26156
26149
26151
26157
26150
26158
26151
26163
26167
26152
26162
26168
26153
26193
26195
26154
26196
26222
26155
26191
26193
26201
26221
26156
26190
26157
26189
26193
26158
26160
26162
26159
26163
26160
26164
26180
26161
26181
26189
26162
26164
26174
26186
26192
26163
26173
26193
26164
26166
26165
26179
26166
26174
26176
26178
26167
26171
26173
26168
26170
26169
26173
26195
26170
26172
26198
26230
26171
26231
26172
26176
26240
26173
26175
26199
26239
26174
26194
26175
26203
26265
26176
26204
26242
26264
26177
26241
26178
26262
26264
26268
26179
26265
26267
26180
26184
26186
26181
26183
26182
26186
26188
26183
26185
26273
26281
26184
26282
26185
26267
26287
26186
26266
26272
26286
26187
26265
26188
26192
26272
26276
28012
26189
26273
26275
26190
26192
26191
26209
26275
26192
26202
26208
26276
26193
26203
26194
26195
26199
26201
26203
26196
26198
26197
26201
26223
26198
26200
26224
26228
26199
26229
26200
26204
26238
26201
26205
26225
26237
26202
26220
26203
26205
26207
28013
26204
28012
26205
28011
28073
26206
28016
28074
26207
26225
28017
28049
28095
26208
26220
28018
28048
26209
26211
26221
28019
26210
28020
26211
28021
26212
28026
28048
26213
28027
26214
28048
28050
28052
26215
26217
26219
26216
26217
29251
26218
28050
29250
26219
26225
28049
28059
26220
28048
26221
26223
26225
26222
26223
26224
26225
26227
26226
26227
26237
28059
28061
28095
26228
28062
26229
26235
26237
26230
26234
26238
26231
26233
26239
26232
26240
26233
26245
26249
26234
26244
26250
26235
28065
28071
26236
28062
28064
26237
28061
28069
28071
28075
26238
28074
26239
28071
28073
26240
26242
26244
26241
26245
26242
26246
26262
26243
26263
28073
26244
26246
26256
28008
28072
26245
26255
28071
26246
26248
26247
26261
26248
26256
26258
26260
26249
26253
26255
26250
26252
26251
26255
28065
26252
26254
28066
28082
26253
28083
26254
26258
29192
26255
26257
28079
29193
26256
28070
26257
28077
28105
26258
28078
28111
29194
26259
29191
26260
28109
28111
29190
26261
28105
28107
26262
28008
28108
26263
28005
26264
28006
28008
28010
26265
26269
28011
26266
28012
26267
26269
26271
26291
26268
26290
26269
26295
28005
26270
26294
28006
26271
28011
28015
28099
28122
26272
28012
28014
28038
26273
26277
28037
26274
26280
26275
26277
26279
28023
26276
28020
26277
28013
28019
26278
28014
28024
26279
28037
28039
28041
28043
26280
28032
28034
26281
28035
28037
26282
26284
26286
26283
26287
26284
26288
26401
26285
28035
28130
26286
26288
26292
28036
28135
26287
26291
28037
26288
26290
26289
26400
26290
26292
26377
26397
26399
26291
26295
26292
26294
28038
26293
28126
28136
26294
26397
28125
28141
28907
26295
28122
28906
26296
26397
28004
26297
26378
26380
26298
26302
26375
26381
26299
26376
26300
26302
26301
26376
27274
26302
26304
26318
26375
27279
26303
26317
26304
26306
26305
27280
26306
26318
26320
27751
26307
26315
26317
26308
26310
26314
26309
26313
26310
26312
26311
26317
26382
26312
26314
26316
26361
26383
26313
26360
26384
26314
26359
26315
26358
26316
26320
26357
26317
26319
26368
26390
26318
26381
26319
26374
27750
26320
26369
26373
28933
26321
26356
28934
26322
26353
27775
26323
26331
26341
26343
27776
26324
27753
26325
26327
26331
27754
26326
26330
26327
26329
26328
27755
26329
26331
26335
27760
26330
26334
26331
26333
26343
26332
27759
26333
26335
26339
26341
27780
26334
26338
26342
26335
26337
26336
27781
26337
26339
27786
27836
26338
27833
26339
26350
27834
26340
27785
27835
26341
26350
26354
27814
27818
26342
26353
27779
26343
26344
26350
26352
26345
26349
26346
26348
26352
26358
26347
26359
26348
26364
27822
26349
26351
26365
27823
26350
27820
26351
27819
26352
26354
26366
27912
26353
26357
26354
26356
27812
26355
27813
27911
26356
26366
26370
27993
29153
26357
26369
29148
26358
26366
26368
26359
26361
26365
26360
26364
26361
26363
26385
26362
26368
26386
26363
26365
26367
27927
27978
26364
27926
27977
26365
27925
26366
27924
26367
27923
26368
26370
27981
27991
26369
26391
26370
26372
29147
26371
27992
29152
26372
27981
27997
27999
29349
26373
26391
26393
29146
26374
26390
26394
28932
26375
26379
26381
27749
26376
26378
27726
26377
27273
26378
27728
26379
26397
27727
26380
26394
26396
28928
26381
26389
28004
26382
26390
26383
26384
26386
26388
26390
26385
26386
27977
26387
26391
27978
26388
26392
27979
28107
26389
28108
26390
26392
26394
28003
26391
26392
27981
26393
27980
28002
26394
27999
28001
29345
26395
28931
26396
28001
28003
28908
29343
26397
28004
28907
28927
26398
26399
27727
28139
28141
28927
26400
27728
28136
28138
26401
27261
28133
28135
26402
27260
28130
28132
26403
26407
26409
26404
26406
26405
26409
26406
26408
26418
26407
26419
26408
26424
28132
26409
26415
26423
28131
26410
28130
26411
26415
28129
26412
26414
26743
28146
26413
26738
26414
26739
26755
26415
26744
26756
28147
26416
28148
26417
26423
26756
26758
28153
26418
26755
26759
26419
26421
26423
26420
26424
26421
26425
26427
26422
26759
27321
26423
26425
26758
27322
28157
26424
28154
26425
28155
26426
28156
26427
27322
27324
28173
26428
27319
27321
26429
26435
26437
26430
26432
26434
26431
26432
26433
26437
26434
26436
26440
26770
26435
26762
26436
26761
27321
26437
26439
26777
27320
26438
27319
26439
27318
26440
26778
27327
27329
26441
26769
27330
26442
26444
26767
26443
26768
26444
26446
27116
26445
27119
27330
26446
26767
26782
27331
27373
26447
26461
26768
27354
26448
26460
27355
26449
26862
26450
26460
26695
26861
26451
26459
26696
26452
26454
26458
26697
26453
26457
26698
26454
26456
26455
26456
26458
26466
26457
26465
26458
26464
26788
26459
26463
26787
26460
26462
26786
26461
26785
26860
26462
26782
26784
27353
26463
26766
26768
26821
26464
26466
26765
26816
26465
26764
26815
26466
26468
26467
26768
26468
26765
26767
26770
26469
26762
26764
26470
26751
26471
26750
26764
26472
26723
26806
26814
26825
26473
26722
26805
26815
26474
26703
26705
26788
26475
26698
26700
26702
26476
26478
26559
26477
26554
26478
26555
26479
26481
26558
26700
26480
26701
26481
26708
26482
26707
26483
26558
26676
26793
26484
26555
26675
26485
26542
26610
26486
26539
26609
26487
26493
26488
26492
26539
26489
26538
26490
26492
26533
26537
26491
26502
26492
26494
26501
26493
26532
26540
26494
26607
26609
26495
26496
26499
26501
26607
26497
26498
26499
26523
26500
26524
26606
26501
26503
26525
26531
26502
26532
26503
26533
26504
26526
26534
26505
26506
26510
26526
26507
26523
26525
26508
26510
26518
26522
26528
26509
26513
26521
26510
26512
26511
26527
26512
26516
26518
26574
26513
26515
26514
26518
26520
26515
26517
26591
26599
26516
26590
26517
26577
26589
26518
26576
26596
26600
26519
26575
26520
26522
26600
26602
26521
26599
26522
26523
26603
26524
26525
26603
26605
26526
26528
26530
26527
26571
26528
26572
26574
26529
26575
26603
26530
26572
26604
26616
26652
26531
26571
26605
26615
26532
26534
26548
26606
26533
26547
26607
26534
26536
26535
26571
26536
26548
26550
26570
26537
26545
26547
26538
26540
26544
26539
26543
26540
26542
26541
26547
26609
26542
26544
26546
26556
26610
26543
26555
26544
26554
26545
26553
26546
26550
26552
26547
26549
26563
26611
26548
26608
26549
26613
26615
26550
26564
26612
26660
26551
26569
26552
26564
26566
26568
26553
26561
26563
26554
26556
26560
26555
26559
26556
26558
26557
26563
26675
26558
26560
26562
26676
26791
26559
26699
26560
26698
26561
26697
26562
26566
26696
26563
26565
26677
26798
26564
26674
26565
26673
26681
26566
26678
26680
26799
26567
26695
26568
26636
26680
26684
26694
26569
26635
26681
26683
26570
26620
26660
26662
26571
26615
26617
26619
26572
26573
26617
26574
26578
26650
26652
26575
26577
26576
26602
26652
26577
26601
26653
27399
26578
26588
26579
26587
26649
26653
26580
26586
26626
26581
26627
26582
26586
27062
27064
26583
26584
26586
26588
26585
27401
27419
26586
27062
27066
27402
27420
26587
27065
26588
27396
27398
27402
26589
27399
27401
26590
26594
26596
26591
26593
26592
26596
26598
26593
26595
27407
27409
26594
27410
26595
27401
27415
26596
27400
27406
27414
26597
27399
26598
26600
27406
28473
26599
27407
26600
26601
26602
26654
28473
26603
26655
26604
26605
26655
26657
26606
26614
26607
26613
26608
26609
26611
26613
26610
26611
26675
26612
26674
26613
26659
26673
26614
26615
26657
26659
26616
26660
26617
26651
26657
26661
26618
26650
26662
26619
26621
26623
26625
26620
26621
26635
26622
26630
26634
26662
26623
26629
26639
26624
26625
26627
26629
26626
26630
26650
26627
26631
26649
27065
26628
27064
26629
26631
26641
27069
26630
26640
26631
26633
26663
26632
26648
27068
26633
26641
26645
26647
27387
26634
26640
26644
26690
26635
26637
26639
26683
26636
26637
26861
26638
26644
26684
27358
26639
26643
26863
26640
26641
26643
26642
27386
26643
26645
27361
27385
26644
27360
26645
26691
27359
26646
27362
27392
26647
26691
27393
28601
30521
26648
26690
27394
28600
26649
26663
26665
27395
26650
26666
27396
26651
26663
26652
26656
26664
26666
26653
26655
26654
26666
27398
26655
26667
28472
26656
26657
26667
26669
26658
26659
26661
26669
26671
26660
26672
26661
26681
26662
26664
26682
26663
26683
26664
26690
26665
26669
26689
26666
26668
28469
28600
26667
27397
26668
28471
26669
28470
28603
26670
26671
26687
26689
28603
26672
26682
26686
26673
26679
26681
26674
26678
26675
26677
26676
26677
26792
26678
26797
26679
26853
26680
26686
26854
26681
26685
26855
26682
26683
26685
26689
26684
26690
26685
26691
26693
26686
26688
26856
26687
30547
26688
28602
30546
26689
26691
28601
30523
26690
28600
26691
26692
26693
27359
30521
30523
30525
26694
26856
27358
30526
26695
26855
26859
26861
26696
26785
26799
26697
26786
26798
26698
26787
26791
26699
26788
26700
26789
26791
26793
26701
26705
26707
26702
26704
26708
26703
26704
26722
26705
26713
26721
26706
26789
26805
26707
26713
26794
26808
26708
26793
26709
26713
26710
26712
26711
26712
26716
26713
26715
26714
26715
26719
26721
26808
26716
26718
26717
26718
26734
26719
26733
26720
26807
28217
26721
26723
26806
26827
26722
26805
26723
26724
26725
26747
26749
26825
26827
26726
26730
26727
26731
26733
26827
26728
26734
26729
26731
26735
26737
26730
26738
26731
26739
26747
26732
26740
26828
26733
26735
28214
28216
26734
28217
26735
26736
26737
28212
28214
26738
26740
26742
26739
26743
26740
26744
26746
26741
26833
28214
26742
26744
26834
28213
28225
26743
28206
28212
26744
28205
26745
28204
26746
26756
26834
26836
28203
26747
26755
26831
26833
26748
26828
26830
26749
26753
26755
26750
26751
26753
26763
26825
26752
26762
26753
26759
26761
26754
26773
26830
26755
26757
26759
26774
26831
26756
26757
28152
26758
26836
27342
28183
26759
27341
28182
26760
26761
26774
26776
27321
27341
26762
26773
26777
26763
26770
26764
26771
26773
26824
26765
26814
26766
26771
26817
26767
26780
26782
26820
26768
26769
26770
26778
26780
27331
26771
26777
26772
26780
26823
26773
26775
26777
26779
26844
26774
26839
26775
26838
27342
26776
27335
27343
28259
26777
27320
27336
27340
26778
26779
27332
27336
26780
26845
27333
27335
26781
26822
26782
27331
27333
27349
30559
26783
27372
26784
26820
26849
27349
27351
26785
26821
26850
27352
26786
26800
26859
26787
26801
26821
26788
26790
26816
26789
26815
26790
26794
26804
26791
26795
26801
26803
26792
26798
26793
26795
26797
26794
26795
26809
26796
26810
26797
26801
26852
28247
26798
26853
26799
26801
26800
26853
26855
26801
26850
26852
26858
26802
26803
26819
26821
26850
28247
26804
26810
26816
26818
26805
26809
26813
26815
26806
26808
26807
26813
26826
26808
26812
28218
26809
26810
26812
26811
28247
26812
26818
28242
28246
26813
28241
26814
26818
26841
26815
26817
26824
26816
26817
26821
26818
26820
26823
26819
26842
26820
26847
26849
28246
26821
26822
26823
26845
26847
27349
26824
26842
26844
26825
26839
26841
26826
26830
26827
26829
26841
28218
26828
28217
26829
26833
28216
26830
26832
26840
28219
26831
26839
26832
26836
26838
26833
26835
28220
28255
26834
28215
26835
28222
28232
26836
28221
28233
28256
26837
28202
26838
27342
28256
28258
28274
26839
28255
28259
26840
26844
26841
26843
28240
28255
26842
28241
26843
26847
28242
26844
26846
28243
28254
26845
28259
26846
27348
28260
26847
28244
28251
28253
26848
28245
26849
27349
28249
28251
30555
26850
28248
30530
26851
30529
26852
28247
28248
30550
26853
30549
26854
26855
30547
30549
26856
26858
26857
30523
30547
26858
30524
30526
30528
30548
26859
30529
30549
26860
27352
30526
26861
27353
27355
27357
26862
27358
26863
27355
26864
27356
27358
27360
26865
27102
27106
26866
27101
27109
26867
26871
26873
26868
26874
26869
26871
26875
26877
26870
26878
26871
26899
27108
26872
26900
27109
26873
26875
26903
26905
27110
26874
26906
27101
26875
26876
26877
26889
26895
26903
27130
26878
26882
26896
26900
26879
26897
26899
26880
26882
26884
26881
26885
26882
26886
26888
26883
26889
26884
26886
26894
26896
27164
26885
26897
27163
26886
27162
26887
27161
26888
26892
26894
27160
26889
26891
26890
26894
26891
26893
27130
27145
26892
27144
26893
27149
27159
26894
27129
27148
27172
26895
27171
26896
26902
27129
28318
26897
26901
28311
26898
28310
26899
26901
27120
28309
26900
27115
26901
26903
27114
26902
27121
28312
26903
27122
27128
28319
26904
27113
26905
27112
27128
27130
28347
26906
27111
27133
26907
27100
26908
27099
27133
26909
26925
26927
27098
27134
26910
27089
26911
26927
26929
27090
26912
26916
26926
26932
26913
26931
26914
26916
26915
26931
26965
26916
26932
26966
27140
26917
26918
26926
27137
27139
27140
26919
26923
26925
26920
27139
26921
26923
27138
27143
26922
27144
26923
27132
27145
26924
27137
27146
26925
27132
27134
27136
28349
26926
26927
27136
28357
26928
27097
27135
26929
27096
28357
28359
28365
26930
26932
27038
27095
26931
26961
27082
26932
26934
26933
28357
26934
26966
27036
27038
28358
26935
26961
26963
26965
26936
26956
26958
26960
26937
26951
26953
26955
26938
26944
26946
26950
26939
26941
26943
26949
26940
26941
26942
26946
26948
26969
26943
26945
26944
26945
26955
26946
26954
26947
26953
26968
26948
26950
26952
26981
27600
26949
26970
27055
26950
27044
26951
27043
26952
26960
27042
26953
26959
26982
27641
26954
26958
26983
26955
26957
26956
26957
26965
26958
26964
26959
26963
26984
26960
26962
26985
27646
26961
27041
26962
27038
27040
26963
27037
27655
27663
26964
26991
27036
26965
26967
26966
26967
27669
27036
27670
26969
26979
26981
26983
26970
26978
26971
26977
26981
27054
26972
26976
27047
26973
26974
26976
26994
26975
26993
26976
26978
26992
26977
26999
27052
26978
26980
27000
27053
26979
27001
26980
26988
27002
26981
26987
27003
27606
26982
27601
26983
26985
26987
27640
26984
26988
26985
26989
26991
26986
27647
27663
26987
26989
27029
27652
27664
26988
27026
27639
26989
27027
26990
27028
26991
27034
27664
27668
27035
27663
26993
26997
26999
27001
26994
26996
26995
26999
26996
26998
27014
26997
27011
26998
27006
27010
26999
27005
27015
27614
27000
27609
27001
27003
27005
27608
27002
27006
27003
27007
27027
27004
27026
27607
27005
27007
27023
27025
27628
27006
27022
27623
27007
27009
27008
27032
27009
27019
27023
27033
27010
27018
27022
27011
27015
27017
27012
27014
27013
27017
29954
27014
27016
30295
27015
27016
27022
27615
27017
27021
27620
30296
27018
30297
27019
27021
30304
27020
28689
30307
27021
27023
27634
28690
30308
27022
27621
30309
27023
27622
27024
27629
27025
27033
27636
28686
28690
27026
27030
27032
27637
27027
27029
27638
27028
27032
27029
27031
27668
27030
27667
28679
27031
28684
28686
28694
27032
28687
28695
27033
28687
28689
27035
27665
28697
28699
27036
27662
28700
27037
28361
27038
27660
27662
28360
27039
28359
27040
27095
27658
27660
30492
27041
27082
27655
27657
27042
27081
27644
27646
27043
27075
27641
27643
27044
27076
27598
27600
27045
27055
27057
27046
27047
27055
27048
27052
27054
27049
27051
27585
27603
27050
27578
27051
27577
27611
27052
27590
27604
27610
27053
27609
27054
27604
27606
27608
27055
27601
27603
27056
27600
27057
27593
27599
27603
27058
27424
27598
27059
27423
27060
27076
27077
27422
27598
27061
27073
27062
27072
27420
27422
27063
27064
27066
27070
27072
27065
27069
27066
27068
27396
27067
28442
28466
27068
27070
27388
28441
28596
27069
27387
27395
27070
27386
27071
27389
27072
27079
28441
28445
28449
27073
28442
28444
27074
27077
27079
27075
27080
27076
27077
27081
27078
27643
28444
27079
27081
27093
27644
28445
27080
27092
27081
27083
27082
27083
27093
27095
27084
27090
27092
27085
27089
27086
27088
27092
27389
27087
27386
27088
27385
28428
27089
27091
27390
28429
27090
27098
27091
27095
27097
27092
27094
28450
30495
27093
28449
27094
27657
28448
27095
27658
28451
30494
27096
27097
28423
30492
30494
27098
28424
30495
27099
28425
28429
27100
28426
28428
27101
27103
27111
27102
27110
27103
27105
27360
27104
27361
28428
27105
27111
27125
27366
28427
27106
27110
27124
27365
27107
27109
27117
27356
27108
27116
27355
27109
27115
27110
27114
27111
27113
27112
28426
27113
27125
27127
30506
27114
27122
27124
27115
27117
27121
27116
27120
27117
27119
27354
27118
27124
27369
27119
27121
27123
27374
30562
27120
27373
28307
27121
28308
27122
30563
27123
27127
30578
27124
27126
27375
30577
27125
27368
27126
27367
30505
27127
27380
30510
30580
27128
30509
30579
27129
28320
28346
27130
28321
28345
27131
27132
27145
28345
28347
28349
27133
27134
28347
28426
27135
28348
28425
27136
28353
28365
28424
27137
28354
28356
27138
27141
27153
27139
27142
27141
27669
28357
27154
27672
28356
27143
27151
27153
27144
27146
27150
27145
27149
27146
27148
27147
27153
28349
27148
27150
27152
27695
28350
27149
27694
28345
27150
27158
27151
27157
27152
27156
27153
27155
28369
28379
27154
28354
27155
27673
28355
27676
28368
28380
27157
28379
28382
27158
27695
27697
27159
27677
27692
27694
27160
27172
27174
27161
27169
27171
27162
27164
27168
27163
27167
27164
27166
28310
27165
27171
28311
27166
27168
27170
27180
28316
27167
27179
28315
27168
27178
27169
27177
27170
27174
27176
27171
27173
27686
28317
27172
28318
27173
27694
28321
27174
27687
27693
28322
27175
27692
27176
27681
27687
27689
27691
27177
27684
27686
27178
27180
27184
27179
27183
27180
27182
28328
27181
27686
28329
27182
27184
27685
28330
29744
27183
28331
29743
27184
29742
27185
27684
29745
27186
27198
27683
27187
27197
27188
27189
27197
27199
27706
27190
27191
27193
27194
27192
27197
27193
27707
28733
27194
27706
28732
28731
27196
27703
27707
29770
29772
27197
27700
27702
27198
27707
27199
27702
27704
29745
27200
27705
29742
27201
27238
27240
27202
27208
27210
27241
27203
27207
27242
27204
27243
27205
27207
27214
27288
27206
27213
27207
27209
27212
27208
27235
27293
27209
27236
27238
27294
27210
27211
27212
27226
27232
27236
27710
27213
27233
27235
27214
27220
27215
27235
27717
28947
27216
27218
27286
27217
27283
27218
27282
27800
27219
27801
28945
28947
27220
27802
27221
27233
28947
28949
27222
28950
27223
27231
27233
28953
27224
28952
27225
27229
27231
28959
27226
27228
27227
27231
27228
27230
27710
28732
27229
28731
27230
28736
28962
27231
27711
28735
28961
27232
28960
27233
27711
27713
28967
27234
28968
27235
27713
28947
28969
29089
27236
27716
27237
27713
27715
27238
27710
27712
29101
29763
27239
27705
27240
27294
27298
29101
29741
27241
27297
29742
27242
27294
27296
27243
27291
27293
27244
27288
27290
27245
27255
27287
27246
27252
27247
27253
27255
27257
27248
27258
27249
27251
27253
27263
27277
27250
27262
27274
27251
27275
27252
27276
27253
27283
27287
27254
27270
27284
27255
27269
27285
27287
27289
27256
27290
27257
27267
27269
27304
27258
27266
27270
27259
27263
27260
27264
27266
28132
27261
27262
27264
27728
27263
27273
27264
27270
27272
27265
27729
28133
27266
27268
27270
27732
28160
27267
28155
27268
27305
28156
27269
27308
27733
28161
27270
27309
27734
27271
27272
27284
27724
27732
27734
27273
27277
27725
27729
27274
27726
27728
27275
27277
27279
27276
27280
27277
27281
27283
27278
27284
27279
27281
27723
27725
28937
27280
27726
27750
27281
27751
27282
28936
27283
27723
28943
28945
27284
27286
27285
27723
27286
27718
27722
27734
27287
27717
28945
27288
27289
27293
27717
27290
27292
27309
27718
27291
27304
27292
27296
27303
27293
27295
27310
27719
27294
27716
27295
27715
27296
27298
27311
29099
27297
27301
27298
27300
29743
27299
29100
29748
27300
27311
29105
29109
29749
27301
27314
29750
27302
27303
27311
27313
27304
27306
27310
27305
27309
27306
27308
28173
27307
27313
28176
27308
27310
27312
27741
28177
27309
27738
28172
27310
27739
27311
27740
27312
29106
27313
29107
29109
29111
27314
28300
27315
28301
29109
29751
27316
28332
27317
27325
28301
28303
30593
27318
27328
30566
27319
27325
27327
27320
27324
27321
27323
27327
27322
27323
27341
28174
27324
27326
27340
28175
27325
28176
27326
28300
27327
27339
28299
28303
27328
27336
27329
27337
28303
28305
27330
27332
28306
27331
28307
27332
30560
27333
27337
30571
27334
27348
30572
27335
27337
27345
27347
30607
27336
27344
28260
27337
27339
27338
30606
27339
27345
28303
29115
30611
27340
27344
28298
27341
27343
28277
27342
28181
27343
28275
27344
28258
28276
27345
28261
29117
27346
29116
30610
27347
28261
28263
30895
32592
27348
28252
28260
30890
27349
28251
30869
27350
27351
30555
30557
30559
30869
27352
27372
30530
30532
27353
30527
30529
27354
27370
27372
27355
27369
27373
27356
27357
27365
27369
27358
27364
27370
30526
27359
27360
27362
27364
27361
27365
27362
27366
27384
27363
28434
30521
27364
27366
27378
28435
30538
27365
27377
30525
27366
27368
27367
27383
27368
27378
27380
27382
27369
27375
27377
27370
27374
27371
27377
30527
27372
27374
27376
30532
30558
27373
30559
27374
30560
27375
30561
27376
27380
30576
27377
27379
30533
30575
27378
30534
27379
30515
30539
27380
30516
30540
30874
27381
30875
27382
30510
30512
30516
32517
27383
30503
30505
30515
27384
28427
28431
28435
27385
28428
28432
28434
27386
27390
27392
27387
27389
27388
27392
27394
27389
27391
28440
28597
27390
28449
27391
28432
28450
27392
28433
28439
28610
27393
28434
27394
28608
28610
30520
27395
28597
28599
27396
28469
28596
27397
28466
27398
28467
28469
28471
27399
27403
28472
27400
28473
27401
27403
27405
28460
27402
28459
27403
28464
28466
27404
28463
28467
27405
28472
28474
28478
27406
28473
28479
27407
28480
27408
27409
28480
28482
27410
27412
27414
27411
27415
27412
27416
28485
27413
28482
28484
27414
27416
28461
28481
28489
27415
28460
28480
27416
28459
27417
28458
28490
27418
27582
27419
27421
27423
27595
28458
27420
28459
27421
28442
28464
27422
27596
28443
28457
27423
27597
28444
27424
27425
27593
27595
27597
27426
27582
27584
27427
27579
27581
27428
27440
27442
27429
27437
27439
27430
27434
27436
27431
27433
27432
27436
27446
27433
27435
27449
27469
27434
27470
27435
27439
27472
27436
27438
27450
27473
27437
27445
27438
27442
27444
27439
27441
27455
27555
27440
27554
27441
27559
27579
27442
27456
27558
27580
27443
27581
27444
27456
27458
28485
27445
27453
27455
27446
27450
27452
27447
27449
27448
27452
27449
27451
27463
27467
27450
27468
27451
27455
28496
27452
27454
27462
28497
27453
27454
27458
27455
27457
27461
28554
27456
28495
27457
28486
28494
27458
27460
28487
28555
27459
28484
27460
28483
27461
28583
28585
27462
28580
27463
28579
27464
27466
27465
27467
28500
28579
27468
28497
28499
27469
27476
28496
27470
27473
27475
27471
27472
27473
27554
27474
27555
28496
27475
27540
27556
28551
27476
27537
27477
28499
28545
28551
27478
27479
27498
28527
28529
28545
27480
27493
28526
28530
27481
27483
27482
28504
28526
27483
28505
28511
28525
27484
28512
28530
27485
27486
28512
28514
27487
27490
27488
27489
27527
28514
27490
27504
27528
27530
28513
27491
28512
27492
27500
27502
27530
28531
27493
27495
27499
28530
27494
27498
27495
27497
27496
27502
27497
27499
27501
27535
27498
27536
27499
27537
27500
27538
28529
27501
27531
27545
28534
27502
27532
27534
27503
27504
27530
27532
30067
27505
27506
27524
27528
30067
27507
27511
27513
27515
27508
27510
27509
27513
27510
27512
30051
27511
30050
27512
27516
27524
30055
27513
27517
30054
27514
27515
27517
27519
27516
27520
30067
27517
27521
27523
30081
27518
30080
27519
27521
30071
30079
27520
30070
27521
30066
30069
27522
30072
30086
27523
30064
30066
30087
30125
27524
30063
30067
30088
27525
30058
27526
27528
28519
30059
30063
27527
28518
30046
27528
28515
27529
28520
27530
30063
30065
30067
30118
27531
28532
27532
27546
28533
30065
27533
30066
27534
27546
27548
30068
27535
27543
27545
27536
27538
27542
27537
27541
27538
27540
28545
27539
27545
28546
27540
27542
27544
27564
28563
27541
27563
28550
27542
27552
27543
27551
27544
27548
27550
27545
27547
27569
28564
27546
28565
27547
28568
30123
27548
27570
28569
30128
27549
30127
27550
27570
27572
30148
27551
27567
27569
27552
27564
27566
27553
27561
27563
27554
27556
27560
27555
27559
27556
27558
28495
27557
27563
28552
27558
27560
27562
27588
28557
27559
27587
28494
27560
27578
27561
27577
27562
27566
27576
27563
27565
28558
29848
27564
28559
27565
27569
28562
27566
27568
29849
32387
27567
27575
27568
27572
27574
27569
27571
29852
32388
27570
29877
27571
29876
30147
27572
29853
29875
30170
27573
30169
27574
27618
29853
29855
32240
27575
27617
29852
29856
27576
27612
29845
29849
27577
27611
29846
29848
27578
27588
27590
27579
27585
27587
27580
27584
27581
27583
27587
28486
27582
28485
27583
27595
28490
27584
27586
27594
28491
27585
27593
27586
27590
27592
27587
27589
28492
28643
27588
28493
27589
29848
32382
27590
28644
29847
32381
27591
29846
27592
27604
28644
28646
29861
27593
27603
28643
28647
27594
28640
27595
28631
28641
28643
27596
28630
27597
28635
28637
28641
27598
28638
28640
27599
27643
27600
27602
27642
28640
27601
27641
27602
27606
27640
27603
27605
27649
28647
27604
27605
27625
27606
27626
27650
28646
27607
27639
27608
27626
27628
27638
27609
27623
27625
27610
27614
27611
27613
27625
29846
27612
27613
27617
27614
27616
27624
29845
27615
27623
27616
27620
27622
27617
27619
27631
29856
27618
27619
30389
27620
27632
29855
30388
27621
30395
27622
27632
27634
30396
27623
27629
27631
27624
27628
27625
27627
27631
29844
27626
29861
27627
28681
29862
27628
27630
28682
29843
27629
27637
27630
27634
27636
27631
27633
29866
30359
27632
29857
27633
29868
30387
27634
29867
30358
30386
27635
30401
27636
28690
30356
30358
30402
27637
28685
30359
27638
28682
28684
27639
28679
28681
27640
27650
27652
27641
27647
27649
27642
27646
27643
27645
27649
28639
27644
28638
27645
27657
28653
27646
27648
27656
28654
27647
27655
27648
27652
27654
27649
27651
28655
28673
27650
28648
27651
28659
28681
27652
28660
28674
28680
27653
28679
27654
27664
28674
28676
28678
27655
27661
27663
28673
27656
27660
27657
27659
28663
28673
27658
28664
27659
28669
30493
27660
28670
28672
30782
27661
30491
27662
28672
28676
30490
27663
27665
28701
27664
27665
27667
27666
28676
28702
27667
28677
28697
29832
30345
27668
28678
28694
28695
28697
27670
27672
28358
27671
28361
27672
27674
28362
27673
28363
27674
27676
28708
27675
28709
27676
28710
28728
28711
28727
27678
27692
27698
27680
27681
27699
27682
27698
27683
27689
27699
27701
28390
27684
27702
27685
27689
30632
27686
27688
28335
30633
27687
28336
27688
28337
28386
27689
28340
28387
30634
27690
30635
27691
28387
28389
28390
30712
27692
27698
28384
28386
27693
27697
27694
27696
28343
28386
27695
28344
27696
28371
28379
27697
28376
28378
28385
28382
28384
28390
27700
27701
29772
27702
28391
29773
30635
27703
30632
27704
29769
29773
30631
27705
27707
29746
29762
27706
29741
29763
27707
27709
27708
27709
28733
29762
29766
29770
27710
28732
29763
29765
27711
27712
28998
29765
27713
28997
29102
29764
27714
28996
27715
29089
29096
29098
29102
27716
29099
29101
27717
27719
29089
27718
28946
27719
27721
27739
27720
27740
29099
27721
27743
29089
29090
29098
27722
27744
28946
29086
27723
27735
28945
29085
27724
28942
27725
27731
27735
27747
27726
27730
27748
27727
27749
27728
27730
28928
27729
27730
27732
28138
27731
28139
28929
27732
27736
28168
29139
27733
28163
27734
27736
27738
28162
27735
27739
27736
27744
27746
27737
28169
29138
27738
27742
27744
28170
29137
27739
27741
28171
27740
27744
27741
27743
29106
27742
28285
29107
27743
28286
29132
29136
27744
29133
29135
27745
27746
29086
29135
29137
29709
27747
29085
29138
29142
27748
28940
28942
29139
27749
28929
28937
28939
27750
28928
28932
27751
28933
28937
27752
28934
28936
27753
27773
27775
27754
27772
27776
27755
27757
27759
27756
27760
27757
27761
27763
27758
27764
27772
27759
27761
27769
27777
27783
27760
27776
27780
27761
27781
27762
27782
27763
27767
27769
27789
27764
27766
27765
27769
27771
27766
27768
27802
28950
27767
28951
27768
27792
28956
27769
27791
27803
28955
27770
27790
27771
27777
27797
27799
27803
27772
27800
27802
27773
27777
27774
27800
28936
27775
27777
27799
27811
28935
27776
27812
28934
27777
27779
27778
27779
27783
27797
27811
27815
27780
27812
27814
27781
27783
27785
27782
27786
27783
27787
27789
27784
27790
27785
27787
27795
27815
27903
27786
27814
27902
27787
27901
27788
27904
27789
27793
27795
29017
27790
27792
27791
27795
27797
27792
27794
27806
28976
27793
28977
27794
28982
29018
27795
27807
28981
29019
27796
29016
27797
27807
27809
27815
29015
27798
27806
27799
27805
27809
27811
29081
27800
27804
29082
27801
28943
27802
27804
28944
28948
27803
28949
27804
27806
28972
27805
28971
29083
27806
27808
29008
29355
27807
28975
27808
29010
29014
27809
29009
29069
29356
27810
29068
29080
27811
27813
27815
29053
29154
27812
29149
27813
29148
27814
29054
29153
27815
27817
27816
27817
27903
29015
29051
29053
27818
27902
27908
29054
27819
27835
27909
27911
27820
27834
27840
27912
27821
27823
27829
27841
27822
27826
27823
27825
27925
27824
27912
27924
27825
27841
27853
27913
27931
27826
27852
27930
27827
27841
27843
27828
27844
27829
27831
27839
27841
27845
27830
27834
27831
27833
27832
27846
27833
27837
27839
27859
27834
27836
27835
27839
27836
27838
27902
27837
27901
27838
27860
27900
27839
27861
27907
27909
27840
27858
27841
27857
27909
27913
27842
27843
27845
27853
27855
27857
27844
27850
27852
27845
27849
27846
27848
27858
27847
27859
27848
27864
27868
27849
27855
27863
27869
27850
27870
27851
27855
28800
27852
27854
28801
28876
27853
27933
27854
27914
27932
27855
27919
28802
28877
27856
28799
27857
27863
27917
27919
28798
27858
27914
27916
27859
27861
27863
27860
27864
27861
27865
27899
27862
27916
29028
27863
27865
27877
27917
29029
27864
27876
27865
27867
27866
27898
27867
27877
27879
27897
27868
27874
27876
27869
27873
27870
27872
27876
28799
27871
28800
27872
27884
28805
27873
27875
27883
28806
27874
27882
27875
27879
27881
27876
27878
27890
28807
27877
28798
27878
28797
29459
27879
27891
28796
29464
27880
27896
27881
27891
27893
27895
27882
27888
27890
27883
27887
27884
27886
27890
28817
27885
28816
27886
28781
28819
27887
27889
28780
28818
27888
28779
27889
27893
28778
27890
27892
28787
28823
27891
28824
27892
28795
29485
27893
28788
28794
29486
27894
28789
27895
29486
29488
31239
27896
29483
29485
27897
29462
29464
27898
29459
29461
27899
29029
29031
27900
29026
29028
27901
27905
27907
27902
27904
27903
27907
27904
27906
29016
27905
29017
27906
29022
29026
27907
29021
29027
29051
27908
29028
27909
29051
29055
29057
27910
27916
27911
27913
27915
27994
29055
27912
27993
29054
27913
27923
27914
27922
27915
27919
27921
27916
27918
28892
29056
27917
29057
27918
28797
29062
27919
28810
28893
29061
27920
28809
27921
28877
28887
28889
28893
27922
27932
28890
28892
27923
27931
27990
27994
27924
27991
27993
27925
27927
27931
27926
27930
27927
27929
27976
27928
27983
27991
27929
27931
27988
27990
28873
27930
27934
27987
27931
27933
27932
27933
28873
28877
27934
28876
27935
28871
28873
28875
27936
27969
27971
27937
27951
27957
27959
27938
27940
27942
27939
27959
27940
27958
27961
27941
27957
27962
27942
27954
27956
28860
27943
27951
27953
27944
27946
27950
27945
27949
27946
27948
28083
27947
27953
28084
27948
27950
27952
27973
29197
27949
27974
29192
27950
27951
27952
27956
27971
27953
27955
27972
29200
27954
29201
27955
28861
29204
27956
28866
28868
29205
27957
27970
28859
27958
27967
27969
27959
27960
27961
27965
27967
27962
27964
27963
27967
28860
27964
27966
28843
28863
27965
28842
27966
28841
27967
28854
28856
28864
27968
28859
27969
28856
28858
28880
27970
28875
27971
28858
28868
29181
27972
28871
27973
28868
28870
29199
27974
27986
29198
27975
29191
27976
27984
27986
29190
27977
27983
27987
27978
27979
27981
27983
27980
27984
28109
27981
27999
28900
28902
27982
27983
27989
27991
27997
28900
27984
27988
27985
28900
29189
27986
27988
28899
29186
29188
27987
28870
29213
27988
28871
27989
28872
27990
27996
28897
28899
27991
27995
28890
27992
27993
27995
27997
29157
27994
29156
27995
28892
29161
27996
28891
29160
27997
28896
29407
29666
27998
29661
27999
28900
29401
29407
29662
28000
29348
28001
28902
28922
29399
29401
28002
28921
29344
28003
28107
28902
28904
28004
28108
28905
28005
28906
28006
28108
28007
28099
28906
28008
28100
28106
28108
28905
28009
28105
28010
28072
28100
28102
28104
28011
28073
28097
28099
28012
28016
28013
28014
28016
28018
28015
28039
28045
28016
28098
28123
29268
28017
28097
28018
28056
28096
29268
28019
28045
28047
28020
28024
28026
28021
28023
28022
28026
28023
28025
28031
28024
28032
28025
28043
28045
28026
28028
28030
28046
28027
28047
28028
28052
28029
28053
28030
28209
29278
28031
28043
28208
29271
28032
28207
28033
28043
28034
28042
28205
28207
28035
28041
28146
28036
28129
28037
28041
28126
28128
28038
28039
28122
28126
28040
28044
28123
28041
28124
28126
28144
29273
28042
28145
28043
28208
28228
29273
28044
28045
29269
29271
29273
28046
29268
28047
28053
28055
29271
28048
28052
28056
28049
28050
28056
28058
28051
29249
28052
28054
28056
29264
28053
28054
29278
28055
29265
29279
28056
29266
29268
29270
28057
28058
28096
29264
29266
29288
28059
28095
29247
29249
28060
29250
28061
29245
29247
29253
28062
28094
29244
28063
28064
29244
31080
28065
28067
28069
28066
28070
28067
28079
28081
28068
28088
31080
28069
28079
28089
28091
29243
28070
28076
29244
28071
28077
28079
28072
28073
28075
28077
28074
28075
28095
28097
28076
28094
28102
28077
28091
28093
28103
28078
28104
28079
28091
28112
29221
28080
28081
28089
29193
29221
29223
28082
28086
28088
28083
28085
29193
28084
29192
28085
29197
29201
28086
29196
29202
28087
29223
29229
28088
29224
29228
31078
28089
31079
28090
29224
29242
28091
29221
29225
29241
31045
28092
28113
28093
29241
29243
29259
29301
28094
29244
29246
29296
28095
29247
29289
28096
28097
29267
29289
28098
28102
28099
28101
28912
29267
28100
28121
28101
28116
28120
28102
28115
28913
29290
28103
29289
28104
28113
28115
29296
28105
28112
28116
28106
28111
28107
28110
28116
28904
28108
28109
28110
28902
29189
28111
28117
28903
29216
28112
29215
28113
28117
29220
28114
29301
31045
28115
28117
28917
29302
31044
28116
28916
29295
28117
28119
28118
29219
28119
28903
28917
28919
31042
28120
28904
28916
28920
28121
28905
28909
28913
28122
28906
28910
28912
28123
28125
28124
28912
29269
28125
28143
28911
29274
28126
28142
28910
28127
28128
28136
28142
28144
28188
28129
28135
28145
28149
28130
28146
28148
28131
28135
28132
28134
28148
28154
28133
28155
28134
28138
28160
28135
28137
28149
28159
28136
28137
28141
28138
28140
28164
28188
28139
28163
28140
28168
29341
28141
28167
28191
29340
28142
28926
28143
28191
29338
28144
28190
29313
29337
28145
28189
29314
28146
28150
28228
28147
28205
28148
28150
28152
28204
28149
28153
28150
28186
28188
28151
28189
28229
28152
28184
28186
28194
28230
28153
28183
28203
28154
28182
28186
28155
28157
28159
28156
28160
28157
28161
28173
28158
28174
28182
28159
28161
28165
28179
28185
28160
28164
28186
28161
28163
28162
28172
28163
28165
28169
28171
28164
28168
28165
28167
28187
28166
28196
28283
28167
28169
28197
28288
29368
28168
28192
29367
28169
29366
28170
29369
28171
28286
28288
30974
28172
28283
28285
28173
28177
28179
28174
28176
28175
28179
28181
28176
28178
28277
28299
28177
28300
28178
28285
29111
28179
28278
28284
29112
28180
28283
28181
28185
28278
28280
28282
28182
28275
28277
28183
28185
28184
28202
28275
28185
28195
28201
28280
28186
28196
28187
28188
28192
28194
28196
28189
28191
28190
28194
29317
28191
28193
29318
29336
28192
29339
28193
28197
29380
28194
28198
29333
29379
28195
29332
28196
28198
28200
28281
28197
28282
28198
28289
29381
28199
28290
29382
28200
29333
30929
30939
30941
28201
29332
30928
30934
28202
28230
28234
30921
28203
28233
28274
28204
28230
28232
28205
28225
28229
28206
28228
28207
28211
28225
28227
28208
28210
28209
28227
29272
28210
29277
29323
28211
28212
28224
29323
28213
28214
28222
28224
28215
28216
28220
28222
28217
28219
28218
28219
28241
28220
28240
28221
28239
28222
28236
28238
28223
28224
28232
28236
29325
28225
29324
28226
28232
28227
28229
28231
29316
29324
28228
29315
29323
28229
29314
28230
29317
28231
29332
28232
28234
29325
29331
28233
28234
28236
28273
28235
30922
30928
28236
29325
30925
30927
28237
28238
28271
28273
30925
28239
28256
28268
28240
28255
28267
28241
28243
28242
28243
28245
28244
28267
28245
28250
28266
28246
28249
28247
28248
28249
30553
28250
30554
28251
28265
30909
28252
30868
28253
28263
28265
30891
28254
28260
28262
28266
28255
28257
28259
28267
28256
28257
28273
28258
28262
28268
28272
28259
28261
30919
28260
28261
28262
30918
28263
28269
30917
28264
30894
30916
28265
28269
30913
30915
28266
30910
28267
28269
28268
28269
28271
28270
28271
30915
30917
32598
28272
30924
28273
30917
30919
30923
28274
30922
28275
30919
30921
28276
28280
28277
28279
29117
30919
28278
28298
28279
28293
28297
28280
28292
29118
30920
28281
30921
28282
28290
28292
30934
28283
28289
28293
28284
28288
28285
28287
28293
29127
28286
29128
28287
29131
30977
28288
28294
30976
31014
28289
30975
28290
28294
30982
28291
30939
30983
28292
28294
29122
30938
30984
28293
29121
30935
28294
28296
28295
30985
28296
29122
29124
31014
32637
28297
29121
29125
29127
28298
29112
29114
29118
28299
29115
29117
28300
28302
29112
28301
29111
28302
29110
30594
28303
29113
29115
30595
28304
28305
30591
30593
30595
30611
28306
30566
30568
30606
28307
30565
30569
30571
28308
30560
30562
28309
30563
30565
28310
28312
28314
28311
28315
28312
28316
28318
28313
28319
30563
28314
28316
28324
28326
30564
28315
28327
30565
28316
28328
28317
28329
28318
28322
28324
28336
28319
28321
28320
28324
30578
28321
28323
28373
30579
28322
28344
28323
28337
28343
28324
28338
28374
30584
28325
30583
28326
28334
28336
28338
30586
28327
28329
28333
30567
28328
28332
30566
28329
28331
28330
28336
28331
28333
28335
29753
28332
29750
28333
29751
30593
28334
29752
30592
28335
28339
30641
32540
28336
28340
30640
28337
28338
28340
28342
28339
28408
30585
28340
28409
30642
32539
28341
30643
28342
28387
28409
28411
30720
28343
28386
28408
28412
28344
28374
28376
28345
28371
28373
28346
28350
28347
28351
28373
30509
28348
30506
28349
28351
28353
30507
28350
28354
28351
28369
28371
28352
28372
30508
28353
28367
28369
28402
30795
28354
28366
30794
28355
28369
28356
28366
28368
28708
28357
28363
28365
28358
28359
28361
28363
28360
28364
30492
28361
28701
28705
30491
28362
28700
28363
28705
28709
28717
28364
28708
28365
28705
28707
30779
28366
28423
28367
28422
28707
28368
28401
28421
28712
28369
28400
28711
28370
28371
28377
28379
28400
28402
28372
28376
28373
28375
28402
30797
28374
30798
28375
28408
30803
28376
28403
28407
30804
28377
28412
28378
28399
28403
28413
28379
28381
28382
28393
28380
28381
28400
28727
28392
28399
28730
28383
28384
28393
28395
28385
28389
28386
28388
28393
28412
28387
28388
30713
28389
28394
28411
30714
28395
30715
28391
29822
30712
28393
28396
28398
30437
28394
28413
28395
28396
28414
30747
30746
28397
30440
30748
28398
28414
28416
30460
31962
28399
28405
28413
30455
28400
28404
30448
28401
28726
28402
28404
28420
30446
28403
30796
28404
28406
30805
28405
28419
30447
28406
28416
28418
30456
28407
28413
28415
33371
28408
28410
28412
32536
28409
32535
28410
30721
32538
28411
28415
30722
32537
28412
28414
30723
28413
28414
28415
31963
28416
31964
33370
28417
30459
31965
28418
33370
33385
33463
33465
28419
32531
33371
33466
28420
30805
32530
33346
28421
30796
30808
33343
28422
30795
30809
32502
28423
30794
30810
32499
28424
30497
30779
28425
30496
30794
28426
28430
30507
28427
30506
28428
28430
30505
28429
28430
28432
30495
28431
30496
30504
28432
28436
30501
30503
28433
30500
28434
28436
28438
30819
28435
30520
28436
30515
30519
28437
30514
30824
28438
30501
30787
30789
30825
28439
30500
30786
30818
28440
28450
28452
28611
28441
28447
28449
28612
28442
28446
28595
28443
28465
28444
28446
28456
28637
28445
28638
28446
28448
28653
28447
28455
28652
28448
28452
28454
28665
28449
28451
28664
28450
28451
30500
28452
28669
30499
28453
28668
30786
28454
28611
28621
30817
32468
28455
28612
28614
32465
28456
28595
28615
32446
28457
28465
28592
28636
28458
28462
28464
28635
28459
28461
28630
28460
28464
28461
28463
28479
28462
28589
28629
28463
28590
28592
28628
28464
28478
28593
28465
28466
28593
28595
28467
28596
28468
28474
28593
28469
28475
28594
28596
28598
28470
28599
28471
28475
28604
28472
28474
28473
28475
28477
28476
28605
28477
28594
28616
28618
28478
28591
28593
28479
28590
28480
28589
28481
28482
28587
28589
28483
28484
28585
28587
28485
28487
28489
28486
28490
28487
28491
28493
28488
28585
32378
28489
28491
28586
28632
32379
28490
28587
28629
28491
28630
28492
28631
28493
32379
32381
32403
28494
32378
32382
28495
28555
28557
28496
28552
28554
28497
28551
28498
28554
28579
28499
28549
28551
28553
28578
28500
28544
28501
28543
28578
28502
28542
28503
28504
28526
28540
28542
28505
28506
28510
28540
28507
28508
28510
28509
29897
28510
28522
28538
29896
28511
28539
28512
28522
28524
28513
28531
28514
28520
28522
28532
28515
28516
28518
28520
28517
28521
29897
28518
30097
30105
30107
28519
30045
28520
30095
30105
30119
28521
30118
28522
29896
30105
30117
28523
28524
28532
28536
28538
30117
28525
28531
28535
28539
28526
28528
28530
28540
28527
28528
28542
28544
28529
28535
28541
28547
28530
28534
28546
28531
28532
28534
28533
30118
28534
28536
28568
30121
28535
28565
28536
28566
28574
28537
28567
30116
28538
28574
29892
29894
28539
29895
28540
28574
28541
28542
28574
28575
28543
28544
28575
28577
28545
28547
28549
28546
28550
28547
28563
28565
28548
28566
28575
28549
28561
28563
28571
28576
28550
28560
28577
28551
28559
28563
28552
28553
28557
28559
28554
28556
28560
28581
28555
28580
28556
28583
32378
28557
28582
29883
32377
28558
32382
28559
29883
32383
32387
28560
28562
28561
29883
29885
28562
29878
29882
29886
28563
29877
32387
28564
28565
28569
28571
29877
28566
28568
28567
28571
28573
28568
28570
29892
32314
28569
30122
28570
29876
32316
28571
29879
29891
32315
28572
29878
28573
28576
29889
29891
28574
28575
29892
28576
28577
29886
28578
29885
28579
28581
28580
28581
28583
28582
29885
28583
29884
32376
28584
28585
32376
32378
32428
28586
28587
32428
32430
28588
28589
28627
28629
32430
28590
28591
28627
28592
28616
28626
28593
28615
32444
28594
28595
28613
28615
28596
28612
28597
28598
28610
28612
28599
28605
28609
28613
28600
28604
28608
28601
28603
28602
28608
30522
28603
28607
30835
28604
28605
28607
28606
28618
28607
28609
28619
30833
28608
30834
28609
30821
28610
28620
30820
28611
30819
28612
28620
30818
28613
28614
28618
28620
28615
28617
28621
32464
28616
32445
28617
28625
28618
28622
28624
28619
28620
28622
30832
28621
30827
28622
30828
32469
28623
30831
28624
32469
32471
33408
28625
32464
32472
28626
32445
32457
28627
32442
32444
28628
32431
28629
28633
28635
32444
28630
28632
28631
28635
28632
28634
32403
28633
32404
32430
28634
32407
32431
32443
28635
28641
32408
32448
28636
28637
32444
32446
32448
28638
28650
28652
28639
28653
28640
28648
28650
28654
28641
28647
28642
28650
28643
28645
28647
28649
32408
28644
32403
28645
29860
32402
28646
28658
29863
32409
28647
28659
29862
28648
28649
28655
28659
28650
28656
28658
32449
28651
32448
28652
28654
28656
28666
32447
28653
28665
32446
28654
28664
28655
28663
28656
28660
28662
28657
32454
32480
28658
28660
30368
32453
32481
28659
30365
32452
28660
30366
28661
30367
28662
28674
32481
33252
33254
28663
28671
28673
32480
28664
28666
28670
28665
28669
28666
28668
32465
28667
32466
32480
28668
28670
32467
32483
32485
28669
30785
32468
28670
30784
28671
30783
28672
32483
32491
33252
28673
28675
32492
28674
28675
29836
28676
29837
32493
33252
28677
30489
28678
29833
29837
30488
28679
29834
29836
28680
28684
28681
28683
29836
30367
28682
30366
28683
29842
30359
28684
29835
29841
30360
28685
29834
28686
30356
30360
30378
28687
28691
28693
28688
29829
28689
28691
29828
30411
28690
30404
28691
30403
28692
30356
30410
28693
29828
30353
30355
30431
28694
29829
29831
30378
28695
29832
29834
28696
29829
28697
29830
29832
30343
28698
28699
30343
30345
30347
28700
28702
28718
28701
28717
28702
28704
30490
28703
30345
30489
28704
28718
28720
30346
30776
28705
28715
28717
30777
28706
30778
28707
28709
28713
28715
32500
28708
28712
32499
28709
28711
28710
28716
28711
28713
28723
28725
28712
28726
28713
30446
32502
28714
30445
32501
28715
28721
28723
30444
33239
28716
28720
33240
28717
28719
28723
28718
28719
30347
28720
28722
30470
28721
30469
33241
28722
30443
30468
33337
28723
30442
30475
28724
28725
30442
30444
30452
28726
28728
30445
30449
28727
30446
30448
28728
28730
28729
28730
30438
30449
30437
30448
28732
28736
28733
28735
28734
28735
29766
29783
28736
29765
29781
29782
28738
28740
29602
28739
29601
28740
28742
29606
28743
29607
28742
28746
28743
28745
29609
28744
29608
28745
28755
29615
28746
28754
29614
28753
28748
28752
28749
28751
28760
28750
28761
28751
29531
29533
28752
29530
29546
29545
28754
28758
28755
28757
29617
28756
29616
28757
29551
31739
28758
29552
31734
28759
28760
29552
29554
28761
29528
29530
28762
28763
29527
29531
28764
29496
28765
29481
29495
29527
28766
29482
28767
29489
29495
29497
29499
28768
29488
28769
28771
29499
29505
31242
28770
28774
31239
28771
28773
28772
29498
28773
29503
29505
29517
28774
29514
28775
29505
29507
31238
28776
28790
29508
28777
28785
29509
28778
28779
28785
28787
28789
28780
28784
28781
28783
28787
28826
28782
28827
28783
29445
31230
28784
28786
29446
31231
28785
31232
28786
28790
31233
28787
28791
29447
31234
28788
28825
28789
28791
28793
31240
28790
31239
28791
31236
31238
28792
31235
31245
28793
29447
31246
31254
31260
28794
28825
29450
31247
28795
28823
29451
29636
28796
28812
28824
29631
28797
28807
28811
29465
28798
28810
29458
28799
28807
28809
28800
28802
28806
28801
28805
28802
28804
28879
28803
28809
28878
28804
28806
28808
28814
28885
28805
28815
28884
28806
28816
28807
28817
28808
28824
28809
28811
28813
28886
28810
28887
28811
29173
29457
28812
29454
29456
28813
29451
29453
29632
28814
28822
28824
31293
28815
28817
28821
29435
28816
28820
29434
28817
28819
28818
28824
28819
28821
28823
28826
28820
28827
28821
29439
29441
28822
29438
29442
28823
29449
29451
31294
28824
28825
28826
29447
29449
28827
29442
29446
28828
29441
29445
28829
28835
28837
28830
28834
28831
28833
28837
28839
28832
28846
28833
28849
31221
28834
28836
28850
31222
28835
31223
28836
29445
31226
28837
29444
31217
31227
28838
29441
28839
29440
31211
31217
28840
28846
28850
28852
28841
28845
28853
28842
28854
28843
28845
28844
28854
29423
28845
28847
28853
29424
28846
28847
28849
28848
28852
31200
28849
28851
31203
31335
28850
31220
28851
31217
31219
28852
31204
31210
31336
28853
31199
31211
28854
29427
29431
28855
29428
28856
29429
29431
29433
28857
28883
28858
28864
29419
29429
31189
28859
28867
29182
28860
28864
28866
28861
28863
28862
28866
31163
28863
28865
29422
31166
28864
29423
28865
29428
28866
29419
29421
31167
28867
31162
28868
29183
29419
31161
28869
29210
28870
29181
29183
29185
29211
28871
29186
29212
28872
29181
28873
28897
29180
29186
28874
28890
28875
28877
28881
28889
29180
28876
28880
29181
28877
28879
28878
28879
28881
28885
28887
28880
28884
28881
28883
29182
28882
28888
31191
28883
28885
29176
29436
31190
28884
29433
31189
28885
29434
28886
29435
28887
29176
29454
31293
28888
29173
28889
29174
29176
29178
28890
28894
29179
28891
28897
28892
28894
28896
29165
28893
29164
28894
29169
29173
28895
29168
29174
28896
29179
29409
29413
29680
28897
29408
29677
28898
29179
28899
29186
29408
29410
31152
28900
29405
29407
28901
28902
29189
29401
29403
29405
28903
28904
28922
29403
28905
28921
28906
28908
28907
28908
28910
28926
28909
28921
28925
28910
28914
28920
29375
28911
29338
28912
28914
29283
29337
28913
29282
28914
28916
29291
28915
29292
29376
28916
28918
28920
29293
29389
28917
29294
28918
29303
31043
28919
29308
29392
31068
28920
28922
29393
31041
28921
29388
28922
28924
28923
29402
28924
29393
29395
29399
31037
28925
29344
29388
29396
28926
29343
29373
29375
28927
29338
29340
28928
29341
29343
28929
28931
28930
29139
29341
28931
28939
29140
29342
29346
28932
29343
29345
28933
28939
29146
28934
28938
29147
28935
29148
28936
28938
29082
29149
28937
28943
28938
28942
28939
28941
29150
28940
29145
28941
29140
29142
29144
28942
29082
29084
29353
28943
29085
28944
29082
28945
29083
29085
29087
28946
28947
29087
29089
28948
28949
28969
28971
29087
28950
28968
28972
28951
28953
28955
28952
28956
28953
28957
28959
28954
28960
28968
28955
28957
28965
28973
28979
28956
28972
28976
28957
28977
28958
28978
28959
28963
28965
28985
28960
28962
28961
28965
28967
28962
28964
28998
29781
28963
29782
28964
28988
29786
28965
28987
28999
29785
28966
28986
28967
28973
28993
28995
28999
28968
28996
28998
28969
28973
28970
28996
29088
28971
28973
28995
29007
29094
28972
29008
29093
28973
28975
28974
28975
28979
28993
29007
29011
28976
29008
29010
28977
28979
28981
28978
28982
28979
28983
28985
28980
28986
28981
28983
28991
29011
29043
28982
29010
29042
28983
29041
28984
29044
28985
28989
28991
29601
28986
28988
28987
28991
28993
28988
28990
29002
29805
28989
29806
28990
29602
29810
28991
29003
29603
29809
28992
29600
28993
29003
29005
29011
29599
28994
29002
28995
29001
29005
29007
29720
28996
29000
29095
28997
29096
28998
29000
29717
29791
28999
29780
29000
29002
29789
29001
29718
29790
29002
29004
29719
29803
29003
29804
29004
29815
31690
29005
29734
29816
31689
29006
29598
29729
29007
29009
29011
29587
29728
29008
29721
29009
29722
29010
29588
29727
29011
29013
29012
29013
29043
29585
29587
29599
29014
29042
29048
29588
29015
29019
29049
29069
29016
29050
29068
29017
29019
29021
29018
29022
29019
29023
29041
29020
29042
29021
29023
29035
29047
29049
29022
29034
29050
29023
29025
29024
29040
29025
29035
29037
29039
29026
29032
29034
29027
29031
29028
29030
29034
29058
29029
29057
29030
29062
29459
29031
29033
29063
29460
29032
29461
29033
29037
29474
29034
29036
29064
29473
29035
29065
29036
29072
29578
29037
29073
29476
29577
29038
29475
29039
29575
29577
29581
29040
29578
29580
29041
29045
29047
29042
29044
29043
29047
29044
29046
29600
29045
29601
29046
29580
29606
29047
29579
29585
29605
29048
29578
29049
29585
29589
29591
29050
29070
29072
29051
29065
29067
29052
29058
29053
29055
29059
29067
29162
29054
29068
29155
29055
29156
29056
29161
29057
29059
29061
29164
29058
29062
29059
29063
29065
29060
29066
29163
29061
29063
29075
29170
29468
29062
29169
29457
29063
29458
29064
29467
29065
29073
29075
29472
29066
29072
29067
29071
29075
29077
29068
29070
29078
29069
29079
29070
29588
29652
29071
29589
29651
29072
29074
29590
29650
29073
29591
29074
29592
29624
29075
29593
29625
29649
29076
29471
29077
29170
29649
29689
29697
29078
29163
29650
29686
29079
29162
29651
29655
29080
29155
29652
29654
29081
29154
29352
29356
29082
29149
29353
29355
29083
29084
29093
29355
29085
29092
29142
29354
29086
29087
29090
29092
29088
29093
29089
29090
29094
29096
29091
29097
29135
29092
29094
29712
29714
29724
29093
29709
29723
29094
29722
29095
29721
29096
29714
29718
29720
29097
29717
29098
29134
29714
29716
29099
29103
29133
29100
29106
29101
29103
29105
29759
29102
29740
29103
29717
29739
29104
29716
30626
29105
29133
30625
30659
30665
29106
29108
29758
29107
29133
29108
29128
29132
29109
29129
29757
30659
29110
29756
29111
29113
29129
30599
29112
29128
29113
29127
29114
29126
30600
29115
29119
29125
30617
29116
30612
29117
29119
30613
32592
29118
30918
29119
29121
32594
29120
30616
32593
29121
29123
29125
32576
32606
29122
32605
29123
32610
32636
29124
32575
32609
32639
29125
31015
32574
32638
29126
30618
29127
29129
30619
31015
29128
31014
29129
29131
29130
30620
29131
30659
31011
31015
32562
29132
31012
31014
29133
30659
30661
29134
29135
29713
30661
30665
29136
29712
29137
29711
30661
30977
29138
29710
30974
29139
29141
29369
29140
29366
29141
29361
29365
29142
29360
29370
29710
29143
29709
29144
29354
29358
29360
29708
29145
29351
29353
29361
29146
29150
29346
29350
29147
29345
29349
29148
29150
29152
29149
29153
29150
29154
29151
29353
29152
29154
29158
29350
29352
29153
29157
29349
29154
29156
29155
29156
29158
29162
29157
29161
29158
29160
29661
29159
29654
29660
29160
29162
29166
29655
29667
29161
29165
29666
29162
29164
29163
29164
29166
29170
29165
29169
29166
29168
29677
29167
29678
29686
29168
29170
29679
29689
29691
29169
29680
29692
29170
29172
29171
29172
29468
29691
29695
29697
29173
29455
29457
29692
29174
29454
29175
29413
29692
29176
29414
29454
29693
31291
29177
31292
29178
29414
29416
31190
31299
29179
29411
29413
31191
29180
29410
29181
29185
31191
29182
29183
31189
31191
29184
29418
31160
29185
29411
29417
31159
31191
29186
29410
31158
29187
29188
29212
31050
31152
31158
29189
29213
29217
29405
29190
29216
29191
29213
29215
29192
29194
29198
29193
29197
29194
29196
29195
29215
29221
29196
29198
29208
29214
29222
29197
29207
29223
29198
29200
29199
29213
29200
29208
29210
29212
29201
29205
29207
29202
29204
29203
29207
29229
29204
29206
29230
31164
29205
31163
29206
29210
31162
29207
29209
29233
31169
29208
29234
29209
29235
31049
29210
29236
31052
31170
29211
31161
29212
31052
31158
31160
29213
31049
29214
29215
29217
31047
31049
29216
29220
29217
29219
29403
29218
29404
31050
29219
31047
31057
31059
31061
29220
31042
31044
29221
31045
31047
29222
29223
29225
29235
31047
29224
29234
29225
29227
31077
29226
29240
31046
29227
29235
29237
29239
31055
29228
29232
29234
31084
29229
29231
31081
29230
29234
29231
29233
31374
29232
31082
31375
29233
29237
31083
31380
29234
29236
31373
29235
29236
31048
29237
31053
31372
29238
31054
31381
29239
31083
31099
31428
31486
29240
31084
31086
31429
29241
31077
31087
31430
29242
31072
31074
29243
31075
31077
31079
29244
29258
31080
29245
29246
29254
29258
29247
29259
29261
29297
29248
29288
29249
29253
29261
29263
29250
29264
29251
29253
29252
29253
29255
29254
29255
29257
29261
29256
29257
31091
29258
29260
31090
29259
31075
29260
29300
31074
29261
31089
31105
29262
29263
29297
31105
31107
29264
29288
31108
29265
29266
29280
31108
29267
29281
29287
29268
29282
29290
29269
29270
29274
29282
29271
29275
29279
29281
29272
29278
29273
29275
29277
29315
29274
29314
29275
29283
29313
29276
29284
29320
29277
29279
29321
31111
29278
29322
29279
29280
29281
31109
31111
29282
29284
29286
29283
29291
29284
29292
29312
29285
30945
31111
29286
29292
29306
30946
31110
29287
29291
29305
31109
29288
29290
29298
31108
29289
29297
29290
29296
29291
29295
29292
29294
29293
29311
29294
29306
29308
29310
29295
29303
29305
29296
29298
29302
29297
29301
29298
29300
29299
29305
31107
29300
29302
29304
31106
31433
29301
31073
31105
29302
31072
29303
31071
29304
29308
31070
29305
29307
31119
31438
29306
31118
29307
30957
31117
29308
30958
31120
31439
29309
31069
29310
29392
30958
30960
31457
29311
29389
30955
30957
29312
29376
30946
30948
29313
29335
29337
30945
29314
29318
29320
29315
29317
29316
29320
29322
29317
29319
29327
29331
29318
29332
29319
29333
29335
29320
29328
29330
30944
29321
30945
29322
29328
31112
29323
29327
29324
29325
29327
29326
29327
29329
29331
30927
29328
29329
31113
29330
30930
31126
29331
29333
30929
30943
29332
30928
29333
29334
29335
29379
30941
30943
30949
29336
30944
30948
29337
29339
29377
29379
29338
29376
29339
29375
29340
29374
29380
29341
29367
29373
29342
29366
29343
29365
29373
29397
29344
29345
29397
29399
29346
29348
29347
29361
29397
29348
29350
29362
29398
29663
29349
29399
29662
29350
29661
29351
29660
29352
29358
29362
29659
29353
29357
29654
29354
29355
29357
29723
29356
29722
29357
29652
29727
29358
29653
29726
29359
29658
29707
29360
29362
29671
30970
30996
29361
30971
30995
29362
29364
29363
29670
29364
29398
30968
30970
31034
29365
29397
30967
30971
29366
29370
29372
29367
29369
29368
29372
29380
29369
29371
29381
30975
29370
30974
29371
30971
30973
29372
29384
30966
30980
29373
29385
30967
29374
29396
29375
29377
29385
29387
29376
29388
29377
29389
29378
29390
30948
29379
29383
29385
30949
30963
29380
29382
29381
29385
29382
29384
30982
29383
30941
30983
29384
30952
30964
30988
29385
30965
30981
29386
29387
30963
30965
30967
31137
29388
29390
29394
29396
29389
29393
29390
29392
29391
30955
30963
29392
29394
30960
30962
31142
29393
31141
29394
31140
29395
31137
31139
29396
29398
30968
31036
29397
30967
29398
29399
31035
29400
29401
29662
31035
31037
31149
29402
29406
29403
31037
31039
31041
29404
31042
29405
31039
31059
31153
29406
31152
29407
31039
31149
31151
29408
29665
29409
29676
31151
29410
29412
29681
31355
29411
31157
29412
29416
31529
29413
29415
31354
31654
29414
31655
29415
31298
31660
29416
31301
31353
31659
29417
31300
31530
29418
31190
31193
31403
29419
31187
31189
31404
29420
31172
29421
29429
31173
31185
31187
29422
29426
29428
31174
29423
29425
31175
29424
29428
29425
29427
31200
29426
31178
31201
29427
31179
31185
31206
29428
29430
31199
29429
29430
31188
29431
31185
31196
31198
29432
31211
29433
29437
29439
31196
31212
29434
29436
31188
29435
29439
29436
29438
31293
29437
31192
31292
29438
31195
31213
31295
29439
31214
31294
29440
29441
31212
31214
31216
29442
29444
29443
29449
31214
29444
29446
29448
31215
31257
29445
31216
31228
29446
31229
29447
31258
29448
31259
29449
31254
31256
31324
29450
31321
29451
31248
31254
31322
29452
29635
29453
31288
31294
31296
31322
29454
31289
31291
31293
29455
29456
29693
29695
31289
29457
29465
29469
29632
29458
29468
29459
29465
29467
29460
29464
29461
29463
29467
29473
29462
29474
29463
29479
29483
29464
29466
29478
29484
29465
29485
29466
29631
29467
29469
29628
29630
29468
29472
29469
29471
29470
29633
29695
29471
29626
29628
29640
29696
29472
29625
29697
29473
29624
29628
29474
29476
29478
29475
29479
29476
29480
29575
29477
29576
29624
29478
29480
29492
29621
29627
29479
29491
29628
29480
29482
29481
29574
29482
29492
29494
29573
29483
29489
29491
29484
29488
29485
29487
29491
29630
29486
29631
29487
29636
31240
29488
29490
29637
31241
29489
31242
29490
29494
31267
29491
29493
29638
31268
29492
29629
29493
29642
31730
29494
29643
31269
31747
29495
29572
31270
29496
29500
29526
29497
29501
29531
29498
29499
29501
29503
29500
29504
31267
29501
29523
29525
31270
29502
29532
29503
29521
29523
29560
29504
29518
29505
29523
31266
38599
29506
31243
29507
29517
31264
38599
29508
29514
31237
29509
29513
31236
29510
31233
29511
29513
29512
29513
29515
29514
29515
29517
29516
29517
29519
29518
29519
29521
38599
29520
29521
29562
29522
29561
29523
29568
31823
38599
29524
31271
29525
29558
29560
29568
29570
29526
29532
29557
29571
29527
29529
29531
29572
29528
29573
29529
29552
31732
29530
29553
29557
31781
29531
29554
29556
29532
29533
29556
29560
29534
29546
29548
29535
29545
29549
29536
29544
29549
29538
29543
29539
29542
29540
29541
29542
29543
29544
29563
29546
29550
29547
29556
29548
29550
29559
29565
29549
29560
29562
29550
29563
29564
29552
31740
31784
29553
31741
29554
31782
31784
31786
29555
29556
31786
31788
29557
29559
29558
31780
31786
29559
29567
31787
31827
29560
29566
31788
29561
29562
29566
29568
29563
29565
29564
29565
29566
29567
31789
29568
31790
31826
29569
29570
31823
31824
31826
29571
31271
31801
31827
29572
31270
31778
31780
29573
31747
31781
29574
31730
31732
29575
29621
31733
29576
29618
29577
29619
29621
29623
29578
29582
29592
29579
29591
29580
29582
29584
29610
29581
29609
29582
29614
29618
29583
29613
29619
29584
29592
29594
31724
31758
29585
29591
29595
31693
29586
31692
29587
29589
29595
29597
31677
29588
29598
31676
29589
31675
29590
31678
29591
29593
29595
31711
29592
29593
29623
29594
31714
31722
29595
31713
31723
31759
29596
31712
29597
31693
31695
31759
32899
29598
31692
31696
31698
29599
31687
31689
29600
31690
31692
29601
29603
29605
29602
29606
29603
29607
31843
29604
31690
31844
29605
29607
29611
31691
31847
29606
29610
31692
29607
29609
29608
31842
29609
29611
29615
31841
29610
29614
29611
29613
31693
29612
31694
31858
29613
29615
31737
31761
31861
29614
31736
31758
29615
29617
29616
31840
29617
31737
31739
31839
29618
31734
31736
29619
31733
29620
31724
31736
29621
31725
31731
31733
31735
29622
31730
29623
29627
31725
31727
31729
29624
31722
31724
29625
29627
29626
29648
31722
29627
29641
29647
31727
29628
29642
29629
29630
29638
29640
29642
29631
29633
29637
29632
29636
29633
29635
31289
29634
29640
32790
29635
29637
29639
31249
32791
29636
31248
31288
29637
31247
29638
31250
29639
29643
31275
29640
29644
31276
32792
29641
32793
29642
29644
29646
31728
29643
31729
29644
31278
31748
29645
31277
31749
29646
32792
32796
32818
32928
29647
32793
32795
32923
29648
29696
29699
32916
29649
29697
29700
31721
29650
29688
31714
29651
29687
31711
29652
29656
31678
29653
31675
29654
29656
29658
31674
29655
29659
29656
29668
29686
29657
29687
31679
29658
29668
29672
29703
29705
29659
29671
29706
29660
29668
29670
29661
29663
29667
29662
29666
29663
29665
29664
29670
31035
29665
29667
29669
29675
31148
29666
29676
31149
29667
29677
29668
29678
29669
29685
29670
29672
29674
32656
29671
31034
29672
31033
31670
29673
31669
32657
29674
29703
31666
31668
32670
29675
29683
29685
32669
29676
29678
29682
31360
29677
29681
31150
29678
29680
29679
29685
29680
29682
29684
31656
29681
31655
29682
31356
31654
29683
31361
31657
29684
31664
31666
32674
29685
29689
29702
31663
29686
29703
29687
29689
29688
29703
31710
29689
29700
29702
31715
29690
29691
29697
29698
29700
31663
29692
29694
31656
29693
31655
29694
31290
31660
29695
29698
31661
32789
29696
32790
29697
29698
32793
29699
31662
32794
29700
32777
32795
32917
29701
31720
29702
31663
31665
31719
32777
29703
31666
31718
29704
29705
31668
31708
31710
31718
29706
31669
31679
31681
29707
31670
31672
31674
29708
29726
30996
30998
29709
29723
30995
30999
29710
29712
29711
30973
30995
29712
30662
30978
30994
29713
30999
29714
30662
30664
31000
29715
29731
29716
29718
29732
30664
30672
29717
30665
30667
29718
29738
29719
29737
29720
29732
29734
29736
29721
29729
29731
29722
29724
29728
29723
29727
29724
29726
29725
29731
30999
29726
29728
29730
30998
31673
29727
31674
29728
31675
29729
31676
29730
29734
31687
29731
29733
31005
31686
29732
31000
29733
30695
31003
29734
30696
31004
31701
29735
31688
29736
29816
30696
30698
32975
29737
29803
30693
30695
29738
29790
30670
30672
29739
29791
30667
30669
29740
29764
30626
30628
29741
29759
29761
29763
29742
29746
29748
29743
29745
29744
29748
29750
29745
29747
29753
30633
29746
30632
29747
29761
30631
29748
29754
29760
30638
29749
29759
29750
29754
29756
29758
29751
29753
29752
29756
30594
29753
29755
30597
30641
29754
30640
29755
30623
30639
29756
30598
30622
30646
29757
30599
29758
30620
30622
30658
29759
30623
30625
29760
30626
29761
30623
30627
30649
29762
30628
30630
29763
29767
29769
29764
29765
29767
29791
29766
29780
29767
29777
29779
29768
29792
30628
29769
29775
29777
29795
30629
29770
29774
30630
29771
29777
29772
29774
29776
29773
29774
29822
30636
29775
29823
30651
29776
29796
29824
30652
29777
29797
29778
29779
29787
29795
29797
29780
29783
29788
29792
29781
29789
29791
29782
29783
29785
29786
29784
29785
29788
29807
29786
29789
29805
29806
29788
29794
29798
29812
29789
29793
29813
29790
29804
29791
29793
29803
29792
29793
29795
30669
29794
29802
30670
29795
29799
29801
30689
29796
30684
29797
29799
30685
30744
29798
29799
29821
29800
30690
30745
29801
29819
29821
30691
31873
29802
29812
29818
30692
29803
29813
29817
30693
29804
29816
29805
29813
29815
29806
29807
29809
29810
29808
29813
29809
29814
31845
29810
29815
31844
31843
29812
29814
29818
29820
31871
29813
29821
29814
29815
29817
31852
29816
31849
29817
31850
29818
30698
31851
29819
30699
31876
29820
30704
31872
31875
29821
31880
29823
30711
29824
30710
30709
30744
29826
30339
30341
30483
32044
29827
30342
30352
30436
29828
29830
30353
30433
29829
30414
29830
29831
30342
29832
30351
30353
30379
29833
30344
29834
29838
30379
30487
29835
30378
29836
29838
29840
30377
29837
33254
29838
33253
33326
29839
30380
33327
29840
33253
33257
33489
33499
29841
30376
33254
33256
29842
30361
30367
30369
29843
30362
30364
30366
29844
29862
29864
29866
29845
29857
29859
29861
29846
29850
29856
29847
29861
29848
29850
29860
32396
29849
32383
29850
29852
32386
29851
29859
32397
29852
29854
29856
29858
32398
29853
32389
29854
29874
32241
29855
29869
29873
32244
29856
29868
32245
29857
29858
29866
29868
29859
29865
29869
32399
29860
29864
32400
29861
29863
32401
29862
29863
30366
29864
30365
32410
29865
30364
32415
29866
29870
30363
32416
29867
30362
29868
29870
30373
32261
29869
32256
29870
29872
32257
29871
30372
32260
29872
32416
32420
33277
33581
29873
32399
32419
33578
29874
32392
32398
33559
29875
32389
32391
33554
29876
29880
32336
32388
29877
29879
32331
29878
32388
29879
29881
29889
29880
29890
32332
29881
32335
32371
32391
29882
29888
32388
32390
29883
29887
32385
32387
29884
32384
29885
29887
32375
29886
29887
29889
29888
32374
29889
32371
32373
29890
29891
32368
32371
29892
32369
29893
29894
32314
32320
32369
29895
30114
30116
29896
30113
30117
29897
30106
29898
30107
29899
30026
29900
30025
29901
30020
29902
30019
29903
29905
29904
29905
29906
30019
30018
29908
29910
29956
29911
29955
29910
29912
29914
29970
29911
29967
29912
29968
29915
29969
29914
29916
29984
29996
29915
29981
29916
29982
29983
29997
29918
29950
29991
29993
30318
29919
29947
29990
29994
29920
29944
29977
29979
29921
29941
29976
29980
29922
29938
29963
29965
29923
29935
29962
29966
29924
29928
29930
29932
29925
29927
29926
29930
30184
29927
29929
30185
29928
29929
29956
29966
29930
29957
29961
30190
29931
29962
30189
29932
29936
30053
29933
29935
29934
29935
29939
29936
29938
29937
29962
30083
29938
29942
29963
30084
29939
29941
29940
29941
29945
29942
29944
29943
29976
30135
29944
29948
29977
30136
29945
29947
29946
29947
29951
29948
29950
29949
29990
30161
29950
29991
30162
30292
29951
30291
29952
29953
30291
30293
30301
29954
30294
30298
30295
30297
29956
29958
29968
29957
29967
29958
29960
30191
29959
30201
29960
29968
29972
30250
29961
29967
29971
30251
29962
29964
29966
30211
29963
30210
29964
29976
30213
29965
29971
29975
30212
29966
29970
29980
29967
29968
29970
29969
29970
29972
29982
29971
29981
29972
29974
30256
29973
30257
29974
29982
29986
30258
29975
29981
29985
30259
29976
29978
29980
30260
29977
30261
29978
29990
30266
29979
29985
29989
30267
29980
29984
29994
29981
29982
29984
29983
29984
29986
30004
29985
29995
29986
29988
30268
29987
30273
29988
30002
30004
30274
29989
29995
30001
30275
29990
29992
29994
30276
29991
30277
29992
30282
30317
29993
30001
30283
30326
29994
30000
30325
29995
29996
30000
30004
29997
29999
29998
30004
29999
30003
30320
30000
30319
30001
30003
30324
30002
30284
31932
30003
30289
31933
30004
31934
30006
30008
30009
30016
30008
30010
30014
30009
30013
30010
30012
30035
30011
30036
30012
30014
30037
30193
30013
30038
30194
30014
30182
30192
30016
30031
30034
30035
30018
30022
30019
30021
30020
30021
30025
30022
30024
30023
30031
30024
30028
30030
30025
30027
30026
30027
30107
30028
30108
30029
30109
30030
30039
30041
30246
30031
30032
30034
30033
30041
30034
30036
30040
30035
30039
30036
30038
30037
30038
30040
30042
30039
30043
30040
30225
30041
30226
30247
30043
30193
30226
30228
30044
30194
30223
30225
30045
30047
30098
30100
30046
30095
30097
30047
30059
30048
30060
30194
30049
30057
30182
30050
30052
30056
30183
30051
30055
30052
30054
30053
30184
30054
30056
30083
30189
30055
30080
30056
30058
30081
30057
30082
30188
30058
30060
30089
30181
30059
30088
30060
30062
30095
30061
30100
30195
30062
30089
30091
30101
30219
30063
30088
30092
30094
30064
30119
30065
30092
30120
30124
30066
30121
30123
30067
30068
30069
30123
30125
30127
30070
30072
30074
30071
30075
30072
30076
30078
30073
30125
30133
30074
30076
30126
30138
30152
30075
30127
30149
30076
30150
30077
30151
30078
30136
30138
30158
30079
30133
30135
30080
30084
30086
30081
30083
30082
30086
30088
30083
30085
30089
30209
30084
30210
30085
30135
30213
30086
30090
30134
30214
30087
30133
30088
30090
30092
30132
30089
30090
30180
30091
30141
30179
30092
30142
30220
32310
30093
30131
30094
30120
30240
32310
32311
30095
30101
30103
30119
30096
30100
30097
30099
30103
30105
30111
30098
30108
30099
30109
30225
30100
30102
30110
30224
30101
30223
30102
30222
32310
30103
30237
30239
30243
30104
30112
30240
30105
30113
30115
30117
30119
30106
30107
30111
30113
30108
30109
30111
30110
30246
30111
30243
30245
30112
30113
30241
30243
30114
30115
30241
32320
30116
30120
30240
32313
30117
30121
32314
30118
30119
30121
30120
30121
32312
30122
30123
32312
32314
32316
30124
30128
30125
30129
30131
32312
30126
30132
30127
30129
30139
30167
30128
30148
30129
30147
32316
30130
30146
32317
30131
30139
30143
30145
32326
30132
30142
32311
30133
30139
30141
30134
30138
30135
30137
30141
30262
30136
30261
30137
30161
30266
30138
30140
30160
30265
30139
30159
30140
30166
30141
30143
30175
30177
30142
30178
30143
32209
32309
30144
32210
32327
30145
30173
30175
32223
32328
30146
30166
30172
32329
30147
30167
30171
32330
30148
30170
32331
30149
30167
30169
30150
30152
30154
30151
30155
30152
30156
30158
30153
30159
30167
30154
30156
30164
30168
30392
30155
30169
30389
30156
30390
30157
30391
30158
30162
30164
32079
30159
30161
30160
30164
30166
30161
30163
30175
30278
30162
30277
30163
30282
32078
30164
30174
30281
32081
30165
32080
30166
30168
30172
30174
32238
30167
30175
30168
30169
30171
32239
30170
32240
30171
32241
32336
30172
32242
32337
30173
32249
32338
30174
32224
32250
32343
30175
32225
32237
30176
30177
30278
32221
32223
32225
30178
30265
32210
32212
30179
30262
32207
32209
30180
30214
30216
30220
30181
30207
30209
30219
30182
30188
30195
30197
30183
30192
30194
30184
30186
30188
30185
30189
30186
30190
30187
30192
30188
30190
30197
30199
30208
30189
30209
30190
30210
30191
30211
30199
30201
30251
30193
30197
30194
30196
30195
30196
30219
30223
30197
30202
30218
30228
30198
30207
30199
30202
30204
30206
30200
30252
30201
30204
30253
30250
30203
30229
32185
30204
30232
32184
30205
30206
30253
32184
32188
30207
30252
32185
32187
30208
30216
30218
30209
30211
30215
30252
30210
30214
30211
30213
30212
30251
30213
30215
30256
30260
30214
30261
30215
30262
30216
30255
30263
30217
32187
32207
30218
30220
32186
32192
32208
30219
30235
32185
30220
30222
30221
32209
30222
30238
32192
32308
32310
30223
30235
30237
30224
30228
30225
30227
30237
30245
30226
30246
30227
30247
30228
30230
30236
30248
30229
30235
30230
30232
30234
30231
30249
32197
30232
32198
32204
30233
30234
32184
32190
32198
30235
32185
32191
32197
30236
32192
30237
32193
32195
32197
30238
30244
30239
32193
32348
32362
30240
30242
32310
32323
30241
32322
30242
32321
30243
32362
32363
30244
30245
32195
32362
30246
30248
30247
30248
30249
32195
32196
32204
30251
30253
30257
30252
30256
30253
30255
30254
30255
30257
30271
32188
30256
30270
32187
30257
30259
30258
30259
30271
30273
30260
30268
30270
30261
30263
30267
30262
30266
30263
30265
30264
30270
32207
30265
30267
30269
30279
32212
30266
30278
30267
30277
30268
30276
30269
30273
30275
30270
30272
30286
32213
30271
32206
30272
32205
30273
30287
32218
30274
30275
30287
30289
30276
30284
30286
30277
30279
30283
30278
30282
30279
30281
30280
30286
32221
30281
30283
30285
32099
32226
30282
32098
32225
30283
32077
30284
32076
30285
30289
32075
30286
30288
32104
32233
30287
32220
30288
32219
30289
32105
32232
32074
30291
30301
30315
30329
30331
30292
30318
30293
30315
30317
32078
30294
30300
32079
30295
30299
30391
30296
30390
30297
30299
30309
30395
30298
30304
30299
30301
30303
30300
30310
30394
30301
30313
30315
32084
30302
30303
30305
30313
30331
30304
30306
30310
30307
30309
30306
30312
30332
30406
30307
30311
30407
30308
30404
30309
30311
30401
30403
30310
30396
30311
30313
30397
30312
30400
30408
30313
30333
30419
32092
30314
32087
30315
30331
30333
30335
32086
30316
32085
30317
30327
30329
30335
32096
30318
30326
32077
30325
30329
30320
30322
30324
30321
31934
30322
31923
31935
30323
31922
30324
30328
31931
31935
31939
30325
31932
31934
30326
30328
30327
31932
32076
30328
30336
31931
32101
30329
30337
30330
30331
30335
30337
31926
30332
30333
30421
31926
30334
30420
32093
30335
31926
31928
31946
32094
30336
32095
30337
31928
31930
32110
31927
31939
30339
30479
30769
32040
32042
30340
30482
32043
30341
30471
30479
30481
30342
30348
30350
30343
30351
30344
30348
30345
30349
30351
30487
30346
30488
30347
30349
30469
30775
30348
30470
30349
30471
30350
30472
30774
30351
30481
30483
30773
30352
30486
30353
30483
30485
32048
30354
30432
30355
30379
30381
30485
32138
30356
30378
30382
32133
30357
32132
30358
30360
30374
30382
30384
30359
30373
30385
30360
30362
30361
30377
30362
30370
30374
30376
30363
30373
30364
30370
30372
33276
30365
30369
33265
30366
30368
33262
30367
30368
33254
30369
33255
33261
30370
33256
33266
30371
33281
33495
30372
30374
33282
33496
33677
30373
33277
33672
30374
33673
30375
33678
30376
30382
33496
33498
33691
30377
33495
33499
30378
30380
30382
30379
30380
30486
30381
33499
33501
30382
32137
33498
33502
30383
30384
32133
32135
32137
33691
30385
32130
32132
33678
30386
30402
32129
33673
30387
30399
30401
32261
30388
30396
30398
32256
30389
30393
30395
32245
30390
30392
32240
30391
30395
30392
30394
32079
30393
32080
32239
30394
30398
32083
32246
30395
30397
32084
30396
30397
30401
30398
30400
32087
30399
32088
32255
30400
32091
32129
32262
30401
32092
32128
30402
30403
32128
32132
30404
30408
30410
30407
30411
30406
30412
30416
30418
30422
30407
30419
30421
30408
30412
30409
30419
32128
30410
30412
30418
30430
32131
30411
30431
32132
30412
30414
30413
30414
30416
30430
30434
30431
30433
30416
30426
30428
30434
33733
30417
30425
30418
30424
30428
30430
32141
30419
30423
32142
30420
32127
30421
30423
31946
32126
30422
31947
30423
30425
32067
30424
32068
32147
30425
30427
32148
32172
30426
32173
30427
32174
33732
30428
32153
32175
33996
30429
32140
33995
30430
30432
30434
32047
32139
30431
32134
30432
32133
30433
32048
32138
30434
30436
30435
30436
32045
32047
33733
32044
32048
30438
30440
30455
30439
30454
30440
30461
31949
30460
31948
30442
30452
30463
30465
30761
30443
30476
30444
30465
30467
33338
30445
30451
33238
30446
30450
33344
30447
33343
30448
30450
30456
33346
30449
30455
30450
30452
30454
30451
30457
33345
30452
30465
33235
33237
30453
30454
30462
30463
33235
30455
30457
30461
30456
30460
30457
30459
33466
30458
33235
33469
30459
30461
33234
33470
33936
30460
33465
33935
30461
31961
30462
31960
31959
33232
33234
30464
30760
33232
30465
33233
33235
33740
34130
30466
34129
30467
30761
30765
33740
34128
30468
30476
30764
33757
30469
30473
30475
33336
30470
30472
33331
30471
30475
30472
30474
30473
30481
33332
30474
30480
30764
33755
30475
30479
30763
30476
30761
30763
30478
30762
30766
32039
33745
30479
30763
30767
32040
30480
30481
30767
30769
33754
30482
30772
30483
30769
30771
32050
30484
32049
30485
30771
30773
33503
34282
30486
33502
34277
30487
30773
33501
30488
30774
33327
30489
30775
33326
30490
30776
32493
30491
30777
32492
30492
30778
30782
30493
30779
30494
30780
30782
30784
30495
30497
30499
30496
30500
30497
30501
30793
30498
30780
30810
30499
30501
30787
30811
32488
30500
30784
30786
30501
30502
30503
30789
30791
30793
30811
30504
30512
30514
30505
30507
30511
30793
30506
30510
30507
30509
30508
30794
30509
30511
30795
30797
30510
30798
30511
30799
30512
30792
30800
30513
30791
32516
30514
30516
30790
30850
32519
30515
30789
30851
30516
30518
30517
32518
30518
30540
30848
30850
30860
30519
30539
30847
30851
30520
30538
30822
30824
30521
30819
30821
30522
30538
30523
30537
30821
30835
30524
30546
30525
30535
30537
30545
30526
30534
30538
30527
30528
30532
30534
30529
30531
30535
30551
30530
30550
30531
30553
30555
30532
30542
30552
30556
30533
30557
30534
30540
30542
30862
30535
30539
30536
30542
30544
30537
30539
30541
30837
30847
30538
30822
30836
30539
30540
30541
30861
30542
30838
30848
30864
30543
30863
30544
30552
30838
30906
30545
30551
30837
30546
30548
30836
30547
30835
30548
30549
30551
30550
30551
30553
30552
30553
30907
30554
30555
30907
30909
30556
30868
30557
30863
30867
30907
30558
30862
30870
30559
30561
30573
30575
30560
30572
30561
30571
30562
30570
30576
30563
30569
30577
30564
30578
30565
30567
30569
30583
30566
30567
30593
30568
30586
30592
30569
30587
30591
30605
30570
30582
30571
30573
30605
30877
30572
30606
30573
30607
30869
30574
30608
30870
30575
30871
30873
30877
30879
30576
30862
30874
30577
30875
30877
30578
30580
30582
30579
30583
30580
30584
30798
30581
30799
30875
30582
30584
30588
30802
30876
30583
30587
30877
30584
30586
30585
30803
30586
30588
32535
32539
30587
32540
30588
30590
30878
30589
30881
32534
30590
30882
32539
32543
33365
30591
30883
32540
32542
30592
30596
30604
30593
30597
32540
30594
30595
30597
30599
30596
30600
30612
30597
30601
30603
32542
30598
32541
30599
30601
30621
32546
30600
30620
30601
30617
30619
30602
32547
32559
30603
30615
30617
32556
32558
30604
30612
30614
32551
30605
30609
30611
30883
30606
30608
30878
30607
30611
30608
30610
30890
30609
30879
30889
30610
30614
30884
30896
30611
30613
30895
30612
30613
30617
30614
30616
32591
30615
32552
32590
30616
32555
32577
33085
30617
32576
33086
30618
30619
32558
32574
32576
30620
32559
32561
30621
32562
30622
32559
32563
32565
30623
30647
30657
30624
30648
30625
30627
30655
30657
30677
30626
30658
30666
30627
30667
30628
30654
30668
30629
30669
30630
30652
30654
30684
30631
30649
30651
30632
30636
30638
30633
30635
30634
30638
30640
30635
30637
30643
30713
30636
30712
30637
30651
30711
30638
30644
30650
30718
30639
30649
30640
30644
30646
30648
30641
30643
30642
30646
32541
30643
30645
30721
32544
30644
30720
30645
30719
30729
30646
30726
30728
32545
30647
32546
30648
30656
30728
32565
30649
30655
30729
30650
30654
30651
30653
30729
30735
30652
30710
30653
30685
30709
30654
30686
30730
30740
30655
30683
30656
30682
30730
30657
30681
30731
32564
30658
30676
32563
30659
30675
32562
30660
30661
30663
30665
30675
31011
30662
31012
30663
31001
31019
30664
30674
31002
31010
30665
30673
31003
30666
30667
30673
30675
30677
30668
30672
30669
30671
30677
30683
30670
30684
30671
30689
30693
30672
30678
30688
30694
30673
30695
30674
30678
31993
30675
30679
31994
33125
30676
33120
30677
30679
30681
33121
30678
30682
30679
31990
31992
30680
31995
33126
30681
31988
31990
32002
33127
30682
31987
33128
30683
31986
31990
30684
30686
30688
30685
30689
30686
30690
30708
30687
30741
31986
30688
30690
30702
31989
32015
30689
30701
31990
30690
30692
30691
30707
30692
30702
30704
30706
30693
30699
30701
30694
30698
30695
30697
30701
31992
30696
31993
30697
31998
32974
30698
30700
31999
32977
30699
32976
30700
30704
32983
30701
30703
32000
32984
30702
31991
30703
32004
32026
30704
32005
32027
32985
30705
32986
30706
31872
32027
32029
33212
30707
31873
32024
32026
30708
30745
32015
32017
30709
30741
30743
30744
30710
30738
30740
30711
30735
30737
30712
30716
30718
30713
30715
30714
30718
30720
30715
30717
30723
30747
30716
30746
30717
30737
30751
30718
30724
30736
30750
30719
30735
30720
30724
30726
30734
30721
30723
30722
30726
33374
30723
30725
31964
33373
30724
31963
30725
31968
31972
30726
31967
31973
33380
30727
33379
30728
30732
30734
31973
33872
30729
30731
32568
30730
30734
30731
30733
31986
30732
31987
32569
30733
31974
32010
33877
30734
30740
31975
31985
30735
31972
30736
30740
30737
30739
30753
31972
30738
30752
30739
30743
30757
30740
30742
30756
31975
30741
30742
31985
32015
30743
31984
32016
32020
30758
32017
30745
31873
30747
30751
30748
30750
31963
30749
31948
31962
30750
30754
31951
31969
30751
30753
31968
30752
30753
30757
30754
30756
31971
30755
31952
31970
30756
31955
31981
32021
30757
31976
32020
30758
32018
32020
30760
33232
33741
33743
33966
30761
33740
33744
30762
30763
30765
33744
30764
30765
30767
33756
30766
33739
34127
30767
33736
33738
34126
30768
33753
30769
32040
32056
33736
33752
30770
32055
30771
33752
33754
34120
36647
30772
34119
36642
30773
33332
33754
34118
30774
33504
30775
33328
33332
30776
33329
33331
30777
32494
33241
30778
32495
33240
30779
30781
32500
30780
32499
30781
32488
32498
30782
32489
32495
32497
30783
32492
30784
32485
32489
32491
30785
32488
30786
32485
32487
33295
30787
30817
30788
30816
32487
30789
30811
30813
30815
32508
30790
30852
30791
30813
30857
32526
30792
30812
32515
30793
30795
30807
30809
30794
30810
30795
30796
30797
30805
30807
30798
30800
30804
30799
30803
30800
30802
32517
30801
30807
32516
30802
30804
30806
32523
32533
30803
32522
32534
30804
32535
30805
32536
30806
33371
30807
32524
32530
32532
30808
32515
30809
32514
32530
33342
30810
30812
32503
30811
32498
30812
32507
30813
32512
32514
30814
32511
32527
30815
30855
30857
33316
33425
30816
30852
30854
33311
30817
30825
30829
33300
30818
30828
33295
30819
30825
30827
30820
30824
30821
30823
30827
30833
30822
30834
30823
30841
30847
30824
30826
30842
30846
30825
30851
30826
30852
30827
30829
30843
30853
30828
30832
30829
30831
33296
30830
30854
33299
30831
30843
33405
33407
30832
33408
30833
30843
30834
30842
30835
30841
30836
30837
30841
30838
30840
30839
30905
30840
30848
33402
33436
30841
30845
30847
30842
30843
30845
30844
30845
30853
33403
33405
30846
33402
30847
30849
30851
30853
30848
30849
33397
30850
30856
33398
33402
30851
30857
30859
30852
30853
30857
30854
30856
30855
33312
33405
30856
33315
33404
33424
30857
33403
33423
30858
30859
32526
33393
33423
33425
30860
32519
33394
33398
30861
32518
33395
33397
30862
30864
30872
30874
30863
30871
30864
30866
30906
30865
30905
33397
30866
30872
30900
30904
33396
30867
30871
30899
33102
30868
30870
30892
30908
30869
30891
30909
30870
30890
30871
30889
30872
30888
30873
30887
33395
30874
30876
30880
32521
30875
32518
30876
32517
30877
30881
32522
30878
30879
30881
30883
30880
30884
30888
30881
30885
30887
33360
30882
33359
30883
30885
32550
33364
30884
32551
30885
30897
32552
30886
32553
33363
30887
30897
30901
32588
33443
30888
30900
33438
30889
30897
30899
30890
30892
30896
30891
30895
30892
30894
30910
30893
30899
30911
30894
30896
30898
30912
33083
30895
30913
33082
30896
32591
30897
32590
30898
32589
30899
30901
33100
33103
30900
33101
30901
30903
33437
30902
33104
33442
30903
33100
33830
33832
30904
33101
33434
30905
33102
33435
30906
33436
30907
33102
30908
30909
30911
33102
30910
30911
30913
30912
33101
30913
33098
33100
30914
30915
33080
33082
33098
30916
32597
30917
32592
32596
33082
30918
32595
30919
32592
32594
30920
30921
30923
30935
32594
30922
30934
30923
30925
30933
30924
30936
32595
30925
32598
32600
30926
30927
30931
30933
32600
30928
30930
30929
30933
30930
30932
30942
30931
31127
30932
32601
32621
30933
30937
30939
32614
30934
30936
30935
30939
30936
30938
32605
30937
32600
32604
30938
32601
32603
32613
30939
32610
32612
30940
30941
30983
32612
32614
32616
30942
30952
30943
30951
31127
32614
30944
30950
31126
30945
30947
31113
30946
31112
30947
30957
31115
30948
30950
30956
31114
30949
30955
30950
30952
30954
30951
31125
31131
30952
31128
31130
32615
30953
32616
30954
30964
31130
31134
32625
30955
30961
30963
31131
30956
30960
30957
30959
31123
31131
30958
31116
30959
31121
31458
30960
31122
31132
31459
30961
31460
30962
31132
31134
32715
30963
31135
31137
32662
30964
30965
30989
31135
30966
30990
31136
30967
30969
30971
30991
30968
30969
31137
32654
30970
31026
31136
32653
30971
31027
31033
30972
30973
30991
30993
30995
31027
30974
30978
30980
30975
30977
30976
30980
30982
30977
30979
30985
31013
30978
31012
30979
30993
31019
30980
30986
30992
31018
30981
30991
30982
30986
30988
30990
30983
30985
30984
30988
30985
30987
32612
32636
30986
32637
30987
32628
32642
30988
32617
32627
32635
30989
32616
30990
32625
32627
32631
30991
32628
32630
30992
31026
30993
31021
31025
32628
30994
31020
31028
30995
30997
30999
31001
30996
30997
31027
31670
30998
31006
31028
31671
30999
31005
31672
31000
31001
31003
31005
31002
31006
31020
31003
31007
31009
31994
31004
31993
31005
31007
31702
31998
31006
31685
31007
31029
31684
31008
31703
31997
31009
31023
31029
32688
33151
31010
31020
31022
33146
31011
31017
31019
33125
31012
31016
33120
31013
31019
31014
31016
31018
32637
31015
31016
32561
31017
32638
33119
31018
31022
32641
33124
31019
31021
32642
31020
31021
31029
31022
31024
32643
31023
32644
33145
31024
32647
32687
33150
31025
31029
32648
32686
31026
31028
32629
32681
31027
32630
32680
31028
31032
31029
31031
31030
31031
31684
32684
32686
32688
31032
31671
32681
32683
31033
31670
32678
32680
31034
32653
32657
31035
32654
32656
31036
31148
31037
31139
31147
32654
31038
31140
31039
31145
31147
31149
31358
31040
31154
31041
31059
31067
31145
31366
31042
31068
31140
31043
31059
31044
31058
31068
31070
31045
31057
31071
31046
31072
31047
31055
31057
31430
31048
31049
31053
31055
31061
31050
31052
31051
31061
31153
31052
31062
31156
31158
31401
31053
31400
31054
31062
31371
31055
31063
31418
31428
31056
31429
31057
31061
31063
31065
31444
31058
31443
31059
31065
31067
31442
31060
31061
31065
31153
31366
31368
31062
31063
31368
31370
31064
31417
31449
31065
31368
31450
31522
31524
31066
31451
31067
31366
31454
31522
31646
31068
31144
31455
31069
31141
31070
31439
31455
31457
31071
31438
31442
31072
31433
31443
31073
31430
31074
31104
31431
31433
31075
31087
31089
31076
31090
31077
31085
31087
31093
31078
31084
31079
31081
31080
31082
31084
31083
31482
31084
31098
31481
31085
31086
31094
31098
31087
31099
31101
31446
31088
31431
31089
31093
31101
31103
31090
31104
31091
31093
31092
31093
31095
31094
31095
31097
31101
31096
31097
31476
31098
31100
31475
31099
31480
31100
31447
31487
31101
31472
31474
31102
31103
31446
31470
31472
31104
31431
31435
31105
31434
31106
31107
31119
31434
31108
31118
31109
31110
31118
31111
31115
31117
31112
31113
31115
31114
31126
31115
31123
31125
31116
31117
31121
31123
31118
31120
31119
31120
31437
31121
31466
31122
31465
31123
32738
32740
31124
31125
31129
31131
32738
31126
31128
31127
31128
32621
31129
32622
31130
32623
32737
31131
31133
32624
31132
31133
32716
32738
31134
32717
32737
33067
31135
32714
33068
31136
32631
32663
31137
32630
32652
31138
31139
32652
32654
32660
32662
31140
31142
31146
31141
31145
31142
31144
31457
31143
31460
32662
31144
31146
31461
31647
32661
31145
31456
31646
31146
31365
31147
31364
32660
31148
31359
32655
31149
31360
32656
31150
31151
31356
31358
31360
31152
31154
31355
31153
31157
31154
31156
31155
31358
31366
31156
31355
31357
31367
31535
31157
31368
31528
31158
31355
31529
31159
31160
31401
31403
31529
31161
31400
31404
31162
31170
31172
31163
31167
31169
31164
31166
31165
31169
31374
31166
31168
31176
31377
31167
31175
31168
31172
31174
31169
31171
31181
31378
31170
31373
31171
31372
31400
31172
31182
31383
31399
31173
31404
31174
31182
31184
31405
31175
31179
31181
31176
31178
31177
31181
31386
31178
31180
31389
31553
31179
31552
31180
31184
31551
31181
31183
31390
31558
31182
31385
31183
31384
31406
31184
31395
31411
31559
31185
31410
31550
31186
31207
31187
31194
31196
31308
31410
31188
31193
31405
31189
31192
31196
31190
31191
31192
31193
31195
31299
31194
31300
31408
31195
31303
31307
31409
31196
31304
31306
31197
31198
31212
31306
31308
31310
31199
31207
31209
31211
31200
31204
31206
31201
31203
31202
31206
31552
31203
31205
31555
31565
31204
31334
31205
31209
31333
31206
31208
31556
31566
31207
31551
31208
31308
31550
31209
31309
31561
31567
31210
31310
31332
31211
31217
31311
31337
31212
31213
31311
31214
31306
31312
31320
31215
31321
31216
31312
31324
31340
31217
31311
31339
31218
31219
31227
31337
31339
31220
31222
31336
31221
31335
31222
31223
31227
31224
31226
31225
31226
31230
31227
31229
31228
31229
31257
31339
31230
31258
31231
31232
31234
31258
31233
31234
31236
31235
31259
31236
31260
31262
31237
31238
31262
31264
31239
31243
31245
31240
31242
31241
31245
31247
31242
31244
31250
31268
31243
31267
31244
31264
31266
31245
31251
31263
31273
31246
31262
31247
31251
31253
31261
31248
31250
31249
31253
31287
31250
31252
31276
32804
31251
31275
31252
31274
31820
31253
31281
31283
32805
31254
31284
31286
31255
31323
31256
31260
31284
31344
31257
31259
31343
31258
31340
31259
31260
31261
31262
31284
31820
31263
31264
31820
31821
31265
31266
31821
31823
38599
31267
31271
31273
31268
31270
31269
31273
31275
31270
31272
31278
31778
31271
31272
31823
31273
31279
31801
31822
31274
31821
31275
31279
31281
31819
31276
31278
31277
31281
32817
31278
31280
31804
32818
31279
31777
31280
31802
31818
31281
31803
32823
35105
31282
32822
31283
31819
32825
35105
31284
31820
32826
31285
31286
31344
32826
32828
31287
31323
32805
32807
31288
31322
32802
32804
31289
32787
32791
31290
32790
31291
32781
32787
32789
31292
31296
31298
31293
31295
31299
31294
31295
31321
31296
31304
31320
31297
31319
32787
31298
31302
31304
31318
32786
31299
31301
32781
31300
31304
31301
31303
31531
31302
31352
32782
31303
31317
31351
32785
31304
31316
31546
31305
31306
31316
31318
31320
31328
31307
31313
31308
31314
31316
31548
31309
31549
31310
31314
31568
31574
31311
31313
31331
31312
31338
31313
31325
31341
31314
31328
31330
31315
31569
31573
31316
31328
31348
31570
31572
31317
31547
31318
31348
31350
32810
31319
31327
32801
31320
31322
31326
32802
31321
31325
31322
31324
31323
31324
31326
31344
31325
31343
31326
31328
31342
31327
31345
32807
31328
31346
31348
32808
31329
31330
31342
31346
31570
31331
31341
31569
31332
31338
31568
31333
31337
31567
31334
31336
31566
31335
31565
31336
31337
31338
31339
31341
31340
31341
31343
31342
31343
31345
31344
31345
31346
32828
31347
32829
31348
31570
32830
32864
31349
32809
31350
31572
32856
32864
32866
31351
31547
32853
32867
31352
31546
32852
32868
31353
31531
31533
32847
31354
31530
31534
32758
31355
31529
31535
31653
31356
31357
31361
31653
31358
31362
31650
31652
31359
31365
31360
31362
31364
32668
31361
32669
31362
32674
32756
31363
32673
32755
31364
31648
31650
32708
32754
31365
31647
32667
31366
31646
31650
31367
31368
31522
31536
31650
31369
31370
31524
31526
31528
31536
31371
31401
31415
31417
31372
31398
31400
31418
31373
31381
31383
31374
31378
31380
31375
31377
31376
31380
31482
31377
31379
31387
31483
31378
31386
31379
31383
31385
31380
31382
31392
31484
31381
31481
31382
31418
31486
31383
31393
31419
31485
31384
31398
31385
31393
31395
31397
31386
31390
31392
31387
31389
31388
31392
31498
31389
31391
31499
31585
31390
31584
31391
31395
31583
31392
31394
31500
31590
31393
31497
31394
31420
31502
31395
31423
31501
31591
31396
31582
31397
31411
31413
31423
31581
31398
31406
31414
31420
31399
31415
31419
31400
31402
31404
31406
31401
31402
31528
31403
31407
31415
31527
31404
31408
31530
31405
31406
31408
31410
31407
31411
31408
31412
31414
31532
31409
31531
31410
31412
31546
31548
31411
31549
31412
31576
31413
31545
31577
31414
31422
31544
31580
31415
31421
31541
31416
31526
31417
31419
31421
31513
31525
31418
31512
31524
31419
31427
31420
31426
31421
31423
31425
31422
31540
31626
31423
31609
31613
31631
31424
31608
31425
31501
31629
31631
35003
31426
31502
31626
31628
31427
31485
31509
31513
31428
31486
31510
31512
31429
31447
31449
31430
31444
31446
31431
31443
31432
31446
31433
31435
31441
31443
31445
31434
31438
31435
31437
31436
31470
31437
31441
31467
31469
31438
31466
31439
31441
31440
31458
31466
31441
31453
31455
31463
31467
31442
31452
31443
31451
31455
31444
31445
31449
31451
31446
31448
31452
31470
31447
31448
31472
31510
31449
31471
31511
31519
31450
31512
31451
31519
31521
31619
31452
31454
31453
31469
31519
31454
31468
31520
31644
31455
31521
31645
31456
31457
31461
31463
31645
31458
31460
31459
31463
31465
31460
31462
32716
32740
31461
32715
31462
32720
32722
31463
32719
32723
32741
31464
31644
31465
31467
31643
32741
31466
32740
31467
31468
31469
31641
31643
31470
31518
31471
31472
31516
31518
31473
31474
31508
31510
31516
31475
31487
31489
31476
31478
31480
31477
31478
31492
31479
31489
31491
31480
31484
31488
31496
31481
31487
31482
31484
31486
31483
31484
31498
31485
31497
31486
31488
31502
31487
31488
31510
31489
31503
31509
31490
31508
31491
31503
31505
31507
31492
31494
31496
31493
31494
34988
31495
31505
34987
31496
31500
31504
34978
31497
31503
31498
31500
31502
31499
31500
34976
31501
34977
31502
31504
34980
31503
31504
31628
31505
31629
34979
31506
34986
31507
31629
35001
35024
31508
31628
35023
31509
31515
31510
31514
31628
31511
31512
31514
31516
31620
31513
31619
31514
31624
31626
31515
31623
31627
31516
35022
35023
31517
31518
31620
31640
35022
31519
31641
31520
31620
31521
31621
31641
32725
31522
31618
32726
31523
31649
31524
31536
31538
31618
32752
31525
31619
31526
31538
31540
31624
31527
31537
31541
31528
31530
31532
31534
31529
31535
31530
31531
31532
31546
31533
31541
31545
31534
31542
32848
32852
31535
31537
32759
31536
31652
31537
31651
31538
31542
32762
31539
31617
32763
31540
31542
31614
31616
34484
31541
31613
31625
31542
31544
31543
34483
31544
31614
32852
32858
34488
31545
31613
32859
31546
32852
32854
31547
31548
31572
32854
31549
31573
31577
31550
31574
31576
31551
31559
31561
31552
31556
31558
31553
31555
31554
31558
31584
31555
31557
31587
31597
31556
31564
31557
31561
31563
31558
31560
31588
31598
31559
31583
31560
31576
31582
31561
31575
31593
31599
31562
31574
31563
31567
31599
31601
31564
31566
31598
31565
31597
31566
31567
31568
31569
31601
31570
31602
31571
31572
31602
32862
32864
31573
32855
31574
31578
31602
31575
31601
31576
31578
31600
31606
31577
31581
31578
31580
32854
31579
31603
32855
31580
31604
31606
31610
32860
31581
31609
32859
31582
31606
31608
31583
31591
31593
31584
31588
31590
31585
31587
31586
31590
34976
31587
31589
34973
34975
31588
31596
31589
31593
31595
31590
31592
34972
34982
31591
34977
31592
31608
34980
31593
31607
34971
34981
31594
31606
31595
31599
31605
34971
31596
31598
34972
31597
34973
31598
31599
31600
31601
31603
31605
31602
31603
31604
32862
31605
32861
34969
31606
34970
31607
31608
31610
34970
35008
31609
35003
31610
31612
35004
31611
34969
35009
31612
32860
34966
34968
35010
31613
32859
34965
35011
31614
31632
31615
34487
34965
31616
31632
31636
35014
35039
31617
31625
31635
35040
31618
31622
31624
34540
31619
31621
32751
31620
31624
31621
31623
31622
31640
32750
31623
31635
31639
34539
31624
31634
35022
31625
31626
31632
31634
31627
31631
31628
31630
31634
35023
31629
31630
35002
31631
31633
35005
35024
31632
35004
31633
35011
31634
31636
35012
35020
31635
35021
31636
31638
35041
31637
35013
35046
31638
35020
35047
35204
31639
35021
35048
31640
35022
35049
31641
32749
31642
31643
32725
32745
32749
31644
32744
31645
32723
32725
31646
32722
32726
31647
31649
31648
32666
32722
31649
32709
32727
32753
31650
32726
32752
31651
31652
32752
32754
32762
31653
32755
32759
31654
32756
32758
31655
31657
31659
31656
31660
31657
31661
31663
31658
31664
32756
31659
31661
32757
32775
32783
31660
32758
32782
31661
32781
31662
32780
31663
32775
32777
32779
31664
31665
32769
32775
31666
32770
32776
32890
31667
32675
31668
31718
32676
32890
32892
31669
32677
32893
31670
31682
32678
31671
31672
31682
31684
31673
31681
31685
31674
31676
31680
31686
31675
31679
31676
31678
31677
31687
31678
31680
31698
31712
31679
31711
31680
31710
31681
31699
31709
31682
31706
31708
31683
32683
32893
31684
31704
31706
32684
32894
31685
31703
31686
31702
31706
31687
31699
31701
31688
31698
31689
31697
31701
32975
31690
31696
31850
31691
31849
31692
31694
31696
31848
31693
31694
31758
31695
31761
31857
31696
31760
31856
32900
31697
31855
31698
31700
32900
32980
31699
32899
31700
31706
32898
31701
31705
32897
32979
31702
32974
31703
31705
32973
31704
32688
32994
31705
32689
32895
32995
31706
32896
32972
31707
31708
32894
32896
32898
32906
31709
31717
32893
31710
31712
31716
32898
31711
31715
31712
31714
31713
32899
31714
31716
32902
32914
31715
31721
31716
31718
31720
31717
32903
32913
31718
32892
32906
32912
31719
31720
32890
32912
32920
31721
32913
32917
31722
32914
32916
31723
31727
31724
31726
31764
32914
31725
31757
31726
31752
31756
31727
31751
31765
32915
31728
32916
31729
31749
31751
32923
31730
31748
31752
31731
31747
31732
31742
31746
31752
31733
31741
31781
31734
31735
31739
31741
31736
31738
31742
31756
31737
31757
31738
31762
31888
31739
31743
31767
31889
31740
31838
31741
31743
31783
31837
31742
31782
31743
31745
31755
31744
31768
31912
31745
31773
31783
31797
31915
31746
31754
31782
31796
31747
31753
31779
31781
31748
31778
31749
31753
31777
31750
31804
32928
31751
31753
31771
31805
32929
31752
31770
32924
31753
31755
31754
31776
31755
31771
31773
31775
31756
31768
31770
31757
31765
31767
31758
31762
31764
31759
31761
31760
31764
32902
31761
31763
31863
32901
31762
31862
31763
31767
31895
31764
31766
31896
32936
31765
32933
31766
31770
32932
31767
31769
31899
32937
31768
31900
31769
31773
31911
31770
31772
31910
32962
31771
32931
31772
31810
32930
31773
31811
31917
32963
31774
31916
31775
31797
31811
31813
35324
31776
31796
31808
31810
31777
31779
31805
31807
31778
31802
31804
31779
31801
31780
31796
31800
31781
31795
31827
31782
31783
31795
31784
31794
31836
31785
31786
31792
31794
31787
31795
31788
31790
31792
31828
31789
31790
31791
31829
31792
31832
31793
31794
31798
31828
31832
31834
31795
31797
31835
31796
31828
31797
31799
31798
35325
31799
31813
31831
35328
31800
31808
31828
31830
31801
31807
31825
31827
31802
31824
31803
31807
31817
31804
31806
32954
35104
31805
32949
31806
31810
32950
31807
31809
32955
35106
31808
31816
31809
31813
31815
31810
31812
32956
35107
31811
32957
31812
35111
35323
31813
35108
35110
35330
31814
35329
31815
31831
35108
35339
31816
31830
35107
31817
31825
35106
31818
31824
35104
31819
31822
35105
31820
31821
31822
31823
31824
31825
31826
31830
31827
31829
31828
31829
31830
31832
31831
31832
35338
31833
31834
35338
31835
35328
31836
35325
31837
31915
31838
31912
31839
31889
31840
31888
31841
31861
31842
31858
31843
31847
31844
31845
31847
31849
31846
31852
31847
31853
31859
31848
31858
31849
31853
31855
31857
31850
31852
31851
31855
32975
31852
31854
31876
32976
31853
31871
31854
31866
31870
31855
31865
31877
32981
31856
32980
31857
31863
31865
33001
31858
31862
31866
31859
31861
31860
31866
31861
31867
31887
31862
31888
31863
31867
31895
31864
31896
33004
31865
31867
31884
31897
33003
31866
31883
33002
31867
31869
31868
31894
31869
31884
31886
31893
31870
31881
31883
31871
31877
31879
31876
31880
31873
31874
31875
33212
33217
31876
31878
31880
32986
31877
32983
31878
31883
32982
31879
31882
32987
33217
31880
31881
31882
31886
31883
31885
33203
33218
31884
33202
31885
31904
33207
31886
31905
33208
33219
31892
31888
31890
31894
31889
31895
31890
31900
31912
31901
31913
31892
31902
31906
34819
31893
31905
31894
31902
31904
31895
31897
31901
31896
31900
31897
31899
33017
31898
31904
33018
31899
31901
31903
31909
33019
31900
31910
33020
31901
31911
31902
31920
31903
31921
31904
31906
31908
34787
31905
34784
31906
33220
34785
31907
33221
34786
31908
34813
34815
34819
34820
31909
31921
34810
34816
31910
31918
31920
34803
31911
31917
34802
31912
31916
31920
31913
31915
31914
31920
31915
31919
35326
31916
35325
31917
31919
35324
31918
34807
35323
31919
34808
34816
35332
31920
34817
35333
31921
34817
34819
31923
31925
31939
31924
31938
31925
31941
32060
31940
32059
31927
31947
31928
31940
32065
31929
31945
32115
31930
31940
31942
31944
32116
31931
31937
31939
32109
31932
31936
32102
31933
32075
31934
31936
32074
31935
31936
31938
31937
32107
31938
31942
32108
31939
31941
31940
31941
32064
31942
32073
31943
32121
31944
32071
32073
32122
31945
32064
32070
32123
31946
32065
32069
32124
31947
32068
32125
32065
32067
31949
31951
31961
31950
31960
31951
31953
33938
31952
33933
31953
31955
33932
31954
33939
31955
33223
33944
33222
33931
31957
33228
33944
33952
33954
31958
33229
33939
33955
31959
33230
33938
33956
31960
33231
33957
31961
33936
33938
31962
33933
33935
31963
31965
31969
31964
31968
31965
31967
33372
31966
33463
33935
31967
31969
31979
33462
33934
31968
31978
33381
31969
31971
31970
33933
31971
31979
31981
33932
31972
31976
31978
31973
31975
31974
31978
33873
31975
31977
32011
33878
31976
31984
31977
31981
31983
31978
31980
33879
33907
31979
33880
31980
33883
33941
31981
33884
33908
33942
31982
33931
31983
32021
33908
33912
33930
31984
32020
33907
33911
31985
32011
32013
31986
32010
32014
31987
31989
31988
32010
33131
31989
32003
32009
33132
31990
32004
32014
31991
31992
32000
32002
32004
31993
31995
31999
31994
31998
31995
31997
33146
31996
32002
33147
31997
31999
32001
32993
33152
31998
32994
33151
31999
32973
32000
32992
32001
32005
32991
32002
32006
33153
33193
32003
33154
32004
32006
32008
33157
32005
33916
32006
33195
33917
32007
33158
33194
32008
33917
33919
34426
34759
32009
33916
33920
34423
32010
32012
32014
33903
32011
33898
32012
33899
33907
32013
33904
33910
33920
32014
32016
33911
33915
32015
33916
32016
32026
32017
32019
32025
32018
32024
32019
32023
32020
32022
32032
33911
32021
32022
33222
32033
33225
33912
32024
32030
32032
32025
32029
32026
32028
32032
33915
32027
33916
32028
33213
33917
32029
32031
33214
33918
32030
33215
32031
34750
32032
32034
33925
34751
32033
33914
32034
33913
34728
33926
34729
34752
32036
33983
35375
35377
35521
32037
33982
35378
35518
32038
33746
33748
35482
32039
33737
33745
35477
32040
33734
33736
32041
32042
32056
32058
33734
32043
32053
32055
32044
32050
32052
32045
32049
32046
32052
33993
32047
32049
32051
33994
34283
32048
33995
34278
32049
34277
32050
34282
32051
32055
36642
32052
32054
33999
36643
32053
34000
32054
32058
34003
32055
32057
34004
36646
32056
36647
32057
33735
36648
32058
35468
35472
36651
35467
35473
32060
32062
32064
32061
32073
32062
32072
32181
32063
32180
32064
32066
32070
32072
32179
32065
32073
32066
32067
32069
32178
32068
32173
32069
32156
32172
32070
32161
32171
32071
32162
33724
32072
32167
33725
32073
33726
32075
32105
32107
32076
32102
32104
32077
32099
32101
32078
32096
32098
32079
32081
32085
32080
32084
32081
32083
32238
32082
32098
32237
32083
32085
32089
32097
32252
32084
32088
32247
32085
32087
32086
32096
32087
32089
32093
32095
32088
32092
32089
32091
32254
32090
32112
32253
32091
32093
32113
32145
32268
32092
32144
32263
32093
32127
32094
32126
32095
32113
32115
32125
32096
32110
32112
32097
32101
32098
32100
32112
32271
32099
32236
32100
32104
32235
32101
32103
32111
32276
32102
32110
32103
32107
32109
32104
32106
32118
32277
32105
32234
32106
32281
32107
32119
32282
32108
32109
32119
32121
32110
32116
32118
32111
32115
32112
32114
32118
32291
32113
32270
32114
32158
32269
32115
32117
32159
32290
32116
32124
32117
32121
32123
32118
32120
32164
32295
32119
32292
32120
32293
32121
32165
32294
32122
32123
32165
32167
32124
32162
32164
32125
32159
32161
32126
32156
32158
32127
32145
32147
32128
32142
32144
32129
32131
32130
32144
33674
32131
32135
32143
33679
32132
32134
32142
32133
32134
32138
32135
32139
32141
32136
32150
33692
32137
32139
32151
33693
34279
32138
33694
34276
32139
34277
32140
34278
32141
32151
32153
34285
32142
32148
32150
32143
32147
32144
32146
32150
33680
32145
33681
32146
32158
33684
32147
32149
32157
33685
32148
32156
32149
32153
32155
32150
32152
33700
33718
32151
33699
32152
33698
34286
32153
33703
33719
34287
32154
34288
32155
32175
33719
33721
36674
32156
32170
32172
33718
32157
32161
32158
32160
33706
33718
32159
33707
32160
32164
33710
32161
32163
33711
33717
32162
32170
32163
32167
32169
32164
32166
34019
34023
32165
34024
32166
34027
32167
34018
34028
32168
32169
33725
34016
34018
32170
33722
33724
34019
32171
33717
33721
32172
32176
32178
33724
32173
32175
32174
32178
32175
32177
33731
32176
34009
32177
33721
33723
34010
32178
33728
33730
32179
32180
33724
33726
33728
32181
32183
32182
33726
32183
33727
33986
33728
33987
32185
32189
32186
32187
32189
32191
32215
32188
32206
32189
32205
32190
32216
32191
32199
32305
32192
32200
32306
32193
32307
32194
32200
32349
32195
32201
32360
32362
32196
32197
32201
32203
32198
32200
32199
32203
32200
32202
32355
32201
32354
32202
32359
32203
32358
32204
32206
32216
32218
32207
32213
32215
32208
32212
32209
32211
32215
32307
32210
32308
32211
32223
32346
32212
32214
32222
32351
32213
32221
32214
32218
32220
32215
32217
32229
32352
32216
32306
32217
32305
32218
32230
32304
32219
32220
32230
32232
32221
32229
32233
32222
32226
32223
32227
32229
33603
32224
32345
32225
32227
32273
32344
32226
32236
32227
32233
32235
32228
32274
33604
32229
32231
32233
32279
33629
32230
33630
32231
32303
32232
32280
32302
32233
32281
32234
32235
32277
32279
32281
32236
32274
32276
32237
32271
32273
32238
32250
32252
32239
32247
32249
32240
32242
32246
32241
32245
32242
32244
33554
32243
32249
33555
32244
32246
32248
32258
33560
32245
32257
33559
32246
32256
32247
32255
32248
32252
32254
32249
32251
32265
33561
32250
33562
32251
32273
33565
32252
32266
32272
33566
32253
32271
32254
32266
32268
32270
32255
32263
32265
32256
32258
32262
32257
32261
32258
32260
33578
32259
32265
33579
32260
32262
32264
33580
33675
32261
33581
33672
32262
33673
32263
33674
32264
32268
33681
32265
32267
33593
33682
32266
33588
32267
32287
33589
32268
32288
33594
33683
32269
33684
32270
32288
32290
33707
32271
32287
32291
32272
32276
32273
32275
32287
33597
32274
33598
32275
32279
33625
32276
32278
32286
33626
32277
32291
32278
32282
32292
32279
32283
32285
33627
32280
33628
32281
32283
32301
32282
32283
32293
32284
32300
32285
32293
32297
32299
32286
32292
32296
33659
32287
32289
32291
33658
32288
33596
32289
33595
33708
32290
32296
33657
33709
32291
32295
33710
32292
32293
32295
32294
32295
32297
34027
32296
34024
32297
33664
34025
32298
34026
32299
33662
33664
34075
32300
33659
33661
32301
33627
33648
32302
33628
33647
32303
33629
33633
32304
33630
33632
32305
32352
32356
32306
32355
32307
32352
32354
32308
32349
32351
32309
32346
32348
32310
32311
32323
32327
32312
32322
32326
32313
32317
32314
32318
32320
32322
32315
32316
32318
32332
32369
32317
32331
32318
32326
32330
32319
32325
32333
32320
32365
32367
32369
32321
32322
32363
32365
32323
32325
32324
32348
32363
32325
32327
32341
32347
32364
32326
32340
32365
32327
32329
32328
32346
32329
32341
32343
32345
32330
32338
32340
32331
32333
32337
32332
32336
32333
32335
32368
32334
32340
32367
32335
32337
32339
33556
33572
32336
32370
33553
32337
33554
32338
33555
32339
32343
33562
32340
32342
33563
33571
32341
32366
32342
33601
33611
32343
33564
33600
33612
32344
33565
32345
33598
33600
33604
32346
33601
33603
32347
32351
32348
32350
33601
33609
32349
32361
32350
32354
32360
32351
32353
33602
33608
32352
33603
32353
33630
32354
32356
33631
33637
32355
32359
32356
32358
32357
33632
32358
33637
33638
32359
32360
33637
32361
33608
32362
32363
33609
32364
32365
33609
33611
32366
32367
33571
33611
32368
33572
32369
32370
32371
33552
33572
32372
32373
32391
32423
33552
32374
32390
32424
32375
32385
32425
32376
32384
32426
32377
32427
32378
32380
32382
32384
32379
32380
32404
32428
32381
32395
32405
32427
32382
32396
32402
32383
32384
32386
32396
32385
32395
32386
32390
32394
32387
32389
32397
32388
32389
32390
32398
32391
32393
32392
33553
32393
32419
32423
33558
32394
32398
32418
32424
32395
32397
32413
32425
32396
32412
32426
32397
32401
32398
32400
32399
32400
32416
32418
32401
32413
32415
32402
32410
32412
32403
32405
32409
32404
32408
32405
32407
32429
32406
32412
32434
32407
32409
32411
32433
32451
32408
32432
32450
32409
32449
32410
32452
32411
32415
33262
32412
32414
32438
33263
32413
32435
32414
32418
32436
32415
32417
32437
33264
32416
33265
32417
33276
32418
32420
33273
33275
32419
33274
32420
32422
33577
32421
33278
33582
32422
33273
33547
33549
32423
33274
33550
32424
33551
32425
33274
32426
32436
32427
32435
32428
32434
32429
32430
32432
32434
32431
32432
32442
32433
32441
32434
32438
32440
32435
32436
32438
32437
33274
32438
33271
33273
32439
32440
33263
33269
33271
32441
32451
32459
32442
32450
32458
32443
32457
32444
32448
32450
32456
32445
32446
32456
32464
32447
32465
32448
32454
32456
32466
32449
32450
32452
32454
32451
32455
32452
32460
33263
32453
33262
32454
32460
33261
33291
32455
32479
32456
32458
32460
32462
32457
32463
32458
32472
32459
32473
32460
32474
33269
32461
33268
32462
32474
33287
33289
33291
32463
32473
32477
32479
32464
32466
32470
32472
32465
32469
32466
32468
32467
32479
32468
32470
32478
33294
32469
33295
32470
33296
32471
32477
33297
32472
32476
33409
32473
32474
32476
32475
33540
32476
33289
33413
33539
32477
33412
32478
33289
33304
32479
32483
33290
33293
32480
33291
32481
32483
32482
33255
33291
32483
33250
33252
33258
33290
32484
32485
32491
33248
33250
33293
32486
33294
32487
32489
32509
33248
33301
32488
32508
33300
32489
32507
32490
32506
32491
32495
33246
33248
33323
32492
33251
32493
32495
32494
33251
33326
32495
33242
33323
33329
32496
32497
33240
33242
33244
33246
32498
32500
32504
32506
32499
32503
32507
32500
32502
32501
33240
32502
32504
33239
33344
32503
33343
32504
32512
33342
32505
33244
33341
32506
32510
32512
33245
33350
32507
32509
33246
32508
32512
32509
32511
33311
32510
33247
33310
32511
33317
33319
33351
32512
33316
33352
32513
32514
33342
33350
33352
33354
32515
32527
32529
32516
32524
32526
32517
32519
32523
32518
32522
32519
32521
32520
32526
32521
32523
32525
33361
33394
32522
33360
33395
32523
33359
32524
33358
32525
32529
33357
32526
32528
33389
33393
32527
32528
33352
33425
32529
33353
33388
33426
32530
33354
33356
32531
33347
32532
33356
33385
33467
32533
33357
33369
33371
32534
32536
33358
33366
32535
33359
33365
32536
32538
32537
33371
32538
33366
33370
33373
32539
33365
33374
32540
32544
32541
32542
32544
32546
32543
32547
32551
32544
32548
32550
33375
32545
33374
32546
32548
32568
33379
32547
32565
32548
32556
32566
32549
32567
33378
32550
32554
32556
32582
33453
32551
32553
33448
32552
32556
32553
32555
32589
32554
32588
33447
32555
32581
32587
33452
32556
32580
33107
32557
32558
32566
32572
32580
32582
32559
32573
32577
32560
32566
32561
32563
32571
32573
33122
32562
32574
33119
32563
33120
32564
33121
32565
32569
32571
33128
32566
32568
32567
32571
32568
32570
32582
33871
32569
33872
32570
33131
33877
32571
32583
33130
33876
32572
33129
32573
32579
32583
33136
32574
32578
33137
32575
33118
32576
32578
33092
33117
32577
33087
32578
32580
33090
32579
33091
33138
32580
32584
33113
33165
32581
33108
32582
32584
32586
33869
32583
33870
32584
33167
33893
32585
33166
33892
32586
33111
33113
33853
34386
32587
33108
33110
33868
32588
33105
33107
33867
32589
33104
33446
32590
33103
33107
32591
33083
33085
32592
33082
33086
32593
32594
32596
32606
33086
32595
32605
32596
32598
32604
32597
32607
33081
32598
33078
33080
32599
32600
32602
32604
33078
32601
32602
32620
32603
33077
34559
32604
32608
32610
33060
32605
32607
32606
32610
32607
32609
33087
32608
33078
33088
32609
33059
33077
33093
32610
33058
33092
32611
32612
32636
33058
33060
33062
32613
32617
32614
32618
32620
33060
32615
32621
32616
32618
32622
32624
32617
32625
32618
32626
33062
32619
33061
33065
32620
32622
34556
34558
32621
34559
32622
32623
32624
34554
34556
32625
33065
33067
32626
33068
32627
33063
33065
33069
32628
32632
32634
32629
32643
32630
32632
32648
32650
32631
32651
32632
32696
33068
32633
32695
33069
32634
32646
32648
32694
33070
32635
32643
32645
33063
32636
32640
32642
33062
32637
32639
32638
32642
32639
32641
33118
32640
33058
33117
32641
32645
33057
33140
32642
32644
33141
32643
32644
32648
32645
32647
33144
32646
33056
33177
32647
32693
33055
33178
32648
32692
33179
32649
32650
32686
32692
32694
32702
32651
32681
32695
32699
32652
32680
32696
32698
32653
32659
32663
32654
32658
32680
32655
32656
32658
32660
32668
32657
32669
32658
32670
32678
32659
32671
32679
32660
32664
32698
32706
32661
32667
32662
32664
32666
32720
32663
32715
32664
32696
32714
32665
32697
32713
32666
32706
32710
32712
33046
32667
32709
32721
32668
32706
32708
32669
32671
32673
32670
32674
32671
32675
32677
32672
32706
33040
32673
32675
32707
32771
33041
32674
32708
32768
32675
32769
32676
32770
32677
33037
33041
34497
32678
33038
33040
32679
32683
32680
32682
32698
33040
32681
32682
32686
32683
32685
32699
33039
32684
33038
32685
32689
34465
32686
32690
32702
34464
32687
32688
32690
32692
33183
32689
33184
32690
33189
34466
32691
33188
34463
32692
32702
33052
34448
34462
32693
33182
32694
33052
33054
34450
32695
32701
34577
32696
32700
34568
32697
34567
32698
32700
33046
34570
32699
32705
32700
32702
32704
32701
33047
34569
32702
33050
33052
34578
32703
32704
33050
34462
34464
34472
32705
33039
33043
33047
32706
33040
33044
33046
32707
32708
32710
33044
34476
32709
32767
32710
32728
32766
32711
33045
34477
32712
32728
32732
34534
34586
32713
32721
32731
34581
32714
32718
32720
34570
32715
32717
34567
32716
32720
32717
32719
32739
32718
32736
34566
32719
32731
32735
34571
32720
32730
32742
32721
32722
32728
32730
32723
32727
32724
32730
32744
32725
32727
32729
32745
34537
32726
32750
32727
32751
32728
34536
32729
34535
32730
32732
32746
34544
32731
32743
32732
32734
34582
32733
34545
34585
32734
32746
34548
34550
32735
32743
34551
32736
32742
34552
32737
32739
34553
32738
34554
32739
32740
32742
32741
32742
32744
32743
32744
32746
32745
32746
32748
32747
32748
34544
34548
35051
32749
34537
35050
32750
35049
32751
34537
34539
32752
34536
34540
32753
32763
32754
32764
32766
34536
32755
32761
32767
32756
32760
32768
32757
32769
32758
32760
32774
32846
32759
32847
32760
32762
32848
32761
32773
32849
32762
32764
34480
34482
32763
34483
32764
34484
34540
32765
34485
34541
32766
34478
34480
34528
34542
32767
34477
34535
32768
34476
34480
32769
32771
32773
32770
32774
32771
34495
34497
32772
34476
34498
32773
34479
34493
34495
34501
32774
34480
34492
32775
32845
34495
32776
32842
32777
32841
32889
34495
32778
32920
32779
32795
32839
32841
32921
32780
32794
32798
32842
32781
32783
32789
32799
32782
32786
32783
32785
32847
32784
32842
32846
32785
32799
32811
32843
32869
32786
32810
32868
32787
32799
32801
32788
32802
32789
32791
32797
32799
32803
32790
32794
32791
32793
32792
32804
32793
32797
32817
32794
32795
32797
32796
32922
32797
32819
32839
32927
32798
32816
32799
32815
32839
32843
32800
32801
32803
32811
32813
32815
32802
32808
32810
32803
32807
32804
32806
32816
32805
32817
32806
32822
32826
32807
32813
32821
32827
32808
32828
32809
32813
32829
32810
32812
32830
32866
32811
32867
32812
32870
32878
32813
32831
32875
32881
32814
32832
32815
32821
32833
32837
32881
32816
32838
32878
32817
32819
32821
32818
32822
32819
32823
32949
32820
32838
32948
32821
32823
32835
32837
32953
32822
32834
32823
32825
32824
32954
32825
32835
35103
35105
32826
32834
32827
32828
32832
32834
32829
32830
32832
32831
32865
32832
32882
35086
32833
32834
32836
32882
32835
32836
35102
32837
32883
35101
32838
32880
35100
32839
32879
32947
32840
32946
32841
32843
32879
32887
34523
32842
32888
34494
32843
32845
32844
32878
32845
32869
32877
34491
34523
32846
34492
34494
32847
32849
32869
32848
32868
32849
32851
34483
32850
34482
34492
32851
32869
32871
34489
34491
32852
32868
32872
34488
32853
32854
32856
32858
32872
32855
32859
32856
32860
32862
32857
32863
32873
32858
32860
34966
35065
35083
32859
34963
34965
32860
32861
32862
34968
35083
32863
32864
35083
35084
32865
32866
35084
35086
32867
32873
32875
32868
32870
32872
32869
32870
32871
32875
32877
32872
32874
34962
35069
32873
34963
32874
35065
35084
32875
35066
35068
35085
32876
35086
32877
32881
35068
35072
35087
32878
35069
35071
32879
32881
32880
32886
35071
32881
32883
32885
35072
32882
32883
35087
32884
35090
32885
35091
35101
35124
32886
35092
35100
35123
32887
32947
35093
35097
32888
32946
33032
34522
32889
32921
32943
34521
32890
32920
32942
34496
32891
34497
32892
32910
32912
32942
33036
32893
32907
33037
32894
33038
32895
32907
34465
32896
32908
33010
34466
32897
32905
32971
32898
32900
32904
33000
32899
32903
32900
32902
32901
33001
32902
32904
32936
33004
32903
32933
32904
32906
32934
32905
32935
33005
32906
32908
32968
32970
32907
32911
32908
32910
34468
32909
33011
34467
32910
32968
33012
33026
34512
32911
32941
34511
32912
32934
32940
32968
32913
32919
32914
32918
32934
32915
32933
32916
32918
32924
32932
32917
32923
32918
32920
32922
32919
32925
32939
32920
32940
32942
32944
32921
32922
32944
32946
32923
32925
32927
32924
32928
32925
32929
32931
32926
32944
32960
32927
32929
32945
32951
32959
32928
32946
32948
32929
32949
32930
32950
32931
32957
32959
32963
32932
32960
32962
32933
32937
32939
32934
32936
32935
32939
32936
32938
32968
33016
32937
33017
32938
32962
33020
32939
32961
32967
33021
32940
32960
32941
32967
33029
32942
33026
33028
34516
32943
33035
32944
33028
33032
33034
32945
33029
32946
33030
33032
35098
32947
32948
35098
35100
32949
32951
32953
32950
32954
32951
32955
32957
32952
32958
35098
32953
32955
35099
35114
35126
32954
35100
35102
32955
35103
32956
35127
32957
35110
35114
35128
32958
35111
32959
35112
35114
35116
32960
32964
33030
32961
33029
32962
32964
32966
34801
32963
34802
32964
34807
35111
32965
34806
35112
32966
33030
34882
34884
35119
32967
33027
33029
34800
32968
33024
33026
32969
32970
33012
33014
33016
33024
32971
33005
33007
33011
32972
32998
33000
33010
32973
32979
32995
32997
32974
32992
32994
32975
32977
32979
32976
32980
32977
32981
32983
32978
32984
32992
32979
32981
32989
32997
32999
32980
33000
32981
33001
32982
33002
32983
32987
32989
33202
32984
32986
32985
32989
32991
32986
32988
33195
33213
32987
33212
32988
33203
33211
32989
33196
33204
34756
32990
33201
32991
32997
33196
33198
33200
32992
33193
33195
32993
32997
32994
32996
33185
33193
32995
33184
32996
33010
33189
32997
33009
33190
33198
32998
32999
33007
33009
33200
33000
33002
33006
33201
33001
33005
33002
33004
33003
33202
33004
33006
33018
33207
33005
33017
33006
33016
33007
33015
33206
33008
33014
34769
33009
33011
33013
34770
34931
33010
33199
34928
33011
34927
33012
34932
33013
33025
34933
33014
34793
34797
34936
33015
33023
34792
33016
33018
33022
34783
33017
33021
33018
33020
33019
34784
33020
33022
34787
34803
33021
34802
33022
33024
34801
33023
34788
34804
33024
34797
34879
34880
33025
34800
33026
34797
34799
34938
33027
34515
33028
34799
34884
34886
33029
33031
34517
33030
33031
35116
33032
34884
35117
35139
33033
35097
33034
34522
34890
35096
35139
33035
34517
34519
34521
33036
34496
34500
34516
33037
34497
34499
34511
33038
33042
34468
33039
34465
33040
33042
34464
33041
33042
33044
34498
33043
34469
34499
33044
33048
34472
34474
33045
34475
33046
33048
34504
34586
33047
34581
33048
33050
34580
33049
34505
34587
33050
34472
34588
34916
34918
33051
34579
33052
34462
34604
34918
34920
33053
34449
33054
34578
34592
34604
34606
33055
34577
34593
34607
33056
33070
33072
34608
33057
33063
33073
34609
33058
33062
33074
33847
33059
33116
33060
33074
33076
33843
33061
34559
33062
33064
33074
34558
33063
33064
33070
33065
33071
33073
34557
33066
34556
33067
33069
33071
34555
34565
33068
34554
34566
33069
34567
33070
34568
33071
34577
33072
34562
34576
33073
34561
34593
34615
33074
34560
34610
33075
33846
33076
34558
34560
34618
33077
33841
34559
33078
33842
33079
33080
33088
33096
33842
33081
33097
33082
33084
33086
33088
33083
33084
33098
33103
33085
33089
33097
33106
33086
33090
33107
33087
33088
33090
33092
33089
33093
33090
33094
33096
33109
33091
33108
33092
33094
33113
33115
33093
33116
33094
33842
33843
33095
33112
33844
33096
33838
33840
33842
33097
33835
33098
33834
33099
33100
33103
33832
33834
33101
33102
33104
33106
33105
33832
33863
33106
33110
33833
33862
33107
33109
33834
33108
33109
33113
33110
33112
33835
33111
33836
34384
33112
33837
33852
34385
33113
33838
33851
33114
33115
33165
33849
33851
33853
33116
33138
33844
33848
33117
33843
33847
33118
33138
33140
33119
33137
33141
33120
33122
33124
33121
33125
33122
33126
33128
33123
33129
33137
33124
33126
33134
33142
33148
33125
33141
33145
33126
33146
33127
33147
33128
33132
33134
33154
33129
33131
33130
33134
33136
33131
33133
33167
33897
33132
33898
33133
33157
33903
33134
33156
33168
33902
33135
33155
33136
33142
33162
33164
33168
33137
33165
33167
33138
33142
33139
33165
33140
33142
33164
33176
33848
33141
33177
33847
33142
33144
33143
33144
33148
33162
33176
33180
33145
33177
33179
33146
33148
33150
33147
33151
33148
33152
33154
33149
33155
33150
33152
33160
33180
33186
33151
33179
33183
33152
33184
33153
33185
33154
33158
33160
33192
33155
33157
33156
33160
33162
33157
33159
33171
34422
33158
34423
33159
34426
34442
33160
33172
34427
34441
33161
34440
33162
33172
33174
33180
34439
33163
33171
33164
33170
33174
33176
34627
33165
33169
33849
33166
33167
33169
33853
34406
33168
33896
33169
33171
34410
33170
33854
34409
33171
33173
34432
34628
33172
34431
33173
34436
34438
33174
34435
34455
34631
33175
34454
34632
33176
33178
33180
34451
34613
33177
34612
33178
34609
33179
34450
34608
33180
33182
33181
33182
33186
34439
34447
34451
33183
34448
34450
33184
33186
33188
33185
33189
33186
33190
33192
33187
34440
33188
33190
34445
34447
34929
33189
34448
34926
33190
34927
33191
34928
33192
33198
34443
34445
35271
33193
34440
34442
33194
33198
33195
33197
34442
34759
33196
34758
33197
34757
34767
33198
34443
34764
34766
33199
33200
34766
34770
35271
33201
34767
34769
33202
33204
33206
33203
33207
33204
33208
33210
33205
34767
34775
33206
33208
34768
34780
34782
33207
34769
34783
33208
34784
33209
34785
33210
33219
34778
34780
34854
33211
33218
34775
34777
33212
33216
33217
34756
33213
33215
33214
34756
34758
33215
34751
34755
34761
33216
34750
34749
34755
34777
33218
33219
33220
33221
34854
34820
34855
33223
33225
33930
33224
33945
33225
33950
34727
33929
34728
33227
33951
34718
34731
34745
33228
33952
34717
34740
33229
33961
33973
33230
33960
33972
33231
33959
33971
33232
33958
33966
33233
33234
33741
33958
34135
33235
33957
34134
33236
33237
33469
34130
34132
34134
33238
33345
33763
34129
33239
33338
33340
33344
33240
33244
33337
33241
33242
33331
33337
33243
33322
33330
33244
33335
33337
33339
33482
33245
33340
33246
33319
33480
33482
33247
33322
33248
33309
33319
33321
33249
33302
33250
33307
33321
33323
33486
33251
33292
33487
33252
33323
33325
33253
33254
33258
33325
33255
33256
33258
33260
33257
33285
33495
33258
33488
33494
33524
33259
33487
33260
33288
33290
33520
33524
33261
33285
33287
33291
33262
33266
33268
33263
33265
33264
33268
33265
33267
33271
33275
33266
33276
33267
33281
33285
33268
33270
33280
33286
33269
33287
33270
33540
33271
33541
33545
33272
33273
33275
33545
33547
33274
33276
33278
33280
33277
33281
33278
33282
33671
33279
33547
34047
33280
33282
33528
33546
34046
33281
33527
33545
33282
33284
33283
34045
33284
33496
33528
33530
34086
33285
33495
33525
33527
33286
33524
33287
33523
33527
33541
33288
33540
33289
33521
33523
33539
33290
33305
33291
33292
33293
33305
33307
33520
33294
33302
33304
33295
33297
33301
33296
33300
33297
33299
33408
33298
33304
33409
33299
33301
33303
33313
33410
33300
33312
33407
33301
33311
33302
33310
33303
33307
33309
33304
33306
33411
33772
33305
33412
33306
33413
33521
33307
33414
33536
33771
33308
33519
33309
33321
33518
33769
33771
33310
33318
33772
33311
33313
33317
33312
33316
33313
33315
33406
33314
33417
33772
33315
33317
33418
33773
33787
33316
33419
33788
33317
33789
33318
33790
33319
33769
33773
33803
33320
33479
33321
33482
33516
33767
33769
33322
33485
33323
33482
33484
33324
33325
33329
33484
33486
33490
33326
33487
33489
33327
33329
33328
33489
33501
33329
33333
33490
33504
33330
33331
33333
33335
33484
33332
33336
33333
33755
33334
33513
34118
33335
33514
33755
33759
34121
33336
33483
33758
33337
33755
33757
33338
33339
33757
34129
33340
33481
33758
33762
33341
33480
33763
33342
33344
33348
33350
33343
33347
33344
33346
33345
33346
33348
33469
33347
33466
33348
33354
33467
33349
33468
33763
33350
33354
33477
33764
34140
33351
33480
33352
33477
33479
33790
33353
33789
33354
33475
33477
33792
33355
33356
33467
33473
33475
34140
33357
33386
33388
33358
33368
33389
33359
33361
33367
33360
33364
33361
33363
33438
33362
33389
33439
33363
33367
33390
33444
33450
33364
33443
33447
33365
33367
33448
33366
33375
33367
33369
33376
33368
33449
33369
33386
33390
33456
33370
33383
33385
33371
33372
33373
33381
33383
33463
33374
33376
33380
33375
33379
33376
33378
33448
33377
33383
33449
33378
33380
33382
33454
33874
33379
33453
33871
33380
33872
33381
33873
33382
33462
33880
33383
33455
33461
33881
33384
33456
33385
33459
33461
33463
34184
33386
33472
33387
33459
33473
33388
33390
33458
33474
33814
33389
33475
33815
33390
33392
33391
33457
33392
33444
33812
33814
34167
33393
33439
33811
33815
33394
33426
33428
33395
33399
33439
33396
33438
33397
33399
33435
33437
33398
33436
33399
33401
33423
33400
33428
33440
33401
33429
33433
33435
33402
33422
33436
33403
33404
33422
33405
33419
33421
33406
33407
33417
33419
33408
33410
33409
33410
33412
33411
33417
33412
33414
33416
33413
33414
33538
33415
33537
33416
33771
33775
33777
33417
33772
33774
33418
33419
33774
33796
33420
33421
33788
33796
33825
33422
33424
33430
33423
33429
33424
33428
33425
33427
33788
33426
33789
33427
33792
33815
33428
33430
33793
33810
33429
33811
33430
33432
33431
33825
33432
33810
33824
33827
33433
33811
33828
33434
33440
33829
33435
33437
33830
33436
33438
33440
33442
33439
33443
33440
33444
33441
33811
33442
33444
33812
33829
33864
33443
33830
33863
33444
33446
33445
33446
33450
33864
33866
34167
33447
33863
33867
33448
33450
33452
33449
33453
33450
33454
33456
33451
33457
33452
33454
33866
33890
34173
33453
33867
33869
33454
33870
33455
33889
33456
33460
33888
34173
33457
33459
33458
34167
34173
33459
34168
34174
34194
33460
34183
33461
34174
34180
34182
33462
33882
34189
33463
33883
34188
33464
33465
33935
34184
34186
34188
33466
33470
33472
33467
33469
33468
33472
33469
33471
34132
34140
33470
33471
34134
34186
33472
34133
34141
34185
33473
34184
33474
34141
34183
33475
33819
34142
34194
33476
33816
33477
33817
34140
34142
34144
33478
33791
33479
33764
33766
33802
34144
33480
33767
33803
33481
33764
33482
33765
33767
34240
33483
33484
33514
33516
34240
33485
33513
33486
33512
33516
33518
33487
33491
33519
33488
33520
33489
33491
33493
33533
33490
33500
33491
33505
33513
33492
33512
33534
33493
33505
33509
33511
34108
33494
33500
33508
33532
33495
33497
33499
33525
33496
33497
33690
33498
33508
33530
33695
33499
33507
33694
33500
33501
33505
33507
33502
33504
33503
33507
34276
33504
33506
34119
34281
33505
34118
33506
34117
33507
33509
34298
34302
33508
34275
33509
33531
34274
33510
34107
34297
33511
34112
34302
34304
36637
33512
34109
34115
34117
33513
33515
33780
33514
34117
33515
34116
34243
33516
33781
34115
34242
33517
34241
33518
33769
33781
33783
34256
33519
33778
33780
33520
33534
33536
33521
33533
33522
33536
33538
33523
33533
33535
34100
34104
33524
33526
33542
33525
33533
33526
33530
33532
33527
33529
33543
34104
33528
33544
33529
34085
34096
33530
34090
34097
34105
33531
34089
33532
34105
34107
34273
33533
34104
34108
33534
33535
33780
34108
33536
33779
34101
34103
33537
33778
33538
33777
34101
33539
34100
33540
33542
33541
33542
33544
33543
34100
33544
34097
34099
33545
34096
33546
33547
34095
34096
33548
33549
34047
34051
34095
33550
33582
33584
33551
33575
33577
33552
33558
33574
33553
33573
33554
33556
33558
33555
33559
33556
33560
33562
33557
33563
33573
33558
33560
33568
33574
33576
33559
33577
33560
33578
33561
33579
33562
33566
33568
33588
33563
33565
33564
33568
33570
33565
33567
33599
33615
33566
33598
33567
33589
33597
33568
33590
33616
33622
33569
33587
33570
33574
33586
33616
33571
33573
33615
33572
33612
33573
33574
33575
33576
33584
33586
33577
33579
33583
33587
33578
33582
33579
33581
33580
33588
33581
33583
33593
33670
33582
33671
33583
34047
33584
33592
34048
33585
34051
33586
33592
33618
34052
33587
33617
33588
33590
33592
33589
33593
33590
33594
33596
33591
33617
33654
33592
33594
33618
33655
34054
33593
34053
33594
33669
33595
33668
33596
33655
33657
33667
33597
33654
33658
33598
33622
33626
33599
33625
33600
33614
33622
33624
33601
33605
33613
33602
33610
33603
33605
33607
33631
33604
33630
33605
33625
33629
33606
33624
33634
33607
33613
33635
33642
33608
33610
33636
33609
33637
33610
33611
33613
33612
33613
33615
33614
33615
33621
33642
33616
33617
33621
33618
33620
33619
34059
33620
33655
34060
34068
33621
33652
33654
33622
33643
33623
33654
33624
33626
33643
33645
33653
33625
33642
33646
33626
33628
33627
33658
33628
33645
33659
33629
33646
33630
33634
33631
33632
33634
33636
33633
33638
33634
33639
33647
33635
33646
33636
33639
33641
33637
33638
33639
33640
33641
33647
33649
33642
33644
33646
33643
33644
33652
33645
33649
33651
33646
33648
33660
33647
33648
33649
33661
33650
33651
33661
34070
33652
33660
34069
33653
34068
33654
33656
33658
33660
33655
33656
34061
33657
33663
34062
34068
33658
33664
33666
33659
33660
33664
33661
33663
33662
33663
34070
34074
33664
34069
34073
33665
33666
34025
34073
34075
34077
33667
33709
34062
34078
33668
33708
34041
34061
33669
33683
34042
34054
33670
33682
34043
34053
33671
33675
34044
34048
33672
34045
34047
33673
33675
33677
33674
33678
33675
33679
33681
33676
33682
33677
33679
33687
33689
34044
33678
33690
34045
33679
33691
33680
33692
33681
33685
33687
33699
33682
33684
33683
33687
33684
33686
33708
33685
33707
33686
33700
33706
33687
33701
33713
34042
33688
34043
33689
33697
33699
33701
36624
33690
33692
33696
34087
33691
33695
34086
33692
33694
33693
33699
33694
33696
33698
34294
33695
34275
33696
34089
34274
33697
34088
34295
33698
33702
36623
36629
33699
33703
34293
33700
33701
33703
33705
33702
33714
36625
33703
34038
36626
36630
33704
36631
33705
33719
34038
36682
36686
33706
33714
33716
33718
33707
33711
33713
33708
33710
33709
33713
33710
33712
34025
33711
34024
33712
33716
34023
33713
33715
34030
34078
33714
34041
33715
34038
34040
33716
34031
34037
34079
33717
34022
36686
33718
33720
34019
33719
33720
36675
33721
34020
36676
36686
33722
36677
33723
34016
34020
36749
33724
33728
34013
34015
33725
33726
34015
33727
33728
34015
36732
33729
33730
33987
33989
34013
36732
33731
33990
34010
33732
33991
34009
33733
33992
33996
33993
33995
33735
35473
35477
33736
35472
35478
36653
33737
33751
33738
33748
33750
35478
33739
33745
33747
34317
33740
33742
33744
34233
33741
34230
33742
33965
34229
33743
33747
33968
34234
33744
33746
33967
33745
33746
33747
33982
33748
33981
34318
33749
35378
35481
33750
34318
34320
35379
36803
33751
34317
34321
36798
33752
34124
34126
36653
33753
34123
36648
33754
33756
34122
34126
33755
34121
33756
33757
33759
34127
33758
34128
33759
33761
34240
33760
34122
34243
33761
34125
34127
34232
34244
33762
34128
34231
34239
33763
33765
34129
34131
33764
34132
33765
34139
33766
34138
34239
33767
33804
34145
34246
33768
34241
33769
33785
33803
33804
34256
33770
33771
33773
33775
33783
33785
33772
33778
33773
33774
33786
33775
33797
33776
33798
33777
33783
34262
34264
33778
34265
33779
33783
33780
33782
34110
34265
33781
34109
33782
34114
34257
33783
34258
34264
34333
33784
33785
34256
34258
34260
34262
33786
33798
33805
33787
33797
33801
33803
33788
33790
33794
33796
33789
33793
33790
33792
33791
33803
33792
33794
33802
33817
33793
33816
33794
33809
33825
33795
33801
33808
33796
33800
33823
33825
33797
33798
33800
33799
34262
33800
33805
34154
34261
33801
34155
33802
33805
33807
33803
33804
34149
33805
34148
34255
33806
34260
33807
34148
34152
34154
34346
33808
34149
34151
34155
33809
33817
33821
33823
33810
33816
33820
33824
33811
33813
33815
33812
33813
33828
34166
33814
33820
33827
34169
33815
33819
34168
33816
33817
33819
33818
34149
33819
33821
34142
34150
34372
33820
34371
33821
33826
34370
33822
34151
34369
33823
33826
34156
34158
33824
34155
33825
33826
33827
34159
33828
34160
33829
34161
33830
34162
33831
33832
33861
33863
34162
33833
33834
33836
33861
33835
33836
33838
33837
33860
33838
33857
33859
33839
33840
33851
33857
34620
33841
33844
34619
33842
33843
34618
33844
33846
33845
33851
33846
33848
33850
34611
34619
33847
34610
34618
33848
34609
33849
34612
33850
33854
34627
33851
33855
34620
34626
33852
33853
33855
33857
34404
33854
34405
33855
34628
34654
33856
34629
34653
33857
34620
34650
34652
33858
33859
34404
34652
35647
33860
34385
34397
33861
34382
34384
33862
34163
33863
33865
33867
34384
33864
33865
34162
34166
33866
34163
34165
34383
33867
34172
34388
33868
33869
34384
34386
34388
33870
33890
33892
33871
33889
33893
33872
33874
33876
33873
33877
33874
33878
33880
33875
33881
33889
33876
33878
33886
33894
33900
33877
33893
33897
33878
33898
33879
33899
33880
33884
33886
33906
33881
33883
33882
33886
33888
33883
33885
34180
34213
33884
34212
33885
34217
34416
33886
34179
34216
34415
33887
34414
33888
33894
34177
34179
34413
33889
34176
34180
33890
33894
33891
34176
34388
33892
33894
34177
34387
34407
33893
34386
34406
33894
33896
33895
33896
33900
34407
34411
34413
33897
34406
34410
33898
33900
33902
33899
33903
33900
33904
33906
33901
34414
33902
33904
34411
34419
34421
33903
34410
34422
33904
34423
33905
34424
33906
33910
34417
34419
34669
33907
34414
34416
33908
33910
33909
33947
34416
33910
33912
33922
33948
34417
33911
33921
33912
33914
33913
33929
33914
33922
33926
33928
33915
33921
33925
33916
33918
33920
33917
33918
34758
33919
33925
34761
33920
33924
34425
34760
33921
34424
33922
33924
34669
33923
34668
34722
33924
33926
34673
34723
34832
33925
34670
34831
33926
34830
33927
34829
33928
34723
34725
34729
35428
33929
34722
34726
34728
33930
33948
33950
33931
33945
33947
33932
33942
33944
33933
33939
33941
33934
33938
33935
33937
33941
34188
33936
33937
33957
34186
33938
33940
33956
34187
33939
33940
33944
33941
33943
33955
34211
33942
34212
33943
33947
34217
33944
33946
33954
34218
33945
33946
33950
33952
33947
33949
33953
34680
33948
34677
33949
34676
34722
33950
34681
34719
34721
33951
34726
33952
34719
34732
33953
33954
34715
34717
34719
33955
33961
34219
33956
33960
34210
33957
33959
34207
33958
34202
33959
33965
34203
33960
33964
34208
33961
33963
34209
33962
34224
34717
33963
33973
33977
34225
34739
33964
33972
33976
34226
33965
33969
33971
34227
33966
33968
34228
33967
33971
33968
33970
33982
33969
33981
35381
33970
33976
33980
35386
33971
33975
33983
33972
33973
33975
33974
34740
33975
33977
34741
35373
33976
33984
33977
33979
35395
33978
34742
35400
33979
35373
35401
35407
35409
33980
33984
35376
35394
33981
33983
35377
35387
33982
35378
35380
33983
33984
35373
35375
33986
33988
35502
36733
33987
36732
33988
33989
35501
33990
34012
35500
36733
33991
34011
35496
33992
34008
35495
33993
33997
34001
33994
34000
33995
33997
33999
34284
33996
34285
33997
34009
34288
33998
34008
34289
33999
34001
34005
34007
36665
34000
34004
36664
34001
34003
34002
35495
34003
34005
35466
35494
34004
35467
34005
35468
36669
34006
35469
36670
34007
35492
35494
35498
36671
34008
35495
35497
36672
34009
34011
36673
34010
36674
34011
34013
36677
34012
35497
36678
34013
36734
36736
36754
34014
36749
34015
36732
36734
36748
34016
34017
36748
34018
34020
34034
36751
34019
34033
34020
34022
34021
36750
34022
34034
34036
36686
36767
34023
34031
34033
34024
34028
34030
34025
34027
34026
34030
34027
34029
34075
34028
34029
34033
34030
34032
34076
34031
34077
34032
34036
36717
34033
34035
36726
34034
34035
36766
34036
36727
36769
34037
36716
36768
34038
36684
36686
36715
34039
36683
34040
36626
36711
36713
36715
34041
34079
34081
36625
34042
34064
34078
34043
34055
36625
34044
34056
36624
34045
34049
34087
34046
34086
34047
34049
34085
34095
34048
34049
34051
34053
34050
34056
34084
34051
34057
34093
34095
34052
34053
34057
34059
34054
34056
34055
34059
34061
34056
34058
34064
34082
34057
34083
34058
36618
34059
34065
36619
34060
34061
34065
34067
34062
34064
34063
34067
34073
34064
34066
34078
34080
36719
34065
34081
34066
36707
34067
36708
36722
34068
34072
34069
34070
34072
34071
34072
34074
36721
34073
36722
34074
36719
34075
36720
34076
34077
36720
36726
34078
36717
36719
34079
34080
36715
36717
34081
36708
36710
36718
34082
36707
36711
34083
36619
36621
36625
34084
36618
36622
36624
34085
34087
34091
34093
34086
34090
34094
34087
34089
34088
36624
34089
34091
36611
36623
34090
34273
34091
34271
34272
34092
36612
36622
34093
34271
36615
36617
34094
36618
34095
34096
34271
34097
34098
34271
34099
34105
34268
34270
34100
34102
34104
34101
34102
34265
34103
34266
34268
34104
34106
34108
34110
34105
34106
34272
34107
34111
34268
36608
34108
34112
36609
34109
34110
34112
34114
34111
34266
34333
34112
34267
34334
36607
34113
36852
34114
34304
34330
34334
36853
34115
34331
34333
34116
34304
34306
34117
34121
34303
34307
34118
34302
34119
34121
34120
34302
36641
34121
34123
34303
36640
34122
34123
34125
34307
34124
34308
36649
34125
34309
34321
36654
34126
34310
34316
34127
34317
34128
34233
34129
34230
34130
34131
34135
34230
34132
34136
34138
34231
34133
34139
34134
34136
34200
34201
34135
34202
34136
34203
34229
34137
34204
34236
34138
34146
34200
34237
34698
34139
34145
34238
34140
34144
34200
34141
34142
34192
34200
34143
34193
34144
34146
34150
34198
34200
34145
34149
34146
34148
34247
34147
34252
34699
34148
34150
34152
34253
35617
34149
34254
34150
34151
35618
34152
34156
34368
34153
34347
34367
34154
34156
34362
34366
34155
34361
34156
34157
34158
34366
34368
35623
34159
34369
34377
34160
34370
34378
34161
34169
34379
34162
34164
34166
34163
34164
34382
34165
34379
34381
34166
34170
34172
34390
34167
34169
34168
34172
34169
34171
34371
34170
34370
34171
34375
34379
34391
34172
34174
34374
34392
34173
34389
34174
34176
34175
34195
34176
34178
34180
34392
34688
34177
34389
34178
34394
34658
34179
34393
34659
34687
34180
34660
34686
34181
34182
34213
34686
34688
34690
34183
34189
34191
34195
34184
34192
34194
34185
34189
34186
34190
34192
34201
34187
34202
34188
34190
34207
34211
34189
34212
34190
34213
34191
34206
34214
34192
34196
34690
34696
34193
34199
34194
34196
34198
34372
34195
34371
34196
34374
34688
34197
34373
34689
34198
34694
34696
34700
35619
34199
34699
35618
34200
34201
34696
34698
34202
34204
34206
34203
34207
34204
34208
34228
34205
34698
35383
34206
34208
34222
34697
35384
34207
34221
34696
34208
34210
34209
34227
34210
34222
34224
34226
34211
34219
34221
34212
34214
34218
34213
34217
34214
34216
34215
34221
34690
34216
34218
34220
34679
34691
34217
34678
34686
34218
34677
34219
34680
34220
34224
34715
34221
34223
34704
34714
34222
34695
34223
34702
35397
34224
34703
35398
35590
34225
34716
34226
35398
35400
35588
34227
35395
35397
34228
35384
35386
34229
35381
35383
34230
34234
34236
34231
34233
34232
34236
34238
34233
34235
34249
34316
34234
34317
34235
34318
35381
34236
34250
34319
35382
34237
35383
34238
34250
34252
35744
34239
34247
34249
34240
34244
34246
34241
34243
34242
34246
34256
34243
34245
34257
34306
34244
34307
34245
34249
34310
34246
34248
34311
34343
34247
34255
34248
34252
34254
34249
34251
34314
34344
34250
34315
34251
34324
35745
34252
34325
34349
35746
34253
35743
34254
34347
34349
35742
34255
34344
34346
34256
34260
34343
34257
34258
34331
34343
34259
34263
34332
34260
34341
34343
34345
34359
34261
34346
34262
34359
34361
34263
34264
34337
34359
34265
34336
34266
34267
34336
34268
34335
36606
34269
34270
36606
36608
36614
34271
34272
36615
34273
36608
36612
34274
36609
36611
34275
34295
34297
34276
34294
34298
34277
34279
34281
34278
34282
34279
34283
34285
34280
34286
34294
34281
34283
34291
34299
36644
34282
34298
36641
34283
36642
34284
36643
34285
34289
34291
36664
34286
34288
34287
34291
34293
34288
34290
36631
36675
34289
36674
34290
36665
36673
34291
36632
36666
36680
34292
36663
34293
34299
36632
36634
36662
34294
36629
36631
34295
34299
34296
36611
36629
34297
34299
36610
36634
36636
34298
36609
36637
34299
34301
34300
34301
36636
36644
36658
36662
34302
36637
36639
36641
34303
34304
34308
36639
34305
36638
34306
34308
34312
34330
36827
34307
34311
34331
34308
34310
34309
36828
34310
34312
34322
36829
34311
34315
34312
34314
34342
34313
34329
36830
34314
34322
34326
34328
36833
34315
34325
34351
34316
34322
34324
34317
34319
34321
34318
34319
35380
34320
34324
35389
34321
34323
35390
36802
34322
36799
34323
36834
34324
34326
35755
36837
34325
35752
34326
34350
35753
34327
35754
36838
34328
34350
34354
36551
36988
34329
34351
34353
36985
34330
34340
34342
36873
34331
34339
36869
34332
34342
34333
34337
34339
34341
34334
34336
34335
34339
36854
34336
34338
36605
34337
34338
34358
34339
36602
36604
34340
36868
34341
34353
36602
36874
34342
34352
34358
34343
34351
34344
34345
34349
34351
34346
34348
34352
34360
34347
34361
34348
34362
35741
34349
34355
34363
36544
34350
36543
34351
34355
36550
34352
34353
34355
34357
34354
36601
36984
34355
36552
36600
36989
34356
36549
34357
34363
36548
36600
34358
34360
36601
34359
36602
34360
34361
34363
34362
34363
34365
34364
34365
36544
36546
36548
34366
35739
35741
34367
35622
34368
35617
35621
35741
34369
35618
35620
34370
34372
34376
34371
34375
34372
34374
34373
35618
34374
34376
35619
35629
34375
35628
34376
34378
35627
34377
35620
35630
34378
35623
35625
34379
35626
34380
34381
34391
34399
35626
34382
34390
34398
34383
34397
34384
34388
34390
34396
34385
34386
34396
34404
34387
34405
34388
34394
34396
34656
34389
34390
34392
34394
34391
34395
34392
34400
35627
34393
35628
34394
34400
35633
35653
34395
34657
34396
34398
34400
34402
34397
34403
34398
35647
34399
35646
34400
35643
35645
34401
35632
34402
35645
35653
35655
35661
34403
34657
35646
35650
34404
34656
35647
35649
34405
34653
34406
34654
34656
34407
34409
34408
34656
34658
34409
34411
34433
34655
34663
34410
34432
34654
34411
34431
34412
34430
34413
34419
34661
34663
34665
34414
34658
34660
34415
34419
34416
34418
34660
34678
34417
34677
34418
34668
34676
34419
34661
34667
34683
34420
34421
34665
34667
34669
34671
34422
34424
34428
34430
34423
34427
34431
34424
34426
34425
34669
34426
34428
34670
35685
34427
35684
34428
34436
35683
34429
34671
35682
34430
34434
34436
35681
35697
34431
34433
34665
34432
34436
34433
34435
35668
34434
34664
35669
34435
35670
35680
35696
34436
35671
35679
34437
34438
35679
35681
35683
35691
34439
34441
34455
34457
34440
34446
34454
34441
34445
34442
34444
35683
34443
35684
34444
35272
35687
34445
34457
35273
35688
34446
35270
34447
34453
34457
34459
34448
34452
34460
34449
34461
34450
34452
34606
34920
34451
34607
34452
34454
34634
34453
34639
34921
34454
34456
34640
35264
34455
34633
34456
34644
35679
34457
34645
35265
35692
34458
35691
34459
35265
35267
35273
36021
34460
35264
35268
35270
34461
34921
34923
34929
34462
34920
34924
34926
34463
34471
34464
34466
34470
34926
34465
34469
34466
34468
34467
34927
34468
34470
34512
34932
34469
34511
34470
34472
34510
34471
34513
34925
34472
34918
34924
34944
34473
34474
34508
34510
34916
34944
34475
34499
34505
34507
34476
34498
34502
34504
34477
34479
34478
34504
34534
34479
34503
34527
34533
34480
34502
34526
34481
34482
34490
34492
34526
34528
34483
34485
34489
34484
34488
34485
34487
35040
34486
34528
35043
34487
34489
34529
35044
35062
34488
34964
35039
34489
34963
34490
34962
34491
34525
34529
34961
34492
34524
35069
34493
34494
34520
34524
34526
34495
34521
34523
34496
34497
34501
34521
34498
34499
34501
34500
34510
34501
34507
34509
34519
34502
34520
34503
34507
34893
34504
34506
34894
34902
34505
34903
34506
34906
34916
34507
34895
34907
34947
34508
34896
34509
34945
34947
34949
34510
34514
34516
34518
34511
34513
34512
34516
34513
34515
34933
34514
34934
34944
34515
34887
34939
34945
34516
34886
34938
34517
34518
34886
35139
34519
34887
34889
34949
34520
34890
34896
34521
34891
34893
34522
34523
34891
35093
34524
35071
34525
34891
35070
34526
34530
34892
34960
34527
34893
34528
34530
34532
34894
34529
35058
34530
35059
35077
34531
34899
35076
34532
34900
35059
35168
35170
34533
34901
35058
35171
34534
34542
34546
34902
34535
34545
34903
34536
34542
34544
34537
34541
34538
34544
34539
34541
34543
35042
35050
34540
35041
35049
34541
35040
34542
35043
34543
35058
34544
34546
35051
35057
34545
34546
34548
34904
34547
34909
35171
34548
34910
35051
35172
34549
34550
34904
34910
34912
34551
34585
34599
34552
34582
34598
34553
34571
34573
34554
34564
34566
34555
34556
34562
34564
34557
34558
34560
34562
34559
34561
34617
34562
34594
34616
34563
34564
34574
34576
34594
34565
34573
34566
34568
34572
34576
34567
34571
34568
34570
34569
34577
34570
34572
34578
34580
34571
34581
34572
34582
34573
34575
34583
34574
34598
34575
34595
34597
34576
34578
34590
34592
34577
34593
34578
34579
34580
34588
34590
34604
34581
34583
34587
34582
34586
34583
34585
34584
34590
34598
34585
34587
34589
34599
34905
34586
34904
34587
34903
34588
34906
34589
34603
34915
34590
34600
34602
34914
34591
34597
34592
34596
34602
34604
35944
34593
34595
34637
34594
34636
34595
35953
34596
35954
34597
34601
35955
34598
34600
34599
34600
34912
34601
34913
34602
35956
35958
34603
35230
35945
34604
34918
35231
35946
34605
34606
34920
35942
35944
35946
34607
34637
34639
34608
34634
34636
34609
34613
34615
34610
34612
34611
34615
34617
34612
34614
34622
34626
34613
34627
34614
34632
34634
34615
34623
34625
34635
34616
34636
34617
34623
35953
34618
34622
34619
34620
34622
34621
34622
34624
34626
34650
34623
34624
35952
34625
34649
35993
34626
34630
34632
34642
34627
34629
34628
34632
34629
34631
35668
34630
34650
35667
34631
34643
34649
35672
34632
34644
35671
34633
34634
34640
34642
34644
34635
34639
34636
34638
34642
35952
34637
35953
34638
35944
35954
34639
34641
35943
35951
34640
35942
34641
34645
35941
34642
34646
35992
35994
34643
35993
34644
34646
34648
35677
34645
35678
34646
35803
35940
34647
35802
35995
34648
35992
36038
36227
34649
35676
35993
34650
35675
34651
34652
35665
35667
35675
34653
35648
34654
35649
35667
34655
35668
34656
35649
35651
35669
34657
34658
35651
35653
34659
34663
34660
34662
34708
35653
34661
34685
34662
34666
34684
34663
34709
35652
35700
34664
35651
34665
35696
35700
35702
34666
35697
34667
35698
35700
35712
34668
34672
35597
34669
34673
34675
34670
34671
34673
35816
34672
35697
35815
34673
35598
35698
35818
34674
35817
34675
34723
35598
35600
36307
34676
34722
35595
35597
34677
34681
34683
34678
34680
34679
34683
34685
34680
34682
34706
34714
34681
34715
34682
35593
35595
34683
34711
34713
35596
34684
35597
34685
34709
34711
35712
34686
34706
34708
34687
34691
34688
34692
34708
35633
34689
35628
34690
34692
34694
35629
34691
34695
34692
34704
34706
34693
34707
35634
34694
34704
35613
35635
35723
34695
34701
35636
34696
34702
34704
34697
34698
34700
34702
35749
34699
35744
34700
35617
35743
34701
35616
35748
34702
35613
35615
35761
34703
35762
34704
35611
35613
35765
34705
34706
34712
34714
35611
35723
34707
34711
34708
34710
35657
35723
34709
35654
34710
35659
35711
34711
35658
35714
35722
34712
35713
34713
35610
35720
35722
34714
35591
35593
35603
34715
35590
34716
35593
34717
35588
35590
35592
34718
34739
34719
34736
34738
35592
34720
35593
34721
34732
34734
34736
35594
34722
34724
34726
35595
34723
34724
35429
34725
34734
35430
35600
34726
34730
34733
35427
34727
34732
34728
34730
34729
34730
35356
35357
34732
34736
34746
35362
34733
34734
35362
35426
34735
35447
35601
34736
35362
35364
35448
35606
34737
35605
34738
34746
35364
35366
36361
34739
34743
34745
36362
34740
34742
35588
34741
34745
34742
34744
35372
34743
35409
35587
34744
35366
35410
36371
34745
35367
35371
34746
35363
35367
34748
34778
34824
34860
34749
34777
34823
34750
34754
34751
34752
34754
34830
34753
34829
35356
34754
34822
34828
35359
34755
34823
34835
34756
34762
34776
34757
34775
34758
34762
34764
34774
34759
34761
34760
34764
35684
34761
34763
34831
35685
34762
34830
34763
34835
34837
34764
34834
34838
35686
34765
35687
34766
34772
34774
34838
35826
34767
34771
35272
34768
34774
34769
34771
34773
34791
34770
34792
34771
34793
35276
34772
34794
35275
34773
34839
34849
35831
34774
34780
34840
34850
34775
34837
34776
34780
34777
34779
34823
34837
34778
34779
34853
34780
34824
34840
34852
34781
34782
34850
34852
34854
34856
34783
34785
34789
34791
34784
34788
34792
34785
34787
34786
34854
34787
34789
34813
34855
34788
34810
34789
34811
34879
34790
34812
34856
34791
34795
34873
34877
34879
34792
34794
34850
34793
34879
34794
34796
35277
34795
34849
35280
34796
34872
35281
35304
34797
34879
35282
35303
34798
34937
34799
34880
35295
35301
35303
34800
34883
35294
34801
34880
34882
34802
34804
34806
34803
34807
34804
34808
34810
34805
34811
34880
34806
34808
34881
35308
35880
34807
34882
35879
34808
35322
34809
35321
34810
34814
34816
35308
35320
34811
34813
34812
34878
35308
34813
34877
35309
35311
34814
35312
34815
35309
35317
35319
34816
34818
34821
35347
34817
35346
34818
35336
34819
35348
34821
35312
35317
35353
34823
34825
34827
35414
34824
34836
34825
34841
34861
34826
34862
35417
34827
34841
34845
34867
35441
34828
34836
34844
35436
34829
34833
34835
35433
34830
34832
35428
34831
34835
34832
34834
35816
34833
35429
35817
34834
34844
35432
35822
34835
34843
35821
34836
34837
34841
34843
34838
34840
34839
34843
35825
34840
34842
34848
35832
34841
34851
34842
34866
34843
34845
34847
35833
34844
35824
34845
35437
35823
34846
35440
35838
34847
34867
34869
35560
35839
34848
34866
34870
35840
34849
34851
34871
35841
34850
34872
35842
34851
34873
34852
34866
34874
34853
34857
34861
34854
34858
34860
34855
34856
34858
35312
34857
34873
35311
34858
34864
34874
35314
34859
35313
34860
34864
36098
34861
34862
34864
34866
34863
34867
35418
34864
34868
35421
36102
34865
36097
34866
34868
34870
34874
36096
34867
34868
35559
34869
35564
36103
34870
35563
35854
36104
34871
35849
36095
34872
34874
35848
35870
34873
35847
35869
34874
34876
34875
34876
35314
35870
35872
36096
34877
35311
35869
35873
34878
35304
35306
34879
34880
35303
35307
34881
34882
35301
35307
35877
34883
35878
34884
35299
35301
35901
34885
35118
34886
34888
35137
35139
35299
34887
35294
34888
34950
35293
34889
34955
35141
35298
34890
34954
35139
35140
34891
34897
35095
34892
35094
34893
34897
34899
34959
34894
34896
34895
34899
34901
34896
34898
34948
35178
34897
34949
34898
34954
34958
34899
34953
35149
35179
34900
35148
34901
35179
35181
35183
34902
35176
35178
34903
34907
34909
34904
34906
34905
34909
34906
34908
34912
34914
34907
34915
34908
35178
35227
34909
34911
35177
35228
34910
35176
34911
35175
34912
35960
35962
34913
34914
35958
35960
34915
35228
35230
34916
35227
35231
34917
34947
34918
34944
34946
35231
35258
34919
34920
34922
34924
35258
35946
34921
34922
35264
35942
34923
35259
35263
35947
34924
34930
34942
35268
34925
34943
34926
34930
34932
34934
34927
34929
34928
34932
34929
34931
35271
34930
35270
34931
34935
35269
34932
34936
35276
34933
34934
34936
34938
34935
34939
34943
34936
34940
34942
35278
34937
35277
34938
34940
35282
35295
34939
35294
34940
35292
35293
34941
35283
35296
34942
35260
35288
35290
35292
34943
35259
35287
34944
35258
35292
34945
34946
34950
35292
34947
34951
35232
35257
34948
35227
34949
34951
34953
35226
34950
34954
34951
34955
35291
34952
35233
35256
34953
34955
35155
35238
35255
34954
35154
35225
34955
34957
34956
35930
34957
35141
35155
35157
35929
34958
35140
35152
35154
34959
35095
35149
35151
34960
35094
35146
35148
34961
35070
35074
35076
34962
35067
35069
35077
34963
35062
35066
34964
35065
34965
35038
35062
35064
34966
35014
34967
35015
35064
34968
35035
35081
35083
34969
35032
34970
35031
34971
35030
34972
34996
34973
34995
34974
34975
34993
34995
34976
34982
34977
34978
34980
34982
34979
34983
34987
34980
34984
34986
35002
34981
35003
34982
34984
34996
35008
34983
34995
34984
34990
34994
34985
34997
35007
34986
34990
34998
35000
34987
35001
34988
34990
34989
34990
34992
34991
34992
34994
34998
34993
34994
34995
34997
34996
34997
35030
34998
35029
34999
35000
35027
35029
35001
35007
35026
35002
35025
35003
35005
35007
35004
35008
35005
35009
35011
35006
35012
35025
35007
35009
35017
35026
35028
35008
35029
35009
35030
35010
35031
35011
35015
35017
35032
35012
35014
35013
35017
35019
35014
35016
35192
35204
35015
35038
35016
35035
35037
35017
35034
35193
35205
35018
35033
35019
35026
35205
35207
35020
35025
35204
35021
35024
35022
35023
35024
35025
35026
35027
35028
35207
35029
35031
35033
35030
35031
35032
35033
35035
35034
35207
35035
35200
35206
35036
35037
35081
35198
35200
35038
35064
35193
35195
35039
35061
35192
35040
35044
35046
35041
35043
35042
35046
35048
35043
35045
35053
35057
35044
35058
35045
35059
35061
35046
35054
35056
35191
35047
35192
35048
35054
35203
35049
35053
35050
35051
35053
35052
35053
35055
35057
35172
35054
35055
35208
35056
35173
35211
35057
35059
35170
35190
35058
35171
35059
35060
35061
35077
35168
35190
35196
35062
35191
35195
35063
35077
35064
35066
35078
35080
35195
35065
35081
35066
35082
35067
35164
35068
35074
35078
35163
35069
35073
35088
35070
35071
35073
35094
35072
35093
35073
35090
35092
35074
35089
35145
35075
35146
35162
35076
35078
35147
35165
35167
35077
35148
35168
35078
35079
35196
35080
35163
35165
35197
35081
35164
35198
35082
35083
35084
35164
35085
35086
35088
35164
35087
35088
35090
35089
35163
35090
35162
36195
35091
35092
36195
36196
35093
35145
36197
35094
35096
35095
35145
35096
35140
35144
35097
35138
36197
35098
35117
35123
35099
35116
35100
35115
35123
35125
35101
35102
35125
35103
35126
35104
35127
35105
35106
35107
35127
35108
35128
35109
35340
35110
35128
35130
35894
35111
35113
35883
35112
35322
35113
35119
35879
35114
35120
35130
35882
35115
35129
35116
35120
35122
35132
35117
35119
35118
35122
35138
35119
35121
35137
35901
35120
35878
35121
35131
35899
35122
35134
35136
35900
35123
35133
36198
35124
36197
35125
35133
36196
35126
35132
35127
35129
35128
35129
35130
35132
35131
35895
35132
35134
35918
35133
35134
36199
35135
35917
35136
35919
36192
36199
35137
35142
35920
36198
35138
35141
35921
35139
35140
36198
35141
35143
35142
35922
35143
35157
35927
36192
35144
35152
36193
36198
35145
35151
36194
36197
35146
36195
35147
35151
35161
35148
35150
35221
35249
35149
35183
35150
35154
35184
35151
35153
35222
35248
35152
35160
35153
35157
35159
35154
35156
35223
35250
35155
35224
35156
35239
35254
35157
35244
35251
35253
35158
35928
35159
35251
36192
36200
35160
35250
36193
35161
35248
36194
35162
35249
36195
35163
35165
35164
35166
35249
35167
35197
35218
35220
35168
35188
35196
35221
35169
35183
35170
35182
35188
35190
35212
35171
35173
35181
35172
35176
35173
35175
35174
35212
35175
35181
35963
36241
35176
35962
35177
35181
35178
35180
35235
35962
35179
35226
35180
35184
35225
35181
35185
35236
35963
35182
35183
35185
35187
36241
35184
35221
35185
35222
35224
35186
35241
36240
35187
35222
35242
36243
36250
35188
35219
35221
36242
35189
35213
35218
35190
35194
35196
35210
35217
35191
35211
35192
35194
35208
35193
35203
35194
35200
35202
35195
35199
35209
35196
35198
35197
35198
35217
35199
35200
35216
35217
35201
35202
35206
35216
35203
35205
35209
35204
35208
35205
35206
35207
35209
35211
35210
35216
35211
35213
35215
35212
35213
36241
35214
36242
35215
35218
36249
35216
35217
35218
35219
35220
36249
36250
35221
35247
35249
35222
35223
35247
35224
35242
35244
35246
35225
35239
35241
35226
35236
35238
35227
35233
35235
35228
35232
35229
35235
35960
35230
35232
35234
35959
35969
35231
35958
35970
35232
35971
35233
35976
35234
35238
35977
35235
35237
35966
35978
35236
35961
35237
35241
35964
35238
35240
35965
35983
35239
35982
35240
35244
36256
35241
35243
36238
36255
35242
36239
35243
36244
36251
35244
36245
36252
36254
35245
36261
35246
35251
36252
36262
35247
35250
36251
35248
36250
35249
35250
35251
35252
35253
36200
36262
36264
35254
35928
36205
36261
35255
35929
36204
36256
35256
35930
35932
35982
35257
35291
35933
35977
35258
35260
35292
35976
35259
35971
35260
35262
35972
35261
35933
35975
35262
35288
35934
35936
36004
35263
35287
35937
35999
35264
35266
35268
35998
35265
35941
35266
35940
36022
35267
35937
35939
36027
35268
35274
35286
36020
35269
35287
35270
35274
35276
35278
35271
35273
35272
35276
35273
35275
35826
35274
35827
35275
35279
35830
35276
35280
35831
35277
35278
35280
35282
35279
35283
35287
35280
35284
35286
35843
35281
35842
35282
35284
35847
35859
35283
35860
35284
35288
35861
35285
35846
35862
35286
35288
35936
36016
36018
35287
35937
36019
35288
35289
35290
35861
35934
36014
36016
35291
35296
35931
35933
35292
35293
35930
35294
35296
35298
35295
35299
35296
35300
35860
35297
35861
35298
35300
35864
35923
35931
35299
35922
35930
35300
35921
35301
35865
35924
35302
35902
35303
35305
35307
35865
35905
35304
35860
35305
35859
35869
35306
35866
35868
35906
35307
35309
35873
35875
35308
35876
35309
35887
35310
35888
35311
35315
35317
35873
36111
35312
35314
35313
35317
35314
35316
36098
35315
36097
35316
35872
36100
36110
35317
36099
36115
35318
35319
35353
36111
36113
36115
35320
35347
35888
35890
35321
35346
35885
35887
35322
35332
35880
35884
35323
35879
35883
35324
35330
35332
35325
35329
35333
35326
35328
35327
35333
35328
35334
35337
35329
35338
35330
35334
35339
35331
35340
35883
35332
35334
35341
35345
35884
35333
35346
35334
35336
35335
35342
35336
35343
35345
35349
35346
35348
35338
35342
35339
35340
35342
35341
35894
35342
35344
35893
35343
35344
35352
35345
35351
35892
35346
35350
35885
35347
35348
35350
35353
35349
35350
35352
35351
35354
35890
35352
35355
35891
35354
35355
36113
36138
35357
35359
35428
35358
35427
35359
35415
35434
35414
35433
35361
35423
35425
35449
35461
35362
35426
35448
35456
35363
35364
35368
35456
35365
35455
36360
35366
35368
35458
35580
36377
35367
35579
36372
35368
35370
35369
35457
35370
35576
35580
36451
35371
35577
35579
35372
35410
35412
35373
35409
35413
35374
35375
35407
35413
35537
35376
35534
35377
35393
35407
35539
35378
35392
35522
35379
35523
35380
35390
35392
36934
35381
35387
35389
35382
35386
35383
35385
35389
35745
35384
35744
35385
35397
35749
35386
35388
35396
35750
35387
35395
35388
35392
35394
35389
35391
35403
35751
35390
35752
35391
35755
36933
35392
35404
35756
36938
35393
36939
35394
35404
35406
37026
35395
35401
35403
35396
35400
35397
35399
35403
35763
35398
35762
35399
35589
35765
35400
35402
35764
36365
35401
35587
35402
35406
35586
35403
35405
35769
36366
35404
35770
35405
35771
37025
35406
35774
36367
37030
35407
35585
37031
35408
35538
35409
35411
35413
35585
37053
35410
35586
35411
35579
36370
35412
35578
35584
37060
35413
35577
37061
37054
35415
35417
35436
35416
35435
35417
35419
35442
35418
35441
35419
35421
35559
35420
35558
35421
35565
36149
35564
36148
35423
35443
35451
35554
35556
35424
35450
35462
35425
35435
35443
35445
35426
35434
35446
35427
35447
35428
35430
35434
35429
35433
35430
35432
36307
35431
35447
36310
35432
35434
35438
35446
36311
35433
35437
36306
35434
35436
35435
35436
35438
35442
35437
35441
35438
35440
36305
35439
35445
36326
35440
35442
35444
35561
36327
35441
35560
36304
35442
35559
35443
35558
35444
35557
35445
35451
35568
36354
35446
35450
36349
35447
35449
36346
35448
36341
35449
35455
36342
35450
35454
36347
35451
35453
36348
35452
35569
36355
35453
35552
35554
36356
36472
35454
35462
35551
36357
35455
35459
35461
36358
35456
35458
36359
35457
35461
35458
35460
36451
35459
36430
36450
35460
35551
36431
36453
35461
35550
36452
35462
35550
35554
35464
35484
35488
35513
35515
35465
35475
35487
35508
35466
35470
35474
35507
35467
35469
35493
35468
35474
35469
35471
36788
35470
35492
36789
35471
35487
35491
36794
35472
35474
35486
36793
35473
35479
36652
35474
35476
35475
35476
35484
35486
35477
35479
35483
35478
35482
35479
35481
36798
35480
35486
36797
35481
35483
35485
35524
36804
35482
35523
36803
35483
35518
35484
35517
35485
35516
35486
35488
35527
36805
35487
36796
35488
35490
36795
35489
35528
36810
35490
35511
35513
36743
36811
35491
35508
35510
36812
35492
35505
35507
36813
35493
35504
36814
35494
35503
35507
35495
35499
35496
35497
35499
35500
35498
36736
36756
35499
35504
36761
35503
35501
36736
36737
35502
36737
35504
35506
35505
36817
35506
35510
36818
35507
35509
35508
35509
35513
35510
35512
35511
36923
35512
36742
36924
35513
36741
35514
35515
35549
36741
36743
35516
35528
35530
35517
35519
35527
35518
35520
35524
35521
35523
35520
35526
35530
35532
35521
35525
35533
35522
35534
35523
35525
35539
36939
35524
36934
35525
35527
36935
35526
35540
36940
35527
35529
35543
36941
35528
36942
35529
36743
36945
35530
35544
36744
36946
35531
35549
35532
35544
35546
35548
35533
35535
35543
35534
35536
35540
35537
35539
35536
35542
35546
37056
35537
35541
37057
35538
37054
35539
35541
37031
37053
35540
37026
35541
35543
37027
35542
37032
37058
35543
35545
37033
37069
35544
37034
35545
37037
37091
35546
37038
37068
37090
35547
37067
35548
36738
37066
37090
35549
36739
37091
36740
36744
35551
35553
36465
35552
36446
36464
35553
36445
36467
36471
35554
36466
36476
35555
35556
36472
36474
36476
35557
35569
35571
35558
35566
35568
35559
35561
35565
35560
35564
35561
35563
36303
35562
35568
37250
35563
35565
35567
36160
37255
35564
36159
36302
35565
36158
35566
36157
35567
35571
36156
35568
35570
36485
37248
35569
37249
35570
36472
37366
35571
36473
36484
37367
36474
36489
35573
36466
36468
36478
37735
35574
36463
36465
37732
35575
36452
36454
37719
35576
36451
36455
37716
35577
35581
37079
35578
37064
35579
35581
35583
37077
35580
36379
35581
36378
36450
35582
36455
37078
35583
36378
36382
36456
37197
35584
36379
36381
37192
35585
36368
36370
37167
35586
36367
37052
35587
36366
36370
35588
36365
36371
35589
36362
35590
35778
36363
36365
35591
35611
35592
35604
35610
36363
35593
35605
36362
35594
35595
35601
35603
35605
35596
35600
35597
35599
35603
35713
35598
35712
35599
35717
36308
35600
35602
35718
36309
35601
36310
35602
35606
36341
35603
35607
35719
36340
35604
35720
35605
35607
35609
36374
35606
36361
35607
36342
36360
35608
36343
36375
35609
35719
35785
36394
36412
35610
35720
35784
36389
35611
35783
36388
35612
35778
35613
35723
35727
35779
35783
35614
35766
35615
35635
35639
35727
36539
35616
35636
35638
36540
35617
35619
35621
36541
35618
35742
35619
35620
35636
35621
35623
35637
35622
35638
35740
35623
35737
35739
35624
35625
35637
35641
35737
35626
35630
35642
35627
35643
35628
35630
35632
35629
35633
35630
35634
35636
35631
35637
35632
35634
35640
35642
35656
35633
35643
35655
35634
35654
35635
35657
35636
35640
35724
35637
35638
35640
35639
35737
36561
35640
35726
35736
36562
35641
35725
35642
35734
35736
35643
35733
35644
35645
35655
35733
36046
35646
35662
35647
35663
35648
35649
35663
35665
35650
35666
35651
35661
35663
35703
35652
35702
35653
35659
35661
35701
35654
35655
35657
35659
35656
35660
35657
35725
35731
35733
35658
35724
35659
35729
35731
35789
35660
35710
35661
35731
35791
36046
35662
35704
35663
36044
36046
35664
35665
35703
36042
36044
35666
35674
35667
35669
35673
35703
35668
35672
35669
35671
35670
35702
35671
35673
35707
35799
35672
35678
35673
35675
35677
35674
35706
35800
35675
36040
36042
35676
35677
36038
36040
35678
35800
35802
35679
35799
35803
35680
35692
35681
35693
35695
35799
35682
35690
35814
35683
35685
35689
35815
35684
35688
35685
35687
35686
35816
35687
35689
35821
35825
35688
35826
35689
35691
35827
35690
35820
35828
35691
35693
36024
36063
35692
36021
35693
35803
36022
35694
35804
36023
35695
35805
35811
36061
36063
35696
35798
35812
35814
35697
35699
35707
35698
35814
35699
35717
35813
35700
35708
35716
35812
35701
35711
35702
35704
35708
35710
35703
35707
35704
35706
35705
35791
36044
35706
35708
35792
35808
36043
35707
35807
36042
35708
35798
35709
35797
35710
35716
35792
35794
35796
35711
35789
35791
35712
35714
35716
35713
35717
35714
35718
35720
35715
35721
35789
35716
35718
35786
35794
36317
35717
36316
35718
36315
35719
36318
35720
35786
36339
35721
35722
35784
35786
35788
35723
35729
35783
35724
35725
35727
35729
35726
35730
35734
35727
35735
36575
36577
35728
36538
35729
35783
36537
36577
36583
35730
35788
35731
36577
36579
36581
35732
35790
35733
36046
36047
36579
35734
35735
36579
35736
36578
36592
35737
36593
35738
35739
36561
36593
36595
35740
36546
35741
36541
36545
36561
35742
36544
35743
36541
36543
35744
35746
35748
35745
35749
35746
35750
35752
35747
35753
36543
35748
35750
35758
35760
36542
35749
35761
36541
35750
35762
35751
35763
35752
35756
35758
35770
35753
35755
35754
35758
36550
35755
35757
36551
36953
35756
36932
35757
35771
36951
35758
35772
36556
36952
35759
36555
35760
35768
35770
35772
36558
35761
35763
35767
36559
35762
35766
36540
35763
35765
35764
35770
35765
35767
35769
35777
35766
35778
35767
35779
36539
35768
35780
36564
35769
35773
36400
36565
35770
35774
35776
35771
35772
35774
37024
35773
36557
37023
35774
36401
36570
37046
35775
37047
35776
36367
36401
36403
37050
35777
36366
36386
36400
35778
35780
36365
36387
35779
36388
35780
35782
36538
35781
36400
36573
35782
36387
36391
36399
37515
35783
36388
36390
36537
35784
35785
36390
36583
35786
36395
36413
36584
35787
36414
35788
35794
36584
36586
37335
35789
36581
36583
35790
35794
35791
35793
36047
36581
35792
36045
35793
36049
37316
35794
36048
36586
37317
35795
35796
36317
37317
37319
37335
35797
36316
37316
37320
35798
35808
35810
35812
35799
35805
35807
35800
35804
35801
35807
36040
35802
35804
35806
36031
36039
35803
36030
36038
35804
36029
35805
36032
35806
35810
36060
35807
35809
36053
36059
35808
36041
35809
36051
37316
35810
36052
37309
37315
35811
37308
37320
35812
36064
36066
36321
35813
36316
35814
35818
36064
36315
35815
36063
35816
35818
35820
35817
35821
35818
35822
36307
35819
36308
35820
35822
35836
36064
36313
35821
35835
36063
35822
35824
35823
36306
35824
35836
35838
36305
35825
35833
35835
35826
35828
35832
35827
35831
35828
35830
36021
35829
35835
36024
35830
35832
35834
35844
36025
35831
35843
36020
35832
35842
35833
35841
35834
35838
35840
35835
35837
35851
36069
35836
36062
35837
36065
36324
35838
35852
36070
36329
35839
36304
35840
35852
35854
36303
35841
35849
35851
35842
35844
35848
35843
35847
35844
35846
36019
35845
35851
36073
35846
35848
35850
36078
36088
35847
36018
36089
35848
35858
35849
35857
35850
35854
35856
35851
35853
36079
36296
35852
36072
35853
36071
37252
35854
36084
36297
37253
35855
36302
35856
36104
36297
36299
36301
35857
36093
36095
36296
35858
35870
36088
36092
35859
35867
35869
36089
35860
35862
35866
35861
35865
35862
35864
35863
36016
36089
35864
35866
36015
36090
36182
35865
36014
36181
35866
36180
35867
36179
35868
36090
36092
36178
35869
35871
35873
36125
35870
35871
36095
35872
36092
36094
36126
35873
36107
36109
35874
35875
36109
36111
36123
36125
35876
35888
35906
35908
35877
35887
35905
35909
35878
35880
35898
35902
35879
35899
35901
35880
35882
35881
35887
35882
35884
35886
35896
35898
35883
35895
35899
35884
35894
35885
35893
35886
35890
35892
35887
35889
35909
35911
35888
35889
36111
35890
35908
35912
36112
35891
36113
35892
35912
36138
35893
35911
35894
35896
35895
35896
35918
35897
35911
35898
35910
35916
35918
35899
35903
35909
35900
35918
35901
35903
35917
35920
35902
35921
35903
35905
35924
35904
35916
35925
35905
35907
35909
35915
36185
35906
36180
35907
36125
36179
35908
35914
36124
36186
35909
35913
36123
35910
35911
35913
35915
35912
35913
36137
35914
36136
35915
36175
36187
35916
36188
35917
36189
35918
35919
35920
36189
36191
35921
35925
35927
35922
35924
35923
35927
35929
35924
35926
36181
36203
35925
36180
35926
36185
36189
35927
36184
36190
36202
35928
36191
35929
36200
36202
35930
36203
35931
35932
36014
36203
35933
35981
36013
36204
35934
35980
35935
36007
36013
35936
36006
36016
36211
36286
35937
36005
36076
35938
36075
35939
35999
36001
36005
36216
35940
35996
35998
36028
35941
35995
36029
35942
35994
35998
35943
35947
35944
35948
35950
35994
35945
35955
35946
35948
35956
35970
35947
35971
35948
35972
35998
35949
35973
35997
35950
35956
35988
35990
35951
35955
35991
35952
35954
35992
35953
35993
35954
35955
35956
35957
35958
35968
35970
35988
35959
35960
35966
35968
35961
35962
35964
35966
35963
35964
36240
35965
36239
35966
36237
36238
35967
35968
35978
35986
36237
35969
35987
35970
35974
35976
35978
35971
35973
35972
35976
35973
35975
35999
35974
35988
36000
35975
35979
35987
36003
35976
35980
36004
35977
35978
35980
35982
35979
35983
35980
35984
35986
36008
35981
36007
35982
35984
36012
36257
35983
36256
35984
36237
36255
35985
36011
36258
35986
36233
36235
36237
35987
36230
35988
36229
35989
35990
36000
36225
36229
35991
35997
36226
35992
35994
36227
35993
35995
35997
35996
36030
36227
35997
36001
36035
36226
35998
36000
35999
36000
36004
36001
36003
36002
36217
36225
36003
36005
36009
36222
36228
36004
36008
36229
36005
36007
36006
36215
36007
36009
36212
36214
36008
36012
36009
36011
36230
36010
36231
37443
36011
36212
36232
37448
37462
36012
36233
37461
36013
36212
37460
36014
36207
36211
36015
36208
36016
36209
36211
36284
36017
36018
36087
36089
36284
36286
36019
36076
36078
36020
36073
36075
36021
36025
36027
36022
36024
36023
36027
36029
36024
36026
36032
36061
36025
36062
36026
36069
36073
36027
36033
36068
36074
36028
36075
36029
36033
36035
36216
36030
36032
36031
36035
36037
36032
36034
36055
36059
36033
36060
36034
36219
37430
36035
36056
36058
36218
36036
36217
36037
36056
36224
36226
36038
36055
36227
36039
36040
36053
36055
36041
36042
36051
36053
36043
36044
36049
36051
36045
36046
36047
36049
36048
36580
36049
36587
37332
36050
36051
37314
37316
37332
36052
36053
37312
37314
36054
36055
36057
36059
37312
36056
36057
37437
36058
37311
37436
36059
37310
37428
37430
36060
37309
36061
37308
37430
36062
36066
36068
36063
36065
36069
36064
36065
36314
36066
36070
36323
36067
36322
37308
36068
36070
36082
36331
37307
36069
36081
37430
36070
36072
36071
36330
36072
36082
36084
37355
36073
36079
36081
36074
36078
36075
36077
36081
36219
36076
36216
36077
36215
36286
36078
36080
36220
36287
36079
36087
36080
36084
36086
36081
36083
36290
37431
36082
37429
36083
37306
37354
36084
36291
37305
37359
36085
37360
36086
36291
36293
36297
37379
36087
36290
36294
36296
36088
36283
36287
36089
36091
36296
36090
36091
36276
36284
36092
36277
36283
36295
36093
36278
36094
36295
36299
37265
36095
36105
36107
36129
36096
36104
36097
36103
36107
36098
36100
36102
36099
36100
36116
36101
36107
36117
36102
36106
36118
36147
36103
36148
36104
36106
36158
36105
36159
36106
36130
36162
36299
36107
36131
36163
36108
36109
36117
36129
36131
36133
36110
36122
36126
36111
36115
36117
36121
36112
36113
36121
36123
36137
36114
36138
36115
36119
36121
36139
36116
36117
36119
36118
36120
36131
36144
36146
36120
36142
36121
36133
36141
36144
36122
36140
36123
36127
36133
36135
36124
36136
36125
36127
36175
36177
36126
36178
36127
36129
36278
36128
36174
36279
36129
36133
36171
36173
37270
36130
37265
36131
36167
36171
37264
36132
36166
36133
36144
36171
37233
37235
36134
36135
36141
36173
37235
36136
36140
36174
36137
36175
36138
36140
36139
36140
36142
36141
36142
36143
36144
36153
37235
36145
36146
36152
36153
37233
36147
36151
36166
36148
36150
36163
36149
36158
36150
36157
36151
36164
36152
36165
36154
37232
36154
37234
37238
36156
36164
36486
36488
37226
36157
36485
36489
36158
36160
36164
36159
36163
36160
36162
36301
36161
36485
37256
36162
36164
36168
36486
37261
36163
36167
36300
36164
36166
36165
36166
36168
37226
37232
36167
37233
36168
36170
37263
36169
37227
37262
36170
37230
37232
37237
37393
36171
37233
37236
37392
36172
37271
36173
37235
37236
37272
36174
37273
36175
37274
36176
36177
36187
36274
37274
36178
36186
36275
36279
36179
36276
36278
36180
36182
36186
36181
36185
36182
36184
36208
36183
36209
36276
36184
36186
36268
36272
36275
36185
36267
36273
36186
36188
36187
36188
36272
36189
36273
36190
36191
36201
36273
36192
36200
36193
36194
36199
36195
36196
36197
36199
36198
36199
36201
36202
36264
36266
36203
36205
36267
36204
36208
36205
36207
36257
36206
36260
36264
36207
36265
36267
36269
37465
36208
36210
37460
36209
36267
36210
36268
37279
36211
36269
37280
37459
36212
36285
36213
37459
36214
36285
37446
37448
37458
36215
36286
37443
37445
36216
36220
36222
36217
36219
36218
36222
36224
36219
36221
37428
37437
36220
37429
36221
37431
37445
36222
37432
37438
37444
36223
37443
36224
36228
37438
37442
36225
37437
36226
36228
36227
36229
36231
36230
36231
36233
36232
37442
36233
37449
37477
36234
36235
37461
37475
37477
36236
36258
37472
36237
36238
36255
37473
36239
36245
36240
36244
36241
36243
36242
36243
36249
36244
36248
36245
36247
36246
37473
36247
36252
37474
36248
36251
36249
36250
36251
36252
36253
36254
36262
37470
37474
36255
36259
36261
37473
36256
36258
36257
36261
36258
36260
37460
36259
37461
36260
37464
37470
37472
36261
36263
37465
36262
36263
36264
37468
37470
36265
36266
36270
37468
36267
36271
36273
36268
36269
36271
37278
36270
37283
37466
36271
37284
37467
36272
37277
36273
36274
36275
37275
37277
36276
36280
37278
36277
37279
36278
36280
36282
37266
36279
37265
36280
37270
37274
36281
37269
37275
36282
37276
37278
37282
37294
36283
37279
37281
37289
36284
36288
36294
36285
37279
36286
36288
37280
36287
36288
36290
37445
36289
37281
37446
36290
36292
36294
37288
37455
36291
37454
36292
37304
37380
36293
37291
37303
37383
36294
36298
37290
37384
36295
37289
36296
36298
37266
36297
36298
37258
36299
37259
37267
36300
37264
36301
37259
37261
37263
36302
37256
37258
36303
37253
37255
36304
37250
37252
36305
36327
36329
36306
36324
36326
36307
36311
36313
36308
36310
36309
36313
36315
36310
36312
36318
36340
36311
36341
36312
36326
36346
36313
36319
36325
36345
36314
36324
36315
36319
36321
36323
36316
36318
36317
36321
36318
36320
36414
36319
36339
36320
36334
36338
36321
36333
36415
37319
36322
37320
36323
36331
36333
37321
36324
36330
36334
36325
36329
36326
36328
36334
36350
36327
36349
36328
36354
37250
36329
36335
36353
37251
36330
37252
36331
36335
37355
36332
37326
37354
36333
36335
36421
37325
37357
36334
36420
37324
36335
36337
36336
37356
36337
36353
36421
36423
37363
36338
36350
36418
36420
36339
36345
36415
36417
36340
36412
36414
36341
36343
36345
36342
36346
36343
36347
36359
36344
36412
36428
36345
36347
36351
36417
36427
36346
36350
36347
36349
36348
36358
36349
36351
36355
36357
36350
36354
36351
36353
36352
36418
36442
36353
36355
36423
36443
37365
36354
37364
36355
37249
36356
37366
36357
36443
36445
37895
36358
36442
36446
36359
36427
36431
36360
36428
36430
36361
36375
36377
36362
36372
36374
36363
36371
36364
36374
36388
36365
36369
36371
36373
36387
36366
36367
36369
36368
37051
36369
36381
36403
37168
36370
36380
36386
36371
36379
36372
36373
36377
36379
36374
36376
36380
36392
36375
36389
36376
36394
36428
36377
36383
36393
36429
36378
36430
36379
36383
36449
36380
36381
36383
36385
36382
36404
37193
36383
36407
36457
37196
36384
36458
36385
36393
36397
36407
36409
36386
36392
36398
36404
36387
36399
36403
36388
36392
36389
36390
36392
36394
36391
36395
36536
36392
36396
36398
37524
36393
36394
36396
36410
36395
36411
36396
36436
36535
36397
36435
37525
36398
36406
36521
37542
36399
36405
37523
36400
36402
37516
36401
36572
36402
36571
37173
36403
36405
37172
37521
36404
37171
36405
36407
37652
36406
37522
37651
36407
36522
37543
37656
36408
37657
36409
36457
36518
36522
38191
36410
36458
36519
36521
36411
36429
36433
36435
36412
36426
36428
36436
36413
36417
36414
36416
36436
37336
36415
37335
36416
36420
37340
36417
36419
36437
37341
36418
36426
36419
36423
36425
36420
36422
36438
37342
36421
37343
36422
37348
37410
36423
36530
37349
37411
36424
37412
36425
36443
36528
36530
37903
36426
36438
36440
36442
36427
36433
36437
36428
36432
36442
36429
36430
36432
36458
36431
36449
36432
36446
36448
36433
36441
36459
36434
36440
36519
36435
36437
36439
36520
37551
36436
36521
37546
36437
36534
36438
36533
36439
36530
36532
36440
36525
36529
37560
36441
36526
36528
36442
36444
36446
36513
36443
36444
37894
36445
36512
36528
37893
36446
36511
37896
36447
36448
36462
36464
36511
36513
36449
36453
36459
36461
36450
36456
36458
36451
36453
36455
36452
36453
36465
36454
36464
36455
36461
36463
37720
36456
37721
36457
36461
37778
36458
36460
37779
36459
36460
36513
36519
36461
36514
36518
37782
36462
37783
36463
36510
36514
37794
36464
36468
37737
36465
36467
36466
36467
36477
36468
36470
36511
36469
36510
37736
36470
36478
36501
36509
37824
36471
36477
36480
37921
36472
36476
36481
37896
36473
37895
36474
36481
36483
37898
36475
36490
36476
36479
36481
36493
36477
36478
36479
36502
37825
36480
36492
36502
36481
36499
36501
37920
36482
37897
36483
36493
36497
36499
37912
36484
36490
36496
37911
36485
36487
36489
37372
36486
37247
36487
37227
37246
36488
36496
37228
37373
36489
36495
37225
36490
36493
36495
36492
36494
36498
36504
37861
36493
36499
36503
36494
36495
36497
37862
36496
37863
36497
37864
37916
36498
37865
37917
36499
36505
37872
37918
36500
37919
36501
36503
36505
36507
37849
36502
36508
37831
36503
37830
36504
37844
36505
37847
37860
36506
37848
37873
36507
37918
37947
38134
38282
36508
37919
37944
38277
36509
37920
37923
38264
36510
37889
37891
37921
36511
36515
37799
36512
37921
36513
36515
36527
37892
36514
36526
36515
36517
37795
36516
37798
37891
36517
36527
37568
37925
38212
36518
36524
36526
38209
36519
36523
38196
36520
36526
36521
36523
36525
37552
36522
37545
36523
37544
38190
36524
37557
38195
36525
37558
37568
38208
36526
37559
37567
36527
36528
37567
37926
36529
37902
36530
37565
37567
37905
36531
37904
36532
37349
37563
37565
38030
36533
37342
37560
37562
36534
37341
37549
37551
36535
37336
37546
37548
36536
36584
37511
37525
36537
36583
37512
37524
36538
36576
37515
36539
36573
36575
36540
36562
36564
36541
36559
36561
36542
36543
36545
36555
36559
36544
36550
36545
36549
36546
36554
36560
36547
36595
36548
36554
36596
36598
36549
36599
36550
36552
36554
36551
36555
36552
36556
36997
36553
36599
36996
36554
36556
36568
36598
37001
36555
36567
36556
36558
36557
37002
36558
36568
36570
37022
36559
36565
36567
36560
36564
36561
36563
36567
36595
36562
36563
36575
36593
36564
36566
36574
36594
36565
36573
36566
36570
36572
36567
36569
37518
37532
36568
36596
36569
36597
37021
36570
37519
37533
37585
36571
37586
36572
37519
37521
37632
36573
37516
37518
36574
37515
36575
37514
37518
37530
36576
36592
36577
36591
37512
37514
36578
36582
36579
36589
36591
36580
36581
36587
36589
36582
36586
36583
36585
36589
37512
36584
36585
37336
36586
36588
37337
37511
36587
37334
36588
37333
36589
37508
37510
36590
36591
37510
37512
37528
36592
37529
36593
37530
36594
36595
37530
37532
36596
36597
37532
36598
37020
37533
36599
37019
36600
36995
36601
36994
36602
36993
36603
36604
36874
36876
36993
36605
36868
36877
36606
36854
36858
36607
36857
36608
36852
36854
36856
36609
36613
36610
36852
36611
36613
36698
36851
36612
36628
36613
36615
36700
36614
36699
36856
36615
36857
36861
36616
36617
36700
36704
36861
36618
36620
36622
36619
36620
36707
36621
36704
36706
36622
36626
36701
36711
36623
36700
36624
36626
36628
36625
36626
36627
36628
36630
36697
36701
36713
36629
36698
36700
36630
36634
36631
36633
36683
36632
36682
36633
36681
36692
36634
36689
36691
36697
36635
36698
36636
36660
36662
36691
36850
36637
36659
36851
36638
36852
36639
36659
36827
36853
36640
36658
36828
36641
36645
36647
36649
36642
36644
36643
36647
36644
36646
36664
36645
36663
36646
36650
36658
36668
36647
36651
36669
36648
36649
36651
36653
36650
36654
36828
36651
36655
36657
36787
36652
36788
36653
36655
36793
36797
36654
36798
36655
36799
36829
36656
36792
36800
36657
36823
36829
36831
36835
36658
36786
36826
36828
36659
36661
36660
36826
36871
36661
36694
36825
36849
36662
36668
36693
36786
36663
36692
36664
36666
36668
36665
36669
36666
36670
36672
36667
36692
36758
36668
36670
36693
36759
36790
36669
36787
36670
36788
36671
36789
36672
36759
36761
36814
36673
36756
36758
36674
36678
36680
36675
36677
36676
36680
36682
36677
36679
36685
36750
36678
36749
36679
36754
36756
36680
36687
36753
36757
36681
36758
36682
36687
36689
36775
36683
36685
36684
36689
36713
36685
36688
36714
36768
36686
36687
36767
36688
36772
36774
36689
36771
36779
36886
36690
36885
36691
36775
36777
36779
36904
36692
36694
36696
36693
36775
36694
36776
36785
36695
36777
36846
36696
36847
36849
36864
36909
36697
36850
36863
36904
36698
36702
36885
36699
36850
36700
36702
36861
36862
36701
36702
36704
36712
36703
36863
36884
36704
36861
36881
36883
36705
36706
36712
36883
36889
36707
36709
36711
36708
36709
36723
36710
36730
36889
36711
36715
36729
36888
36712
36713
36884
36888
36714
36885
36715
36886
36888
36894
36716
36717
36727
36729
36894
36718
36726
36719
36723
36725
36729
36720
36722
36721
36725
36722
36724
36723
36724
36730
36725
36731
36726
36728
36727
36728
36895
36729
36731
36896
36730
36893
36731
36892
37108
36733
36734
36737
36735
36747
36736
36737
36746
36755
36739
37093
37110
36740
37092
36741
36745
36742
36743
36745
37120
36744
37121
36745
37091
37126
37092
37119
36747
36755
36763
36748
36752
36754
36749
36751
36750
36754
36751
36753
36767
36752
36766
36753
36763
36765
36754
36762
36772
36755
36756
36762
36757
36761
36758
36760
36762
36774
36759
36775
36760
36776
36815
36761
36782
36816
36817
36763
36773
36764
36765
36773
36781
36766
36770
36772
36767
36769
36768
36772
36769
36771
36894
36770
36895
36771
36781
36900
36772
36780
36899
36773
36774
36780
36775
36779
36782
36776
36777
36782
36784
36778
36909
36915
36779
36782
36910
36916
36780
36903
36781
36902
36901
36783
36784
36816
36916
36973
36785
36815
36821
36915
36786
36790
36822
36846
36787
36823
36825
36788
36790
36792
36789
36793
36790
36794
36814
36791
36815
36792
36794
36808
36820
36822
36793
36807
36823
36794
36796
36795
36813
36796
36808
36810
36812
36797
36805
36807
36798
36800
36804
36799
36803
36800
36802
36834
36801
36807
36835
36802
36804
36806
36836
36936
36803
36837
36933
36804
36934
36805
36935
36806
36810
36942
36807
36809
36929
36943
36808
36842
36809
36843
36921
36810
36926
36928
36944
36811
36945
36812
36924
36926
37121
36813
36921
36923
36814
36818
36820
36815
36817
36816
36820
36817
36819
36818
36819
36923
36820
36922
36973
36821
36921
36822
36918
36920
36973
36823
36843
36845
36824
36842
36825
36831
36841
36845
36963
36826
36846
36848
36827
36831
36870
36828
36830
36869
36829
36830
36834
36831
36833
36873
36832
36872
36833
36835
36839
36841
36986
36834
36838
36985
36835
36837
36836
36842
36837
36839
36929
36931
36838
36932
36839
36953
36988
36840
36954
36987
36841
36929
36957
36959
37006
36842
36844
37007
36843
36929
36844
36920
36928
36845
36919
36959
36961
36846
36918
36962
36847
36915
36848
36914
36962
36966
36849
36866
36870
36963
36850
36865
36871
36851
36862
36852
36856
36871
36853
36854
36869
36871
36855
36868
36856
36858
36865
36867
36871
36857
36862
36858
36860
36859
36877
36860
36865
36878
36880
36861
36862
36881
36863
36865
36864
36881
36905
36865
36880
36908
36966
36866
36867
36878
36964
36966
36868
36870
36875
36877
36869
36874
36870
36873
36871
36872
36873
36875
36963
36986
36874
36985
36875
36984
36876
36964
36983
36877
36992
37013
36878
36879
37013
36880
36966
37012
37101
36881
37102
36882
36883
36905
37102
37104
36884
36890
36885
36887
36905
36886
36904
36887
36899
36903
36888
36890
36898
36906
36889
36893
36890
36892
36891
37104
36892
36898
37105
37107
36893
37108
36894
36896
36898
36895
36899
36896
36900
36897
37108
36898
36900
36912
37107
36899
36911
36900
36902
36901
36902
36912
36903
36911
36904
36906
36910
36905
36909
36906
36908
36907
36911
37104
36908
36910
36968
37103
36909
36967
37102
36910
36914
36913
36912
37105
37106
36914
36916
36968
36972
36915
36967
36971
36916
36918
36917
36918
36972
36973
36975
36919
36971
36920
36975
36977
36979
36921
36927
36974
36922
36926
36923
36925
36974
36924
36925
37120
36926
37123
37139
36927
37122
36928
36977
37139
37140
36929
36959
37141
36930
36931
36943
36949
36957
37141
36932
36936
36950
36954
36933
36951
36953
36934
36936
36938
36935
36939
36936
36940
36942
36937
36943
36938
36940
36948
36950
37028
36939
36951
37025
36940
37026
36941
37027
36942
36946
36948
37034
36943
36945
36944
36948
36945
36947
37122
37141
36946
37121
36947
37037
37126
36948
37036
37125
37142
36949
37035
36950
36956
37042
37142
36951
36955
37043
36952
37024
36953
36955
37002
37023
36954
36997
36955
36957
36998
36956
37003
37044
36957
37004
37143
37145
36958
37005
36959
37141
37143
37153
37598
36960
36977
36961
36978
37006
37009
37598
36962
36979
36981
37007
36963
36965
36971
36964
37007
36965
36982
37013
36966
36970
36981
37012
36967
36968
36970
37101
36969
37222
36970
36972
37095
37221
36971
36980
37100
36972
36979
37094
36974
36975
37139
36976
37094
36977
37139
37154
37607
36978
37153
36979
37097
37605
37607
36980
37094
36981
37095
37097
37099
36982
37009
37011
36983
37007
37008
37014
36984
36986
36990
36992
36985
36989
36993
36986
36988
36987
37007
36988
36990
36998
37006
36989
36997
36990
36994
36996
36991
36999
37008
36992
36994
37015
37017
36993
37014
36994
36995
36996
37017
37019
36997
36999
37001
36998
37002
36999
37003
37005
37000
37017
37596
37001
37003
37018
37589
37595
37002
37019
37021
37003
37022
37004
37588
37005
37595
37599
37620
37006
37596
37598
37007
37008
37009
37015
37596
37010
37097
37597
37011
37015
37098
37602
37012
37014
37099
37013
37100
37014
37015
37016
37017
37594
37596
37602
37018
37019
37592
37594
37020
37021
37584
37592
37022
37585
37589
37023
37586
37588
37024
37044
37046
37025
37043
37047
37026
37028
37030
37027
37031
37028
37032
37034
37029
37035
37043
37030
37032
37040
37048
37164
37031
37047
37051
37032
37052
37033
37165
37034
37038
37040
37184
37035
37037
37036
37040
37042
37037
37039
37128
37149
37038
37127
37039
37132
37185
37040
37133
37148
37186
37041
37163
37042
37048
37146
37148
37162
37043
37145
37149
37044
37048
37045
37145
37588
37046
37048
37146
37174
37587
37047
37173
37586
37048
37050
37049
37050
37162
37164
37170
37174
37051
37171
37173
37052
37164
37168
37053
37165
37167
37054
37058
37060
37057
37061
37056
37062
37070
37072
37074
37057
37067
37069
37058
37062
37059
37069
37165
37060
37062
37070
37076
37166
37061
37077
37167
37062
37064
37063
37064
37074
37076
37080
37077
37079
37066
37072
37088
37111
37114
37067
37089
37110
37068
37072
37069
37071
37089
37185
37070
37184
37071
37075
37183
37072
37086
37088
37188
37073
37074
37084
37086
37114
37075
37083
37076
37082
37086
37190
37077
37081
37191
37078
37192
37079
37081
37197
37721
37080
37716
37081
37083
37715
37082
37198
37722
37083
37085
37199
37725
37084
37714
37085
37115
37713
37086
37116
37204
37726
37087
37189
37088
37114
37116
37118
37206
37089
37112
37207
37090
37109
37208
37091
37093
37132
37092
37127
37093
37130
37109
37131
37095
37607
37096
37220
37097
37223
37607
37608
37098
37604
37099
37223
37603
37100
37220
37101
37221
37102
37222
37103
37104
37222
37105
37106
37107
37108
37110
37112
37211
37111
37112
37113
37118
37212
37114
37118
37710
37115
37116
37710
37712
37117
37205
37751
37118
37710
37750
37765
37764
37120
37124
37126
37130
37121
37123
37122
37126
37123
37125
37140
37124
37138
37125
37129
37137
37126
37128
37151
37127
37128
37130
37132
37129
37133
37150
37130
37134
37136
37131
37132
37134
37211
37133
37208
37134
37159
37209
37135
37210
37136
37159
37219
37756
37137
37150
37156
37138
37151
37155
37139
37140
37154
37141
37151
37153
37142
37143
37149
37151
37144
37152
37599
37145
37147
37149
37157
37621
37146
37620
37147
37177
37623
37148
37158
37178
37622
37149
37159
37161
37150
37151
37157
37159
37152
37153
37155
37157
37611
37154
37605
37155
37606
37156
37612
37157
37219
37693
37158
37692
37159
37217
37219
37697
37160
37161
37209
37215
37217
37756
37162
37178
37180
37186
37163
37177
37181
37164
37182
37184
37186
37165
37169
37166
37184
37167
37169
37183
37191
37168
37192
37169
37171
37193
37170
37182
37194
37171
37175
37181
37653
37172
37652
37173
37175
37635
37651
37174
37632
37175
37177
37633
37176
37634
37654
37177
37179
37181
37647
37661
37178
37642
37179
37217
37643
37180
37216
37646
37662
37181
37187
37215
37663
37182
37660
37183
37187
37201
37184
37188
37190
37185
37186
37188
37208
37187
37209
37188
37202
37214
37189
37207
37190
37202
37204
37206
37191
37199
37201
37192
37194
37198
37193
37197
37194
37196
37652
37195
37201
37653
37196
37198
37200
37658
37780
37197
37657
37779
37198
37778
37199
37777
37200
37204
37776
37201
37203
37659
37787
37202
37660
37203
37663
37762
37204
37664
37767
37788
37205
37775
37206
37765
37767
37774
37207
37762
37764
37208
37212
37214
37209
37211
37210
37214
37211
37213
37756
37212
37213
37764
37214
37757
37763
37215
37762
37216
37757
37761
37217
37703
37758
37760
37218
37698
37219
37701
37756
37758
37696
37221
37223
37222
37613
37225
37229
37231
37240
37868
37226
37228
37863
37227
37231
37228
37230
37245
37229
37864
37957
37230
37241
37867
37958
37231
37242
37244
37232
37239
37233
37238
37234
37235
37236
37238
37237
37395
37238
37242
37394
37239
37240
37242
37241
37879
37242
38081
38129
37243
37244
37394
38081
38083
37245
37393
37958
37960
37246
37262
37955
37957
37247
37261
37373
37375
37248
37256
37370
37372
37249
37255
37367
37369
37250
37364
37366
37251
37255
37252
37254
37356
37364
37253
37355
37254
37258
37360
37255
37257
37361
37369
37256
37257
37261
37258
37260
37370
37378
37259
37379
37260
37384
37388
37261
37375
37385
37389
37262
37263
37389
37393
37264
37388
37392
37265
37267
37271
37266
37270
37267
37269
37289
37268
37290
37388
37269
37271
37293
37297
37391
37270
37294
37296
37271
37273
37272
37392
37273
37297
37395
37274
37296
37275
37276
37296
37277
37285
37295
37278
37284
37279
37283
37280
37281
37283
37458
37282
37288
37457
37283
37285
37287
37484
37284
37483
37285
37995
37286
37996
37287
37295
37299
38002
37288
37292
37294
37485
37289
37291
37456
37290
37294
37291
37293
37387
37292
37302
37402
37293
37299
37301
37401
37294
37298
37400
37295
37296
37298
37297
37298
37396
37299
38088
37300
38087
37301
38002
38003
38089
37302
37485
37983
38090
37303
37456
37488
37978
37304
37455
37489
37975
37305
37454
37490
37970
37306
37424
37431
37433
37307
37353
37427
37429
37308
37310
37326
37430
37309
37321
37310
37312
37322
37311
37327
37427
37312
37435
37497
37313
37314
37322
37330
37497
37315
37331
37316
37318
37320
37322
37317
37318
37332
37334
37319
37323
37331
37339
37320
37324
37340
37321
37322
37324
37326
37323
37327
37324
37328
37330
37344
37325
37343
37326
37328
37348
37352
37327
37353
37328
37426
37497
37329
37347
37499
37330
37497
37498
37504
37331
37505
37332
37506
37333
37334
37506
37508
37335
37337
37339
37336
37340
37337
37341
37338
37508
37548
37339
37341
37345
37507
37549
37340
37344
37506
37341
37343
37342
37343
37345
37349
37344
37348
37345
37347
37505
37346
37562
38020
37347
37349
37563
38015
38019
37348
37504
38014
37349
37351
37350
37351
37411
37421
38015
38030
37352
37410
37422
38014
37353
37357
37423
37499
37354
37424
37426
37355
37357
37359
37356
37360
37357
37361
37363
37358
37410
37359
37361
37381
37409
37423
37360
37380
37424
37361
37379
37362
37378
37363
37369
37377
37409
37413
37364
37410
37412
37365
37369
37366
37368
37412
37894
37367
37895
37368
37372
37898
37369
37371
37413
37899
37370
37371
37375
37377
37372
37374
37416
37910
37373
37911
37374
37916
37957
37375
37417
37915
37956
37376
37955
37377
37385
37407
37417
37954
37378
37408
37416
37379
37381
37385
37380
37384
37381
37383
37970
37382
37408
37969
37383
37385
37403
37407
37976
37384
37402
37975
37385
37387
37386
37387
37389
37399
37403
37954
37388
37400
37402
37389
37391
37390
37955
37391
37393
37397
37399
37960
37392
37396
37400
37393
37395
37394
37395
37397
37396
37397
38088
37398
38083
37399
38084
38086
38088
37400
37404
37961
37401
38088
37402
37404
38087
38090
37403
37978
37404
37406
37977
37405
38086
38091
37406
37961
37963
38085
38092
37407
37954
37964
37966
37408
37418
37967
37409
37415
37968
37410
37414
37422
37411
37412
37414
37904
37413
37903
37414
37416
37908
37415
37421
37907
37416
37418
37420
37935
37417
37909
37418
37937
37953
37419
37936
37964
37420
37965
37967
38053
38065
37421
37968
38052
38060
37422
38016
38035
37423
37968
38013
37424
37500
37969
37425
37970
37426
37433
37495
37500
37971
37427
37496
37499
37428
37433
37435
37429
37432
37436
37430
37431
37432
37454
37433
37439
37453
37434
37490
37435
37439
37491
37495
37436
37496
37437
37439
37438
37439
37441
37440
37441
37451
37453
37491
37442
37444
37450
37443
37449
37444
37448
37445
37447
37453
37446
37454
37447
37455
37457
37448
37450
37452
37480
37449
37479
37450
37478
37451
37987
37452
37492
37986
37453
37455
37487
37489
37454
37490
37455
37456
37457
37485
37487
37458
37480
37484
37459
37479
37483
37460
37462
37466
37461
37465
37462
37464
37463
37477
37479
37464
37466
37476
37482
37993
37465
37469
37475
37466
37468
37467
37483
37468
37993
37995
37469
37470
37992
37993
37471
37472
37474
37992
37473
37475
37474
37476
37992
37477
37989
37991
37478
37479
37987
37989
37480
37482
37481
37487
37987
37482
37484
37486
37988
37997
37483
37989
37994
37484
37995
37485
37996
37486
38002
37487
37983
38000
38001
37488
37986
37489
37979
37983
37985
37490
37492
37974
37491
37971
37492
37494
37493
37985
37494
37974
38007
38009
37495
37971
38010
37496
37501
37497
37498
37499
37501
37503
37500
38014
37501
37972
38013
37502
38010
37503
38011
38013
38017
37504
38014
38018
37505
38019
37506
38020
37507
37508
38020
38022
37509
37510
37548
38022
38024
37511
37527
37512
37526
37548
37513
37514
37524
37526
37528
37538
37515
37517
37529
37516
37524
37517
37521
37523
37518
37520
37536
37538
37519
37531
37520
37534
37631
37521
37535
37539
37636
37522
37635
37523
37539
37543
37650
37524
37538
37542
37525
37526
37542
37546
37527
37541
37547
37528
37578
38024
37529
37537
37530
37536
37531
37532
37534
37536
37533
37534
37584
37535
37583
37536
37580
37582
37537
37538
37578
37580
37539
37541
37540
37580
37671
37541
37543
37555
37579
37670
37542
37554
37578
37543
37545
37544
37669
37545
37555
37557
38189
37546
37552
37554
37547
37551
37548
37550
37554
38024
37549
37550
37562
38022
37551
37553
37561
38023
37552
37560
37553
37557
37559
37554
37556
37572
37576
37555
37577
37556
38185
38188
37557
37571
38184
38330
37558
38329
37559
37569
37571
38348
37560
37566
37572
37561
37565
37562
37564
37572
38025
37563
38021
37564
38027
38029
37565
37573
38026
38032
37566
38031
37567
37569
37573
38038
37568
37927
37569
37928
38213
37570
38041
38351
37571
37573
38040
38182
38352
37572
38183
38347
37573
37575
37574
38039
37575
38026
38046
38182
37576
38025
38183
37577
38023
38184
37578
38024
38185
37579
37580
38185
38187
37581
37582
37671
37675
38187
37583
37636
37638
37584
37629
37631
37585
37591
37586
37590
37631
37587
37632
37588
37590
37623
37633
37589
37620
37590
37592
37619
37591
37624
37630
37592
37627
37629
37593
37594
37617
37619
37627
37595
37601
37596
37600
37619
37597
37598
37600
37602
37604
37599
37605
37600
37611
37621
37601
37610
37618
37602
37615
37617
37603
37604
37613
37615
37605
37608
37610
37606
37611
37607
37608
37612
37609
37613
37610
37612
37614
37694
37611
37615
37691
37612
37692
37693
37614
37615
37709
37616
37617
37689
37691
37709
37618
37626
37619
37621
37625
37691
37620
37624
37621
37623
37622
37692
37623
37625
37643
37697
37624
37642
37625
37627
37641
37626
37644
37690
37627
37687
37689
37628
37629
37639
37641
37687
37630
37638
37631
37633
37637
37641
37632
37636
37633
37635
37634
37642
37635
37637
37647
37649
37636
37650
37637
37671
37638
37640
37672
37639
37675
37640
37676
37686
37641
37645
37647
37677
37642
37644
37643
37647
37644
37646
37698
37645
37687
37699
37646
37678
37686
37704
37647
37679
37703
37648
37649
37661
37667
37677
37679
37650
37654
37668
37672
37651
37669
37671
37652
37654
37656
37653
37657
37654
37658
37660
37655
37661
37656
37658
37666
37668
38193
37657
37669
38190
37658
38191
37659
38192
37660
37664
37666
38199
37661
37663
37662
37666
37663
37665
37679
37760
37664
37761
37665
37768
38202
37666
37680
37769
38201
37667
38200
37668
37680
37682
38340
37669
37673
38327
37670
38189
37671
37673
38187
38188
37672
37673
37675
37677
37674
37682
38326
37675
37683
38187
38333
37676
37677
37683
37685
37678
37682
37679
37681
37685
38242
37680
38241
37681
38240
38341
37682
37684
38247
38324
37683
38325
37684
38334
37685
38248
38335
37686
38249
37687
38250
37688
37689
37699
37707
38250
37690
37708
37691
37695
37697
37699
37692
37694
37693
37697
37694
37696
37695
37709
37696
37700
37708
37697
37701
37698
37699
37701
37703
37700
37704
37701
37705
37707
37702
37703
37705
37758
38244
37704
38241
37705
38242
38250
37706
38243
37707
38250
38251
37708
37709
37711
37712
37748
37750
37713
37747
37751
37714
37726
37728
37715
37717
37725
37716
37718
37722
37719
37721
37718
37724
37728
37730
37719
37723
37731
37720
37732
37721
37723
37737
37783
37722
37778
37723
37725
37777
37724
37738
37784
37725
37727
37741
37785
37726
37776
37727
37751
37775
37728
37742
37752
37790
37729
37747
37730
37742
37744
37746
37731
37733
37741
37732
37734
37738
37735
37737
37734
37740
37744
37827
37735
37739
37828
37736
37825
37737
37739
37799
37824
37738
37794
37739
37741
37793
37740
37800
37823
37741
37743
37801
37822
37742
37792
37743
37753
37791
37744
37806
37819
37821
37745
37836
37746
37819
37837
37747
37753
37755
37748
37752
37749
37755
37750
37752
37754
37814
37751
37773
37752
37774
37753
37809
37754
37808
37819
37755
37815
37757
37758
37772
37759
37760
37770
37772
38244
37761
37769
38241
37762
37768
37772
37763
37767
37764
37766
37772
37765
37766
37773
37767
37771
37812
37768
37811
37769
37771
38225
37770
38226
38240
37771
38227
38245
37772
38228
37774
37812
37814
37775
37809
37811
37776
37788
37790
37777
37785
37787
37778
37780
37784
37779
37783
37780
37782
38191
37781
37787
38192
37782
37784
37786
37796
38197
37783
37795
38196
37784
37794
37785
37793
37786
37790
37792
37787
37789
37803
38198
37788
38199
37789
37811
38202
37790
37804
37810
38203
37791
37809
37792
37804
37806
37808
37793
37801
37803
37794
37796
37800
37795
37799
37796
37798
38209
37797
37803
38210
37798
37800
37802
38211
38267
37799
37890
38212
37800
37889
37801
37888
37802
37806
37887
37803
37805
38216
38268
37804
38217
37805
37817
38218
37806
37818
38221
38269
37807
37886
37808
37818
37819
37885
37809
37815
37817
37810
37814
37811
37813
37817
38224
37812
38225
37813
38228
37814
37816
38229
37815
37816
37817
38234
37818
38223
38222
38565
37820
37821
37837
37838
37885
37822
37834
37836
37886
37823
37827
37833
37887
37824
37828
37832
37888
37825
37831
37889
37828
37830
37827
37829
37833
37835
37842
37828
37836
37829
37830
37832
37843
37831
37844
37832
37849
38264
37833
37850
38265
37834
37853
38272
37835
37838
37854
38273
37836
37839
37841
37837
37839
37839
37880
37884
37840
37841
37857
37880
37842
37854
37856
37843
37845
37853
37844
37846
37850
37847
37849
37846
37852
37856
38307
37847
37851
38296
37848
37859
37849
37851
38282
38294
37850
38277
37851
37853
38276
37852
38283
38295
37853
37855
38284
38306
37854
38275
37855
37880
38274
37856
37881
38289
38309
37857
38308
37881
38319
37859
37875
38297
38299
38301
37860
38294
38296
37861
37873
37875
37862
37870
37872
37863
37865
37869
37864
37868
37865
37867
38074
37866
37872
38075
37867
37869
37871
38078
38128
37868
38079
38129
37869
37879
37870
37878
37871
37875
37877
37872
37874
38130
38140
37873
38135
37874
38134
38294
37875
38131
38133
38299
37876
37877
38131
38301
37878
38130
37879
38128
38129
37881
37883
37882
38318
37883
38289
38567
38574
37884
38274
38566
37885
38273
38564
37886
38565
37887
38269
38273
37888
38268
38272
37889
38265
38267
37890
38264
37891
38257
38263
38267
37892
37923
37925
37893
37921
37922
37926
37894
37896
37900
37902
37895
37899
37903
37896
37898
37897
37921
37898
37900
37912
37920
37899
37911
37900
37908
37910
37901
37913
37922
37902
37906
37908
37931
37933
37903
37905
37926
37904
37908
37905
37907
38030
37906
37927
38031
37907
37930
37934
38036
37908
37935
38035
37909
37910
37933
37935
37937
37911
37913
37915
37912
37916
37913
37917
37919
37914
37933
37945
37915
37917
37938
37946
38076
37916
37937
38073
37917
38074
37918
38075
37919
37946
38135
37920
37945
37921
37922
37923
37931
37945
37924
37944
38263
37925
37929
37931
37943
38262
37926
37928
38257
37927
37931
37928
37930
38038
37929
38041
38258
37930
37942
38042
38261
37931
37941
38037
37932
37933
37941
37943
37945
37949
37934
37938
37935
37939
37941
38061
37936
38060
37937
37939
38065
38067
37938
37952
37939
37949
37951
37940
38064
38068
37941
37949
38148
38156
38158
37942
38151
37943
38148
38150
38408
37944
37948
38407
37945
37947
38278
37946
37947
37949
38136
37948
38137
38281
37949
38146
38148
38412
37950
37951
38136
38146
38158
38160
37952
38068
38076
38161
37953
38067
38071
38073
37954
37956
37962
37964
37955
37961
37956
37960
37957
37959
38073
37958
38074
37959
38079
38081
37960
37962
38072
38082
37961
38083
37962
38084
37963
38071
38123
37964
38070
38097
38122
37965
38067
37966
38066
38095
38097
37967
37977
38092
38094
37968
37976
38054
37969
38012
37970
37972
37976
37971
37975
37972
37974
37973
38010
38012
37974
37976
37980
38009
38054
37975
37979
37976
37978
37977
37978
37980
38091
37979
38090
37980
37982
38007
37981
38008
38094
37982
38091
38093
38101
38104
37983
38006
38090
38102
37984
38003
37985
38000
38004
38006
37986
38007
37987
38000
37988
37989
37998
38000
37990
37991
37994
37998
37992
37993
37994
37995
37997
37996
37997
38002
37998
38001
37999
38000
38001
38004
38002
38003
38004
38102
38005
38006
38102
38103
38007
38104
38008
38009
38104
38106
38010
38055
38011
38012
38051
38055
38013
38052
38054
38014
38016
38015
38016
38018
38029
38017
38034
38052
38018
38049
38051
38019
38028
38020
38027
38021
38022
38025
38027
38023
38024
38025
38026
38027
38047
38028
38029
38047
38049
38030
38032
38034
38031
38035
38032
38036
38038
38033
38039
38047
38034
38036
38044
38048
38062
38035
38049
38059
38036
38060
38037
38061
38038
38042
38044
38151
38039
38041
38040
38044
38046
38041
38043
38181
38360
38042
38361
38043
38150
38366
38044
38153
38180
38365
38045
38152
38046
38048
38178
38180
38047
38181
38048
38049
38177
38050
38051
38057
38059
38177
38052
38056
38053
38059
38054
38056
38058
38095
38055
38094
38056
38106
38057
38107
38058
38176
38511
38059
38063
38065
38115
38060
38062
38061
38065
38062
38064
38151
38063
38152
38177
38064
38116
38155
38176
38065
38117
38156
38066
38067
38115
38117
38119
38068
38070
38069
38117
38158
38070
38118
38159
38161
38163
38071
38119
38121
38072
38124
38161
38073
38077
38079
38125
38074
38076
38075
38079
38076
38078
38135
38077
38136
38078
38126
38139
38161
38079
38127
38140
38080
38081
38125
38127
38129
38082
38083
38123
38125
38084
38085
38123
38086
38099
38122
38087
38100
38088
38089
38090
38100
38102
38091
38092
38100
38093
38097
38099
38094
38096
38105
38111
38095
38106
38096
38107
38115
38097
38108
38112
38114
38098
38119
38099
38112
38120
38122
38100
38111
38101
38102
38103
38111
38104
38110
38105
38106
38108
38110
38107
38108
38511
38109
38510
38110
38112
38509
38111
38112
38113
38114
38120
38509
38512
38115
38119
38173
38510
38116
38511
38117
38171
38173
38175
38118
38157
38119
38173
38513
38515
38120
38121
38513
38122
38124
38163
38123
38124
38125
38162
38126
38127
38142
38162
38128
38141
38129
38130
38131
38141
38132
38300
38133
38141
38143
38453
38134
38138
38140
38442
38135
38137
38293
38136
38140
38137
38139
38138
38146
38438
38139
38143
38145
38441
38140
38142
38160
38141
38142
38143
38165
38144
38454
38145
38165
38166
38463
38146
38160
38167
38462
38147
38437
38148
38158
38167
38169
38436
38149
38411
38150
38154
38156
38169
38432
38151
38153
38427
38152
38156
38153
38155
38178
38154
38179
38428
38155
38170
38431
38501
38156
38171
38502
38157
38158
38169
38171
38515
38159
38160
38164
38167
38515
38161
38165
38162
38163
38165
38164
38513
38165
38166
38514
38167
38464
38526
38168
38461
38169
38515
38518
38524
38526
38170
38435
38171
38504
38518
38520
38172
38503
38173
38506
38515
38516
38518
38174
38512
38175
38506
38508
38510
38176
38503
38511
38177
38502
38178
38179
38502
38180
38497
38501
38181
38496
38182
38359
38183
38358
38184
38356
38185
38357
38186
38187
38188
38333
38357
38189
38326
38330
38190
38327
38329
38191
38193
38195
38192
38196
38193
38197
38199
38194
38200
38327
38195
38197
38205
38207
38328
38196
38208
38329
38197
38209
38198
38210
38199
38203
38205
38217
38200
38202
38201
38205
38340
38202
38204
38226
38341
38203
38225
38204
38218
38224
38205
38219
38231
38342
38206
38339
38207
38215
38217
38219
38371
38208
38210
38214
38349
38209
38213
38348
38210
38212
38211
38217
38212
38214
38216
38256
38213
38257
38214
38258
38351
38215
38259
38350
38216
38220
38370
38402
38217
38221
38255
38218
38219
38221
38223
38220
38232
38372
38221
38235
38373
38401
38222
38254
38223
38235
38253
38224
38232
38234
38225
38229
38231
38226
38228
38227
38231
38239
38228
38230
38392
38229
38230
38234
38231
38233
38391
38232
38238
38233
38235
38237
38234
38390
38236
38561
38237
38373
38393
38581
38238
38372
38388
38390
38239
38342
38387
38391
38240
38323
38341
38392
38241
38245
38247
38242
38244
38243
38247
38249
38244
38246
38251
38245
38246
38392
38247
38252
38322
38248
38323
38249
38252
38383
38250
38251
38252
38384
38254
38561
38563
38565
38255
38269
38401
38419
38256
38268
38402
38404
38257
38259
38267
38405
38258
38262
38259
38261
38361
38260
38362
38402
38261
38367
38403
38405
38409
38262
38366
38408
38263
38405
38407
38264
38266
38278
38265
38277
38266
38272
38276
38267
38271
38279
38405
38268
38269
38271
38270
38565
38271
38273
38287
38419
38564
38272
38286
38404
38273
38275
38274
38275
38287
38289
38276
38284
38286
38277
38279
38283
38278
38282
38279
38281
38407
38280
38286
38406
38281
38283
38285
38413
38439
38282
38412
38438
38283
38293
38284
38292
38285
38289
38291
38286
38288
38414
38446
38287
38415
38288
38420
38566
38289
38421
38447
38567
38290
38291
38309
38447
38449
38574
38292
38306
38444
38446
38293
38295
38439
38443
38294
38438
38442
38295
38299
38296
38298
38306
38297
38307
38298
38302
38312
38299
38303
38305
38443
38300
38442
38301
38303
38453
38302
38303
38313
38304
38452
38305
38313
38315
38451
38306
38310
38312
38444
38307
38309
38308
38312
38309
38311
38319
38310
38318
38311
38315
38317
38449
38312
38314
38320
38313
38314
38315
38321
38316
38450
38317
38321
38591
38318
38320
38576
38319
38574
38320
38321
38323
38384
38386
38392
38324
38383
38387
38325
38335
38341
38343
38326
38334
38338
38340
38327
38331
38333
38328
38340
38329
38331
38339
38349
38330
38348
38331
38347
38357
38332
38338
38346
38333
38337
38355
38357
38334
38335
38337
38336
38383
38337
38343
38378
38382
38338
38377
38339
38343
38345
38340
38342
38371
38341
38342
38343
38372
38344
38387
38345
38372
38374
38378
38388
38346
38371
38375
38377
38347
38349
38353
38355
38348
38352
38356
38349
38351
38350
38371
38351
38353
38362
38370
38352
38361
38353
38358
38360
38354
38363
38375
38355
38358
38376
38494
38356
38377
38357
38358
38359
38360
38494
38496
38361
38363
38365
38362
38366
38363
38367
38369
38364
38396
38494
38365
38367
38397
38429
38495
38366
38428
38496
38367
38427
38368
38426
38369
38397
38399
38403
38425
38370
38396
38400
38402
38371
38373
38375
38372
38373
38374
38400
38375
38379
38393
38395
38376
38396
38377
38379
38493
38378
38379
38381
38380
38492
38381
38393
38559
38382
38388
38560
38383
38385
38387
38384
38385
38386
38560
38387
38389
38391
38388
38389
38393
38390
38560
38391
38392
38394
38395
38559
38581
38582
38396
38398
38400
38492
38397
38493
38398
38486
38541
38399
38485
38491
38582
38400
38418
38484
38580
38401
38581
38402
38418
38561
38403
38404
38416
38418
38405
38415
38419
38406
38407
38409
38413
38415
38408
38412
38409
38411
38427
38410
38416
38426
38411
38413
38423
38433
38459
38412
38432
38436
38413
38437
38414
38458
38415
38421
38423
38469
38416
38420
38417
38423
38425
38418
38420
38422
38484
38568
38419
38562
38420
38563
38421
38569
38422
38470
38570
38423
38471
38483
38571
38424
38468
38425
38433
38483
38487
38532
38426
38484
38486
38427
38429
38433
38428
38432
38429
38431
38497
38430
38486
38498
38431
38433
38487
38499
38521
38432
38500
38520
38433
38435
38434
38435
38459
38521
38523
38532
38436
38520
38524
38437
38459
38461
38438
38458
38462
38439
38441
38440
38446
38458
38441
38443
38445
38455
38457
38442
38454
38462
38443
38453
38444
38452
38445
38449
38451
38446
38448
38474
38476
38447
38469
38448
38470
38573
38449
38473
38477
38575
38450
38576
38451
38477
38591
38452
38476
38453
38455
38454
38455
38463
38456
38476
38457
38463
38465
38475
38458
38460
38462
38474
38459
38469
38460
38468
38461
38465
38467
38523
38462
38464
38524
38463
38464
38465
38525
38466
38529
38467
38475
38479
38530
38468
38472
38474
38531
38469
38471
38532
38470
38474
38471
38473
38572
38472
38482
38579
38473
38479
38481
38578
38474
38478
38577
38475
38476
38478
38477
38478
38592
38479
38593
38480
38594
38481
38530
38551
38595
38482
38531
38535
38590
38483
38532
38534
38587
38484
38488
38585
38485
38584
38486
38488
38490
38583
38487
38540
38488
38533
38539
38489
38534
38586
38490
38539
38554
38556
38491
38540
38557
38492
38541
38558
38493
38559
38494
38541
38495
38496
38498
38541
38497
38498
38500
38499
38540
38500
38539
38542
38501
38543
38502
38504
38503
38504
38506
38505
38543
38506
38518
38544
38548
38507
38508
38516
38548
38509
38512
38510
38511
38513
38516
38514
38515
38516
38526
38517
38518
38526
38527
38548
38519
38520
38522
38524
38527
38544
38521
38543
38522
38533
38542
38523
38528
38536
38545
38524
38529
38531
38525
38526
38527
38529
38528
38547
38529
38546
38550
38530
38531
38550
38532
38536
38533
38534
38536
38538
38535
38554
38588
38536
38551
38553
38589
38537
38550
38538
38545
38549
38553
38539
38542
38554
38540
38541
38543
38545
38544
38545
38547
38546
38547
38549
38548
38550
38552
38551
38552
38596
38553
38598
38554
38597
38555
38556
38588
38597
38557
38586
38558
38583
38559
38582
38562
38581
38563
38568
38580
38564
38569
38565
38566
38567
38569
38570
38573
38569
38571
38584
38570
38571
38572
38579
38585
38573
38577
38579
38574
38575
38576
38576
38577
38592
38591
38578
38593
38579
38590
38594
38587
38581
38582
38584
38583
38584
38586
38585
38586
38587
38588
38588
38590
38589
38590
38596
38597
38595
38592
38593
38594
38595
38596
38598
38598
)


// ************************************************************************* //
